num_bins,short_window_size,discount,base_rate,eta,tau_ok,simulation_seed,cache_file,warmup_steps,nominal_sample_count,fault_sample_count,nominal_consistent_rate,nominal_undecided_rate,nominal_false_inconsistent_rate,fault_false_consistent_rate,fault_undecided_rate,fault_inconsistent_rate,decision_coverage,selective_accuracy,selective_risk,balanced_three_state_accuracy,q_inconsistent_roc_auc,q_inconsistent_average_precision,mean_q_inconsistent_nominal,mean_q_inconsistent_fault,q_inconsistent_mean_separation,region_transition_count,region_transitions_per_1000_steps,mean_region_dwell_steps,initial_consistent_delay_steps,mean_position_error_nominal,mean_position_error_fault,event_detection_rate,mean_detection_delay_steps,median_detection_delay_steps,worst_detection_delay_steps,mean_detection_delay_seconds,mean_recovery_delay_steps,mean_recovery_delay_seconds,undetected_event_count
5,25,0.95,0.5,0.95,0.5,0,kf_sa_seed_0000.npz,25,676,700,0.5606508875739645,0.3994082840236686,0.03994082840236687,0.23142857142857143,0.6685714285714286,0.1,0.4636627906976744,0.7037617554858934,0.29623824451410663,0.33032544378698225,0.7444907016060862,0.718695876140221,0.12782396172867871,0.3783300357112476,0.2505060739825689,51,37.06395348837209,26.46153846153846,35.0,0.5619834163310975,1.0476660479574822,0.16666666666666666,30.0,30.0,30.0,3.0,33.5,3.35,5
5,25,0.98,0.5,0.95,0.5,0,kf_sa_seed_0000.npz,25,676,700,0.6642011834319527,0.29289940828402367,0.042899408284023666,0.32,0.5771428571428572,0.10285714285714286,0.5625,0.6731266149870802,0.32687338501291985,0.38352916314454777,0.7259763313609467,0.7025504136500513,0.11460536817459971,0.3434505607189693,0.22884519254436958,35,25.436046511627907,38.22222222222222,35.0,0.5619834163310975,1.0476660479574822,0.16666666666666666,28.0,28.0,28.0,2.8000000000000003,33.166666666666664,3.3166666666666664,5
5,25,0.99,0.5,0.95,0.5,0,kf_sa_seed_0000.npz,25,676,700,0.6760355029585798,0.28254437869822485,0.04142011834319527,0.38,0.5185714285714286,0.10142857142857142,0.5973837209302325,0.6423357664233577,0.35766423357664234,0.38873203719357563,0.703489010989011,0.6821521111055758,0.11047276774933118,0.31185779579092754,0.20138502804159636,31,22.52906976744186,43.0,35.0,0.5619834163310975,1.0476660479574822,0.16666666666666666,29.0,29.0,29.0,2.9000000000000004,31.833333333333332,3.1833333333333336,5
5,25,0.995,0.5,0.95,0.5,0,kf_sa_seed_0000.npz,25,676,700,0.7011834319526628,0.2559171597633136,0.042899408284023666,0.42,0.47714285714285715,0.10285714285714286,0.6315406976744186,0.6283084004602992,0.37169159953970077,0.4020202874049028,0.6954733727810651,0.6742092977982265,0.10411037119623759,0.29056379960098355,0.18645342840474596,31,22.52906976744186,43.0,35.0,0.5619834163310975,1.0476660479574822,0.16666666666666666,28.0,28.0,28.0,2.8000000000000003,30.5,3.0500000000000003,5
5,35,0.95,0.5,0.95,0.5,0,kf_sa_seed_0000.npz,35,666,700,0.7057057057057057,0.24624624624624625,0.04804804804804805,0.3628571428571429,0.5457142857142857,0.09142857142857143,0.6002928257686676,0.651219512195122,0.348780487804878,0.39856713856713855,0.7132260832260833,0.6873005716282917,0.11869065348297654,0.3266721478151016,0.2079814943321251,36,26.35431918008785,36.91891891891892,35.0,0.5599826822119577,1.0476660479574822,0.16666666666666666,36.0,36.0,36.0,3.6,27.833333333333332,2.783333333333333,5
5,35,0.98,0.5,0.95,0.5,0,kf_sa_seed_0000.npz,35,666,700,0.7357357357357357,0.2147147147147147,0.04954954954954955,0.4142857142857143,0.4928571428571429,0.09285714285714286,0.6427525622254758,0.6321184510250569,0.3678815489749431,0.4142964392964393,0.6917374517374517,0.6694315908177898,0.11523517205659044,0.29338286984571343,0.17814769778912298,20,14.641288433382138,65.04761904761905,35.0,0.5599826822119577,1.0476660479574822,0.16666666666666666,35.0,35.0,35.0,3.5,28.0,2.8000000000000003,5
5,35,0.99,0.5,0.95,0.5,0,kf_sa_seed_0000.npz,35,666,700,0.7402402402402403,0.2087087087087087,0.05105105105105105,0.44857142857142857,0.4585714285714286,0.09285714285714286,0.6632503660322109,0.6158940397350994,0.3841059602649006,0.41654869154869156,0.6735392535392536,0.654081967903064,0.1141426477581474,0.27451561129102686,0.16037296353287944,20,14.641288433382138,65.04761904761905,35.0,0.5599826822119577,1.0476660479574822,0.16666666666666666,35.0,35.0,35.0,3.5,27.5,2.75,5
5,35,0.995,0.5,0.95,0.5,0,kf_sa_seed_0000.npz,35,666,700,0.7357357357357357,0.21621621621621623,0.04804804804804805,0.49714285714285716,0.41,0.09285714285714286,0.6844802342606149,0.5935828877005348,0.4064171122994652,0.4142964392964393,0.6363878163878164,0.6305723939724571,0.11048057950898635,0.25037325639336344,0.1398926768843771,28,20.497803806734993,47.10344827586207,35.0,0.5599826822119577,1.0476660479574822,0.16666666666666666,35.0,35.0,35.0,3.5,27.833333333333332,2.783333333333333,5
5,50,0.95,0.5,0.95,0.5,0,kf_sa_seed_0000.npz,50,651,700,0.7265745007680492,0.21351766513056836,0.059907834101382486,0.47714285714285715,0.4442857142857143,0.07857142857142857,0.6669133974833457,0.586015538290788,0.413984461709212,0.4025729646697389,0.6554136493307,0.6346134058683077,0.13068366475950277,0.2569921372095546,0.12630847245005183,24,17.764618800888233,54.04,50.0,0.5585900987878052,1.0476660479574822,0.16666666666666666,45.0,45.0,45.0,4.5,29.5,2.95,5
5,50,0.98,0.5,0.95,0.5,0,kf_sa_seed_0000.npz,50,651,700,0.7188940092165899,0.21658986175115208,0.06451612903225806,0.5257142857142857,0.3942857142857143,0.08,0.691339748334567,0.5610278372591007,0.43897216274089934,0.3994470046082949,0.6330195303928022,0.6124892140078665,0.13117898202404918,0.22617720884933054,0.09499822682528136,18,13.323464100666174,71.10526315789474,50.0,0.5585900987878052,1.0476660479574822,0.16666666666666666,44.0,44.0,44.0,4.4,30.333333333333332,3.033333333333333,5
5,50,0.99,0.5,0.95,0.5,0,kf_sa_seed_0000.npz,50,651,700,0.7219662058371735,0.21505376344086022,0.0629800307219662,0.5771428571428572,0.34285714285714286,0.08,0.7187268689859363,0.5417095777548918,0.4582904222451082,0.40098310291858674,0.6130787798990563,0.5959782000360337,0.13023364719617195,0.20739208468832263,0.07715843749215068,26,19.24500370096225,50.03703703703704,50.0,0.5585900987878052,1.0476660479574822,0.16666666666666666,44.0,44.0,44.0,4.4,29.833333333333332,2.9833333333333334,5
5,50,0.995,0.5,0.95,0.5,0,kf_sa_seed_0000.npz,50,651,700,0.7142857142857143,0.22734254992319508,0.05837173579109063,0.6171428571428571,0.30142857142857143,0.08142857142857143,0.7342709104367136,0.5262096774193549,0.47379032258064513,0.39785714285714285,0.5894821154268158,0.5834170306991341,0.1252780136937833,0.1976127050352924,0.0723346913415091,20,14.803849000740193,64.33333333333333,50.0,0.5585900987878052,1.0476660479574822,0.16666666666666666,43.0,43.0,43.0,4.3,30.666666666666668,3.066666666666667,5
5,70,0.95,0.5,0.95,0.5,0,kf_sa_seed_0000.npz,70,631,700,0.6624405705229794,0.2630744849445325,0.07448494453248812,0.6371428571428571,0.30142857142857143,0.06142857142857143,0.7167543200601052,0.4832285115303983,0.5167714884696017,0.3619345709757754,0.5642268508037129,0.5551702643061469,0.15606598365440447,0.1770712257985746,0.021005242144170128,18,13.5236664162284,70.05263157894737,70.0,0.56000912072257,1.0476660479574822,0.16666666666666666,57.0,57.0,57.0,5.7,35.666666666666664,3.5666666666666664,5
5,70,0.98,0.5,0.95,0.5,0,kf_sa_seed_0000.npz,70,631,700,0.6576862123613312,0.26148969889064977,0.08082408874801902,0.6642857142857143,0.2742857142857143,0.06142857142857143,0.7317806160781367,0.4702258726899384,0.5297741273100616,0.3595573918949513,0.5429703418609916,0.5378827078482707,0.15635181076847482,0.154367876805899,-0.001983933962575818,18,13.5236664162284,70.05263157894737,70.0,0.56000912072257,1.0476660479574822,0.16666666666666666,57.0,57.0,57.0,5.7,35.833333333333336,3.583333333333334,5
5,70,0.99,0.5,0.95,0.5,0,kf_sa_seed_0000.npz,70,631,700,0.6561014263074485,0.26782884310618066,0.07606973058637084,0.6871428571428572,0.24857142857142858,0.06428571428571428,0.7422990232907588,0.4645748987854251,0.5354251012145749,0.3601935702965814,0.522383971021055,0.526675569626977,0.15315929233545877,0.14755397284243157,-0.0056053194930272,28,21.036814425244177,45.89655172413793,70.0,0.56000912072257,1.0476660479574822,0.16666666666666666,55.0,55.0,55.0,5.5,35.666666666666664,3.5666666666666664,5
5,70,0.995,0.5,0.95,0.5,0,kf_sa_seed_0000.npz,70,631,700,0.659270998415214,0.2630744849445325,0.07765451664025357,0.7271428571428571,0.21,0.06285714285714286,0.7648384673178061,0.4518664047151277,0.5481335952848723,0.3610640706361784,0.4975481095766357,0.5149712943242641,0.14671556096359778,0.13920115720099563,-0.007514403762602151,30,22.53944402704733,42.935483870967744,70.0,0.56000912072257,1.0476660479574822,0.16666666666666666,56.0,56.0,56.0,5.6000000000000005,35.333333333333336,3.5333333333333337,5
7,35,0.95,0.5,0.95,0.5,0,kf_sa_seed_0000.npz,35,666,700,0.44594594594594594,0.506006006006006,0.04804804804804805,0.24285714285714285,0.6671428571428571,0.09,0.41142020497803805,0.6405693950177936,0.35943060498220636,0.26797297297297296,0.6971428571428572,0.6775648121051872,0.15125943941481224,0.3482890781307612,0.19702963871594897,46,33.674963396778914,29.06382978723404,35.0,0.5599826822119577,1.0476660479574822,0.16666666666666666,37.0,37.0,37.0,3.7,39.666666666666664,3.966666666666667,5
7,35,0.98,0.5,0.95,0.5,0,kf_sa_seed_0000.npz,35,666,700,0.5330330330330331,0.4174174174174174,0.04954954954954955,0.31857142857142856,0.5928571428571429,0.08857142857142856,0.49267935578330896,0.6196136701337296,0.3803863298662704,0.3108022308022308,0.6714199914199914,0.6576635034432924,0.13976864443729667,0.3126879941762171,0.17291934973892045,32,23.42606149341142,41.39393939393939,35.0,0.5599826822119577,1.0476660479574822,0.16666666666666666,38.0,38.0,38.0,3.8000000000000003,41.166666666666664,4.116666666666666,5
7,35,0.99,0.5,0.95,0.5,0,kf_sa_seed_0000.npz,35,666,700,0.581081081081081,0.36936936936936937,0.04954954954954955,0.3914285714285714,0.52,0.08857142857142856,0.5534407027818448,0.593915343915344,0.40608465608465605,0.3348262548262548,0.6436894036894036,0.6369555437342551,0.13125353449517302,0.2811873793547849,0.14993384485961186,28,20.497803806734993,47.10344827586207,35.0,0.5599826822119577,1.0476660479574822,0.16666666666666666,38.0,38.0,38.0,3.8000000000000003,40.833333333333336,4.083333333333334,5
7,35,0.995,0.5,0.95,0.5,0,kf_sa_seed_0000.npz,35,666,700,0.6306306306306306,0.31981981981981983,0.04954954954954955,0.43142857142857144,0.48,0.08857142857142856,0.5980966325036603,0.5899632802937577,0.41003671970624234,0.3596010296010296,0.6090647790647791,0.616022791578862,0.12504856097476427,0.25391195781994524,0.12886339684518097,30,21.961932650073205,44.064516129032256,35.0,0.5599826822119577,1.0476660479574822,0.16666666666666666,38.0,38.0,38.0,3.8000000000000003,39.833333333333336,3.983333333333334,5
7,50,0.95,0.5,0.95,0.5,0,kf_sa_seed_0000.npz,50,651,700,0.6129032258064516,0.32872503840245776,0.05837173579109063,0.39,0.5328571428571428,0.07714285714285714,0.5655070318282753,0.5929319371727748,0.4070680628272252,0.3450230414746544,0.6247399605003292,0.6203400147606697,0.14734745168653857,0.26875809129250827,0.1214106396059697,30,22.20577350111029,43.58064516129032,50.0,0.5585900987878052,1.0476660479574822,0.16666666666666666,46.0,46.0,46.0,4.6000000000000005,38.0,3.8000000000000003,5
7,50,0.98,0.5,0.95,0.5,0,kf_sa_seed_0000.npz,50,651,700,0.642089093701997,0.2995391705069124,0.05837173579109063,0.44857142857142857,0.47285714285714286,0.07857142857142857,0.6106587712805329,0.5733333333333334,0.42666666666666664,0.36033026113671274,0.6008865481676542,0.6007245978876183,0.14200656757998337,0.23446284865495123,0.09245628107496787,20,14.803849000740193,64.33333333333333,50.0,0.5585900987878052,1.0476660479574822,0.16666666666666666,45.0,45.0,45.0,4.5,39.0,3.9000000000000004,5
7,50,0.99,0.5,0.95,0.5,0,kf_sa_seed_0000.npz,50,651,700,0.6344086021505376,0.30414746543778803,0.06144393241167435,0.5285714285714286,0.3942857142857143,0.07714285714285714,0.6491487786824575,0.5324971493728621,0.4675028506271379,0.3557757296466974,0.5729800307219662,0.578282434753942,0.13705285572321146,0.21069571024712852,0.07364285452391706,24,17.764618800888233,54.04,50.0,0.5585900987878052,1.0476660479574822,0.16666666666666666,46.0,46.0,46.0,4.6000000000000005,38.5,3.85,5
7,50,0.995,0.5,0.95,0.5,0,kf_sa_seed_0000.npz,50,651,700,0.6359447004608295,0.30721966205837176,0.05683563748079877,0.5414285714285715,0.38142857142857145,0.07714285714285714,0.6543301258327165,0.5294117647058824,0.47058823529411764,0.35654377880184335,0.5628351985955673,0.5750920495600921,0.13667883625010457,0.21919085208310823,0.08251201583300366,22,16.28423390081421,58.73913043478261,50.0,0.5585900987878052,1.0476660479574822,0.16666666666666666,46.0,46.0,46.0,4.6000000000000005,40.166666666666664,4.016666666666667,5
7,70,0.95,0.5,0.95,0.5,0,kf_sa_seed_0000.npz,70,631,700,0.6038034865293186,0.32171156893819336,0.07448494453248812,0.56,0.37857142857142856,0.06142857142857143,0.6483846731780616,0.49130938586326767,0.5086906141367323,0.332616028978945,0.541104822277564,0.5457397304736777,0.1618236263499395,0.18405789824662844,0.022234271896688945,18,13.5236664162284,70.05263157894737,70.0,0.56000912072257,1.0476660479574822,0.16666666666666666,57.0,57.0,57.0,5.7,41.666666666666664,4.166666666666667,5
7,70,0.98,0.5,0.95,0.5,0,kf_sa_seed_0000.npz,70,631,700,0.6053882725832013,0.3153724247226624,0.07923930269413629,0.6228571428571429,0.3157142857142857,0.06142857142857143,0.6844477836213373,0.4665203073545554,0.5334796926454446,0.33340842200588633,0.509823409553996,0.5247629933798602,0.15851528450011518,0.16098644637891388,0.0024711618787987,22,16.52892561983471,57.869565217391305,70.0,0.56000912072257,1.0476660479574822,0.16666666666666666,57.0,57.0,57.0,5.7,41.5,4.15,5
7,70,0.99,0.5,0.95,0.5,0,kf_sa_seed_0000.npz,70,631,700,0.6022187004754358,0.3248811410459588,0.07290015847860538,0.6842857142857143,0.2557142857142857,0.06,0.7114951164537942,0.44561774023231254,0.5543822597676875,0.3311093502377179,0.48119990944079694,0.5078208045876413,0.15398005664682737,0.14356033403120796,-0.010419722615619409,18,13.5236664162284,70.05263157894737,70.0,0.56000912072257,1.0476660479574822,0.16666666666666666,58.0,58.0,58.0,5.800000000000001,42.166666666666664,4.216666666666667,5
7,70,0.995,0.5,0.95,0.5,0,kf_sa_seed_0000.npz,70,631,700,0.6133122028526149,0.31695721077654515,0.06973058637083994,0.69,0.24857142857142858,0.06142857142857143,0.71900826446281,0.44932079414838033,0.5506792058516197,0.33737038714059314,0.46675345256961737,0.5054940920547216,0.15275484205197032,0.1515109541704802,-0.00124388788149013,14,10.518407212622089,88.73333333333333,70.0,0.56000912072257,1.0476660479574822,0.16666666666666666,57.0,57.0,57.0,5.7,40.833333333333336,4.083333333333334,5
10,50,0.95,0.5,0.95,0.5,0,kf_sa_seed_0000.npz,50,651,700,0.3932411674347158,0.5514592933947773,0.055299539170506916,0.26571428571428574,0.6657142857142857,0.06857142857142857,0.3893412287194671,0.5779467680608364,0.42205323193916355,0.2309062980030722,0.6121154268158876,0.6054095258451513,0.17968893599846744,0.2677438096261185,0.08805487362765105,47,34.78904515173945,28.145833333333332,51.0,0.5585900987878052,1.0476660479574822,0.16666666666666666,52.0,52.0,52.0,5.2,54.5,5.45,5
10,50,0.98,0.5,0.95,0.5,0,kf_sa_seed_0000.npz,50,651,700,0.49923195084485406,0.44393241167434716,0.05683563748079877,0.32857142857142857,0.6085714285714285,0.06285714285714286,0.4707623982235381,0.5801886792452831,0.41981132075471694,0.28104454685099844,0.5775488259820057,0.5703285469663495,0.170145583231575,0.22004936838688496,0.049903785155309965,21,15.544041450777202,61.40909090909091,51.0,0.5585900987878052,1.0476660479574822,0.16666666666666666,56.0,56.0,56.0,5.6000000000000005,47.666666666666664,4.766666666666667,5
10,50,0.99,0.5,0.95,0.5,0,kf_sa_seed_0000.npz,50,651,700,0.5698924731182796,0.3717357910906298,0.05837173579109063,0.44857142857142857,0.49857142857142855,0.05285714285714286,0.5625462620281273,0.5368421052631579,0.4631578947368421,0.3113748079877112,0.5411411016019311,0.5361184114976646,0.1607183875789078,0.17411407743442642,0.013395689855518617,17,12.583271650629163,75.05555555555556,51.0,0.5585900987878052,1.0476660479574822,0.16666666666666666,63.0,63.0,63.0,6.300000000000001,46.5,4.65,5
10,50,0.995,0.5,0.95,0.5,0,kf_sa_seed_0000.npz,50,651,700,0.5852534562211982,0.3563748079877112,0.05837173579109063,0.6014285714285714,0.37,0.02857142857142857,0.6365655070318282,0.4662790697674419,0.5337209302325581,0.3069124423963134,0.4992363396971692,0.5007857491291955,0.14670811673418646,0.12411559700283703,-0.02259251973134943,21,15.544041450777202,61.40909090909091,51.0,0.5585900987878052,1.0476660479574822,0.16666666666666666,80.0,80.0,80.0,8.0,45.166666666666664,4.516666666666667,5
10,70,0.95,0.5,0.95,0.5,0,kf_sa_seed_0000.npz,70,631,700,0.5483359746434231,0.38510301109350237,0.06656101426307448,0.4471428571428571,0.5028571428571429,0.05,0.5529676934635612,0.5176630434782609,0.48233695652173914,0.29916798732171157,0.5265519583427666,0.5304877059244922,0.1810508537939725,0.1812115216036226,0.0001606678096501002,20,15.026296018031555,63.38095238095238,70.0,0.56000912072257,1.0476660479574822,0.16666666666666666,65.0,65.0,65.0,6.5,47.5,4.75,5
10,70,0.98,0.5,0.95,0.5,0,kf_sa_seed_0000.npz,70,631,700,0.5499207606973059,0.3803486529318542,0.06973058637083994,0.5371428571428571,0.4228571428571429,0.04,0.5972952667167544,0.4716981132075472,0.5283018867924528,0.29496038034865296,0.4936948154856237,0.5043236187455583,0.17628204169072598,0.1470484874245096,-0.029233554266216377,16,12.021036814425244,78.29411764705883,70.0,0.56000912072257,1.0476660479574822,0.16666666666666666,72.0,72.0,72.0,7.2,47.333333333333336,4.733333333333333,5
10,70,0.99,0.5,0.95,0.5,0,kf_sa_seed_0000.npz,70,631,700,0.5515055467511886,0.37717908082408874,0.07131537242472266,0.6414285714285715,0.3314285714285714,0.027142857142857142,0.6468820435762584,0.4262485481997677,0.5737514518002322,0.28932420194702285,0.4614851709304958,0.481115923519899,0.16754065540431487,0.11484465908907858,-0.05269599631523629,20,15.026296018031555,63.38095238095238,70.0,0.56000912072257,1.0476660479574822,0.16666666666666666,81.0,81.0,81.0,8.1,47.166666666666664,4.716666666666667,5
10,70,0.995,0.5,0.95,0.5,0,kf_sa_seed_0000.npz,70,631,700,0.5673534072900158,0.3613312202852615,0.07131537242472266,0.7514285714285714,0.2342857142857143,0.014285714285714285,0.7054845980465815,0.3919062832800852,0.6080937167199147,0.29081956078786503,0.433119764546072,0.46030504415387324,0.15249050853999713,0.08015914189717738,-0.07233136664281975,18,13.5236664162284,70.05263157894737,70.0,0.56000912072257,1.0476660479574822,0.16666666666666666,90.0,90.0,90.0,9.0,45.833333333333336,4.583333333333334,5
5,25,0.95,0.5,0.95,0.5,1,kf_sa_seed_0001.npz,25,676,700,0.742603550295858,0.2411242603550296,0.016272189349112426,0.18428571428571427,0.73,0.08571428571428572,0.5101744186046512,0.8005698005698005,0.19943019943019946,0.4141589180050719,0.8246639898562975,0.7987820656170818,0.10484133842524115,0.4047131923293531,0.299871853904112,53,38.51744186046512,25.48148148148148,34.0,0.5647784019111881,0.9650564541279569,0.16666666666666666,40.0,40.0,40.0,4.0,19.833333333333332,1.9833333333333334,5
5,25,0.98,0.5,0.95,0.5,1,kf_sa_seed_0001.npz,25,676,700,0.8062130177514792,0.1760355029585799,0.01775147928994083,0.23142857142857143,0.6742857142857143,0.09428571428571429,0.5704941860465116,0.778343949044586,0.22165605095541396,0.4502493660185968,0.800262045646661,0.7755660984281877,0.09624385462388754,0.351713233607749,0.25546937898386146,23,16.71511627906977,57.333333333333336,34.0,0.5647784019111881,0.9650564541279569,0.16666666666666666,32.0,32.0,32.0,3.2,20.166666666666668,2.016666666666667,5
5,25,0.99,0.5,0.95,0.5,1,kf_sa_seed_0001.npz,25,676,700,0.7914201183431953,0.1893491124260355,0.019230769230769232,0.29714285714285715,0.6228571428571429,0.08,0.5901162790697675,0.7278325123152709,0.2721674876847291,0.4357100591715976,0.7742413355874894,0.7571570720771863,0.09318411761135785,0.33394043712242233,0.24075631951106446,33,23.982558139534884,40.470588235294116,34.0,0.5647784019111881,0.9650564541279569,0.16666666666666666,42.0,42.0,42.0,4.2,20.333333333333332,2.033333333333333,5
5,25,0.995,0.5,0.95,0.5,1,kf_sa_seed_0001.npz,25,676,700,0.7914201183431953,0.1863905325443787,0.022189349112426034,0.30142857142857143,0.6057142857142858,0.09285714285714286,0.6002906976744186,0.7263922518159807,0.27360774818401934,0.44213863060016906,0.7655663567202029,0.7599570785381207,0.08528845182274235,0.32092620933004706,0.2356377575073047,41,29.796511627906977,32.76190476190476,33.0,0.5647784019111881,0.9650564541279569,0.16666666666666666,35.0,35.0,35.0,3.5,18.333333333333332,1.8333333333333333,5
5,35,0.95,0.5,0.95,0.5,1,kf_sa_seed_0001.npz,35,666,700,0.8123123123123123,0.16966966966966968,0.018018018018018018,0.2557142857142857,0.6714285714285714,0.07285714285714286,0.5732064421669106,0.756066411238825,0.243933588761175,0.44258472758472756,0.78502574002574,0.7595026697131997,0.10068494612728206,0.33491493568420844,0.23422998955692637,22,16.105417276720353,59.391304347826086,35.0,0.5692994590670994,0.9650564541279569,0.16666666666666666,50.0,50.0,50.0,5.0,20.666666666666668,2.066666666666667,5
5,35,0.98,0.5,0.95,0.5,1,kf_sa_seed_0001.npz,35,666,700,0.8093093093093093,0.16816816816816818,0.02252252252252252,0.3157142857142857,0.6057142857142858,0.07857142857142857,0.6076134699853587,0.7156626506024096,0.28433734939759037,0.4439403689403689,0.7601587301587301,0.7389735528667964,0.10049911035538758,0.29360098025866554,0.19310186990327796,20,14.641288433382138,65.04761904761905,35.0,0.5692994590670994,0.9650564541279569,0.16666666666666666,44.0,44.0,44.0,4.4,21.166666666666668,2.1166666666666667,5
5,35,0.99,0.5,0.95,0.5,1,kf_sa_seed_0001.npz,35,666,700,0.8153153153153153,0.16216216216216217,0.02252252252252252,0.37714285714285717,0.5442857142857143,0.07857142857142857,0.6420204978038068,0.6818700114025086,0.3181299885974914,0.44694337194337197,0.739937794937795,0.7260448425879198,0.0952624489626047,0.2647588331247681,0.1694963841621634,28,20.497803806734993,47.10344827586207,35.0,0.5692994590670994,0.9650564541279569,0.16666666666666666,45.0,45.0,45.0,4.5,20.5,2.0500000000000003,5
5,35,0.995,0.5,0.95,0.5,1,kf_sa_seed_0001.npz,35,666,700,0.8078078078078078,0.16366366366366367,0.028528528528528527,0.4142857142857143,0.5071428571428571,0.07857142857142857,0.6603221083455344,0.6574279379157428,0.34257206208425717,0.4431896181896182,0.7004397254397254,0.7036790277974296,0.10173857501166496,0.2774150950123571,0.17567652000069217,32,23.42606149341142,41.39393939393939,35.0,0.5692994590670994,0.9650564541279569,0.16666666666666666,45.0,45.0,45.0,4.5,21.5,2.15,5
5,50,0.95,0.5,0.95,0.5,1,kf_sa_seed_0001.npz,50,651,700,0.7695852534562212,0.2073732718894009,0.02304147465437788,0.42714285714285716,0.5114285714285715,0.06142857142857143,0.6350851221317543,0.634032634032634,0.365967365967366,0.4155069124423963,0.7214768488040377,0.6940721001769444,0.10690473773377454,0.24733601821033407,0.14043128047655953,22,16.28423390081421,58.73913043478261,50.0,0.5716518693757164,0.9650564541279569,0.16666666666666666,57.0,57.0,57.0,5.7,25.166666666666668,2.516666666666667,5
5,50,0.98,0.5,0.95,0.5,1,kf_sa_seed_0001.npz,50,651,700,0.7665130568356375,0.21505376344086022,0.018433179723502304,0.4828571428571429,0.45571428571428574,0.06142857142857143,0.6602516654330126,0.6076233183856502,0.3923766816143498,0.41397081413210446,0.6937063857801185,0.6760241211569363,0.10577857291226371,0.22000480050048615,0.11422622758822244,20,14.803849000740193,64.33333333333333,50.0,0.5716518693757164,0.9650564541279569,0.16666666666666666,57.0,57.0,57.0,5.7,25.333333333333332,2.533333333333333,5
5,50,0.99,0.5,0.95,0.5,1,kf_sa_seed_0001.npz,50,651,700,0.7757296466973886,0.19815668202764977,0.026113671274961597,0.5085714285714286,0.42714285714285716,0.06428571428571428,0.6831976313841599,0.5958829902491874,0.40411700975081255,0.42000768049155146,0.6723085363177529,0.6656263176495202,0.10544227876078317,0.22112644876314091,0.11568417000235774,20,14.803849000740193,64.33333333333333,50.0,0.5716518693757164,0.9650564541279569,0.16666666666666666,55.0,55.0,55.0,5.5,24.333333333333332,2.4333333333333336,5
5,50,0.995,0.5,0.95,0.5,1,kf_sa_seed_0001.npz,50,651,700,0.7895545314900153,0.18740399385560677,0.02304147465437788,0.5871428571428572,0.35,0.06285714285714286,0.7283493708364175,0.5670731707317073,0.43292682926829273,0.42620583717357907,0.632716699583059,0.6429216034952125,0.1079579643973471,0.20186308854249538,0.09390512414514827,20,14.803849000740193,64.33333333333333,50.0,0.5716518693757164,0.9650564541279569,0.16666666666666666,56.0,56.0,56.0,5.6000000000000005,22.833333333333332,2.283333333333333,5
5,70,0.95,0.5,0.95,0.5,1,kf_sa_seed_0001.npz,70,631,700,0.7416798732171157,0.22820919175911253,0.030110935023771792,0.59,0.3742857142857143,0.03571428571428571,0.6949661908339594,0.532972972972973,0.46702702702702703,0.3886970794657007,0.6125379216662893,0.5996311587421191,0.10648971421453593,0.15314074330316563,0.0466510290886297,22,16.52892561983471,57.869565217391305,70.0,0.5707444723858747,0.9650564541279569,0.16666666666666666,75.0,75.0,75.0,7.5,27.833333333333332,2.783333333333333,5
5,70,0.98,0.5,0.95,0.5,1,kf_sa_seed_0001.npz,70,631,700,0.7416798732171157,0.2218700475435816,0.03645007923930269,0.64,0.32285714285714284,0.037142857142857144,0.7250187828700225,0.5119170984455959,0.48808290155440415,0.3894113651799864,0.5871745528639348,0.5836821430077602,0.1038464189358508,0.13681603306741802,0.032969614131567224,26,19.53418482344102,49.2962962962963,70.0,0.5707444723858747,0.9650564541279569,0.16666666666666666,74.0,74.0,74.0,7.4,27.833333333333332,2.783333333333333,5
5,70,0.99,0.5,0.95,0.5,1,kf_sa_seed_0001.npz,70,631,700,0.7527733755942948,0.2202852614896989,0.02694136291600634,0.6971428571428572,0.26571428571428574,0.037142857142857144,0.7558226897069872,0.49801192842942343,0.5019880715705766,0.394958116368576,0.5610323749151007,0.5698188775694879,0.10099850536742756,0.1308010308929488,0.029802525525521248,18,13.5236664162284,70.05263157894737,70.0,0.5707444723858747,0.9650564541279569,0.16666666666666666,74.0,74.0,74.0,7.4,20.166666666666668,2.016666666666667,5
5,70,0.995,0.5,0.95,0.5,1,kf_sa_seed_0001.npz,70,631,700,0.7844690966719493,0.18066561014263074,0.03486529318541997,0.7285714285714285,0.23142857142857143,0.04,0.7926371149511645,0.4957345971563981,0.5042654028436019,0.41223454833597467,0.5310436948154856,0.5540524486685228,0.10146523048934682,0.1279767811480803,0.026511550658733493,24,18.031555221637866,53.24,70.0,0.5707444723858747,0.9650564541279569,0.16666666666666666,72.0,72.0,72.0,7.2,20.333333333333332,2.033333333333333,5
7,35,0.95,0.5,0.95,0.5,1,kf_sa_seed_0001.npz,35,666,700,0.5960960960960962,0.39039039039039036,0.013513513513513514,0.11714285714285715,0.8157142857142857,0.06714285714285714,0.3916544655929722,0.8299065420560747,0.17009345794392527,0.33161947661947666,0.8063127413127413,0.7768781856392476,0.12974469399661304,0.3809561974722344,0.2512115034756214,58,42.4597364568082,23.152542372881356,43.0,0.5692994590670994,0.9650564541279569,0.16666666666666666,54.0,54.0,54.0,5.4,28.333333333333332,2.8333333333333335,5
7,35,0.98,0.5,0.95,0.5,1,kf_sa_seed_0001.npz,35,666,700,0.6951951951951952,0.2897897897897898,0.015015015015015015,0.18857142857142858,0.7485714285714286,0.06285714285714286,0.4751098096632504,0.7812018489984591,0.21879815100154087,0.37902616902616904,0.7815186615186616,0.7481559208215883,0.12064149764988533,0.3306993115142217,0.2100578138643364,42,30.74670571010249,31.767441860465116,43.0,0.5692994590670994,0.9650564541279569,0.16666666666666666,56.0,56.0,56.0,5.6000000000000005,28.166666666666668,2.816666666666667,5
7,35,0.99,0.5,0.95,0.5,1,kf_sa_seed_0001.npz,35,666,700,0.7222222222222222,0.26426426426426425,0.013513513513513514,0.30428571428571427,0.6371428571428571,0.05857142857142857,0.5446559297218155,0.7016129032258065,0.2983870967741935,0.3903968253968254,0.7454976404976404,0.7269816379713513,0.1078601536608414,0.28619770434023295,0.17833755067939155,30,21.961932650073205,44.064516129032256,40.0,0.5692994590670994,0.9650564541279569,0.16666666666666666,59.0,59.0,59.0,5.9,27.833333333333332,2.783333333333333,5
7,35,0.995,0.5,0.95,0.5,1,kf_sa_seed_0001.npz,35,666,700,0.7012012012012012,0.2807807807807808,0.018018018018018018,0.2714285714285714,0.6585714285714286,0.07,0.5256222547584187,0.7186629526462396,0.2813370473537604,0.38560060060060064,0.7364779064779065,0.7157218570283527,0.11798943897911006,0.29172547226280915,0.17373603328369908,38,27.81844802342606,35.02564102564103,40.0,0.5692994590670994,0.9650564541279569,0.16666666666666666,51.0,51.0,51.0,5.1000000000000005,28.5,2.85,5
7,50,0.95,0.5,0.95,0.5,1,kf_sa_seed_0001.npz,50,651,700,0.7096774193548387,0.271889400921659,0.018433179723502304,0.29428571428571426,0.6457142857142857,0.06,0.5344189489267209,0.6980609418282548,0.30193905817174516,0.3848387096774194,0.7435637480798771,0.702433304659796,0.12532029332860914,0.2847672964497718,0.15944700312116264,24,17.764618800888233,54.04,50.0,0.5716518693757164,0.9650564541279569,0.16666666666666666,58.0,58.0,58.0,5.800000000000001,31.166666666666668,3.116666666666667,5
7,50,0.98,0.5,0.95,0.5,1,kf_sa_seed_0001.npz,50,651,700,0.7127496159754224,0.26881720430107525,0.018433179723502304,0.37857142857142856,0.5628571428571428,0.05857142857142857,0.5788304959289415,0.6457800511508951,0.3542199488491049,0.3856605222734255,0.7132345841562432,0.6793849366014115,0.12274615946977122,0.25186222893461024,0.12911606946483903,34,25.166543301258326,38.6,50.0,0.5716518693757164,0.9650564541279569,0.16666666666666666,59.0,59.0,59.0,5.9,31.666666666666668,3.166666666666667,5
7,50,0.99,0.5,0.95,0.5,1,kf_sa_seed_0001.npz,50,651,700,0.7204301075268817,0.2626728110599078,0.016897081413210446,0.42714285714285716,0.5128571428571429,0.06,0.6076980014803849,0.6224116930572473,0.3775883069427527,0.3902150537634409,0.6802501645819619,0.6598825745125009,0.11635257667609374,0.21977160793855816,0.10341903126246442,22,16.28423390081421,58.73913043478261,50.0,0.5716518693757164,0.9650564541279569,0.16666666666666666,58.0,58.0,58.0,5.800000000000001,30.333333333333332,3.033333333333333,5
7,50,0.995,0.5,0.95,0.5,1,kf_sa_seed_0001.npz,50,651,700,0.7296466973886329,0.2519201228878648,0.018433179723502304,0.46,0.48428571428571426,0.055714285714285716,0.6276831976313841,0.6061320754716981,0.3938679245283019,0.3926804915514593,0.6606254114549045,0.6551523837856129,0.11848254327590059,0.21938628998181336,0.10090374670591278,24,17.764618800888233,54.04,50.0,0.5716518693757164,0.9650564541279569,0.16666666666666666,59.0,59.0,59.0,5.9,29.833333333333332,2.9833333333333334,5
7,70,0.95,0.5,0.95,0.5,1,kf_sa_seed_0001.npz,70,631,700,0.6656101426307448,0.31695721077654515,0.017432646592709985,0.4928571428571429,0.47285714285714286,0.03428571428571429,0.6010518407212622,0.555,0.44499999999999995,0.34994792845822953,0.6376726284808694,0.6217586359728615,0.12173720227165667,0.18489402619281844,0.06315682392116177,24,18.031555221637866,53.24,70.0,0.5707444723858747,0.9650564541279569,0.16666666666666666,76.0,76.0,76.0,7.6000000000000005,34.666666666666664,3.466666666666667,5
7,70,0.98,0.5,0.95,0.5,1,kf_sa_seed_0001.npz,70,631,700,0.6656101426307448,0.31378763866877973,0.020602218700475437,0.5414285714285715,0.42714285714285716,0.03142857142857143,0.6265965439519159,0.5299760191846523,0.4700239808153477,0.34851935702965814,0.6099818881593841,0.5992297740521982,0.1143496792248326,0.16216900431193843,0.04781932508710582,26,19.53418482344102,49.2962962962963,70.0,0.5707444723858747,0.9650564541279569,0.16666666666666666,78.0,78.0,78.0,7.800000000000001,35.333333333333336,3.5333333333333337,5
7,70,0.99,0.5,0.95,0.5,1,kf_sa_seed_0001.npz,70,631,700,0.7004754358161648,0.27416798732171155,0.025356576862123614,0.57,0.39571428571428574,0.03428571428571429,0.66190833959429,0.52894438138479,0.47105561861520995,0.3673805750509395,0.5887729227982794,0.586144159652945,0.10697241824741609,0.14238362472705998,0.035411206479643895,28,21.036814425244177,45.89655172413793,70.0,0.5707444723858747,0.9650564541279569,0.16666666666666666,78.0,78.0,78.0,7.800000000000001,25.5,2.5500000000000003,5
7,70,0.995,0.5,0.95,0.5,1,kf_sa_seed_0001.npz,70,631,700,0.7036450079239303,0.27258320126782887,0.02377179080824089,0.5857142857142857,0.38142857142857145,0.032857142857142856,0.6701728024042074,0.523542600896861,0.476457399103139,0.36825107539053653,0.5680484491736473,0.5785480155719791,0.10890091892250303,0.14593913426541819,0.037038215342915154,22,16.52892561983471,57.869565217391305,70.0,0.5707444723858747,0.9650564541279569,0.16666666666666666,78.0,78.0,78.0,7.800000000000001,24.166666666666668,2.416666666666667,5
10,50,0.95,0.5,0.95,0.5,1,kf_sa_seed_0001.npz,50,651,700,0.4592933947772657,0.5407066052227343,0.0,0.15428571428571428,0.8457142857142858,0.0,0.3012583271650629,0.7346437346437347,0.26535626535626533,0.22964669738863286,0.7229536976080755,0.6849486306868475,0.14557695187498432,0.2821802885344219,0.13660333665943758,37,27.387120651369354,35.55263157894737,53.0,0.5716518693757164,0.9650564541279569,0.0,,,,,57.0,5.7,6
10,50,0.98,0.5,0.95,0.5,1,kf_sa_seed_0001.npz,50,651,700,0.576036866359447,0.423963133640553,0.0,0.29,0.71,0.0,0.42783123612139157,0.6487889273356401,0.3512110726643599,0.2880184331797235,0.6793943383805134,0.6468511304030659,0.12793433623869646,0.2226985506413465,0.09476421440265004,29,21.46558105107328,45.03333333333333,53.0,0.5716518693757164,0.9650564541279569,0.0,,,,,45.666666666666664,4.566666666666666,6
10,50,0.99,0.5,0.95,0.5,1,kf_sa_seed_0001.npz,50,651,700,0.5990783410138248,0.4009216589861751,0.0,0.39,0.61,0.0,0.49074759437453735,0.5882352941176471,0.4117647058823529,0.2995391705069124,0.6337568575817424,0.6094356856277687,0.10916202016220394,0.1643927534019659,0.055230733239761964,25,18.50481125092524,51.96153846153846,53.0,0.5716518693757164,0.9650564541279569,0.0,,,,,43.833333333333336,4.383333333333334,6
10,50,0.995,0.5,0.95,0.5,1,kf_sa_seed_0001.npz,50,651,700,0.6390168970814132,0.36098310291858676,0.0,0.5071428571428571,0.4928571428571429,0.0,0.5706883789785344,0.5395590142671854,0.46044098573281456,0.3195084485407066,0.5726333113890718,0.5640353712062245,0.08305386520016231,0.10212739238630665,0.019073527186144343,21,15.544041450777202,61.40909090909091,53.0,0.5716518693757164,0.9650564541279569,0.0,,,,,39.333333333333336,3.9333333333333336,6
10,70,0.95,0.5,0.95,0.5,1,kf_sa_seed_0001.npz,70,631,700,0.5530903328050714,0.4469096671949287,0.0,0.4042857142857143,0.5957142857142858,0.0,0.47483095416979715,0.5522151898734177,0.44778481012658233,0.2765451664025357,0.6124020828616709,0.6090201666586322,0.1297157377140809,0.17976920416146916,0.050053466447388256,24,18.031555221637866,53.24,70.0,0.5707444723858747,0.9650564541279569,0.0,,,,,47.166666666666664,4.716666666666667,6
10,70,0.98,0.5,0.95,0.5,1,kf_sa_seed_0001.npz,70,631,700,0.5594294770206022,0.4405705229793978,0.0,0.47,0.53,0.0,0.512396694214876,0.5175953079178885,0.48240469208211145,0.2797147385103011,0.5707946570070184,0.5714725051023564,0.11576552548541823,0.13628200535889817,0.020516479873479945,16,12.021036814425244,78.29411764705883,70.0,0.5707444723858747,0.9650564541279569,0.0,,,,,46.5,4.65,6
10,70,0.99,0.5,0.95,0.5,1,kf_sa_seed_0001.npz,70,631,700,0.5911251980982567,0.40887480190174325,0.0,0.5642857142857143,0.4357142857142857,0.0,0.5770097670924117,0.4856770833333333,0.5143229166666667,0.29556259904912835,0.5226239529092144,0.5361988672661733,0.09743676796268905,0.09639206604563307,-0.0010447019170559818,18,13.5236664162284,70.05263157894737,70.0,0.5707444723858747,0.9650564541279569,0.0,,,,,43.5,4.3500000000000005,6
10,70,0.995,0.5,0.95,0.5,1,kf_sa_seed_0001.npz,70,631,700,0.7131537242472267,0.2868462757527734,0.0,0.7714285714285715,0.22857142857142856,0.0,0.743801652892562,0.45454545454545453,0.5454545454545454,0.35657686212361334,0.46863482001358386,0.49864357936573883,0.07026147391332031,0.056575077259136596,-0.013686396654183718,28,21.036814425244177,45.89655172413793,70.0,0.5707444723858747,0.9650564541279569,0.0,,,,,27.166666666666668,2.716666666666667,6
5,25,0.95,0.5,0.95,0.5,2,kf_sa_seed_0002.npz,25,676,700,0.6109467455621301,0.34911242603550297,0.03994082840236687,0.14,0.75,0.11,0.44694767441860467,0.7967479674796748,0.2032520325203252,0.36047337278106506,0.8272316145393068,0.7930741999853027,0.12154309529309042,0.44639670668766324,0.3248536113945728,72,52.325581395348834,18.84931506849315,25.0,0.533501932846159,1.1937035541708845,0.3333333333333333,64.5,64.5,101.0,6.45,26.0,2.6,4
5,25,0.98,0.5,0.95,0.5,2,kf_sa_seed_0002.npz,25,676,700,0.7869822485207101,0.16863905325443787,0.04437869822485207,0.21571428571428572,0.6771428571428572,0.10714285714285714,0.5726744186046512,0.7703045685279187,0.22969543147208127,0.4470625528317836,0.8196830092983939,0.779478041632052,0.10910058107591622,0.40484251167793933,0.29574193060202314,42,30.523255813953487,32.0,25.0,0.533501932846159,1.1937035541708845,0.16666666666666666,27.0,27.0,27.0,2.7,22.333333333333332,2.2333333333333334,5
5,25,0.99,0.5,0.95,0.5,2,kf_sa_seed_0002.npz,25,676,700,0.7899408284023669,0.16420118343195267,0.04585798816568047,0.3357142857142857,0.55,0.11428571428571428,0.6395348837209303,0.6977272727272728,0.30227272727272725,0.4521132713440406,0.7975718512256974,0.7646344869956987,0.10291872824625355,0.39005329123135196,0.28713456298509843,34,24.709302325581394,39.31428571428572,25.0,0.533501932846159,1.1937035541708845,0.3333333333333333,63.5,63.5,101.0,6.3500000000000005,23.666666666666668,2.3666666666666667,4
5,25,0.995,0.5,0.95,0.5,2,kf_sa_seed_0002.npz,25,676,700,0.8150887573964497,0.14349112426035504,0.04142011834319527,0.3557142857142857,0.5142857142857142,0.13,0.6678779069767442,0.6985854189336235,0.30141458106637653,0.47254437869822485,0.7825232459847844,0.7614512986834361,0.09520941191616752,0.40671465220034675,0.31150524028417925,38,27.61627906976744,35.282051282051285,25.0,0.533501932846159,1.1937035541708845,0.5,53.666666666666664,32.0,103.0,5.366666666666667,20.666666666666668,2.066666666666667,3
5,35,0.95,0.5,0.95,0.5,2,kf_sa_seed_0002.npz,35,666,700,0.7762762762762763,0.17717717717717718,0.046546546546546545,0.26571428571428574,0.6257142857142857,0.10857142857142857,0.5929721815519766,0.7320987654320987,0.26790123456790127,0.4424238524238524,0.7985671385671386,0.7549284426302327,0.11712997695304855,0.38614983430697214,0.2690198573539236,48,35.13909224011713,27.877551020408163,35.0,0.5349790054060057,1.1937035541708845,0.3333333333333333,43.5,43.5,55.0,4.3500000000000005,24.166666666666668,2.416666666666667,4
5,35,0.98,0.5,0.95,0.5,2,kf_sa_seed_0002.npz,35,666,700,0.7822822822822822,0.16516516516516516,0.052552552552552555,0.37142857142857144,0.53,0.09857142857142857,0.6478770131771596,0.6666666666666666,0.33333333333333337,0.4404268554268554,0.7823981123981124,0.7351075416741006,0.11554818782884241,0.35442984142346756,0.23888165359462515,30,21.961932650073205,44.064516129032256,35.0,0.5349790054060057,1.1937035541708845,0.16666666666666666,32.0,32.0,32.0,3.2,24.333333333333332,2.4333333333333336,5
5,35,0.99,0.5,0.95,0.5,2,kf_sa_seed_0002.npz,35,666,700,0.7747747747747747,0.17117117117117117,0.05405405405405406,0.43714285714285717,0.46,0.10285714285714286,0.6808199121522694,0.632258064516129,0.367741935483871,0.4388159588159588,0.7671332046332047,0.7253466974181414,0.11137488903147139,0.3502590337396071,0.2388841447081357,22,16.105417276720353,59.391304347826086,35.0,0.5349790054060057,1.1937035541708845,0.16666666666666666,30.0,30.0,30.0,3.0,25.0,2.5,5
5,35,0.995,0.5,0.95,0.5,2,kf_sa_seed_0002.npz,35,666,700,0.7972972972972973,0.15315315315315314,0.04954954954954955,0.44,0.44857142857142857,0.11142857142857143,0.6954612005856515,0.6410526315789473,0.3589473684210527,0.45436293436293435,0.7485971685971686,0.7232242409726826,0.10631514825050215,0.3520956129922441,0.24578046474174198,32,23.42606149341142,41.39393939393939,35.0,0.5349790054060057,1.1937035541708845,0.3333333333333333,43.0,43.0,57.0,4.3,22.666666666666668,2.266666666666667,4
5,50,0.95,0.5,0.95,0.5,2,kf_sa_seed_0002.npz,50,651,700,0.7419354838709677,0.19815668202764977,0.059907834101382486,0.4442857142857143,0.45714285714285713,0.09857142857142857,0.6676535899333826,0.6119733924611973,0.3880266075388027,0.42025345622119814,0.7411323238973009,0.6861299545210984,0.12681154707238795,0.3003549242470274,0.17354337717463947,30,22.20577350111029,43.58064516129032,50.0,0.5362602886439857,1.1937035541708845,0.3333333333333333,53.5,53.5,67.0,5.3500000000000005,28.0,2.8000000000000003,4
5,50,0.98,0.5,0.95,0.5,2,kf_sa_seed_0002.npz,50,651,700,0.7557603686635944,0.17972350230414746,0.06451612903225806,0.48857142857142855,0.4042857142857143,0.10714285714285714,0.7039230199851961,0.5962145110410094,0.4037854889589906,0.43145161290322576,0.7244590739521615,0.6676752215916855,0.13063174515791126,0.28187267663167487,0.1512409314737636,30,22.20577350111029,43.58064516129032,50.0,0.5362602886439857,1.1937035541708845,0.3333333333333333,48.5,48.5,59.0,4.8500000000000005,27.166666666666668,2.716666666666667,4
5,50,0.99,0.5,0.95,0.5,2,kf_sa_seed_0002.npz,50,651,700,0.7665130568356375,0.1674347158218126,0.06605222734254992,0.5242857142857142,0.3871428571428571,0.08857142857142856,0.7187268689859363,0.5777548918640577,0.4222451081359423,0.427542242703533,0.7061191573403555,0.656127291640182,0.12773963045123016,0.2776454916637544,0.14990586121252425,24,17.764618800888233,54.04,50.0,0.5362602886439857,1.1937035541708845,0.16666666666666666,38.0,38.0,38.0,3.8000000000000003,25.5,2.5500000000000003,5
5,50,0.995,0.5,0.95,0.5,2,kf_sa_seed_0002.npz,50,651,700,0.7757296466973886,0.16436251920122888,0.059907834101382486,0.5171428571428571,0.39285714285714285,0.09,0.7172464840858623,0.586171310629515,0.413828689370485,0.4328648233486943,0.6800164581961817,0.6503055246987133,0.12783434791990256,0.2941816784798223,0.16634733055991974,28,20.72538860103627,46.58620689655172,50.0,0.5362602886439857,1.1937035541708845,0.16666666666666666,37.0,37.0,37.0,3.7,22.333333333333332,2.2333333333333334,5
5,70,0.95,0.5,0.95,0.5,2,kf_sa_seed_0002.npz,70,631,700,0.7480190174326465,0.17274167987321712,0.07923930269413629,0.5657142857142857,0.35428571428571426,0.08,0.7317806160781367,0.5420944558521561,0.4579055441478439,0.41400950871632325,0.656060674666063,0.6239443810202532,0.1555261857823993,0.21973056645905176,0.06420438067665246,38,28.549962434259953,34.12820512820513,70.0,0.5381029986281619,1.1937035541708845,0.3333333333333333,71.0,71.0,91.0,7.1000000000000005,25.333333333333332,2.533333333333333,4
5,70,0.98,0.5,0.95,0.5,2,kf_sa_seed_0002.npz,70,631,700,0.7543581616481775,0.1600633914421553,0.08557844690966719,0.6328571428571429,0.29428571428571426,0.07285714285714286,0.7693463561232157,0.5146484375,0.4853515625,0.41360765225266016,0.6290287525469775,0.6050323575891291,0.15960974283406312,0.20081171379451576,0.04120197096045264,30,22.53944402704733,42.935483870967744,70.0,0.5381029986281619,1.1937035541708845,0.16666666666666666,50.0,50.0,50.0,5.0,25.666666666666668,2.566666666666667,5
5,70,0.99,0.5,0.95,0.5,2,kf_sa_seed_0002.npz,70,631,700,0.7606973058637084,0.15530903328050713,0.08399366085578447,0.6928571428571428,0.2342857142857143,0.07285714285714286,0.8031555221637866,0.49672591206735267,0.5032740879326474,0.41677722436042564,0.601648177496038,0.5895353067662903,0.15757013255882174,0.1956338196120443,0.03806368705322255,18,13.5236664162284,70.05263157894737,70.0,0.5381029986281619,1.1937035541708845,0.16666666666666666,49.0,49.0,49.0,4.9,25.166666666666668,2.516666666666667,5
5,70,0.995,0.5,0.95,0.5,2,kf_sa_seed_0002.npz,70,631,700,0.7591125198098256,0.15847860538827258,0.08240887480190175,0.65,0.2742857142857143,0.07571428571428572,0.7806160781367393,0.5120307988450433,0.4879692011549567,0.4174134027620557,0.5667760923703872,0.5802423644101719,0.16226891204858163,0.21120448060234115,0.04893556855375952,22,16.52892561983471,57.869565217391305,70.0,0.5381029986281619,1.1937035541708845,0.16666666666666666,48.0,48.0,48.0,4.800000000000001,25.5,2.5500000000000003,5
7,35,0.95,0.5,0.95,0.5,2,kf_sa_seed_0002.npz,35,666,700,0.5615615615615616,0.3933933933933934,0.04504504504504504,0.13,0.7685714285714286,0.10142857142857142,0.4143484626647145,0.7862190812720848,0.21378091872791516,0.3314950664950665,0.7812805662805663,0.745096903992049,0.1438074789738817,0.41233365735299715,0.2685261783791154,58,42.4597364568082,23.152542372881356,40.0,0.5349790054060057,1.1937035541708845,0.16666666666666666,29.0,29.0,29.0,2.9000000000000004,30.166666666666668,3.016666666666667,5
7,35,0.98,0.5,0.95,0.5,2,kf_sa_seed_0002.npz,35,666,700,0.6696696696696697,0.28378378378378377,0.046546546546546545,0.2257142857142857,0.6757142857142857,0.09857142857142857,0.5153733528550513,0.7315340909090909,0.26846590909090906,0.3841205491205491,0.7727177177177177,0.7317131679664044,0.12811564737296038,0.3708260978327233,0.24271045045976292,45,32.94289897510981,29.695652173913043,40.0,0.5349790054060057,1.1937035541708845,0.16666666666666666,31.0,31.0,31.0,3.1,26.666666666666668,2.666666666666667,5
7,35,0.99,0.5,0.95,0.5,2,kf_sa_seed_0002.npz,35,666,700,0.7117117117117117,0.23723723723723725,0.05105105105105105,0.2885714285714286,0.6142857142857143,0.09714285714285714,0.5695461200585652,0.6966580976863753,0.3033419023136247,0.4044272844272844,0.7490326040326041,0.7157459765417247,0.12132556577141088,0.34934246693703347,0.2280169011656226,35,25.62225475841874,37.94444444444444,40.0,0.5349790054060057,1.1937035541708845,0.16666666666666666,32.0,32.0,32.0,3.2,27.666666666666668,2.766666666666667,5
7,35,0.995,0.5,0.95,0.5,2,kf_sa_seed_0002.npz,35,666,700,0.7252252252252253,0.22822822822822822,0.046546546546546545,0.29428571428571426,0.6028571428571429,0.10285714285714286,0.5797950219619327,0.7007575757575758,0.2992424242424242,0.41404118404118406,0.7421214071214072,0.7145794043106398,0.11700477687140567,0.3469944572499928,0.2299896803785871,39,28.55051244509517,34.15,40.0,0.5349790054060057,1.1937035541708845,0.16666666666666666,28.0,28.0,28.0,2.8000000000000003,26.333333333333332,2.6333333333333333,5
7,50,0.95,0.5,0.95,0.5,2,kf_sa_seed_0002.npz,50,651,700,0.7081413210445469,0.2350230414746544,0.05683563748079877,0.31285714285714283,0.5985714285714285,0.08857142857142856,0.5766099185788305,0.6713735558408216,0.3286264441591784,0.3983563748079877,0.7511103796357252,0.6944185879617656,0.13527508503167476,0.31657519264200235,0.18130010761032758,26,19.24500370096225,50.03703703703704,50.0,0.5362602886439857,1.1937035541708845,0.16666666666666666,38.0,38.0,38.0,3.8000000000000003,30.666666666666668,3.066666666666667,5
7,50,0.98,0.5,0.95,0.5,2,kf_sa_seed_0002.npz,50,651,700,0.7158218125960062,0.22427035330261136,0.059907834101382486,0.3871428571428571,0.5228571428571429,0.09,0.6210214655810511,0.6305125148986889,0.36948748510131113,0.4029109062980031,0.7319684002633311,0.6757835539805462,0.1327508705454211,0.2901264757125286,0.1573756051671075,18,13.323464100666174,71.10526315789474,50.0,0.5362602886439857,1.1937035541708845,0.16666666666666666,37.0,37.0,37.0,3.7,30.833333333333332,3.0833333333333335,5
7,50,0.99,0.5,0.95,0.5,2,kf_sa_seed_0002.npz,50,651,700,0.7250384024577573,0.21351766513056836,0.06144393241167435,0.4157142857142857,0.4942857142857143,0.09,0.6410066617320503,0.6177829099307159,0.38221709006928406,0.40751920122887864,0.7012069343866579,0.6533426248522348,0.12967722580681154,0.2666586799613409,0.13698145415452936,26,19.24500370096225,50.03703703703704,50.0,0.5362602886439857,1.1937035541708845,0.16666666666666666,37.0,37.0,37.0,3.7,29.833333333333332,2.9833333333333334,5
7,50,0.995,0.5,0.95,0.5,2,kf_sa_seed_0002.npz,50,651,700,0.7357910906298003,0.20430107526881722,0.059907834101382486,0.43857142857142856,0.4742857142857143,0.08714285714285715,0.6558105107327905,0.6094808126410836,0.39051918735891644,0.41146697388632875,0.6777287689269256,0.6475004527343042,0.13230751449981404,0.2855324336982255,0.15322491919841147,18,13.323464100666174,71.10526315789474,50.0,0.5362602886439857,1.1937035541708845,0.16666666666666666,39.0,39.0,39.0,3.9000000000000004,28.666666666666668,2.866666666666667,5
7,70,0.95,0.5,0.95,0.5,2,kf_sa_seed_0002.npz,70,631,700,0.7321711568938193,0.18700475435816163,0.08082408874801902,0.5028571428571429,0.42,0.07714285714285714,0.69045830202855,0.5614798694232862,0.4385201305767138,0.40465700701833823,0.6849264206474983,0.6402928385092728,0.15195204550533808,0.22421096953536546,0.07225892403002737,26,19.53418482344102,49.2962962962963,70.0,0.5381029986281619,1.1937035541708845,0.3333333333333333,73.0,73.0,97.0,7.300000000000001,28.5,2.85,4
7,70,0.98,0.5,0.95,0.5,2,kf_sa_seed_0002.npz,70,631,700,0.7274167987321711,0.1949286846275753,0.07765451664025357,0.54,0.38857142857142857,0.07142857142857142,0.7032306536438768,0.5438034188034188,0.45619658119658124,0.39942268508037126,0.6421326692325108,0.6142456138113218,0.1538790330866766,0.2059392768318527,0.052060243745176094,20,15.026296018031555,63.38095238095238,70.0,0.5381029986281619,1.1937035541708845,0.16666666666666666,51.0,51.0,51.0,5.1000000000000005,28.666666666666668,2.866666666666667,5
7,70,0.99,0.5,0.95,0.5,2,kf_sa_seed_0002.npz,70,631,700,0.7258320126782885,0.19334389857369255,0.08082408874801902,0.5785714285714286,0.35,0.07142857142857142,0.724267468069121,0.5269709543568465,0.4730290456431535,0.3986302920534299,0.6057052297939778,0.5929343495135245,0.15388944731341453,0.19402184015250348,0.040132392839088954,20,15.026296018031555,63.38095238095238,70.0,0.5381029986281619,1.1937035541708845,0.16666666666666666,50.0,50.0,50.0,5.0,28.666666666666668,2.866666666666667,5
7,70,0.995,0.5,0.95,0.5,2,kf_sa_seed_0002.npz,70,631,700,0.7274167987321711,0.196513470681458,0.07606973058637084,0.5657142857142857,0.36428571428571427,0.07,0.7152516904583021,0.5336134453781513,0.46638655462184875,0.3987083993660856,0.5813312202852615,0.5861106210771767,0.15525317701563776,0.19807106449266973,0.04281788747703197,24,18.031555221637866,53.24,70.0,0.5381029986281619,1.1937035541708845,0.16666666666666666,51.0,51.0,51.0,5.1000000000000005,28.333333333333332,2.8333333333333335,5
10,50,0.95,0.5,0.95,0.5,2,kf_sa_seed_0002.npz,50,651,700,0.4838709677419355,0.4608294930875576,0.055299539170506916,0.14714285714285713,0.7757142857142857,0.07714285714285714,0.3760177646188009,0.7263779527559056,0.27362204724409445,0.28050691244239634,0.7224402018872065,0.6868128014883343,0.16738677472264188,0.31870950779491675,0.15132273307227487,51,37.749814951887494,25.98076923076923,60.0,0.5362602886439857,1.1937035541708845,0.16666666666666666,46.0,46.0,46.0,4.6000000000000005,41.166666666666664,4.116666666666666,5
10,50,0.98,0.5,0.95,0.5,2,kf_sa_seed_0002.npz,50,651,700,0.6175115207373272,0.3241167434715822,0.05837173579109063,0.24857142857142858,0.6814285714285714,0.07,0.49074759437453735,0.6802413273001509,0.31975867269984914,0.3437557603686636,0.6903269694974764,0.6516211796342329,0.15960220127991376,0.26790178098988926,0.1082995797099755,27,19.98519615099926,48.25,60.0,0.5362602886439857,1.1937035541708845,0.16666666666666666,51.0,51.0,51.0,5.1000000000000005,40.5,4.05,5
10,50,0.99,0.5,0.95,0.5,2,kf_sa_seed_0002.npz,50,651,700,0.6298003072196621,0.3087557603686636,0.06144393241167435,0.37714285714285717,0.5642857142857143,0.05857142857142857,0.5588452997779423,0.5973509933774834,0.40264900662251657,0.34418586789554534,0.6533925828395875,0.6091074552655531,0.15424277475184905,0.21727633325983617,0.06303355850798711,25,18.50481125092524,51.96153846153846,55.0,0.5362602886439857,1.1937035541708845,0.16666666666666666,59.0,59.0,59.0,5.9,39.833333333333336,3.983333333333334,5
10,50,0.995,0.5,0.95,0.5,2,kf_sa_seed_0002.npz,50,651,700,0.6682027649769585,0.271889400921659,0.059907834101382486,0.4857142857142857,0.4714285714285714,0.04285714285714286,0.6247224278312361,0.5509478672985783,0.44905213270142175,0.35552995391705067,0.6161224489795918,0.5698495231044309,0.14481118148291602,0.1600785757211527,0.01526739423823667,29,21.46558105107328,45.03333333333333,55.0,0.5362602886439857,1.1937035541708845,0.16666666666666666,70.0,70.0,70.0,7.0,32.333333333333336,3.233333333333334,5
10,70,0.95,0.5,0.95,0.5,2,kf_sa_seed_0002.npz,70,631,700,0.5990491283676703,0.329635499207607,0.07131537242472266,0.36857142857142855,0.5757142857142857,0.055714285714285716,0.540946656649136,0.5791666666666667,0.4208333333333333,0.327381707040978,0.6480167534525696,0.6106029864718273,0.17016781469300518,0.22745775773589605,0.05728994304289087,18,13.5236664162284,70.05263157894737,70.0,0.5381029986281619,1.1937035541708845,0.16666666666666666,61.0,61.0,61.0,6.1000000000000005,42.333333333333336,4.233333333333333,5
10,70,0.98,0.5,0.95,0.5,2,kf_sa_seed_0002.npz,70,631,700,0.6323296354992076,0.2931854199683043,0.07448494453248812,0.43857142857142856,0.5142857142857142,0.047142857142857146,0.5905334335086401,0.549618320610687,0.45038167938931295,0.3397362463210324,0.6078446909667194,0.5741033680678468,0.17007973901166054,0.18922974888470817,0.01915000987304763,22,16.52892561983471,57.869565217391305,70.0,0.5381029986281619,1.1937035541708845,0.16666666666666666,67.0,67.0,67.0,6.7,38.833333333333336,3.8833333333333337,5
10,70,0.99,0.5,0.95,0.5,2,kf_sa_seed_0002.npz,70,631,700,0.6450079239302694,0.2805071315372425,0.07448494453248812,0.5228571428571429,0.43714285714285717,0.04,0.637114951164538,0.5129716981132075,0.48702830188679247,0.3425039619651347,0.574315146026715,0.5450550558769304,0.16604346153519217,0.1516241984175489,-0.014419263117643272,18,13.5236664162284,70.05263157894737,70.0,0.5381029986281619,1.1937035541708845,0.16666666666666666,72.0,72.0,72.0,7.2,37.5,3.75,5
10,70,0.995,0.5,0.95,0.5,2,kf_sa_seed_0002.npz,70,631,700,0.6751188589540412,0.25039619651347067,0.07448494453248812,0.6342857142857142,0.3357142857142857,0.03,0.70473328324568,0.47654584221748403,0.523454157782516,0.3525594294770206,0.5394000452796015,0.5184872197851911,0.15492555545290887,0.11051978452559261,-0.04440577092731626,24,18.031555221637866,53.24,70.0,0.5381029986281619,1.1937035541708845,0.16666666666666666,79.0,79.0,79.0,7.9,34.166666666666664,3.4166666666666665,5
5,25,0.95,0.5,0.95,0.5,3,kf_sa_seed_0003.npz,25,676,700,0.5650887573964497,0.4068047337278107,0.028106508875739646,0.19714285714285715,0.6985714285714286,0.10428571428571429,0.44476744186046513,0.7434640522875817,0.2565359477124183,0.334687235841082,0.781458157227388,0.7876383004223964,0.10583715096347643,0.3885482384368203,0.28271108747334384,86,62.5,15.816091954022989,31.0,0.5465480583136779,1.0148248831744984,0.3333333333333333,69.0,69.0,104.0,6.9,16.666666666666668,1.666666666666667,4
5,25,0.98,0.5,0.95,0.5,3,kf_sa_seed_0003.npz,25,676,700,0.7869822485207101,0.17899408284023668,0.034023668639053255,0.2642857142857143,0.6371428571428571,0.09857142857142857,0.5879360465116279,0.7428924598269468,0.25710754017305315,0.4427768385460693,0.7726204564666103,0.774891663235786,0.089989428556893,0.3512575290003157,0.2612681004434227,50,36.33720930232558,26.980392156862745,31.0,0.5465480583136779,1.0148248831744984,0.16666666666666666,33.0,33.0,33.0,3.3000000000000003,16.666666666666668,1.666666666666667,5
5,25,0.99,0.5,0.95,0.5,3,kf_sa_seed_0003.npz,25,676,700,0.8150887573964497,0.14940828402366865,0.03550295857988166,0.3414285714285714,0.5428571428571428,0.11571428571428571,0.6504360465116279,0.7061452513966481,0.2938547486033519,0.46540152155536774,0.7519103972950126,0.7588224579873684,0.0852633744929145,0.33861280830618834,0.25334943381327385,44,31.976744186046513,30.57777777777778,31.0,0.5465480583136779,1.0148248831744984,0.3333333333333333,65.5,65.5,100.0,6.550000000000001,16.666666666666668,1.666666666666667,4
5,25,0.995,0.5,0.95,0.5,3,kf_sa_seed_0003.npz,25,676,700,0.8476331360946746,0.11538461538461539,0.03698224852071006,0.46,0.42857142857142855,0.11142857142857143,0.7252906976744186,0.6523046092184369,0.3476953907815631,0.479530853761623,0.7066737109044802,0.7346110476866213,0.07966158370897491,0.319871062944001,0.24020947923502606,30,21.802325581395348,44.38709677419355,31.0,0.5465480583136779,1.0148248831744984,0.5,68.33333333333333,77.0,96.0,6.833333333333333,15.5,1.55,3
5,35,0.95,0.5,0.95,0.5,3,kf_sa_seed_0003.npz,35,666,700,0.8048048048048048,0.15765765765765766,0.03753753753753754,0.29,0.6114285714285714,0.09857142857142857,0.609809663250366,0.7262905162064826,0.27370948379351745,0.45168811668811665,0.7688931788931789,0.7682915718264492,0.08905398258457005,0.3402668013551974,0.25121281877062734,40,29.282576866764277,33.31707317073171,35.0,0.5499533855217135,1.0148248831744984,0.3333333333333333,56.5,56.5,74.0,5.65,17.833333333333332,1.7833333333333332,4
5,35,0.98,0.5,0.95,0.5,3,kf_sa_seed_0003.npz,35,666,700,0.8378378378378378,0.12012012012012012,0.042042042042042045,0.37285714285714283,0.53,0.09714285714285714,0.6698389458272328,0.6841530054644809,0.3158469945355191,0.46749034749034746,0.7525611325611326,0.7459176383813212,0.08754637430897964,0.31058985501861636,0.2230434807096367,38,27.81844802342606,35.02564102564103,35.0,0.5499533855217135,1.0148248831744984,0.3333333333333333,57.0,57.0,75.0,5.7,17.0,1.7000000000000002,4
5,35,0.99,0.5,0.95,0.5,3,kf_sa_seed_0003.npz,35,666,700,0.8468468468468469,0.1111111111111111,0.042042042042042045,0.43142857142857144,0.4714285714285714,0.09714285714285714,0.7042459736456809,0.656964656964657,0.343035343035343,0.471994851994852,0.7256842556842557,0.7304052689135251,0.08850967506983232,0.30586912727850646,0.21735945220867414,34,24.890190336749633,39.02857142857143,35.0,0.5499533855217135,1.0148248831744984,0.16666666666666666,37.0,37.0,37.0,3.7,17.166666666666668,1.7166666666666668,5
5,35,0.995,0.5,0.95,0.5,3,kf_sa_seed_0003.npz,35,666,700,0.8528528528528528,0.10510510510510511,0.042042042042042045,0.49142857142857144,0.41,0.09857142857142857,0.7386530014641288,0.6313181367690783,0.36868186323092167,0.4757121407121407,0.698976833976834,0.7149759321835685,0.08565146725981614,0.2982164454692916,0.21256497820947545,28,20.497803806734993,47.10344827586207,35.0,0.5499533855217135,1.0148248831744984,0.16666666666666666,34.0,34.0,34.0,3.4000000000000004,16.333333333333332,1.6333333333333333,5
5,50,0.95,0.5,0.95,0.5,3,kf_sa_seed_0003.npz,50,651,700,0.8341013824884793,0.11827956989247312,0.047619047619047616,0.43714285714285717,0.4614285714285714,0.10142857142857142,0.7039230199851961,0.6456361724500526,0.35436382754994744,0.46776497695852537,0.7372218564845293,0.7285486547778758,0.09616319384295732,0.2777807592451206,0.18161756540216326,30,22.20577350111029,43.58064516129032,50.0,0.5546002542213687,1.0148248831744984,0.3333333333333333,59.5,59.5,73.0,5.95,17.0,1.7000000000000002,4
5,50,0.98,0.5,0.95,0.5,3,kf_sa_seed_0003.npz,50,651,700,0.8341013824884793,0.11827956989247312,0.047619047619047616,0.5128571428571429,0.38571428571428573,0.10142857142857142,0.7431532198371577,0.6115537848605578,0.3884462151394422,0.46776497695852537,0.7129405310511301,0.7078111360455188,0.09928336925709885,0.2534838497285015,0.15420048047140267,30,22.20577350111029,43.58064516129032,50.0,0.5546002542213687,1.0148248831744984,0.3333333333333333,59.5,59.5,76.0,5.95,17.5,1.75,4
5,50,0.99,0.5,0.95,0.5,3,kf_sa_seed_0003.npz,50,651,700,0.8325652841781874,0.11827956989247312,0.04915514592933948,0.5585714285714286,0.36428571428571427,0.07714285714285714,0.7542561065877128,0.5848871442590775,0.4151128557409225,0.4548540706605223,0.6756484529295589,0.6837782455532444,0.1021271561040731,0.23862213477060748,0.13649497866653437,24,17.764618800888233,54.04,50.0,0.5546002542213687,1.0148248831744984,0.16666666666666666,46.0,46.0,46.0,4.6000000000000005,18.166666666666668,1.8166666666666669,5
5,50,0.995,0.5,0.95,0.5,3,kf_sa_seed_0003.npz,50,651,700,0.8448540706605223,0.10445468509984639,0.05069124423963134,0.5671428571428572,0.31285714285714283,0.12,0.7875647668393783,0.5958646616541353,0.4041353383458647,0.48242703533026116,0.6573908272986614,0.6799801412927723,0.1008209557342602,0.2580403825881059,0.1572194268538457,16,11.843079200592154,79.47058823529412,50.0,0.5546002542213687,1.0148248831744984,0.3333333333333333,57.5,57.5,71.0,5.75,16.833333333333332,1.6833333333333333,4
5,70,0.95,0.5,0.95,0.5,3,kf_sa_seed_0003.npz,70,631,700,0.8082408874801902,0.1347068145800317,0.05705229793977813,0.6185714285714285,0.2914285714285714,0.09,0.782870022539444,0.5499040307101728,0.4500959692898272,0.4491204437400951,0.6456690061127462,0.6359051087019703,0.1221653692356169,0.2031750623684938,0.08100969313287691,18,13.5236664162284,70.05263157894737,70.0,0.554500157852142,1.0148248831744984,0.3333333333333333,68.5,68.5,77.0,6.8500000000000005,20.166666666666668,2.016666666666667,4
5,70,0.98,0.5,0.95,0.5,3,kf_sa_seed_0003.npz,70,631,700,0.8003169572107766,0.13787638668779714,0.061806656101426306,0.65,0.2857142857142857,0.06428571428571428,0.7843726521412472,0.5268199233716475,0.4731800766283525,0.4323013357482454,0.6223092596785148,0.6142384295064136,0.12460393646135702,0.19057370349261687,0.06596976703125985,16,12.021036814425244,78.29411764705883,70.0,0.554500157852142,1.0148248831744984,0.3333333333333333,77.5,77.5,94.0,7.75,21.0,2.1,4
5,70,0.99,0.5,0.95,0.5,3,kf_sa_seed_0003.npz,70,631,700,0.7987321711568938,0.13946117274167988,0.061806656101426306,0.66,0.27285714285714285,0.06714285714285714,0.7903831705484599,0.5237642585551331,0.4762357414448669,0.43293751414987547,0.5973669911704776,0.601456124472079,0.12754220331483723,0.17785585757707617,0.05031365426223894,14,10.518407212622089,88.73333333333333,70.0,0.554500157852142,1.0148248831744984,0.3333333333333333,76.0,76.0,94.0,7.6000000000000005,21.166666666666668,2.1166666666666667,4
5,70,0.995,0.5,0.95,0.5,3,kf_sa_seed_0003.npz,70,631,700,0.7939778129952456,0.1410459587955626,0.06497622820919176,0.6657142857142857,0.24857142857142858,0.08571428571428572,0.8024042073628851,0.5252808988764045,0.4747191011235955,0.4398460493547657,0.5676635725605614,0.583833167732993,0.127414545219222,0.17230443553804878,0.044889890318826786,20,15.026296018031555,63.38095238095238,70.0,0.554500157852142,1.0148248831744984,0.3333333333333333,69.5,69.5,81.0,6.95,21.666666666666668,2.166666666666667,4
7,35,0.95,0.5,0.95,0.5,3,kf_sa_seed_0003.npz,35,666,700,0.45495495495495497,0.512012012012012,0.03303303303303303,0.15285714285714286,0.7614285714285715,0.08571428571428572,0.3601756954612006,0.7378048780487805,0.2621951219512195,0.27033462033462036,0.7506177606177606,0.7647342108538305,0.12583676986385423,0.3752486096780963,0.2494118398142421,55,40.26354319180088,24.392857142857142,39.0,0.5499533855217135,1.0148248831744984,0.16666666666666666,40.0,40.0,40.0,4.0,33.833333333333336,3.3833333333333337,5
7,35,0.98,0.5,0.95,0.5,3,kf_sa_seed_0003.npz,35,666,700,0.5525525525525525,0.4144144144144144,0.03303303303303303,0.2557142857142857,0.66,0.08428571428571428,0.45973645680819913,0.6799363057324841,0.3200636942675159,0.3184191334191334,0.7331467181467182,0.7531090351760088,0.10807998123484694,0.3503744034592893,0.24229442222444234,51,37.33528550512445,26.26923076923077,39.0,0.5499533855217135,1.0148248831744984,0.16666666666666666,41.0,41.0,41.0,4.1000000000000005,36.5,3.6500000000000004,5
7,35,0.99,0.5,0.95,0.5,3,kf_sa_seed_0003.npz,35,666,700,0.6456456456456456,0.3183183183183183,0.036036036036036036,0.3357142857142857,0.58,0.08428571428571428,0.5475841874084919,0.6537433155080213,0.34625668449197866,0.36496567996567997,0.7194358644358644,0.7373957049741794,0.1008592764935011,0.33403395064101166,0.23317467414751056,39,28.55051244509517,34.15,39.0,0.5499533855217135,1.0148248831744984,0.16666666666666666,41.0,41.0,41.0,4.1000000000000005,28.833333333333332,2.8833333333333333,5
7,35,0.995,0.5,0.95,0.5,3,kf_sa_seed_0003.npz,35,666,700,0.6891891891891891,0.2732732732732733,0.03753753753753754,0.3385714285714286,0.5742857142857143,0.08714285714285715,0.5724743777452416,0.6649616368286445,0.3350383631713555,0.38816602316602317,0.7041505791505791,0.7295410360303692,0.10200149299683292,0.3330675120504108,0.23106601905357788,35,25.62225475841874,37.94444444444444,39.0,0.5499533855217135,1.0148248831744984,0.16666666666666666,39.0,39.0,39.0,3.9000000000000004,22.333333333333332,2.2333333333333334,5
7,50,0.95,0.5,0.95,0.5,3,kf_sa_seed_0003.npz,50,651,700,0.6774193548387096,0.28110599078341014,0.041474654377880185,0.3057142857142857,0.62,0.07428571428571429,0.543301258327165,0.6716621253405994,0.32833787465940056,0.37585253456221196,0.7372459951722624,0.7378922974053815,0.10503676132654825,0.30403913628093276,0.1990023749543845,40,29.607698001480387,32.951219512195124,50.0,0.5546002542213687,1.0148248831744984,0.16666666666666666,48.0,48.0,48.0,4.800000000000001,29.833333333333332,2.9833333333333334,5
7,50,0.98,0.5,0.95,0.5,3,kf_sa_seed_0003.npz,50,651,700,0.7434715821812596,0.21505376344086022,0.041474654377880185,0.36428571428571427,0.56,0.07571428571428572,0.6062176165803109,0.6556776556776557,0.3443223443223443,0.4095929339477727,0.7126245336844416,0.7162092691004679,0.10288713105460669,0.2782063527510469,0.1753192216964402,46,34.048852701702444,28.74468085106383,50.0,0.5546002542213687,1.0148248831744984,0.16666666666666666,48.0,48.0,48.0,4.800000000000001,24.833333333333332,2.4833333333333334,5
7,50,0.99,0.5,0.95,0.5,3,kf_sa_seed_0003.npz,50,651,700,0.7788018433179723,0.18125960061443933,0.039938556067588324,0.43714285714285717,0.49,0.07285714285714286,0.6587712805329385,0.6269662921348315,0.37303370786516854,0.4258294930875576,0.6820430107526881,0.6965168451393474,0.10066446137495176,0.27182257005300414,0.17115810867805237,26,19.24500370096225,50.03703703703704,50.0,0.5546002542213687,1.0148248831744984,0.16666666666666666,49.0,49.0,49.0,4.9,23.0,2.3000000000000003,5
7,50,0.995,0.5,0.95,0.5,3,kf_sa_seed_0003.npz,50,651,700,0.7972350230414746,0.15668202764976957,0.04608294930875576,0.44571428571428573,0.48142857142857143,0.07285714285714286,0.6750555144337528,0.625,0.375,0.43504608294930874,0.6688698705288567,0.6911874410996356,0.1001267179439512,0.26802929588129343,0.16790257793734223,34,25.166543301258326,38.6,50.0,0.5546002542213687,1.0148248831744984,0.16666666666666666,50.0,50.0,50.0,5.0,20.666666666666668,2.066666666666667,5
7,70,0.95,0.5,0.95,0.5,3,kf_sa_seed_0003.npz,70,631,700,0.7733755942947702,0.17591125198098256,0.05071315372424723,0.5014285714285714,0.44142857142857145,0.05714285714285714,0.6844477836213373,0.579582875960483,0.42041712403951703,0.4152592257188137,0.6672447362463211,0.6575398608673644,0.11489695106867334,0.21771364194859918,0.10281669087992584,22,16.52892561983471,57.869565217391305,70.0,0.554500157852142,1.0148248831744984,0.16666666666666666,60.0,60.0,60.0,6.0,24.0,2.4000000000000004,5
7,70,0.98,0.5,0.95,0.5,3,kf_sa_seed_0003.npz,70,631,700,0.7733755942947702,0.17115689381933438,0.0554675118858954,0.56,0.3842857142857143,0.055714285714285716,0.7167543200601052,0.5524109014675053,0.44758909853249473,0.41454494000452796,0.6394973964229115,0.6358949717170678,0.11579018185305173,0.20413188529109622,0.08834170343804448,14,10.518407212622089,88.73333333333333,70.0,0.554500157852142,1.0148248831744984,0.16666666666666666,61.0,61.0,61.0,6.1000000000000005,23.833333333333332,2.3833333333333333,5
7,70,0.99,0.5,0.95,0.5,3,kf_sa_seed_0003.npz,70,631,700,0.7702060221870047,0.17432646592709986,0.0554675118858954,0.5871428571428572,0.3585714285714286,0.054285714285714284,0.7287753568745304,0.5402061855670103,0.4597938144329897,0.4122458682363595,0.6048449173647272,0.618047349635776,0.11822425910811629,0.19733560159350613,0.07911134248538984,10,7.513148009015778,121.0,70.0,0.554500157852142,1.0148248831744984,0.16666666666666666,62.0,62.0,62.0,6.2,24.166666666666668,2.416666666666667,5
7,70,0.995,0.5,0.95,0.5,3,kf_sa_seed_0003.npz,70,631,700,0.7812995245641838,0.1648177496038035,0.05388272583201268,0.5785714285714286,0.36428571428571427,0.05714285714285714,0.7302779864763336,0.5483539094650206,0.4516460905349794,0.4192211908535205,0.5854516640253565,0.6026438906359497,0.1172108684007839,0.19621700130562764,0.07900613290484373,12,9.015777610818933,102.38461538461539,70.0,0.554500157852142,1.0148248831744984,0.16666666666666666,60.0,60.0,60.0,6.0,23.0,2.3000000000000003,5
10,50,0.95,0.5,0.95,0.5,3,kf_sa_seed_0003.npz,50,651,700,0.37019969278033793,0.6006144393241167,0.029185867895545316,0.15285714285714286,0.7871428571428571,0.06,0.3027387120651369,0.6919315403422983,0.3080684596577017,0.21509984639016896,0.7186899275839368,0.7108918896087006,0.14060488792309847,0.29520695655870705,0.15460206863560857,43,31.828275351591415,30.704545454545453,53.0,0.5546002542213687,1.0148248831744984,0.16666666666666666,58.0,58.0,58.0,5.800000000000001,42.8,4.28,5
10,50,0.98,0.5,0.95,0.5,3,kf_sa_seed_0003.npz,50,651,700,0.5775729646697388,0.3932411674347158,0.029185867895545316,0.2985714285714286,0.6557142857142857,0.045714285714285714,0.4707623982235381,0.6415094339622641,0.3584905660377359,0.3116436251920123,0.6841342988808427,0.6746171799487909,0.12726817842479146,0.24754228013255622,0.12027410170776476,39,28.867505551443376,33.775,53.0,0.5546002542213687,1.0148248831744984,0.16666666666666666,68.0,68.0,68.0,6.800000000000001,43.666666666666664,4.366666666666666,5
10,50,0.99,0.5,0.95,0.5,3,kf_sa_seed_0003.npz,50,651,700,0.6559139784946236,0.31490015360983103,0.029185867895545316,0.4085714285714286,0.5614285714285714,0.03,0.5573649148778682,0.5949535192563081,0.4050464807436919,0.3429569892473118,0.6379394338380513,0.6329148410237788,0.11654019077570735,0.19787036503644173,0.08133017426073438,38,28.127313101406365,34.64102564102564,53.0,0.5546002542213687,1.0148248831744984,0.16666666666666666,79.0,79.0,79.0,7.9,37.166666666666664,3.716666666666667,5
10,50,0.995,0.5,0.95,0.5,3,kf_sa_seed_0003.npz,50,651,700,0.728110599078341,0.2534562211981567,0.018433179723502304,0.5857142857142857,0.40285714285714286,0.011428571428571429,0.6691339748334567,0.5331858407079646,0.4668141592920354,0.3697695852534562,0.5876014922097872,0.5843335572166207,0.10395177269766993,0.1392667623582144,0.03531498966054446,28,20.72538860103627,46.58620689655172,53.0,0.5546002542213687,1.0148248831744984,0.16666666666666666,92.0,92.0,92.0,9.200000000000001,29.833333333333332,2.9833333333333334,5
10,70,0.95,0.5,0.95,0.5,3,kf_sa_seed_0003.npz,70,631,700,0.6402535657686212,0.32171156893819336,0.03803486529318542,0.38142857142857145,0.5857142857142857,0.032857142857142856,0.5394440270473329,0.5947075208913649,0.4052924791086351,0.336555354312882,0.6411863255603351,0.6259294859633264,0.13328747973926072,0.21080561748258692,0.0775181377433262,24,18.031555221637866,53.24,70.0,0.554500157852142,1.0148248831744984,0.16666666666666666,77.0,77.0,77.0,7.7,35.333333333333336,3.5333333333333337,5
10,70,0.98,0.5,0.95,0.5,3,kf_sa_seed_0003.npz,70,631,700,0.6846275752773375,0.2757527733755943,0.039619651347068144,0.49142857142857144,0.48428571428571426,0.024285714285714285,0.6145755071374907,0.5488997555012225,0.4511002444987775,0.3544566447815259,0.5975299977360199,0.5881635170850493,0.12799216400579663,0.17235143855512808,0.044359274549331446,22,16.52892561983471,57.869565217391305,70.0,0.554500157852142,1.0148248831744984,0.16666666666666666,83.0,83.0,83.0,8.3,33.0,3.3000000000000003,5
10,70,0.99,0.5,0.95,0.5,3,kf_sa_seed_0003.npz,70,631,700,0.7068145800316957,0.2551505546751189,0.03803486529318542,0.6057142857142858,0.38,0.014285714285714285,0.6791885800150262,0.504424778761062,0.49557522123893805,0.360550147158705,0.5581186325560336,0.5553265218658475,0.12105007118863467,0.13376293937731204,0.012712868188677368,20,15.026296018031555,63.38095238095238,70.0,0.554500157852142,1.0148248831744984,0.16666666666666666,90.0,90.0,90.0,9.0,31.666666666666668,3.166666666666667,5
10,70,0.995,0.5,0.95,0.5,3,kf_sa_seed_0003.npz,70,631,700,0.7448494453248812,0.24881141045958796,0.006339144215530904,0.6757142857142857,0.3242857142857143,0.0,0.7114951164537942,0.4963041182682154,0.5036958817317846,0.3724247226624406,0.518988000905592,0.5238866245457474,0.10785030622197735,0.0902881432182556,-0.01756216300372175,16,12.021036814425244,78.29411764705883,70.0,0.554500157852142,1.0148248831744984,0.0,,,,,26.666666666666668,2.666666666666667,6
5,25,0.95,0.5,0.95,0.5,4,kf_sa_seed_0004.npz,25,676,700,0.6301775147928994,0.34763313609467456,0.022189349112426034,0.17857142857142858,0.7328571428571429,0.08857142857142856,0.4563953488372093,0.7770700636942676,0.22292993630573243,0.35937447168216397,0.7786200338123415,0.7655494860335128,0.12080014443943966,0.35505337791787767,0.23425323347843802,54,39.24418604651163,25.01818181818182,31.0,0.5447196598631688,0.9212443228803279,0.16666666666666666,38.0,38.0,38.0,3.8000000000000003,29.333333333333332,2.9333333333333336,5
5,25,0.98,0.5,0.95,0.5,4,kf_sa_seed_0004.npz,25,676,700,0.7130177514792899,0.2603550295857988,0.026627218934911243,0.3157142857142857,0.5971428571428572,0.08714285714285715,0.5683139534883721,0.6943734015345269,0.30562659846547313,0.40008030431107355,0.764683009298394,0.7329076911333503,0.11135184291100939,0.3127546570820714,0.201402814171062,29,21.075581395348838,45.86666666666667,33.0,0.5447196598631688,0.9212443228803279,0.16666666666666666,39.0,39.0,39.0,3.9000000000000004,28.833333333333332,2.8833333333333333,5
5,25,0.99,0.5,0.95,0.5,4,kf_sa_seed_0004.npz,25,676,700,0.7396449704142012,0.23372781065088757,0.026627218934911243,0.39285714285714285,0.5157142857142857,0.09142857142857143,0.6228197674418605,0.6581096849474912,0.3418903150525088,0.4155367709213863,0.7547358410819949,0.7182604775651031,0.10179353621639055,0.29812751100689655,0.19633397479050602,29,21.075581395348838,45.86666666666667,33.0,0.5447196598631688,0.9212443228803279,0.16666666666666666,37.0,37.0,37.0,3.7,28.166666666666668,2.816666666666667,5
5,25,0.995,0.5,0.95,0.5,4,kf_sa_seed_0004.npz,25,676,700,0.735207100591716,0.23372781065088757,0.03106508875739645,0.41714285714285715,0.49142857142857144,0.09142857142857143,0.6351744186046512,0.6418764302059496,0.35812356979405036,0.4133178360101437,0.6980325443786982,0.7024761773620144,0.09831303186372013,0.29775518144953095,0.1994421495858108,39,28.343023255813954,34.4,33.0,0.5447196598631688,0.9212443228803279,0.16666666666666666,36.0,36.0,36.0,3.6,27.833333333333332,2.783333333333333,5
5,35,0.95,0.5,0.95,0.5,4,kf_sa_seed_0004.npz,35,666,700,0.7387387387387387,0.23423423423423423,0.02702702702702703,0.36857142857142855,0.5457142857142857,0.08571428571428572,0.6061493411420205,0.6666666666666666,0.33333333333333337,0.41222651222651224,0.7586250536250536,0.729946048261514,0.113392700106129,0.28885971361912277,0.17546701351299376,36,26.35431918008785,36.91891891891892,35.0,0.5452426604459694,0.9212443228803279,0.16666666666666666,40.0,40.0,40.0,4.0,28.0,2.8000000000000003,5
5,35,0.98,0.5,0.95,0.5,4,kf_sa_seed_0004.npz,35,666,700,0.7492492492492493,0.22372372372372373,0.02702702702702703,0.4328571428571429,0.48142857142857143,0.08571428571428572,0.6442166910688141,0.6352272727272728,0.36477272727272725,0.4174817674817675,0.7392299442299443,0.7045255808250954,0.10944275370747289,0.2544836072599406,0.14504085355246774,30,21.961932650073205,44.064516129032256,35.0,0.5452426604459694,0.9212443228803279,0.16666666666666666,40.0,40.0,40.0,4.0,28.166666666666668,2.816666666666667,5
5,35,0.99,0.5,0.95,0.5,4,kf_sa_seed_0004.npz,35,666,700,0.7567567567567568,0.21021021021021022,0.03303303303303303,0.5142857142857142,0.3985714285714286,0.08714285714285715,0.6932650073206442,0.5966209081309398,0.4033790918690602,0.421949806949807,0.7064264264264264,0.677837770531788,0.11214702533474023,0.24026124964247897,0.12811422430773872,24,17.569546120058565,54.64,35.0,0.5452426604459694,0.9212443228803279,0.16666666666666666,39.0,39.0,39.0,3.9000000000000004,26.666666666666668,2.666666666666667,5
5,35,0.995,0.5,0.95,0.5,4,kf_sa_seed_0004.npz,35,666,700,0.7792792792792793,0.18468468468468469,0.036036036036036036,0.5214285714285715,0.3914285714285714,0.08714285714285715,0.7093704245973645,0.5985552115583075,0.4014447884416925,0.43321106821106825,0.6569026169026169,0.6518504832274663,0.10535470390382629,0.22498561332021116,0.11963090941638488,20,14.641288433382138,65.04761904761905,35.0,0.5452426604459694,0.9212443228803279,0.16666666666666666,39.0,39.0,39.0,3.9000000000000004,24.333333333333332,2.4333333333333336,5
5,50,0.95,0.5,0.95,0.5,4,kf_sa_seed_0004.npz,50,651,700,0.7219662058371735,0.24270353302611367,0.03533026113671275,0.5,0.43142857142857144,0.06857142857142857,0.6595114729829755,0.5813692480359147,0.4186307519640853,0.39526881720430107,0.7088413429888084,0.6765801089850733,0.11294651027788159,0.21455257516764611,0.10160606488976452,30,22.20577350111029,43.58064516129032,50.0,0.5361067243886412,0.9212443228803279,0.16666666666666666,52.0,52.0,52.0,5.2,30.166666666666668,3.016666666666667,5
5,50,0.98,0.5,0.95,0.5,4,kf_sa_seed_0004.npz,50,651,700,0.7327188940092166,0.22734254992319508,0.039938556067588324,0.5742857142857143,0.35428571428571426,0.07142857142857142,0.7068837897853442,0.5518324607329843,0.4481675392670157,0.402073732718894,0.6779372394118938,0.6516045210146183,0.11222156114047299,0.19091599064441997,0.07869442950394698,30,22.20577350111029,43.58064516129032,50.0,0.5361067243886412,0.9212443228803279,0.16666666666666666,50.0,50.0,50.0,5.0,28.5,2.85,5
5,50,0.99,0.5,0.95,0.5,4,kf_sa_seed_0004.npz,50,651,700,0.7572964669738863,0.2073732718894009,0.03533026113671275,0.63,0.29714285714285715,0.07285714285714286,0.7461139896373057,0.5396825396825397,0.46031746031746035,0.4150768049155146,0.6296927803379416,0.6252519930654734,0.11135181388483986,0.18051825902188204,0.06916644513704218,22,16.28423390081421,58.73913043478261,50.0,0.5361067243886412,0.9212443228803279,0.16666666666666666,49.0,49.0,49.0,4.9,19.833333333333332,1.9833333333333334,5
5,50,0.995,0.5,0.95,0.5,4,kf_sa_seed_0004.npz,50,651,700,0.7665130568356375,0.1889400921658986,0.0445468509984639,0.6885714285714286,0.24,0.07142857142857142,0.7846039970392302,0.5179245283018868,0.48207547169811316,0.41897081413210446,0.5898222514812377,0.6007871658492304,0.10736575006543159,0.16453084534340648,0.05716509527797489,20,14.803849000740193,64.33333333333333,50.0,0.5361067243886412,0.9212443228803279,0.16666666666666666,50.0,50.0,50.0,5.0,25.333333333333332,2.533333333333333,5
5,70,0.95,0.5,0.95,0.5,4,kf_sa_seed_0004.npz,70,631,700,0.7179080824088748,0.23613312202852615,0.04595879556259905,0.74,0.21428571428571427,0.045714285714285714,0.7753568745304282,0.4699612403100775,0.5300387596899225,0.38181118406158027,0.5891419515508264,0.5693928129157287,0.11945518430160744,0.14322767439964698,0.023772490098039542,26,19.53418482344102,49.2962962962963,70.0,0.5407563341350561,0.9212443228803279,0.16666666666666666,68.0,68.0,68.0,6.800000000000001,22.833333333333332,2.283333333333333,5
5,70,0.98,0.5,0.95,0.5,4,kf_sa_seed_0004.npz,70,631,700,0.7496038034865293,0.20285261489698891,0.04754358161648178,0.79,0.16285714285714287,0.047142857142857146,0.8181818181818182,0.46464646464646464,0.5353535353535354,0.39837333031469324,0.5532035318089201,0.5497635646642655,0.11905206705732325,0.1326873740239984,0.013635306966675156,34,25.544703230653642,38.02857142857143,70.0,0.5407563341350561,0.9212443228803279,0.16666666666666666,67.0,67.0,67.0,6.7,23.166666666666668,2.316666666666667,5
5,70,0.99,0.5,0.95,0.5,4,kf_sa_seed_0004.npz,70,631,700,0.7733755942947702,0.17274167987321712,0.05388272583201268,0.8128571428571428,0.13714285714285715,0.05,0.8459804658151766,0.4644760213143872,0.5355239786856127,0.4116877971473851,0.5067670364500793,0.529767700673355,0.11788435214515423,0.12831716394525128,0.010432811800097044,10,7.513148009015778,121.0,70.0,0.5407563341350561,0.9212443228803279,0.16666666666666666,65.0,65.0,65.0,6.5,22.0,2.2,5
5,70,0.995,0.5,0.95,0.5,4,kf_sa_seed_0004.npz,70,631,700,0.7876386687797148,0.15689381933438987,0.0554675118858954,0.81,0.13857142857142857,0.05142857142857143,0.8527422990232908,0.46960352422907486,0.5303964757709252,0.4195336201041431,0.47582974869821143,0.5207058694614667,0.1187878614262,0.12371199671191223,0.004924135285712228,14,10.518407212622089,88.73333333333333,70.0,0.5407563341350561,0.9212443228803279,0.16666666666666666,64.0,64.0,64.0,6.4,22.0,2.2,5
7,35,0.95,0.5,0.95,0.5,4,kf_sa_seed_0004.npz,35,666,700,0.5825825825825826,0.3948948948948949,0.02252252252252252,0.22428571428571428,0.69,0.08571428571428572,0.4538799414348463,0.7225806451612903,0.2774193548387097,0.33414843414843415,0.7461175461175461,0.740433872082751,0.1278071941149207,0.32182782133052945,0.19402062721560875,54,39.53147877013177,24.836363636363636,35.0,0.5452426604459694,0.9212443228803279,0.16666666666666666,40.0,40.0,40.0,4.0,32.5,3.25,5
7,35,0.98,0.5,0.95,0.5,4,kf_sa_seed_0004.npz,35,666,700,0.6636636636636637,0.3123123123123123,0.024024024024024024,0.3514285714285714,0.5642857142857143,0.08428571428571428,0.5585651537335286,0.6566186107470511,0.3433813892529489,0.373974688974689,0.721999141999142,0.717379622233304,0.11169946189471641,0.28393768940767083,0.17223822751295442,34,24.890190336749633,39.02857142857143,35.0,0.5452426604459694,0.9212443228803279,0.16666666666666666,41.0,41.0,41.0,4.1000000000000005,32.166666666666664,3.216666666666667,5
7,35,0.99,0.5,0.95,0.5,4,kf_sa_seed_0004.npz,35,666,700,0.6996996996996997,0.2777777777777778,0.02252252252252252,0.41714285714285715,0.49857142857142855,0.08428571428571428,0.6090775988286969,0.6310096153846154,0.3689903846153846,0.391992706992707,0.6864757614757615,0.6945399012543214,0.09930456933905443,0.25573951280150625,0.15643494346245182,28,20.497803806734993,47.10344827586207,35.0,0.5452426604459694,0.9212443228803279,0.16666666666666666,41.0,41.0,41.0,4.1000000000000005,30.666666666666668,3.066666666666667,5
7,35,0.995,0.5,0.95,0.5,4,kf_sa_seed_0004.npz,35,666,700,0.6651651651651652,0.3078078078078078,0.02702702702702703,0.42428571428571427,0.49,0.08571428571428572,0.5988286969253295,0.6149144254278729,0.3850855745721271,0.3754397254397255,0.651057486057486,0.6769013813134468,0.10012591043132743,0.2604077921606067,0.1602818817292793,42,30.74670571010249,31.767441860465116,35.0,0.5452426604459694,0.9212443228803279,0.16666666666666666,40.0,40.0,40.0,4.0,30.833333333333332,3.0833333333333335,5
7,50,0.95,0.5,0.95,0.5,4,kf_sa_seed_0004.npz,50,651,700,0.6912442396313364,0.28110599078341014,0.027649769585253458,0.4157142857142857,0.5128571428571429,0.07142857142857142,0.5988156920799408,0.6180469715698393,0.38195302843016066,0.3813364055299539,0.6959534781654597,0.6869415443809703,0.1107893321585222,0.23744931776115655,0.12665998560263436,20,14.803849000740193,64.33333333333333,50.0,0.5361067243886412,0.9212443228803279,0.16666666666666666,52.0,52.0,52.0,5.2,32.333333333333336,3.233333333333334,5
7,50,0.98,0.5,0.95,0.5,4,kf_sa_seed_0004.npz,50,651,700,0.6943164362519201,0.27342549923195086,0.03225806451612903,0.4742857142857143,0.45571428571428574,0.07,0.6321243523316062,0.5866510538641686,0.4133489461358314,0.38215821812596007,0.6567654158437568,0.6581468110897019,0.10468889788916627,0.2079358792876279,0.10324698139846164,22,16.28423390081421,58.73913043478261,50.0,0.5361067243886412,0.9212443228803279,0.16666666666666666,53.0,53.0,53.0,5.300000000000001,32.666666666666664,3.2666666666666666,5
7,50,0.99,0.5,0.95,0.5,4,kf_sa_seed_0004.npz,50,651,700,0.7142857142857143,0.25499231950844853,0.030721966205837174,0.5114285714285715,0.4157142857142857,0.07285714285714286,0.6617320503330866,0.5771812080536913,0.42281879194630867,0.39357142857142857,0.6192122010094361,0.6348811259427657,0.09951937489327618,0.18509676611257112,0.08557739121929493,30,22.20577350111029,43.58064516129032,50.0,0.5361067243886412,0.9212443228803279,0.16666666666666666,49.0,49.0,49.0,4.9,30.333333333333332,3.033333333333333,5
7,50,0.995,0.5,0.95,0.5,4,kf_sa_seed_0004.npz,50,651,700,0.7327188940092166,0.23963133640552994,0.027649769585253458,0.5242857142857142,0.4042857142857143,0.07142857142857142,0.6750555144337528,0.5778508771929824,0.42214912280701755,0.402073732718894,0.6049045424621462,0.6326837311720273,0.09675049578505607,0.18361383438394596,0.0868633385988899,30,22.20577350111029,43.58064516129032,50.0,0.5361067243886412,0.9212443228803279,0.16666666666666666,50.0,50.0,50.0,5.0,28.666666666666668,2.866666666666667,5
7,70,0.95,0.5,0.95,0.5,4,kf_sa_seed_0004.npz,70,631,700,0.6909667194928685,0.27258320126782887,0.03645007923930269,0.6057142857142858,0.3485714285714286,0.045714285714285714,0.6874530428249437,0.5114754098360655,0.48852459016393446,0.3683405026035771,0.5916028978944985,0.5910821673451423,0.11150409363898524,0.1559963377918428,0.04449224415285756,38,28.549962434259953,34.12820512820513,70.0,0.5407563341350561,0.9212443228803279,0.16666666666666666,68.0,68.0,68.0,6.800000000000001,24.333333333333332,2.4333333333333336,5
7,70,0.98,0.5,0.95,0.5,4,kf_sa_seed_0004.npz,70,631,700,0.7099841521394612,0.24881141045958796,0.04120443740095087,0.7057142857142857,0.25285714285714284,0.041428571428571426,0.749060856498873,0.47843530591775324,0.5215646940822467,0.3757063617840163,0.5572900158478605,0.5681397443704764,0.11030419765091712,0.14007749259741584,0.02977329494649872,26,19.53418482344102,49.2962962962963,70.0,0.5407563341350561,0.9212443228803279,0.16666666666666666,71.0,71.0,71.0,7.1000000000000005,23.833333333333332,2.3833333333333333,5
7,70,0.99,0.5,0.95,0.5,4,kf_sa_seed_0004.npz,70,631,700,0.7654516640253566,0.18858954041204437,0.04595879556259905,0.7685714285714286,0.18714285714285714,0.04428571428571428,0.8121712997746056,0.47548566142460685,0.5245143385753932,0.4048686891555354,0.5147249264206475,0.5465908594104929,0.10768545415050003,0.12966708947199057,0.021981635321490542,26,19.53418482344102,49.2962962962963,70.0,0.5407563341350561,0.9212443228803279,0.16666666666666666,69.0,69.0,69.0,6.9,21.0,2.1,5
7,70,0.995,0.5,0.95,0.5,4,kf_sa_seed_0004.npz,70,631,700,0.7749603803486529,0.17591125198098256,0.0491283676703645,0.74,0.21714285714285714,0.04285714285714286,0.8024042073628851,0.4859550561797753,0.5140449438202247,0.40890876160289785,0.5100090559203079,0.5481251617821044,0.10452863532303293,0.12870724093989785,0.024178605616864926,22,16.52892561983471,57.869565217391305,70.0,0.5407563341350561,0.9212443228803279,0.16666666666666666,70.0,70.0,70.0,7.0,23.0,2.3000000000000003,5
10,50,0.95,0.5,0.95,0.5,4,kf_sa_seed_0004.npz,50,651,700,0.4930875576036866,0.4869431643625192,0.019969278033794162,0.16714285714285715,0.7857142857142857,0.047142857142857146,0.3582531458179127,0.731404958677686,0.26859504132231404,0.2701152073732719,0.6987996488918148,0.6684373169968496,0.14846403327366,0.2512881292809871,0.10282409600732709,31,22.945965951147297,42.21875,50.0,0.5361067243886412,0.9212443228803279,0.16666666666666666,67.0,67.0,67.0,6.7,50.833333333333336,5.083333333333334,5
10,50,0.98,0.5,0.95,0.5,4,kf_sa_seed_0004.npz,50,651,700,0.5376344086021505,0.4470046082949309,0.015360983102918587,0.29428571428571426,0.6685714285714286,0.037142857142857144,0.4381939304219097,0.6351351351351351,0.3648648648648649,0.2873886328725038,0.6458240070221637,0.6174334432891602,0.1346363127116233,0.19738348491472868,0.06274717220310538,34,25.166543301258326,38.6,50.0,0.5361067243886412,0.9212443228803279,0.16666666666666666,74.0,74.0,74.0,7.4,47.5,4.75,5
10,50,0.99,0.5,0.95,0.5,4,kf_sa_seed_0004.npz,50,651,700,0.5821812596006144,0.4039938556067588,0.013824884792626729,0.4685714285714286,0.5142857142857142,0.017142857142857144,0.538860103626943,0.5370879120879121,0.46291208791208793,0.29966205837173576,0.583614219881501,0.5669387210723278,0.1211938686081282,0.14771516518654484,0.026521296578416648,26,19.24500370096225,50.03703703703704,50.0,0.5361067243886412,0.9212443228803279,0.16666666666666666,88.0,88.0,88.0,8.8,45.666666666666664,4.566666666666666,5
10,50,0.995,0.5,0.95,0.5,4,kf_sa_seed_0004.npz,50,651,700,0.6620583717357911,0.3379416282642089,0.0,0.6171428571428571,0.38285714285714284,0.0,0.6387860843819393,0.49942062572421786,0.5005793742757821,0.33102918586789554,0.5145051569014703,0.5196990809423903,0.10115663745278027,0.09615556914063124,-0.005001068312149026,28,20.72538860103627,46.58620689655172,50.0,0.5361067243886412,0.9212443228803279,0.0,,,,,31.666666666666668,3.166666666666667,6
10,70,0.95,0.5,0.95,0.5,4,kf_sa_seed_0004.npz,70,631,700,0.5483359746434231,0.4247226624405705,0.02694136291600634,0.4542857142857143,0.52,0.025714285714285714,0.5251690458302029,0.5207439198855508,0.4792560801144492,0.2870251301788544,0.5695924835861444,0.5566836413319262,0.1395284206042238,0.15629358756561376,0.016765166961389966,18,13.5236664162284,70.05263157894737,70.0,0.5407563341350561,0.9212443228803279,0.16666666666666666,82.0,82.0,82.0,8.200000000000001,47.5,4.75,5
10,70,0.98,0.5,0.95,0.5,4,kf_sa_seed_0004.npz,70,631,700,0.5530903328050714,0.4215530903328051,0.025356576862123614,0.5657142857142857,0.42142857142857143,0.012857142857142857,0.5785123966942148,0.4649350649350649,0.535064935064935,0.28297373783110713,0.5128865745981436,0.5191661885192068,0.1310142703770006,0.12055797984920671,-0.010456290527793899,22,16.52892561983471,57.869565217391305,70.0,0.5407563341350561,0.9212443228803279,0.16666666666666666,91.0,91.0,91.0,9.1,47.166666666666664,4.716666666666667,5
10,70,0.99,0.5,0.95,0.5,4,kf_sa_seed_0004.npz,70,631,700,0.618066561014263,0.3692551505546751,0.012678288431061807,0.7128571428571429,0.28714285714285714,0.0,0.6739293764087152,0.43478260869565216,0.5652173913043479,0.3090332805071315,0.46048901969662664,0.4880349542470028,0.11877435186895038,0.08841692457612065,-0.03035742729282974,32,24.04207362885049,40.333333333333336,70.0,0.5407563341350561,0.9212443228803279,0.0,,,,,34.166666666666664,3.4166666666666665,6
10,70,0.995,0.5,0.95,0.5,4,kf_sa_seed_0004.npz,70,631,700,0.7654516640253566,0.23454833597464342,0.0,0.8314285714285714,0.16857142857142857,0.0,0.8001502629601803,0.4535211267605634,0.5464788732394366,0.3827258320126783,0.41643649535884086,0.46300335077647414,0.0971705568269932,0.05506163667726091,-0.04210892014973229,6,4.507888805409467,190.14285714285714,70.0,0.5407563341350561,0.9212443228803279,0.0,,,,,24.666666666666668,2.466666666666667,6
5,25,0.95,0.5,0.95,0.5,5,kf_sa_seed_0005.npz,25,676,700,0.6715976331360947,0.32840236686390534,0.0,0.27,0.73,0.0,0.467296511627907,0.7060653188180405,0.29393468118195953,0.33579881656804733,0.7584995773457311,0.7754705768421647,0.09459627360620194,0.33264768904194,0.23805141543573805,74,53.77906976744186,18.346666666666668,25.0,0.537332708278593,0.7744671363392382,0.0,,,,,20.833333333333332,2.0833333333333335,6
5,25,0.98,0.5,0.95,0.5,5,kf_sa_seed_0005.npz,25,676,700,0.7840236686390533,0.21597633136094674,0.0,0.3742857142857143,0.6257142857142857,0.0,0.5755813953488372,0.6691919191919192,0.3308080808080808,0.39201183431952663,0.753180473372781,0.7647022800198388,0.07736224211712395,0.2817612612227968,0.20439901910567287,36,26.162790697674417,37.189189189189186,25.0,0.537332708278593,0.7744671363392382,0.0,,,,,20.166666666666668,2.016666666666667,6
5,25,0.99,0.5,0.95,0.5,5,kf_sa_seed_0005.npz,25,676,700,0.8047337278106509,0.1952662721893491,0.0,0.47714285714285715,0.5228571428571429,0.0,0.6380813953488372,0.6195899772209568,0.38041002277904323,0.40236686390532544,0.7282586644125105,0.7441974894155591,0.07626942919218992,0.2836644142517354,0.20739498505954546,18,13.081395348837209,72.42105263157895,25.0,0.537332708278593,0.7744671363392382,0.0,,,,,20.833333333333332,2.0833333333333335,6
5,25,0.995,0.5,0.95,0.5,5,kf_sa_seed_0005.npz,25,676,700,0.7884615384615384,0.21153846153846154,0.0,0.48142857142857143,0.5185714285714286,0.0,0.6322674418604651,0.6126436781609196,0.3873563218390804,0.3942307692307692,0.698541842772612,0.7384398037957562,0.07648954732662874,0.29348639609904503,0.2169968487724163,28,20.348837209302324,47.44827586206897,25.0,0.537332708278593,0.7744671363392382,0.0,,,,,21.833333333333332,2.183333333333333,6
5,35,0.95,0.5,0.95,0.5,5,kf_sa_seed_0005.npz,35,666,700,0.7912912912912913,0.2087087087087087,0.0,0.4085714285714286,0.5914285714285714,0.0,0.5951683748169839,0.6482164821648216,0.35178351783517836,0.39564564564564564,0.7341827541827541,0.7518332134670667,0.07677479546118166,0.2782406754145891,0.20146587995340742,34,24.890190336749633,39.02857142857143,35.0,0.5350279985376701,0.7744671363392382,0.0,,,,,22.166666666666668,2.216666666666667,6
5,35,0.98,0.5,0.95,0.5,5,kf_sa_seed_0005.npz,35,666,700,0.8003003003003003,0.1996996996996997,0.0,0.5185714285714286,0.48142857142857143,0.0,0.6559297218155198,0.5948660714285714,0.4051339285714286,0.40015015015015015,0.7183204633204633,0.7264106218341575,0.07179934838268352,0.24330341081991322,0.1715040624372297,16,11.71303074670571,80.3529411764706,35.0,0.5350279985376701,0.7744671363392382,0.0,,,,,22.333333333333332,2.2333333333333334,6
5,35,0.99,0.5,0.95,0.5,5,kf_sa_seed_0005.npz,35,666,700,0.7897897897897898,0.21021021021021022,0.0,0.5457142857142857,0.4542857142857143,0.0,0.664714494875549,0.579295154185022,0.420704845814978,0.3948948948948949,0.7000450450450451,0.7199256049808024,0.06940700969949555,0.2398467816522341,0.17043977195273857,20,14.641288433382138,65.04761904761905,35.0,0.5350279985376701,0.7744671363392382,0.0,,,,,22.666666666666668,2.266666666666667,6
5,35,0.995,0.5,0.95,0.5,5,kf_sa_seed_0005.npz,35,666,700,0.8003003003003003,0.1996996996996997,0.0,0.5471428571428572,0.45285714285714285,0.0,0.6705710102489019,0.5818777292576419,0.4181222707423581,0.40015015015015015,0.6891141141141142,0.7076261457562769,0.0642029881185357,0.22025978622598594,0.15605679810745024,14,10.248901903367496,91.06666666666666,35.0,0.5350279985376701,0.7744671363392382,0.0,,,,,22.333333333333332,2.2333333333333334,6
5,50,0.95,0.5,0.95,0.5,5,kf_sa_seed_0005.npz,50,651,700,0.7849462365591398,0.21505376344086022,0.0,0.5585714285714286,0.44142857142857145,0.0,0.6676535899333826,0.5665188470066519,0.4334811529933481,0.3924731182795699,0.697926267281106,0.7094288997731353,0.0735640743338444,0.2095317030310884,0.135967628697244,10,7.401924500370097,122.81818181818181,50.0,0.5389938897222475,0.7744671363392382,0.0,,,,,23.333333333333332,2.3333333333333335,6
5,50,0.98,0.5,0.95,0.5,5,kf_sa_seed_0005.npz,50,651,700,0.7864823348694316,0.21351766513056836,0.0,0.6042857142857143,0.39571428571428574,0.0,0.692079940784604,0.5475935828877005,0.45240641711229945,0.3932411674347158,0.6730612244897959,0.6780648285719499,0.07499198584735978,0.1889711461138421,0.11397916026648233,12,8.882309400444116,103.92307692307692,50.0,0.5389938897222475,0.7744671363392382,0.0,,,,,23.333333333333332,2.3333333333333335,6
5,50,0.99,0.5,0.95,0.5,5,kf_sa_seed_0005.npz,50,651,700,0.7757296466973886,0.22427035330261136,0.0,0.6214285714285714,0.37857142857142856,0.0,0.695780903034789,0.5372340425531915,0.4627659574468085,0.3878648233486943,0.6458086460390607,0.6498513116906103,0.0743034452291707,0.17587526235705928,0.10157181712788857,20,14.803849000740193,64.33333333333333,50.0,0.5389938897222475,0.7744671363392382,0.0,,,,,24.5,2.45,6
5,50,0.995,0.5,0.95,0.5,5,kf_sa_seed_0005.npz,50,651,700,0.7695852534562212,0.2304147465437788,0.0,0.6614285714285715,0.3385714285714286,0.0,0.7135455218356773,0.5197095435684648,0.48029045643153523,0.3847926267281106,0.601615097651964,0.6322667660181881,0.07388942730058272,0.17544495779943556,0.10155553049885284,20,14.803849000740193,64.33333333333333,50.0,0.5389938897222475,0.7744671363392382,0.0,,,,,24.5,2.45,6
5,70,0.95,0.5,0.95,0.5,5,kf_sa_seed_0005.npz,70,631,700,0.757527733755943,0.24247226624405704,0.0,0.7085714285714285,0.2914285714285714,0.0,0.7317806160781367,0.49075975359342916,0.5092402464065708,0.3787638668779715,0.6062644328729907,0.6198476214651073,0.08039895949783755,0.1320907582559855,0.05169179875814796,12,9.015777610818933,102.38461538461539,70.0,0.5429895965216014,0.7744671363392382,0.0,,,,,25.5,2.5500000000000003,6
5,70,0.98,0.5,0.95,0.5,5,kf_sa_seed_0005.npz,70,631,700,0.7559429477020603,0.24405705229793978,0.0,0.7428571428571429,0.2571428571428571,0.0,0.749060856498873,0.47843530591775324,0.5215646940822467,0.37797147385103014,0.5754312882046638,0.5961275460735408,0.07906645294209398,0.11574498785812506,0.03667853491603108,10,7.513148009015778,121.0,70.0,0.5429895965216014,0.7744671363392382,0.0,,,,,25.666666666666668,2.566666666666667,6
5,70,0.99,0.5,0.95,0.5,5,kf_sa_seed_0005.npz,70,631,700,0.757527733755943,0.24247226624405704,0.0,0.7671428571428571,0.23285714285714285,0.0,0.7625845229151015,0.470935960591133,0.529064039408867,0.3787638668779715,0.539085352048902,0.5825294948781311,0.07855931426709763,0.11409397668343203,0.035534662416334406,16,12.021036814425244,78.29411764705883,70.0,0.5429895965216014,0.7744671363392382,0.0,,,,,25.666666666666668,2.566666666666667,6
5,70,0.995,0.5,0.95,0.5,5,kf_sa_seed_0005.npz,70,631,700,0.7527733755942948,0.24722662440570523,0.0,0.7671428571428571,0.23285714285714285,0.0,0.7603305785123967,0.46936758893280633,0.5306324110671936,0.3763866877971474,0.4873964229114784,0.54480240114986,0.08007537091480628,0.11094530686884647,0.030869935954040195,16,12.021036814425244,78.29411764705883,70.0,0.5429895965216014,0.7744671363392382,0.0,,,,,25.666666666666668,2.566666666666667,6
7,35,0.95,0.5,0.95,0.5,5,kf_sa_seed_0005.npz,35,666,700,0.4519519519519519,0.5480480480480481,0.0,0.19142857142857142,0.8085714285714286,0.0,0.3184480234260615,0.6919540229885057,0.3080459770114943,0.22597597597597596,0.7386636636636636,0.749257862333838,0.11693724953571664,0.31253346430744217,0.1955962147717255,72,52.7086383601757,18.71232876712329,48.0,0.5350279985376701,0.7744671363392382,0.0,,,,,37.833333333333336,3.7833333333333337,6
7,35,0.98,0.5,0.95,0.5,5,kf_sa_seed_0005.npz,35,666,700,0.6276276276276276,0.37237237237237236,0.0,0.30428571428571427,0.6957142857142857,0.0,0.46193265007320644,0.6624405705229794,0.33755942947702056,0.3138138138138138,0.7226362076362076,0.7294661144083074,0.10130367342348433,0.28011431948425636,0.17881064606077202,54,39.53147877013177,24.836363636363636,46.0,0.5350279985376701,0.7744671363392382,0.0,,,,,34.0,3.4000000000000004,6
7,35,0.99,0.5,0.95,0.5,5,kf_sa_seed_0005.npz,35,666,700,0.6576576576576577,0.34234234234234234,0.0,0.3842857142857143,0.6157142857142858,0.0,0.5175695461200586,0.6195190947666195,0.3804809052333805,0.32882882882882886,0.6967975117975118,0.7124729554010336,0.09360896500376528,0.2591003965649735,0.16549143156120824,38,27.81844802342606,35.02564102564103,41.0,0.5350279985376701,0.7744671363392382,0.0,,,,,34.0,3.4000000000000004,6
7,35,0.995,0.5,0.95,0.5,5,kf_sa_seed_0005.npz,35,666,700,0.6726726726726727,0.32732732732732733,0.0,0.4114285714285714,0.5885714285714285,0.0,0.5387994143484627,0.6086956521739131,0.3913043478260869,0.33633633633633636,0.6941634491634492,0.7125460946417558,0.08987029091699342,0.25843635867857156,0.16856606776157815,36,26.35431918008785,36.91891891891892,41.0,0.5350279985376701,0.7744671363392382,0.0,,,,,34.166666666666664,3.4166666666666665,6
7,50,0.95,0.5,0.95,0.5,5,kf_sa_seed_0005.npz,50,651,700,0.685099846390169,0.31490015360983103,0.0,0.43714285714285717,0.5628571428571428,0.0,0.5566247224278312,0.5930851063829787,0.40691489361702127,0.3425499231950845,0.6820956769804696,0.6907970738312281,0.09896313200689108,0.22462725610430267,0.1256641240974116,30,22.20577350111029,43.58064516129032,50.0,0.5389938897222475,0.7744671363392382,0.0,,,,,33.5,3.35,6
7,50,0.98,0.5,0.95,0.5,5,kf_sa_seed_0005.npz,50,651,700,0.6866359447004609,0.31336405529953915,0.0,0.4942857142857143,0.5057142857142857,0.0,0.5869726128793487,0.5636822194199244,0.43631778058007564,0.3433179723502304,0.6509194645600176,0.6610917062436051,0.09857421266768071,0.2001116691368153,0.10153745646913459,24,17.764618800888233,54.04,50.0,0.5389938897222475,0.7744671363392382,0.0,,,,,34.0,3.4000000000000004,6
7,50,0.99,0.5,0.95,0.5,5,kf_sa_seed_0005.npz,50,651,700,0.7035330261136713,0.2964669738863287,0.0,0.5385714285714286,0.4614285714285714,0.0,0.6180606957809031,0.548502994011976,0.451497005988024,0.35176651305683565,0.6133684441518543,0.634808091155051,0.09406305717131232,0.17630475049519465,0.08224169332388233,22,16.28423390081421,58.73913043478261,50.0,0.5389938897222475,0.7744671363392382,0.0,,,,,32.166666666666664,3.216666666666667,6
7,50,0.995,0.5,0.95,0.5,5,kf_sa_seed_0005.npz,50,651,700,0.6774193548387096,0.3225806451612903,0.0,0.5385714285714286,0.4614285714285714,0.0,0.6054774241302738,0.539119804400978,0.46088019559902205,0.3387096774193548,0.6027935044985736,0.625777847558383,0.09403189237937051,0.1799243078386949,0.08589241545932438,18,13.323464100666174,71.10526315789474,50.0,0.5389938897222475,0.7744671363392382,0.0,,,,,34.666666666666664,3.466666666666667,6
7,70,0.95,0.5,0.95,0.5,5,kf_sa_seed_0005.npz,70,631,700,0.6862123613312203,0.31378763866877973,0.0,0.6385714285714286,0.36142857142857143,0.0,0.6611570247933884,0.49204545454545456,0.5079545454545454,0.34310618066561016,0.5592121349332125,0.5899776190308506,0.09954801691312262,0.13838339265455252,0.038835375741429895,20,15.026296018031555,63.38095238095238,70.0,0.5429895965216014,0.7744671363392382,0.0,,,,,33.5,3.35,6
7,70,0.98,0.5,0.95,0.5,5,kf_sa_seed_0005.npz,70,631,700,0.6798732171156894,0.3201267828843106,0.0,0.6857142857142857,0.3142857142857143,0.0,0.6829451540195342,0.47194719471947194,0.528052805280528,0.3399366085578447,0.5062848086936835,0.5535609347879573,0.09998561240233315,0.11761067561499859,0.017625063212665437,14,10.518407212622089,88.73333333333333,70.0,0.5429895965216014,0.7744671363392382,0.0,,,,,33.833333333333336,3.3833333333333337,6
7,70,0.99,0.5,0.95,0.5,5,kf_sa_seed_0005.npz,70,631,700,0.6846275752773375,0.3153724247226624,0.0,0.7142857142857143,0.2857142857142857,0.0,0.7002253944402704,0.463519313304721,0.5364806866952789,0.34231378763866877,0.4631378763866878,0.5358043320226754,0.09579910454592658,0.10934668698977755,0.013547582443850972,14,10.518407212622089,88.73333333333333,70.0,0.5429895965216014,0.7744671363392382,0.0,,,,,33.5,3.35,6
7,70,0.995,0.5,0.95,0.5,5,kf_sa_seed_0005.npz,70,631,700,0.6735340729001584,0.3264659270998415,0.0,0.7171428571428572,0.28285714285714286,0.0,0.6964688204357626,0.45846817691477887,0.5415318230852211,0.3367670364500792,0.4665225266017659,0.5339563419813073,0.09424278141592707,0.10496534207062674,0.010722560654699675,18,13.5236664162284,70.05263157894737,70.0,0.5429895965216014,0.7744671363392382,0.0,,,,,34.5,3.45,6
10,50,0.95,0.5,0.95,0.5,5,kf_sa_seed_0005.npz,50,651,700,0.40706605222734255,0.5929339477726574,0.0,0.16285714285714287,0.8371428571428572,0.0,0.28053293856402667,0.6992084432717678,0.3007915567282322,0.20353302611367127,0.6938951064296687,0.7002947665027296,0.1209464323954913,0.23123002079901822,0.11028358840352692,59,43.671354552183566,22.516666666666666,54.0,0.5389938897222475,0.7744671363392382,0.0,,,,,51.0,5.1000000000000005,6
10,50,0.98,0.5,0.95,0.5,5,kf_sa_seed_0005.npz,50,651,700,0.5913978494623656,0.40860215053763443,0.0,0.4114285714285714,0.5885714285714285,0.0,0.4981495188749075,0.5720653789004457,0.42793462109955427,0.2956989247311828,0.6331994733377222,0.6452598183157471,0.1043992160589281,0.17531418158257484,0.07091496552364673,29,21.46558105107328,45.03333333333333,54.0,0.5389938897222475,0.7744671363392382,0.0,,,,,44.166666666666664,4.416666666666667,6
10,50,0.99,0.5,0.95,0.5,5,kf_sa_seed_0005.npz,50,651,700,0.6251920122887865,0.37480798771121354,0.0,0.5885714285714285,0.4114285714285714,0.0,0.6062176165803109,0.49694749694749696,0.503052503052503,0.31259600614439326,0.5652424840904103,0.5885562249377739,0.0868742868952702,0.12373652233978363,0.03686223544451343,15,11.102886750555145,84.4375,54.0,0.5389938897222475,0.7744671363392382,0.0,,,,,40.166666666666664,4.016666666666667,6
10,50,0.995,0.5,0.95,0.5,5,kf_sa_seed_0005.npz,50,651,700,0.6973886328725039,0.30261136712749614,0.0,0.6857142857142857,0.3142857142857143,0.0,0.691339748334567,0.4860813704496788,0.5139186295503212,0.3486943164362519,0.48805573842440203,0.5297153040438437,0.062347130813468966,0.07164298356887258,0.009295852755403615,15,11.102886750555145,84.4375,53.0,0.5389938897222475,0.7744671363392382,0.0,,,,,32.333333333333336,3.233333333333334,6
10,70,0.95,0.5,0.95,0.5,5,kf_sa_seed_0005.npz,70,631,700,0.6148969889064976,0.38510301109350237,0.0,0.57,0.43,0.0,0.5912847483095417,0.49301143583227447,0.5069885641677255,0.3074484944532488,0.5686416119538148,0.5885322119538164,0.10560612752117648,0.1369395569733691,0.03133342945219261,16,12.021036814425244,78.29411764705883,70.0,0.5429895965216014,0.7744671363392382,0.0,,,,,40.5,4.05,6
10,70,0.98,0.5,0.95,0.5,5,kf_sa_seed_0005.npz,70,631,700,0.6133122028526149,0.3866877971473851,0.0,0.6685714285714286,0.3314285714285714,0.0,0.642374154770849,0.45263157894736844,0.5473684210526315,0.30665610142630745,0.5102037582069278,0.5416084343470691,0.09289781553021302,0.1003104091486107,0.007412593618397675,16,12.021036814425244,78.29411764705883,70.0,0.5429895965216014,0.7744671363392382,0.0,,,,,40.666666666666664,4.066666666666666,6
10,70,0.99,0.5,0.95,0.5,5,kf_sa_seed_0005.npz,70,631,700,0.6450079239302694,0.3549920760697306,0.0,0.7257142857142858,0.2742857142857143,0.0,0.6874530428249437,0.4448087431693989,0.5551912568306011,0.3225039619651347,0.4524383065429024,0.5013599394295465,0.07532879796237008,0.06773299824840442,-0.007595799713965651,14,10.518407212622089,88.73333333333333,70.0,0.5429895965216014,0.7744671363392382,0.0,,,,,37.666666666666664,3.7666666666666666,6
10,70,0.995,0.5,0.95,0.5,5,kf_sa_seed_0005.npz,70,631,700,0.7353407290015848,0.26465927099841524,0.0,0.8042857142857143,0.1957142857142857,0.0,0.7716003005259203,0.45180136319376824,0.5481986368062317,0.3676703645007924,0.39454380801448946,0.4649425196006492,0.05047686184282411,0.03653115683477156,-0.013945705008052547,12,9.015777610818933,102.38461538461539,70.0,0.5429895965216014,0.7744671363392382,0.0,,,,,26.166666666666668,2.616666666666667,6
5,25,0.95,0.5,0.95,0.5,6,kf_sa_seed_0006.npz,25,676,700,0.6035502958579881,0.36538461538461536,0.03106508875739645,0.16285714285714287,0.7542857142857143,0.08285714285714285,0.4367732558139535,0.7753743760399334,0.22462562396006658,0.3432037193575655,0.8040173288250211,0.7565483682043693,0.11020812706177766,0.36049916886173694,0.2502910417999593,84,61.04651162790697,16.188235294117646,26.0,0.5227031097999821,0.9596901312552737,0.16666666666666666,42.0,42.0,42.0,4.2,26.166666666666668,2.616666666666667,5
5,25,0.98,0.5,0.95,0.5,6,kf_sa_seed_0006.npz,25,676,700,0.7736686390532544,0.1937869822485207,0.03254437869822485,0.2557142857142857,0.6671428571428571,0.07714285714285714,0.565406976744186,0.7416452442159382,0.25835475578406175,0.4254057480980558,0.7849873203719357,0.7334213396969329,0.09767720265533639,0.30385777582223095,0.20618057316689456,55,39.97093023255814,24.571428571428573,26.0,0.5227031097999821,0.9596901312552737,0.16666666666666666,46.0,46.0,46.0,4.6000000000000005,21.333333333333332,2.1333333333333333,5
5,25,0.99,0.5,0.95,0.5,6,kf_sa_seed_0006.npz,25,676,700,0.8180473372781065,0.14497041420118342,0.03698224852071006,0.3457142857142857,0.57,0.08428571428571428,0.6388081395348837,0.6962457337883959,0.30375426621160406,0.4511665257819104,0.7739898562975486,0.7175776012528016,0.09513192960213034,0.2881102861050939,0.19297835650296358,33,23.982558139534884,40.470588235294116,26.0,0.5227031097999821,0.9596901312552737,0.16666666666666666,42.0,42.0,42.0,4.2,20.666666666666668,2.066666666666667,5
5,25,0.995,0.5,0.95,0.5,6,kf_sa_seed_0006.npz,25,676,700,0.7825443786982249,0.1804733727810651,0.03698224852071006,0.3414285714285714,0.5757142857142857,0.08285714285714285,0.6184593023255814,0.6897767332549941,0.3102232667450059,0.4327007607776839,0.7262975486052409,0.6938825292449489,0.09340711475423125,0.2647357356780661,0.17132862092383483,39,28.343023255813954,34.4,26.0,0.5227031097999821,0.9596901312552737,0.16666666666666666,42.0,42.0,42.0,4.2,23.5,2.35,5
5,35,0.95,0.5,0.95,0.5,6,kf_sa_seed_0006.npz,35,666,700,0.7972972972972973,0.16516516516516516,0.03753753753753754,0.32142857142857145,0.6028571428571429,0.07571428571428572,0.6105417276720352,0.7002398081534772,0.2997601918465228,0.4365057915057915,0.7693758043758043,0.7186548851980111,0.10400356882946028,0.2967403455615096,0.1927367767320493,38,27.81844802342606,35.02564102564103,35.0,0.5249965847462522,0.9596901312552737,0.16666666666666666,47.0,47.0,47.0,4.7,21.833333333333332,2.183333333333333,5
5,35,0.98,0.5,0.95,0.5,6,kf_sa_seed_0006.npz,35,666,700,0.8048048048048048,0.15615615615615616,0.03903903903903904,0.40714285714285714,0.5185714285714286,0.07428571428571429,0.6581259150805271,0.6540600667408232,0.3459399332591768,0.4395452595452595,0.7473466323466323,0.6956637871367181,0.09900748063429958,0.254826096944206,0.1558186163099064,20,14.641288433382138,65.04761904761905,35.0,0.5249965847462522,0.9596901312552737,0.16666666666666666,48.0,48.0,48.0,4.800000000000001,21.833333333333332,2.183333333333333,5
5,35,0.99,0.5,0.95,0.5,6,kf_sa_seed_0006.npz,35,666,700,0.7987987987987988,0.16366366366366367,0.03753753753753754,0.45285714285714285,0.4685714285714286,0.07857142857142857,0.6800878477306003,0.6318622174381054,0.36813778256189456,0.43868511368511365,0.7259395109395109,0.6714639823703766,0.10207738093488113,0.23077070289043974,0.1286933219555586,24,17.569546120058565,54.64,35.0,0.5249965847462522,0.9596901312552737,0.16666666666666666,45.0,45.0,45.0,4.5,21.666666666666668,2.166666666666667,5
5,35,0.995,0.5,0.95,0.5,6,kf_sa_seed_0006.npz,35,666,700,0.7942942942942943,0.16516516516516516,0.04054054054054054,0.44142857142857145,0.47714285714285715,0.08142857142857143,0.6749633967789166,0.6355748373101953,0.36442516268980474,0.43786143286143286,0.688963963963964,0.6559787000089912,0.10356448975349572,0.22320636439540262,0.1196418746419069,20,14.641288433382138,65.04761904761905,35.0,0.5249965847462522,0.9596901312552737,0.16666666666666666,43.0,43.0,43.0,4.3,22.5,2.25,5
5,50,0.95,0.5,0.95,0.5,6,kf_sa_seed_0006.npz,50,651,700,0.7788018433179723,0.17511520737327188,0.04608294930875576,0.5014285714285714,0.42857142857142855,0.07,0.6935603256846781,0.5933831376734259,0.4066168623265741,0.42440092165898613,0.6952973447443493,0.6541896226940987,0.10647695460918308,0.22174167303168016,0.11526471842249708,16,11.843079200592154,79.47058823529412,50.0,0.530961570036312,0.9596901312552737,0.16666666666666666,51.0,51.0,51.0,5.1000000000000005,24.0,2.4000000000000004,5
5,50,0.98,0.5,0.95,0.5,6,kf_sa_seed_0006.npz,50,651,700,0.7711213517665131,0.18125960061443933,0.047619047619047616,0.56,0.37857142857142856,0.06142857142857143,0.7165062916358254,0.5630165289256198,0.4369834710743802,0.41627496159754224,0.6635681369321922,0.6280296866775306,0.10565533639940967,0.192598411328312,0.08694307492890234,16,11.843079200592154,79.47058823529412,50.0,0.530961570036312,0.9596901312552737,0.16666666666666666,58.0,58.0,58.0,5.800000000000001,24.833333333333332,2.4833333333333334,5
5,50,0.99,0.5,0.95,0.5,6,kf_sa_seed_0006.npz,50,651,700,0.7772657450076805,0.17665130568356374,0.04608294930875576,0.6214285714285714,0.31285714285714283,0.06571428571428571,0.7527757216876387,0.5427728613569321,0.45722713864306785,0.42149001536098313,0.6403379416282642,0.6156382331764628,0.10026024362276936,0.18332979928039825,0.08306955565762889,28,20.72538860103627,46.58620689655172,50.0,0.530961570036312,0.9596901312552737,0.16666666666666666,54.0,54.0,54.0,5.4,24.166666666666668,2.416666666666667,5
5,50,0.995,0.5,0.95,0.5,6,kf_sa_seed_0006.npz,50,651,700,0.7695852534562212,0.18433179723502305,0.04608294930875576,0.5557142857142857,0.37285714285714283,0.07142857142857142,0.7179866765358993,0.568041237113402,0.43195876288659796,0.4205069124423963,0.5759249506254115,0.5854555526438152,0.10357791168986881,0.18042685032975966,0.07684893863989085,14,10.362694300518134,90.06666666666666,50.0,0.530961570036312,0.9596901312552737,0.16666666666666666,50.0,50.0,50.0,5.0,25.0,2.5,5
5,70,0.95,0.5,0.95,0.5,6,kf_sa_seed_0006.npz,70,631,700,0.751188589540412,0.19809825673534073,0.05071315372424723,0.6857142857142857,0.2757142857142857,0.03857142857142857,0.7610818933132982,0.4945705824284304,0.5054294175715697,0.3948800090559203,0.5772945438080145,0.5655217232922335,0.11182993965100338,0.1431018539921912,0.03127191434118781,16,12.021036814425244,78.29411764705883,70.0,0.5329244323655489,0.9596901312552737,0.16666666666666666,73.0,73.0,73.0,7.300000000000001,26.0,2.6,5
5,70,0.98,0.5,0.95,0.5,6,kf_sa_seed_0006.npz,70,631,700,0.7828843106180665,0.16798732171156894,0.0491283676703645,0.7385714285714285,0.22857142857142856,0.032857142857142856,0.8001502629601803,0.48544600938967136,0.5145539906103287,0.40787072673760466,0.5399388725379217,0.5424574080255349,0.11044681348544444,0.12648247320025158,0.016035659714807138,18,13.5236664162284,70.05263157894737,70.0,0.5329244323655489,0.9596901312552737,0.16666666666666666,77.0,77.0,77.0,7.7,22.166666666666668,2.216666666666667,5
5,70,0.99,0.5,0.95,0.5,6,kf_sa_seed_0006.npz,70,631,700,0.7812995245641838,0.1648177496038035,0.05388272583201268,0.7342857142857143,0.23142857142857143,0.03428571428571429,0.8001502629601803,0.48544600938967136,0.5145539906103287,0.40779261942494904,0.5122707720172063,0.5302623688453068,0.10579235475601181,0.11776387218348837,0.011971517427476555,12,9.015777610818933,102.38461538461539,70.0,0.5329244323655489,0.9596901312552737,0.16666666666666666,76.0,76.0,76.0,7.6000000000000005,22.333333333333332,2.2333333333333334,5
5,70,0.995,0.5,0.95,0.5,6,kf_sa_seed_0006.npz,70,631,700,0.786053882725832,0.15847860538827258,0.0554675118858954,0.7471428571428571,0.21285714285714286,0.04,0.8129226145755072,0.48428835489833644,0.5157116451016636,0.413026941362916,0.476973058637084,0.516907824468815,0.10643523270825805,0.12384576268897086,0.01741052998071281,14,10.518407212622089,88.73333333333333,70.0,0.5329244323655489,0.9596901312552737,0.16666666666666666,72.0,72.0,72.0,7.2,22.666666666666668,2.266666666666667,5
7,35,0.95,0.5,0.95,0.5,6,kf_sa_seed_0006.npz,35,666,700,0.5420420420420421,0.4264264264264264,0.03153153153153153,0.14714285714285713,0.7771428571428571,0.07571428571428572,0.3938506588579795,0.7695167286245354,0.23048327137546465,0.3088781638781639,0.7881939081939082,0.7379697687058777,0.12293616594754614,0.3443358650233689,0.22139969907582274,43,31.478770131771597,31.045454545454547,35.0,0.5249965847462522,0.9596901312552737,0.16666666666666666,47.0,47.0,47.0,4.7,29.0,2.9000000000000004,5
7,35,0.98,0.5,0.95,0.5,6,kf_sa_seed_0006.npz,35,666,700,0.6891891891891891,0.2777777777777778,0.03303303303303303,0.26142857142857145,0.6628571428571428,0.07571428571428572,0.5248901903367497,0.7140864714086471,0.2859135285913529,0.38245173745173744,0.7562784212784213,0.7149083577733556,0.1089737267513581,0.29730828926121955,0.18833456250986147,40,29.282576866764277,33.31707317073171,35.0,0.5249965847462522,0.9596901312552737,0.16666666666666666,47.0,47.0,47.0,4.7,28.166666666666668,2.816666666666667,5
7,35,0.99,0.5,0.95,0.5,6,kf_sa_seed_0006.npz,35,666,700,0.7252252252252253,0.24624624624624625,0.028528528528528527,0.3357142857142857,0.5885714285714285,0.07571428571428572,0.5783308931185944,0.6784810126582278,0.3215189873417722,0.4004697554697555,0.7234427284427284,0.6880653851316714,0.10536421472778056,0.2665068513634608,0.16114263663568024,38,27.81844802342606,35.02564102564103,35.0,0.5249965847462522,0.9596901312552737,0.16666666666666666,47.0,47.0,47.0,4.7,27.666666666666668,2.766666666666667,5
7,35,0.995,0.5,0.95,0.5,6,kf_sa_seed_0006.npz,35,666,700,0.7477477477477478,0.2222222222222222,0.03003003003003003,0.33714285714285713,0.5914285714285714,0.07142857142857142,0.5885797950219619,0.681592039800995,0.31840796019900497,0.4095881595881596,0.7123123123123123,0.6914645829036122,0.1020206616521797,0.27505522847824077,0.17303456682606105,26,19.03367496339678,50.592592592592595,35.0,0.5249965847462522,0.9596901312552737,0.16666666666666666,50.0,50.0,50.0,5.0,27.333333333333332,2.7333333333333334,5
7,50,0.95,0.5,0.95,0.5,6,kf_sa_seed_0006.npz,50,651,700,0.6927803379416283,0.271889400921659,0.03533026113671275,0.3757142857142857,0.5614285714285714,0.06285714285714286,0.5780903034789046,0.6338028169014085,0.3661971830985915,0.37781874039938557,0.7236032477507132,0.6903167507778479,0.11202634287282856,0.25933746838462857,0.1473111255118,28,20.72538860103627,46.58620689655172,50.0,0.530961570036312,0.9596901312552737,0.16666666666666666,58.0,58.0,58.0,5.800000000000001,29.166666666666668,2.916666666666667,5
7,50,0.98,0.5,0.95,0.5,6,kf_sa_seed_0006.npz,50,651,700,0.728110599078341,0.23348694316436253,0.03840245775729647,0.4114285714285714,0.5314285714285715,0.05714285714285714,0.612139156180607,0.6215235792019347,0.3784764207980653,0.39262672811059907,0.6961553653719552,0.6672484052982355,0.10521245383830664,0.22787537534398358,0.12266292150567694,24,17.764618800888233,54.04,50.0,0.530961570036312,0.9596901312552737,0.16666666666666666,60.0,60.0,60.0,6.0,27.833333333333332,2.783333333333333,5
7,50,0.99,0.5,0.95,0.5,6,kf_sa_seed_0006.npz,50,651,700,0.7419354838709677,0.21812596006144394,0.039938556067588324,0.4357142857142857,0.5028571428571429,0.06142857142857143,0.6343449296817173,0.6137689614935823,0.3862310385064177,0.40168202764976957,0.6676585472898837,0.6493908978686724,0.10127380379863017,0.21284447197908662,0.11157066818045645,22,16.28423390081421,58.73913043478261,50.0,0.530961570036312,0.9596901312552737,0.16666666666666666,57.0,57.0,57.0,5.7,28.333333333333332,2.8333333333333335,5
7,50,0.995,0.5,0.95,0.5,6,kf_sa_seed_0006.npz,50,651,700,0.7342549923195084,0.22580645161290322,0.039938556067588324,0.43857142857142856,0.5042857142857143,0.05714285714285714,0.6299037749814952,0.6086956521739131,0.3913043478260869,0.3956989247311828,0.6229339477726574,0.6302436705200554,0.10793998474519985,0.21900736937531978,0.11106738463011993,26,19.24500370096225,50.03703703703704,50.0,0.530961570036312,0.9596901312552737,0.16666666666666666,61.0,61.0,61.0,6.1000000000000005,28.0,2.8000000000000003,5
7,70,0.95,0.5,0.95,0.5,6,kf_sa_seed_0006.npz,70,631,700,0.7020602218700476,0.25990491283676703,0.03803486529318542,0.5714285714285714,0.39571428571428574,0.032857142857142856,0.6686701728024043,0.5235955056179775,0.4764044943820225,0.3674586823635952,0.611371971926647,0.5971714303965604,0.11118699979964766,0.16751661088790123,0.05632961108825357,24,18.031555221637866,53.24,70.0,0.5329244323655489,0.9596901312552737,0.16666666666666666,77.0,77.0,77.0,7.7,32.0,3.2,5
7,70,0.98,0.5,0.95,0.5,6,kf_sa_seed_0006.npz,70,631,700,0.7147385103011094,0.24564183835182252,0.039619651347068144,0.6014285714285714,0.36428571428571427,0.03428571428571429,0.6919609316303531,0.5157437567861021,0.48425624321389793,0.3745121122934118,0.5840842200588635,0.5809929238112933,0.10728517705264977,0.1517105386376187,0.044425361584968945,24,18.031555221637866,53.24,70.0,0.5329244323655489,0.9596901312552737,0.16666666666666666,76.0,76.0,76.0,7.6000000000000005,25.0,2.5,5
7,70,0.99,0.5,0.95,0.5,6,kf_sa_seed_0006.npz,70,631,700,0.7432646592709984,0.2202852614896989,0.03645007923930269,0.6557142857142857,0.3142857142857143,0.03,0.7302779864763336,0.5041152263374485,0.49588477366255146,0.3866323296354992,0.549723794430609,0.5630239227774076,0.10466964300474123,0.1420234307749646,0.03735378777022337,30,22.53944402704733,42.935483870967744,70.0,0.5329244323655489,0.9596901312552737,0.16666666666666666,79.0,79.0,79.0,7.9,24.666666666666668,2.466666666666667,5
7,70,0.995,0.5,0.95,0.5,6,kf_sa_seed_0006.npz,70,631,700,0.7527733755942948,0.2076069730586371,0.039619651347068144,0.6214285714285714,0.34,0.03857142857142857,0.7227648384673178,0.5218295218295218,0.4781704781704782,0.3956724020828617,0.5370772017206249,0.5636559945313525,0.10433973966134415,0.1454693029783767,0.04112956331703256,24,18.031555221637866,53.24,70.0,0.5329244323655489,0.9596901312552737,0.16666666666666666,73.0,73.0,73.0,7.300000000000001,26.0,2.6,5
10,50,0.95,0.5,0.95,0.5,6,kf_sa_seed_0006.npz,50,651,700,0.40706605222734255,0.5637480798771122,0.029185867895545316,0.11857142857142858,0.8642857142857143,0.017142857142857144,0.28053293856402667,0.7308707124010554,0.2691292875989446,0.21210445468509984,0.7023853412332675,0.6558744935290802,0.1459030446408889,0.2539541400812796,0.10805109544039068,48,35.529237601776465,27.571428571428573,60.0,0.530961570036312,0.9596901312552737,0.16666666666666666,88.0,88.0,88.0,8.8,42.333333333333336,4.233333333333333,5
10,50,0.98,0.5,0.95,0.5,6,kf_sa_seed_0006.npz,50,651,700,0.5775729646697388,0.39477726574500765,0.027649769585253458,0.32142857142857145,0.6685714285714286,0.01,0.463360473723168,0.6118210862619808,0.38817891373801916,0.2937864823348694,0.6511827956989247,0.6157980555642781,0.12756649491682145,0.19594853233352524,0.06838203741670379,39,28.867505551443376,33.775,58.0,0.530961570036312,0.9596901312552737,0.16666666666666666,93.0,93.0,93.0,9.3,38.0,3.8000000000000003,5
10,50,0.99,0.5,0.95,0.5,6,kf_sa_seed_0006.npz,50,651,700,0.6620583717357911,0.31797235023041476,0.019969278033794162,0.49142857142857144,0.5085714285714286,0.0,0.5832716506291635,0.5469543147208121,0.45304568527918787,0.33102918586789554,0.5948167654158437,0.5752867147825819,0.11177980883059953,0.14291637514543468,0.03113656631483515,33,24.42635085122132,39.73529411764706,58.0,0.530961570036312,0.9596901312552737,0.0,,,,,34.833333333333336,3.483333333333334,6
10,50,0.995,0.5,0.95,0.5,6,kf_sa_seed_0006.npz,50,651,700,0.7188940092165899,0.28110599078341014,0.0,0.7057142857142857,0.29428571428571426,0.0,0.7120651369356032,0.4864864864864865,0.5135135135135135,0.35944700460829493,0.5275663813912662,0.5269061766654811,0.09249990502892569,0.08858073861529564,-0.003919166413630049,17,12.583271650629163,75.05555555555556,58.0,0.530961570036312,0.9596901312552737,0.0,,,,,29.5,2.95,6
10,70,0.95,0.5,0.95,0.5,6,kf_sa_seed_0006.npz,70,631,700,0.6085578446909667,0.358161648177496,0.03328050713153724,0.48142857142857143,0.5114285714285715,0.007142857142857143,0.5612321562734786,0.5207496653279786,0.4792503346720214,0.30785035091691193,0.5847973737831107,0.5685739513886807,0.13156650776704634,0.15633134000194784,0.0247648322349015,20,15.026296018031555,63.38095238095238,70.0,0.5329244323655489,0.9596901312552737,0.16666666666666666,95.0,95.0,95.0,9.5,41.0,4.1000000000000005,5
10,70,0.98,0.5,0.95,0.5,6,kf_sa_seed_0006.npz,70,631,700,0.6640253565768621,0.3090332805071315,0.02694136291600634,0.6385714285714286,0.36142857142857143,0.0,0.6634109691960932,0.47451868629671573,0.5254813137032843,0.33201267828843106,0.5332940910119991,0.53347559345126,0.1220569096373595,0.11811818446692139,-0.003938725170438112,32,24.04207362885049,40.333333333333336,70.0,0.5329244323655489,0.9596901312552737,0.0,,,,,34.5,3.45,6
10,70,0.99,0.5,0.95,0.5,6,kf_sa_seed_0006.npz,70,631,700,0.7194928684627575,0.277337559429477,0.003169572107765452,0.73,0.27,0.0,0.7265214124718257,0.46949327817993797,0.5305067218200621,0.35974643423137875,0.48371066334616253,0.5017794042998033,0.10897289911788262,0.08353346310801997,-0.025439436009862648,16,12.021036814425244,78.29411764705883,70.0,0.5329244323655489,0.9596901312552737,0.0,,,,,28.666666666666668,2.866666666666667,6
10,70,0.995,0.5,0.95,0.5,6,kf_sa_seed_0006.npz,70,631,700,0.7670364500792393,0.2329635499207607,0.0,0.8171428571428572,0.18285714285714286,0.0,0.7933884297520661,0.4583333333333333,0.5416666666666667,0.38351822503961963,0.4333303146932307,0.47120251640969424,0.08783481486351852,0.048921386217270484,-0.038913428646248034,12,9.015777610818933,102.38461538461539,70.0,0.5329244323655489,0.9596901312552737,0.0,,,,,25.0,2.5,6
5,25,0.95,0.5,0.95,0.5,7,kf_sa_seed_0007.npz,25,676,700,0.6020710059171598,0.3698224852071006,0.028106508875739646,0.12285714285714286,0.7657142857142857,0.11142857142857143,0.42877906976744184,0.8220338983050848,0.17796610169491522,0.3567497886728656,0.8559446322907861,0.8392047930522281,0.10334540791969343,0.4592830054804194,0.35593759756072596,73,53.05232558139535,18.594594594594593,37.0,0.5582368617481974,1.0518043671509247,0.3333333333333333,99.0,99.0,163.0,9.9,21.166666666666668,2.1166666666666667,4
5,25,0.98,0.5,0.95,0.5,7,kf_sa_seed_0007.npz,25,676,700,0.7204142011834319,0.2485207100591716,0.03106508875739645,0.16428571428571428,0.7285714285714285,0.10714285714285714,0.5072674418604651,0.8051575931232091,0.19484240687679089,0.4137785291631445,0.8416969568892646,0.8200356006845498,0.09297871457760165,0.416478908027315,0.32350019344971337,45,32.70348837209303,29.91304347826087,37.0,0.5582368617481974,1.0518043671509247,0.3333333333333333,100.5,100.5,162.0,10.05,22.0,2.2,4
5,25,0.99,0.5,0.95,0.5,7,kf_sa_seed_0007.npz,25,676,700,0.8002958579881657,0.16568047337278108,0.034023668639053255,0.24428571428571427,0.66,0.09571428571428571,0.5828488372093024,0.7581047381546134,0.24189526184538657,0.44800507185122573,0.8385312764158918,0.8184846951364213,0.08481653938683402,0.41148447202815985,0.3266679326413258,37,26.88953488372093,36.21052631578947,37.0,0.5582368617481974,1.0518043671509247,0.16666666666666666,35.0,35.0,35.0,3.5,20.666666666666668,2.066666666666667,5
5,25,0.995,0.5,0.95,0.5,7,kf_sa_seed_0007.npz,25,676,700,0.7588757396449705,0.20414201183431951,0.03698224852071006,0.29,0.59,0.12,0.5995639534883721,0.7236363636363636,0.27636363636363637,0.4394378698224852,0.7861855452240067,0.7851246858248,0.09394685991038737,0.3961699474396984,0.30222308752931104,37,26.88953488372093,36.21052631578947,37.0,0.5582368617481974,1.0518043671509247,0.3333333333333333,98.5,98.5,165.0,9.850000000000001,21.333333333333332,2.1333333333333333,4
5,35,0.95,0.5,0.95,0.5,7,kf_sa_seed_0007.npz,35,666,700,0.7672672672672672,0.1981981981981982,0.03453453453453453,0.22714285714285715,0.6842857142857143,0.08857142857142856,0.5527086383601757,0.7589403973509934,0.2410596026490066,0.4279193479193479,0.8242385242385243,0.8013609669686617,0.09285451888735226,0.39823937736971404,0.3053848584823618,43,31.478770131771597,31.045454545454547,37.0,0.5622451064791708,1.0518043671509247,0.16666666666666666,42.0,42.0,42.0,4.2,23.0,2.3000000000000003,5
5,35,0.98,0.5,0.95,0.5,7,kf_sa_seed_0007.npz,35,666,700,0.7897897897897898,0.17267267267267267,0.03753753753753754,0.2842857142857143,0.6271428571428571,0.08857142857142856,0.5944363103953147,0.7241379310344828,0.27586206896551724,0.43918060918060914,0.8054461604461605,0.7787008062079884,0.09314879034621913,0.3616781778826222,0.26852938753640304,31,22.693997071742313,42.6875,37.0,0.5622451064791708,1.0518043671509247,0.3333333333333333,106.0,106.0,171.0,10.600000000000001,23.0,2.3000000000000003,4
5,35,0.99,0.5,0.95,0.5,7,kf_sa_seed_0007.npz,35,666,700,0.8123123123123123,0.14864864864864866,0.03903903903903904,0.32,0.5928571428571429,0.08714285714285715,0.623718887262079,0.7065727699530516,0.2934272300469484,0.44972758472758473,0.7932475332475333,0.7693589331055852,0.0920280349851548,0.346616159903134,0.2545881249179792,25,18.301610541727673,52.53846153846154,37.0,0.5622451064791708,1.0518043671509247,0.16666666666666666,39.0,39.0,39.0,3.9000000000000004,20.333333333333332,2.033333333333333,5
5,35,0.995,0.5,0.95,0.5,7,kf_sa_seed_0007.npz,35,666,700,0.8033033033033034,0.15615615615615616,0.04054054054054054,0.3514285714285714,0.5457142857142857,0.10285714285714286,0.6442166910688141,0.6897727272727273,0.3102272727272727,0.4530802230802231,0.754088374088374,0.7531807575647602,0.09173606886196786,0.3497464800333694,0.25801041117140155,31,22.693997071742313,42.6875,37.0,0.5622451064791708,1.0518043671509247,0.3333333333333333,103.0,103.0,167.0,10.3,21.0,2.1,4
5,50,0.95,0.5,0.95,0.5,7,kf_sa_seed_0007.npz,50,651,700,0.783410138248848,0.17357910906298002,0.043010752688172046,0.36857142857142855,0.5585714285714286,0.07285714285714286,0.6269430051813472,0.6623376623376623,0.33766233766233766,0.4281336405529954,0.7660675883256528,0.7333108466927147,0.10749343919324839,0.31055665953081163,0.20306322033756324,26,19.24500370096225,50.03703703703704,50.0,0.5689366009169473,1.0518043671509247,0.16666666666666666,52.0,52.0,52.0,5.2,23.5,2.35,5
5,50,0.98,0.5,0.95,0.5,7,kf_sa_seed_0007.npz,50,651,700,0.7711213517665131,0.1827956989247312,0.04608294930875576,0.4114285714285714,0.5185714285714286,0.07,0.6432272390821614,0.6340621403912543,0.3659378596087457,0.4205606758832565,0.7426135615536538,0.708143537421182,0.11131069861313915,0.2799888574949909,0.16867815888185178,16,11.843079200592154,79.47058823529412,50.0,0.5689366009169473,1.0518043671509247,0.16666666666666666,51.0,51.0,51.0,5.1000000000000005,24.833333333333332,2.4833333333333334,5
5,50,0.99,0.5,0.95,0.5,7,kf_sa_seed_0007.npz,50,651,700,0.783410138248848,0.17050691244239632,0.04608294930875576,0.4442857142857143,0.48428571428571426,0.07142857142857142,0.6669133974833457,0.6215316315205327,0.3784683684794673,0.4274193548387097,0.7196598639455782,0.683404231357047,0.1108889563777356,0.2574235128761403,0.1465345564984047,20,14.803849000740193,64.33333333333333,50.0,0.5689366009169473,1.0518043671509247,0.16666666666666666,50.0,50.0,50.0,5.0,23.666666666666668,2.3666666666666667,5
5,50,0.995,0.5,0.95,0.5,7,kf_sa_seed_0007.npz,50,651,700,0.7726574500768049,0.17972350230414746,0.047619047619047616,0.4742857142857143,0.4542857142857143,0.07142857142857142,0.6780162842339008,0.6037117903930131,0.39628820960698685,0.42204301075268813,0.6963440860215053,0.6796982455270913,0.11035150025322302,0.27001227725421756,0.15966077700099454,20,14.803849000740193,64.33333333333333,50.0,0.5689366009169473,1.0518043671509247,0.16666666666666666,50.0,50.0,50.0,5.0,24.833333333333332,2.4833333333333334,5
5,70,0.95,0.5,0.95,0.5,7,kf_sa_seed_0007.npz,70,631,700,0.7131537242472267,0.22979397781299524,0.05705229793977813,0.5128571428571429,0.43857142857142856,0.04857142857142857,0.6604057099924868,0.5506257110352674,0.44937428896473264,0.38086257640932764,0.6612633008829523,0.6280046292953189,0.13569712717479016,0.19748215275789344,0.06178502558310328,18,13.5236664162284,70.05263157894737,70.0,0.5712311301717118,1.0518043671509247,0.16666666666666666,66.0,66.0,66.0,6.6000000000000005,30.333333333333332,3.033333333333333,5
5,70,0.98,0.5,0.95,0.5,7,kf_sa_seed_0007.npz,70,631,700,0.6988906497622821,0.24247226624405704,0.058637083993660855,0.5542857142857143,0.3942857142857143,0.05142857142857143,0.6776859504132231,0.5288248337028825,0.47117516629711753,0.37515961059542674,0.6291645913515961,0.6075553743150426,0.13808048749204535,0.17690082117676895,0.038820333684723596,30,22.53944402704733,42.935483870967744,70.0,0.5712311301717118,1.0518043671509247,0.16666666666666666,64.0,64.0,64.0,6.4,31.5,3.1500000000000004,5
5,70,0.99,0.5,0.95,0.5,7,kf_sa_seed_0007.npz,70,631,700,0.7194928684627575,0.2218700475435816,0.058637083993660855,0.6314285714285715,0.3171428571428571,0.05142857142857143,0.7280240420736288,0.5056759545923633,0.49432404540763675,0.38546071994566444,0.6006791940230926,0.5899799059163439,0.135454587635302,0.16046761766738593,0.02501303003208394,30,22.53944402704733,42.935483870967744,70.0,0.5712311301717118,1.0518043671509247,0.16666666666666666,64.0,64.0,64.0,6.4,29.666666666666668,2.966666666666667,5
5,70,0.995,0.5,0.95,0.5,7,kf_sa_seed_0007.npz,70,631,700,0.7321711568938193,0.21077654516640254,0.05705229793977813,0.69,0.2571428571428571,0.05285714285714286,0.7648384673178061,0.4901768172888016,0.5098231827111984,0.39251414987548106,0.5811885895404121,0.5747989629837559,0.13518109527027808,0.15258921350740798,0.0174081182371299,32,24.04207362885049,40.333333333333336,70.0,0.5712311301717118,1.0518043671509247,0.16666666666666666,63.0,63.0,63.0,6.300000000000001,28.333333333333332,2.8333333333333335,5
7,35,0.95,0.5,0.95,0.5,7,kf_sa_seed_0007.npz,35,666,700,0.44144144144144143,0.5285285285285285,0.03003003003003003,0.12714285714285714,0.7871428571428571,0.08571428571428572,0.3389458272327965,0.7645788336933045,0.23542116630669552,0.26357786357786356,0.7903517803517803,0.772911823437411,0.14001646524022116,0.42178713497928894,0.2817706697390678,51,37.33528550512445,26.26923076923077,41.0,0.5622451064791708,1.0518043671509247,0.16666666666666666,40.0,40.0,40.0,4.0,50.833333333333336,5.083333333333334,5
7,35,0.98,0.5,0.95,0.5,7,kf_sa_seed_0007.npz,35,666,700,0.5720720720720721,0.3948948948948949,0.03303303303303303,0.18428571428571427,0.73,0.08571428571428572,0.4333821376281113,0.7449324324324325,0.25506756756756754,0.32889317889317893,0.7764350064350064,0.7555605281702109,0.1288123865337888,0.3828942764106838,0.254081889876895,49,35.87115666178624,27.32,41.0,0.5622451064791708,1.0518043671509247,0.16666666666666666,40.0,40.0,40.0,4.0,42.0,4.2,5
7,35,0.99,0.5,0.95,0.5,7,kf_sa_seed_0007.npz,35,666,700,0.6261261261261262,0.33633633633633636,0.03753753753753754,0.24714285714285714,0.6685714285714286,0.08428571428571428,0.493411420204978,0.7062314540059347,0.2937685459940653,0.35520592020592023,0.757067782067782,0.7422679682188119,0.12151019459399794,0.3525118628388523,0.23100166824485435,41,30.01464128843338,32.523809523809526,41.0,0.5622451064791708,1.0518043671509247,0.16666666666666666,41.0,41.0,41.0,4.1000000000000005,36.333333333333336,3.6333333333333337,5
7,35,0.995,0.5,0.95,0.5,7,kf_sa_seed_0007.npz,35,666,700,0.6246246246246246,0.33783783783783783,0.03753753753753754,0.28285714285714286,0.6328571428571429,0.08428571428571428,0.5109809663250366,0.6805157593123209,0.3194842406876791,0.35445516945516947,0.7252252252252253,0.7330078653979992,0.11893905818940946,0.34766217395133003,0.22872311576192056,45,32.94289897510981,29.695652173913043,41.0,0.5622451064791708,1.0518043671509247,0.16666666666666666,41.0,41.0,41.0,4.1000000000000005,38.166666666666664,3.8166666666666664,5
7,50,0.95,0.5,0.95,0.5,7,kf_sa_seed_0007.npz,50,651,700,0.6436251920122887,0.31643625192012287,0.039938556067588324,0.30428571428571427,0.6271428571428571,0.06857142857142857,0.5225758697261288,0.6614730878186968,0.33852691218130315,0.3560983102918587,0.7287974544656572,0.7110754428055642,0.13089295176511986,0.32750857612581374,0.19661562436069388,26,19.24500370096225,50.03703703703704,50.0,0.5689366009169473,1.0518043671509247,0.16666666666666666,52.0,52.0,52.0,5.2,38.5,3.85,5
7,50,0.98,0.5,0.95,0.5,7,kf_sa_seed_0007.npz,50,651,700,0.6804915514592934,0.2780337941628264,0.041474654377880185,0.3585714285714286,0.5714285714285714,0.07,0.5699481865284974,0.638961038961039,0.36103896103896105,0.3752457757296467,0.7084814570989686,0.6870753018116424,0.12667382371995856,0.2972881957713319,0.17061437205137336,18,13.323464100666174,71.10526315789474,50.0,0.5689366009169473,1.0518043671509247,0.16666666666666666,51.0,51.0,51.0,5.1000000000000005,34.833333333333336,3.483333333333334,5
7,50,0.99,0.5,0.95,0.5,7,kf_sa_seed_0007.npz,50,651,700,0.6712749615975423,0.2887864823348694,0.039938556067588324,0.3985714285714286,0.5328571428571428,0.06857142857142857,0.5847520355292376,0.6139240506329114,0.38607594936708856,0.36992319508448546,0.6781961816984858,0.6656401073079339,0.12508784938221354,0.27224031668271403,0.1471524673005005,22,16.28423390081421,58.73913043478261,50.0,0.5689366009169473,1.0518043671509247,0.16666666666666666,52.0,52.0,52.0,5.2,36.166666666666664,3.6166666666666667,5
7,50,0.995,0.5,0.95,0.5,7,kf_sa_seed_0007.npz,50,651,700,0.6804915514592934,0.2780337941628264,0.041474654377880185,0.4042857142857143,0.5257142857142857,0.07,0.5936343449296817,0.6134663341645885,0.3865336658354115,0.3752457757296467,0.6603774412991003,0.668461705558666,0.11855352098131348,0.27118394781730315,0.15263042683598965,22,16.28423390081421,58.73913043478261,50.0,0.5689366009169473,1.0518043671509247,0.16666666666666666,51.0,51.0,51.0,5.1000000000000005,34.0,3.4000000000000004,5
7,70,0.95,0.5,0.95,0.5,7,kf_sa_seed_0007.npz,70,631,700,0.618066561014263,0.329635499207607,0.05229793977812995,0.4471428571428571,0.5085714285714286,0.04428571428571428,0.5762584522915102,0.5488917861799217,0.45110821382007826,0.33117613764998866,0.6311161421779489,0.6210625033669217,0.1426470436067748,0.2100668816469665,0.06741983804019169,22,16.52892561983471,57.869565217391305,70.0,0.5712311301717118,1.0518043671509247,0.16666666666666666,69.0,69.0,69.0,6.9,40.166666666666664,4.016666666666667,5
7,70,0.98,0.5,0.95,0.5,7,kf_sa_seed_0007.npz,70,631,700,0.6323296354992076,0.31695721077654515,0.05071315372424723,0.48142857142857143,0.47285714285714286,0.045714285714285714,0.6010518407212622,0.53875,0.46125000000000005,0.33902196060674666,0.6003418609916232,0.5998698581966333,0.1386002226508911,0.18679208877003783,0.04819186611914675,22,16.52892561983471,57.869565217391305,70.0,0.5712311301717118,1.0518043671509247,0.16666666666666666,68.0,68.0,68.0,6.800000000000001,38.5,3.85,5
7,70,0.99,0.5,0.95,0.5,7,kf_sa_seed_0007.npz,70,631,700,0.6354992076069731,0.31378763866877973,0.05071315372424723,0.5514285714285714,0.40285714285714286,0.045714285714285714,0.6393688955672426,0.5088131609870741,0.4911868390129259,0.3406067466606294,0.572105501471587,0.5856697177499698,0.13396426542270473,0.16998114839866088,0.03601688297595615,30,22.53944402704733,42.935483870967744,70.0,0.5712311301717118,1.0518043671509247,0.16666666666666666,68.0,68.0,68.0,6.800000000000001,38.333333333333336,3.833333333333334,5
7,70,0.995,0.5,0.95,0.5,7,kf_sa_seed_0007.npz,70,631,700,0.6576862123613312,0.2884310618066561,0.05388272583201268,0.5285714285714286,0.4257142857142857,0.045714285714285714,0.6393688955672426,0.5252643948296122,0.4747356051703878,0.35170024903780844,0.5548154856237265,0.5795111645312867,0.13108685447267823,0.17016790794313366,0.03908105347045543,26,19.53418482344102,49.2962962962963,70.0,0.5712311301717118,1.0518043671509247,0.16666666666666666,68.0,68.0,68.0,6.800000000000001,36.0,3.6,5
10,50,0.95,0.5,0.95,0.5,7,kf_sa_seed_0007.npz,50,651,700,0.49923195084485406,0.4700460829493088,0.030721966205837174,0.15571428571428572,0.7942857142857143,0.05,0.3619541080680977,0.7361963190184049,0.2638036809815951,0.27461597542242705,0.7357625630897521,0.7075179394515182,0.1507500221805203,0.30737611039859625,0.15662608821807594,43,31.828275351591415,30.704545454545453,58.0,0.5689366009169473,1.0518043671509247,0.16666666666666666,65.0,65.0,65.0,6.5,52.166666666666664,5.216666666666667,5
10,50,0.98,0.5,0.95,0.5,7,kf_sa_seed_0007.npz,50,651,700,0.5622119815668203,0.40860215053763443,0.029185867895545316,0.25857142857142856,0.7028571428571428,0.03857142857142857,0.4389341228719467,0.6627318718381113,0.33726812816188867,0.30039170506912444,0.696405529953917,0.6643371273781179,0.14066822216842964,0.24688330070126552,0.10621507853283588,37,27.387120651369354,35.55263157894737,58.0,0.5689366009169473,1.0518043671509247,0.16666666666666666,73.0,73.0,73.0,7.300000000000001,46.666666666666664,4.666666666666667,5
10,50,0.99,0.5,0.95,0.5,7,kf_sa_seed_0007.npz,50,651,700,0.6113671274961597,0.3640552995391705,0.02457757296466974,0.35285714285714287,0.6242857142857143,0.022857142857142857,0.5011102886750555,0.6115214180206795,0.3884785819793205,0.3171121351766513,0.6551174017994295,0.6217680959167515,0.12883896390140018,0.18957838465055626,0.06073942074915609,25,18.50481125092524,51.96153846153846,58.0,0.5689366009169473,1.0518043671509247,0.16666666666666666,84.0,84.0,84.0,8.4,41.333333333333336,4.133333333333334,5
10,50,0.995,0.5,0.95,0.5,7,kf_sa_seed_0007.npz,50,651,700,0.6328725038402457,0.3671274961597542,0.0,0.46285714285714286,0.5371428571428571,0.0,0.5447816432272391,0.5597826086956522,0.4402173913043478,0.31643625192012287,0.6022646477946018,0.5711119217033724,0.10972660182938299,0.12795375039855236,0.018227148569169377,15,11.102886750555145,84.4375,58.0,0.5689366009169473,1.0518043671509247,0.0,,,,,38.5,3.85,6
10,70,0.95,0.5,0.95,0.5,7,kf_sa_seed_0007.npz,70,631,700,0.5705229793977813,0.3898573692551506,0.039619651347068144,0.37285714285714283,0.5942857142857143,0.032857142857142856,0.5026296018031555,0.5724962630792227,0.42750373692077726,0.30169006112746205,0.6280076975322617,0.6009571272572973,0.15375436470341666,0.19613117617885628,0.04237681147543962,18,13.5236664162284,70.05263157894737,70.0,0.5712311301717118,1.0518043671509247,0.16666666666666666,77.0,77.0,77.0,7.7,45.166666666666664,4.516666666666667,5
10,70,0.98,0.5,0.95,0.5,7,kf_sa_seed_0007.npz,70,631,700,0.5641838351822503,0.4041204437400951,0.03169572107765452,0.4442857142857143,0.5357142857142857,0.02,0.526671675432006,0.5278174037089871,0.4721825962910129,0.2920919175911252,0.5868734435136971,0.5631342815062914,0.14500999725028382,0.15428904633717525,0.009279049086891422,22,16.52892561983471,57.869565217391305,70.0,0.5712311301717118,1.0518043671509247,0.16666666666666666,86.0,86.0,86.0,8.6,46.166666666666664,4.616666666666666,5
10,70,0.99,0.5,0.95,0.5,7,kf_sa_seed_0007.npz,70,631,700,0.5942947702060222,0.3866877971473851,0.01901743264659271,0.5371428571428571,0.4585714285714286,0.004285714285714286,0.5755071374906086,0.4934725848563969,0.5065274151436031,0.29929024224586825,0.5470319221190854,0.530245251172515,0.1310936619703749,0.11570202590798703,-0.015391636062387859,32,24.04207362885049,40.333333333333336,70.0,0.5712311301717118,1.0518043671509247,0.16666666666666666,97.0,97.0,97.0,9.700000000000001,43.333333333333336,4.333333333333334,5
10,70,0.995,0.5,0.95,0.5,7,kf_sa_seed_0007.npz,70,631,700,0.6386687797147385,0.3613312202852615,0.0,0.6814285714285714,0.31857142857142856,0.0,0.6611570247933884,0.45795454545454545,0.5420454545454545,0.3193343898573692,0.5064387593389178,0.5024869745167554,0.10676849324357413,0.0751338856700101,-0.031634607573564025,26,19.53418482344102,49.2962962962963,70.0,0.5712311301717118,1.0518043671509247,0.0,,,,,38.0,3.8000000000000003,6
5,25,0.95,0.5,0.95,0.5,8,kf_sa_seed_0008.npz,25,676,700,0.5532544378698225,0.4467455621301775,0.0,0.3,0.6685714285714286,0.03142857142857143,0.44040697674418605,0.6534653465346535,0.3465346534653465,0.292341504649197,0.7287912087912088,0.7816574090439353,0.07390117676340617,0.260573558232473,0.18667238146906684,77,55.9593023255814,17.641025641025642,53.0,0.5261653282779474,0.7663616329577855,0.16666666666666666,133.0,133.0,133.0,13.3,27.5,2.75,5
5,25,0.98,0.5,0.95,0.5,8,kf_sa_seed_0008.npz,25,676,700,0.7204142011834319,0.27958579881656803,0.0,0.38571428571428573,0.5857142857142857,0.02857142857142857,0.5646802325581395,0.6525096525096525,0.34749034749034746,0.37449281487743025,0.7171956889264581,0.7708940024717046,0.051502238889453364,0.219722056832553,0.16821981794309965,35,25.436046511627907,38.22222222222222,45.0,0.5261653282779474,0.7663616329577855,0.16666666666666666,135.0,135.0,135.0,13.5,23.666666666666668,2.3666666666666667,5
5,25,0.99,0.5,0.95,0.5,8,kf_sa_seed_0008.npz,25,676,700,0.7973372781065089,0.20266272189349113,0.0,0.42428571428571427,0.5442857142857143,0.03142857142857143,0.623546511627907,0.6538461538461539,0.34615384615384615,0.4143829247675402,0.7089792899408284,0.7669326217723876,0.03905216807220313,0.196973110479142,0.15792094240693888,33,23.982558139534884,40.470588235294116,44.0,0.5261653282779474,0.7663616329577855,0.16666666666666666,134.0,134.0,134.0,13.4,20.166666666666668,2.016666666666667,5
5,25,0.995,0.5,0.95,0.5,8,kf_sa_seed_0008.npz,25,676,700,0.8372781065088757,0.16272189349112426,0.0,0.4471428571428571,0.5128571428571429,0.04,0.659156976744186,0.6549062844542448,0.3450937155457552,0.43863905325443786,0.6825739644970414,0.7384942804337663,0.03714786049176271,0.1742706458109274,0.1371227853191647,49,35.61046511627907,27.52,43.0,0.5261653282779474,0.7663616329577855,0.16666666666666666,132.0,132.0,132.0,13.200000000000001,15.0,1.5,5
5,35,0.95,0.5,0.95,0.5,8,kf_sa_seed_0008.npz,35,666,700,0.7777777777777778,0.2222222222222222,0.0,0.44,0.5328571428571428,0.027142857142857142,0.6185944363103953,0.6355029585798817,0.3644970414201183,0.40246031746031746,0.7032947232947233,0.762514417197407,0.046092093857034534,0.20709454885963557,0.16100245500260105,45,32.94289897510981,29.695652173913043,43.0,0.5294336132223301,0.7663616329577855,0.16666666666666666,140.0,140.0,140.0,14.0,17.333333333333332,1.7333333333333334,5
5,35,0.98,0.5,0.95,0.5,8,kf_sa_seed_0008.npz,35,666,700,0.8363363363363363,0.16366366366366367,0.0,0.4957142857142857,0.4742857142857143,0.03,0.6771595900439239,0.6248648648648648,0.3751351351351352,0.43316816816816817,0.685900900900901,0.7457201668224005,0.035418813293860624,0.17633160676709503,0.1409127934732344,41,30.01464128843338,32.523809523809526,43.0,0.5294336132223301,0.7663616329577855,0.16666666666666666,142.0,142.0,142.0,14.200000000000001,16.333333333333332,1.6333333333333333,5
5,35,0.99,0.5,0.95,0.5,8,kf_sa_seed_0008.npz,35,666,700,0.8618618618618619,0.13813813813813813,0.0,0.5671428571428572,0.4,0.032857142857142856,0.7276720351390923,0.6006036217303823,0.3993963782696177,0.44735950235950234,0.6509009009009009,0.7138849626296695,0.029465766010757437,0.14440025519880317,0.11493448918804573,33,24.15812591508053,40.1764705882353,43.0,0.5294336132223301,0.7663616329577855,0.16666666666666666,140.0,140.0,140.0,14.0,11.833333333333334,1.1833333333333333,5
5,35,0.995,0.5,0.95,0.5,8,kf_sa_seed_0008.npz,35,666,700,0.8603603603603603,0.13963963963963963,0.0,0.5771428571428572,0.3942857142857143,0.02857142857142857,0.7298682284040996,0.5947843530591775,0.40521564694082246,0.44446589446589446,0.6257550407550407,0.706097745373159,0.031157994991529544,0.1557491991224477,0.12459120413091815,35,25.62225475841874,37.94444444444444,43.0,0.5294336132223301,0.7663616329577855,0.16666666666666666,141.0,141.0,141.0,14.100000000000001,13.166666666666666,1.3166666666666667,5
5,50,0.95,0.5,0.95,0.5,8,kf_sa_seed_0008.npz,50,651,700,0.8771121351766513,0.1228878648233487,0.0,0.5528571428571428,0.4471428571428571,0.0,0.7091043671354552,0.5960334029227558,0.40396659707724425,0.43855606758832566,0.6676168531928901,0.7288319377382946,0.028953362050164726,0.14787698434592256,0.11892362229575783,18,13.323464100666174,71.10526315789474,50.0,0.5350219562337957,0.7663616329577855,0.0,,,,,13.333333333333334,1.3333333333333335,6
5,50,0.98,0.5,0.95,0.5,8,kf_sa_seed_0008.npz,50,651,700,0.8955453149001537,0.10445468509984639,0.0,0.6614285714285715,0.3385714285714286,0.0,0.7742413027387121,0.5573613766730402,0.4426386233269598,0.4477726574500768,0.633868773315778,0.6996580877479831,0.025750037203395377,0.12490008798817091,0.09915005078477554,22,16.28423390081421,58.73913043478261,50.0,0.5350219562337957,0.7663616329577855,0.0,,,,,11.0,1.1,6
5,50,0.99,0.5,0.95,0.5,8,kf_sa_seed_0008.npz,50,651,700,0.9062980030721967,0.09370199692780339,0.0,0.7,0.29,0.01,0.8045891931902295,0.5492180312787488,0.4507819687212512,0.45814900153609833,0.5991112574061883,0.6762349174406241,0.023063450373567645,0.11301740813361211,0.08995395776004446,18,13.323464100666174,71.10526315789474,50.0,0.5350219562337957,0.7663616329577855,0.16666666666666666,160.0,160.0,160.0,16.0,10.166666666666666,1.0166666666666666,5
5,50,0.995,0.5,0.95,0.5,8,kf_sa_seed_0008.npz,50,651,700,0.9047619047619048,0.09523809523809523,0.0,0.7057142857142857,0.28714285714285714,0.007142857142857143,0.8053293856402665,0.5459558823529411,0.4540441176470589,0.45595238095238094,0.561525126179504,0.6682335633727938,0.021628045520582777,0.11369849781596233,0.09207045229537955,16,11.843079200592154,79.47058823529412,50.0,0.5350219562337957,0.7663616329577855,0.16666666666666666,159.0,159.0,159.0,15.9,10.333333333333334,1.0333333333333334,5
5,70,0.95,0.5,0.95,0.5,8,kf_sa_seed_0008.npz,70,631,700,0.8874801901743264,0.11251980982567353,0.0,0.7242857142857143,0.2757142857142857,0.0,0.8016528925619835,0.5248359887535146,0.47516401124648544,0.4437400950871632,0.5588114104595879,0.640566489099226,0.024781190428894703,0.08206232602706413,0.05728113559816943,18,13.5236664162284,70.05263157894737,70.0,0.5412988766733599,0.7663616329577855,0.0,,,,,12.166666666666666,1.2166666666666668,6
5,70,0.98,0.5,0.95,0.5,8,kf_sa_seed_0008.npz,70,631,700,0.8985736925515055,0.10142630744849446,0.0,0.7728571428571429,0.22714285714285715,0.0,0.8324567993989481,0.5117328519855595,0.4882671480144405,0.44928684627575277,0.5167127009282318,0.6088682517522377,0.023617571919577376,0.06888806275321475,0.04527049083363738,14,10.518407212622089,88.73333333333333,70.0,0.5412988766733599,0.7663616329577855,0.0,,,,,10.833333333333334,1.0833333333333335,6
5,70,0.99,0.5,0.95,0.5,8,kf_sa_seed_0008.npz,70,631,700,0.901743264659271,0.098256735340729,0.0,0.7614285714285715,0.23857142857142857,0.0,0.8279489105935387,0.5163339382940109,0.48366606170598914,0.4508716323296355,0.4847588861218021,0.595079395075089,0.021620619083846312,0.06564628442465156,0.04402566534080525,24,18.031555221637866,53.24,70.0,0.5412988766733599,0.7663616329577855,0.0,,,,,10.666666666666666,1.0666666666666667,6
5,70,0.995,0.5,0.95,0.5,8,kf_sa_seed_0008.npz,70,631,700,0.9255150554675119,0.07448494453248812,0.0,0.7985714285714286,0.20142857142857143,0.0,0.8587528174305034,0.510936132983377,0.48906386701662297,0.46275752773375595,0.44401630065655423,0.5822996038463777,0.020117906361745017,0.06535251061797613,0.04523460425623112,8,6.010518407212622,147.88888888888889,70.0,0.5412988766733599,0.7663616329577855,0.0,,,,,7.666666666666667,0.7666666666666667,6
7,35,0.95,0.5,0.95,0.5,8,kf_sa_seed_0008.npz,35,666,700,0.43543543543543545,0.5645645645645646,0.0,0.26285714285714284,0.7171428571428572,0.02,0.35724743777452417,0.6229508196721312,0.3770491803278688,0.22771771771771773,0.6985564135564135,0.7658175385858033,0.07866068135598875,0.23939455446927976,0.16073387311329101,91,66.61786237188872,14.847826086956522,54.0,0.5294336132223301,0.7663616329577855,0.16666666666666666,141.0,141.0,141.0,14.100000000000001,35.5,3.5500000000000003,5
7,35,0.98,0.5,0.95,0.5,8,kf_sa_seed_0008.npz,35,666,700,0.7027027027027027,0.2972972972972973,0.0,0.3657142857142857,0.6157142857142858,0.018571428571428572,0.5395314787701317,0.6526458616010855,0.3473541383989145,0.36063706563706566,0.6815915915915916,0.7485868546762918,0.0578601300006207,0.20172765932355236,0.14386752932293165,51,37.33528550512445,26.26923076923077,53.0,0.5294336132223301,0.7663616329577855,0.16666666666666666,141.0,141.0,141.0,14.100000000000001,24.5,2.45,5
7,35,0.99,0.5,0.95,0.5,8,kf_sa_seed_0008.npz,35,666,700,0.8003003003003003,0.1996996996996997,0.0,0.4685714285714286,0.5128571428571429,0.018571428571428572,0.6398243045387995,0.6247139588100686,0.37528604118993136,0.40943586443586444,0.6531338481338481,0.719915612205454,0.04561870222071401,0.1642150673923971,0.1185963651716831,47,34.40702781844802,28.458333333333332,50.0,0.5294336132223301,0.7663616329577855,0.16666666666666666,141.0,141.0,141.0,14.100000000000001,20.333333333333332,2.033333333333333,5
7,35,0.995,0.5,0.95,0.5,8,kf_sa_seed_0008.npz,35,666,700,0.8108108108108109,0.1891891891891892,0.0,0.5657142857142857,0.4157142857142857,0.018571428571428572,0.6947291361639825,0.5827186512118019,0.4172813487881981,0.4146911196911197,0.6257142857142857,0.7125890421387872,0.038208550933747504,0.17587912056378452,0.13767056963003702,35,25.62225475841874,37.94444444444444,50.0,0.5294336132223301,0.7663616329577855,0.16666666666666666,141.0,141.0,141.0,14.100000000000001,17.0,1.7000000000000002,5
7,50,0.95,0.5,0.95,0.5,8,kf_sa_seed_0008.npz,50,651,700,0.8125960061443932,0.18740399385560677,0.0,0.46285714285714286,0.5342857142857143,0.002857142857142857,0.6328645447816432,0.6210526315789474,0.3789473684210526,0.40772657450076805,0.6646850998463901,0.7370471598399538,0.04703721670630777,0.17690564335727418,0.12986842665096643,34,25.166543301258326,38.6,50.0,0.5350219562337957,0.7663616329577855,0.0,,,,,19.5,1.9500000000000002,6
7,50,0.98,0.5,0.95,0.5,8,kf_sa_seed_0008.npz,50,651,700,0.8341013824884793,0.16589861751152074,0.0,0.5671428571428572,0.4328571428571429,0.0,0.695780903034789,0.5776595744680851,0.42234042553191486,0.41705069124423966,0.6361026991441738,0.7148176341857002,0.03811234936344012,0.15275399286804117,0.11464164350460104,20,14.803849000740193,64.33333333333333,50.0,0.5350219562337957,0.7663616329577855,0.0,,,,,18.5,1.85,6
7,50,0.99,0.5,0.95,0.5,8,kf_sa_seed_0008.npz,50,651,700,0.8709677419354839,0.12903225806451613,0.0,0.6342857142857142,0.3657142857142857,0.0,0.7483345669874167,0.5608308605341247,0.4391691394658753,0.43548387096774194,0.5953982883475971,0.6876461245529929,0.03246750241335483,0.13432541396920136,0.10185791155584653,20,14.803849000740193,64.33333333333333,50.0,0.5350219562337957,0.7663616329577855,0.0,,,,,13.0,1.3,6
7,50,0.995,0.5,0.95,0.5,8,kf_sa_seed_0008.npz,50,651,700,0.8847926267281107,0.1152073732718894,0.0,0.6142857142857143,0.38571428571428573,0.0,0.7446336047372317,0.5725646123260437,0.4274353876739563,0.4423963133640553,0.5757033135834979,0.6842763854276755,0.03103824258793129,0.13997118186282329,0.10893293927489199,20,14.803849000740193,64.33333333333333,50.0,0.5350219562337957,0.7663616329577855,0.0,,,,,11.833333333333334,1.1833333333333333,6
7,70,0.95,0.5,0.95,0.5,8,kf_sa_seed_0008.npz,70,631,700,0.8637083993660856,0.13629160063391443,0.0,0.6685714285714286,0.3314285714285714,0.0,0.7610818933132982,0.5380059230009872,0.46199407699901285,0.4318541996830428,0.5751075390536563,0.6621531223979227,0.0345088250969306,0.10973345073458822,0.07522462563765761,10,7.513148009015778,121.0,70.0,0.5412988766733599,0.7663616329577855,0.0,,,,,14.333333333333334,1.4333333333333336,6
7,70,0.98,0.5,0.95,0.5,8,kf_sa_seed_0008.npz,70,631,700,0.8763866877971473,0.12361331220285261,0.0,0.6871428571428572,0.31285714285714283,0.0,0.7768595041322314,0.534816247582205,0.46518375241779497,0.4381933438985737,0.544043468417478,0.6357769145540877,0.031212513987661793,0.0912905629710988,0.06007804898343701,14,10.518407212622089,88.73333333333333,70.0,0.5412988766733599,0.7663616329577855,0.0,,,,,13.333333333333334,1.3333333333333335,6
7,70,0.99,0.5,0.95,0.5,8,kf_sa_seed_0008.npz,70,631,700,0.8890649762282092,0.1109350237717908,0.0,0.74,0.26,0.0,0.8106686701728024,0.5199258572752549,0.48007414272474513,0.4445324881141046,0.5197713380122255,0.6237484348569837,0.028352290390953026,0.0831302903601126,0.05477799996915958,10,7.513148009015778,121.0,70.0,0.5412988766733599,0.7663616329577855,0.0,,,,,11.666666666666666,1.1666666666666667,6
7,70,0.995,0.5,0.95,0.5,8,kf_sa_seed_0008.npz,70,631,700,0.9001584786053882,0.09984152139461172,0.0,0.7057142857142857,0.29428571428571426,0.0,0.7978963185574756,0.5348399246704332,0.4651600753295668,0.4500792393026941,0.5108738963097125,0.6283075507400083,0.02551225862434062,0.08312965752801009,0.05761739890366947,10,7.513148009015778,121.0,70.0,0.5412988766733599,0.7663616329577855,0.0,,,,,9.5,0.9500000000000001,6
10,50,0.95,0.5,0.95,0.5,8,kf_sa_seed_0008.npz,50,651,700,0.4393241167434716,0.5606758832565284,0.0,0.3342857142857143,0.6657142857142857,0.0,0.38490007401924503,0.55,0.44999999999999996,0.2196620583717358,0.6338599956111477,0.6903145211674511,0.09136950029406488,0.17875029537999979,0.08738079508593491,43,31.828275351591415,30.704545454545453,67.0,0.5350219562337957,0.7663616329577855,0.0,,,,,50.666666666666664,5.066666666666666,6
10,50,0.98,0.5,0.95,0.5,8,kf_sa_seed_0008.npz,50,651,700,0.5806451612903226,0.41935483870967744,0.0,0.4685714285714286,0.5314285714285715,0.0,0.5225758697261288,0.5354107648725213,0.46458923512747874,0.2903225806451613,0.5865262233925829,0.6461824377639552,0.0712066191646907,0.13012774122028448,0.05892112205559377,27,19.98519615099926,48.25,64.0,0.5350219562337957,0.7663616329577855,0.0,,,,,44.333333333333336,4.433333333333334,6
10,50,0.99,0.5,0.95,0.5,8,kf_sa_seed_0008.npz,50,651,700,0.6973886328725039,0.30261136712749614,0.0,0.6142857142857143,0.38571428571428573,0.0,0.6543301258327165,0.5135746606334841,0.4864253393665159,0.3486943164362519,0.5309216589861752,0.5906949617926187,0.054244046398363104,0.0860912567053603,0.0318472103069972,29,21.46558105107328,45.03333333333333,64.0,0.5350219562337957,0.7663616329577855,0.0,,,,,31.5,3.1500000000000004,6
10,50,0.995,0.5,0.95,0.5,8,kf_sa_seed_0008.npz,50,651,700,0.8233486943164362,0.17665130568356374,0.0,0.77,0.23,0.0,0.7957068837897854,0.4986046511627907,0.5013953488372094,0.4116743471582181,0.4638358569234145,0.5309910120754825,0.03541013139646368,0.04514917248337185,0.009739041086908172,17,12.583271650629163,75.05555555555556,64.0,0.5350219562337957,0.7663616329577855,0.0,,,,,17.166666666666668,1.7166666666666668,6
10,70,0.95,0.5,0.95,0.5,8,kf_sa_seed_0008.npz,70,631,700,0.659270998415214,0.34072900158478603,0.0,0.5928571428571429,0.40714285714285714,0.0,0.6243425995492111,0.5006016847172082,0.49939831528279177,0.329635499207607,0.5190332805071315,0.5925648848195055,0.06366059221019546,0.0988802914731263,0.03521969926293084,38,28.549962434259953,34.12820512820513,70.0,0.5412988766733599,0.7663616329577855,0.0,,,,,31.666666666666668,3.166666666666667,6
10,70,0.98,0.5,0.95,0.5,8,kf_sa_seed_0008.npz,70,631,700,0.7369255150554676,0.2630744849445325,0.0,0.7071428571428572,0.29285714285714287,0.0,0.7212622088655146,0.484375,0.515625,0.3684627575277338,0.46481095766357255,0.5449911811115318,0.052245558548537345,0.06774471700003752,0.015499158451500177,28,21.036814425244177,45.89655172413793,70.0,0.5412988766733599,0.7663616329577855,0.0,,,,,28.333333333333332,2.8333333333333335,6
10,70,0.99,0.5,0.95,0.5,8,kf_sa_seed_0008.npz,70,631,700,0.803486529318542,0.196513470681458,0.0,0.7942857142857143,0.2057142857142857,0.0,0.7986476333583772,0.47695202257761055,0.5230479774223895,0.401743264659271,0.41422458682363594,0.5031124317769937,0.039644862349401,0.04234560199341306,0.0027007396440120596,12,9.015777610818933,102.38461538461539,70.0,0.5412988766733599,0.7663616329577855,0.0,,,,,21.0,2.1,6
10,70,0.995,0.5,0.95,0.5,8,kf_sa_seed_0008.npz,70,631,700,0.8922345483359746,0.10776545166402536,0.0,0.8628571428571429,0.13714285714285715,0.0,0.8767843726521413,0.4824335904027421,0.5175664095972579,0.4461172741679873,0.3693932533393706,0.4675866223746267,0.02437678931907368,0.02056336186779442,-0.0038134274512792617,12,9.015777610818933,102.38461538461539,70.0,0.5412988766733599,0.7663616329577855,0.0,,,,,11.0,1.1,6
5,25,0.95,0.5,0.95,0.5,9,kf_sa_seed_0009.npz,25,676,700,0.7100591715976331,0.25443786982248523,0.03550295857988166,0.25857142857142856,0.6428571428571429,0.09857142857142857,0.5479651162790697,0.7281167108753316,0.2718832891246684,0.4043153000845308,0.7602578191039729,0.7469901555065069,0.11178776448591486,0.33439081934348597,0.2226030548575711,65,47.23837209302326,20.848484848484848,27.0,0.536021572707851,0.8764997225205434,0.16666666666666666,31.0,31.0,31.0,3.1,22.166666666666668,2.216666666666667,5
5,25,0.98,0.5,0.95,0.5,9,kf_sa_seed_0009.npz,25,676,700,0.7899408284023669,0.17307692307692307,0.03698224852071006,0.41714285714285715,0.48428571428571426,0.09857142857142857,0.6686046511627907,0.6554347826086957,0.3445652173913043,0.4442561284868977,0.7436242603550296,0.7231011253371002,0.10516941505041814,0.2950357880230501,0.18986637297263192,39,28.343023255813954,34.4,27.0,0.536021572707851,0.8764997225205434,0.16666666666666666,31.0,31.0,31.0,3.1,22.0,2.2,5
5,25,0.99,0.5,0.95,0.5,9,kf_sa_seed_0009.npz,25,676,700,0.7943786982248521,0.16272189349112426,0.042899408284023666,0.4657142857142857,0.4342857142857143,0.1,0.6991279069767442,0.6309771309771309,0.36902286902286907,0.447189349112426,0.7232734573119188,0.698987003189437,0.10035999909597265,0.26435090980157855,0.1639909107056059,21,15.261627906976743,62.54545454545455,27.0,0.536021572707851,0.8764997225205434,0.16666666666666666,30.0,30.0,30.0,3.0,21.5,2.15,5
5,25,0.995,0.5,0.95,0.5,9,kf_sa_seed_0009.npz,25,676,700,0.8017751479289941,0.16272189349112426,0.03550295857988166,0.5585714285714286,0.3385714285714286,0.10285714285714286,0.7478197674418605,0.5966958211856171,0.40330417881438285,0.45231614539306847,0.6931699070160608,0.6797254835562523,0.09312060723476626,0.2277021888774144,0.13458158164264813,37,26.88953488372093,36.21052631578947,27.0,0.536021572707851,0.8764997225205434,0.16666666666666666,28.0,28.0,28.0,2.8000000000000003,20.333333333333332,2.033333333333333,5
5,35,0.95,0.5,0.95,0.5,9,kf_sa_seed_0009.npz,35,666,700,0.7987987987987988,0.15915915915915915,0.042042042042042045,0.46285714285714286,0.4471428571428571,0.09,0.6932650073206442,0.6282998944033791,0.3717001055966209,0.4443993993993994,0.746006006006006,0.7240886815879957,0.10848527315230246,0.28115012890005947,0.17266485574775703,26,19.03367496339678,50.592592592592595,35.0,0.5407450751649902,0.8764997225205434,0.16666666666666666,37.0,37.0,37.0,3.7,22.333333333333332,2.2333333333333334,5
5,35,0.98,0.5,0.95,0.5,9,kf_sa_seed_0009.npz,35,666,700,0.7957957957957958,0.15915915915915915,0.04504504504504504,0.5342857142857143,0.37857142857142856,0.08714285714285715,0.7284040995607614,0.5939698492462312,0.4060301507537688,0.4414693264693265,0.7192685542685543,0.6965857191528596,0.10911129167270156,0.252460172495386,0.14334888082268443,24,17.569546120058565,54.64,35.0,0.5407450751649902,0.8764997225205434,0.16666666666666666,39.0,39.0,39.0,3.9000000000000004,22.666666666666668,2.266666666666667,5
5,35,0.99,0.5,0.95,0.5,9,kf_sa_seed_0009.npz,35,666,700,0.8003003003003003,0.15015015015015015,0.04954954954954955,0.59,0.32,0.09,0.7628111273792094,0.5719769673704415,0.42802303262955854,0.44515015015015014,0.6921750321750322,0.6760730658172251,0.10495640987799018,0.2249867510429502,0.12003034116496003,16,11.71303074670571,80.3529411764706,35.0,0.5407450751649902,0.8764997225205434,0.16666666666666666,37.0,37.0,37.0,3.7,22.166666666666668,2.216666666666667,5
5,35,0.995,0.5,0.95,0.5,9,kf_sa_seed_0009.npz,35,666,700,0.8033033033033034,0.15015015015015015,0.046546546546546545,0.6185714285714285,0.2885714285714286,0.09285714285714286,0.7789165446559297,0.5639097744360902,0.43609022556390975,0.4480802230802231,0.6837044187044187,0.6641398494856184,0.1029815709408393,0.2209333243598912,0.11795175341905188,20,14.641288433382138,65.04761904761905,35.0,0.5407450751649902,0.8764997225205434,0.16666666666666666,35.0,35.0,35.0,3.5,21.833333333333332,2.183333333333333,5
5,50,0.95,0.5,0.95,0.5,9,kf_sa_seed_0009.npz,50,651,700,0.7757296466973886,0.17357910906298002,0.05069124423963134,0.6114285714285714,0.30857142857142855,0.08,0.7564766839378239,0.5489236790606654,0.4510763209393346,0.4278648233486943,0.6799034452490673,0.6547530739933093,0.12147938655693302,0.22354794638418501,0.10206855982725199,14,10.362694300518134,90.06666666666666,50.0,0.5426133823679122,0.8764997225205434,0.16666666666666666,44.0,44.0,44.0,4.4,24.333333333333332,2.4333333333333336,5
5,50,0.98,0.5,0.95,0.5,9,kf_sa_seed_0009.npz,50,651,700,0.7803379416282642,0.16282642089093702,0.05683563748079877,0.6557142857142857,0.2671428571428571,0.07714285714285714,0.7831236121391562,0.5311909262759924,0.4688090737240076,0.4287403993855607,0.6571099407504938,0.6419500124363247,0.12451495101152842,0.20165944043800776,0.07714448942647935,16,11.843079200592154,79.47058823529412,50.0,0.5426133823679122,0.8764997225205434,0.16666666666666666,46.0,46.0,46.0,4.6000000000000005,24.166666666666668,2.416666666666667,5
5,50,0.99,0.5,0.95,0.5,9,kf_sa_seed_0009.npz,50,651,700,0.7818740399385561,0.1597542242703533,0.05837173579109063,0.6857142857142857,0.24285714285714285,0.07142857142857142,0.7971872686898593,0.5190343546889508,0.48096564531104924,0.42665130568356374,0.6316260697827518,0.6275426808066151,0.12280724430923949,0.1870099356166587,0.06420269130741922,14,10.362694300518134,90.06666666666666,50.0,0.5426133823679122,0.8764997225205434,0.16666666666666666,50.0,50.0,50.0,5.0,23.833333333333332,2.3833333333333333,5
5,50,0.995,0.5,0.95,0.5,9,kf_sa_seed_0009.npz,50,651,700,0.7880184331797235,0.15053763440860216,0.06144393241167435,0.7157142857142857,0.20285714285714285,0.08142857142857143,0.8223538119911177,0.513051305130513,0.486948694869487,0.43472350230414747,0.6037963572525784,0.6092521836929176,0.12037202348443223,0.17443842643706742,0.05406640295263519,12,8.882309400444116,103.92307692307692,50.0,0.5426133823679122,0.8764997225205434,0.16666666666666666,43.0,43.0,43.0,4.3,23.0,2.3000000000000003,5
5,70,0.95,0.5,0.95,0.5,9,kf_sa_seed_0009.npz,70,631,700,0.7448494453248812,0.1949286846275753,0.060221870047543584,0.7057142857142857,0.2357142857142857,0.05857142857142857,0.7836213373403456,0.4899328859060403,0.5100671140939597,0.4017104369481549,0.5833484265338466,0.5626522308379104,0.14120385041400638,0.15918343964981832,0.017979589235811944,16,12.021036814425244,78.29411764705883,70.0,0.5398027399415587,0.8764997225205434,0.16666666666666666,59.0,59.0,59.0,5.9,26.833333333333332,2.6833333333333336,5
5,70,0.98,0.5,0.95,0.5,9,kf_sa_seed_0009.npz,70,631,700,0.7543581616481775,0.18225039619651348,0.06339144215530904,0.7385714285714285,0.20285714285714285,0.05857142857142857,0.8069120961682945,0.4813780260707635,0.5186219739292365,0.40646479510980305,0.5589087616028979,0.5463360121183064,0.14407333160205843,0.14367876189421402,-0.0003945697078444055,16,12.021036814425244,78.29411764705883,70.0,0.5398027399415587,0.8764997225205434,0.16666666666666666,59.0,59.0,59.0,5.9,26.0,2.6,5
5,70,0.99,0.5,0.95,0.5,9,kf_sa_seed_0009.npz,70,631,700,0.7591125198098256,0.17274167987321712,0.06814580031695722,0.7671428571428571,0.17142857142857143,0.06142857142857143,0.8279489105935387,0.47368421052631576,0.5263157894736843,0.4102705456191985,0.5413538600860313,0.5340195622132636,0.1460662082822441,0.1368353528733949,-0.009230855408849187,10,7.513148009015778,121.0,70.0,0.5398027399415587,0.8764997225205434,0.16666666666666666,57.0,57.0,57.0,5.7,25.333333333333332,2.533333333333333,5
5,70,0.995,0.5,0.95,0.5,9,kf_sa_seed_0009.npz,70,631,700,0.757527733755943,0.16957210776545167,0.07290015847860538,0.7885714285714286,0.15142857142857144,0.06,0.8399699474079639,0.46511627906976744,0.5348837209302326,0.4087638668779715,0.5180914647951098,0.5213271196117011,0.13800040045511214,0.1265378692959231,-0.011462531159189049,8,6.010518407212622,147.88888888888889,70.0,0.5398027399415587,0.8764997225205434,0.16666666666666666,58.0,58.0,58.0,5.800000000000001,25.5,2.5500000000000003,5
7,35,0.95,0.5,0.95,0.5,9,kf_sa_seed_0009.npz,35,666,700,0.5705705705705706,0.3933933933933934,0.036036036036036036,0.2,0.7085714285714285,0.09142857142857143,0.445095168374817,0.7302631578947368,0.26973684210526316,0.330999570999571,0.7494959244959245,0.7365529908077452,0.12904500235763933,0.3164084708808148,0.18736346852317548,57,41.72767203513909,23.551724137931036,44.0,0.5407450751649902,0.8764997225205434,0.16666666666666666,36.0,36.0,36.0,3.6,33.833333333333336,3.3833333333333337,5
7,35,0.98,0.5,0.95,0.5,9,kf_sa_seed_0009.npz,35,666,700,0.6996996996996997,0.2627627627627628,0.03753753753753754,0.3271428571428571,0.5814285714285714,0.09142857142857143,0.5739385065885798,0.6760204081632653,0.32397959183673475,0.39556413556413555,0.7236851136851137,0.710385261663726,0.11520440561704084,0.27304195797028985,0.157837552353249,45,32.94289897510981,29.695652173913043,44.0,0.5407450751649902,0.8764997225205434,0.16666666666666666,36.0,36.0,36.0,3.6,29.0,2.9000000000000004,5
7,35,0.99,0.5,0.95,0.5,9,kf_sa_seed_0009.npz,35,666,700,0.7342342342342343,0.2222222222222222,0.04354354354354354,0.44,0.4657142857142857,0.09428571428571429,0.6530014641288433,0.6221973094170403,0.3778026905829597,0.4142599742599743,0.6909309309309309,0.6834998992925465,0.10904649615246677,0.24454571063179453,0.13549921447932778,37,27.086383601756953,35.94736842105263,44.0,0.5407450751649902,0.8764997225205434,0.16666666666666666,36.0,36.0,36.0,3.6,28.166666666666668,2.816666666666667,5
7,35,0.995,0.5,0.95,0.5,9,kf_sa_seed_0009.npz,35,666,700,0.7147147147147147,0.24624624624624625,0.03903903903903904,0.5028571428571429,0.4085714285714286,0.08857142857142856,0.6705710102489019,0.5873362445414847,0.4126637554585153,0.4016430716430716,0.647018447018447,0.6548013492876175,0.10847200526456524,0.2396662745219379,0.13119426925737265,41,30.01464128843338,32.523809523809526,44.0,0.5407450751649902,0.8764997225205434,0.16666666666666666,38.0,38.0,38.0,3.8000000000000003,23.666666666666668,2.3666666666666667,5
7,50,0.95,0.5,0.95,0.5,9,kf_sa_seed_0009.npz,50,651,700,0.7142857142857143,0.2411674347158218,0.0445468509984639,0.4342857142857143,0.4928571428571429,0.07285714285714286,0.6284233900814211,0.607773851590106,0.392226148409894,0.39357142857142857,0.7079921000658328,0.6801425441617184,0.12460194421527182,0.2480593429154462,0.12345739870017439,24,17.764618800888233,54.04,50.0,0.5426133823679122,0.8764997225205434,0.16666666666666666,49.0,49.0,49.0,4.9,29.0,2.9000000000000004,5
7,50,0.98,0.5,0.95,0.5,9,kf_sa_seed_0009.npz,50,651,700,0.7419354838709677,0.21044546850998463,0.047619047619047616,0.5528571428571428,0.3757142857142857,0.07142857142857142,0.7039230199851961,0.5604626708727655,0.43953732912723453,0.4066820276497696,0.6635066929997806,0.65169748028681,0.12254647270188804,0.21939897927362587,0.09685250657173783,30,22.20577350111029,43.58064516129032,50.0,0.5426133823679122,0.8764997225205434,0.16666666666666666,50.0,50.0,50.0,5.0,27.666666666666668,2.766666666666667,5
7,50,0.99,0.5,0.95,0.5,9,kf_sa_seed_0009.npz,50,651,700,0.7419354838709677,0.21044546850998463,0.047619047619047616,0.6257142857142857,0.30428571428571427,0.07,0.7409326424870466,0.5314685314685315,0.46853146853146854,0.4059677419354839,0.6297586131226685,0.6320114835936822,0.11854113043511086,0.1999925994843753,0.08145146904926445,14,10.362694300518134,90.06666666666666,50.0,0.5426133823679122,0.8764997225205434,0.16666666666666666,51.0,51.0,51.0,5.1000000000000005,28.0,2.8000000000000003,5
7,50,0.995,0.5,0.95,0.5,9,kf_sa_seed_0009.npz,50,651,700,0.7680491551459293,0.1827956989247312,0.04915514592933948,0.6557142857142857,0.26857142857142857,0.07571428571428572,0.7727609178386381,0.5296934865900383,0.47030651340996166,0.4218817204301075,0.6073842440201888,0.6208634947040901,0.11797351935616505,0.19856978810837925,0.08059626875221419,16,11.843079200592154,79.47058823529412,50.0,0.5426133823679122,0.8764997225205434,0.16666666666666666,47.0,47.0,47.0,4.7,25.0,2.5,5
7,70,0.95,0.5,0.95,0.5,9,kf_sa_seed_0009.npz,70,631,700,0.7068145800316957,0.2393026941362916,0.05388272583201268,0.6342857142857142,0.30714285714285716,0.05857142857142857,0.7250187828700225,0.5046632124352332,0.49533678756476685,0.38269300430156217,0.5957957889970569,0.5809289598329387,0.13410078964088584,0.17338564137376603,0.03928485173288018,18,13.5236664162284,70.05263157894737,70.0,0.5398027399415587,0.8764997225205434,0.16666666666666666,59.0,59.0,59.0,5.9,30.833333333333332,3.0833333333333335,5
7,70,0.98,0.5,0.95,0.5,9,kf_sa_seed_0009.npz,70,631,700,0.7400950871632329,0.20285261489698891,0.05705229793977813,0.6842857142857143,0.26,0.055714285714285716,0.7670924117205109,0.49559255631733595,0.504407443682664,0.3979046864387593,0.5558206927779036,0.5571761802940417,0.13481943339182667,0.1578102986558135,0.02299086526398683,28,21.036814425244177,45.89655172413793,70.0,0.5398027399415587,0.8764997225205434,0.16666666666666666,61.0,61.0,61.0,6.1000000000000005,27.333333333333332,2.7333333333333334,5
7,70,0.99,0.5,0.95,0.5,9,kf_sa_seed_0009.npz,70,631,700,0.757527733755943,0.1838351822503962,0.058637083993660855,0.7171428571428572,0.22428571428571428,0.05857142857142857,0.7948910593538693,0.4905482041587902,0.5094517958412098,0.4080495811636858,0.5345687117953362,0.5447294995137096,0.13044307908643252,0.14540206217667703,0.014958983090244515,14,10.518407212622089,88.73333333333333,70.0,0.5398027399415587,0.8764997225205434,0.16666666666666666,59.0,59.0,59.0,5.9,25.833333333333332,2.5833333333333335,5
7,70,0.995,0.5,0.95,0.5,9,kf_sa_seed_0009.npz,70,631,700,0.7670364500792393,0.17115689381933438,0.061806656101426306,0.7571428571428571,0.18714285714285714,0.055714285714285716,0.8204357625845229,0.47893772893772896,0.521062271062271,0.4113753678967625,0.48719945664478154,0.5250002697250071,0.1286853512473497,0.14009603148023225,0.011410680232882553,12,9.015777610818933,102.38461538461539,70.0,0.5398027399415587,0.8764997225205434,0.16666666666666666,61.0,61.0,61.0,6.1000000000000005,24.833333333333332,2.4833333333333334,5
10,50,0.95,0.5,0.95,0.5,9,kf_sa_seed_0009.npz,50,651,700,0.533026113671275,0.4362519201228879,0.030721966205837174,0.32,0.6171428571428571,0.06285714285714286,0.4700222057735011,0.6157480314960629,0.38425196850393706,0.2979416282642089,0.6340048277375466,0.618893547519297,0.14787319635225013,0.23363891669778009,0.08576572034552996,67,49.592894152479644,19.86764705882353,51.0,0.5426133823679122,0.8764997225205434,0.16666666666666666,56.0,56.0,56.0,5.6000000000000005,38.333333333333336,3.833333333333334,5
10,50,0.98,0.5,0.95,0.5,9,kf_sa_seed_0009.npz,50,651,700,0.6344086021505376,0.3317972350230415,0.03379416282642089,0.5071428571428571,0.44,0.05285714285714286,0.612139156180607,0.5441354292623942,0.4558645707376058,0.3436328725038402,0.5901382488479263,0.5826215306002721,0.1365282817599179,0.19183647884114513,0.05530819708122722,25,18.50481125092524,51.96153846153846,51.0,0.5426133823679122,0.8764997225205434,0.16666666666666666,63.0,63.0,63.0,6.300000000000001,37.666666666666664,3.7666666666666666,5
10,50,0.99,0.5,0.95,0.5,9,kf_sa_seed_0009.npz,50,651,700,0.6728110599078341,0.29185867895545314,0.03533026113671275,0.5828571428571429,0.3742857142857143,0.04285714285714286,0.6654330125832717,0.5205784204671857,0.4794215795328143,0.35783410138248845,0.5430743910467413,0.5475482255963048,0.12706830076339332,0.15318951750315424,0.026121216739760922,21,15.544041450777202,61.40909090909091,51.0,0.5426133823679122,0.8764997225205434,0.16666666666666666,70.0,70.0,70.0,7.0,35.5,3.5500000000000003,5
10,50,0.995,0.5,0.95,0.5,9,kf_sa_seed_0009.npz,50,651,700,0.6897081413210445,0.28110599078341014,0.029185867895545316,0.7085714285714285,0.28714285714285714,0.004285714285714286,0.7157660991857883,0.4674250258531541,0.532574974146846,0.34699692780337943,0.49615755979811277,0.5107113756987488,0.11430939954316241,0.11040914605337716,-0.0039002534897852464,13,9.622501850481125,96.5,51.0,0.5426133823679122,0.8764997225205434,0.16666666666666666,97.0,97.0,97.0,9.700000000000001,33.666666666666664,3.3666666666666667,5
10,70,0.95,0.5,0.95,0.5,9,kf_sa_seed_0009.npz,70,631,700,0.6465927099841522,0.3058637083993661,0.04754358161648178,0.5857142857142857,0.37285714285714283,0.041428571428571426,0.6589030803906837,0.4982896237172178,0.5017103762827821,0.3440106407063618,0.5250079239302694,0.5388147853327021,0.14369827490987636,0.15859186152268911,0.01489358661281276,16,12.021036814425244,78.29411764705883,70.0,0.5398027399415587,0.8764997225205434,0.16666666666666666,71.0,71.0,71.0,7.1000000000000005,37.0,3.7,5
10,70,0.98,0.5,0.95,0.5,9,kf_sa_seed_0009.npz,70,631,700,0.6513470681458003,0.3011093502377179,0.04754358161648178,0.6528571428571428,0.3171428571428571,0.03,0.69045830202855,0.470076169749728,0.529923830250272,0.3406735340729002,0.4849807561693457,0.5117043010995113,0.13836862207294853,0.13121305754346047,-0.007155564529488068,22,16.52892561983471,57.869565217391305,70.0,0.5398027399415587,0.8764997225205434,0.16666666666666666,79.0,79.0,79.0,7.9,37.0,3.7,5
10,70,0.99,0.5,0.95,0.5,9,kf_sa_seed_0009.npz,70,631,700,0.6624405705229794,0.29160063391442154,0.04595879556259905,0.7242857142857143,0.26571428571428574,0.01,0.7220135236664162,0.4422476586888658,0.5577523413111343,0.3362202852614897,0.4520375820692778,0.4888205849618207,0.1308689913849269,0.10437524383827994,-0.026493747546646976,18,13.5236664162284,70.05263157894737,70.0,0.5398027399415587,0.8764997225205434,0.16666666666666666,94.0,94.0,94.0,9.4,35.833333333333336,3.583333333333334,5
10,70,0.995,0.5,0.95,0.5,9,kf_sa_seed_0009.npz,70,631,700,0.7258320126782885,0.24881141045958796,0.025356576862123614,0.7842857142857143,0.21571428571428572,0.0,0.768595041322314,0.447702834799609,0.552297165200391,0.3629160063391442,0.4253384650215078,0.46829945166199616,0.11695879865618526,0.0732404472362609,-0.04371835141992436,10,7.513148009015778,121.0,70.0,0.5398027399415587,0.8764997225205434,0.0,,,,,29.0,2.9000000000000004,6
5,25,0.95,0.5,0.95,0.5,10,kf_sa_seed_0010.npz,25,676,700,0.5458579881656804,0.4245562130177515,0.029585798816568046,0.17,0.7371428571428571,0.09285714285714286,0.4164244186046512,0.7574171029668412,0.24258289703315883,0.31935756551141165,0.7727557058326289,0.7657940285317695,0.10311476941795514,0.3441578026987342,0.24104303328077906,64,46.51162790697674,21.16923076923077,48.0,0.52205687123065,0.8675315926143685,0.16666666666666666,35.0,35.0,35.0,3.5,19.166666666666668,1.916666666666667,5
5,25,0.98,0.5,0.95,0.5,10,kf_sa_seed_0010.npz,25,676,700,0.7662721893491125,0.20266272189349113,0.03106508875739645,0.30142857142857143,0.6042857142857143,0.09428571428571429,0.5930232558139535,0.7156862745098039,0.28431372549019607,0.4302789518174134,0.7799746407438715,0.7720723655947773,0.08686498866508653,0.302917588261862,0.21605259959677547,58,42.151162790697676,23.322033898305083,43.0,0.52205687123065,0.8675315926143685,0.16666666666666666,34.0,34.0,34.0,3.4000000000000004,19.5,1.9500000000000002,5
5,25,0.99,0.5,0.95,0.5,10,kf_sa_seed_0010.npz,25,676,700,0.8062130177514792,0.15828402366863906,0.03550295857988166,0.3985714285714286,0.5,0.10142857142857142,0.6678779069767442,0.6702937976060935,0.32970620239390647,0.45382079459002533,0.7635143702451395,0.7592087460422056,0.08139917468540127,0.29902650478758896,0.2176273301021877,50,36.33720930232558,26.980392156862745,37.0,0.52205687123065,0.8675315926143685,0.16666666666666666,29.0,29.0,29.0,2.9000000000000004,18.666666666666668,1.866666666666667,5
5,25,0.995,0.5,0.95,0.5,10,kf_sa_seed_0010.npz,25,676,700,0.7899408284023669,0.17751479289940827,0.03254437869822485,0.45285714285714285,0.45,0.09714285714285714,0.6838662790697675,0.6397449521785334,0.36025504782146656,0.443541842772612,0.7093005071851226,0.7254716048358496,0.08272787116721986,0.2983440013545513,0.21561613018733145,49,35.61046511627907,27.52,37.0,0.52205687123065,0.8675315926143685,0.16666666666666666,32.0,32.0,32.0,3.2,19.833333333333332,1.9833333333333334,5
5,35,0.95,0.5,0.95,0.5,10,kf_sa_seed_0010.npz,35,666,700,0.7927927927927928,0.16966966966966968,0.03753753753753754,0.35285714285714287,0.5628571428571428,0.08428571428571428,0.6288433382137628,0.6833527357392316,0.3166472642607684,0.43853925353925355,0.771988416988417,0.750260092907026,0.09123681369179164,0.28670111097016315,0.1954642972783715,46,33.674963396778914,29.06382978723404,37.0,0.5211074135388661,0.8675315926143685,0.16666666666666666,41.0,41.0,41.0,4.1000000000000005,20.333333333333332,2.033333333333333,5
5,35,0.98,0.5,0.95,0.5,10,kf_sa_seed_0010.npz,35,666,700,0.8303303303303303,0.13063063063063063,0.03903903903903904,0.45,0.46285714285714286,0.08714285714285715,0.6991215226939971,0.6429319371727749,0.35706806282722514,0.45873659373659376,0.7601651651651652,0.7256884079215874,0.08775695602879643,0.25606021145255964,0.1683032554237632,41,30.01464128843338,32.523809523809526,37.0,0.5211074135388661,0.8675315926143685,0.16666666666666666,39.0,39.0,39.0,3.9000000000000004,18.333333333333332,1.8333333333333333,5
5,35,0.99,0.5,0.95,0.5,10,kf_sa_seed_0010.npz,35,666,700,0.8378378378378378,0.12012012012012012,0.042042042042042045,0.5285714285714286,0.38571428571428573,0.08571428571428572,0.7437774524158126,0.6082677165354331,0.3917322834645669,0.4617760617760618,0.734972114972115,0.718327065546635,0.08490795188705848,0.24374274669147641,0.15883479480441792,29,21.2298682284041,45.53333333333333,37.0,0.5211074135388661,0.8675315926143685,0.16666666666666666,40.0,40.0,40.0,4.0,18.0,1.8,5
5,35,0.995,0.5,0.95,0.5,10,kf_sa_seed_0010.npz,35,666,700,0.8453453453453453,0.11561561561561562,0.03903903903903904,0.6285714285714286,0.28285714285714286,0.08857142857142856,0.7986822840409956,0.5728689275893676,0.4271310724106324,0.46695838695838693,0.7096203346203346,0.7084186074253773,0.08144957671590287,0.24092087311021573,0.15947129639431284,35,25.62225475841874,37.94444444444444,37.0,0.5211074135388661,0.8675315926143685,0.16666666666666666,38.0,38.0,38.0,3.8000000000000003,15.833333333333334,1.5833333333333335,5
5,50,0.95,0.5,0.95,0.5,10,kf_sa_seed_0010.npz,50,651,700,0.8141321044546851,0.141321044546851,0.0445468509984639,0.5485714285714286,0.38142857142857145,0.07,0.7342709104367136,0.5836693548387096,0.41633064516129037,0.4420660522273425,0.7262497256967303,0.6924076973705678,0.09719318848785685,0.22174801865089758,0.12455483016304073,26,19.24500370096225,50.03703703703704,50.0,0.523940478510572,0.8675315926143685,0.16666666666666666,51.0,51.0,51.0,5.1000000000000005,20.166666666666668,2.016666666666667,5
5,50,0.98,0.5,0.95,0.5,10,kf_sa_seed_0010.npz,50,651,700,0.8172043010752689,0.1382488479262673,0.0445468509984639,0.6542857142857142,0.27714285714285714,0.06857142857142857,0.7897853441894893,0.5435801312089972,0.4564198687910028,0.44288786482334874,0.712916392363397,0.6749144371361313,0.0979145975159919,0.20159854944745434,0.10368395193146245,36,26.646928201332347,36.513513513513516,50.0,0.523940478510572,0.8675315926143685,0.16666666666666666,52.0,52.0,52.0,5.2,20.333333333333332,2.033333333333333,5
5,50,0.99,0.5,0.95,0.5,10,kf_sa_seed_0010.npz,50,651,700,0.8341013824884793,0.11674347158218126,0.04915514592933948,0.6771428571428572,0.25,0.07285714285714286,0.8142116950407106,0.54,0.45999999999999996,0.4534792626728111,0.6830217248189598,0.6555147608022581,0.09783837733438366,0.18842076317560327,0.09058238584121961,20,14.803849000740193,64.33333333333333,50.0,0.523940478510572,0.8675315926143685,0.16666666666666666,49.0,49.0,49.0,4.9,17.0,1.7000000000000002,5
5,50,0.995,0.5,0.95,0.5,10,kf_sa_seed_0010.npz,50,651,700,0.8387096774193549,0.11059907834101383,0.05069124423963134,0.7042857142857143,0.21857142857142858,0.07714285714285714,0.8334566987416728,0.5328596802841918,0.46714031971580816,0.457926267281106,0.6547004608294931,0.6425920563905022,0.09704371742126897,0.19237800318701115,0.09533428576574218,34,25.166543301258326,38.6,50.0,0.523940478510572,0.8675315926143685,0.16666666666666666,46.0,46.0,46.0,4.6000000000000005,17.166666666666668,1.7166666666666668,5
5,70,0.95,0.5,0.95,0.5,10,kf_sa_seed_0010.npz,70,631,700,0.8161648177496038,0.12678288431061807,0.05705229793977813,0.74,0.21428571428571427,0.045714285714285714,0.8271975957926371,0.49682107175295187,0.5031789282470481,0.43093955173194476,0.6415327145121122,0.6143808293002824,0.11457936465620872,0.15335592576104723,0.038776561104838514,22,16.52892561983471,57.869565217391305,70.0,0.5240824470675153,0.8675315926143685,0.16666666666666666,68.0,68.0,68.0,6.800000000000001,19.333333333333332,1.9333333333333333,5
5,70,0.98,0.5,0.95,0.5,10,kf_sa_seed_0010.npz,70,631,700,0.8082408874801902,0.13787638668779714,0.05388272583201268,0.7785714285714286,0.17285714285714285,0.04857142857142857,0.8437265214124718,0.4844167408726625,0.5155832591273375,0.4284061580258094,0.6149309486076523,0.5943007639255881,0.11773483268552579,0.1407070196714117,0.022972186985885906,12,9.015777610818933,102.38461538461539,70.0,0.5240824470675153,0.8675315926143685,0.16666666666666666,66.0,66.0,66.0,6.6000000000000005,20.166666666666668,2.016666666666667,5
5,70,0.99,0.5,0.95,0.5,10,kf_sa_seed_0010.npz,70,631,700,0.8050713153724247,0.13629160063391443,0.058637083993660855,0.79,0.16428571428571428,0.045714285714285714,0.8489857250187829,0.4778761061946903,0.5221238938053097,0.4253928005433552,0.5857120217342088,0.5756118434354437,0.11923216410204804,0.14232879704561616,0.02309663294356812,12,9.015777610818933,102.38461538461539,70.0,0.5240824470675153,0.8675315926143685,0.16666666666666666,68.0,68.0,68.0,6.800000000000001,20.5,2.0500000000000003,5
5,70,0.995,0.5,0.95,0.5,10,kf_sa_seed_0010.npz,70,631,700,0.8145800316957211,0.12202852614896989,0.06339144215530904,0.7785714285714286,0.1742857142857143,0.047142857142857146,0.850488354620586,0.4832155477031802,0.5167844522968198,0.43086144441928914,0.5518655195834277,0.5605911585089274,0.12257364766412611,0.1453922743453923,0.022818626681266205,10,7.513148009015778,121.0,70.0,0.5240824470675153,0.8675315926143685,0.16666666666666666,67.0,67.0,67.0,6.7,19.5,1.9500000000000002,5
7,35,0.95,0.5,0.95,0.5,10,kf_sa_seed_0010.npz,35,666,700,0.47297297297297297,0.4954954954954955,0.03153153153153153,0.17142857142857143,0.74,0.08857142857142856,0.37920937042459735,0.7277992277992278,0.2722007722007722,0.2807722007722008,0.7731510081510081,0.7672454171214829,0.12074555434560018,0.3345697252266641,0.21382417088106392,70,51.24450951683748,19.239436619718308,40.0,0.5211074135388661,0.8675315926143685,0.16666666666666666,38.0,38.0,38.0,3.8000000000000003,22.5,2.25,5
7,35,0.98,0.5,0.95,0.5,10,kf_sa_seed_0010.npz,35,666,700,0.6171171171171171,0.34984984984984985,0.03303303303303303,0.2714285714285714,0.64,0.08857142857142856,0.5014641288433382,0.6905109489051094,0.30948905109489055,0.35284427284427283,0.751956241956242,0.7544007381206517,0.10465374124765818,0.2980637725362354,0.1934100312885772,62,45.387994143484626,21.682539682539684,40.0,0.5211074135388661,0.8675315926143685,0.16666666666666666,38.0,38.0,38.0,3.8000000000000003,22.5,2.25,5
7,35,0.99,0.5,0.95,0.5,10,kf_sa_seed_0010.npz,35,666,700,0.7492492492492493,0.21621621621621623,0.03453453453453453,0.30857142857142855,0.6028571428571429,0.08857142857142856,0.5856515373352855,0.70125,0.29874999999999996,0.4189103389103389,0.7355855855855856,0.7436068171147685,0.09568590577327214,0.27886493063473794,0.1831790248614658,36,26.35431918008785,36.91891891891892,40.0,0.5211074135388661,0.8675315926143685,0.16666666666666666,38.0,38.0,38.0,3.8000000000000003,20.666666666666668,2.066666666666667,5
7,35,0.995,0.5,0.95,0.5,10,kf_sa_seed_0010.npz,35,666,700,0.7267267267267268,0.23873873873873874,0.03453453453453453,0.3271428571428571,0.5828571428571429,0.09,0.5849194729136163,0.6846057571964956,0.31539424280350437,0.4083633633633634,0.7145280995280995,0.7297435124372035,0.09623425321648095,0.2829257011935317,0.18669144797705078,51,37.33528550512445,26.26923076923077,40.0,0.5211074135388661,0.8675315926143685,0.16666666666666666,37.0,37.0,37.0,3.7,22.5,2.25,5
7,50,0.95,0.5,0.95,0.5,10,kf_sa_seed_0010.npz,50,651,700,0.7496159754224271,0.21351766513056836,0.03686635944700461,0.36142857142857143,0.5657142857142857,0.07285714285714286,0.6039970392301999,0.6605392156862745,0.3394607843137255,0.41123655913978496,0.7232872503840245,0.7159709011387103,0.1069114982257686,0.2563558990861868,0.14944440086041816,51,37.749814951887494,25.98076923076923,50.0,0.523940478510572,0.8675315926143685,0.16666666666666666,49.0,49.0,49.0,4.9,26.333333333333332,2.6333333333333333,5
7,50,0.98,0.5,0.95,0.5,10,kf_sa_seed_0010.npz,50,651,700,0.7803379416282642,0.1781874039938556,0.041474654377880185,0.42428571428571427,0.5042857142857143,0.07142857142857142,0.6528497409326425,0.6326530612244898,0.36734693877551017,0.4258832565284178,0.7003116085143735,0.6978236187096031,0.1030842645524817,0.23652753462180345,0.13344327006932177,29,21.46558105107328,45.03333333333333,50.0,0.523940478510572,0.8675315926143685,0.16666666666666666,50.0,50.0,50.0,5.0,22.166666666666668,2.216666666666667,5
7,50,0.99,0.5,0.95,0.5,10,kf_sa_seed_0010.npz,50,651,700,0.8125960061443932,0.14592933947772657,0.041474654377880185,0.45,0.48,0.07,0.6809770540340488,0.6282608695652174,0.37173913043478257,0.4412980030721966,0.6847772657450076,0.6747188757480795,0.09994430157313092,0.22385814257776027,0.12391384100462935,28,20.72538860103627,46.58620689655172,50.0,0.523940478510572,0.8675315926143685,0.16666666666666666,51.0,51.0,51.0,5.1000000000000005,18.666666666666668,1.866666666666667,5
7,50,0.995,0.5,0.95,0.5,10,kf_sa_seed_0010.npz,50,651,700,0.8218125960061444,0.1336405529953917,0.0445468509984639,0.47,0.46,0.07,0.6972612879348631,0.6199575371549894,0.38004246284501064,0.44590629800307224,0.6655058152293175,0.6711214032122426,0.10010236442727038,0.22199001586428949,0.1218876514370191,32,23.686158401184308,40.93939393939394,50.0,0.523940478510572,0.8675315926143685,0.16666666666666666,51.0,51.0,51.0,5.1000000000000005,18.666666666666668,1.866666666666667,5
7,70,0.95,0.5,0.95,0.5,10,kf_sa_seed_0010.npz,70,631,700,0.7828843106180665,0.16957210776545167,0.04754358161648178,0.5985714285714285,0.3514285714285714,0.05,0.734785875281743,0.5408997955010225,0.4591002044989775,0.4164421553090333,0.6439551731944759,0.6366183507478191,0.11392620028658536,0.1758101847905881,0.061883984504002745,28,21.036814425244177,45.89655172413793,70.0,0.5240824470675153,0.8675315926143685,0.16666666666666666,65.0,65.0,65.0,6.5,21.833333333333332,2.183333333333333,5
7,70,0.98,0.5,0.95,0.5,10,kf_sa_seed_0010.npz,70,631,700,0.7971473851030111,0.15530903328050713,0.04754358161648178,0.6314285714285715,0.32,0.04857142857142857,0.758076634109692,0.5322101090188305,0.4677898909811695,0.42285940683721984,0.6205026035770885,0.6190362730928481,0.11583543426780499,0.1638544658366895,0.04801903156888451,22,16.52892561983471,57.869565217391305,70.0,0.5240824470675153,0.8675315926143685,0.16666666666666666,66.0,66.0,66.0,6.6000000000000005,21.166666666666668,2.1166666666666667,5
7,70,0.99,0.5,0.95,0.5,10,kf_sa_seed_0010.npz,70,631,700,0.7908082408874801,0.15689381933438987,0.05229793977812995,0.6714285714285714,0.28,0.04857142857142857,0.7783621337340345,0.5144787644787645,0.4855212355212355,0.41968983472945437,0.5828661987774507,0.6001472711969942,0.11488759630919212,0.15642472140467653,0.041537125095484406,20,15.026296018031555,63.38095238095238,70.0,0.5240824470675153,0.8675315926143685,0.16666666666666666,66.0,66.0,66.0,6.6000000000000005,22.0,2.2,5
7,70,0.995,0.5,0.95,0.5,10,kf_sa_seed_0010.npz,70,631,700,0.7971473851030111,0.15055467511885895,0.05229793977812995,0.7157142857142857,0.2357142857142857,0.04857142857142857,0.8046581517655897,0.5014005602240896,0.49859943977591037,0.42285940683721984,0.5626737604709079,0.5913287769706583,0.11639940911007568,0.15742310290006511,0.041023693789989435,28,21.036814425244177,45.89655172413793,70.0,0.5240824470675153,0.8675315926143685,0.16666666666666666,66.0,66.0,66.0,6.6000000000000005,21.666666666666668,2.166666666666667,5
10,50,0.95,0.5,0.95,0.5,10,kf_sa_seed_0010.npz,50,651,700,0.4147465437788018,0.554531490015361,0.030721966205837174,0.20714285714285716,0.7357142857142858,0.05714285714285714,0.3515914137675796,0.6526315789473685,0.34736842105263155,0.2359447004608295,0.6788501206934386,0.6811986264475205,0.13784629538604776,0.24580951623463132,0.10796322084858356,32,23.686158401184308,40.93939393939394,73.0,0.523940478510572,0.8675315926143685,0.16666666666666666,60.0,60.0,60.0,6.0,33.666666666666664,3.3666666666666667,5
10,50,0.98,0.5,0.95,0.5,10,kf_sa_seed_0010.npz,50,651,700,0.6236559139784946,0.3456221198156682,0.030721966205837174,0.34,0.6128571428571429,0.047142857142857146,0.5159141376757957,0.629842180774749,0.37015781922525104,0.3353993855606759,0.649267061663375,0.6474724486745465,0.12128285059794082,0.19562327769764343,0.07434042709970261,42,31.088082901554404,31.41860465116279,68.0,0.523940478510572,0.8675315926143685,0.16666666666666666,67.0,67.0,67.0,6.7,33.0,3.3000000000000003,5
10,50,0.99,0.5,0.95,0.5,10,kf_sa_seed_0010.npz,50,651,700,0.6989247311827957,0.2764976958525346,0.02457757296466974,0.4928571428571429,0.4685714285714286,0.03857142857142857,0.6239822353811991,0.571767497034401,0.428232502965599,0.36874807987711217,0.6121593153390389,0.605690983186995,0.10794485992946593,0.14774554168789894,0.039800681758433015,33,24.42635085122132,39.73529411764706,67.0,0.523940478510572,0.8675315926143685,0.16666666666666666,73.0,73.0,73.0,7.300000000000001,29.0,2.9000000000000004,5
10,50,0.995,0.5,0.95,0.5,10,kf_sa_seed_0010.npz,50,651,700,0.7511520737327189,0.23655913978494625,0.01228878648233487,0.7157142857142857,0.27,0.014285714285714285,0.7461139896373057,0.49503968253968256,0.5049603174603174,0.38271889400921655,0.5701075268817204,0.5560623731186536,0.09079064595414149,0.09753079849384604,0.006740152539704544,25,18.50481125092524,51.96153846153846,67.0,0.523940478510572,0.8675315926143685,0.16666666666666666,90.0,90.0,90.0,9.0,22.0,2.2,5
10,70,0.95,0.5,0.95,0.5,10,kf_sa_seed_0010.npz,70,631,700,0.7036450079239303,0.2583201267828843,0.03803486529318542,0.47714285714285715,0.48428571428571426,0.03857142857142857,0.622839969947408,0.5681544028950543,0.43184559710494574,0.3711082182476794,0.6074484944532488,0.6083813848931179,0.122361361707498,0.1599859050210693,0.03762454331357129,30,22.53944402704733,42.935483870967744,70.0,0.5240824470675153,0.8675315926143685,0.16666666666666666,73.0,73.0,73.0,7.300000000000001,30.166666666666668,3.016666666666667,5
10,70,0.98,0.5,0.95,0.5,10,kf_sa_seed_0010.npz,70,631,700,0.7290015847860539,0.23613312202852615,0.03486529318541997,0.6142857142857143,0.3557142857142857,0.03,0.7009767092411721,0.5155412647374062,0.48445873526259375,0.379500792393027,0.57183382386235,0.5674753789196039,0.11606270530018749,0.12461693138454763,0.008554226084360142,24,18.031555221637866,53.24,70.0,0.5240824470675153,0.8675315926143685,0.16666666666666666,79.0,79.0,79.0,7.9,28.333333333333332,2.8333333333333335,5
10,70,0.99,0.5,0.95,0.5,10,kf_sa_seed_0010.npz,70,631,700,0.7480190174326465,0.22503961965134706,0.02694136291600634,0.7285714285714285,0.25285714285714284,0.018571428571428572,0.7603305785123967,0.4792490118577075,0.5207509881422925,0.38329522300203756,0.5360380348652932,0.5355888886573903,0.10612945460728945,0.09183532227187828,-0.014294132335411172,18,13.5236664162284,70.05263157894737,70.0,0.5240824470675153,0.8675315926143685,0.16666666666666666,87.0,87.0,87.0,8.700000000000001,24.333333333333332,2.4333333333333336,5
10,70,0.995,0.5,0.95,0.5,10,kf_sa_seed_0010.npz,70,631,700,0.7828843106180665,0.21553090332805072,0.001584786053882726,0.8371428571428572,0.16285714285714287,0.0,0.8121712997746056,0.4569842738205365,0.5430157261794635,0.39144215530903326,0.5024677382839031,0.5054654452539498,0.08853203483324991,0.05842211826623453,-0.03010991656701538,8,6.010518407212622,147.88888888888889,70.0,0.5240824470675153,0.8675315926143685,0.0,,,,,22.833333333333332,2.283333333333333,6
5,25,0.95,0.5,0.95,0.5,11,kf_sa_seed_0011.npz,25,676,700,0.6420118343195266,0.35355029585798814,0.004437869822485207,0.18714285714285714,0.7728571428571429,0.04,0.4331395348837209,0.7751677852348994,0.22483221476510062,0.3410059171597633,0.772235841081995,0.7606809167235244,0.09247441992569495,0.27334648350016055,0.1808720635744656,60,43.604651162790695,22.557377049180328,29.0,0.5101820718806096,0.7608556870256982,0.3333333333333333,133.0,133.0,175.0,13.3,27.0,2.7,4
5,25,0.98,0.5,0.95,0.5,11,kf_sa_seed_0011.npz,25,676,700,0.7233727810650887,0.27218934911242604,0.004437869822485207,0.33,0.6371428571428571,0.032857142857142856,0.5421511627906976,0.6863270777479893,0.3136729222520107,0.37811496196111577,0.7566377852916314,0.7368004434829482,0.07800794502468716,0.22665958426426017,0.148651639239573,66,47.96511627906977,20.53731343283582,29.0,0.5101820718806096,0.7608556870256982,0.3333333333333333,135.0,135.0,177.0,13.5,23.666666666666668,2.3666666666666667,4
5,25,0.99,0.5,0.95,0.5,11,kf_sa_seed_0011.npz,25,676,700,0.7781065088757396,0.21745562130177515,0.004437869822485207,0.5157142857142857,0.44857142857142857,0.03571428571428571,0.6649709302325582,0.6021857923497268,0.3978142076502732,0.40691039729501266,0.721821639898563,0.7054777913880081,0.0710387525556991,0.19164823908631692,0.12060948653061783,57,41.424418604651166,23.724137931034484,29.0,0.5101820718806096,0.7608556870256982,0.3333333333333333,134.5,134.5,176.0,13.450000000000001,23.0,2.3000000000000003,4
5,25,0.995,0.5,0.95,0.5,11,kf_sa_seed_0011.npz,25,676,700,0.7914201183431953,0.20710059171597633,0.0014792899408284023,0.5357142857142857,0.41714285714285715,0.047142857142857146,0.686046511627907,0.6016949152542372,0.39830508474576276,0.4192814877430262,0.6888102282333052,0.6899093736408417,0.06794840187991906,0.18637051175233488,0.11842210987241582,33,23.982558139534884,40.470588235294116,29.0,0.5101820718806096,0.7608556870256982,0.3333333333333333,133.5,133.5,174.0,13.350000000000001,23.166666666666668,2.316666666666667,4
5,35,0.95,0.5,0.95,0.5,11,kf_sa_seed_0011.npz,35,666,700,0.7402402402402403,0.24774774774774774,0.012012012012012012,0.40285714285714286,0.5714285714285714,0.025714285714285714,0.5863836017569546,0.6379525593008739,0.3620474406991261,0.382977262977263,0.7324281424281425,0.7061552277038302,0.08104524846589936,0.20905478279202563,0.12800953432612627,77,56.36896046852123,17.512820512820515,35.0,0.5115749756801041,0.7608556870256982,0.3333333333333333,139.0,139.0,185.0,13.9,24.333333333333332,2.4333333333333336,4
5,35,0.98,0.5,0.95,0.5,11,kf_sa_seed_0011.npz,35,666,700,0.8018018018018018,0.1906906906906907,0.0075075075075075074,0.5657142857142857,0.4085714285714286,0.025714285714285714,0.6976573938506588,0.5792235047219307,0.42077649527806926,0.41375804375804376,0.7131102531102531,0.6865281018820352,0.07513533136247356,0.1803959808436023,0.10526064948112875,42,30.74670571010249,31.767441860465116,35.0,0.5115749756801041,0.7608556870256982,0.3333333333333333,138.0,138.0,183.0,13.8,21.5,2.15,4
5,35,0.99,0.5,0.95,0.5,11,kf_sa_seed_0011.npz,35,666,700,0.8018018018018018,0.19519519519519518,0.003003003003003003,0.64,0.3357142857142857,0.024285714285714285,0.732796486090776,0.5504495504495505,0.44955044955044954,0.41304375804375804,0.6796911196911197,0.6593030955860855,0.07493076516132753,0.15492048636258862,0.07998972120126109,28,20.497803806734993,47.10344827586207,35.0,0.5115749756801041,0.7608556870256982,0.3333333333333333,138.5,138.5,182.0,13.850000000000001,20.333333333333332,2.033333333333333,4
5,35,0.995,0.5,0.95,0.5,11,kf_sa_seed_0011.npz,35,666,700,0.8303303303303303,0.15615615615615616,0.013513513513513514,0.6857142857142857,0.26142857142857145,0.05285714285714286,0.7898975109809663,0.5468025949953661,0.4531974050046339,0.4415937365937366,0.629039039039039,0.6356175432145689,0.07457385066400558,0.15190243266508327,0.07732858200107769,34,24.890190336749633,39.02857142857143,35.0,0.5115749756801041,0.7608556870256982,0.3333333333333333,133.5,133.5,181.0,13.350000000000001,18.5,1.85,4
5,50,0.95,0.5,0.95,0.5,11,kf_sa_seed_0011.npz,50,651,700,0.8064516129032258,0.19201228878648233,0.0015360983102918587,0.6542857142857142,0.3385714285714286,0.007142857142857143,0.7320503330866025,0.5358948432760364,0.4641051567239636,0.40679723502304144,0.6658042571867456,0.6352061508885429,0.08048837381366719,0.1375736176299667,0.05708524381629951,20,14.803849000740193,64.33333333333333,50.0,0.5125431569909931,0.7608556870256982,0.16666666666666666,95.0,95.0,95.0,9.5,20.5,2.0500000000000003,5
5,50,0.98,0.5,0.95,0.5,11,kf_sa_seed_0011.npz,50,651,700,0.8033794162826421,0.19508448540706605,0.0015360983102918587,0.7085714285714285,0.2885714285714286,0.002857142857142857,0.7564766839378239,0.5136986301369864,0.48630136986301364,0.4031182795698925,0.6445183234584156,0.6152402990860308,0.07759891755525991,0.11859620626514471,0.0409972887098848,32,23.686158401184308,40.93939393939394,50.0,0.5125431569909931,0.7608556870256982,0.0,,,,,20.833333333333332,2.0833333333333335,6
5,50,0.99,0.5,0.95,0.5,11,kf_sa_seed_0011.npz,50,651,700,0.8110599078341014,0.18740399385560677,0.0015360983102918587,0.7442857142857143,0.24857142857142858,0.007142857142857143,0.7809030347890451,0.5052132701421801,0.4947867298578199,0.40910138248847927,0.6168488040377441,0.5899648940367616,0.07509760627344754,0.09972712546880232,0.024629519195354777,32,23.686158401184308,40.93939393939394,50.0,0.5125431569909931,0.7608556870256982,0.16666666666666666,95.0,95.0,95.0,9.5,21.0,2.1,5
5,50,0.995,0.5,0.95,0.5,11,kf_sa_seed_0011.npz,50,651,700,0.8202764976958525,0.17357910906298002,0.006144393241167435,0.7742857142857142,0.22,0.005714285714285714,0.8023686158401184,0.496309963099631,0.503690036900369,0.4129953917050691,0.5648847926267281,0.558052820805387,0.08104335464588726,0.09866365070656777,0.01762029606068051,26,19.24500370096225,50.03703703703704,50.0,0.5125431569909931,0.7608556870256982,0.16666666666666666,96.0,96.0,96.0,9.600000000000001,15.833333333333334,1.5833333333333335,5
5,70,0.95,0.5,0.95,0.5,11,kf_sa_seed_0011.npz,70,631,700,0.7749603803486529,0.21077654516640254,0.014263074484944533,0.7842857142857143,0.2042857142857143,0.011428571428571429,0.7926371149511645,0.4710900473933649,0.5289099526066351,0.39319447588861217,0.5810776545166403,0.5624311630952576,0.07440362722967925,0.07525923323690668,0.0008556060072274357,12,9.015777610818933,102.38461538461539,70.0,0.512897766999664,0.7608556870256982,0.16666666666666666,92.0,92.0,92.0,9.200000000000001,23.666666666666668,2.3666666666666667,5
5,70,0.98,0.5,0.95,0.5,11,kf_sa_seed_0011.npz,70,631,700,0.8003169572107766,0.18541996830427893,0.014263074484944533,0.8142857142857143,0.17857142857142858,0.007142857142857143,0.8181818181818182,0.46831955922865015,0.5316804407713498,0.40372990717681684,0.5511116142177949,0.5369332746678288,0.07278358123989487,0.06320618363732095,-0.009577397602573923,18,13.5236664162284,70.05263157894737,70.0,0.512897766999664,0.7608556870256982,0.16666666666666666,95.0,95.0,95.0,9.5,20.166666666666668,2.016666666666667,5
5,70,0.99,0.5,0.95,0.5,11,kf_sa_seed_0011.npz,70,631,700,0.8066561014263075,0.1838351822503962,0.009508716323296355,0.8342857142857143,0.16142857142857142,0.004285714285714286,0.8279489105935387,0.4646098003629764,0.5353901996370236,0.4054709078560109,0.5265451664025357,0.5198444683634718,0.06955621741730292,0.056047119503187484,-0.013509097914115434,16,12.021036814425244,78.29411764705883,70.0,0.512897766999664,0.7608556870256982,0.0,,,,,20.666666666666668,2.066666666666667,6
5,70,0.995,0.5,0.95,0.5,11,kf_sa_seed_0011.npz,70,631,700,0.8050713153724247,0.18066561014263074,0.014263074484944533,0.8528571428571429,0.14,0.007142857142857143,0.8407212622088656,0.4584450402144772,0.5415549597855228,0.4061070862576409,0.47580031695721076,0.4967467292623256,0.06940777825735565,0.05643606718860676,-0.012971711068748892,14,10.518407212622089,88.73333333333333,70.0,0.512897766999664,0.7608556870256982,0.16666666666666666,95.0,95.0,95.0,9.5,20.666666666666668,2.066666666666667,5
7,35,0.95,0.5,0.95,0.5,11,kf_sa_seed_0011.npz,35,666,700,0.5480480480480481,0.4519519519519519,0.0,0.15714285714285714,0.83,0.012857142857142857,0.35431918008784774,0.7727272727272727,0.2272727272727273,0.2804525954525955,0.7470463320463321,0.7209908795042828,0.11487012611554744,0.2508870061512033,0.13601688003565587,63,46.120058565153734,21.34375,38.0,0.5115749756801041,0.7608556870256982,0.16666666666666666,186.0,186.0,186.0,18.6,30.0,3.0,5
7,35,0.98,0.5,0.95,0.5,11,kf_sa_seed_0011.npz,35,666,700,0.7162162162162162,0.28378378378378377,0.0,0.25857142857142856,0.7328571428571429,0.008571428571428572,0.486090775988287,0.7274096385542169,0.2725903614457831,0.3623938223938224,0.7262612612612612,0.7043540547530369,0.10026787699751326,0.21783017751538755,0.1175623005178743,43,31.478770131771597,31.045454545454547,38.0,0.5115749756801041,0.7608556870256982,0.16666666666666666,187.0,187.0,187.0,18.7,27.833333333333332,2.783333333333333,5
7,35,0.99,0.5,0.95,0.5,11,kf_sa_seed_0011.npz,35,666,700,0.7447447447447447,0.2552552552552553,0.0,0.4014285714285714,0.5842857142857143,0.014285714285714285,0.5761346998535871,0.6429479034307497,0.3570520965692503,0.3795152295152295,0.6816001716001716,0.6658645034808282,0.09442051065955857,0.18351181539616598,0.08909130473660741,45,32.94289897510981,29.695652173913043,38.0,0.5115749756801041,0.7608556870256982,0.16666666666666666,186.0,186.0,186.0,18.6,26.833333333333332,2.6833333333333336,5
7,35,0.995,0.5,0.95,0.5,11,kf_sa_seed_0011.npz,35,666,700,0.7552552552552553,0.24474474474474475,0.0,0.58,0.41,0.01,0.6705710102489019,0.5567685589519651,0.4432314410480349,0.38262762762762764,0.6555984555984556,0.6475644171143216,0.08975453985568127,0.17252454407922552,0.08277000422354425,40,29.282576866764277,33.31707317073171,38.0,0.5115749756801041,0.7608556870256982,0.16666666666666666,186.0,186.0,186.0,18.6,26.833333333333332,2.6833333333333336,5
7,50,0.95,0.5,0.95,0.5,11,kf_sa_seed_0011.npz,50,651,700,0.706605222734255,0.29339477726574503,0.0,0.44285714285714284,0.5571428571428572,0.0,0.5699481865284974,0.5974025974025974,0.4025974025974026,0.3533026113671275,0.6738907175773535,0.6409247009393068,0.09735898818824502,0.16081311970896023,0.0634541315207152,33,24.42635085122132,39.73529411764706,50.0,0.5125431569909931,0.7608556870256982,0.0,,,,,31.833333333333332,3.1833333333333336,6
7,50,0.98,0.5,0.95,0.5,11,kf_sa_seed_0011.npz,50,651,700,0.7019969278033794,0.2980030721966206,0.0,0.58,0.42,0.0,0.6387860843819393,0.52954808806489,0.47045191193511005,0.3509984639016897,0.6334408602150537,0.60735546382134,0.09329982487601488,0.13495078870867042,0.04165096383265554,36,26.646928201332347,36.513513513513516,50.0,0.5125431569909931,0.7608556870256982,0.0,,,,,32.333333333333336,3.233333333333334,6
7,50,0.99,0.5,0.95,0.5,11,kf_sa_seed_0011.npz,50,651,700,0.7235023041474654,0.2764976958525346,0.0,0.6742857142857143,0.32571428571428573,0.0,0.6980014803849001,0.49946977730646874,0.5005302226935313,0.3617511520737327,0.6077660741716041,0.5920326403479379,0.08927534943897598,0.11959113528666851,0.030315785847692525,34,25.166543301258326,38.6,50.0,0.5125431569909931,0.7608556870256982,0.0,,,,,29.5,2.95,6
7,50,0.995,0.5,0.95,0.5,11,kf_sa_seed_0011.npz,50,651,700,0.7204301075268817,0.27956989247311825,0.0,0.7228571428571429,0.27714285714285714,0.0,0.7216876387860843,0.48102564102564105,0.518974358974359,0.3602150537634409,0.5727408382707921,0.5672141105551898,0.08975248241807676,0.11371648501223047,0.02396400259415371,16,11.843079200592154,79.47058823529412,50.0,0.5125431569909931,0.7608556870256982,0.0,,,,,30.333333333333332,3.033333333333333,6
7,70,0.95,0.5,0.95,0.5,11,kf_sa_seed_0011.npz,70,631,700,0.7274167987321711,0.27258320126782887,0.0,0.7428571428571429,0.2571428571428571,0.0,0.7355371900826446,0.46884576098059244,0.5311542390194075,0.36370839936608557,0.5899660402988454,0.563732532125058,0.0835914015388549,0.08445025765938362,0.0008588561205287171,20,15.026296018031555,63.38095238095238,70.0,0.512897766999664,0.7608556870256982,0.0,,,,,28.166666666666668,2.816666666666667,6
7,70,0.98,0.5,0.95,0.5,11,kf_sa_seed_0011.npz,70,631,700,0.7654516640253566,0.23454833597464342,0.0,0.7771428571428571,0.22285714285714286,0.0,0.7716003005259203,0.47030185004868547,0.5296981499513145,0.3827258320126783,0.5545573918949513,0.5396240142523909,0.07912275233655545,0.06926703683850378,-0.00985571549805167,10,7.513148009015778,121.0,70.0,0.512897766999664,0.7608556870256982,0.0,,,,,24.0,2.4000000000000004,6
7,70,0.99,0.5,0.95,0.5,11,kf_sa_seed_0011.npz,70,631,700,0.7844690966719493,0.21553090332805072,0.0,0.8014285714285714,0.19857142857142857,0.0,0.7933884297520661,0.46875,0.53125,0.39223454833597465,0.5178333710663346,0.520045129890271,0.06742142082223802,0.05669658655701473,-0.01072483426522329,14,10.518407212622089,88.73333333333333,70.0,0.512897766999664,0.7608556870256982,0.0,,,,,23.0,2.3000000000000003,6
7,70,0.995,0.5,0.95,0.5,11,kf_sa_seed_0011.npz,70,631,700,0.7797147385103012,0.21870047543581617,0.001584786053882726,0.8028571428571428,0.1957142857142857,0.0014285714285714286,0.7933884297520661,0.4668560606060606,0.5331439393939394,0.3905716549694363,0.4816979850577315,0.5059986041381532,0.07588001385550719,0.055821161448650625,-0.020058852406856564,12,9.015777610818933,102.38461538461539,70.0,0.512897766999664,0.7608556870256982,0.0,,,,,23.166666666666668,2.316666666666667,6
10,50,0.95,0.5,0.95,0.5,11,kf_sa_seed_0011.npz,50,651,700,0.3655913978494624,0.6344086021505376,0.0,0.21714285714285714,0.7828571428571428,0.0,0.28867505551443373,0.6102564102564103,0.3897435897435897,0.1827956989247312,0.592348035988589,0.5790916917209044,0.13841225716425415,0.17285286023525234,0.034440603070998194,47,34.78904515173945,28.145833333333332,50.0,0.5125431569909931,0.7608556870256982,0.0,,,,,57.333333333333336,5.733333333333334,6
10,50,0.98,0.5,0.95,0.5,11,kf_sa_seed_0011.npz,50,651,700,0.5268817204301075,0.4731182795698925,0.0,0.4228571428571429,0.5771428571428572,0.0,0.47298297557364916,0.5367762128325508,0.46322378716744916,0.26344086021505375,0.5682598200570551,0.5535565890931063,0.11294276915645411,0.12706085967459216,0.014118090518138046,48,35.529237601776465,27.571428571428573,50.0,0.5125431569909931,0.7608556870256982,0.0,,,,,43.166666666666664,4.316666666666666,6
10,50,0.99,0.5,0.95,0.5,11,kf_sa_seed_0011.npz,50,651,700,0.6344086021505376,0.3655913978494624,0.0,0.6342857142857142,0.3657142857142857,0.0,0.6343449296817173,0.48191365227537925,0.5180863477246207,0.3172043010752688,0.5296532806671056,0.5237673794854697,0.08948333254189918,0.08726903298324838,-0.002214299558650795,34,25.166543301258326,38.6,50.0,0.5125431569909931,0.7608556870256982,0.0,,,,,38.666666666666664,3.8666666666666667,6
10,50,0.995,0.5,0.95,0.5,11,kf_sa_seed_0011.npz,50,651,700,0.7081413210445469,0.29185867895545314,0.0,0.7471428571428571,0.25285714285714284,0.0,0.7283493708364175,0.4684959349593496,0.5315040650406504,0.35407066052227343,0.4674786043449638,0.4855533188387334,0.062346038011727604,0.05004590360886908,-0.012300134402858522,16,11.843079200592154,79.47058823529412,50.0,0.5125431569909931,0.7608556870256982,0.0,,,,,32.0,3.2,6
10,70,0.95,0.5,0.95,0.5,11,kf_sa_seed_0011.npz,70,631,700,0.5879556259904913,0.4120443740095087,0.0,0.6314285714285715,0.36857142857142855,0.0,0.6108189331329827,0.45633456334563344,0.5436654366543665,0.29397781299524567,0.5292506225945212,0.5216485038899175,0.1059020523782812,0.09367698345548339,-0.012225068922797802,32,24.04207362885049,40.333333333333336,70.0,0.512897766999664,0.7608556870256982,0.0,,,,,42.166666666666664,4.216666666666667,6
10,70,0.98,0.5,0.95,0.5,11,kf_sa_seed_0011.npz,70,631,700,0.624405705229794,0.375594294770206,0.0,0.72,0.28,0.0,0.6746806912096168,0.43875278396436523,0.5612472160356348,0.312202852614897,0.488806882499434,0.4950444634286199,0.08904519014067407,0.06673781027080596,-0.02230737986986811,16,12.021036814425244,78.29411764705883,70.0,0.512897766999664,0.7608556870256982,0.0,,,,,39.333333333333336,3.9333333333333336,6
10,70,0.99,0.5,0.95,0.5,11,kf_sa_seed_0011.npz,70,631,700,0.6624405705229794,0.3375594294770206,0.0,0.7728571428571429,0.22714285714285715,0.0,0.7205108940646131,0.4358706986444213,0.5641293013555787,0.3312202852614897,0.4443309938872538,0.4713539745372915,0.07009194203395891,0.04437235430821701,-0.0257195877257419,16,12.021036814425244,78.29411764705883,70.0,0.512897766999664,0.7608556870256982,0.0,,,,,36.0,3.6,6
10,70,0.995,0.5,0.95,0.5,11,kf_sa_seed_0011.npz,70,631,700,0.7591125198098256,0.24088748019017434,0.0,0.8514285714285714,0.14857142857142858,0.0,0.8076634109691961,0.44558139534883723,0.5544186046511628,0.3795562599049128,0.39974417025130177,0.45019532631308656,0.046411197526368686,0.024466097955036615,-0.02194509957133207,10,7.513148009015778,121.0,70.0,0.512897766999664,0.7608556870256982,0.0,,,,,25.666666666666668,2.566666666666667,6
5,25,0.95,0.5,0.95,0.5,12,kf_sa_seed_0012.npz,25,676,700,0.7204142011834319,0.27958579881656803,0.0,0.24857142857142858,0.73,0.02142857142857143,0.49127906976744184,0.742603550295858,0.257396449704142,0.3709213863060017,0.793852493660186,0.8264229288197005,0.0785428918277961,0.36419500251013726,0.28565211068234114,89,64.68023255813954,15.28888888888889,31.0,0.48208277728889387,0.8974166334087276,0.16666666666666666,145.0,145.0,145.0,14.5,19.333333333333332,1.9333333333333333,5
5,25,0.98,0.5,0.95,0.5,12,kf_sa_seed_0012.npz,25,676,700,0.8298816568047337,0.17011834319526628,0.0,0.38,0.6114285714285714,0.008571428571428572,0.6053779069767442,0.680672268907563,0.31932773109243695,0.4192265426880811,0.7889623837700761,0.8168375451604017,0.06353493251007936,0.3292481853479953,0.26571325283791597,29,21.075581395348838,45.86666666666667,29.0,0.48208277728889387,0.8974166334087276,0.16666666666666666,148.0,148.0,148.0,14.8,18.333333333333332,1.8333333333333333,5
5,25,0.99,0.5,0.95,0.5,12,kf_sa_seed_0012.npz,25,676,700,0.8254437869822485,0.17455621301775148,0.0,0.43142857142857144,0.5371428571428571,0.03142857142857143,0.6409883720930233,0.6575963718820862,0.3424036281179138,0.42843617920541,0.7807650042265427,0.807535395071677,0.06166405213336221,0.32776881351332465,0.2661047613799624,35,25.436046511627907,38.22222222222222,29.0,0.48208277728889387,0.8974166334087276,0.16666666666666666,139.0,139.0,139.0,13.9,18.5,1.85,5
5,25,0.995,0.5,0.95,0.5,12,kf_sa_seed_0012.npz,25,676,700,0.7707100591715976,0.22928994082840237,0.0,0.5028571428571429,0.4585714285714286,0.03857142857142857,0.6540697674418605,0.6088888888888889,0.3911111111111111,0.4046407438715131,0.7309002535925613,0.7778170021431902,0.06647060311753601,0.3496364616083638,0.2831658584908278,41,29.796511627906977,32.76190476190476,29.0,0.48208277728889387,0.8974166334087276,0.3333333333333333,99.5,99.5,138.0,9.950000000000001,23.333333333333332,2.3333333333333335,4
5,35,0.95,0.5,0.95,0.5,12,kf_sa_seed_0012.npz,35,666,700,0.8288288288288288,0.17117117117117117,0.0,0.4057142857142857,0.58,0.014285714285714285,0.6193265007320644,0.6643026004728132,0.3356973995271868,0.4215572715572715,0.7733697983697984,0.8019962357146322,0.06440889461656192,0.30800507697655716,0.24359618235999525,32,23.42606149341142,41.39393939393939,35.0,0.48445087285017796,0.8974166334087276,0.16666666666666666,90.0,90.0,90.0,9.0,19.0,1.9000000000000001,5
5,35,0.98,0.5,0.95,0.5,12,kf_sa_seed_0012.npz,35,666,700,0.8303303303303303,0.16966966966966968,0.0,0.4614285714285714,0.5342857142857143,0.004285714285714286,0.6434846266471449,0.6325369738339022,0.36746302616609783,0.41730802230802233,0.7593457743457743,0.786968761960845,0.06017348201455837,0.28395299637727256,0.2237795143627142,36,26.35431918008785,36.91891891891892,35.0,0.48445087285017796,0.8974166334087276,0.0,,,,,18.833333333333332,1.8833333333333333,6
5,35,0.99,0.5,0.95,0.5,12,kf_sa_seed_0012.npz,35,666,700,0.8423423423423423,0.15765765765765766,0.0,0.5485714285714286,0.4328571428571429,0.018571428571428572,0.7013177159590044,0.5991649269311065,0.40083507306889354,0.43045688545688543,0.7293350493350493,0.760285364093533,0.06447043817655679,0.2751753768286931,0.2107049386521363,24,17.569546120058565,54.64,35.0,0.48445087285017796,0.8974166334087276,0.16666666666666666,148.0,148.0,148.0,14.8,18.0,1.8,5
5,35,0.995,0.5,0.95,0.5,12,kf_sa_seed_0012.npz,35,666,700,0.8483483483483484,0.15165165165165165,0.0,0.5528571428571428,0.42142857142857143,0.025714285714285714,0.7101024890190337,0.6010309278350515,0.3989690721649485,0.43703131703131703,0.6894251394251394,0.7440740971853577,0.06326396295891179,0.29544983550753356,0.23218587254862177,30,21.961932650073205,44.064516129032256,35.0,0.48445087285017796,0.8974166334087276,0.5,99.33333333333333,89.0,147.0,9.933333333333334,16.166666666666668,1.616666666666667,3
5,50,0.95,0.5,0.95,0.5,12,kf_sa_seed_0012.npz,50,651,700,0.8448540706605223,0.15514592933947774,0.0,0.5542857142857143,0.43857142857142856,0.007142857142857143,0.6980014803849001,0.5885471898197243,0.4114528101802757,0.4259984639016897,0.7227254772876893,0.7425013576808227,0.06494595017576164,0.23754956876262903,0.1726036185868674,26,19.24500370096225,50.03703703703704,50.0,0.48304983687475517,0.8974166334087276,0.16666666666666666,91.0,91.0,91.0,9.1,16.166666666666668,1.616666666666667,5
5,50,0.98,0.5,0.95,0.5,12,kf_sa_seed_0012.npz,50,651,700,0.8494623655913979,0.15053763440860216,0.0,0.6228571428571429,0.37714285714285717,0.0,0.7320503330866025,0.5591506572295247,0.44084934277047527,0.42473118279569894,0.7030370858020628,0.7237937063270284,0.06941898170389235,0.22181494416302558,0.15239596245913323,20,14.803849000740193,64.33333333333333,50.0,0.48304983687475517,0.8974166334087276,0.0,,,,,16.333333333333332,1.6333333333333333,6
5,50,0.99,0.5,0.95,0.5,12,kf_sa_seed_0012.npz,50,651,700,0.847926267281106,0.15207373271889402,0.0,0.64,0.36,0.0,0.7401924500370096,0.552,0.44799999999999995,0.423963133640553,0.6728110599078341,0.7013244506570842,0.06763553449780732,0.2054557010266011,0.13782016652879378,14,10.362694300518134,90.06666666666666,50.0,0.48304983687475517,0.8974166334087276,0.0,,,,,16.5,1.6500000000000001,6
5,50,0.995,0.5,0.95,0.5,12,kf_sa_seed_0012.npz,50,651,700,0.8433179723502304,0.15668202764976957,0.0,0.6485714285714286,0.3414285714285714,0.01,0.7475943745373798,0.5504950495049505,0.44950495049504946,0.4266589861751152,0.6499495281983761,0.7022305088897355,0.07437804770564477,0.22514602877674722,0.15076798107110245,22,16.28423390081421,58.73913043478261,50.0,0.48304983687475517,0.8974166334087276,0.16666666666666666,68.0,68.0,68.0,6.800000000000001,17.333333333333332,1.7333333333333334,5
5,70,0.95,0.5,0.95,0.5,12,kf_sa_seed_0012.npz,70,631,700,0.8288431061806656,0.17115689381933438,0.0,0.6885714285714286,0.31142857142857144,0.0,0.7550713749060857,0.5203980099502488,0.47960199004975124,0.4144215530903328,0.6255263753678968,0.6518490616747806,0.07493411133799299,0.14785045350834733,0.07291634217035434,8,6.010518407212622,147.88888888888889,70.0,0.48487544760752044,0.8974166334087276,0.0,,,,,18.0,1.8,6
5,70,0.98,0.5,0.95,0.5,12,kf_sa_seed_0012.npz,70,631,700,0.8129952456418383,0.18700475435816163,0.0,0.71,0.29,0.0,0.7588279489105936,0.5079207920792079,0.49207920792079207,0.40649762282091917,0.5972039846049355,0.6264706495122339,0.077457815111426,0.13193399336103667,0.054476178249610666,10,7.513148009015778,121.0,70.0,0.48487544760752044,0.8974166334087276,0.0,,,,,19.833333333333332,1.9833333333333334,6
5,70,0.99,0.5,0.95,0.5,12,kf_sa_seed_0012.npz,70,631,700,0.8240887480190174,0.17591125198098256,0.0,0.7142857142857143,0.2857142857142857,0.0,0.7663410969196093,0.5098039215686274,0.4901960784313726,0.4120443740095087,0.5648494453248811,0.6102985230367688,0.07872349298336365,0.13031446188949125,0.051590968906127604,8,6.010518407212622,147.88888888888889,70.0,0.48487544760752044,0.8974166334087276,0.0,,,,,18.5,1.85,6
5,70,0.995,0.5,0.95,0.5,12,kf_sa_seed_0012.npz,70,631,700,0.8161648177496038,0.1838351822503962,0.0,0.7271428571428571,0.27285714285714285,0.0,0.7693463561232157,0.5029296875,0.4970703125,0.4080824088748019,0.5401743264659271,0.6003458876626333,0.07920355971771871,0.13346354333054816,0.05425998361282945,10,7.513148009015778,121.0,70.0,0.48487544760752044,0.8974166334087276,0.0,,,,,19.333333333333332,1.9333333333333333,6
7,35,0.95,0.5,0.95,0.5,12,kf_sa_seed_0012.npz,35,666,700,0.5135135135135135,0.4864864864864865,0.0,0.18571428571428572,0.8128571428571428,0.0014285714285714286,0.3462664714494876,0.7251585623678647,0.2748414376321353,0.25747104247104247,0.776992706992707,0.820371314196411,0.09319117269494971,0.34650628443323067,0.253315111738281,66,48.31625183016106,20.388059701492537,63.0,0.48445087285017796,0.8974166334087276,0.0,,,,,30.5,3.0500000000000003,6
7,35,0.98,0.5,0.95,0.5,12,kf_sa_seed_0012.npz,35,666,700,0.6636636636636637,0.33633633633633636,0.0,0.2842857142857143,0.7157142857142857,0.0,0.46925329428989754,0.6895475819032761,0.31045241809672386,0.33183183183183185,0.7428185328185328,0.7932088177979199,0.0805759704728928,0.31246524325268393,0.23188927277979113,46,33.674963396778914,29.06382978723404,60.0,0.48445087285017796,0.8974166334087276,0.0,,,,,25.333333333333332,2.533333333333333,6
7,35,0.99,0.5,0.95,0.5,12,kf_sa_seed_0012.npz,35,666,700,0.7372372372372372,0.2627627627627628,0.0,0.3842857142857143,0.6157142857142858,0.0,0.5563689604685212,0.6460526315789473,0.3539473684210527,0.3686186186186186,0.7041184041184041,0.7662931456998426,0.0736530190064535,0.2871689257556556,0.21351590674920212,37,27.086383601756953,35.94736842105263,59.0,0.48445087285017796,0.8974166334087276,0.0,,,,,21.833333333333332,2.183333333333333,6
7,35,0.995,0.5,0.95,0.5,12,kf_sa_seed_0012.npz,35,666,700,0.7192192192192193,0.2807807807807808,0.0,0.4228571428571429,0.5771428571428572,0.0,0.5673499267935578,0.6180645161290322,0.38193548387096776,0.35960960960960964,0.6952938652938653,0.7578782077049363,0.07311081746182002,0.2870306567375751,0.21391983927575509,37,27.086383601756953,35.94736842105263,54.0,0.48445087285017796,0.8974166334087276,0.0,,,,,24.333333333333332,2.4333333333333336,6
7,50,0.95,0.5,0.95,0.5,12,kf_sa_seed_0012.npz,50,651,700,0.7788018433179723,0.22119815668202766,0.0,0.40285714285714286,0.5971428571428572,0.0,0.5840118430792006,0.6425855513307985,0.35741444866920147,0.38940092165898615,0.7305551898178626,0.7692333016220654,0.07577873016717572,0.2637270192243561,0.18794828905718036,23,17.024426350851222,56.291666666666664,54.0,0.48304983687475517,0.8974166334087276,0.0,,,,,23.166666666666668,2.316666666666667,6
7,50,0.98,0.5,0.95,0.5,12,kf_sa_seed_0012.npz,50,651,700,0.7864823348694316,0.21351766513056836,0.0,0.43714285714285717,0.5628571428571428,0.0,0.6054774241302738,0.6259168704156479,0.3740831295843521,0.3932411674347158,0.7128483651525126,0.7533714299022145,0.07153507061714819,0.2383302379927746,0.16679516737562644,23,17.024426350851222,56.291666666666664,54.0,0.48304983687475517,0.8974166334087276,0.0,,,,,22.5,2.25,6
7,50,0.99,0.5,0.95,0.5,12,kf_sa_seed_0012.npz,50,651,700,0.8018433179723502,0.19815668202764977,0.0,0.48428571428571426,0.5157142857142857,0.0,0.6373056994818653,0.6062717770034843,0.39372822299651566,0.4009216589861751,0.686166337502743,0.7348363799270857,0.06878397609028188,0.2215268062840722,0.1527428301937903,25,18.50481125092524,51.96153846153846,54.0,0.48304983687475517,0.8974166334087276,0.0,,,,,21.0,2.1,6
7,50,0.995,0.5,0.95,0.5,12,kf_sa_seed_0012.npz,50,651,700,0.815668202764977,0.18433179723502305,0.0,0.5014285714285714,0.49857142857142855,0.0,0.6528497409326425,0.6020408163265306,0.3979591836734694,0.4078341013824885,0.6489993416721528,0.7180123527132384,0.06958416699737237,0.22331022858214827,0.15372606158477592,25,18.50481125092524,51.96153846153846,54.0,0.48304983687475517,0.8974166334087276,0.0,,,,,19.166666666666668,1.916666666666667,6
7,70,0.95,0.5,0.95,0.5,12,kf_sa_seed_0012.npz,70,631,700,0.7765451664025357,0.22345483359746435,0.0,0.5542857142857143,0.44571428571428573,0.0,0.6596543951915853,0.5580865603644647,0.4419134396355353,0.38827258320126784,0.6504143083540865,0.6853013137267019,0.07339432386641825,0.16925799853547174,0.09586367466905349,14,10.518407212622089,88.73333333333333,70.0,0.48487544760752044,0.8974166334087276,0.0,,,,,23.5,2.35,6
7,70,0.98,0.5,0.95,0.5,12,kf_sa_seed_0012.npz,70,631,700,0.7939778129952456,0.20602218700475436,0.0,0.5871428571428572,0.41285714285714287,0.0,0.6851990984222389,0.5493421052631579,0.45065789473684215,0.3969889064976228,0.6213153724247227,0.6635597043450185,0.07023435562266006,0.15303792774891425,0.0828035721262542,14,10.518407212622089,88.73333333333333,70.0,0.48487544760752044,0.8974166334087276,0.0,,,,,21.666666666666668,2.166666666666667,6
7,70,0.99,0.5,0.95,0.5,12,kf_sa_seed_0012.npz,70,631,700,0.7987321711568938,0.20126782884310618,0.0,0.6542857142857142,0.3457142857142857,0.0,0.7227648384673178,0.5239085239085239,0.47609147609147606,0.3993660855784469,0.5761761376499887,0.6364689008119004,0.06943181578198156,0.13960351597652956,0.070171700194548,18,13.5236664162284,70.05263157894737,70.0,0.48487544760752044,0.8974166334087276,0.0,,,,,21.666666666666668,2.166666666666667,6
7,70,0.995,0.5,0.95,0.5,12,kf_sa_seed_0012.npz,70,631,700,0.7908082408874801,0.2091917591125198,0.0,0.6685714285714286,0.3314285714285714,0.0,0.7265214124718257,0.516028955532575,0.483971044467425,0.39540412044374007,0.5805795788997057,0.6308290848946605,0.07569801509493972,0.1428356643273229,0.06713764923238318,10,7.513148009015778,121.0,70.0,0.48487544760752044,0.8974166334087276,0.0,,,,,22.0,2.2,6
10,50,0.95,0.5,0.95,0.5,12,kf_sa_seed_0012.npz,50,651,700,0.6021505376344086,0.3978494623655914,0.0,0.19,0.81,0.0,0.38860103626943004,0.7466666666666667,0.2533333333333333,0.3010752688172043,0.7519179284617072,0.7644569604495566,0.09550583607238318,0.2505545220300822,0.15504868595769905,39,28.867505551443376,33.775,67.0,0.48304983687475517,0.8974166334087276,0.0,,,,,37.166666666666664,3.716666666666667,6
10,50,0.98,0.5,0.95,0.5,12,kf_sa_seed_0012.npz,50,651,700,0.6574500768049155,0.3425499231950845,0.0,0.2757142857142857,0.7242857142857143,0.0,0.45965951147298295,0.6892109500805152,0.31078904991948475,0.32872503840245776,0.7136251920122888,0.7202448628076923,0.08161636202860428,0.19439143189051025,0.11277506986190597,29,21.46558105107328,45.03333333333333,67.0,0.48304983687475517,0.8974166334087276,0.0,,,,,34.166666666666664,3.4166666666666665,6
10,50,0.99,0.5,0.95,0.5,12,kf_sa_seed_0012.npz,50,651,700,0.6943164362519201,0.30568356374807987,0.0,0.47714285714285715,0.5228571428571429,0.0,0.5817912657290896,0.5750636132315522,0.4249363867684478,0.34715821812596004,0.6693197278911565,0.6704802620461471,0.06833780686288445,0.13967674570879074,0.0713389388459063,27,19.98519615099926,48.25,67.0,0.48304983687475517,0.8974166334087276,0.0,,,,,30.166666666666668,3.016666666666667,6
10,50,0.995,0.5,0.95,0.5,12,kf_sa_seed_0012.npz,50,651,700,0.7450076804915514,0.25499231950844853,0.0,0.6457142857142857,0.35428571428571426,0.0,0.6935603256846781,0.5176093916755603,0.4823906083244397,0.3725038402457757,0.6142396313364056,0.6182439965520344,0.050179324814484845,0.082099913238114,0.03192058842362915,15,11.102886750555145,84.4375,66.0,0.48304983687475517,0.8974166334087276,0.0,,,,,25.0,2.5,6
10,70,0.95,0.5,0.95,0.5,12,kf_sa_seed_0012.npz,70,631,700,0.6687797147385103,0.3312202852614897,0.0,0.4785714285714286,0.5214285714285715,0.0,0.5687453042824944,0.5574636723910171,0.44253632760898287,0.33438985736925514,0.6519606067466607,0.665669153440063,0.0825705919230246,0.15447476012734157,0.07190416820431697,26,19.53418482344102,49.2962962962963,70.0,0.48487544760752044,0.8974166334087276,0.0,,,,,34.833333333333336,3.483333333333334,6
10,70,0.98,0.5,0.95,0.5,12,kf_sa_seed_0012.npz,70,631,700,0.6925515055467512,0.3074484944532488,0.0,0.5842857142857143,0.4157142857142857,0.0,0.6356123215627348,0.516548463356974,0.483451536643026,0.3462757527733756,0.6118089200815033,0.6220976555195926,0.07368740692293808,0.11430993097042144,0.04062252404748336,20,15.026296018031555,63.38095238095238,70.0,0.48487544760752044,0.8974166334087276,0.0,,,,,32.5,3.25,6
10,70,0.99,0.5,0.95,0.5,12,kf_sa_seed_0012.npz,70,631,700,0.7305863708399366,0.2694136291600634,0.0,0.6628571428571428,0.33714285714285713,0.0,0.6949661908339594,0.4983783783783784,0.5016216216216216,0.3652931854199683,0.5694091011999094,0.5836082491557946,0.06031292867613117,0.0777793185830633,0.01746638990693214,16,12.021036814425244,78.29411764705883,70.0,0.48487544760752044,0.8974166334087276,0.0,,,,,27.833333333333332,2.783333333333333,6
10,70,0.995,0.5,0.95,0.5,12,kf_sa_seed_0012.npz,70,631,700,0.8066561014263075,0.19334389857369255,0.0,0.7314285714285714,0.26857142857142857,0.0,0.7670924117205109,0.49853085210577863,0.5014691478942214,0.40332805071315375,0.5190966719492869,0.544635750116749,0.04028664945481667,0.042574952624087864,0.0022883031692711928,12,9.015777610818933,102.38461538461539,70.0,0.48487544760752044,0.8974166334087276,0.0,,,,,20.666666666666668,2.066666666666667,6
5,25,0.95,0.5,0.95,0.5,13,kf_sa_seed_0013.npz,25,676,700,0.6553254437869822,0.3106508875739645,0.034023668639053255,0.11428571428571428,0.7871428571428571,0.09857142857142857,0.44694767441860467,0.832520325203252,0.16747967479674797,0.37694843617920537,0.8397590870667794,0.778899879684508,0.11495003332849604,0.4080187022029676,0.2930686688744716,64,46.51162790697674,21.16923076923077,25.0,0.54407992830928,1.075061233131892,0.16666666666666666,32.0,32.0,32.0,3.2,27.5,2.75,5
5,25,0.98,0.5,0.95,0.5,13,kf_sa_seed_0013.npz,25,676,700,0.7544378698224852,0.20562130177514792,0.03994082840236687,0.22142857142857142,0.6842857142857143,0.09428571428571429,0.5508720930232558,0.7598944591029023,0.24010554089709768,0.42436179205409974,0.8154311073541842,0.7559289223335723,0.10217581904156618,0.373095566181044,0.2709197471394778,32,23.25581395348837,41.696969696969695,25.0,0.54407992830928,1.075061233131892,0.16666666666666666,35.0,35.0,35.0,3.5,26.166666666666668,2.616666666666667,5
5,25,0.99,0.5,0.95,0.5,13,kf_sa_seed_0013.npz,25,676,700,0.7692307692307693,0.1952662721893491,0.03550295857988166,0.26142857142857145,0.6442857142857142,0.09428571428571429,0.5763081395348837,0.7389659520807061,0.26103404791929385,0.4317582417582418,0.7915004226542688,0.7366423119215781,0.09589831288354343,0.33482553237469964,0.2389272194911562,22,15.988372093023257,59.82608695652174,25.0,0.54407992830928,1.075061233131892,0.16666666666666666,34.0,34.0,34.0,3.4000000000000004,26.0,2.6,5
5,25,0.995,0.5,0.95,0.5,13,kf_sa_seed_0013.npz,25,676,700,0.7825443786982249,0.1819526627218935,0.03550295857988166,0.35714285714285715,0.5414285714285715,0.10142857142857142,0.6351744186046512,0.6864988558352403,0.3135011441647597,0.44198647506339817,0.7648119188503804,0.7232577283558427,0.09056011724818493,0.32450397113079027,0.23394385388260536,26,18.8953488372093,50.96296296296296,25.0,0.54407992830928,1.075061233131892,0.16666666666666666,29.0,29.0,29.0,2.9000000000000004,24.5,2.45,5
5,35,0.95,0.5,0.95,0.5,13,kf_sa_seed_0013.npz,35,666,700,0.7567567567567568,0.1996996996996997,0.04354354354354354,0.26,0.6485714285714286,0.09142857142857143,0.5702781844802343,0.7291399229781772,0.2708600770218228,0.4240926640926641,0.8016366366366366,0.7405644460704439,0.10641028282553776,0.3482436835515715,0.2418334007260337,18,13.177159590043924,71.89473684210526,35.0,0.547307162897022,1.075061233131892,0.16666666666666666,36.0,36.0,36.0,3.6,27.0,2.7,5
5,35,0.98,0.5,0.95,0.5,13,kf_sa_seed_0013.npz,35,666,700,0.7582582582582582,0.19519519519519518,0.046546546546546545,0.30857142857142855,0.6042857142857143,0.08714285714285715,0.5951683748169839,0.6961869618696187,0.3038130381303813,0.4227005577005577,0.7733268983268984,0.7157435754855747,0.10397645849462846,0.31701284331072227,0.21303638481609383,28,20.497803806734993,47.10344827586207,35.0,0.547307162897022,1.075061233131892,0.16666666666666666,39.0,39.0,39.0,3.9000000000000004,27.0,2.7,5
5,35,0.99,0.5,0.95,0.5,13,kf_sa_seed_0013.npz,35,666,700,0.7687687687687688,0.18768768768768768,0.04354354354354354,0.4142857142857143,0.48857142857142855,0.09714285714285714,0.6581259150805271,0.6451612903225806,0.3548387096774194,0.432955812955813,0.738989703989704,0.6964127279261022,0.101609853860744,0.3062073357648042,0.20459748190406019,30,21.961932650073205,44.064516129032256,35.0,0.547307162897022,1.075061233131892,0.16666666666666666,32.0,32.0,32.0,3.2,25.666666666666668,2.566666666666667,5
5,35,0.995,0.5,0.95,0.5,13,kf_sa_seed_0013.npz,35,666,700,0.7912912912912913,0.16516516516516516,0.04354354354354354,0.40714285714285714,0.49857142857142855,0.09428571428571429,0.66398243045388,0.6538037486218302,0.3461962513781698,0.4427885027885028,0.7217696267696267,0.6902959413051374,0.09877785318515757,0.3008308968854067,0.20205304370024912,38,27.81844802342606,35.02564102564103,35.0,0.547307162897022,1.075061233131892,0.16666666666666666,34.0,34.0,34.0,3.4000000000000004,24.166666666666668,2.416666666666667,5
5,50,0.95,0.5,0.95,0.5,13,kf_sa_seed_0013.npz,50,651,700,0.7419354838709677,0.20430107526881722,0.053763440860215055,0.41,0.5071428571428571,0.08285714285714285,0.6387860843819393,0.626882966396292,0.37311703360370796,0.4123963133640553,0.7300702216370419,0.6805088650491635,0.11520531220071728,0.2799639774468708,0.1647586652461535,26,19.24500370096225,50.03703703703704,50.0,0.5548706365817799,1.075061233131892,0.16666666666666666,42.0,42.0,42.0,4.2,28.5,2.85,5
5,50,0.98,0.5,0.95,0.5,13,kf_sa_seed_0013.npz,50,651,700,0.7665130568356375,0.17665130568356374,0.05683563748079877,0.49142857142857144,0.42857142857142855,0.08,0.692820133234641,0.592948717948718,0.40705128205128205,0.42325652841781874,0.7049484309852974,0.6608075215612005,0.11680558656463226,0.25408062093406425,0.137275034369432,36,26.646928201332347,36.513513513513516,50.0,0.5548706365817799,1.075061233131892,0.16666666666666666,44.0,44.0,44.0,4.4,25.666666666666668,2.566666666666667,5
5,50,0.99,0.5,0.95,0.5,13,kf_sa_seed_0013.npz,50,651,700,0.7788018433179723,0.16282642089093702,0.05837173579109063,0.5385714285714286,0.38142857142857145,0.08,0.7239082161361954,0.5756646216768916,0.4243353783231084,0.42940092165898613,0.6741540487162607,0.6446504138514734,0.11566421472806658,0.25136612650057655,0.13570191177250995,20,14.803849000740193,64.33333333333333,50.0,0.5548706365817799,1.075061233131892,0.16666666666666666,44.0,44.0,44.0,4.4,23.833333333333332,2.3833333333333333,5
5,50,0.995,0.5,0.95,0.5,13,kf_sa_seed_0013.npz,50,651,700,0.7880184331797235,0.15821812596006143,0.053763440860215055,0.5585714285714286,0.35714285714285715,0.08428571428571428,0.7387120651369357,0.5731462925851704,0.42685370741482964,0.4361520737327189,0.6428878648233487,0.6279819265439399,0.11558804667264633,0.24274435573204795,0.12715630905940162,16,11.843079200592154,79.47058823529412,50.0,0.5548706365817799,1.075061233131892,0.16666666666666666,41.0,41.0,41.0,4.1000000000000005,23.166666666666668,2.316666666666667,5
5,70,0.95,0.5,0.95,0.5,13,kf_sa_seed_0013.npz,70,631,700,0.7464342313787639,0.18700475435816163,0.06656101426307448,0.5842857142857143,0.3457142857142857,0.07,0.7295266716754321,0.5355303810504635,0.46446961894953653,0.4082171156893819,0.6100769753226172,0.5869906730232746,0.1422522309916773,0.19300348238234352,0.05075125139066622,20,15.026296018031555,63.38095238095238,70.0,0.5535964634043611,1.075061233131892,0.16666666666666666,51.0,51.0,51.0,5.1000000000000005,26.833333333333332,2.6833333333333336,5
5,70,0.98,0.5,0.95,0.5,13,kf_sa_seed_0013.npz,70,631,700,0.7432646592709984,0.18700475435816163,0.06973058637083994,0.6228571428571429,0.3057142857142857,0.07142857142857142,0.7505634861006761,0.5195195195195195,0.48048048048048053,0.4073466153497849,0.5741974190627123,0.5665274011020358,0.14347146419997384,0.17677382720518864,0.0333023630052148,14,10.518407212622089,88.73333333333333,70.0,0.5535964634043611,1.075061233131892,0.16666666666666666,50.0,50.0,50.0,5.0,27.166666666666668,2.716666666666667,5
5,70,0.99,0.5,0.95,0.5,13,kf_sa_seed_0013.npz,70,631,700,0.7416798732171157,0.1838351822503962,0.07448494453248812,0.6185714285714285,0.31,0.07142857142857142,0.7498121712997746,0.5190380761523046,0.4809619238476954,0.40655422232284355,0.5494272130405252,0.5583430922692396,0.13927150374818165,0.17779338838290482,0.03852188463472317,14,10.518407212622089,88.73333333333333,70.0,0.5535964634043611,1.075061233131892,0.16666666666666666,50.0,50.0,50.0,5.0,27.333333333333332,2.7333333333333334,5
5,70,0.995,0.5,0.95,0.5,13,kf_sa_seed_0013.npz,70,631,700,0.7400950871632329,0.18700475435816163,0.07290015847860538,0.6385714285714286,0.28714285714285714,0.07428571428571429,0.7603305785123967,0.5128458498023716,0.4871541501976284,0.4071904007244736,0.5212044374009509,0.5480725442748687,0.13881268104174083,0.17871643673173782,0.03990375568999699,14,10.518407212622089,88.73333333333333,70.0,0.5535964634043611,1.075061233131892,0.16666666666666666,48.0,48.0,48.0,4.800000000000001,27.333333333333332,2.7333333333333334,5
7,35,0.95,0.5,0.95,0.5,13,kf_sa_seed_0013.npz,35,666,700,0.5675675675675675,0.3918918918918919,0.04054054054054054,0.11142857142857143,0.7957142857142857,0.09285714285714286,0.4011713030746706,0.8083941605839416,0.19160583941605835,0.3302123552123552,0.8063963963963964,0.7518914239662633,0.12978338851818955,0.3690566486249184,0.23927326010672884,53,38.79941434846266,25.296296296296298,41.0,0.547307162897022,1.075061233131892,0.16666666666666666,35.0,35.0,35.0,3.5,42.0,4.2,5
7,35,0.98,0.5,0.95,0.5,13,kf_sa_seed_0013.npz,35,666,700,0.6231231231231231,0.33633633633633636,0.04054054054054054,0.21571428571428572,0.6957142857142857,0.08857142857142856,0.479502196193265,0.7282442748091603,0.2717557251908397,0.3558472758472758,0.7772737022737023,0.7269583084106418,0.1202902732164297,0.331516062249652,0.2112257890332223,33,24.15812591508053,40.1764705882353,41.0,0.547307162897022,1.075061233131892,0.16666666666666666,38.0,38.0,38.0,3.8000000000000003,37.5,3.75,5
7,35,0.99,0.5,0.95,0.5,13,kf_sa_seed_0013.npz,35,666,700,0.6651651651651652,0.2912912912912913,0.04354354354354354,0.2814285714285714,0.6257142857142857,0.09285714285714286,0.5373352855051244,0.6920980926430518,0.3079019073569482,0.37901115401115404,0.7470763620763621,0.702377404094381,0.11298156741879223,0.2960766275183861,0.18309506009959386,33,24.15812591508053,40.1764705882353,41.0,0.547307162897022,1.075061233131892,0.16666666666666666,35.0,35.0,35.0,3.5,32.666666666666664,3.2666666666666666,5
7,35,0.995,0.5,0.95,0.5,13,kf_sa_seed_0013.npz,35,666,700,0.7117117117117117,0.25075075075075076,0.03753753753753754,0.34714285714285714,0.5671428571428572,0.08571428571428572,0.5871156661786238,0.6658354114713217,0.33416458852867825,0.3987129987129987,0.7182003432003432,0.6883423228775485,0.11100423824951214,0.2922363177839334,0.18123207953442125,31,22.693997071742313,42.6875,41.0,0.547307162897022,1.075061233131892,0.16666666666666666,40.0,40.0,40.0,4.0,30.166666666666668,3.016666666666667,5
7,50,0.95,0.5,0.95,0.5,13,kf_sa_seed_0013.npz,50,651,700,0.6881720430107527,0.2626728110599078,0.04915514592933948,0.29,0.6328571428571429,0.07714285714285714,0.5455218356772761,0.6811397557666214,0.31886024423337855,0.38265745007680496,0.7344020188720649,0.6929358813750752,0.12563492780344668,0.28765139919861243,0.16201647139516576,28,20.72538860103627,46.58620689655172,50.0,0.5548706365817799,1.075061233131892,0.16666666666666666,46.0,46.0,46.0,4.6000000000000005,34.166666666666664,3.4166666666666665,5
7,50,0.98,0.5,0.95,0.5,13,kf_sa_seed_0013.npz,50,651,700,0.7112135176651305,0.23655913978494625,0.05222734254992319,0.3585714285714286,0.5642857142857143,0.07714285714285714,0.5936343449296817,0.6446384039900249,0.3553615960099751,0.39417818740399385,0.698220320386219,0.6694356059945611,0.1229753935479929,0.25977561677335964,0.13680022322536672,16,11.843079200592154,79.47058823529412,50.0,0.5548706365817799,1.075061233131892,0.16666666666666666,46.0,46.0,46.0,4.6000000000000005,30.833333333333332,3.0833333333333335,5
7,50,0.99,0.5,0.95,0.5,13,kf_sa_seed_0013.npz,50,651,700,0.7296466973886329,0.21812596006144394,0.05222734254992319,0.46714285714285714,0.45571428571428574,0.07714285714285714,0.6587712805329385,0.5943820224719101,0.4056179775280899,0.403394777265745,0.660513495720869,0.6424236927914216,0.12259321037911838,0.238283369865763,0.11569015948664463,36,26.646928201332347,36.513513513513516,50.0,0.5548706365817799,1.075061233131892,0.16666666666666666,46.0,46.0,46.0,4.6000000000000005,30.0,3.0,5
7,50,0.995,0.5,0.95,0.5,13,kf_sa_seed_0013.npz,50,651,700,0.7419354838709677,0.21044546850998463,0.047619047619047616,0.46285714285714286,0.46,0.07714285714285714,0.6602516654330126,0.602017937219731,0.39798206278026904,0.40953917050691246,0.6566929997805574,0.638364603090062,0.1199644571284222,0.2311972175550598,0.11123276042663759,28,20.72538860103627,46.58620689655172,50.0,0.5548706365817799,1.075061233131892,0.16666666666666666,46.0,46.0,46.0,4.6000000000000005,27.666666666666668,2.766666666666667,5
7,70,0.95,0.5,0.95,0.5,13,kf_sa_seed_0013.npz,70,631,700,0.7194928684627575,0.21711568938193343,0.06339144215530904,0.4785714285714286,0.4514285714285714,0.07,0.6596543951915853,0.5728929384965832,0.4271070615034168,0.3947464342313788,0.6232239076296129,0.596619456973307,0.14787250555453887,0.19976622457064885,0.05189371901610998,34,25.544703230653642,38.02857142857143,70.0,0.5535964634043611,1.075061233131892,0.16666666666666666,51.0,51.0,51.0,5.1000000000000005,28.833333333333332,2.8833333333333333,5
7,70,0.98,0.5,0.95,0.5,13,kf_sa_seed_0013.npz,70,631,700,0.7274167987321711,0.20443740095087162,0.06814580031695722,0.55,0.38571428571428573,0.06428571428571428,0.7002253944402704,0.5407725321888412,0.45922746781115875,0.3958512565089427,0.5895019243830655,0.5775567483889746,0.14667307411904396,0.18726433891479782,0.04059126479575387,22,16.52892561983471,57.869565217391305,70.0,0.5535964634043611,1.075061233131892,0.16666666666666666,55.0,55.0,55.0,5.5,28.666666666666668,2.866666666666667,5
7,70,0.99,0.5,0.95,0.5,13,kf_sa_seed_0013.npz,70,631,700,0.7258320126782885,0.20285261489698891,0.07131537242472266,0.5857142857142857,0.3514285714285714,0.06285714285714286,0.71900826446281,0.5245559038662487,0.47544409613375127,0.39434457776771564,0.5535453928005434,0.5592899784127556,0.14580709267117686,0.1747118313773835,0.028904738706206634,12,9.015777610818933,102.38461538461539,70.0,0.5535964634043611,1.075061233131892,0.16666666666666666,56.0,56.0,56.0,5.6000000000000005,28.833333333333332,2.8833333333333333,5
7,70,0.995,0.5,0.95,0.5,13,kf_sa_seed_0013.npz,70,631,700,0.7147385103011094,0.21870047543581617,0.06656101426307448,0.6185714285714285,0.3171428571428571,0.06428571428571428,0.7295266716754321,0.5108135942327497,0.48918640576725025,0.3895121122934118,0.5363142404346841,0.5521885096551284,0.14349025292882864,0.17096521328467604,0.0274749603558474,14,10.518407212622089,88.73333333333333,70.0,0.5535964634043611,1.075061233131892,0.16666666666666666,55.0,55.0,55.0,5.5,29.666666666666668,2.966666666666667,5
10,50,0.95,0.5,0.95,0.5,13,kf_sa_seed_0013.npz,50,651,700,0.48540706605222733,0.4685099846390169,0.04608294930875576,0.2357142857142857,0.6985714285714286,0.06571428571428571,0.41228719467061437,0.6499102333931778,0.35008976660682223,0.2755606758832565,0.6884178187403994,0.6546154913890069,0.16050475309941445,0.2859922352668797,0.12548748216746528,33,24.42635085122132,39.73529411764706,67.0,0.5548706365817799,1.075061233131892,0.16666666666666666,54.0,54.0,54.0,5.4,49.5,4.95,5
10,50,0.98,0.5,0.95,0.5,13,kf_sa_seed_0013.npz,50,651,700,0.5514592933947773,0.4009216589861751,0.047619047619047616,0.32,0.6214285714285714,0.05857142857142857,0.4848260547742413,0.6106870229007634,0.3893129770992366,0.30501536098310295,0.6372920781215712,0.6120164747928925,0.15205901692470636,0.23366484040066385,0.08160582347595749,25,18.50481125092524,51.96153846153846,63.0,0.5548706365817799,1.075061233131892,0.16666666666666666,59.0,59.0,59.0,5.9,47.0,4.7,5
10,50,0.99,0.5,0.95,0.5,13,kf_sa_seed_0013.npz,50,651,700,0.5576036866359447,0.3932411674347158,0.04915514592933948,0.41285714285714287,0.5385714285714286,0.04857142857142857,0.5314581791265729,0.552924791086351,0.44707520891364905,0.30308755760368666,0.5806956330919465,0.5694494884999514,0.14351976218449042,0.1828455050361096,0.03932574285161919,19,14.063656550703183,67.55,62.0,0.5548706365817799,1.075061233131892,0.16666666666666666,66.0,66.0,66.0,6.6000000000000005,46.333333333333336,4.633333333333334,5
10,50,0.995,0.5,0.95,0.5,13,kf_sa_seed_0013.npz,50,651,700,0.6175115207373272,0.3333333333333333,0.04915514592933948,0.5528571428571428,0.4185714285714286,0.02857142857142857,0.622501850481125,0.5017835909631391,0.49821640903686093,0.3230414746543779,0.5147640991880623,0.5228769029455674,0.13078294828115342,0.12780902451691983,-0.0029739237642335825,23,17.024426350851222,56.291666666666664,61.0,0.5548706365817799,1.075061233131892,0.16666666666666666,80.0,80.0,80.0,8.0,38.333333333333336,3.833333333333334,5
10,70,0.95,0.5,0.95,0.5,13,kf_sa_seed_0013.npz,70,631,700,0.5435816164817749,0.3993660855784469,0.05705229793977813,0.42142857142857143,0.53,0.04857142857142857,0.531930879038317,0.5324858757062146,0.46751412429378536,0.29607652252660177,0.5746502150781073,0.5648867973950856,0.16248882341680135,0.19408929980036357,0.031600476383562226,16,12.021036814425244,78.29411764705883,70.0,0.5535964634043611,1.075061233131892,0.16666666666666666,66.0,66.0,66.0,6.6000000000000005,47.833333333333336,4.783333333333334,5
10,70,0.98,0.5,0.95,0.5,13,kf_sa_seed_0013.npz,70,631,700,0.5515055467511886,0.3866877971473851,0.061806656101426306,0.48,0.48,0.04,0.564237415477085,0.5006657789613849,0.49933422103861513,0.2957527733755943,0.5204143083540865,0.5305308806367749,0.15807480094045032,0.15688034559320194,-0.0011944553472483799,16,12.021036814425244,78.29411764705883,70.0,0.5535964634043611,1.075061233131892,0.16666666666666666,72.0,72.0,72.0,7.2,47.333333333333336,4.733333333333333,5
10,70,0.99,0.5,0.95,0.5,13,kf_sa_seed_0013.npz,70,631,700,0.5974643423137876,0.34072900158478603,0.061806656101426306,0.57,0.4014285714285714,0.02857142857142857,0.6273478587528174,0.4754491017964072,0.5245508982035928,0.3130178854426081,0.47196966266696855,0.5002208305810009,0.14995905539182627,0.12148141741258489,-0.028477637979241383,16,12.021036814425244,78.29411764705883,70.0,0.5535964634043611,1.075061233131892,0.16666666666666666,80.0,80.0,80.0,8.0,40.0,4.0,5
10,70,0.995,0.5,0.95,0.5,13,kf_sa_seed_0013.npz,70,631,700,0.6703645007923931,0.27258320126782887,0.05705229793977813,0.7,0.2857142857142857,0.014285714285714285,0.7205108940646131,0.45151199165797706,0.5484880083420229,0.34232510753905365,0.4231741000679194,0.46992066364122315,0.1354598861473232,0.08367946129990526,-0.05178042484741795,28,21.036814425244177,45.89655172413793,70.0,0.5535964634043611,1.075061233131892,0.16666666666666666,90.0,90.0,90.0,9.0,34.833333333333336,3.483333333333334,5
5,25,0.95,0.5,0.95,0.5,14,kf_sa_seed_0014.npz,25,676,700,0.5562130177514792,0.40976331360946744,0.034023668639053255,0.22714285714285715,0.68,0.09285714285714286,0.45276162790697677,0.7078651685393258,0.2921348314606742,0.32453508030431105,0.7576331360946745,0.7462867409867614,0.1218951374492709,0.3658522294521207,0.24395709200284982,84,61.04651162790697,16.188235294117646,,0.5616348789420165,1.0168752688565459,0.16666666666666666,35.0,35.0,35.0,3.5,23.166666666666668,2.316666666666667,5
5,25,0.98,0.5,0.95,0.5,14,kf_sa_seed_0014.npz,25,676,700,0.7130177514792899,0.25,0.03698224852071006,0.3385714285714286,0.5657142857142857,0.09571428571428571,0.5893895348837209,0.6769420468557337,0.32305795314426633,0.40436601859678784,0.7401204564666103,0.7278137943270474,0.10455958648644738,0.316744561988899,0.21218497550245163,44,31.976744186046513,30.57777777777778,25.0,0.5616348789420165,1.0168752688565459,0.16666666666666666,33.0,33.0,33.0,3.3000000000000003,23.5,2.35,5
5,25,0.99,0.5,0.95,0.5,14,kf_sa_seed_0014.npz,25,676,700,0.7677514792899408,0.1937869822485207,0.038461538461538464,0.3914285714285714,0.51,0.09857142857142857,0.6453488372093024,0.6621621621621622,0.33783783783783783,0.43316145393068467,0.7249873203719358,0.7152747851189489,0.0929005936271666,0.275407863556286,0.1825072699291194,42,30.523255813953487,32.0,25.0,0.5616348789420165,1.0168752688565459,0.16666666666666666,31.0,31.0,31.0,3.1,20.833333333333332,2.0833333333333335,5
5,25,0.995,0.5,0.95,0.5,14,kf_sa_seed_0014.npz,25,676,700,0.7677514792899408,0.19230769230769232,0.03994082840236687,0.4657142857142857,0.4328571428571429,0.10142857142857142,0.6853197674418605,0.6256627783669141,0.3743372216330859,0.4345900253592561,0.7056445477599324,0.7013204760612406,0.09409388806295763,0.2973125528283215,0.20321866476536385,32,23.25581395348837,41.696969696969695,25.0,0.5616348789420165,1.0168752688565459,0.16666666666666666,29.0,29.0,29.0,2.9000000000000004,23.5,2.35,5
5,35,0.95,0.5,0.95,0.5,14,kf_sa_seed_0014.npz,35,666,700,0.7402402402402403,0.22072072072072071,0.03903903903903904,0.3657142857142857,0.5485714285714286,0.08571428571428572,0.6112737920937042,0.6622754491017964,0.33772455089820363,0.412977262977263,0.7336486486486486,0.7035579677586137,0.1057369981005876,0.3019694294257989,0.1962324313252113,32,23.42606149341142,41.39393939393939,35.0,0.5557971879495394,1.0168752688565459,0.16666666666666666,40.0,40.0,40.0,4.0,22.833333333333332,2.283333333333333,5
5,35,0.98,0.5,0.95,0.5,14,kf_sa_seed_0014.npz,35,666,700,0.7852852852852853,0.17267267267267267,0.042042042042042045,0.4042857142857143,0.51,0.08571428571428572,0.6544655929721815,0.6521252796420581,0.34787472035794187,0.4354997854997855,0.7188760188760189,0.6983040115366633,0.09730343420378988,0.2619129617805879,0.16460952757679803,28,20.497803806734993,47.10344827586207,35.0,0.5557971879495394,1.0168752688565459,0.16666666666666666,40.0,40.0,40.0,4.0,23.333333333333332,2.3333333333333335,5
5,35,0.99,0.5,0.95,0.5,14,kf_sa_seed_0014.npz,35,666,700,0.7912912912912913,0.16366366366366367,0.04504504504504504,0.4642857142857143,0.44857142857142857,0.08714285714285715,0.6903367496339677,0.623541887592789,0.37645811240721105,0.43921707421707423,0.702996567996568,0.6842704806415763,0.09712340242157376,0.2407482611502276,0.14362485872865383,22,16.105417276720353,59.391304347826086,35.0,0.5557971879495394,1.0168752688565459,0.16666666666666666,39.0,39.0,39.0,3.9000000000000004,23.166666666666668,2.316666666666667,5
5,35,0.995,0.5,0.95,0.5,14,kf_sa_seed_0014.npz,35,666,700,0.8093093093093093,0.14414414414414414,0.046546546546546545,0.4957142857142857,0.4142857142857143,0.09,0.7174231332357247,0.6142857142857143,0.3857142857142857,0.44965465465465465,0.6946975546975547,0.6820693110284336,0.09238560880101351,0.24895789568786805,0.15657228688685454,22,16.105417276720353,59.391304347826086,35.0,0.5557971879495394,1.0168752688565459,0.16666666666666666,37.0,37.0,37.0,3.7,20.5,2.0500000000000003,5
5,50,0.95,0.5,0.95,0.5,14,kf_sa_seed_0014.npz,50,651,700,0.7711213517665131,0.17972350230414746,0.04915514592933948,0.49857142857142855,0.4342857142857143,0.06714285714285714,0.688378978534419,0.5903225806451613,0.4096774193548387,0.41913210445468513,0.7040509106868554,0.6658338745076932,0.10020808885803172,0.22921034472156065,0.12900225586352893,20,14.803849000740193,64.33333333333333,50.0,0.5479679733753187,1.0168752688565459,0.16666666666666666,53.0,53.0,53.0,5.300000000000001,25.166666666666668,2.516666666666667,5
5,50,0.98,0.5,0.95,0.5,14,kf_sa_seed_0014.npz,50,651,700,0.7772657450076805,0.17357910906298002,0.04915514592933948,0.5257142857142857,0.40714285714285714,0.06714285714285714,0.7054034048852702,0.5802728226652676,0.4197271773347324,0.42220430107526885,0.6805924950625412,0.6437601947340971,0.10037593332839267,0.1999038321448059,0.09952789881641322,26,19.24500370096225,50.03703703703704,50.0,0.5479679733753187,1.0168752688565459,0.16666666666666666,53.0,53.0,53.0,5.300000000000001,24.166666666666668,2.416666666666667,5
5,50,0.99,0.5,0.95,0.5,14,kf_sa_seed_0014.npz,50,651,700,0.7726574500768049,0.17357910906298002,0.053763440860215055,0.5871428571428572,0.3457142857142857,0.06714285714285714,0.7372316802368616,0.5522088353413654,0.44779116465863456,0.419900153609831,0.6516436251920122,0.6223591039116375,0.09948654907229329,0.17404166906176738,0.07455511998947409,20,14.803849000740193,64.33333333333333,50.0,0.5479679733753187,1.0168752688565459,0.16666666666666666,53.0,53.0,53.0,5.300000000000001,25.166666666666668,2.516666666666667,5
5,50,0.995,0.5,0.95,0.5,14,kf_sa_seed_0014.npz,50,651,700,0.7849462365591398,0.15821812596006143,0.05683563748079877,0.6071428571428571,0.32142857142857145,0.07142857142857142,0.7572168763878608,0.5483870967741935,0.4516129032258065,0.4281874039938556,0.5979065174456879,0.6055476454609215,0.09991146457580735,0.19326679830486934,0.09335533372906199,18,13.323464100666174,71.10526315789474,50.0,0.5479679733753187,1.0168752688565459,0.16666666666666666,50.0,50.0,50.0,5.0,23.333333333333332,2.3333333333333335,5
5,70,0.95,0.5,0.95,0.5,14,kf_sa_seed_0014.npz,70,631,700,0.7606973058637084,0.1774960380348653,0.061806656101426306,0.6542857142857142,0.30142857142857143,0.04428571428571428,0.7573253193087904,0.5069444444444444,0.4930555555555556,0.40249151007471135,0.6195223002037582,0.5952568025433687,0.11425863041836863,0.1504778070221551,0.03621917660378647,12,9.015777610818933,102.38461538461539,70.0,0.5457272821884827,1.0168752688565459,0.16666666666666666,69.0,69.0,69.0,6.9,25.166666666666668,2.516666666666667,5
5,70,0.98,0.5,0.95,0.5,14,kf_sa_seed_0014.npz,70,631,700,0.757527733755943,0.18225039619651348,0.060221870047543584,0.6871428571428572,0.26857142857142857,0.04428571428571428,0.772351615326822,0.49513618677042803,0.504863813229572,0.4009067240208286,0.5859067240208287,0.5671034441690792,0.11373813135285249,0.1325985289267815,0.018860397573929016,16,12.021036814425244,78.29411764705883,70.0,0.5457272821884827,1.0168752688565459,0.16666666666666666,69.0,69.0,69.0,6.9,25.5,2.5500000000000003,5
5,70,0.99,0.5,0.95,0.5,14,kf_sa_seed_0014.npz,70,631,700,0.7638668779714739,0.17591125198098256,0.060221870047543584,0.7257142857142858,0.22857142857142856,0.045714285714285714,0.7963936889556724,0.4849056603773585,0.5150943396226415,0.4047905818428798,0.5504550599954721,0.5448496291000878,0.11372937643627096,0.12331125399334013,0.009581877557069171,16,12.021036814425244,78.29411764705883,70.0,0.5457272821884827,1.0168752688565459,0.16666666666666666,68.0,68.0,68.0,6.800000000000001,24.833333333333332,2.4833333333333334,5
5,70,0.995,0.5,0.95,0.5,14,kf_sa_seed_0014.npz,70,631,700,0.7654516640253566,0.16957210776545167,0.06497622820919176,0.7157142857142857,0.2342857142857143,0.05,0.7963936889556724,0.48867924528301887,0.5113207547169811,0.4077258320126783,0.5162146253112972,0.5353155157091144,0.11633520742529604,0.1358756326939444,0.019540425268648354,14,10.518407212622089,88.73333333333333,70.0,0.5457272821884827,1.0168752688565459,0.16666666666666666,65.0,65.0,65.0,6.5,24.666666666666668,2.466666666666667,5
7,35,0.95,0.5,0.95,0.5,14,kf_sa_seed_0014.npz,35,666,700,0.5975975975975976,0.3633633633633634,0.03903903903903904,0.17,0.7442857142857143,0.08571428571428572,0.44143484626647145,0.7595356550580431,0.2404643449419569,0.34165594165594165,0.7839146289146289,0.7401143972301787,0.12767972583626247,0.35729841146958913,0.22961868563332666,67,49.04831625183016,20.08823529411765,43.0,0.5557971879495394,1.0168752688565459,0.16666666666666666,40.0,40.0,40.0,4.0,33.5,3.35,5
7,35,0.98,0.5,0.95,0.5,14,kf_sa_seed_0014.npz,35,666,700,0.6771771771771772,0.2807807807807808,0.042042042042042045,0.2885714285714286,0.6242857142857143,0.08714285714285715,0.5431918008784773,0.6900269541778976,0.3099730458221024,0.3821600171600172,0.7685885885885886,0.723033752469206,0.11440311695328649,0.32205582662115256,0.2076527096678661,41,30.01464128843338,32.523809523809526,43.0,0.5557971879495394,1.0168752688565459,0.16666666666666666,39.0,39.0,39.0,3.9000000000000004,29.333333333333332,2.9333333333333336,5
7,35,0.99,0.5,0.95,0.5,14,kf_sa_seed_0014.npz,35,666,700,0.7027027027027027,0.25375375375375375,0.04354354354354354,0.37714285714285717,0.5371428571428571,0.08571428571428572,0.6010248901903368,0.6431181485992692,0.3568818514007308,0.39420849420849424,0.7320291720291721,0.7025218168448689,0.10750468297395792,0.2936372440052175,0.18613256103125958,29,21.2298682284041,45.53333333333333,43.0,0.5557971879495394,1.0168752688565459,0.16666666666666666,40.0,40.0,40.0,4.0,29.0,2.9000000000000004,5
7,35,0.995,0.5,0.95,0.5,14,kf_sa_seed_0014.npz,35,666,700,0.6816816816816816,0.2732732732732733,0.04504504504504504,0.44142857142857145,0.4757142857142857,0.08285714285714285,0.62298682284041,0.6016451233842538,0.3983548766157462,0.38226941226941225,0.680092235092235,0.682339925591128,0.10917039338165849,0.2852807097685692,0.1761103163869107,33,24.15812591508053,40.1764705882353,43.0,0.5557971879495394,1.0168752688565459,0.16666666666666666,42.0,42.0,42.0,4.2,31.333333333333332,3.1333333333333333,5
7,50,0.95,0.5,0.95,0.5,14,kf_sa_seed_0014.npz,50,651,700,0.7050691244239631,0.2488479262672811,0.04608294930875576,0.4157142857142857,0.5185714285714286,0.06571428571428571,0.6113989637305699,0.6113801452784504,0.3886198547215496,0.3853917050691244,0.7303159973666886,0.6797325392742594,0.11852382555969702,0.27433770350951747,0.15581387794982043,16,11.843079200592154,79.47058823529412,50.0,0.5479679733753187,1.0168752688565459,0.16666666666666666,54.0,54.0,54.0,5.4,31.333333333333332,3.1333333333333333,5
7,50,0.98,0.5,0.95,0.5,14,kf_sa_seed_0014.npz,50,651,700,0.6927803379416283,0.25960061443932414,0.047619047619047616,0.4614285714285714,0.4742857142857143,0.06428571428571428,0.6291635825314582,0.5835294117647059,0.41647058823529415,0.3785330261136713,0.6952600394996709,0.6552231821580836,0.11550322227013189,0.24746440360841265,0.13196118133828078,16,11.843079200592154,79.47058823529412,50.0,0.5479679733753187,1.0168752688565459,0.16666666666666666,55.0,55.0,55.0,5.5,33.5,3.35,5
7,50,0.99,0.5,0.95,0.5,14,kf_sa_seed_0014.npz,50,651,700,0.6943164362519201,0.2565284178187404,0.04915514592933948,0.5271428571428571,0.41,0.06285714285714286,0.6639526276831976,0.5529542920847269,0.4470457079152731,0.37858678955453146,0.6522427035330262,0.6299823477539748,0.11388300435677297,0.22481241114145722,0.11092940678468426,24,17.764618800888233,54.04,50.0,0.5479679733753187,1.0168752688565459,0.16666666666666666,56.0,56.0,56.0,5.6000000000000005,33.333333333333336,3.333333333333334,5
7,50,0.995,0.5,0.95,0.5,14,kf_sa_seed_0014.npz,50,651,700,0.6835637480798771,0.261136712749616,0.055299539170506916,0.5171428571428571,0.4185714285714286,0.06428571428571428,0.6572908956328646,0.5518018018018018,0.44819819819819817,0.3739247311827957,0.6089598420013167,0.6160846239453165,0.11567489898569304,0.23370732353735452,0.11803242455166148,24,17.764618800888233,54.04,50.0,0.5479679733753187,1.0168752688565459,0.16666666666666666,55.0,55.0,55.0,5.5,34.333333333333336,3.4333333333333336,5
7,70,0.95,0.5,0.95,0.5,14,kf_sa_seed_0014.npz,70,631,700,0.7036450079239303,0.23613312202852615,0.060221870047543584,0.5642857142857143,0.3914285714285714,0.04428571428571428,0.6821938392186326,0.5231277533039648,0.47687224669603523,0.37396536110482226,0.6114964908308806,0.5933620759730105,0.13212694960025656,0.18324587689296665,0.05111892729271009,28,21.036814425244177,45.89655172413793,70.0,0.5457272821884827,1.0168752688565459,0.16666666666666666,69.0,69.0,69.0,6.9,31.333333333333332,3.1333333333333333,5
7,70,0.98,0.5,0.95,0.5,14,kf_sa_seed_0014.npz,70,631,700,0.7020602218700476,0.23613312202852615,0.061806656101426306,0.6157142857142858,0.34285714285714286,0.041428571428571426,0.7077385424492862,0.5010615711252654,0.4989384288747346,0.37174439664930947,0.568075616934571,0.5646270922040395,0.13141723103897016,0.1676548470035623,0.03623761596459216,12,9.015777610818933,102.38461538461539,70.0,0.5457272821884827,1.0168752688565459,0.16666666666666666,71.0,71.0,71.0,7.1000000000000005,31.333333333333332,3.1333333333333333,5
7,70,0.99,0.5,0.95,0.5,14,kf_sa_seed_0014.npz,70,631,700,0.7020602218700476,0.23613312202852615,0.061806656101426306,0.6271428571428571,0.33285714285714285,0.04,0.7129977460555973,0.49631190727081137,0.5036880927291887,0.3710301109350238,0.5223318994792846,0.5409869547541921,0.13170000655104955,0.15776381531365266,0.026063808762603113,20,15.026296018031555,63.38095238095238,70.0,0.5457272821884827,1.0168752688565459,0.16666666666666666,72.0,72.0,72.0,7.2,31.333333333333332,3.1333333333333333,5
7,70,0.995,0.5,0.95,0.5,14,kf_sa_seed_0014.npz,70,631,700,0.694136291600634,0.24405705229793978,0.061806656101426306,0.6271428571428571,0.3314285714285714,0.041428571428571426,0.709992486851991,0.49417989417989416,0.5058201058201058,0.36778243151460266,0.5043513697079466,0.5353547260718999,0.12993710339728523,0.15899679866866498,0.02905969527137975,12,9.015777610818933,102.38461538461539,70.0,0.5457272821884827,1.0168752688565459,0.16666666666666666,71.0,71.0,71.0,7.1000000000000005,32.166666666666664,3.216666666666667,5
10,50,0.95,0.5,0.95,0.5,14,kf_sa_seed_0014.npz,50,651,700,0.5253456221198156,0.434715821812596,0.039938556067588324,0.19857142857142857,0.7471428571428571,0.054285714285714284,0.40340488527017027,0.6972477064220184,0.3027522935779816,0.28981566820276494,0.727910906298003,0.67823111899491,0.13776793897208148,0.2667050607578127,0.12893712178573122,45,33.30866025166543,29.369565217391305,,0.5479679733753187,1.0168752688565459,0.16666666666666666,62.0,62.0,62.0,6.2,41.0,4.1000000000000005,5
10,50,0.98,0.5,0.95,0.5,14,kf_sa_seed_0014.npz,50,651,700,0.5960061443932412,0.36251920122887865,0.041474654377880185,0.38,0.5771428571428572,0.04285714285714286,0.5262768319763138,0.5879043600562588,0.4120956399437412,0.319431643625192,0.6819618169848585,0.6368163537911307,0.1278556207916401,0.21313951140400791,0.08528389061236782,37,27.387120651369354,35.55263157894737,63.0,0.5479679733753187,1.0168752688565459,0.16666666666666666,70.0,70.0,70.0,7.0,39.333333333333336,3.9333333333333336,5
10,50,0.99,0.5,0.95,0.5,14,kf_sa_seed_0014.npz,50,651,700,0.6298003072196621,0.3317972350230415,0.03840245775729647,0.4828571428571429,0.48428571428571426,0.032857142857142856,0.5891931902294597,0.5439698492462312,0.45603015075376885,0.33132872503840244,0.6164055299539171,0.5888995369403478,0.11842435269260004,0.1614259581914447,0.04300160549884466,23,17.024426350851222,56.291666666666664,63.0,0.5479679733753187,1.0168752688565459,0.16666666666666666,77.0,77.0,77.0,7.7,38.5,3.85,5
10,50,0.995,0.5,0.95,0.5,14,kf_sa_seed_0014.npz,50,651,700,0.6574500768049155,0.31643625192012287,0.026113671274961597,0.62,0.3757142857142857,0.004285714285714286,0.6528497409326425,0.4886621315192744,0.5113378684807256,0.3308678955453149,0.5349572086899276,0.5341336497518654,0.1031569787784113,0.1059041649561915,0.002747186177780192,37,27.387120651369354,35.55263157894737,61.0,0.5479679733753187,1.0168752688565459,0.16666666666666666,97.0,97.0,97.0,9.700000000000001,36.666666666666664,3.6666666666666665,5
10,70,0.95,0.5,0.95,0.5,14,kf_sa_seed_0014.npz,70,631,700,0.6101426307448494,0.34072900158478603,0.0491283676703645,0.4642857142857143,0.5014285714285714,0.03428571428571429,0.574755822689707,0.534640522875817,0.465359477124183,0.32221417251528184,0.6231582522073805,0.5901298938614284,0.13690311832554483,0.17198307456837006,0.03507995624282523,18,13.5236664162284,70.05263157894737,70.0,0.5457272821884827,1.0168752688565459,0.16666666666666666,76.0,76.0,76.0,7.6000000000000005,41.333333333333336,4.133333333333334,5
10,70,0.98,0.5,0.95,0.5,14,kf_sa_seed_0014.npz,70,631,700,0.6228209191759112,0.329635499207607,0.04754358161648178,0.5414285714285715,0.4328571428571429,0.025714285714285714,0.6160781367392938,0.501219512195122,0.49878048780487805,0.32426760244509845,0.5598868009961512,0.5462977715912517,0.1314585724412386,0.13444346863425,0.0029848961930113993,20,15.026296018031555,63.38095238095238,70.0,0.5457272821884827,1.0168752688565459,0.16666666666666666,82.0,82.0,82.0,8.200000000000001,39.833333333333336,3.983333333333334,5
10,70,0.99,0.5,0.95,0.5,14,kf_sa_seed_0014.npz,70,631,700,0.6339144215530903,0.3232963549920761,0.042789223454833596,0.6742857142857143,0.31,0.015714285714285715,0.6836964688204358,0.45164835164835165,0.5483516483516484,0.324814353633688,0.49680552411138784,0.5087114588329117,0.1213545274285053,0.09979784028575873,-0.02155668714274657,22,16.52892561983471,57.869565217391305,70.0,0.5457272821884827,1.0168752688565459,0.16666666666666666,89.0,89.0,89.0,8.9,38.833333333333336,3.8833333333333337,5
10,70,0.995,0.5,0.95,0.5,14,kf_sa_seed_0014.npz,70,631,700,0.6814580031695721,0.3153724247226624,0.003169572107765452,0.7785714285714286,0.22142857142857142,0.0,0.7340345604808415,0.44012282497441146,0.5598771750255885,0.34072900158478603,0.4328299750962192,0.47195362259063584,0.10341607181446144,0.06335544425629694,-0.0400606275581645,20,15.026296018031555,63.38095238095238,70.0,0.5457272821884827,1.0168752688565459,0.0,,,,,33.5,3.35,6
5,25,0.95,0.5,0.95,0.5,15,kf_sa_seed_0015.npz,25,676,700,0.4985207100591716,0.46745562130177515,0.034023668639053255,0.15857142857142856,0.6828571428571428,0.15857142857142856,0.42296511627906974,0.7697594501718213,0.23024054982817865,0.32854606931530006,0.7722252747252747,0.7789315147861959,0.13309863095291918,0.4379877365485128,0.3048891055955936,55,39.97093023255814,24.571428571428573,32.0,0.6277355299899169,1.1944357238565733,0.3333333333333333,61.0,61.0,92.0,6.1000000000000005,34.833333333333336,3.483333333333334,4
5,25,0.98,0.5,0.95,0.5,15,kf_sa_seed_0015.npz,25,676,700,0.6553254437869822,0.3076923076923077,0.03698224852071006,0.2714285714285714,0.5571428571428572,0.17142857142857143,0.565406976744186,0.7236503856041131,0.2763496143958869,0.41337700760777685,0.7596999154691463,0.7576044334805356,0.12048068167635449,0.4054181208211131,0.2849374391447586,53,38.51744186046512,25.48148148148148,29.0,0.6277355299899169,1.1944357238565733,0.3333333333333333,58.0,58.0,88.0,5.800000000000001,26.0,2.6,4
5,25,0.99,0.5,0.95,0.5,15,kf_sa_seed_0015.npz,25,676,700,0.6745562130177515,0.28550295857988167,0.03994082840236687,0.33285714285714285,0.49857142857142855,0.16857142857142857,0.6061046511627907,0.6882494004796164,0.31175059952038364,0.42156382079459004,0.7410883347421809,0.7432814006128995,0.10944331610553823,0.3751978080039261,0.26575449189838785,43,31.25,31.272727272727273,29.0,0.6277355299899169,1.1944357238565733,0.3333333333333333,60.0,60.0,90.0,6.0,27.833333333333332,2.783333333333333,4
5,25,0.995,0.5,0.95,0.5,15,kf_sa_seed_0015.npz,25,676,700,0.6745562130177515,0.28846153846153844,0.03698224852071006,0.35285714285714287,0.47285714285714286,0.1742857142857143,0.6177325581395349,0.68,0.31999999999999995,0.4244209636517329,0.7149577345731192,0.7237923535143029,0.11222156405576314,0.3872054406139163,0.27498387655815315,37,26.88953488372093,36.21052631578947,29.0,0.6277355299899169,1.1944357238565733,0.3333333333333333,58.0,58.0,88.0,5.800000000000001,28.333333333333332,2.8333333333333335,4
5,35,0.95,0.5,0.95,0.5,15,kf_sa_seed_0015.npz,35,666,700,0.6891891891891891,0.2672672672672673,0.04354354354354354,0.30142857142857143,0.5471428571428572,0.15142857142857144,0.5893118594436311,0.7018633540372671,0.2981366459627329,0.4203088803088803,0.7437644787644787,0.7459764272289656,0.12227998406247334,0.38365868774393724,0.2613787036814639,54,39.53147877013177,24.836363636363636,35.0,0.6288646752939038,1.1944357238565733,0.3333333333333333,66.0,66.0,96.0,6.6000000000000005,23.666666666666668,2.3666666666666667,4
5,35,0.98,0.5,0.95,0.5,15,kf_sa_seed_0015.npz,35,666,700,0.7447447447447447,0.2042042042042042,0.05105105105105105,0.35428571428571426,0.48857142857142855,0.15714285714285714,0.6500732064421669,0.6824324324324325,0.31756756756756754,0.45094380094380093,0.7216816816816817,0.7099753675821607,0.1207659502785208,0.3576244879285323,0.2368585376500115,40,29.282576866764277,33.31707317073171,35.0,0.6288646752939038,1.1944357238565733,0.3333333333333333,65.0,65.0,95.0,6.5,22.666666666666668,2.266666666666667,4
5,35,0.99,0.5,0.95,0.5,15,kf_sa_seed_0015.npz,35,666,700,0.7912912912912913,0.15465465465465467,0.05405405405405406,0.4,0.44142857142857145,0.15857142857142856,0.698389458272328,0.6687631027253669,0.3312368972746331,0.47493135993135993,0.7154332904332904,0.7049075909642168,0.11329722001584085,0.335544040608077,0.22224682059223616,38,27.81844802342606,35.02564102564103,35.0,0.6288646752939038,1.1944357238565733,0.3333333333333333,65.0,65.0,95.0,6.5,22.166666666666668,2.216666666666667,4
5,35,0.995,0.5,0.95,0.5,15,kf_sa_seed_0015.npz,35,666,700,0.7762762762762763,0.17267267267267267,0.05105105105105105,0.3985714285714286,0.44142857142857145,0.16,0.6896046852122987,0.667728237791932,0.332271762208068,0.46813813813813815,0.6911540111540112,0.6947783968903014,0.10929136409328248,0.343512611351446,0.2342212472581635,32,23.42606149341142,41.39393939393939,35.0,0.6288646752939038,1.1944357238565733,0.3333333333333333,64.5,64.5,94.0,6.45,23.0,2.3000000000000003,4
5,50,0.95,0.5,0.95,0.5,15,kf_sa_seed_0015.npz,50,651,700,0.7542242703533026,0.18740399385560677,0.05837173579109063,0.44857142857142857,0.4157142857142857,0.1357142857142857,0.694300518134715,0.6247334754797441,0.3752665245202559,0.44496927803379416,0.6865635286372613,0.6884868231095898,0.13212670733130225,0.3200545661535994,0.18792785882229715,30,22.20577350111029,43.58064516129032,50.0,0.6289455828866365,1.1944357238565733,0.3333333333333333,74.5,74.5,106.0,7.45,26.0,2.6,4
5,50,0.98,0.5,0.95,0.5,15,kf_sa_seed_0015.npz,50,651,700,0.7619047619047619,0.17511520737327188,0.0629800307219662,0.47714285714285715,0.3842857142857143,0.13857142857142857,0.7165062916358254,0.612603305785124,0.387396694214876,0.4502380952380952,0.6685977616853193,0.6646900167606724,0.13323265828519482,0.30439006713378775,0.17115740884859293,22,16.28423390081421,58.73913043478261,50.0,0.6289455828866365,1.1944357238565733,0.3333333333333333,74.0,74.0,105.0,7.4,26.166666666666668,2.616666666666667,4
5,50,0.99,0.5,0.95,0.5,15,kf_sa_seed_0015.npz,50,651,700,0.7726574500768049,0.16282642089093702,0.06451612903225806,0.5228571428571429,0.3314285714285714,0.1457142857142857,0.7498149518874907,0.5972359328726555,0.40276406712734447,0.4591858678955453,0.6496335308316875,0.650614698915678,0.12749668429000066,0.2821423840873731,0.15464569979737242,24,17.764618800888233,54.04,50.0,0.6289455828866365,1.1944357238565733,0.3333333333333333,72.5,72.5,104.0,7.25,24.833333333333332,2.4833333333333334,4
5,50,0.995,0.5,0.95,0.5,15,kf_sa_seed_0015.npz,50,651,700,0.7465437788018433,0.1889400921658986,0.06451612903225806,0.5071428571428571,0.3457142857142857,0.14714285714285713,0.7298297557364914,0.5973630831643002,0.4026369168356998,0.4468433179723502,0.6392780337941628,0.6385643600660196,0.126855966349653,0.29632055931390555,0.16946459296425256,32,23.686158401184308,40.93939393939394,50.0,0.6289455828866365,1.1944357238565733,0.3333333333333333,73.0,73.0,105.0,7.300000000000001,26.333333333333332,2.6333333333333333,4
5,70,0.95,0.5,0.95,0.5,15,kf_sa_seed_0015.npz,70,631,700,0.7274167987321711,0.19809825673534073,0.07448494453248812,0.56,0.3242857142857143,0.11571428571428571,0.7355371900826446,0.5515832482124617,0.44841675178753826,0.4215655422232284,0.6091351596105954,0.6068261597292077,0.15263667354655555,0.24952732404098202,0.09689065049442647,28,21.036814425244177,45.89655172413793,70.0,0.6310123709433935,1.1944357238565733,0.3333333333333333,86.0,86.0,117.0,8.6,29.0,2.9000000000000004,4
5,70,0.98,0.5,0.95,0.5,15,kf_sa_seed_0015.npz,70,631,700,0.7147385103011094,0.2076069730586371,0.07765451664025357,0.6071428571428571,0.27714285714285714,0.11571428571428571,0.7558226897069872,0.5288270377733598,0.4711729622266402,0.41522639800769756,0.5912497170024904,0.59310579651288,0.1515567937852471,0.23767443346762332,0.0861176396823762,20,15.026296018031555,63.38095238095238,70.0,0.6310123709433935,1.1944357238565733,0.3333333333333333,85.5,85.5,118.0,8.55,30.166666666666668,3.016666666666667,4
5,70,0.99,0.5,0.95,0.5,15,kf_sa_seed_0015.npz,70,631,700,0.7274167987321711,0.1949286846275753,0.07765451664025357,0.64,0.24571428571428572,0.11428571428571428,0.7783621337340345,0.5202702702702703,0.4797297297297297,0.42085125650894273,0.5719877745075843,0.5853780507401015,0.1411783379540444,0.23311955728380088,0.09194121932975649,16,12.021036814425244,78.29411764705883,70.0,0.6310123709433935,1.1944357238565733,0.3333333333333333,85.5,85.5,118.0,8.55,28.833333333333332,2.8833333333333333,4
5,70,0.995,0.5,0.95,0.5,15,kf_sa_seed_0015.npz,70,631,700,0.7258320126782885,0.1949286846275753,0.07923930269413629,0.62,0.2557142857142857,0.12428571428571429,0.7731029301277235,0.5296404275996113,0.4703595724003887,0.4250588634820014,0.5577496038034865,0.5815977476115963,0.14321280127020913,0.23314320845537156,0.08993040718516243,24,18.031555221637866,53.24,70.0,0.6310123709433935,1.1944357238565733,0.3333333333333333,84.0,84.0,116.0,8.4,29.5,2.95,4
7,35,0.95,0.5,0.95,0.5,15,kf_sa_seed_0015.npz,35,666,700,0.3843843843843844,0.5780780780780781,0.03753753753753754,0.1742857142857143,0.6728571428571428,0.15285714285714286,0.3733528550512445,0.711764705882353,0.28823529411764703,0.2686207636207636,0.7425396825396825,0.741666449448351,0.14934313549037542,0.4104912717087549,0.26114813621837946,32,23.42606149341142,41.39393939393939,36.0,0.6288646752939038,1.1944357238565733,0.3333333333333333,64.5,64.5,94.0,6.45,40.166666666666664,4.016666666666667,4
7,35,0.98,0.5,0.95,0.5,15,kf_sa_seed_0015.npz,35,666,700,0.6021021021021021,0.35135135135135137,0.046546546546546545,0.23714285714285716,0.61,0.15285714285714286,0.5161054172767203,0.7205673758865249,0.27943262411347514,0.3774796224796225,0.7292084942084942,0.7272052830484775,0.13180683313231262,0.3726562041018283,0.2408493709695157,33,24.15812591508053,40.1764705882353,36.0,0.6288646752939038,1.1944357238565733,0.3333333333333333,65.5,65.5,95.0,6.550000000000001,38.0,3.8000000000000003,4
7,35,0.99,0.5,0.95,0.5,15,kf_sa_seed_0015.npz,35,666,700,0.6831831831831832,0.26876876876876876,0.04804804804804805,0.32571428571428573,0.5214285714285715,0.15285714285714286,0.6017569546120058,0.683698296836983,0.316301703163017,0.418020163020163,0.6951887601887602,0.705798899097311,0.12180341250945206,0.34654896386300804,0.22474555135355598,39,28.55051244509517,34.15,36.0,0.6288646752939038,1.1944357238565733,0.3333333333333333,66.0,66.0,96.0,6.6000000000000005,31.666666666666668,3.166666666666667,4
7,35,0.995,0.5,0.95,0.5,15,kf_sa_seed_0015.npz,35,666,700,0.6816816816816816,0.2672672672672673,0.05105105105105105,0.3357142857142857,0.5071428571428571,0.15714285714285714,0.609809663250366,0.6770708283313326,0.3229291716686674,0.4194122694122694,0.7100986700986701,0.7127653195795163,0.12095306419629126,0.3449938343108255,0.22404077011453422,31,22.693997071742313,42.6875,36.0,0.6288646752939038,1.1944357238565733,0.3333333333333333,65.5,65.5,95.0,6.550000000000001,29.666666666666668,2.966666666666667,4
7,50,0.95,0.5,0.95,0.5,15,kf_sa_seed_0015.npz,50,651,700,0.6712749615975423,0.2749615975422427,0.053763440860215055,0.32,0.5457142857142857,0.13428571428571429,0.5847520355292376,0.6721518987341772,0.32784810126582276,0.40278033794162826,0.6880118499012509,0.6952736643006037,0.13983958241818287,0.33724910874552005,0.1974095263273372,36,26.646928201332347,36.513513513513516,50.0,0.6289455828866365,1.1944357238565733,0.3333333333333333,74.0,74.0,104.0,7.4,32.0,3.2,4
7,50,0.98,0.5,0.95,0.5,15,kf_sa_seed_0015.npz,50,651,700,0.7127496159754224,0.23195084485407066,0.055299539170506916,0.40285714285714286,0.46285714285714286,0.13428571428571429,0.6484085862324205,0.636986301369863,0.363013698630137,0.4235176651305683,0.6657296466973887,0.6760201412422268,0.13395520416399523,0.31319907550641496,0.17924387134241973,30,22.20577350111029,43.58064516129032,50.0,0.6289455828866365,1.1944357238565733,0.3333333333333333,75.0,75.0,105.0,7.5,29.833333333333332,2.9833333333333334,4
7,50,0.99,0.5,0.95,0.5,15,kf_sa_seed_0015.npz,50,651,700,0.7204301075268817,0.22119815668202766,0.05837173579109063,0.44571428571428573,0.41714285714285715,0.13714285714285715,0.6772760917838638,0.6174863387978142,0.3825136612021858,0.42878648233486943,0.6349155145929339,0.6522472925057682,0.13043863281906623,0.2956045134860997,0.16516588066703344,24,17.764618800888233,54.04,50.0,0.6289455828866365,1.1944357238565733,0.3333333333333333,74.5,74.5,104.0,7.45,29.166666666666668,2.916666666666667,4
7,50,0.995,0.5,0.95,0.5,15,kf_sa_seed_0015.npz,50,651,700,0.6774193548387096,0.26574500768049153,0.05683563748079877,0.4342857142857143,0.42857142857142855,0.13714285714285715,0.6498889711324944,0.6116173120728929,0.38838268792710706,0.4072811059907834,0.6213934606100505,0.6389877809106698,0.12953805098551885,0.2981427611022337,0.16860471011671485,34,25.166543301258326,38.6,50.0,0.6289455828866365,1.1944357238565733,0.3333333333333333,75.5,75.5,106.0,7.550000000000001,31.833333333333332,3.1833333333333336,4
7,70,0.95,0.5,0.95,0.5,15,kf_sa_seed_0015.npz,70,631,700,0.705229793977813,0.22820919175911253,0.06656101426307448,0.49142857142857144,0.39714285714285713,0.11142857142857143,0.6829451540195342,0.5753575357535754,0.4246424642464246,0.40832918270319224,0.6079261942494906,0.6230048231957308,0.14507203488729603,0.26693997268386227,0.12186793779656624,28,21.036814425244177,45.89655172413793,70.0,0.6310123709433935,1.1944357238565733,0.3333333333333333,87.5,87.5,120.0,8.75,30.166666666666668,3.016666666666667,4
7,70,0.98,0.5,0.95,0.5,15,kf_sa_seed_0015.npz,70,631,700,0.722662440570523,0.20443740095087162,0.07290015847860538,0.53,0.36142857142857143,0.10857142857142857,0.7129977460555973,0.5605900948366702,0.4394099051633298,0.41561693457097576,0.5776545166402536,0.6000193013639611,0.1412832193368582,0.2505471154237348,0.10926389608687662,22,16.52892561983471,57.869565217391305,70.0,0.6310123709433935,1.1944357238565733,0.3333333333333333,87.0,87.0,119.0,8.700000000000001,29.0,2.9000000000000004,4
7,70,0.99,0.5,0.95,0.5,15,kf_sa_seed_0015.npz,70,631,700,0.7337559429477021,0.19334389857369255,0.07290015847860538,0.5642857142857143,0.33,0.10571428571428572,0.734785875281743,0.549079754601227,0.45092024539877296,0.4197351143309939,0.5546864387593389,0.5927013685620898,0.13580872799845486,0.2424554211028303,0.10664669310437544,16,12.021036814425244,78.29411764705883,70.0,0.6310123709433935,1.1944357238565733,0.3333333333333333,87.5,87.5,120.0,8.75,28.0,2.8000000000000003,4
7,70,0.995,0.5,0.95,0.5,15,kf_sa_seed_0015.npz,70,631,700,0.7290015847860539,0.19334389857369255,0.07765451664025357,0.55,0.3457142857142857,0.10428571428571429,0.7265214124718257,0.5511892450879007,0.4488107549120993,0.4166436495358841,0.5422277563957437,0.5819940035466531,0.13799331188945316,0.23962399915924817,0.10163068726979502,26,19.53418482344102,49.2962962962963,70.0,0.6310123709433935,1.1944357238565733,0.3333333333333333,88.0,88.0,119.0,8.8,28.166666666666668,2.816666666666667,4
10,50,0.95,0.5,0.95,0.5,15,kf_sa_seed_0015.npz,50,651,700,0.2857142857142857,0.6697388632872504,0.0445468509984639,0.19857142857142857,0.7,0.10142857142857142,0.3145817912657291,0.6047058823529412,0.3952941176470588,0.19357142857142856,0.6578977397410577,0.6713164158799925,0.17312061303832624,0.3293723645137454,0.15625175147541917,58,42.93116210214656,22.89830508474576,54.0,0.6289455828866365,1.1944357238565733,0.3333333333333333,83.5,83.5,113.0,8.35,31.25,3.125,4
10,50,0.98,0.5,0.95,0.5,15,kf_sa_seed_0015.npz,50,651,700,0.5176651305683564,0.434715821812596,0.047619047619047616,0.34,0.5814285714285714,0.07857142857142857,0.48926720947446334,0.5930408472012103,0.4069591527987897,0.29811827956989245,0.6344985736229976,0.6402490206642961,0.15787390893481035,0.2819132200475019,0.12403931111269156,39,28.867505551443376,33.775,54.0,0.6289455828866365,1.1944357238565733,0.3333333333333333,90.5,90.5,120.0,9.05,38.8,3.88,4
10,50,0.99,0.5,0.95,0.5,15,kf_sa_seed_0015.npz,50,651,700,0.5867895545314901,0.37019969278033793,0.043010752688172046,0.42428571428571427,0.5342857142857143,0.041428571428571426,0.5447816432272391,0.5584239130434783,0.44157608695652173,0.3141090629800307,0.6052007899934168,0.5988324301507663,0.14454450492640272,0.232582505289355,0.08803800036295228,25,18.50481125092524,51.96153846153846,54.0,0.6289455828866365,1.1944357238565733,0.16666666666666666,71.0,71.0,71.0,7.1000000000000005,32.2,3.2200000000000006,5
10,50,0.995,0.5,0.95,0.5,15,kf_sa_seed_0015.npz,50,651,700,0.6466973886328725,0.31490015360983103,0.03840245775729647,0.5228571428571429,0.45285714285714285,0.024285714285714285,0.613619541080681,0.5283474065138721,0.47165259348612787,0.3354915514592934,0.5662980030721966,0.5624272161898834,0.12864471040631625,0.1726456078583878,0.04400089745207156,29,21.46558105107328,45.03333333333333,54.0,0.6289455828866365,1.1944357238565733,0.16666666666666666,83.0,83.0,83.0,8.3,24.6,2.4600000000000004,5
10,70,0.95,0.5,0.95,0.5,15,kf_sa_seed_0015.npz,70,631,700,0.5736925515055468,0.3676703645007924,0.058637083993660855,0.42428571428571427,0.5342857142857143,0.041428571428571426,0.5447032306536439,0.5393103448275862,0.4606896551724138,0.3075605614670591,0.6003554448720851,0.5955531428225419,0.16114387509438596,0.24618583528820012,0.08504196019381416,16,12.021036814425244,78.29411764705883,70.0,0.6310123709433935,1.1944357238565733,0.16666666666666666,71.0,71.0,71.0,7.1000000000000005,43.666666666666664,4.366666666666666,5
10,70,0.98,0.5,0.95,0.5,15,kf_sa_seed_0015.npz,70,631,700,0.6006339144215531,0.34231378763866877,0.05705229793977813,0.4742857142857143,0.4942857142857143,0.03142857142857143,0.5777610818933133,0.5214564369310793,0.47854356306892065,0.3160312429250623,0.5746162553769527,0.5700574714091733,0.15325358151793328,0.20835010327486864,0.05509652175693536,18,13.5236664162284,70.05263157894737,70.0,0.6310123709433935,1.1944357238565733,0.16666666666666666,78.0,78.0,78.0,7.800000000000001,31.0,3.1,5
10,70,0.99,0.5,0.95,0.5,15,kf_sa_seed_0015.npz,70,631,700,0.6354992076069731,0.3058637083993661,0.058637083993660855,0.5614285714285714,0.4142857142857143,0.024285714285714285,0.637114951164538,0.49292452830188677,0.5070754716981132,0.32989246094634367,0.5426941362916007,0.5463613439322155,0.1436989297595847,0.16845928175284364,0.024760351993258933,16,12.021036814425244,78.29411764705883,70.0,0.6310123709433935,1.1944357238565733,0.16666666666666666,83.0,83.0,83.0,8.3,26.0,2.6,5
10,70,0.995,0.5,0.95,0.5,15,kf_sa_seed_0015.npz,70,631,700,0.6703645007923931,0.2820919175911252,0.04754358161648178,0.6442857142857142,0.3442857142857143,0.011428571428571429,0.6851990984222389,0.4725877192982456,0.5274122807017544,0.34089653611048226,0.5023341634593615,0.5199830074505507,0.1298096265288189,0.12036910749074395,-0.00944051903807494,20,15.026296018031555,63.38095238095238,70.0,0.6310123709433935,1.1944357238565733,0.16666666666666666,92.0,92.0,92.0,9.200000000000001,22.2,2.22,5
5,25,0.95,0.5,0.95,0.5,16,kf_sa_seed_0016.npz,25,676,700,0.6301775147928994,0.33579881656804733,0.034023668639053255,0.18142857142857144,0.7185714285714285,0.1,0.4694767441860465,0.7678018575851393,0.2321981424148607,0.3650887573964497,0.8082882502113271,0.7975557619705815,0.09525458945727448,0.38265637905136324,0.28740178959408874,74,53.77906976744186,18.346666666666668,25.0,0.5498644425416285,0.9628171013595602,0.16666666666666666,30.0,30.0,30.0,3.0,21.666666666666668,2.166666666666667,5
5,25,0.98,0.5,0.95,0.5,16,kf_sa_seed_0016.npz,25,676,700,0.7928994082840237,0.17159763313609466,0.03550295857988166,0.2885714285714286,0.6185714285714285,0.09285714285714286,0.6010174418604651,0.7267230955259976,0.27327690447400244,0.4428782755705833,0.7922548605240913,0.7811202031382612,0.08029730404462054,0.34556100515664145,0.2652637011120209,42,30.523255813953487,32.0,25.0,0.5498644425416285,0.9628171013595602,0.16666666666666666,35.0,35.0,35.0,3.5,18.5,1.85,5
5,25,0.99,0.5,0.95,0.5,16,kf_sa_seed_0016.npz,25,676,700,0.863905325443787,0.09615384615384616,0.03994082840236687,0.33714285714285713,0.5642857142857143,0.09857142857142857,0.6656976744186046,0.712882096069869,0.28711790393013104,0.48123837700760774,0.777292899408284,0.7712486701268441,0.06908744802778065,0.32667634347086427,0.2575888954430836,24,17.441860465116278,55.04,25.0,0.5498644425416285,0.9628171013595602,0.16666666666666666,31.0,31.0,31.0,3.1,15.0,1.5,5
5,25,0.995,0.5,0.95,0.5,16,kf_sa_seed_0016.npz,25,676,700,0.8106508875739645,0.15236686390532544,0.03698224852071006,0.3628571428571429,0.54,0.09714285714285714,0.6504360465116279,0.6882681564245811,0.31173184357541894,0.4538968723584108,0.7429564666103128,0.745065197633183,0.07781869455027172,0.3436958637937636,0.26587716924349186,38,27.61627906976744,35.282051282051285,25.0,0.5498644425416285,0.9628171013595602,0.16666666666666666,32.0,32.0,32.0,3.2,18.166666666666668,1.8166666666666669,5
5,35,0.95,0.5,0.95,0.5,16,kf_sa_seed_0016.npz,35,666,700,0.8318318318318318,0.12612612612612611,0.042042042042042045,0.32571428571428573,0.5871428571428572,0.08714285714285715,0.637628111273792,0.7060849598163031,0.29391504018369685,0.4594873444873445,0.7742599742599743,0.7608440538913135,0.08059418596851438,0.3321062542619868,0.25151206829347245,36,26.35431918008785,36.91891891891892,35.0,0.5533862403266041,0.9628171013595602,0.16666666666666666,39.0,39.0,39.0,3.9000000000000004,15.5,1.55,5
5,35,0.98,0.5,0.95,0.5,16,kf_sa_seed_0016.npz,35,666,700,0.8603603603603603,0.0945945945945946,0.04504504504504504,0.3657142857142857,0.5471428571428572,0.08714285714285715,0.6734992679355783,0.6891304347826087,0.3108695652173913,0.47375160875160877,0.7538202488202488,0.7457038539000502,0.0786749437570085,0.3035199929763599,0.2248450492193514,22,16.105417276720353,59.391304347826086,35.0,0.5533862403266041,0.9628171013595602,0.16666666666666666,39.0,39.0,39.0,3.9000000000000004,15.333333333333334,1.5333333333333334,5
5,35,0.99,0.5,0.95,0.5,16,kf_sa_seed_0016.npz,35,666,700,0.8543543543543544,0.1006006006006006,0.04504504504504504,0.4142857142857143,0.4928571428571429,0.09285714285714286,0.698389458272328,0.6645702306079665,0.3354297693920335,0.4736057486057486,0.7276018876018876,0.7335765527565098,0.07397499967233051,0.3079029612054347,0.2339279615331042,24,17.569546120058565,54.64,35.0,0.5533862403266041,0.9628171013595602,0.16666666666666666,35.0,35.0,35.0,3.5,16.666666666666668,1.666666666666667,5
5,35,0.995,0.5,0.95,0.5,16,kf_sa_seed_0016.npz,35,666,700,0.8498498498498499,0.1021021021021021,0.04804804804804805,0.42,0.49,0.09,0.6991215226939971,0.6586387434554973,0.34136125654450267,0.46992492492492494,0.7022501072501073,0.7203728250232453,0.07463872715157291,0.30262801447572113,0.22798928732414822,34,24.890190336749633,39.02857142857143,35.0,0.5533862403266041,0.9628171013595602,0.16666666666666666,37.0,37.0,37.0,3.7,16.5,1.6500000000000001,5
5,50,0.95,0.5,0.95,0.5,16,kf_sa_seed_0016.npz,50,651,700,0.8387096774193549,0.10752688172043011,0.053763440860215055,0.45285714285714285,0.4742857142857143,0.07285714285714286,0.7024426350851222,0.6290832455216017,0.37091675447839834,0.45578341013824886,0.7181325433399166,0.6959244932584027,0.08605885648321732,0.259601315549824,0.1735424590666067,18,13.323464100666174,71.10526315789474,50.0,0.5566870993935149,0.9628171013595602,0.16666666666666666,49.0,49.0,49.0,4.9,17.833333333333332,1.7833333333333332,5
5,50,0.98,0.5,0.95,0.5,16,kf_sa_seed_0016.npz,50,651,700,0.8325652841781874,0.11367127496159754,0.053763440860215055,0.4957142857142857,0.4328571428571429,0.07142857142857142,0.7209474463360473,0.6078028747433265,0.3921971252566735,0.4519969278033794,0.6934013605442176,0.6743440402241293,0.08912322418724165,0.24413573189044865,0.15501250770320701,18,13.323464100666174,71.10526315789474,50.0,0.5566870993935149,0.9628171013595602,0.16666666666666666,50.0,50.0,50.0,5.0,18.333333333333332,1.8333333333333333,5
5,50,0.99,0.5,0.95,0.5,16,kf_sa_seed_0016.npz,50,651,700,0.8356374807987711,0.10906298003072197,0.055299539170506916,0.5685714285714286,0.36,0.07142857142857142,0.7609178386380459,0.5778210116731517,0.4221789883268483,0.45353302611367124,0.6592868114987931,0.657739736278773,0.08924463094057776,0.24459538848142254,0.15535075754084476,26,19.24500370096225,50.03703703703704,50.0,0.5566870993935149,0.9628171013595602,0.16666666666666666,50.0,50.0,50.0,5.0,18.0,1.8,5
5,50,0.995,0.5,0.95,0.5,16,kf_sa_seed_0016.npz,50,651,700,0.8387096774193549,0.10291858678955453,0.05837173579109063,0.5771428571428572,0.3514285714285714,0.07142857142857142,0.768319763138416,0.5741811175337187,0.4258188824662813,0.45506912442396313,0.635468509984639,0.6567796673325779,0.0911260228899515,0.25060534306216004,0.15947932017220853,12,8.882309400444116,103.92307692307692,50.0,0.5566870993935149,0.9628171013595602,0.16666666666666666,50.0,50.0,50.0,5.0,17.5,1.75,5
5,70,0.95,0.5,0.95,0.5,16,kf_sa_seed_0016.npz,70,631,700,0.8066561014263075,0.12995245641838352,0.06339144215530904,0.6328571428571429,0.3142857142857143,0.05285714285714286,0.7731029301277235,0.5306122448979592,0.4693877551020408,0.42975662214172516,0.6212700928231831,0.6089117357212883,0.10567560480830396,0.1725147702607299,0.06683916545242594,26,19.53418482344102,49.2962962962963,70.0,0.5543938205819148,0.9628171013595602,0.16666666666666666,63.0,63.0,63.0,6.300000000000001,20.5,2.0500000000000003,5
5,70,0.98,0.5,0.95,0.5,16,kf_sa_seed_0016.npz,70,631,700,0.8066561014263075,0.12836767036450078,0.06497622820919176,0.7,0.25,0.05,0.8076634109691961,0.5060465116279069,0.4939534883720931,0.4283280507131538,0.5904867557165497,0.585730323938361,0.11035586671616332,0.16087949829072626,0.05052363157456294,18,13.5236664162284,70.05263157894737,70.0,0.5543938205819148,0.9628171013595602,0.16666666666666666,65.0,65.0,65.0,6.5,20.333333333333332,2.033333333333333,5
5,70,0.99,0.5,0.95,0.5,16,kf_sa_seed_0016.npz,70,631,700,0.8145800316957211,0.12044374009508717,0.06497622820919176,0.7214285714285714,0.22714285714285715,0.05142857142857143,0.8234410217881293,0.5018248175182481,0.49817518248175185,0.43300430156214625,0.5578333710663346,0.5681206494530541,0.11504877529885335,0.1675827637863583,0.05253398848750496,14,10.518407212622089,88.73333333333333,70.0,0.5543938205819148,0.9628171013595602,0.16666666666666666,64.0,64.0,64.0,6.4,19.5,1.9500000000000002,5
5,70,0.995,0.5,0.95,0.5,16,kf_sa_seed_0016.npz,70,631,700,0.7908082408874801,0.1410459587955626,0.06814580031695722,0.7185714285714285,0.22857142857142856,0.05285714285714286,0.8129226145755072,0.4953789279112754,0.5046210720887245,0.4218326918723115,0.5167330767489247,0.5525340678846777,0.1163706437558989,0.16656474956300116,0.05019410580710226,18,13.5236664162284,70.05263157894737,70.0,0.5543938205819148,0.9628171013595602,0.16666666666666666,63.0,63.0,63.0,6.300000000000001,22.333333333333332,2.2333333333333334,5
7,35,0.95,0.5,0.95,0.5,16,kf_sa_seed_0016.npz,35,666,700,0.5720720720720721,0.3948948948948949,0.03303303303303303,0.2042857142857143,0.7085714285714285,0.08714285714285715,0.4443631039531479,0.728171334431631,0.27182866556836904,0.32960746460746465,0.7647897897897898,0.7691090268496117,0.11035347349181457,0.37101292401966557,0.260659450527851,68,49.780380673499266,19.797101449275363,35.0,0.5533862403266041,0.9628171013595602,0.16666666666666666,39.0,39.0,39.0,3.9000000000000004,28.666666666666668,2.866666666666667,5
7,35,0.98,0.5,0.95,0.5,16,kf_sa_seed_0016.npz,35,666,700,0.6696696696696697,0.29429429429429427,0.036036036036036036,0.28,0.6328571428571429,0.08714285714285715,0.5322108345534406,0.6973865199449794,0.30261348005502064,0.37840626340626343,0.7494551694551694,0.7541144601295426,0.09813817670393545,0.34318082672591466,0.24504265002197922,38,27.81844802342606,35.02564102564103,35.0,0.5533862403266041,0.9628171013595602,0.16666666666666666,39.0,39.0,39.0,3.9000000000000004,26.166666666666668,2.616666666666667,5
7,35,0.99,0.5,0.95,0.5,16,kf_sa_seed_0016.npz,35,666,700,0.7147147147147147,0.24324324324324326,0.042042042042042045,0.3628571428571429,0.55,0.08714285714285715,0.5995607613469985,0.6556776556776557,0.3443223443223443,0.40092878592878595,0.725002145002145,0.7332742743260912,0.09385850681642496,0.3204422205217136,0.22658371370528865,34,24.890190336749633,39.02857142857143,35.0,0.5533862403266041,0.9628171013595602,0.16666666666666666,39.0,39.0,39.0,3.9000000000000004,25.833333333333332,2.5833333333333335,5
7,35,0.995,0.5,0.95,0.5,16,kf_sa_seed_0016.npz,35,666,700,0.7117117117117117,0.24774774774774774,0.04054054054054054,0.35714285714285715,0.5542857142857143,0.08857142857142856,0.5951683748169839,0.6592865928659286,0.3407134071340714,0.4001415701415701,0.6844358644358645,0.7143926756889966,0.0944426741413711,0.31582875720467923,0.22138608306330815,26,19.03367496339678,50.592592592592595,35.0,0.5533862403266041,0.9628171013595602,0.16666666666666666,39.0,39.0,39.0,3.9000000000000004,27.5,2.75,5
7,50,0.95,0.5,0.95,0.5,16,kf_sa_seed_0016.npz,50,651,700,0.7818740399385561,0.17665130568356374,0.041474654377880185,0.36857142857142855,0.5614285714285714,0.07,0.6239822353811991,0.6619217081850534,0.33807829181494664,0.425937019969278,0.7344042132982225,0.7129362005646714,0.09377883565475649,0.29004987432532375,0.19627103867056728,26,19.24500370096225,50.03703703703704,50.0,0.5566870993935149,0.9628171013595602,0.16666666666666666,51.0,51.0,51.0,5.1000000000000005,22.0,2.2,5
7,50,0.98,0.5,0.95,0.5,16,kf_sa_seed_0016.npz,50,651,700,0.804915514592934,0.15207373271889402,0.043010752688172046,0.4142857142857143,0.5157142857142857,0.07,0.6595114729829755,0.6430976430976431,0.35690235690235694,0.43745775729646696,0.7121790651744568,0.6960717521668541,0.09236549657480614,0.2654500858659293,0.17308458929112314,20,14.803849000740193,64.33333333333333,50.0,0.5566870993935149,0.9628171013595602,0.16666666666666666,51.0,51.0,51.0,5.1000000000000005,21.5,2.15,5
7,50,0.99,0.5,0.95,0.5,16,kf_sa_seed_0016.npz,50,651,700,0.7972350230414746,0.15207373271889402,0.05069124423963134,0.43714285714285717,0.49142857142857144,0.07142857142857142,0.6720947446336047,0.6266519823788547,0.37334801762114533,0.434331797235023,0.6762036427474215,0.6771043317774221,0.09353144944714589,0.2430386749578332,0.14950722551068732,24,17.764618800888233,54.04,50.0,0.5566870993935149,0.9628171013595602,0.16666666666666666,50.0,50.0,50.0,5.0,21.666666666666668,2.166666666666667,5
7,50,0.995,0.5,0.95,0.5,16,kf_sa_seed_0016.npz,50,651,700,0.7711213517665131,0.17511520737327188,0.053763440860215055,0.43857142857142856,0.49142857142857144,0.07,0.6609918578830496,0.6170212765957447,0.3829787234042553,0.4205606758832565,0.6463177529076146,0.6654001447951756,0.09599762028293331,0.24739812736806563,0.1514005070851323,22,16.28423390081421,58.73913043478261,50.0,0.5566870993935149,0.9628171013595602,0.16666666666666666,51.0,51.0,51.0,5.1000000000000005,23.333333333333332,2.3333333333333335,5
7,70,0.95,0.5,0.95,0.5,16,kf_sa_seed_0016.npz,70,631,700,0.7717908082408875,0.16957210776545167,0.058637083993660855,0.5028571428571429,0.44857142857142857,0.04857142857142857,0.6836964688204358,0.5725274725274725,0.4274725274725275,0.41018111840615806,0.6571745528639348,0.6330984645970268,0.10723053665943968,0.19226826593018334,0.08503772927074366,20,15.026296018031555,63.38095238095238,70.0,0.5543938205819148,0.9628171013595602,0.16666666666666666,66.0,66.0,66.0,6.6000000000000005,24.0,2.4000000000000004,5
7,70,0.98,0.5,0.95,0.5,16,kf_sa_seed_0016.npz,70,631,700,0.768621236133122,0.17115689381933438,0.060221870047543584,0.5514285714285714,0.3985714285714286,0.05,0.7092411720510894,0.5508474576271186,0.4491525423728814,0.40931061806656105,0.6255580710889744,0.6110300689906779,0.11013449816780861,0.18021527552728925,0.07008077735948064,16,12.021036814425244,78.29411764705883,70.0,0.5543938205819148,0.9628171013595602,0.16666666666666666,65.0,65.0,65.0,6.5,24.333333333333332,2.4333333333333336,5
7,70,0.99,0.5,0.95,0.5,16,kf_sa_seed_0016.npz,70,631,700,0.7765451664025357,0.16323296354992076,0.060221870047543584,0.6042857142857143,0.3457142857142857,0.05,0.7407963936889557,0.5324543610547667,0.46754563894523327,0.41327258320126786,0.5769821145573919,0.586447305118294,0.11139125690547563,0.17309115385384605,0.061699896948370414,20,15.026296018031555,63.38095238095238,70.0,0.5543938205819148,0.9628171013595602,0.16666666666666666,65.0,65.0,65.0,6.5,23.666666666666668,2.3666666666666667,5
7,70,0.995,0.5,0.95,0.5,16,kf_sa_seed_0016.npz,70,631,700,0.7797147385103012,0.15847860538827258,0.061806656101426306,0.6128571428571429,0.3385714285714286,0.04857142857142857,0.7468069120961683,0.5291750503018109,0.4708249496981891,0.4141430835408649,0.5526805524111388,0.5802856066830058,0.11072319387648899,0.16962319411486057,0.05890000023837158,28,21.036814425244177,45.89655172413793,70.0,0.5543938205819148,0.9628171013595602,0.16666666666666666,66.0,66.0,66.0,6.6000000000000005,23.666666666666668,2.3666666666666667,5
10,50,0.95,0.5,0.95,0.5,16,kf_sa_seed_0016.npz,50,651,700,0.5161290322580645,0.45161290322580644,0.03225806451612903,0.26857142857142857,0.68,0.05142857142857143,0.43005181347150256,0.6402753872633391,0.3597246127366609,0.28377880184331794,0.7010138248847926,0.6797981174683921,0.12732300290960932,0.2724651647389886,0.14514216182937925,34,25.166543301258326,38.6,50.0,0.5566870993935149,0.9628171013595602,0.16666666666666666,64.0,64.0,64.0,6.4,49.5,4.95,5
10,50,0.98,0.5,0.95,0.5,16,kf_sa_seed_0016.npz,50,651,700,0.6067588325652842,0.36098310291858676,0.03225806451612903,0.36428571428571427,0.5928571428571429,0.04285714285714286,0.5188749074759438,0.6062767475035663,0.3937232524964337,0.3248079877112135,0.6692846170726355,0.646876127643687,0.11738885402834945,0.21791406818528547,0.10052521415693602,26,19.24500370096225,50.03703703703704,50.0,0.5566870993935149,0.9628171013595602,0.16666666666666666,70.0,70.0,70.0,7.0,42.0,4.2,5
10,50,0.99,0.5,0.95,0.5,16,kf_sa_seed_0016.npz,50,651,700,0.685099846390169,0.2887864823348694,0.026113671274961597,0.43857142857142856,0.5457142857142857,0.015714285714285715,0.5780903034789046,0.5851472471190781,0.41485275288092194,0.3504070660522273,0.6268224709238535,0.6089623232449453,0.10814239866568075,0.16381854206169508,0.05567614339601433,22,16.28423390081421,58.73913043478261,50.0,0.5566870993935149,0.9628171013595602,0.16666666666666666,89.0,89.0,89.0,8.9,34.333333333333336,3.4333333333333336,5
10,50,0.995,0.5,0.95,0.5,16,kf_sa_seed_0016.npz,50,651,700,0.7526881720430108,0.24731182795698925,0.0,0.5785714285714286,0.42142857142857143,0.0,0.6624722427831237,0.547486033519553,0.45251396648044695,0.3763440860215054,0.581983761246434,0.5679743912281127,0.09283425410166096,0.10565601733135574,0.012821763229694777,20,14.803849000740193,64.33333333333333,50.0,0.5566870993935149,0.9628171013595602,0.0,,,,,26.833333333333332,2.6833333333333336,6
10,70,0.95,0.5,0.95,0.5,16,kf_sa_seed_0016.npz,70,631,700,0.6307448494453248,0.329635499207607,0.039619651347068144,0.4614285714285714,0.5042857142857143,0.03428571428571429,0.5785123966942148,0.548051948051948,0.451948051948052,0.33251528186551954,0.6190513923477473,0.6001396376512803,0.12632388617930548,0.17908016030681645,0.052756274127510966,20,15.026296018031555,63.38095238095238,70.0,0.5543938205819148,0.9628171013595602,0.16666666666666666,76.0,76.0,76.0,7.6000000000000005,38.833333333333336,3.8833333333333337,5
10,70,0.98,0.5,0.95,0.5,16,kf_sa_seed_0016.npz,70,631,700,0.6608557844690967,0.3058637083993661,0.03328050713153724,0.5242857142857142,0.4614285714285714,0.014285714285714285,0.6123215627347859,0.5239263803680981,0.47607361963190187,0.33757074937740544,0.5763142404346842,0.5645869131726854,0.12139299934421176,0.13809230914074438,0.016699309796532627,30,22.53944402704733,42.935483870967744,70.0,0.5543938205819148,0.9628171013595602,0.16666666666666666,90.0,90.0,90.0,9.0,35.5,3.5500000000000003,5
10,70,0.99,0.5,0.95,0.5,16,kf_sa_seed_0016.npz,70,631,700,0.7036450079239303,0.2884310618066561,0.00792393026941363,0.63,0.37,0.0,0.6686701728024043,0.49887640449438203,0.5011235955056179,0.3518225039619651,0.5384921892687344,0.5345173278109244,0.11109236848397734,0.09985759196541194,-0.0112347765185654,24,18.031555221637866,53.24,70.0,0.5543938205819148,0.9628171013595602,0.0,,,,,31.666666666666668,3.166666666666667,6
10,70,0.995,0.5,0.95,0.5,16,kf_sa_seed_0016.npz,70,631,700,0.768621236133122,0.23137876386687797,0.0,0.78,0.22,0.0,0.7746055597295267,0.47041707080504364,0.5295829291949563,0.384310618066561,0.5040706361784016,0.5075005081861413,0.0923136123455666,0.06109162449504116,-0.03122198785052545,12,9.015777610818933,102.38461538461539,70.0,0.5543938205819148,0.9628171013595602,0.0,,,,,24.666666666666668,2.466666666666667,6
5,25,0.95,0.5,0.95,0.5,17,kf_sa_seed_0017.npz,25,676,700,0.591715976331361,0.40828402366863903,0.0,0.1657142857142857,0.8342857142857143,0.0,0.375,0.7751937984496124,0.22480620155038755,0.2958579881656805,0.8254120879120879,0.8566015725267783,0.07724978166309708,0.34411306833073046,0.26686328666763337,82,59.593023255813954,16.57831325301205,25.0,0.5135980972857355,0.8476074049028413,0.0,,,,,31.833333333333332,3.1833333333333336,6
5,25,0.98,0.5,0.95,0.5,17,kf_sa_seed_0017.npz,25,676,700,0.727810650887574,0.27218934911242604,0.0,0.2757142857142857,0.7242857142857143,0.0,0.49781976744186046,0.7182481751824817,0.28175182481751826,0.363905325443787,0.8141208791208792,0.8419696395738424,0.057847237994046986,0.2990820788939495,0.24123484089990252,46,33.43023255813954,29.27659574468085,25.0,0.5135980972857355,0.8476074049028413,0.0,,,,,27.333333333333332,2.7333333333333334,6
5,25,0.99,0.5,0.95,0.5,17,kf_sa_seed_0017.npz,25,676,700,0.7840236686390533,0.21597633136094674,0.0,0.32,0.68,0.0,0.5479651162790697,0.7029177718832891,0.2970822281167109,0.39201183431952663,0.7891821639898563,0.8260478782452122,0.053661079083706445,0.2931848442927561,0.23952376520904967,26,18.8953488372093,50.96296296296296,25.0,0.5135980972857355,0.8476074049028413,0.0,,,,,23.333333333333332,2.3333333333333335,6
5,25,0.995,0.5,0.95,0.5,17,kf_sa_seed_0017.npz,25,676,700,0.7707100591715976,0.22928994082840237,0.0,0.3271428571428571,0.6728571428571428,0.0,0.5450581395348837,0.6946666666666667,0.30533333333333335,0.3853550295857988,0.7688588334742181,0.809723883663136,0.05318623440922245,0.27242083221534374,0.21923459780612128,26,18.8953488372093,50.96296296296296,25.0,0.5135980972857355,0.8476074049028413,0.0,,,,,21.0,2.1,6
5,35,0.95,0.5,0.95,0.5,17,kf_sa_seed_0017.npz,35,666,700,0.7582582582582582,0.24174174174174173,0.0,0.2985714285714286,0.7014285714285714,0.0,0.5226939970717424,0.7072829131652661,0.29271708683473385,0.3791291291291291,0.800023595023595,0.823709211104392,0.05731932238128932,0.2775702648081483,0.22025094242685897,40,29.282576866764277,33.31707317073171,35.0,0.509073725803243,0.8476074049028413,0.0,,,,,24.333333333333332,2.4333333333333336,6
5,35,0.98,0.5,0.95,0.5,17,kf_sa_seed_0017.npz,35,666,700,0.7987987987987988,0.2012012012012012,0.0,0.35285714285714287,0.6471428571428571,0.0,0.5702781844802343,0.6829268292682927,0.31707317073170727,0.3993993993993994,0.7737816387816387,0.794998682477692,0.0534517066191129,0.24110764893161868,0.18765594231250576,40,29.282576866764277,33.31707317073171,35.0,0.509073725803243,0.8476074049028413,0.0,,,,,23.166666666666668,2.316666666666667,6
5,35,0.99,0.5,0.95,0.5,17,kf_sa_seed_0017.npz,35,666,700,0.8108108108108109,0.1891891891891892,0.0,0.39571428571428574,0.6042857142857143,0.0,0.5980966325036603,0.6609547123623011,0.3390452876376989,0.40540540540540543,0.7599592449592449,0.7925975099860926,0.04788744412081036,0.2341723624801604,0.18628491835935004,38,27.81844802342606,35.02564102564103,35.0,0.509073725803243,0.8476074049028413,0.0,,,,,19.166666666666668,1.916666666666667,6
5,35,0.995,0.5,0.95,0.5,17,kf_sa_seed_0017.npz,35,666,700,0.8093093093093093,0.1906906906906907,0.0,0.39285714285714285,0.6071428571428571,0.0,0.595900439238653,0.6621621621621622,0.33783783783783783,0.40465465465465467,0.7201630201630201,0.7677851125535532,0.04703532970171288,0.20751003646610594,0.16047470676439307,30,21.961932650073205,44.064516129032256,35.0,0.509073725803243,0.8476074049028413,0.0,,,,,20.666666666666668,2.066666666666667,6
5,50,0.95,0.5,0.95,0.5,17,kf_sa_seed_0017.npz,50,651,700,0.8018433179723502,0.19815668202764977,0.0,0.43714285714285717,0.5628571428571428,0.0,0.612879348630644,0.6304347826086957,0.3695652173913043,0.4009216589861751,0.7374259381171824,0.7600677615927698,0.04903403659501758,0.19226333669507037,0.1432293001000528,32,23.686158401184308,40.93939393939394,50.0,0.5078728463878107,0.8476074049028413,0.0,,,,,22.5,2.25,6
5,50,0.98,0.5,0.95,0.5,17,kf_sa_seed_0017.npz,50,651,700,0.8033794162826421,0.1966205837173579,0.0,0.5285714285714286,0.4714285714285714,0.0,0.6609918578830496,0.5856662933930571,0.4143337066069429,0.40168970814132104,0.7104344963791969,0.7306336177279745,0.04650901410986401,0.16081267500082944,0.11430366089096543,22,16.28423390081421,58.73913043478261,50.0,0.5078728463878107,0.8476074049028413,0.0,,,,,22.0,2.2,6
5,50,0.99,0.5,0.95,0.5,17,kf_sa_seed_0017.npz,50,651,700,0.7987711213517665,0.2012288786482335,0.0,0.5428571428571428,0.45714285714285713,0.0,0.6661732050333087,0.5777777777777777,0.4222222222222223,0.39938556067588327,0.6849374588545095,0.7115224023266878,0.04478787375214268,0.1484425779260904,0.1036547041739477,26,19.24500370096225,50.03703703703704,50.0,0.5078728463878107,0.8476074049028413,0.0,,,,,21.833333333333332,2.183333333333333,6
5,50,0.995,0.5,0.95,0.5,17,kf_sa_seed_0017.npz,50,651,700,0.8095238095238095,0.19047619047619047,0.0,0.5757142857142857,0.42428571428571427,0.0,0.688378978534419,0.5666666666666667,0.43333333333333335,0.40476190476190477,0.6509809084924292,0.6966745181815714,0.045563975071223055,0.1449047539008648,0.09934077882964173,30,22.20577350111029,43.58064516129032,50.0,0.5078728463878107,0.8476074049028413,0.0,,,,,20.666666666666668,2.066666666666667,6
5,70,0.95,0.5,0.95,0.5,17,kf_sa_seed_0017.npz,70,631,700,0.8399366085578447,0.1600633914421553,0.0,0.6442857142857142,0.3557142857142857,0.0,0.7370398196844478,0.5402650356778798,0.45973496432212024,0.41996830427892234,0.634036676477247,0.6597546502234106,0.045953317799353584,0.10886096492514684,0.06290764712579325,22,16.52892561983471,57.869565217391305,70.0,0.5012335325800559,0.8476074049028413,0.0,,,,,16.666666666666668,1.666666666666667,6
5,70,0.98,0.5,0.95,0.5,17,kf_sa_seed_0017.npz,70,631,700,0.8415213946117274,0.15847860538827258,0.0,0.7,0.3,0.0,0.7670924117205109,0.5200783545543585,0.47992164544564153,0.4207606973058637,0.5981367443966493,0.6281489384889617,0.04487945141211509,0.09014987679497653,0.04527042538286144,18,13.5236664162284,70.05263157894737,70.0,0.5012335325800559,0.8476074049028413,0.0,,,,,16.666666666666668,1.666666666666667,6
5,70,0.99,0.5,0.95,0.5,17,kf_sa_seed_0017.npz,70,631,700,0.838351822503962,0.16164817749603805,0.0,0.7228571428571429,0.27714285714285714,0.0,0.777610818933133,0.5111111111111111,0.48888888888888893,0.419175911251981,0.5682137197192665,0.6120873354578567,0.04417402156975062,0.08704104244540069,0.042867020875650065,20,15.026296018031555,63.38095238095238,70.0,0.5012335325800559,0.8476074049028413,0.0,,,,,17.0,1.7000000000000002,6
5,70,0.995,0.5,0.95,0.5,17,kf_sa_seed_0017.npz,70,631,700,0.8367670364500792,0.16323296354992076,0.0,0.7628571428571429,0.23714285714285716,0.0,0.7978963185574756,0.4971751412429379,0.5028248587570621,0.4183835182250396,0.5285804844917364,0.5930666131014786,0.04326617889688305,0.08130122799099179,0.03803504909410874,14,10.518407212622089,88.73333333333333,70.0,0.5012335325800559,0.8476074049028413,0.0,,,,,17.333333333333332,1.7333333333333334,6
7,35,0.95,0.5,0.95,0.5,17,kf_sa_seed_0017.npz,35,666,700,0.487987987987988,0.512012012012012,0.0,0.21857142857142858,0.7814285714285715,0.0,0.34992679355783307,0.6799163179916318,0.32008368200836823,0.243993993993994,0.7735413985413986,0.8259731730517043,0.09227825669457426,0.3095276074240413,0.21724935072946702,68,49.780380673499266,19.797101449275363,38.0,0.509073725803243,0.8476074049028413,0.0,,,,,43.5,4.3500000000000005,6
7,35,0.98,0.5,0.95,0.5,17,kf_sa_seed_0017.npz,35,666,700,0.6246246246246246,0.37537537537537535,0.0,0.2857142857142857,0.7142857142857143,0.0,0.45095168374816985,0.6753246753246753,0.3246753246753247,0.3123123123123123,0.7511561561561562,0.8109578421526578,0.07300899499508788,0.26869996093299225,0.19569096593790436,28,20.497803806734993,47.10344827586207,35.0,0.509073725803243,0.8476074049028413,0.0,,,,,39.5,3.95,6
7,35,0.99,0.5,0.95,0.5,17,kf_sa_seed_0017.npz,35,666,700,0.6666666666666666,0.3333333333333333,0.0,0.32,0.68,0.0,0.4890190336749634,0.6646706586826348,0.33532934131736525,0.3333333333333333,0.7221814671814671,0.7872436470525956,0.0650826355362379,0.237291594726022,0.17220895918978407,28,20.497803806734993,47.10344827586207,35.0,0.509073725803243,0.8476074049028413,0.0,,,,,33.666666666666664,3.3666666666666667,6
7,35,0.995,0.5,0.95,0.5,17,kf_sa_seed_0017.npz,35,666,700,0.6741741741741741,0.3258258258258258,0.0,0.3514285714285714,0.6485714285714286,0.0,0.5087847730600292,0.6460431654676259,0.35395683453237414,0.33708708708708707,0.6863470613470614,0.7685896823005198,0.06373798626295199,0.2196058584224869,0.1558678721595349,30,21.961932650073205,44.064516129032256,35.0,0.509073725803243,0.8476074049028413,0.0,,,,,27.5,2.75,6
7,50,0.95,0.5,0.95,0.5,17,kf_sa_seed_0017.npz,50,651,700,0.6835637480798771,0.31643625192012287,0.0,0.36,0.64,0.0,0.5159141376757957,0.6384505021520803,0.3615494978479197,0.34178187403993854,0.7102896642527979,0.7645407749981873,0.06605200947780404,0.21594585188350862,0.14989384240570458,28,20.72538860103627,46.58620689655172,50.0,0.5078728463878107,0.8476074049028413,0.0,,,,,34.0,3.4000000000000004,6
7,50,0.98,0.5,0.95,0.5,17,kf_sa_seed_0017.npz,50,651,700,0.7265745007680492,0.27342549923195086,0.0,0.4114285714285714,0.5885714285714285,0.0,0.5632864544781643,0.621550591327201,0.37844940867279897,0.3632872503840246,0.6843888523151196,0.7408520979367117,0.0591946664502793,0.1835978521772936,0.12440318572701431,28,20.72538860103627,46.58620689655172,50.0,0.5078728463878107,0.8476074049028413,0.0,,,,,30.0,3.0,6
7,50,0.99,0.5,0.95,0.5,17,kf_sa_seed_0017.npz,50,651,700,0.7327188940092166,0.2672811059907834,0.0,0.45,0.55,0.0,0.5862324204293117,0.6022727272727273,0.3977272727272727,0.3663594470046083,0.6449440421329822,0.717248590798241,0.053727353128737367,0.16098474446738534,0.10725739133864798,30,22.20577350111029,43.58064516129032,50.0,0.5078728463878107,0.8476074049028413,0.0,,,,,30.0,3.0,6
7,50,0.995,0.5,0.95,0.5,17,kf_sa_seed_0017.npz,50,651,700,0.7142857142857143,0.2857142857142857,0.0,0.44142857142857145,0.5585714285714286,0.0,0.5729089563286455,0.6007751937984496,0.39922480620155043,0.35714285714285715,0.6254904542462146,0.7150257296946364,0.055593535667301554,0.17279782850099892,0.11720429283369738,24,17.764618800888233,54.04,50.0,0.5078728463878107,0.8476074049028413,0.0,,,,,29.833333333333332,2.9833333333333334,6
7,70,0.95,0.5,0.95,0.5,17,kf_sa_seed_0017.npz,70,631,700,0.7606973058637084,0.2393026941362916,0.0,0.5357142857142857,0.4642857142857143,0.0,0.642374154770849,0.5614035087719298,0.4385964912280702,0.3803486529318542,0.604491736472719,0.6729315749291543,0.05056406079408781,0.12429645358177359,0.07373239278768579,20,15.026296018031555,63.38095238095238,70.0,0.5012335325800559,0.8476074049028413,0.0,,,,,25.666666666666668,2.566666666666667,6
7,70,0.98,0.5,0.95,0.5,17,kf_sa_seed_0017.npz,70,631,700,0.768621236133122,0.23137876386687797,0.0,0.57,0.43,0.0,0.6641622839969947,0.5486425339366516,0.45135746606334837,0.384310618066561,0.5681729680778809,0.6380633269407675,0.047346244394655845,0.09890462667451362,0.051558382279857776,20,15.026296018031555,63.38095238095238,70.0,0.5012335325800559,0.8476074049028413,0.0,,,,,24.666666666666668,2.466666666666667,6
7,70,0.99,0.5,0.95,0.5,17,kf_sa_seed_0017.npz,70,631,700,0.7908082408874801,0.2091917591125198,0.0,0.6214285714285714,0.37857142857142856,0.0,0.7017280240420737,0.5342612419700214,0.46573875802997855,0.39540412044374007,0.5291147837899026,0.6068721387303985,0.043504693214047575,0.08036022885739083,0.036855535643343255,30,22.53944402704733,42.935483870967744,70.0,0.5012335325800559,0.8476074049028413,0.0,,,,,22.5,2.25,6
7,70,0.995,0.5,0.95,0.5,17,kf_sa_seed_0017.npz,70,631,700,0.7987321711568938,0.20126782884310618,0.0,0.6128571428571429,0.3871428571428571,0.0,0.7009767092411721,0.5401929260450161,0.4598070739549839,0.3993660855784469,0.5354403441249717,0.6227799902752735,0.04252090959357903,0.0863461562242915,0.04382524663071247,20,15.026296018031555,63.38095238095238,70.0,0.5012335325800559,0.8476074049028413,0.0,,,,,21.333333333333332,2.1333333333333333,6
10,50,0.95,0.5,0.95,0.5,17,kf_sa_seed_0017.npz,50,651,700,0.4715821812596006,0.5284178187403994,0.0,0.21714285714285714,0.7828571428571428,0.0,0.33974833456698744,0.6688453159041394,0.3311546840958606,0.2357910906298003,0.7162211981566821,0.7372479023061048,0.09962405341225104,0.21562330614889838,0.11599925273664734,46,34.048852701702444,28.74468085106383,52.0,0.5078728463878107,0.8476074049028413,0.0,,,,,43.8,4.38,6
10,50,0.98,0.5,0.95,0.5,17,kf_sa_seed_0017.npz,50,651,700,0.6067588325652842,0.3932411674347158,0.0,0.32285714285714284,0.6771428571428572,0.0,0.45965951147298295,0.6360708534621579,0.36392914653784214,0.3033794162826421,0.6793307000219443,0.6871270150000286,0.07977358323872873,0.15959326547008473,0.079819682231356,36,26.646928201332347,36.513513513513516,54.0,0.5078728463878107,0.8476074049028413,0.0,,,,,42.5,4.25,6
10,50,0.99,0.5,0.95,0.5,17,kf_sa_seed_0017.npz,50,651,700,0.6804915514592934,0.3195084485407066,0.0,0.45714285714285713,0.5428571428571428,0.0,0.5647668393782384,0.580602883355177,0.41939711664482304,0.3402457757296467,0.6332565284178188,0.6367277557108781,0.06256379320575338,0.10818681865113114,0.04562302544537776,42,31.088082901554404,31.41860465116279,54.0,0.5078728463878107,0.8476074049028413,0.0,,,,,35.166666666666664,3.5166666666666666,6
10,50,0.995,0.5,0.95,0.5,17,kf_sa_seed_0017.npz,50,651,700,0.7788018433179723,0.22119815668202766,0.0,0.6557142857142857,0.3442857142857143,0.0,0.7150259067357513,0.5248447204968945,0.47515527950310554,0.38940092165898615,0.5792143954355936,0.5836376538208388,0.04236604760494871,0.05890285146579091,0.0165368038608422,44,32.56846780162842,30.022222222222222,54.0,0.5078728463878107,0.8476074049028413,0.0,,,,,24.0,2.4000000000000004,6
10,70,0.95,0.5,0.95,0.5,17,kf_sa_seed_0017.npz,70,631,700,0.6259904912836767,0.37400950871632327,0.0,0.44571428571428573,0.5542857142857143,0.0,0.5311795642374155,0.5586987270155587,0.44130127298444133,0.31299524564183834,0.6128797826579127,0.6319986042967347,0.07366127362585517,0.12342390590306601,0.04976263227721084,22,16.52892561983471,57.869565217391305,70.0,0.5012335325800559,0.8476074049028413,0.0,,,,,39.5,3.95,6
10,70,0.98,0.5,0.95,0.5,17,kf_sa_seed_0017.npz,70,631,700,0.6671949286846276,0.3328050713153724,0.0,0.5657142857142857,0.4342857142857143,0.0,0.613824192336589,0.5152998776009792,0.4847001223990208,0.3335974643423138,0.5687955625990492,0.5869928170950175,0.06254324442639539,0.08647458181977845,0.02393133739338306,22,16.52892561983471,57.869565217391305,70.0,0.5012335325800559,0.8476074049028413,0.0,,,,,35.333333333333336,3.5333333333333337,6
10,70,0.99,0.5,0.95,0.5,17,kf_sa_seed_0017.npz,70,631,700,0.7543581616481775,0.24564183835182252,0.0,0.6871428571428572,0.31285714285714283,0.0,0.71900826446281,0.49738766980146293,0.502612330198537,0.37717908082408874,0.5261285940683722,0.5471154934084257,0.049131200785919205,0.05527558130647282,0.006144380520553612,32,24.04207362885049,40.333333333333336,70.0,0.5012335325800559,0.8476074049028413,0.0,,,,,26.0,2.6,6
10,70,0.995,0.5,0.95,0.5,17,kf_sa_seed_0017.npz,70,631,700,0.8335974643423137,0.1664025356576862,0.0,0.8542857142857143,0.1457142857142857,0.0,0.8444778362133734,0.4679715302491103,0.5320284697508897,0.41679873217115687,0.4820647498302015,0.5100473536760609,0.03151121786509631,0.02790566239514761,-0.003605555469948698,12,9.015777610818933,102.38461538461539,70.0,0.5012335325800559,0.8476074049028413,0.0,,,,,17.666666666666668,1.7666666666666668,6
5,25,0.95,0.5,0.95,0.5,18,kf_sa_seed_0018.npz,25,676,700,0.6775147928994083,0.2869822485207101,0.03550295857988166,0.2,0.7128571428571429,0.08714285714285715,0.49636627906976744,0.7598828696925329,0.24011713030746706,0.38232882502113275,0.7875612848689771,0.7688837688852344,0.10982432177210306,0.3334031678720826,0.22357884609997952,64,46.51162790697674,21.16923076923077,25.0,0.5576198165472018,0.9286727665022976,0.16666666666666666,39.0,39.0,39.0,3.9000000000000004,23.333333333333332,2.3333333333333335,5
5,25,0.98,0.5,0.95,0.5,18,kf_sa_seed_0018.npz,25,676,700,0.7633136094674556,0.1997041420118343,0.03698224852071006,0.3171428571428571,0.6014285714285714,0.08142857142857143,0.5959302325581395,0.698780487804878,0.301219512195122,0.4223710904480135,0.7690236686390532,0.7355428400103261,0.10033001918542017,0.2940828705519715,0.19375285136655135,32,23.25581395348837,41.696969696969695,25.0,0.5576198165472018,0.9286727665022976,0.16666666666666666,43.0,43.0,43.0,4.3,22.166666666666668,2.216666666666667,5
5,25,0.99,0.5,0.95,0.5,18,kf_sa_seed_0018.npz,25,676,700,0.8106508875739645,0.14940828402366865,0.03994082840236687,0.4057142857142857,0.5057142857142857,0.08857142857142856,0.6693313953488372,0.6623235613463626,0.3376764386536374,0.4496111580726965,0.7516124260355029,0.7288166257160457,0.0973065111265733,0.2757898859917874,0.1784833748652141,28,20.348837209302324,47.44827586206897,25.0,0.5576198165472018,0.9286727665022976,0.16666666666666666,38.0,38.0,38.0,3.8000000000000003,21.166666666666668,2.1166666666666667,5
5,25,0.995,0.5,0.95,0.5,18,kf_sa_seed_0018.npz,25,676,700,0.7943786982248521,0.16272189349112426,0.042899408284023666,0.4657142857142857,0.4442857142857143,0.09,0.6940406976744186,0.6282722513089005,0.3717277486910995,0.442189349112426,0.7043026204564666,0.6985838496016946,0.09041111364463514,0.2618050064671684,0.17139389282253328,28,20.348837209302324,47.44827586206897,25.0,0.5576198165472018,0.9286727665022976,0.16666666666666666,37.0,37.0,37.0,3.7,21.5,2.15,5
5,35,0.95,0.5,0.95,0.5,18,kf_sa_seed_0018.npz,35,666,700,0.7747747747747747,0.18468468468468469,0.04054054054054054,0.35714285714285715,0.5628571428571428,0.08,0.6215226939970717,0.673733804475854,0.32626619552414604,0.42738738738738735,0.7543329043329043,0.7250558830463635,0.1017606389384927,0.2718454325842211,0.17008479364572843,44,32.210834553440705,30.355555555555554,35.0,0.555248336022493,0.9286727665022976,0.16666666666666666,44.0,44.0,44.0,4.4,22.333333333333332,2.2333333333333334,5
5,35,0.98,0.5,0.95,0.5,18,kf_sa_seed_0018.npz,35,666,700,0.8018018018018018,0.15465465465465467,0.04354354354354354,0.4685714285714286,0.4514285714285714,0.08,0.6932650073206442,0.6230200633579726,0.37697993664202745,0.4409009009009009,0.7352788502788503,0.7027323828861017,0.101184698599691,0.24334829295893476,0.14216359435924375,24,17.569546120058565,54.64,35.0,0.555248336022493,0.9286727665022976,0.16666666666666666,44.0,44.0,44.0,4.4,22.0,2.2,5
5,35,0.99,0.5,0.95,0.5,18,kf_sa_seed_0018.npz,35,666,700,0.8063063063063063,0.14714714714714713,0.046546546546546545,0.5257142857142857,0.3942857142857143,0.08,0.726207906295754,0.5977822580645161,0.4022177419354839,0.4431531531531531,0.7060253110253111,0.6741702654557049,0.10216694131482228,0.23801961569796862,0.13585267438314635,24,17.569546120058565,54.64,35.0,0.555248336022493,0.9286727665022976,0.16666666666666666,44.0,44.0,44.0,4.4,21.5,2.15,5
5,35,0.995,0.5,0.95,0.5,18,kf_sa_seed_0018.npz,35,666,700,0.7987987987987988,0.15165165165165165,0.04954954954954955,0.5128571428571429,0.4057142857142857,0.08142857142857143,0.7181551976573939,0.6004077471967381,0.39959225280326194,0.4401136851136851,0.674034749034749,0.6605013055727508,0.09974010860167092,0.23039320741519168,0.13065309881352077,30,21.961932650073205,44.064516129032256,35.0,0.555248336022493,0.9286727665022976,0.16666666666666666,43.0,43.0,43.0,4.3,22.333333333333332,2.2333333333333334,5
5,50,0.95,0.5,0.95,0.5,18,kf_sa_seed_0018.npz,50,651,700,0.7788018433179723,0.16897081413210446,0.05222734254992319,0.54,0.39285714285714285,0.06714285714285714,0.7150259067357513,0.5734989648033126,0.42650103519668736,0.42297235023041474,0.6884924292297564,0.6674710466536761,0.1057416584729321,0.20684647761553918,0.10110481914260708,28,20.72538860103627,46.58620689655172,50.0,0.5616323207294222,0.9286727665022976,0.16666666666666666,53.0,53.0,53.0,5.300000000000001,24.666666666666668,2.466666666666667,5
5,50,0.98,0.5,0.95,0.5,18,kf_sa_seed_0018.npz,50,651,700,0.7895545314900153,0.15821812596006143,0.05222734254992319,0.63,0.3057142857142857,0.06428571428571428,0.765358993338268,0.5406189555125726,0.45938104448742745,0.4269201228878648,0.6623217028746983,0.6395196721508072,0.10797419592430298,0.1857798483836644,0.07780565245936143,26,19.24500370096225,50.03703703703704,50.0,0.5616323207294222,0.9286727665022976,0.16666666666666666,55.0,55.0,55.0,5.5,19.5,1.9500000000000002,5
5,50,0.99,0.5,0.95,0.5,18,kf_sa_seed_0018.npz,50,651,700,0.7864823348694316,0.16129032258064516,0.05222734254992319,0.6685714285714286,0.2571428571428571,0.07428571428571429,0.7890451517394522,0.5290806754221389,0.4709193245778611,0.43038402457757297,0.6400570550800966,0.6242713645463912,0.11093285875742306,0.1881739587948087,0.07724110003738563,30,22.20577350111029,43.58064516129032,50.0,0.5616323207294222,0.9286727665022976,0.16666666666666666,52.0,52.0,52.0,5.2,23.333333333333332,2.3333333333333335,5
5,50,0.995,0.5,0.95,0.5,18,kf_sa_seed_0018.npz,50,651,700,0.7772657450076805,0.1674347158218126,0.055299539170506916,0.6885714285714286,0.24714285714285714,0.06428571428571428,0.7912657290895633,0.5154349859681946,0.4845650140318054,0.4207757296466974,0.6157450076804916,0.6133956468637762,0.10949562061774319,0.1871217293868174,0.0776261087690742,12,8.882309400444116,103.92307692307692,50.0,0.5616323207294222,0.9286727665022976,0.16666666666666666,55.0,55.0,55.0,5.5,20.166666666666668,2.016666666666667,5
5,70,0.95,0.5,0.95,0.5,18,kf_sa_seed_0018.npz,70,631,700,0.7971473851030111,0.1410459587955626,0.061806656101426306,0.7528571428571429,0.17714285714285713,0.07,0.8399699474079639,0.4937388193202147,0.5062611806797853,0.4335736925515056,0.5959429477020602,0.5866215541909816,0.12275551087959842,0.14666356339725897,0.023908052517660552,26,19.53418482344102,49.2962962962963,70.0,0.5646541380039574,0.9286727665022976,0.3333333333333333,74.0,74.0,82.0,7.4,21.666666666666668,2.166666666666667,4
5,70,0.98,0.5,0.95,0.5,18,kf_sa_seed_0018.npz,70,631,700,0.7876386687797148,0.1473851030110935,0.06497622820919176,0.7857142857142857,0.14714285714285713,0.06714285714285714,0.8527422990232908,0.479295154185022,0.520704845814978,0.427390762961286,0.5639732850350917,0.5655275497298832,0.12526112635477232,0.13380129605561442,0.008540169700842093,16,12.021036814425244,78.29411764705883,70.0,0.5646541380039574,0.9286727665022976,0.3333333333333333,75.0,75.0,84.0,7.5,22.333333333333332,2.2333333333333334,4
5,70,0.99,0.5,0.95,0.5,18,kf_sa_seed_0018.npz,70,631,700,0.7939778129952456,0.1410459587955626,0.06497622820919176,0.7642857142857142,0.16142857142857142,0.07428571428571429,0.8482344102178813,0.48981399468556247,0.5101860053144376,0.43413176364047995,0.5450667874122708,0.5540708352181978,0.13049800028864236,0.1333117194233994,0.002813719134757031,14,10.518407212622089,88.73333333333333,70.0,0.5646541380039574,0.9286727665022976,0.3333333333333333,73.5,73.5,83.0,7.3500000000000005,21.666666666666668,2.166666666666667,4
5,70,0.995,0.5,0.95,0.5,18,kf_sa_seed_0018.npz,70,631,700,0.7955625990491284,0.13629160063391443,0.06814580031695722,0.7771428571428571,0.13857142857142857,0.08428571428571428,0.8625093914350113,0.4886759581881533,0.5113240418118468,0.43992415666742135,0.5191600633914422,0.5393695728776955,0.13105948065598982,0.13603015292185244,0.004970672265862619,12,9.015777610818933,102.38461538461539,70.0,0.5646541380039574,0.9286727665022976,0.3333333333333333,71.5,71.5,80.0,7.15,21.5,2.15,4
7,35,0.95,0.5,0.95,0.5,18,kf_sa_seed_0018.npz,35,666,700,0.5945945945945946,0.36786786786786785,0.03753753753753754,0.1657142857142857,0.7557142857142857,0.07857142857142857,0.4333821376281113,0.7618243243243243,0.23817567567567566,0.3365830115830116,0.7635757185757186,0.7347651942995732,0.1322986486771008,0.3137008732707357,0.1814022245936349,69,50.512445095168374,19.514285714285716,35.0,0.555248336022493,0.9286727665022976,0.16666666666666666,45.0,45.0,45.0,4.5,30.833333333333332,3.0833333333333335,5
7,35,0.98,0.5,0.95,0.5,18,kf_sa_seed_0018.npz,35,666,700,0.6621621621621622,0.2987987987987988,0.03903903903903904,0.3,0.6214285714285714,0.07857142857142857,0.5358711566617862,0.6775956284153005,0.3224043715846995,0.3703667953667954,0.731977691977692,0.7076144170951276,0.12074765206610784,0.27816049503137424,0.15741284296526642,27,19.765739385065885,48.785714285714285,35.0,0.555248336022493,0.9286727665022976,0.16666666666666666,45.0,45.0,45.0,4.5,30.666666666666668,3.066666666666667,5
7,35,0.99,0.5,0.95,0.5,18,kf_sa_seed_0018.npz,35,666,700,0.6951951951951952,0.26426426426426425,0.04054054054054054,0.36714285714285716,0.5528571428571428,0.08,0.5878477306002928,0.6463262764632628,0.3536737235367372,0.3875975975975976,0.7083976833976834,0.6900402435488444,0.11106933390940232,0.25233486942043687,0.14126553551103455,34,24.890190336749633,39.02857142857143,35.0,0.555248336022493,0.9286727665022976,0.16666666666666666,44.0,44.0,44.0,4.4,29.666666666666668,2.966666666666667,5
7,35,0.995,0.5,0.95,0.5,18,kf_sa_seed_0018.npz,35,666,700,0.7342342342342343,0.22372372372372373,0.042042042042042045,0.4542857142857143,0.4685714285714286,0.07714285714285714,0.650805270863836,0.6107986501687289,0.3892013498312711,0.40568854568854573,0.6666881166881167,0.6748604741416419,0.1050501139276727,0.25246174740722843,0.14741163347955571,38,27.81844802342606,35.02564102564103,35.0,0.555248336022493,0.9286727665022976,0.16666666666666666,46.0,46.0,46.0,4.6000000000000005,28.166666666666668,2.816666666666667,5
7,50,0.95,0.5,0.95,0.5,18,kf_sa_seed_0018.npz,50,651,700,0.6912442396313364,0.2642089093701997,0.0445468509984639,0.40714285714285714,0.5257142857142857,0.06714285714285714,0.6002960769800149,0.6128236744759556,0.38717632552404435,0.3791935483870968,0.7040904103576915,0.6788647701252912,0.11565015263474768,0.23442612134749255,0.11877596871274487,34,25.166543301258326,38.6,50.0,0.5616323207294222,0.9286727665022976,0.16666666666666666,53.0,53.0,53.0,5.300000000000001,31.5,3.1500000000000004,5
7,50,0.98,0.5,0.95,0.5,18,kf_sa_seed_0018.npz,50,651,700,0.7357910906298003,0.22119815668202766,0.043010752688172046,0.4757142857142857,0.4585714285714286,0.06571428571428571,0.6558105107327905,0.59255079006772,0.40744920993227995,0.400752688172043,0.6764077243800746,0.6567662250524288,0.1124953698163061,0.209777934855271,0.09728256503896489,30,22.20577350111029,43.58064516129032,50.0,0.5616323207294222,0.9286727665022976,0.16666666666666666,54.0,54.0,54.0,5.4,28.833333333333332,2.8833333333333333,5
7,50,0.99,0.5,0.95,0.5,18,kf_sa_seed_0018.npz,50,651,700,0.7434715821812596,0.20890937019969277,0.047619047619047616,0.5971428571428572,0.3357142857142857,0.06714285714285714,0.7253886010362695,0.5418367346938775,0.4581632653061225,0.4053072196620584,0.6273447443493526,0.6236855748311598,0.10893864351226244,0.19650985674734509,0.08757121323508264,32,23.686158401184308,40.93939393939394,50.0,0.5616323207294222,0.9286727665022976,0.16666666666666666,53.0,53.0,53.0,5.300000000000001,28.166666666666668,2.816666666666667,5
7,50,0.995,0.5,0.95,0.5,18,kf_sa_seed_0018.npz,50,651,700,0.7634408602150538,0.1889400921658986,0.047619047619047616,0.6314285714285715,0.2985714285714286,0.07,0.7542561065877128,0.535819430814524,0.464180569185476,0.4167204301075269,0.5941781874039939,0.6106753079289384,0.10641747574939486,0.19324337772493178,0.08682590197553691,32,23.686158401184308,40.93939393939394,50.0,0.5616323207294222,0.9286727665022976,0.16666666666666666,51.0,51.0,51.0,5.1000000000000005,20.333333333333332,2.033333333333333,5
7,70,0.95,0.5,0.95,0.5,18,kf_sa_seed_0018.npz,70,631,700,0.7733755942947702,0.17274167987321712,0.05388272583201268,0.6557142857142857,0.3,0.04428571428571428,0.7603305785123967,0.5128458498023716,0.4871541501976284,0.40883065429024223,0.62916911931175,0.6063813213059428,0.11964977049444271,0.15913866500467275,0.039488894510230035,34,25.544703230653642,38.02857142857143,70.0,0.5646541380039574,0.9286727665022976,0.16666666666666666,69.0,69.0,69.0,6.9,21.833333333333332,2.183333333333333,5
7,70,0.98,0.5,0.95,0.5,18,kf_sa_seed_0018.npz,70,631,700,0.7939778129952456,0.15530903328050713,0.05071315372424723,0.73,0.22714285714285715,0.04285714285714286,0.8069120961682945,0.49441340782122906,0.505586592178771,0.4184174779261942,0.5949875481095767,0.5784731992482478,0.11974953799012268,0.14551792148540268,0.025768383495280003,12,9.015777610818933,102.38461538461539,70.0,0.5646541380039574,0.9286727665022976,0.16666666666666666,70.0,70.0,70.0,7.0,21.666666666666668,2.166666666666667,5
7,70,0.99,0.5,0.95,0.5,18,kf_sa_seed_0018.npz,70,631,700,0.7923930269413629,0.15530903328050713,0.05229793977812995,0.7585714285714286,0.19714285714285715,0.04428571428571428,0.8226897069872277,0.4849315068493151,0.5150684931506849,0.4183393706135386,0.554491736472719,0.5561978306381867,0.1213473740004769,0.1340828608411782,0.012735486840701304,8,6.010518407212622,147.88888888888889,70.0,0.5646541380039574,0.9286727665022976,0.16666666666666666,69.0,69.0,69.0,6.9,21.833333333333332,2.183333333333333,5
7,70,0.995,0.5,0.95,0.5,18,kf_sa_seed_0018.npz,70,631,700,0.7892234548335975,0.15530903328050713,0.0554675118858954,0.7485714285714286,0.21,0.041428571428571426,0.8159278737791135,0.4852670349907919,0.5147329650092081,0.4153260131310844,0.49896536110482226,0.5330966889903767,0.12035309591347315,0.13545725173210593,0.01510415581863278,10,7.513148009015778,121.0,70.0,0.5646541380039574,0.9286727665022976,0.16666666666666666,71.0,71.0,71.0,7.1000000000000005,22.166666666666668,2.216666666666667,5
10,50,0.95,0.5,0.95,0.5,18,kf_sa_seed_0018.npz,50,651,700,0.40706605222734255,0.5560675883256528,0.03686635944700461,0.19,0.7642857142857142,0.045714285714285714,0.3360473723168024,0.6541850220264317,0.3458149779735683,0.22639016897081413,0.6783958744788238,0.6593853387847538,0.14546739869302863,0.2438802281062973,0.09841282941326868,45,33.30866025166543,29.369565217391305,,0.5616323207294222,0.9286727665022976,0.16666666666666666,68.0,68.0,68.0,6.800000000000001,41.0,4.1000000000000005,5
10,50,0.98,0.5,0.95,0.5,18,kf_sa_seed_0018.npz,50,651,700,0.543778801843318,0.41935483870967744,0.03686635944700461,0.3414285714285714,0.6214285714285714,0.037142857142857144,0.4759437453737972,0.5909797822706065,0.40902021772939345,0.29046082949308755,0.6373666886109283,0.6182338046825956,0.132883213644505,0.1945153772402328,0.06163216359572779,43,31.828275351591415,30.704545454545453,89.0,0.5616323207294222,0.9286727665022976,0.16666666666666666,74.0,74.0,74.0,7.4,38.166666666666664,3.8166666666666664,5
10,50,0.99,0.5,0.95,0.5,18,kf_sa_seed_0018.npz,50,651,700,0.6466973886328725,0.3195084485407066,0.03379416282642089,0.5328571428571428,0.44142857142857145,0.025714285714285714,0.6173205033308661,0.526378896882494,0.47362110311750605,0.3362058371735791,0.5917862628922537,0.5719966997084248,0.12159162543959962,0.14824988930203237,0.02665826386243275,41,30.347890451517394,32.166666666666664,65.0,0.5616323207294222,0.9286727665022976,0.16666666666666666,82.0,82.0,82.0,8.200000000000001,34.833333333333336,3.483333333333334,5
10,50,0.995,0.5,0.95,0.5,18,kf_sa_seed_0018.npz,50,651,700,0.7112135176651305,0.271889400921659,0.016897081413210446,0.73,0.2642857142857143,0.005714285714285714,0.7320503330866025,0.47219413549039435,0.5278058645096056,0.3584639016897081,0.5463550581522931,0.5278010487877977,0.10671614199582895,0.0994936734903879,-0.007222468505441046,27,19.98519615099926,48.25,65.0,0.5616323207294222,0.9286727665022976,0.16666666666666666,96.0,96.0,96.0,9.600000000000001,27.833333333333332,2.783333333333333,5
10,70,0.95,0.5,0.95,0.5,18,kf_sa_seed_0018.npz,70,631,700,0.6561014263074485,0.3011093502377179,0.042789223454833596,0.51,0.4642857142857143,0.025714285714285714,0.6130728775356874,0.5294117647058824,0.47058823529411764,0.3409078560108671,0.5904007244736247,0.5718067164871089,0.1377361128247084,0.15924877616837055,0.02151266334366214,32,24.04207362885049,40.333333333333336,70.0,0.5646541380039574,0.9286727665022976,0.16666666666666666,82.0,82.0,82.0,8.200000000000001,33.5,3.35,5
10,70,0.98,0.5,0.95,0.5,18,kf_sa_seed_0018.npz,70,631,700,0.6925515055467512,0.2662440570522979,0.04120443740095087,0.6142857142857143,0.36714285714285716,0.018571428571428572,0.6806912096168295,0.4966887417218543,0.5033112582781457,0.35556146705908986,0.543665383744623,0.5372470250782142,0.13195749306262577,0.12531811825686004,-0.006639374805765735,20,15.026296018031555,63.38095238095238,70.0,0.5646541380039574,0.9286727665022976,0.16666666666666666,87.0,87.0,87.0,8.700000000000001,32.333333333333336,3.233333333333334,5
10,70,0.99,0.5,0.95,0.5,18,kf_sa_seed_0018.npz,70,631,700,0.7305863708399366,0.23137876386687797,0.03803486529318542,0.7542857142857143,0.23714285714285716,0.008571428571428572,0.7655897821187078,0.45829244357212956,0.5417075564278704,0.3695788997056826,0.5078469549467964,0.5086382182116209,0.12338659193052429,0.0941262315435588,-0.029260360386965487,22,16.52892561983471,57.869565217391305,70.0,0.5646541380039574,0.9286727665022976,0.16666666666666666,94.0,94.0,94.0,9.4,28.0,2.8000000000000003,5
10,70,0.995,0.5,0.95,0.5,18,kf_sa_seed_0018.npz,70,631,700,0.7464342313787639,0.25356576862123614,0.0,0.8242857142857143,0.1757142857142857,0.0,0.7873779113448535,0.4494274809160305,0.5505725190839694,0.37321711568938193,0.4832374915100747,0.4859568387137386,0.10867955599830059,0.06146693616404274,-0.047212619834257855,8,6.010518407212622,147.88888888888889,70.0,0.5646541380039574,0.9286727665022976,0.0,,,,,26.5,2.6500000000000004,6
5,25,0.95,0.5,0.95,0.5,19,kf_sa_seed_0019.npz,25,676,700,0.6834319526627219,0.3165680473372781,0.0,0.19142857142857142,0.7928571428571428,0.015714285714285715,0.44113372093023256,0.7792421746293245,0.22075782537067545,0.3495731191885038,0.8130325443786982,0.8192418455558557,0.07911079569433771,0.3165132811601533,0.2374024854658156,72,52.325581395348834,18.84931506849315,28.0,0.5264983283074416,0.7699927159842874,0.16666666666666666,104.0,104.0,104.0,10.4,21.5,2.15,5
5,25,0.98,0.5,0.95,0.5,19,kf_sa_seed_0019.npz,25,676,700,0.8284023668639053,0.17159763313609466,0.0,0.30714285714285716,0.6728571428571428,0.02,0.5734011627906976,0.7275031685678074,0.2724968314321926,0.4242011834319527,0.7976627218934911,0.8025368498240814,0.058700099469718506,0.2655605632875262,0.2068604638178077,37,26.88953488372093,36.21052631578947,28.0,0.5264983283074416,0.7699927159842874,0.16666666666666666,103.0,103.0,103.0,10.3,16.333333333333332,1.6333333333333333,5
5,25,0.99,0.5,0.95,0.5,19,kf_sa_seed_0019.npz,25,676,700,0.8461538461538461,0.15384615384615385,0.0,0.4057142857142857,0.5757142857142857,0.018571428571428572,0.6315406976744186,0.6731875719217492,0.32681242807825084,0.43236263736263736,0.7981720202874049,0.8006147395656886,0.04783669838290243,0.2541133662529954,0.20627666787009297,23,16.71511627906977,57.333333333333336,28.0,0.5264983283074416,0.7699927159842874,0.16666666666666666,102.0,102.0,102.0,10.200000000000001,17.0,1.7000000000000002,5
5,25,0.995,0.5,0.95,0.5,19,kf_sa_seed_0019.npz,25,676,700,0.841715976331361,0.15828402366863906,0.0,0.42714285714285716,0.5542857142857143,0.018571428571428572,0.6402616279069767,0.6606129398410897,0.3393870601589103,0.43014370245139477,0.7756656804733728,0.7957708919497665,0.0458380276908403,0.258875432324684,0.2130374046338437,23,16.71511627906977,57.333333333333336,28.0,0.5264983283074416,0.7699927159842874,0.16666666666666666,103.0,103.0,103.0,10.3,17.333333333333332,1.7333333333333334,5
5,35,0.95,0.5,0.95,0.5,19,kf_sa_seed_0019.npz,35,666,700,0.8348348348348348,0.16516516516516516,0.0,0.35,0.65,0.0,0.5863836017569546,0.6941323345817728,0.3058676654182272,0.4174174174174174,0.7836851136851137,0.79174127232079,0.05663508718858454,0.25651549685797964,0.1998804096693951,22,16.105417276720353,59.391304347826086,35.0,0.5300298084761375,0.7699927159842874,0.0,,,,,17.333333333333332,1.7333333333333334,6
5,35,0.98,0.5,0.95,0.5,19,kf_sa_seed_0019.npz,35,666,700,0.8438438438438438,0.15615615615615616,0.0,0.44,0.5542857142857143,0.005714285714285714,0.6398243045387995,0.6475972540045767,0.3524027459954233,0.42477906477906474,0.7733311883311883,0.7746666911460446,0.04791207220765075,0.21952436806025544,0.17161229585260468,20,14.641288433382138,65.04761904761905,35.0,0.5300298084761375,0.7699927159842874,0.16666666666666666,111.0,111.0,111.0,11.100000000000001,17.333333333333332,1.7333333333333334,5
5,35,0.99,0.5,0.95,0.5,19,kf_sa_seed_0019.npz,35,666,700,0.8423423423423423,0.15765765765765766,0.0,0.5185714285714286,0.4785714285714286,0.002857142857142857,0.677891654465593,0.6079913606911447,0.3920086393088553,0.4225997425997426,0.7586507936507937,0.7619327603262814,0.04508060585143771,0.21267746989143438,0.16759686403999668,20,14.641288433382138,65.04761904761905,35.0,0.5300298084761375,0.7699927159842874,0.0,,,,,17.5,1.75,6
5,35,0.995,0.5,0.95,0.5,19,kf_sa_seed_0019.npz,35,666,700,0.8288288288288288,0.17117117117117117,0.0,0.52,0.4757142857142857,0.004285714285714286,0.6727672035139092,0.6039173014145811,0.3960826985854189,0.41655727155727157,0.7293414843414844,0.747339263215171,0.04636072421280641,0.21155929223263797,0.16519856801983157,28,20.497803806734993,47.10344827586207,35.0,0.5300298084761375,0.7699927159842874,0.0,,,,,17.833333333333332,1.7833333333333332,6
5,50,0.95,0.5,0.95,0.5,19,kf_sa_seed_0019.npz,50,651,700,0.8279569892473119,0.17204301075268819,0.0,0.5157142857142857,0.48428571428571426,0.0,0.6661732050333087,0.5988888888888889,0.4011111111111111,0.41397849462365593,0.7407109940750494,0.737147844945033,0.04564216779569176,0.17843723720560825,0.13279506940991648,12,8.882309400444116,103.92307692307692,50.0,0.533546236197049,0.7699927159842874,0.0,,,,,18.666666666666668,1.866666666666667,6
5,50,0.98,0.5,0.95,0.5,19,kf_sa_seed_0019.npz,50,651,700,0.8294930875576036,0.17050691244239632,0.0,0.5657142857142857,0.4342857142857143,0.0,0.692820133234641,0.5769230769230769,0.42307692307692313,0.4147465437788018,0.7227781435154707,0.7138284145992011,0.04455847504272466,0.1530789243932636,0.10852044935053894,18,13.323464100666174,71.10526315789474,50.0,0.533546236197049,0.7699927159842874,0.0,,,,,18.5,1.85,6
5,50,0.99,0.5,0.95,0.5,19,kf_sa_seed_0019.npz,50,651,700,0.8294930875576036,0.17050691244239632,0.0,0.6128571428571429,0.3871428571428571,0.0,0.7172464840858623,0.5572755417956656,0.44272445820433437,0.4147465437788018,0.6978099626947554,0.6953679560049141,0.044920913735481155,0.14096695310255672,0.09604603936707556,20,14.803849000740193,64.33333333333333,50.0,0.533546236197049,0.7699927159842874,0.0,,,,,18.833333333333332,1.8833333333333333,6
5,50,0.995,0.5,0.95,0.5,19,kf_sa_seed_0019.npz,50,651,700,0.8356374807987711,0.16436251920122888,0.0,0.6314285714285715,0.36857142857142855,0.0,0.7298297557364914,0.5517241379310345,0.4482758620689655,0.41781874039938555,0.6745709896861971,0.6882602795663976,0.04460036318328587,0.15137277689103076,0.1067724137077449,20,14.803849000740193,64.33333333333333,50.0,0.533546236197049,0.7699927159842874,0.0,,,,,18.333333333333332,1.8333333333333333,6
5,70,0.95,0.5,0.95,0.5,19,kf_sa_seed_0019.npz,70,631,700,0.8526148969889065,0.1473851030110935,0.0,0.7114285714285714,0.2885714285714286,0.0,0.7783621337340345,0.5193050193050193,0.48069498069498073,0.42630744849445323,0.6693819334389858,0.6560829036799761,0.04540493510179522,0.10471774277889521,0.059312807677099996,24,18.031555221637866,53.24,70.0,0.5393753271048969,0.7699927159842874,0.0,,,,,15.833333333333334,1.5833333333333335,6
5,70,0.98,0.5,0.95,0.5,19,kf_sa_seed_0019.npz,70,631,700,0.8637083993660856,0.13629160063391443,0.0,0.76,0.24,0.0,0.8091660405709993,0.5060352831940576,0.49396471680594245,0.4318541996830428,0.6410821824767942,0.6290102792906554,0.044281861390118304,0.08437185676660279,0.040089995376484486,8,6.010518407212622,147.88888888888889,70.0,0.5393753271048969,0.7699927159842874,0.0,,,,,14.333333333333334,1.4333333333333336,6
5,70,0.99,0.5,0.95,0.5,19,kf_sa_seed_0019.npz,70,631,700,0.8652931854199684,0.1347068145800317,0.0,0.7728571428571429,0.22714285714285715,0.0,0.816679188580015,0.5022999080036799,0.49770009199632015,0.4326465927099842,0.6040298845370161,0.610420588852653,0.04348903115512032,0.0777447572028327,0.03425572604771239,8,6.010518407212622,147.88888888888889,70.0,0.5393753271048969,0.7699927159842874,0.0,,,,,14.333333333333334,1.4333333333333336,6
5,70,0.995,0.5,0.95,0.5,19,kf_sa_seed_0019.npz,70,631,700,0.8589540412044374,0.1410459587955626,0.0,0.78,0.22,0.0,0.8174305033809166,0.49816176470588236,0.5018382352941176,0.4294770206022187,0.5581073126556486,0.5882520732787153,0.04342482858843908,0.08295130273871712,0.03952647415027804,10,7.513148009015778,121.0,70.0,0.5393753271048969,0.7699927159842874,0.0,,,,,14.833333333333334,1.4833333333333334,6
7,35,0.95,0.5,0.95,0.5,19,kf_sa_seed_0019.npz,35,666,700,0.484984984984985,0.515015015015015,0.0,0.1457142857142857,0.8542857142857143,0.0,0.31112737920937045,0.76,0.24,0.2424924924924925,0.7924860574860575,0.8178591807869415,0.09012036517004748,0.2999988824077073,0.2098785172376598,77,56.36896046852123,17.512820512820515,43.0,0.5300298084761375,0.7699927159842874,0.0,,,,,28.666666666666668,2.866666666666667,6
7,35,0.98,0.5,0.95,0.5,19,kf_sa_seed_0019.npz,35,666,700,0.7537537537537538,0.24624624624624625,0.0,0.2742857142857143,0.7257142857142858,0.0,0.5080527086383602,0.723342939481268,0.27665706051873196,0.3768768768768769,0.7887558987558988,0.8086229646219155,0.06828082581670286,0.2536192639484105,0.18533843813170764,43,31.478770131771597,31.045454545454547,40.0,0.5300298084761375,0.7699927159842874,0.0,,,,,24.166666666666668,2.416666666666667,6
7,35,0.99,0.5,0.95,0.5,19,kf_sa_seed_0019.npz,35,666,700,0.7807807807807807,0.21921921921921922,0.0,0.37285714285714283,0.6271428571428571,0.0,0.5717423133235725,0.6658130601792573,0.33418693982074266,0.39039039039039036,0.7693736593736594,0.7918329421904599,0.0564362025211939,0.22661686285998453,0.17018066033879065,21,15.373352855051245,62.09090909090909,40.0,0.5300298084761375,0.7699927159842874,0.0,,,,,23.833333333333332,2.3833333333333333,6
7,35,0.995,0.5,0.95,0.5,19,kf_sa_seed_0019.npz,35,666,700,0.8093093093093093,0.1906906906906907,0.0,0.4328571428571429,0.5671428571428572,0.0,0.616398243045388,0.6401425178147269,0.35985748218527314,0.40465465465465467,0.7394766194766195,0.7740173471971689,0.05224433669095321,0.21877029794685804,0.16652596125590483,21,15.373352855051245,62.09090909090909,40.0,0.5300298084761375,0.7699927159842874,0.0,,,,,19.333333333333332,1.9333333333333333,6
7,50,0.95,0.5,0.95,0.5,19,kf_sa_seed_0019.npz,50,651,700,0.7788018433179723,0.22119815668202766,0.0,0.3914285714285714,0.6085714285714285,0.0,0.5780903034789046,0.649167733674776,0.350832266325224,0.38940092165898615,0.7663221417599297,0.7708796884137399,0.05911333692227586,0.20473812616151044,0.14562478923923458,20,14.803849000740193,64.33333333333333,50.0,0.533546236197049,0.7699927159842874,0.0,,,,,24.0,2.4000000000000004,6
7,50,0.98,0.5,0.95,0.5,19,kf_sa_seed_0019.npz,50,651,700,0.7910906298003072,0.20890937019969277,0.0,0.46,0.54,0.0,0.619541080680977,0.6152927120669056,0.3847072879330944,0.3955453149001536,0.7372196620583717,0.7420046939555758,0.050955511641902165,0.17154360206761599,0.12058809042571382,18,13.323464100666174,71.10526315789474,50.0,0.533546236197049,0.7699927159842874,0.0,,,,,23.0,2.3000000000000003,6
7,50,0.99,0.5,0.95,0.5,19,kf_sa_seed_0019.npz,50,651,700,0.8079877112135176,0.19201228878648233,0.0,0.53,0.47,0.0,0.6639526276831976,0.5863991081382386,0.4136008918617614,0.4039938556067588,0.694292297564187,0.7088437147983164,0.0481327519311126,0.1485662747307584,0.10043352279964579,12,8.882309400444116,103.92307692307692,50.0,0.533546236197049,0.7699927159842874,0.0,,,,,20.833333333333332,2.0833333333333335,6
7,50,0.995,0.5,0.95,0.5,19,kf_sa_seed_0019.npz,50,651,700,0.8095238095238095,0.19047619047619047,0.0,0.51,0.49,0.0,0.6543301258327165,0.5961538461538461,0.40384615384615385,0.40476190476190477,0.6673754663155584,0.7060862791403982,0.04988113808334947,0.1609563644730885,0.11107522638973903,14,10.362694300518134,90.06666666666666,50.0,0.533546236197049,0.7699927159842874,0.0,,,,,20.666666666666668,2.066666666666667,6
7,70,0.95,0.5,0.95,0.5,19,kf_sa_seed_0019.npz,70,631,700,0.8003169572107766,0.19968304278922344,0.0,0.6042857142857143,0.39571428571428574,0.0,0.6972201352366642,0.5441810344827587,0.4558189655172413,0.4001584786053883,0.6862078333710664,0.6819814454923855,0.04661892435322879,0.10934093361201347,0.06272200925878468,20,15.026296018031555,63.38095238095238,70.0,0.5393753271048969,0.7699927159842874,0.0,,,,,20.833333333333332,2.0833333333333335,6
7,70,0.98,0.5,0.95,0.5,19,kf_sa_seed_0019.npz,70,631,700,0.8050713153724247,0.1949286846275753,0.0,0.6271428571428571,0.37285714285714283,0.0,0.7114951164537942,0.5364308342133052,0.4635691657866948,0.40253565768621236,0.6572628480869368,0.6663866972601508,0.042422102696504274,0.09424425562913304,0.05182215293262876,16,12.021036814425244,78.29411764705883,70.0,0.5393753271048969,0.7699927159842874,0.0,,,,,20.5,2.0500000000000003,6
7,70,0.99,0.5,0.95,0.5,19,kf_sa_seed_0019.npz,70,631,700,0.8066561014263075,0.19334389857369255,0.0,0.6514285714285715,0.3485714285714286,0.0,0.7250187828700225,0.5274611398963731,0.4725388601036269,0.40332805071315375,0.6052456418383518,0.6316879260116703,0.039876671234181905,0.07957006102890704,0.039693389794725135,12,9.015777610818933,102.38461538461539,70.0,0.5393753271048969,0.7699927159842874,0.0,,,,,20.666666666666668,2.066666666666667,6
7,70,0.995,0.5,0.95,0.5,19,kf_sa_seed_0019.npz,70,631,700,0.8114104595879557,0.18858954041204437,0.0,0.6785714285714286,0.32142857142857145,0.0,0.7415477084898573,0.5187436676798379,0.4812563323201621,0.40570522979397783,0.5771926647045506,0.6281678954449889,0.04042639047540849,0.08155140174329516,0.04112501126788667,24,18.031555221637866,53.24,70.0,0.5393753271048969,0.7699927159842874,0.0,,,,,20.0,2.0,6
10,50,0.95,0.5,0.95,0.5,19,kf_sa_seed_0019.npz,50,651,700,0.5238095238095238,0.47619047619047616,0.0,0.21285714285714286,0.7871428571428571,0.0,0.3626943005181347,0.6959183673469388,0.3040816326530612,0.2619047619047619,0.7512617950405969,0.7416113623156142,0.08650190181650838,0.20127140768379126,0.11476950586728288,65,48.11250925240562,20.46969696969697,51.0,0.533546236197049,0.7699927159842874,0.0,,,,,41.666666666666664,4.166666666666667,6
10,50,0.98,0.5,0.95,0.5,19,kf_sa_seed_0019.npz,50,651,700,0.6774193548387096,0.3225806451612903,0.0,0.36857142857142855,0.6314285714285715,0.0,0.5173945225758697,0.630901287553648,0.36909871244635195,0.3387096774193548,0.7191661180601273,0.7102610507482228,0.06786431402971406,0.15218829257990657,0.08432397855019251,25,18.50481125092524,51.96153846153846,51.0,0.533546236197049,0.7699927159842874,0.0,,,,,32.5,3.25,6
10,50,0.99,0.5,0.95,0.5,19,kf_sa_seed_0019.npz,50,651,700,0.738863287250384,0.261136712749616,0.0,0.46285714285714286,0.5371428571428571,0.0,0.5958549222797928,0.5975155279503106,0.4024844720496894,0.369431643625192,0.6710972130787799,0.6731194337857969,0.05277419781916169,0.10818590986812715,0.05541171204896546,27,19.98519615099926,48.25,51.0,0.533546236197049,0.7699927159842874,0.0,,,,,28.333333333333332,2.8333333333333335,6
10,50,0.995,0.5,0.95,0.5,19,kf_sa_seed_0019.npz,50,651,700,0.8218125960061444,0.1781874039938556,0.0,0.6671428571428571,0.33285714285714285,0.0,0.7416728349370837,0.5339321357285429,0.4660678642714571,0.4109062980030722,0.6101755540926048,0.6292951631422792,0.036395208877406535,0.06496920022590413,0.0285739913484976,9,6.661732050333087,135.1,51.0,0.533546236197049,0.7699927159842874,0.0,,,,,19.166666666666668,1.916666666666667,6
10,70,0.95,0.5,0.95,0.5,19,kf_sa_seed_0019.npz,70,631,700,0.6830427892234548,0.31695721077654515,0.0,0.4642857142857143,0.5357142857142857,0.0,0.5679939894815927,0.5701058201058201,0.4298941798941799,0.3415213946117274,0.6677858274847182,0.6721103235602951,0.06084457256656441,0.11913344965269654,0.058288877086132125,14,10.518407212622089,88.73333333333333,70.0,0.5393753271048969,0.7699927159842874,0.0,,,,,33.0,3.3000000000000003,6
10,70,0.98,0.5,0.95,0.5,19,kf_sa_seed_0019.npz,70,631,700,0.7702060221870047,0.22979397781299524,0.0,0.5642857142857143,0.4357142857142857,0.0,0.66190833959429,0.5516458569807038,0.4483541430192962,0.38510301109350237,0.620002263980077,0.6352380937643848,0.0513290772062571,0.08823102024575785,0.03690194303950075,24,18.031555221637866,53.24,70.0,0.5393753271048969,0.7699927159842874,0.0,,,,,23.666666666666668,2.3666666666666667,6
10,70,0.99,0.5,0.95,0.5,19,kf_sa_seed_0019.npz,70,631,700,0.8019017432646592,0.19809825673534073,0.0,0.6871428571428572,0.31285714285714283,0.0,0.7415477084898573,0.5126646403242148,0.48733535967578523,0.4009508716323296,0.5718791034638895,0.6014063284192708,0.040907046846563204,0.06122271498481327,0.020315668138250066,18,13.5236664162284,70.05263157894737,70.0,0.5393753271048969,0.7699927159842874,0.0,,,,,20.333333333333332,2.033333333333333,6
10,70,0.995,0.5,0.95,0.5,19,kf_sa_seed_0019.npz,70,631,700,0.8478605388272583,0.15213946117274169,0.0,0.8028571428571428,0.19714285714285715,0.0,0.8241923365890308,0.487693710118505,0.512306289881495,0.42393026941362916,0.5226941362916007,0.5673068009747835,0.02759615720059174,0.035978071416386995,0.008381914215795254,12,9.015777610818933,102.38461538461539,70.0,0.5393753271048969,0.7699927159842874,0.0,,,,,16.333333333333332,1.6333333333333333,6
