num_bins,short_window_size,discount,base_rate,eta,tau_ok,simulation_seed,event_index,event_name,event_start,event_end,detected,detection_delay_steps,detection_delay_seconds,recovery_delay_steps,recovery_delay_seconds,event_consistent_rate,event_undecided_rate,event_inconsistent_rate,event_mean_q_inconsistent,event_max_q_inconsistent,event_mean_position_error,event_max_position_error
5,25,0.95,0.5,0.95,0.5,0,0,measurement_outliers,100,200,0,,,19.0,1.9000000000000001,0.15,0.85,0.0,0.32591208736525423,0.9202056376363683,1.2582084760859429,3.970927422779099
5,25,0.95,0.5,0.95,0.5,0,1,measurement_noise_x_increased,300,400,0,,,42.0,4.2,0.13,0.87,0.0,0.35471360290816883,0.7865675517226933,0.7583449121460678,2.077781262789668
5,25,0.95,0.5,0.95,0.5,0,2,measurement_noise_xy_decreased,500,600,0,,,69.0,6.9,0.1,0.9,0.0,0.5377176692916861,0.794712169478387,0.3108220514418344,1.0256832163208238
5,25,0.95,0.5,0.95,0.5,0,3,truncated_gaussian_measurement_noise,700,800,0,,,25.0,2.5,0.12,0.88,0.0,0.4666922057198214,0.7822443786426094,0.384027147034413,0.9700072176398135
5,25,0.95,0.5,0.95,0.5,0,4,coordinated_turn_model_mismatch,900,1000,1,30.0,3.0,46.0,4.6000000000000005,0.12,0.18,0.7,0.7576535483685031,0.9999999967143326,3.0762588689022863,4.685813908554918
5,25,0.95,0.5,0.95,0.5,0,5,process_noise_x_increased,1100,1300,0,,,0.0,0.0,0.5,0.5,0.0,0.1028105681626498,0.5859627085567178,0.7730004400459154,1.9952803799749892
5,25,0.98,0.5,0.95,0.5,0,0,measurement_outliers,100,200,0,,,17.0,1.7000000000000002,0.28,0.72,0.0,0.3013530546687639,0.9111175447683638,1.2582084760859429,3.970927422779099
5,25,0.98,0.5,0.95,0.5,0,1,measurement_noise_x_increased,300,400,0,,,41.0,4.1000000000000005,0.17,0.83,0.0,0.2999109652369063,0.7251357393483571,0.7583449121460678,2.077781262789668
5,25,0.98,0.5,0.95,0.5,0,2,measurement_noise_xy_decreased,500,600,0,,,68.0,6.800000000000001,0.14,0.86,0.0,0.48555415957177056,0.7852595906721959,0.3108220514418344,1.0256832163208238
5,25,0.98,0.5,0.95,0.5,0,3,truncated_gaussian_measurement_noise,700,800,0,,,27.0,2.7,0.17,0.83,0.0,0.40375295747376055,0.7650240054269084,0.384027147034413,0.9700072176398135
5,25,0.98,0.5,0.95,0.5,0,4,coordinated_turn_model_mismatch,900,1000,1,28.0,2.8000000000000003,46.0,4.6000000000000005,0.19,0.09,0.72,0.7536748259838432,0.9999999999977415,3.0762588689022863,4.685813908554918
5,25,0.98,0.5,0.95,0.5,0,5,process_noise_x_increased,1100,1300,0,,,0.0,0.0,0.645,0.355,0.0,0.07995398104887047,0.5452087034158459,0.7730004400459154,1.9952803799749892
5,25,0.99,0.5,0.95,0.5,0,0,measurement_outliers,100,200,0,,,12.0,1.2000000000000002,0.4,0.6,0.0,0.2570054731344499,0.8358918213214444,1.2582084760859429,3.970927422779099
5,25,0.99,0.5,0.95,0.5,0,1,measurement_noise_x_increased,300,400,0,,,39.0,3.9000000000000004,0.21,0.79,0.0,0.239346264734989,0.647495410725334,0.7583449121460678,2.077781262789668
5,25,0.99,0.5,0.95,0.5,0,2,measurement_noise_xy_decreased,500,600,0,,,67.0,6.7,0.18,0.82,0.0,0.4847854818491229,0.7822674849511744,0.3108220514418344,1.0256832163208238
5,25,0.99,0.5,0.95,0.5,0,3,truncated_gaussian_measurement_noise,700,800,0,,,28.0,2.8000000000000003,0.23,0.77,0.0,0.33781127775248265,0.7271918801536408,0.384027147034413,0.9700072176398135
5,25,0.99,0.5,0.95,0.5,0,4,coordinated_turn_model_mismatch,900,1000,1,29.0,2.9000000000000004,45.0,4.5,0.21,0.08,0.71,0.7565641758201115,0.999999999999344,3.0762588689022863,4.685813908554918
5,25,0.99,0.5,0.95,0.5,0,5,process_noise_x_increased,1100,1300,0,,,0.0,0.0,0.715,0.285,0.0,0.05374594862266851,0.3319122424659991,0.7730004400459154,1.9952803799749892
5,25,0.995,0.5,0.95,0.5,0,0,measurement_outliers,100,200,0,,,9.0,0.9,0.45,0.55,0.0,0.26582003286792877,0.8656872358563883,1.2582084760859429,3.970927422779099
5,25,0.995,0.5,0.95,0.5,0,1,measurement_noise_x_increased,300,400,0,,,34.0,3.4000000000000004,0.31,0.69,0.0,0.22405600278990043,0.5727396663169844,0.7583449121460678,2.077781262789668
5,25,0.995,0.5,0.95,0.5,0,2,measurement_noise_xy_decreased,500,600,0,,,66.0,6.6000000000000005,0.21,0.79,0.0,0.408546638104538,0.7417444793225514,0.3108220514418344,1.0256832163208238
5,25,0.995,0.5,0.95,0.5,0,3,truncated_gaussian_measurement_noise,700,800,0,,,28.0,2.8000000000000003,0.28,0.72,0.0,0.2920850257735822,0.7258313872101544,0.384027147034413,0.9700072176398135
5,25,0.995,0.5,0.95,0.5,0,4,coordinated_turn_model_mismatch,900,1000,1,28.0,2.8000000000000003,46.0,4.6000000000000005,0.21,0.07,0.72,0.7682058606120258,0.9999999999996836,3.0762588689022863,4.685813908554918
5,25,0.995,0.5,0.95,0.5,0,5,process_noise_x_increased,1100,1300,0,,,0.0,0.0,0.74,0.26,0.0,0.037616518529455065,0.24319418710032856,0.7730004400459154,1.9952803799749892
5,35,0.95,0.5,0.95,0.5,0,0,measurement_outliers,100,200,0,,,9.0,0.9,0.33,0.67,0.0,0.2857329295451263,0.8274668307222951,1.2582084760859429,3.970927422779099
5,35,0.95,0.5,0.95,0.5,0,1,measurement_noise_x_increased,300,400,0,,,41.0,4.1000000000000005,0.19,0.81,0.0,0.290074086388151,0.6758991829704808,0.7583449121460678,2.077781262789668
5,35,0.95,0.5,0.95,0.5,0,2,measurement_noise_xy_decreased,500,600,0,,,42.0,4.2,0.15,0.85,0.0,0.4883616132414232,0.7794752155618585,0.3108220514418344,1.0256832163208238
5,35,0.95,0.5,0.95,0.5,0,3,truncated_gaussian_measurement_noise,700,800,0,,,28.0,2.8000000000000003,0.22,0.78,0.0,0.4034522103444814,0.7574648667801234,0.384027147034413,0.9700072176398135
5,35,0.95,0.5,0.95,0.5,0,4,coordinated_turn_model_mismatch,900,1000,1,36.0,3.6,47.0,4.7,0.21,0.15,0.64,0.6983683146575151,0.9999999999401396,3.0762588689022863,4.685813908554918
5,35,0.95,0.5,0.95,0.5,0,5,process_noise_x_increased,1100,1300,0,,,0.0,0.0,0.72,0.28,0.0,0.06035794026450708,0.3733053285794698,0.7730004400459154,1.9952803799749892
5,35,0.98,0.5,0.95,0.5,0,0,measurement_outliers,100,200,0,,,10.0,1.0,0.41,0.59,0.0,0.2584322484050911,0.860595439810698,1.2582084760859429,3.970927422779099
5,35,0.98,0.5,0.95,0.5,0,1,measurement_noise_x_increased,300,400,0,,,39.0,3.9000000000000004,0.27,0.73,0.0,0.24353446489268354,0.6276303507341985,0.7583449121460678,2.077781262789668
5,35,0.98,0.5,0.95,0.5,0,2,measurement_noise_xy_decreased,500,600,0,,,42.0,4.2,0.19,0.81,0.0,0.43443285289641165,0.7720552648618494,0.3108220514418344,1.0256832163208238
5,35,0.98,0.5,0.95,0.5,0,3,truncated_gaussian_measurement_noise,700,800,0,,,28.0,2.8000000000000003,0.27,0.73,0.0,0.34922570455238755,0.738794949496081,0.384027147034413,0.9700072176398135
5,35,0.98,0.5,0.95,0.5,0,4,coordinated_turn_model_mismatch,900,1000,1,35.0,3.5,49.0,4.9,0.24,0.11,0.65,0.6948358001910298,0.9999999999962756,3.0762588689022863,4.685813908554918
5,35,0.98,0.5,0.95,0.5,0,5,process_noise_x_increased,1100,1300,0,,,0.0,0.0,0.76,0.24,0.0,0.03660950899119525,0.21152080944719803,0.7730004400459154,1.9952803799749892
5,35,0.99,0.5,0.95,0.5,0,0,measurement_outliers,100,200,0,,,11.0,1.1,0.44,0.56,0.0,0.2100457420048105,0.7509806172350113,1.2582084760859429,3.970927422779099
5,35,0.99,0.5,0.95,0.5,0,1,measurement_noise_x_increased,300,400,0,,,34.0,3.4000000000000004,0.37,0.63,0.0,0.19215349092121298,0.5736317568047745,0.7583449121460678,2.077781262789668
5,35,0.99,0.5,0.95,0.5,0,2,measurement_noise_xy_decreased,500,600,0,,,44.0,4.4,0.23,0.77,0.0,0.42910026522378525,0.7751737889451946,0.3108220514418344,1.0256832163208238
5,35,0.99,0.5,0.95,0.5,0,3,truncated_gaussian_measurement_noise,700,800,0,,,30.0,3.0,0.31,0.69,0.0,0.3092821204583316,0.755691648870593,0.384027147034413,0.9700072176398135
5,35,0.99,0.5,0.95,0.5,0,4,coordinated_turn_model_mismatch,900,1000,1,35.0,3.5,46.0,4.6000000000000005,0.27,0.08,0.65,0.7052274497132536,0.9999999999844321,3.0762588689022863,4.685813908554918
5,35,0.99,0.5,0.95,0.5,0,5,process_noise_x_increased,1100,1300,0,,,0.0,0.0,0.76,0.24,0.0,0.03790010535789711,0.21254316959204217,0.7730004400459154,1.9952803799749892
5,35,0.995,0.5,0.95,0.5,0,0,measurement_outliers,100,200,0,,,10.0,1.0,0.47,0.53,0.0,0.23871947119345585,0.9119694609430294,1.2582084760859429,3.970927422779099
5,35,0.995,0.5,0.95,0.5,0,1,measurement_noise_x_increased,300,400,0,,,34.0,3.4000000000000004,0.41,0.59,0.0,0.178951347729969,0.5186847001515137,0.7583449121460678,2.077781262789668
5,35,0.995,0.5,0.95,0.5,0,2,measurement_noise_xy_decreased,500,600,0,,,45.0,4.5,0.28,0.72,0.0,0.34528587293068214,0.7149901614761363,0.3108220514418344,1.0256832163208238
5,35,0.995,0.5,0.95,0.5,0,3,truncated_gaussian_measurement_noise,700,800,0,,,32.0,3.2,0.36,0.64,0.0,0.24432379487034178,0.6954319927249926,0.384027147034413,0.9700072176398135
5,35,0.995,0.5,0.95,0.5,0,4,coordinated_turn_model_mismatch,900,1000,1,35.0,3.5,46.0,4.6000000000000005,0.26,0.09,0.65,0.7098368339720607,0.9999999999999077,3.0762588689022863,4.685813908554918
5,35,0.995,0.5,0.95,0.5,0,5,process_noise_x_increased,1100,1300,0,,,0.0,0.0,0.85,0.15,0.0,0.017747737028517084,0.12103707246002612,0.7730004400459154,1.9952803799749892
5,50,0.95,0.5,0.95,0.5,0,0,measurement_outliers,100,200,0,,,11.0,1.1,0.45,0.55,0.0,0.19897193276376668,0.5759240947411968,1.2582084760859429,3.970927422779099
5,50,0.95,0.5,0.95,0.5,0,1,measurement_noise_x_increased,300,400,0,,,34.0,3.4000000000000004,0.39,0.61,0.0,0.21108787806577162,0.6051693760136183,0.7583449121460678,2.077781262789668
5,50,0.95,0.5,0.95,0.5,0,2,measurement_noise_xy_decreased,500,600,0,,,43.0,4.3,0.27,0.73,0.0,0.40134280081532425,0.7730602609111665,0.3108220514418344,1.0256832163208238
5,50,0.95,0.5,0.95,0.5,0,3,truncated_gaussian_measurement_noise,700,800,0,,,32.0,3.2,0.34,0.66,0.0,0.3185557772025453,0.747967934518222,0.384027147034413,0.9700072176398135
5,50,0.95,0.5,0.95,0.5,0,4,coordinated_turn_model_mismatch,900,1000,1,45.0,4.5,57.0,5.7,0.28,0.17,0.55,0.6219007994577883,0.9999999999979963,3.0762588689022863,4.685813908554918
5,50,0.95,0.5,0.95,0.5,0,5,process_noise_x_increased,1100,1300,0,,,0.0,0.0,0.805,0.195,0.0,0.023542886080843123,0.1370995395511183,0.7730004400459154,1.9952803799749892
5,50,0.98,0.5,0.95,0.5,0,0,measurement_outliers,100,200,0,,,12.0,1.2000000000000002,0.47,0.53,0.0,0.14607549267504985,0.4472404413758571,1.2582084760859429,3.970927422779099
5,50,0.98,0.5,0.95,0.5,0,1,measurement_noise_x_increased,300,400,0,,,34.0,3.4000000000000004,0.46,0.54,0.0,0.17361340315684154,0.5606145427572045,0.7583449121460678,2.077781262789668
5,50,0.98,0.5,0.95,0.5,0,2,measurement_noise_xy_decreased,500,600,0,,,45.0,4.5,0.31,0.69,0.0,0.35176380261892537,0.7618638765887744,0.3108220514418344,1.0256832163208238
5,50,0.98,0.5,0.95,0.5,0,3,truncated_gaussian_measurement_noise,700,800,0,,,33.0,3.3000000000000003,0.38,0.62,0.0,0.2710330588646128,0.7003501536117218,0.384027147034413,0.9700072176398135
5,50,0.98,0.5,0.95,0.5,0,4,coordinated_turn_model_mismatch,900,1000,1,44.0,4.4,58.0,5.800000000000001,0.3,0.14,0.56,0.6140219226506693,0.999999999996108,3.0762588689022863,4.685813908554918
5,50,0.98,0.5,0.95,0.5,0,5,process_noise_x_increased,1100,1300,0,,,0.0,0.0,0.88,0.12,0.0,0.01336639098960737,0.07367886632570787,0.7730004400459154,1.9952803799749892
5,50,0.99,0.5,0.95,0.5,0,0,measurement_outliers,100,200,0,,,13.0,1.3,0.5,0.5,0.0,0.1196706278317527,0.47729982816098604,1.2582084760859429,3.970927422779099
5,50,0.99,0.5,0.95,0.5,0,1,measurement_noise_x_increased,300,400,0,,,35.0,3.5,0.52,0.48,0.0,0.13166830252997375,0.4912602626968237,0.7583449121460678,2.077781262789668
5,50,0.99,0.5,0.95,0.5,0,2,measurement_noise_xy_decreased,500,600,0,,,45.0,4.5,0.38,0.62,0.0,0.3380401648170058,0.7475420908234348,0.3108220514418344,1.0256832163208238
5,50,0.99,0.5,0.95,0.5,0,3,truncated_gaussian_measurement_noise,700,800,0,,,33.0,3.3000000000000003,0.44,0.56,0.0,0.22527327674181943,0.7541042665628797,0.384027147034413,0.9700072176398135
5,50,0.99,0.5,0.95,0.5,0,4,coordinated_turn_model_mismatch,900,1000,1,44.0,4.4,53.0,5.300000000000001,0.32,0.12,0.56,0.615674713532982,0.9999999999998146,3.0762588689022863,4.685813908554918
5,50,0.99,0.5,0.95,0.5,0,5,process_noise_x_increased,1100,1300,0,,,0.0,0.0,0.94,0.06,0.0,0.010708753682362387,0.06470012156403518,0.7730004400459154,1.9952803799749892
5,50,0.995,0.5,0.95,0.5,0,0,measurement_outliers,100,200,0,,,12.0,1.2000000000000002,0.54,0.46,0.0,0.09679083256491303,0.338843218076082,1.2582084760859429,3.970927422779099
5,50,0.995,0.5,0.95,0.5,0,1,measurement_noise_x_increased,300,400,0,,,34.0,3.4000000000000004,0.62,0.38,0.0,0.08101487430470314,0.36601321893087174,0.7583449121460678,2.077781262789668
5,50,0.995,0.5,0.95,0.5,0,2,measurement_noise_xy_decreased,500,600,0,,,50.0,5.0,0.36,0.64,0.0,0.3272041194681854,0.7195327550135242,0.3108220514418344,1.0256832163208238
5,50,0.995,0.5,0.95,0.5,0,3,truncated_gaussian_measurement_noise,700,800,0,,,35.0,3.5,0.48,0.52,0.0,0.2409326405691475,0.7249707809109913,0.384027147034413,0.9700072176398135
5,50,0.995,0.5,0.95,0.5,0,4,coordinated_turn_model_mismatch,900,1000,1,43.0,4.3,53.0,5.300000000000001,0.32,0.11,0.57,0.6259772028408653,0.9999999999997645,3.0762588689022863,4.685813908554918
5,50,0.995,0.5,0.95,0.5,0,5,process_noise_x_increased,1100,1300,0,,,0.0,0.0,1.0,0.0,0.0,0.005684632749616134,0.03739768323401979,0.7730004400459154,1.9952803799749892
5,70,0.95,0.5,0.95,0.5,0,0,measurement_outliers,100,200,0,,,18.0,1.8,0.6,0.4,0.0,0.07207920995481225,0.24608395422653384,1.2582084760859429,3.970927422779099
5,70,0.95,0.5,0.95,0.5,0,1,measurement_noise_x_increased,300,400,0,,,38.0,3.8000000000000003,0.59,0.41,0.0,0.12765158746220073,0.4932654208550165,0.7583449121460678,2.077781262789668
5,70,0.95,0.5,0.95,0.5,0,2,measurement_noise_xy_decreased,500,600,0,,,53.0,5.300000000000001,0.43,0.57,0.0,0.28864799987895945,0.8195270003202955,0.3108220514418344,1.0256832163208238
5,70,0.95,0.5,0.95,0.5,0,3,truncated_gaussian_measurement_noise,700,800,0,,,36.0,3.6,0.51,0.49,0.0,0.2071100318854996,0.6921737431165678,0.384027147034413,0.9700072176398135
5,70,0.95,0.5,0.95,0.5,0,4,coordinated_turn_model_mismatch,900,1000,1,57.0,5.7,69.0,6.9,0.35,0.22,0.43,0.5329917011597448,0.9999999999998974,3.0762588689022863,4.685813908554918
5,70,0.95,0.5,0.95,0.5,0,5,process_noise_x_increased,1100,1300,0,,,0.0,0.0,0.99,0.01,0.0,0.0055090251244027345,0.051990561942421576,0.7730004400459154,1.9952803799749892
5,70,0.98,0.5,0.95,0.5,0,0,measurement_outliers,100,200,0,,,17.0,1.7000000000000002,0.62,0.38,0.0,0.04679777244275846,0.18473651566432997,1.2582084760859429,3.970927422779099
5,70,0.98,0.5,0.95,0.5,0,1,measurement_noise_x_increased,300,400,0,,,39.0,3.9000000000000004,0.64,0.36,0.0,0.09694934774749203,0.43733140059684844,0.7583449121460678,2.077781262789668
5,70,0.98,0.5,0.95,0.5,0,2,measurement_noise_xy_decreased,500,600,0,,,55.0,5.5,0.48,0.52,0.0,0.24341557956370213,0.7648559365229635,0.3108220514418344,1.0256832163208238
5,70,0.98,0.5,0.95,0.5,0,3,truncated_gaussian_measurement_noise,700,800,0,,,36.0,3.6,0.53,0.47,0.0,0.16774524280369904,0.643536482144498,0.384027147034413,0.9700072176398135
5,70,0.98,0.5,0.95,0.5,0,4,coordinated_turn_model_mismatch,900,1000,1,57.0,5.7,68.0,6.800000000000001,0.38,0.19,0.43,0.5199381511883158,0.9999999999998126,3.0762588689022863,4.685813908554918
5,70,0.98,0.5,0.95,0.5,0,5,process_noise_x_increased,1100,1300,0,,,0.0,0.0,1.0,0.0,0.0,0.002864521947662757,0.026288186764023416,0.7730004400459154,1.9952803799749892
5,70,0.99,0.5,0.95,0.5,0,0,measurement_outliers,100,200,0,,,15.0,1.5,0.72,0.28,0.0,0.027242120298663436,0.12278016327784741,1.2582084760859429,3.970927422779099
5,70,0.99,0.5,0.95,0.5,0,1,measurement_noise_x_increased,300,400,0,,,39.0,3.9000000000000004,0.7,0.3,0.0,0.06663466855966013,0.3461571748468565,0.7583449121460678,2.077781262789668
5,70,0.99,0.5,0.95,0.5,0,2,measurement_noise_xy_decreased,500,600,0,,,55.0,5.5,0.43,0.57,0.0,0.2449798129028164,0.7850472948938507,0.3108220514418344,1.0256832163208238
5,70,0.99,0.5,0.95,0.5,0,3,truncated_gaussian_measurement_noise,700,800,0,,,37.0,3.7,0.55,0.45,0.0,0.16684128691044683,0.6296721125611309,0.384027147034413,0.9700072176398135
5,70,0.99,0.5,0.95,0.5,0,4,coordinated_turn_model_mismatch,900,1000,1,55.0,5.5,68.0,6.800000000000001,0.41,0.14,0.45,0.5246445133673913,0.9999999999999901,3.0762588689022863,4.685813908554918
5,70,0.99,0.5,0.95,0.5,0,5,process_noise_x_increased,1100,1300,0,,,0.0,0.0,1.0,0.0,0.0,0.0012677039290214717,0.01122864675012525,0.7730004400459154,1.9952803799749892
5,70,0.995,0.5,0.95,0.5,0,0,measurement_outliers,100,200,0,,,15.0,1.5,0.75,0.25,0.0,0.023396927664277298,0.11806741839562088,1.2582084760859429,3.970927422779099
5,70,0.995,0.5,0.95,0.5,0,1,measurement_noise_x_increased,300,400,0,,,35.0,3.5,0.78,0.22,0.0,0.0359426034144096,0.21522410097823144,0.7583449121460678,2.077781262789668
5,70,0.995,0.5,0.95,0.5,0,2,measurement_noise_xy_decreased,500,600,0,,,55.0,5.5,0.53,0.47,0.0,0.1944720208696441,0.6400378575055033,0.3108220514418344,1.0256832163208238
5,70,0.995,0.5,0.95,0.5,0,3,truncated_gaussian_measurement_noise,700,800,0,,,40.0,4.0,0.63,0.37,0.0,0.1900843034376096,0.6695309537340367,0.384027147034413,0.9700072176398135
5,70,0.995,0.5,0.95,0.5,0,4,coordinated_turn_model_mismatch,900,1000,1,56.0,5.6000000000000005,67.0,6.7,0.4,0.16,0.44,0.5277784006819624,0.9999999999999748,3.0762588689022863,4.685813908554918
5,70,0.995,0.5,0.95,0.5,0,5,process_noise_x_increased,1100,1300,0,,,0.0,0.0,1.0,0.0,0.0,0.0013669221695333334,0.01764699605959465,0.7730004400459154,1.9952803799749892
7,35,0.95,0.5,0.95,0.5,0,0,measurement_outliers,100,200,0,,,34.0,3.4000000000000004,0.33,0.67,0.0,0.30593481388985827,0.8855404407815067,1.2582084760859429,3.970927422779099
7,35,0.95,0.5,0.95,0.5,0,1,measurement_noise_x_increased,300,400,0,,,48.0,4.800000000000001,0.0,1.0,0.0,0.25953907016954236,0.6487303010464445,0.7583449121460678,2.077781262789668
7,35,0.95,0.5,0.95,0.5,0,2,measurement_noise_xy_decreased,500,600,0,,,71.0,7.1000000000000005,0.1,0.9,0.0,0.4878839284589324,0.7779819012439951,0.3108220514418344,1.0256832163208238
7,35,0.95,0.5,0.95,0.5,0,3,truncated_gaussian_measurement_noise,700,800,0,,,30.0,3.0,0.13,0.87,0.0,0.4463629618158799,0.8086775658159747,0.384027147034413,0.9700072176398135
7,35,0.95,0.5,0.95,0.5,0,4,coordinated_turn_model_mismatch,900,1000,1,37.0,3.7,55.0,5.5,0.07,0.3,0.63,0.7197466383180842,0.9999999495252345,3.0762588689022863,4.685813908554918
7,35,0.95,0.5,0.95,0.5,0,5,process_noise_x_increased,1100,1300,0,,,0.0,0.0,0.535,0.465,0.0,0.1092780671315156,0.5053796450916324,0.7730004400459154,1.9952803799749892
7,35,0.98,0.5,0.95,0.5,0,0,measurement_outliers,100,200,0,,,19.0,1.9000000000000001,0.42,0.58,0.0,0.26374372194469703,0.8136156005003616,1.2582084760859429,3.970927422779099
7,35,0.98,0.5,0.95,0.5,0,1,measurement_noise_x_increased,300,400,0,,,48.0,4.800000000000001,0.09,0.91,0.0,0.1981721690148596,0.5109521465506868,0.7583449121460678,2.077781262789668
7,35,0.98,0.5,0.95,0.5,0,2,measurement_noise_xy_decreased,500,600,0,,,69.0,6.9,0.17,0.83,0.0,0.45151377935131815,0.7631507180493795,0.3108220514418344,1.0256832163208238
7,35,0.98,0.5,0.95,0.5,0,3,truncated_gaussian_measurement_noise,700,800,0,,,56.0,5.6000000000000005,0.2,0.8,0.0,0.39956821078764554,0.8222091068836119,0.384027147034413,0.9700072176398135
7,35,0.98,0.5,0.95,0.5,0,4,coordinated_turn_model_mismatch,900,1000,1,38.0,3.8000000000000003,55.0,5.5,0.13,0.25,0.62,0.7091936333739289,0.9999999838720758,3.0762588689022863,4.685813908554918
7,35,0.98,0.5,0.95,0.5,0,5,process_noise_x_increased,1100,1300,0,,,0.0,0.0,0.61,0.39,0.0,0.08331222238053523,0.37354470159341485,0.7730004400459154,1.9952803799749892
7,35,0.99,0.5,0.95,0.5,0,0,measurement_outliers,100,200,0,,,18.0,1.8,0.43,0.57,0.0,0.23606073776226183,0.7902362395858098,1.2582084760859429,3.970927422779099
7,35,0.99,0.5,0.95,0.5,0,1,measurement_noise_x_increased,300,400,0,,,47.0,4.7,0.2,0.8,0.0,0.14571590894233263,0.4332421153876161,0.7583449121460678,2.077781262789668
7,35,0.99,0.5,0.95,0.5,0,2,measurement_noise_xy_decreased,500,600,0,,,69.0,6.9,0.26,0.74,0.0,0.4109403573060735,0.7454137127446879,0.3108220514418344,1.0256832163208238
7,35,0.99,0.5,0.95,0.5,0,3,truncated_gaussian_measurement_noise,700,800,0,,,56.0,5.6000000000000005,0.25,0.75,0.0,0.360355664539907,0.810963292314076,0.384027147034413,0.9700072176398135
7,35,0.99,0.5,0.95,0.5,0,4,coordinated_turn_model_mismatch,900,1000,1,38.0,3.8000000000000003,55.0,5.5,0.24,0.14,0.62,0.7025677721367084,0.9999999966642692,3.0762588689022863,4.685813908554918
7,35,0.99,0.5,0.95,0.5,0,5,process_noise_x_increased,1100,1300,0,,,0.0,0.0,0.68,0.32,0.0,0.056335607398105524,0.2704123112365735,0.7730004400459154,1.9952803799749892
7,35,0.995,0.5,0.95,0.5,0,0,measurement_outliers,100,200,0,,,16.0,1.6,0.43,0.57,0.0,0.2303184890763462,0.7409659380489398,1.2582084760859429,3.970927422779099
7,35,0.995,0.5,0.95,0.5,0,1,measurement_noise_x_increased,300,400,0,,,44.0,4.4,0.37,0.63,0.0,0.12582010517995112,0.37028543926450247,0.7583449121460678,2.077781262789668
7,35,0.995,0.5,0.95,0.5,0,2,measurement_noise_xy_decreased,500,600,0,,,68.0,6.800000000000001,0.28,0.72,0.0,0.34773173222540554,0.7023511959476209,0.3108220514418344,1.0256832163208238
7,35,0.995,0.5,0.95,0.5,0,3,truncated_gaussian_measurement_noise,700,800,0,,,56.0,5.6000000000000005,0.24,0.76,0.0,0.30302194919205677,0.7805683422733537,0.384027147034413,0.9700072176398135
7,35,0.995,0.5,0.95,0.5,0,4,coordinated_turn_model_mismatch,900,1000,1,38.0,3.8000000000000003,55.0,5.5,0.25,0.13,0.62,0.7019746409045201,0.9999999909917627,3.0762588689022863,4.685813908554918
7,35,0.995,0.5,0.95,0.5,0,5,process_noise_x_increased,1100,1300,0,,,0.0,0.0,0.725,0.275,0.0,0.034258394080668386,0.16338134330826334,0.7730004400459154,1.9952803799749892
7,50,0.95,0.5,0.95,0.5,0,0,measurement_outliers,100,200,0,,,17.0,1.7000000000000002,0.45,0.55,0.0,0.20586918823580094,0.5329609359348412,1.2582084760859429,3.970927422779099
7,50,0.95,0.5,0.95,0.5,0,1,measurement_noise_x_increased,300,400,0,,,49.0,4.9,0.18,0.82,0.0,0.16779954713766107,0.4435493492603544,0.7583449121460678,2.077781262789668
7,50,0.95,0.5,0.95,0.5,0,2,measurement_noise_xy_decreased,500,600,0,,,67.0,6.7,0.22,0.78,0.0,0.4196336509821309,0.7609596337640873,0.3108220514418344,1.0256832163208238
7,50,0.95,0.5,0.95,0.5,0,3,truncated_gaussian_measurement_noise,700,800,0,,,37.0,3.7,0.29,0.71,0.0,0.33306552607202233,0.8335138219660665,0.384027147034413,0.9700072176398135
7,50,0.95,0.5,0.95,0.5,0,4,coordinated_turn_model_mismatch,900,1000,1,46.0,4.6000000000000005,58.0,5.800000000000001,0.25,0.21,0.54,0.64129219069813,0.9999999921229976,3.0762588689022863,4.685813908554918
7,50,0.95,0.5,0.95,0.5,0,5,process_noise_x_increased,1100,1300,0,,,0.0,0.0,0.67,0.33,0.0,0.05682326796090622,0.3170989038886719,0.7730004400459154,1.9952803799749892
7,50,0.98,0.5,0.95,0.5,0,0,measurement_outliers,100,200,0,,,16.0,1.6,0.48,0.52,0.0,0.14691979953298512,0.4047031834816421,1.2582084760859429,3.970927422779099
7,50,0.98,0.5,0.95,0.5,0,1,measurement_noise_x_increased,300,400,0,,,47.0,4.7,0.28,0.72,0.0,0.13128424117218407,0.38843251444112314,0.7583449121460678,2.077781262789668
7,50,0.98,0.5,0.95,0.5,0,2,measurement_noise_xy_decreased,500,600,0,,,66.0,6.6000000000000005,0.3,0.7,0.0,0.37773089071412885,0.7515296926407282,0.3108220514418344,1.0256832163208238
7,50,0.98,0.5,0.95,0.5,0,3,truncated_gaussian_measurement_noise,700,800,0,,,47.0,4.7,0.35,0.65,0.0,0.28311110501093684,0.821766167275595,0.384027147034413,0.9700072176398135
7,50,0.98,0.5,0.95,0.5,0,4,coordinated_turn_model_mismatch,900,1000,1,45.0,4.5,58.0,5.800000000000001,0.28,0.17,0.55,0.6265435005439364,0.9999999979589911,3.0762588689022863,4.685813908554918
7,50,0.98,0.5,0.95,0.5,0,5,process_noise_x_increased,1100,1300,0,,,0.0,0.0,0.725,0.275,0.0,0.03782520180524371,0.22371061030080813,0.7730004400459154,1.9952803799749892
7,50,0.99,0.5,0.95,0.5,0,0,measurement_outliers,100,200,0,,,14.0,1.4000000000000001,0.49,0.51,0.0,0.11192327371649621,0.33690377103291835,1.2582084760859429,3.970927422779099
7,50,0.99,0.5,0.95,0.5,0,1,measurement_noise_x_increased,300,400,0,,,44.0,4.4,0.53,0.47,0.0,0.09432170989004883,0.31978887651380744,0.7583449121460678,2.077781262789668
7,50,0.99,0.5,0.95,0.5,0,2,measurement_noise_xy_decreased,500,600,0,,,66.0,6.6000000000000005,0.35,0.65,0.0,0.35397383303912383,0.734654919323297,0.3108220514418344,1.0256832163208238
7,50,0.99,0.5,0.95,0.5,0,3,truncated_gaussian_measurement_noise,700,800,0,,,47.0,4.7,0.43,0.57,0.0,0.2418842064477446,0.6854676910069668,0.384027147034413,0.9700072176398135
7,50,0.99,0.5,0.95,0.5,0,4,coordinated_turn_model_mismatch,900,1000,1,46.0,4.6000000000000005,60.0,6.0,0.3,0.16,0.54,0.6217211905727456,0.9999999951939994,3.0762588689022863,4.685813908554918
7,50,0.99,0.5,0.95,0.5,0,5,process_noise_x_increased,1100,1300,0,,,0.0,0.0,0.8,0.2,0.0,0.025522879031870126,0.15279535650771786,0.7730004400459154,1.9952803799749892
7,50,0.995,0.5,0.95,0.5,0,0,measurement_outliers,100,200,0,,,13.0,1.3,0.49,0.51,0.0,0.15155892480176136,0.43461722798573904,1.2582084760859429,3.970927422779099
7,50,0.995,0.5,0.95,0.5,0,1,measurement_noise_x_increased,300,400,0,,,47.0,4.7,0.54,0.46,0.0,0.08511888820055576,0.28475838043682,0.7583449121460678,2.077781262789668
7,50,0.995,0.5,0.95,0.5,0,2,measurement_noise_xy_decreased,500,600,0,,,66.0,6.6000000000000005,0.35,0.65,0.0,0.3704870169240938,0.7455850121267247,0.3108220514418344,1.0256832163208238
7,50,0.995,0.5,0.95,0.5,0,3,truncated_gaussian_measurement_noise,700,800,0,,,55.0,5.5,0.38,0.62,0.0,0.2702998344206757,0.7763511026561567,0.384027147034413,0.9700072176398135
7,50,0.995,0.5,0.95,0.5,0,4,coordinated_turn_model_mismatch,900,1000,1,46.0,4.6000000000000005,60.0,6.0,0.28,0.18,0.54,0.6289986317417433,0.9999999984681291,3.0762588689022863,4.685813908554918
7,50,0.995,0.5,0.95,0.5,0,5,process_noise_x_increased,1100,1300,0,,,0.0,0.0,0.875,0.125,0.0,0.013936334246463898,0.08091013969940462,0.7730004400459154,1.9952803799749892
7,70,0.95,0.5,0.95,0.5,0,0,measurement_outliers,100,200,0,,,19.0,1.9000000000000001,0.6,0.4,0.0,0.07447442363438685,0.33325460044928357,1.2582084760859429,3.970927422779099
7,70,0.95,0.5,0.95,0.5,0,1,measurement_noise_x_increased,300,400,0,,,47.0,4.7,0.55,0.45,0.0,0.10774295046245486,0.3408764321402379,0.7583449121460678,2.077781262789668
7,70,0.95,0.5,0.95,0.5,0,2,measurement_noise_xy_decreased,500,600,0,,,65.0,6.5,0.38,0.62,0.0,0.307760034323938,0.7837163066376063,0.3108220514418344,1.0256832163208238
7,70,0.95,0.5,0.95,0.5,0,3,truncated_gaussian_measurement_noise,700,800,0,,,47.0,4.7,0.46,0.54,0.0,0.21199292470294978,0.7020955832767326,0.384027147034413,0.9700072176398135
7,70,0.95,0.5,0.95,0.5,0,4,coordinated_turn_model_mismatch,900,1000,1,57.0,5.7,72.0,7.2,0.29,0.28,0.43,0.5451065767347948,0.9999999970575562,3.0762588689022863,4.685813908554918
7,70,0.95,0.5,0.95,0.5,0,5,process_noise_x_increased,1100,1300,0,,,0.0,0.0,0.82,0.18,0.0,0.020664188933937355,0.12807015373947894,0.7730004400459154,1.9952803799749892
7,70,0.98,0.5,0.95,0.5,0,0,measurement_outliers,100,200,0,,,19.0,1.9000000000000001,0.63,0.37,0.0,0.04755839922734312,0.20949016191116268,1.2582084760859429,3.970927422779099
7,70,0.98,0.5,0.95,0.5,0,1,measurement_noise_x_increased,300,400,0,,,45.0,4.5,0.61,0.39,0.0,0.07460209438849702,0.2905694334826127,0.7583449121460678,2.077781262789668
7,70,0.98,0.5,0.95,0.5,0,2,measurement_noise_xy_decreased,500,600,0,,,65.0,6.5,0.42,0.58,0.0,0.2604146677442867,0.740538804389289,0.3108220514418344,1.0256832163208238
7,70,0.98,0.5,0.95,0.5,0,3,truncated_gaussian_measurement_noise,700,800,0,,,50.0,5.0,0.54,0.46,0.0,0.18434032754645416,0.6372770367540128,0.384027147034413,0.9700072176398135
7,70,0.98,0.5,0.95,0.5,0,4,coordinated_turn_model_mismatch,900,1000,1,57.0,5.7,70.0,7.0,0.32,0.25,0.43,0.535261315100043,0.9999999974209238,3.0762588689022863,4.685813908554918
7,70,0.98,0.5,0.95,0.5,0,5,process_noise_x_increased,1100,1300,0,,,0.0,0.0,0.92,0.08,0.0,0.012364160322886435,0.08339889392442996,0.7730004400459154,1.9952803799749892
7,70,0.99,0.5,0.95,0.5,0,0,measurement_outliers,100,200,0,,,18.0,1.8,0.77,0.23,0.0,0.0311254262200838,0.1614961744558222,1.2582084760859429,3.970927422779099
7,70,0.99,0.5,0.95,0.5,0,1,measurement_noise_x_increased,300,400,0,,,44.0,4.4,0.74,0.26,0.0,0.04952610078613483,0.21945961778257556,0.7583449121460678,2.077781262789668
7,70,0.99,0.5,0.95,0.5,0,2,measurement_noise_xy_decreased,500,600,0,,,66.0,6.6000000000000005,0.42,0.58,0.0,0.2287630861775839,0.702806105694532,0.3108220514418344,1.0256832163208238
7,70,0.99,0.5,0.95,0.5,0,3,truncated_gaussian_measurement_noise,700,800,0,,,55.0,5.5,0.58,0.42,0.0,0.1513046956712435,0.5988154139060224,0.384027147034413,0.9700072176398135
7,70,0.99,0.5,0.95,0.5,0,4,coordinated_turn_model_mismatch,900,1000,1,58.0,5.800000000000001,70.0,7.0,0.34,0.24,0.42,0.528762183017451,0.9999999968054729,3.0762588689022863,4.685813908554918
7,70,0.99,0.5,0.95,0.5,0,5,process_noise_x_increased,1100,1300,0,,,0.0,0.0,0.97,0.03,0.0,0.007720423172979337,0.05875171178896732,0.7730004400459154,1.9952803799749892
7,70,0.995,0.5,0.95,0.5,0,0,measurement_outliers,100,200,0,,,13.0,1.3,0.64,0.36,0.0,0.04021458671238226,0.21450566528659554,1.2582084760859429,3.970927422779099
7,70,0.995,0.5,0.95,0.5,0,1,measurement_noise_x_increased,300,400,0,,,41.0,4.1000000000000005,0.74,0.26,0.0,0.08132092300604557,0.3546589314235684,0.7583449121460678,2.077781262789668
7,70,0.995,0.5,0.95,0.5,0,2,measurement_noise_xy_decreased,500,600,0,,,66.0,6.6000000000000005,0.47,0.53,0.0,0.278081452712581,0.7186684698325095,0.3108220514418344,1.0256832163208238
7,70,0.995,0.5,0.95,0.5,0,3,truncated_gaussian_measurement_noise,700,800,0,,,55.0,5.5,0.62,0.38,0.0,0.12497283029263047,0.5055519575816121,0.384027147034413,0.9700072176398135
7,70,0.995,0.5,0.95,0.5,0,4,coordinated_turn_model_mismatch,900,1000,1,57.0,5.7,70.0,7.0,0.36,0.21,0.43,0.5284269306692199,0.9999999953806874,3.0762588689022863,4.685813908554918
7,70,0.995,0.5,0.95,0.5,0,5,process_noise_x_increased,1100,1300,0,,,0.0,0.0,1.0,0.0,0.0,0.0037799779002511556,0.028481546637678046,0.7730004400459154,1.9952803799749892
10,50,0.95,0.5,0.95,0.5,0,0,measurement_outliers,100,200,0,,,36.0,3.6,0.36,0.64,0.0,0.1908066630224391,0.4164009421958373,1.2582084760859429,3.970927422779099
10,50,0.95,0.5,0.95,0.5,0,1,measurement_noise_x_increased,300,400,0,,,53.0,5.300000000000001,0.0,1.0,0.0,0.272284923725907,0.5869804417305319,0.7583449121460678,2.077781262789668
10,50,0.95,0.5,0.95,0.5,0,2,measurement_noise_xy_decreased,500,600,0,,,82.0,8.200000000000001,0.2,0.8,0.0,0.3263264129390736,0.6107238499961448,0.3108220514418344,1.0256832163208238
10,50,0.95,0.5,0.95,0.5,0,3,truncated_gaussian_measurement_noise,700,800,0,,,84.0,8.4,0.13,0.87,0.0,0.31589741040795327,0.6283814383056218,0.384027147034413,0.9700072176398135
10,50,0.95,0.5,0.95,0.5,0,4,coordinated_turn_model_mismatch,900,1000,1,52.0,5.2,72.0,7.2,0.13,0.39,0.48,0.618008865769116,0.9999932259826353,3.0762588689022863,4.685813908554918
10,50,0.95,0.5,0.95,0.5,0,5,process_noise_x_increased,1100,1300,0,,,0.0,0.0,0.52,0.48,0.0,0.0754411957591703,0.2536804971514566,0.7730004400459154,1.9952803799749892
10,50,0.98,0.5,0.95,0.5,0,0,measurement_outliers,100,200,0,,,33.0,3.3000000000000003,0.43,0.57,0.0,0.13913644879395481,0.3480410264433217,1.2582084760859429,3.970927422779099
10,50,0.98,0.5,0.95,0.5,0,1,measurement_noise_x_increased,300,400,0,,,48.0,4.800000000000001,0.0,1.0,0.0,0.2152107401154174,0.5181011946602305,0.7583449121460678,2.077781262789668
10,50,0.98,0.5,0.95,0.5,0,2,measurement_noise_xy_decreased,500,600,0,,,74.0,7.4,0.27,0.73,0.0,0.2574302227546208,0.5582857884726499,0.3108220514418344,1.0256832163208238
10,50,0.98,0.5,0.95,0.5,0,3,truncated_gaussian_measurement_noise,700,800,0,,,56.0,5.6000000000000005,0.25,0.75,0.0,0.25348474690335954,0.5706778356491629,0.384027147034413,0.9700072176398135
10,50,0.98,0.5,0.95,0.5,0,4,coordinated_turn_model_mismatch,900,1000,1,56.0,5.6000000000000005,75.0,7.5,0.24,0.32,0.44,0.5773611020872572,0.9999799126040398,3.0762588689022863,4.685813908554918
10,50,0.98,0.5,0.95,0.5,0,5,process_noise_x_increased,1100,1300,0,,,0.0,0.0,0.555,0.445,0.0,0.04886115902679261,0.16334746790027593,0.7730004400459154,1.9952803799749892
10,50,0.99,0.5,0.95,0.5,0,0,measurement_outliers,100,200,0,,,28.0,2.8000000000000003,0.47,0.53,0.0,0.09256526404465537,0.2607584111872218,1.2582084760859429,3.970927422779099
10,50,0.99,0.5,0.95,0.5,0,1,measurement_noise_x_increased,300,400,0,,,47.0,4.7,0.11,0.89,0.0,0.15828345503780752,0.4291191141886644,0.7583449121460678,2.077781262789668
10,50,0.99,0.5,0.95,0.5,0,2,measurement_noise_xy_decreased,500,600,0,,,71.0,7.1000000000000005,0.38,0.62,0.0,0.18464895926595187,0.47644959456114744,0.3108220514418344,1.0256832163208238
10,50,0.99,0.5,0.95,0.5,0,3,truncated_gaussian_measurement_noise,700,800,0,,,55.0,5.5,0.3,0.7,0.0,0.19614482304258232,0.49221989826994467,0.384027147034413,0.9700072176398135
10,50,0.99,0.5,0.95,0.5,0,4,coordinated_turn_model_mismatch,900,1000,1,63.0,6.300000000000001,78.0,7.800000000000001,0.29,0.34,0.37,0.5285564837444219,0.9998803169636671,3.0762588689022863,4.685813908554918
10,50,0.99,0.5,0.95,0.5,0,5,process_noise_x_increased,1100,1300,0,,,0.0,0.0,0.795,0.205,0.0,0.02929977845278301,0.09332685123317651,0.7730004400459154,1.9952803799749892
10,50,0.995,0.5,0.95,0.5,0,0,measurement_outliers,100,200,0,,,19.0,1.9000000000000001,0.6,0.4,0.0,0.047999401329680697,0.15378947512963112,1.2582084760859429,3.970927422779099
10,50,0.995,0.5,0.95,0.5,0,1,measurement_noise_x_increased,300,400,0,,,45.0,4.5,0.38,0.62,0.0,0.09872058049214794,0.30567828445034995,0.7583449121460678,2.077781262789668
10,50,0.995,0.5,0.95,0.5,0,2,measurement_noise_xy_decreased,500,600,0,,,69.0,6.9,0.5,0.5,0.0,0.10358374424833722,0.35070511984257585,0.3108220514418344,1.0256832163208238
10,50,0.995,0.5,0.95,0.5,0,3,truncated_gaussian_measurement_noise,700,800,0,,,54.0,5.4,0.38,0.62,0.0,0.1371610621004587,0.38151952074264495,0.384027147034413,0.9700072176398135
10,50,0.995,0.5,0.95,0.5,0,4,coordinated_turn_model_mismatch,900,1000,1,80.0,8.0,84.0,8.4,0.35,0.45,0.2,0.45125391152477495,0.9986055247533029,3.0762588689022863,4.685813908554918
10,50,0.995,0.5,0.95,0.5,0,5,process_noise_x_increased,1100,1300,0,,,0.0,0.0,1.0,0.0,0.0,0.015045239662229806,0.0453757827612639,0.7730004400459154,1.9952803799749892
10,70,0.95,0.5,0.95,0.5,0,0,measurement_outliers,100,200,0,,,33.0,3.3000000000000003,0.47,0.53,0.0,0.09393196192815349,0.27421997987780294,1.2582084760859429,3.970927422779099
10,70,0.95,0.5,0.95,0.5,0,1,measurement_noise_x_increased,300,400,0,,,48.0,4.800000000000001,0.12,0.88,0.0,0.17570536647852328,0.4653594943232333,0.7583449121460678,2.077781262789668
10,70,0.95,0.5,0.95,0.5,0,2,measurement_noise_xy_decreased,500,600,0,,,70.0,7.0,0.41,0.59,0.0,0.21394074002853788,0.5913801606258178,0.3108220514418344,1.0256832163208238
10,70,0.95,0.5,0.95,0.5,0,3,truncated_gaussian_measurement_noise,700,800,0,,,56.0,5.6000000000000005,0.39,0.61,0.0,0.20118817547883697,0.5376896643540324,0.384027147034413,0.9700072176398135
10,70,0.95,0.5,0.95,0.5,0,4,coordinated_turn_model_mismatch,900,1000,1,65.0,6.5,78.0,7.800000000000001,0.29,0.36,0.35,0.5201650989567197,0.9999902103802577,3.0762588689022863,4.685813908554918
10,70,0.95,0.5,0.95,0.5,0,5,process_noise_x_increased,1100,1300,0,,,0.0,0.0,0.725,0.275,0.0,0.031774654177293554,0.11707327492313988,0.7730004400459154,1.9952803799749892
10,70,0.98,0.5,0.95,0.5,0,0,measurement_outliers,100,200,0,,,28.0,2.8000000000000003,0.54,0.46,0.0,0.06449922792754796,0.20506914729108866,1.2582084760859429,3.970927422779099
10,70,0.98,0.5,0.95,0.5,0,1,measurement_noise_x_increased,300,400,0,,,48.0,4.800000000000001,0.22,0.78,0.0,0.13233230560631037,0.39716936671837005,0.7583449121460678,2.077781262789668
10,70,0.98,0.5,0.95,0.5,0,2,measurement_noise_xy_decreased,500,600,0,,,69.0,6.9,0.46,0.54,0.0,0.16062827669276922,0.50355011274805,0.3108220514418344,1.0256832163208238
10,70,0.98,0.5,0.95,0.5,0,3,truncated_gaussian_measurement_noise,700,800,0,,,55.0,5.5,0.43,0.57,0.0,0.15694662169151366,0.4749323449418182,0.384027147034413,0.9700072176398135
10,70,0.98,0.5,0.95,0.5,0,4,coordinated_turn_model_mismatch,900,1000,1,72.0,7.2,84.0,8.4,0.33,0.39,0.28,0.47584469324045187,0.9999343213219211,3.0762588689022863,4.685813908554918
10,70,0.98,0.5,0.95,0.5,0,5,process_noise_x_increased,1100,1300,0,,,0.0,0.0,0.89,0.11,0.0,0.019544143406487077,0.06885708615908775,0.7730004400459154,1.9952803799749892
10,70,0.99,0.5,0.95,0.5,0,0,measurement_outliers,100,200,0,,,24.0,2.4000000000000004,0.62,0.38,0.0,0.039838054879514306,0.1381993044005175,1.2582084760859429,3.970927422779099
10,70,0.99,0.5,0.95,0.5,0,1,measurement_noise_x_increased,300,400,0,,,47.0,4.7,0.45,0.55,0.0,0.0927702771678233,0.30846455388286015,0.7583449121460678,2.077781262789668
10,70,0.99,0.5,0.95,0.5,0,2,measurement_noise_xy_decreased,500,600,0,,,69.0,6.9,0.56,0.44,0.0,0.1089194168459103,0.41445227090482634,0.3108220514418344,1.0256832163208238
10,70,0.99,0.5,0.95,0.5,0,3,truncated_gaussian_measurement_noise,700,800,0,,,55.0,5.5,0.49,0.51,0.0,0.11864516681138436,0.39164774610289754,0.384027147034413,0.9700072176398135
10,70,0.99,0.5,0.95,0.5,0,4,coordinated_turn_model_mismatch,900,1000,1,81.0,8.1,88.0,8.8,0.37,0.44,0.19,0.4207163291801788,0.9994592835443425,3.0762588689022863,4.685813908554918
10,70,0.99,0.5,0.95,0.5,0,5,process_noise_x_increased,1100,1300,0,,,0.0,0.0,1.0,0.0,0.0,0.011511684369369524,0.03682777902970729,0.7730004400459154,1.9952803799749892
10,70,0.995,0.5,0.95,0.5,0,0,measurement_outliers,100,200,0,,,16.0,1.6,0.93,0.07,0.0,0.018948246173466757,0.07124543806248766,1.2582084760859429,3.970927422779099
10,70,0.995,0.5,0.95,0.5,0,1,measurement_noise_x_increased,300,400,0,,,44.0,4.4,0.69,0.31,0.0,0.05446649422111307,0.19771239952350772,0.7583449121460678,2.077781262789668
10,70,0.995,0.5,0.95,0.5,0,2,measurement_noise_xy_decreased,500,600,0,,,68.0,6.800000000000001,0.66,0.34,0.0,0.05514406235875988,0.2655112695867919,0.3108220514418344,1.0256832163208238
10,70,0.995,0.5,0.95,0.5,0,3,truncated_gaussian_measurement_noise,700,800,0,,,54.0,5.4,0.54,0.46,0.0,0.081693152543091,0.28587536750796183,0.384027147034413,0.9700072176398135
10,70,0.995,0.5,0.95,0.5,0,4,coordinated_turn_model_mismatch,900,1000,1,90.0,9.0,93.0,9.3,0.44,0.46,0.1,0.33780865501715096,0.9940278902149092,3.0762588689022863,4.685813908554918
10,70,0.995,0.5,0.95,0.5,0,5,process_noise_x_increased,1100,1300,0,,,0.0,0.0,1.0,0.0,0.0,0.006526691483329905,0.017025958414270077,0.7730004400459154,1.9952803799749892
5,25,0.95,0.5,0.95,0.5,1,0,measurement_outliers,100,200,0,,,0.0,0.0,0.13,0.87,0.0,0.29216888242806877,0.6662045400725858,1.2896350400455654,4.047046597891902
5,25,0.95,0.5,0.95,0.5,1,1,measurement_noise_x_increased,300,400,0,,,8.0,0.8,0.13,0.87,0.0,0.18798468325623333,0.3997002193179688,0.6677325920600821,1.7405387753850081
5,25,0.95,0.5,0.95,0.5,1,2,measurement_noise_xy_decreased,500,600,0,,,23.0,2.3000000000000003,0.09,0.91,0.0,0.5331723706735159,0.8882914108773008,0.40747467533508624,0.8368043747373416
5,25,0.95,0.5,0.95,0.5,1,3,truncated_gaussian_measurement_noise,700,800,0,,,17.0,1.7000000000000002,0.1,0.9,0.0,0.5131431186127666,0.8348750768924867,0.3224381123872027,0.9878375099194261
5,25,0.95,0.5,0.95,0.5,1,4,coordinated_turn_model_mismatch,900,1000,1,40.0,4.0,34.0,3.4000000000000004,0.17,0.23,0.6,0.7288974303152669,0.998599038991924,1.9244087000124654,2.919678532823614
5,25,0.95,0.5,0.95,0.5,1,5,process_noise_x_increased,1100,1300,0,,,37.0,3.7,0.335,0.665,0.0,0.28881293050981005,0.937571385410472,1.071853029527648,3.409078520315843
5,25,0.98,0.5,0.95,0.5,1,0,measurement_outliers,100,200,0,,,0.0,0.0,0.17,0.83,0.0,0.21764555724676035,0.5600967916309368,1.2896350400455654,4.047046597891902
5,25,0.98,0.5,0.95,0.5,1,1,measurement_noise_x_increased,300,400,0,,,7.0,0.7000000000000001,0.2,0.8,0.0,0.13162302651227636,0.32697157336525245,0.6677325920600821,1.7405387753850081
5,25,0.98,0.5,0.95,0.5,1,2,measurement_noise_xy_decreased,500,600,0,,,24.0,2.4000000000000004,0.13,0.87,0.0,0.467992084961163,0.8750577470327765,0.40747467533508624,0.8368043747373416
5,25,0.98,0.5,0.95,0.5,1,3,truncated_gaussian_measurement_noise,700,800,0,,,17.0,1.7000000000000002,0.16,0.84,0.0,0.453377692581707,0.8002201871946304,0.3224381123872027,0.9878375099194261
5,25,0.98,0.5,0.95,0.5,1,4,coordinated_turn_model_mismatch,900,1000,1,32.0,3.2,36.0,3.6,0.2,0.14,0.66,0.732726214737311,0.999602268780267,1.9244087000124654,2.919678532823614
5,25,0.98,0.5,0.95,0.5,1,5,process_noise_x_increased,1100,1300,0,,,37.0,3.7,0.38,0.62,0.0,0.2293140296075123,0.8587291050648792,1.071853029527648,3.409078520315843
5,25,0.99,0.5,0.95,0.5,1,0,measurement_outliers,100,200,0,,,0.0,0.0,0.21,0.79,0.0,0.2221935419193305,0.5028415788606733,1.2896350400455654,4.047046597891902
5,25,0.99,0.5,0.95,0.5,1,1,measurement_noise_x_increased,300,400,0,,,6.0,0.6000000000000001,0.37,0.63,0.0,0.08533551129002345,0.24659278117293215,0.6677325920600821,1.7405387753850081
5,25,0.99,0.5,0.95,0.5,1,2,measurement_noise_xy_decreased,500,600,0,,,28.0,2.8000000000000003,0.22,0.78,0.0,0.5179871800047837,0.8637747494369357,0.40747467533508624,0.8368043747373416
5,25,0.99,0.5,0.95,0.5,1,3,truncated_gaussian_measurement_noise,700,800,0,,,17.0,1.7000000000000002,0.18,0.82,0.0,0.38562375398510507,0.7230530892764088,0.3224381123872027,0.9878375099194261
5,25,0.99,0.5,0.95,0.5,1,4,coordinated_turn_model_mismatch,900,1000,1,42.0,4.2,38.0,3.8000000000000003,0.22,0.22,0.56,0.7193930028195288,0.998945797526943,1.9244087000124654,2.919678532823614
5,25,0.99,0.5,0.95,0.5,1,5,process_noise_x_increased,1100,1300,0,,,33.0,3.3000000000000003,0.44,0.56,0.0,0.20352503491909243,0.8690414638905241,1.071853029527648,3.409078520315843
5,25,0.995,0.5,0.95,0.5,1,0,measurement_outliers,100,200,0,,,0.0,0.0,0.21,0.79,0.0,0.18559766618153137,0.5548142623073126,1.2896350400455654,4.047046597891902
5,25,0.995,0.5,0.95,0.5,1,1,measurement_noise_x_increased,300,400,0,,,4.0,0.4,0.4,0.6,0.0,0.06530814278622674,0.18436345926849596,0.6677325920600821,1.7405387753850081
5,25,0.995,0.5,0.95,0.5,1,2,measurement_noise_xy_decreased,500,600,0,,,28.0,2.8000000000000003,0.21,0.79,0.0,0.47555029191826637,0.8334559029289381,0.40747467533508624,0.8368043747373416
5,25,0.995,0.5,0.95,0.5,1,3,truncated_gaussian_measurement_noise,700,800,0,,,17.0,1.7000000000000002,0.2,0.8,0.0,0.348970616689032,0.6588598256401715,0.3224381123872027,0.9878375099194261
5,25,0.995,0.5,0.95,0.5,1,4,coordinated_turn_model_mismatch,900,1000,1,35.0,3.5,32.0,3.2,0.2,0.15,0.65,0.7293346145280855,0.9998485425383036,1.9244087000124654,2.919678532823614
5,25,0.995,0.5,0.95,0.5,1,5,process_noise_x_increased,1100,1300,0,,,29.0,2.9000000000000004,0.445,0.555,0.0,0.22086106660359367,0.8316824171876127,1.071853029527648,3.409078520315843
5,35,0.95,0.5,0.95,0.5,1,0,measurement_outliers,100,200,0,,,1.0,0.1,0.19,0.81,0.0,0.21330237252865467,0.5396952900228723,1.2896350400455654,4.047046597891902
5,35,0.95,0.5,0.95,0.5,1,1,measurement_noise_x_increased,300,400,0,,,6.0,0.6000000000000001,0.23,0.77,0.0,0.11880547813863243,0.2978757813378999,0.6677325920600821,1.7405387753850081
5,35,0.95,0.5,0.95,0.5,1,2,measurement_noise_xy_decreased,500,600,0,,,25.0,2.5,0.18,0.82,0.0,0.47198519599614536,0.865029342633132,0.40747467533508624,0.8368043747373416
5,35,0.95,0.5,0.95,0.5,1,3,truncated_gaussian_measurement_noise,700,800,0,,,17.0,1.7000000000000002,0.18,0.82,0.0,0.4491428691314548,0.8201810315057712,0.3224381123872027,0.9878375099194261
5,35,0.95,0.5,0.95,0.5,1,4,coordinated_turn_model_mismatch,900,1000,1,50.0,5.0,38.0,3.8000000000000003,0.21,0.28,0.51,0.6661229681277419,0.9985226591904051,1.9244087000124654,2.919678532823614
5,35,0.95,0.5,0.95,0.5,1,5,process_noise_x_increased,1100,1300,0,,,37.0,3.7,0.4,0.6,0.0,0.2125228329334148,0.8637944687848264,1.071853029527648,3.409078520315843
5,35,0.98,0.5,0.95,0.5,1,0,measurement_outliers,100,200,0,,,1.0,0.1,0.21,0.79,0.0,0.1526941680250074,0.4460869828512926,1.2896350400455654,4.047046597891902
5,35,0.98,0.5,0.95,0.5,1,1,measurement_noise_x_increased,300,400,0,,,6.0,0.6000000000000001,0.39,0.61,0.0,0.08422821545802785,0.23854025332399253,0.6677325920600821,1.7405387753850081
5,35,0.98,0.5,0.95,0.5,1,2,measurement_noise_xy_decreased,500,600,0,,,29.0,2.9000000000000004,0.26,0.74,0.0,0.4143140274912768,0.8542941464716348,0.40747467533508624,0.8368043747373416
5,35,0.98,0.5,0.95,0.5,1,3,truncated_gaussian_measurement_noise,700,800,0,,,17.0,1.7000000000000002,0.2,0.8,0.0,0.3972684591040664,0.7585908383520437,0.3224381123872027,0.9878375099194261
5,35,0.98,0.5,0.95,0.5,1,4,coordinated_turn_model_mismatch,900,1000,1,44.0,4.4,38.0,3.8000000000000003,0.23,0.22,0.55,0.6654621378434635,0.9990795120291678,1.9244087000124654,2.919678532823614
5,35,0.98,0.5,0.95,0.5,1,5,process_noise_x_increased,1100,1300,0,,,36.0,3.6,0.46,0.54,0.0,0.1706199269444084,0.8565167489180106,1.071853029527648,3.409078520315843
5,35,0.99,0.5,0.95,0.5,1,0,measurement_outliers,100,200,0,,,1.0,0.1,0.24,0.76,0.0,0.11905523660508947,0.3589724826812912,1.2896350400455654,4.047046597891902
5,35,0.99,0.5,0.95,0.5,1,1,measurement_noise_x_increased,300,400,0,,,6.0,0.6000000000000001,0.58,0.42,0.0,0.053896229239409406,0.1728244474411152,0.6677325920600821,1.7405387753850081
5,35,0.99,0.5,0.95,0.5,1,2,measurement_noise_xy_decreased,500,600,0,,,31.0,3.1,0.33,0.67,0.0,0.40029634752366483,0.8362398059478948,0.40747467533508624,0.8368043747373416
5,35,0.99,0.5,0.95,0.5,1,3,truncated_gaussian_measurement_noise,700,800,0,,,17.0,1.7000000000000002,0.25,0.75,0.0,0.3347500939124396,0.6542754565674757,0.3224381123872027,0.9878375099194261
5,35,0.99,0.5,0.95,0.5,1,4,coordinated_turn_model_mismatch,900,1000,1,45.0,4.5,35.0,3.5,0.27,0.18,0.55,0.6603172405595151,0.9993902166920782,1.9244087000124654,2.919678532823614
5,35,0.99,0.5,0.95,0.5,1,5,process_noise_x_increased,1100,1300,0,,,33.0,3.3000000000000003,0.485,0.515,0.0,0.14249834201662925,0.7025959390042792,1.071853029527648,3.409078520315843
5,35,0.995,0.5,0.95,0.5,1,0,measurement_outliers,100,200,0,,,4.0,0.4,0.19,0.81,0.0,0.14956476596924723,0.4447936197709068,1.2896350400455654,4.047046597891902
5,35,0.995,0.5,0.95,0.5,1,1,measurement_noise_x_increased,300,400,0,,,4.0,0.4,0.74,0.26,0.0,0.025927917131251935,0.08915979647185852,0.6677325920600821,1.7405387753850081
5,35,0.995,0.5,0.95,0.5,1,2,measurement_noise_xy_decreased,500,600,0,,,36.0,3.6,0.33,0.67,0.0,0.4374138183838575,0.8269167670687502,0.40747467533508624,0.8368043747373416
5,35,0.995,0.5,0.95,0.5,1,3,truncated_gaussian_measurement_noise,700,800,0,,,17.0,1.7000000000000002,0.3,0.7,0.0,0.40700887585576134,0.7691449947538396,0.3224381123872027,0.9878375099194261
5,35,0.995,0.5,0.95,0.5,1,4,coordinated_turn_model_mismatch,900,1000,1,45.0,4.5,35.0,3.5,0.27,0.18,0.55,0.66663250976664,0.9998498043944775,1.9244087000124654,2.919678532823614
5,35,0.995,0.5,0.95,0.5,1,5,process_noise_x_increased,1100,1300,0,,,33.0,3.3000000000000003,0.535,0.465,0.0,0.12767888898987081,0.9312260785410788,1.071853029527648,3.409078520315843
5,50,0.95,0.5,0.95,0.5,1,0,measurement_outliers,100,200,0,,,1.0,0.1,0.42,0.58,0.0,0.11923914788859401,0.3289733640967463,1.2896350400455654,4.047046597891902
5,50,0.95,0.5,0.95,0.5,1,1,measurement_noise_x_increased,300,400,0,,,8.0,0.8,0.52,0.48,0.0,0.06413396284734424,0.23128097856815896,0.6677325920600821,1.7405387753850081
5,50,0.95,0.5,0.95,0.5,1,2,measurement_noise_xy_decreased,500,600,0,,,36.0,3.6,0.35,0.65,0.0,0.38497399841335933,0.880656472967209,0.40747467533508624,0.8368043747373416
5,50,0.95,0.5,0.95,0.5,1,3,truncated_gaussian_measurement_noise,700,800,0,,,17.0,1.7000000000000002,0.29,0.71,0.0,0.36419422624917613,0.7908693544698319,0.3224381123872027,0.9878375099194261
5,50,0.95,0.5,0.95,0.5,1,4,coordinated_turn_model_mismatch,900,1000,1,57.0,5.7,44.0,4.4,0.28,0.29,0.43,0.5623597123142049,0.9994076771281057,1.9244087000124654,2.919678532823614
5,50,0.95,0.5,0.95,0.5,1,5,process_noise_x_increased,1100,1300,0,,,45.0,4.5,0.565,0.435,0.0,0.11822553987983003,0.5480562949917953,1.071853029527648,3.409078520315843
5,50,0.98,0.5,0.95,0.5,1,0,measurement_outliers,100,200,0,,,1.0,0.1,0.52,0.48,0.0,0.08294197338417553,0.26063043760249227,1.2896350400455654,4.047046597891902
5,50,0.98,0.5,0.95,0.5,1,1,measurement_noise_x_increased,300,400,0,,,6.0,0.6000000000000001,0.59,0.41,0.0,0.04452224145808553,0.17008942522166542,0.6677325920600821,1.7405387753850081
5,50,0.98,0.5,0.95,0.5,1,2,measurement_noise_xy_decreased,500,600,0,,,36.0,3.6,0.4,0.6,0.0,0.35660058253170496,0.8577702981789588,0.40747467533508624,0.8368043747373416
5,50,0.98,0.5,0.95,0.5,1,3,truncated_gaussian_measurement_noise,700,800,0,,,17.0,1.7000000000000002,0.33,0.67,0.0,0.3149803314080888,0.6619224022093155,0.3224381123872027,0.9878375099194261
5,50,0.98,0.5,0.95,0.5,1,4,coordinated_turn_model_mismatch,900,1000,1,57.0,5.7,47.0,4.7,0.3,0.27,0.43,0.5548612697924133,0.9994610576620057,1.9244087000124654,2.919678532823614
5,50,0.98,0.5,0.95,0.5,1,5,process_noise_x_increased,1100,1300,0,,,45.0,4.5,0.62,0.38,0.0,0.09306360246446758,0.49867789862272516,1.071853029527648,3.409078520315843
5,50,0.99,0.5,0.95,0.5,1,0,measurement_outliers,100,200,0,,,0.0,0.0,0.48,0.52,0.0,0.08918362745761531,0.33230086624732813,1.2896350400455654,4.047046597891902
5,50,0.99,0.5,0.95,0.5,1,1,measurement_noise_x_increased,300,400,0,,,4.0,0.4,0.7,0.3,0.0,0.026911489698105976,0.10278234778136973,0.6677325920600821,1.7405387753850081
5,50,0.99,0.5,0.95,0.5,1,2,measurement_noise_xy_decreased,500,600,0,,,37.0,3.7,0.43,0.57,0.0,0.3627455820826186,0.8384548977861797,0.40747467533508624,0.8368043747373416
5,50,0.99,0.5,0.95,0.5,1,3,truncated_gaussian_measurement_noise,700,800,0,,,18.0,1.8,0.36,0.64,0.0,0.34624749041995967,0.8036213747309304,0.3224381123872027,0.9878375099194261
5,50,0.99,0.5,0.95,0.5,1,4,coordinated_turn_model_mismatch,900,1000,1,55.0,5.5,46.0,4.6000000000000005,0.32,0.23,0.45,0.5512780454692566,0.9997561209003386,1.9244087000124654,2.919678532823614
5,50,0.99,0.5,0.95,0.5,1,5,process_noise_x_increased,1100,1300,0,,,41.0,4.1000000000000005,0.635,0.365,0.0,0.08575945310721499,0.45225339841459256,1.071853029527648,3.409078520315843
5,50,0.995,0.5,0.95,0.5,1,0,measurement_outliers,100,200,0,,,2.0,0.2,0.56,0.44,0.0,0.08362122746729897,0.3119401874304719,1.2896350400455654,4.047046597891902
5,50,0.995,0.5,0.95,0.5,1,1,measurement_noise_x_increased,300,400,0,,,0.0,0.0,1.0,0.0,0.0,0.011395116980010025,0.04257764089019001,0.6677325920600821,1.7405387753850081
5,50,0.995,0.5,0.95,0.5,1,2,measurement_noise_xy_decreased,500,600,0,,,37.0,3.7,0.41,0.59,0.0,0.32786015621364883,0.8074387323889151,0.40747467533508624,0.8368043747373416
5,50,0.995,0.5,0.95,0.5,1,3,truncated_gaussian_measurement_noise,700,800,0,,,18.0,1.8,0.4,0.6,0.0,0.32049414871015947,0.7271186719221168,0.3224381123872027,0.9878375099194261
5,50,0.995,0.5,0.95,0.5,1,4,coordinated_turn_model_mismatch,900,1000,1,56.0,5.6000000000000005,42.0,4.2,0.32,0.24,0.44,0.5593832448015396,0.9998698692812238,1.9244087000124654,2.919678532823614
5,50,0.995,0.5,0.95,0.5,1,5,process_noise_x_increased,1100,1300,0,,,38.0,3.8000000000000003,0.71,0.29,0.0,0.05514386281240553,0.3002953100979654,1.071853029527648,3.409078520315843
5,70,0.95,0.5,0.95,0.5,1,0,measurement_outliers,100,200,0,,,0.0,0.0,0.66,0.34,0.0,0.057803780888732635,0.27401746836258595,1.2896350400455654,4.047046597891902
5,70,0.95,0.5,0.95,0.5,1,1,measurement_noise_x_increased,300,400,0,,,3.0,0.30000000000000004,0.74,0.26,0.0,0.02569149031852631,0.10208947440015911,0.6677325920600821,1.7405387753850081
5,70,0.95,0.5,0.95,0.5,1,2,measurement_noise_xy_decreased,500,600,0,,,41.0,4.1000000000000005,0.49,0.51,0.0,0.26239666981006066,0.8187053122637227,0.40747467533508624,0.8368043747373416
5,70,0.95,0.5,0.95,0.5,1,3,truncated_gaussian_measurement_noise,700,800,0,,,21.0,2.1,0.4,0.6,0.0,0.23937709238952679,0.6390304023041575,0.3224381123872027,0.9878375099194261
5,70,0.95,0.5,0.95,0.5,1,4,coordinated_turn_model_mismatch,900,1000,1,75.0,7.5,53.0,5.300000000000001,0.41,0.34,0.25,0.4083464735600071,0.9992537482472557,1.9244087000124654,2.919678532823614
5,70,0.95,0.5,0.95,0.5,1,5,process_noise_x_increased,1100,1300,0,,,49.0,4.9,0.715,0.285,0.0,0.03918484807765299,0.21087588356844758,1.071853029527648,3.409078520315843
5,70,0.98,0.5,0.95,0.5,1,0,measurement_outliers,100,200,0,,,0.0,0.0,0.71,0.29,0.0,0.035818588739478276,0.1978404559497542,1.2896350400455654,4.047046597891902
5,70,0.98,0.5,0.95,0.5,1,1,measurement_noise_x_increased,300,400,0,,,0.0,0.0,0.93,0.07,0.0,0.0153077456001992,0.07093343890035614,0.6677325920600821,1.7405387753850081
5,70,0.98,0.5,0.95,0.5,1,2,measurement_noise_xy_decreased,500,600,0,,,43.0,4.3,0.53,0.47,0.0,0.23897532539107122,0.7951906301906825,0.40747467533508624,0.8368043747373416
5,70,0.98,0.5,0.95,0.5,1,3,truncated_gaussian_measurement_noise,700,800,0,,,21.0,2.1,0.43,0.57,0.0,0.19340171376158555,0.621397691320577,0.3224381123872027,0.9878375099194261
5,70,0.98,0.5,0.95,0.5,1,4,coordinated_turn_model_mismatch,900,1000,1,74.0,7.4,56.0,5.6000000000000005,0.43,0.31,0.26,0.40586751939690513,0.9993256186747426,1.9244087000124654,2.919678532823614
5,70,0.98,0.5,0.95,0.5,1,5,process_noise_x_increased,1100,1300,0,,,47.0,4.7,0.725,0.275,0.0,0.034170669291343395,0.2573929755142276,1.071853029527648,3.409078520315843
5,70,0.99,0.5,0.95,0.5,1,0,measurement_outliers,100,200,0,,,0.0,0.0,0.69,0.31,0.0,0.03506393474346541,0.17294019875676514,1.2896350400455654,4.047046597891902
5,70,0.99,0.5,0.95,0.5,1,1,measurement_noise_x_increased,300,400,0,,,0.0,0.0,1.0,0.0,0.0,0.007740518476318685,0.040566849441756404,0.6677325920600821,1.7405387753850081
5,70,0.99,0.5,0.95,0.5,1,2,measurement_noise_xy_decreased,500,600,0,,,46.0,4.6000000000000005,0.59,0.41,0.0,0.23466156402826502,0.7633532392371372,0.40747467533508624,0.8368043747373416
5,70,0.99,0.5,0.95,0.5,1,3,truncated_gaussian_measurement_noise,700,800,0,,,21.0,2.1,0.48,0.52,0.0,0.18461043812593908,0.6078448235806078,0.3224381123872027,0.9878375099194261
5,70,0.99,0.5,0.95,0.5,1,4,coordinated_turn_model_mismatch,900,1000,1,74.0,7.4,54.0,5.4,0.46,0.28,0.26,0.404706154249739,0.999379299825077,1.9244087000124654,2.919678532823614
5,70,0.99,0.5,0.95,0.5,1,5,process_noise_x_increased,1100,1300,0,,,0.0,0.0,0.83,0.17,0.0,0.02441230331345717,0.19524401044438816,1.071853029527648,3.409078520315843
5,70,0.995,0.5,0.95,0.5,1,0,measurement_outliers,100,200,0,,,0.0,0.0,0.72,0.28,0.0,0.050882996426871996,0.2654425179853741,1.2896350400455654,4.047046597891902
5,70,0.995,0.5,0.95,0.5,1,1,measurement_noise_x_increased,300,400,0,,,0.0,0.0,1.0,0.0,0.0,0.002645179713932978,0.015632953315115092,0.6677325920600821,1.7405387753850081
5,70,0.995,0.5,0.95,0.5,1,2,measurement_noise_xy_decreased,500,600,0,,,47.0,4.7,0.55,0.45,0.0,0.2656075215804984,0.8262458521129603,0.40747467533508624,0.8368043747373416
5,70,0.995,0.5,0.95,0.5,1,3,truncated_gaussian_measurement_noise,700,800,0,,,21.0,2.1,0.55,0.45,0.0,0.13785740134471322,0.5058495437016224,0.3224381123872027,0.9878375099194261
5,70,0.995,0.5,0.95,0.5,1,4,coordinated_turn_model_mismatch,900,1000,1,72.0,7.2,54.0,5.4,0.46,0.26,0.28,0.4104972214716771,0.9994551849028575,1.9244087000124654,2.919678532823614
5,70,0.995,0.5,0.95,0.5,1,5,process_noise_x_increased,1100,1300,0,,,0.0,0.0,0.91,0.09,0.0,0.014173573749434152,0.11839395128972804,1.071853029527648,3.409078520315843
7,35,0.95,0.5,0.95,0.5,1,0,measurement_outliers,100,200,0,,,6.0,0.6000000000000001,0.18,0.82,0.0,0.23370632860516521,0.6909170556030633,1.2896350400455654,4.047046597891902
7,35,0.95,0.5,0.95,0.5,1,1,measurement_noise_x_increased,300,400,0,,,20.0,2.0,0.14,0.86,0.0,0.21936892200212188,0.5039525925858344,0.6677325920600821,1.7405387753850081
7,35,0.95,0.5,0.95,0.5,1,2,measurement_noise_xy_decreased,500,600,0,,,36.0,3.6,0.0,1.0,0.0,0.5266502399223072,0.8395839425933399,0.40747467533508624,0.8368043747373416
7,35,0.95,0.5,0.95,0.5,1,3,truncated_gaussian_measurement_noise,700,800,0,,,21.0,2.1,0.05,0.95,0.0,0.4509599789213864,0.7955897161745621,0.3224381123872027,0.9878375099194261
7,35,0.95,0.5,0.95,0.5,1,4,coordinated_turn_model_mismatch,900,1000,1,54.0,5.4,40.0,4.0,0.18,0.35,0.47,0.6795773969018489,0.9957202636854741,1.9244087000124654,2.919678532823614
7,35,0.95,0.5,0.95,0.5,1,5,process_noise_x_increased,1100,1300,0,,,47.0,4.7,0.135,0.865,0.0,0.27821525797640567,0.8250777907131701,1.071853029527648,3.409078520315843
7,35,0.98,0.5,0.95,0.5,1,0,measurement_outliers,100,200,0,,,6.0,0.6000000000000001,0.2,0.8,0.0,0.17078804720073046,0.4356631821395535,1.2896350400455654,4.047046597891902
7,35,0.98,0.5,0.95,0.5,1,1,measurement_noise_x_increased,300,400,0,,,18.0,1.8,0.2,0.8,0.0,0.15166172127743535,0.3470780596092699,0.6677325920600821,1.7405387753850081
7,35,0.98,0.5,0.95,0.5,1,2,measurement_noise_xy_decreased,500,600,0,,,36.0,3.6,0.14,0.86,0.0,0.4699463035455553,0.8325568903365966,0.40747467533508624,0.8368043747373416
7,35,0.98,0.5,0.95,0.5,1,3,truncated_gaussian_measurement_noise,700,800,0,,,22.0,2.2,0.11,0.89,0.0,0.3998028717269743,0.700265102907333,0.3224381123872027,0.9878375099194261
7,35,0.98,0.5,0.95,0.5,1,4,coordinated_turn_model_mismatch,900,1000,1,56.0,5.6000000000000005,40.0,4.0,0.21,0.35,0.44,0.6619201032340709,0.9939055610303088,1.9244087000124654,2.919678532823614
7,35,0.98,0.5,0.95,0.5,1,5,process_noise_x_increased,1100,1300,0,,,47.0,4.7,0.23,0.77,0.0,0.23038806680739277,0.8412756233008686,1.071853029527648,3.409078520315843
7,35,0.99,0.5,0.95,0.5,1,0,measurement_outliers,100,200,0,,,5.0,0.5,0.26,0.74,0.0,0.13820385027363563,0.356134498844632,1.2896350400455654,4.047046597891902
7,35,0.99,0.5,0.95,0.5,1,1,measurement_noise_x_increased,300,400,0,,,17.0,1.7000000000000002,0.42,0.58,0.0,0.10233268532896178,0.258079886965758,0.6677325920600821,1.7405387753850081
7,35,0.99,0.5,0.95,0.5,1,2,measurement_noise_xy_decreased,500,600,0,,,38.0,3.8000000000000003,0.23,0.77,0.0,0.43324715501615907,0.8162341244940988,0.40747467533508624,0.8368043747373416
7,35,0.99,0.5,0.95,0.5,1,3,truncated_gaussian_measurement_noise,700,800,0,,,22.0,2.2,0.22,0.78,0.0,0.36823958952193064,0.6947225367548949,0.3224381123872027,0.9878375099194261
7,35,0.99,0.5,0.95,0.5,1,4,coordinated_turn_model_mismatch,900,1000,1,59.0,5.9,41.0,4.1000000000000005,0.24,0.35,0.41,0.640150178436461,0.9961844884327133,1.9244087000124654,2.919678532823614
7,35,0.99,0.5,0.95,0.5,1,5,process_noise_x_increased,1100,1300,0,,,44.0,4.4,0.38,0.62,0.0,0.1606052359022414,0.5113016460350283,1.071853029527648,3.409078520315843
7,35,0.995,0.5,0.95,0.5,1,0,measurement_outliers,100,200,0,,,3.0,0.30000000000000004,0.25,0.75,0.0,0.1364141973341876,0.34619528764114066,1.2896350400455654,4.047046597891902
7,35,0.995,0.5,0.95,0.5,1,1,measurement_noise_x_increased,300,400,0,,,16.0,1.6,0.31,0.69,0.0,0.08694704377103556,0.2191077062235768,0.6677325920600821,1.7405387753850081
7,35,0.995,0.5,0.95,0.5,1,2,measurement_noise_xy_decreased,500,600,0,,,37.0,3.7,0.18,0.82,0.0,0.4096378809502572,0.7868433354335927,0.40747467533508624,0.8368043747373416
7,35,0.995,0.5,0.95,0.5,1,3,truncated_gaussian_measurement_noise,700,800,0,,,28.0,2.8000000000000003,0.23,0.77,0.0,0.34585253711800384,0.6994537607908003,0.3224381123872027,0.9878375099194261
7,35,0.995,0.5,0.95,0.5,1,4,coordinated_turn_model_mismatch,900,1000,1,51.0,5.1000000000000005,41.0,4.1000000000000005,0.28,0.23,0.49,0.6489369218153584,0.9965732527374334,1.9244087000124654,2.919678532823614
7,35,0.995,0.5,0.95,0.5,1,5,process_noise_x_increased,1100,1300,0,,,46.0,4.6000000000000005,0.325,0.675,0.0,0.20714486242541064,0.817131944662941,1.071853029527648,3.409078520315843
7,50,0.95,0.5,0.95,0.5,1,0,measurement_outliers,100,200,0,,,14.0,1.4000000000000001,0.41,0.59,0.0,0.12404840026055339,0.3205976067377161,1.2896350400455654,4.047046597891902
7,50,0.95,0.5,0.95,0.5,1,1,measurement_noise_x_increased,300,400,0,,,19.0,1.9000000000000001,0.3,0.7,0.0,0.1362191954480575,0.34222055733034057,0.6677325920600821,1.7405387753850081
7,50,0.95,0.5,0.95,0.5,1,2,measurement_noise_xy_decreased,500,600,0,,,39.0,3.9000000000000004,0.13,0.87,0.0,0.43175579013729715,0.8781395048318127,0.40747467533508624,0.8368043747373416
7,50,0.95,0.5,0.95,0.5,1,3,truncated_gaussian_measurement_noise,700,800,0,,,22.0,2.2,0.23,0.77,0.0,0.36343400737667975,0.7116520745021224,0.3224381123872027,0.9878375099194261
7,50,0.95,0.5,0.95,0.5,1,4,coordinated_turn_model_mismatch,900,1000,1,58.0,5.800000000000001,46.0,4.6000000000000005,0.24,0.34,0.42,0.5931220502023099,0.9920148519634774,1.9244087000124654,2.919678532823614
7,50,0.95,0.5,0.95,0.5,1,5,process_noise_x_increased,1100,1300,0,,,47.0,4.7,0.375,0.625,0.0,0.17239581586175223,0.6797082815808921,1.071853029527648,3.409078520315843
7,50,0.98,0.5,0.95,0.5,1,0,measurement_outliers,100,200,0,,,12.0,1.2000000000000002,0.45,0.55,0.0,0.10127153100101612,0.2784076929502695,1.2896350400455654,4.047046597891902
7,50,0.98,0.5,0.95,0.5,1,1,measurement_noise_x_increased,300,400,0,,,18.0,1.8,0.44,0.56,0.0,0.09968667635251843,0.2736276468206527,0.6677325920600821,1.7405387753850081
7,50,0.98,0.5,0.95,0.5,1,2,measurement_noise_xy_decreased,500,600,0,,,43.0,4.3,0.26,0.74,0.0,0.4131408923165509,0.8460021518476869,0.40747467533508624,0.8368043747373416
7,50,0.98,0.5,0.95,0.5,1,3,truncated_gaussian_measurement_noise,700,800,0,,,22.0,2.2,0.28,0.72,0.0,0.31936284619859273,0.6351508281358932,0.3224381123872027,0.9878375099194261
7,50,0.98,0.5,0.95,0.5,1,4,coordinated_turn_model_mismatch,900,1000,1,59.0,5.9,48.0,4.800000000000001,0.27,0.32,0.41,0.5667664245178267,0.9941124432920571,1.9244087000124654,2.919678532823614
7,50,0.98,0.5,0.95,0.5,1,5,process_noise_x_increased,1100,1300,0,,,47.0,4.7,0.475,0.525,0.0,0.13140361607788342,0.49555802195037646,1.071853029527648,3.409078520315843
7,50,0.99,0.5,0.95,0.5,1,0,measurement_outliers,100,200,0,,,5.0,0.5,0.46,0.54,0.0,0.09060636928249238,0.24588553266789753,1.2896350400455654,4.047046597891902
7,50,0.99,0.5,0.95,0.5,1,1,measurement_noise_x_increased,300,400,0,,,16.0,1.6,0.55,0.45,0.0,0.06941178107639395,0.19260144787129083,0.6677325920600821,1.7405387753850081
7,50,0.99,0.5,0.95,0.5,1,2,measurement_noise_xy_decreased,500,600,0,,,42.0,4.2,0.26,0.74,0.0,0.32098627804256297,0.801493068123251,0.40747467533508624,0.8368043747373416
7,50,0.99,0.5,0.95,0.5,1,3,truncated_gaussian_measurement_noise,700,800,0,,,23.0,2.3000000000000003,0.32,0.68,0.0,0.2882391868459828,0.6175350623756617,0.3224381123872027,0.9878375099194261
7,50,0.99,0.5,0.95,0.5,1,4,coordinated_turn_model_mismatch,900,1000,1,58.0,5.800000000000001,48.0,4.800000000000001,0.27,0.31,0.42,0.5574866142660894,0.9960751724896564,1.9244087000124654,2.919678532823614
7,50,0.99,0.5,0.95,0.5,1,5,process_noise_x_increased,1100,1300,0,,,48.0,4.800000000000001,0.565,0.435,0.0,0.10583551302819273,0.4743851026660984,1.071853029527648,3.409078520315843
7,50,0.995,0.5,0.95,0.5,1,0,measurement_outliers,100,200,0,,,3.0,0.30000000000000004,0.41,0.59,0.0,0.07952125078837752,0.22849279351221252,1.2896350400455654,4.047046597891902
7,50,0.995,0.5,0.95,0.5,1,1,measurement_noise_x_increased,300,400,0,,,8.0,0.8,0.62,0.38,0.0,0.03653452671771016,0.10026103909058398,0.6677325920600821,1.7405387753850081
7,50,0.995,0.5,0.95,0.5,1,2,measurement_noise_xy_decreased,500,600,0,,,43.0,4.3,0.35,0.65,0.0,0.3892296213424135,0.7985201116973057,0.40747467533508624,0.8368043747373416
7,50,0.995,0.5,0.95,0.5,1,3,truncated_gaussian_measurement_noise,700,800,0,,,27.0,2.7,0.41,0.59,0.0,0.26272655674231354,0.5736083589831125,0.3224381123872027,0.9878375099194261
7,50,0.995,0.5,0.95,0.5,1,4,coordinated_turn_model_mismatch,900,1000,1,59.0,5.9,49.0,4.9,0.3,0.31,0.39,0.5482578148166382,0.9970097531395218,1.9244087000124654,2.919678532823614
7,50,0.995,0.5,0.95,0.5,1,5,process_noise_x_increased,1100,1300,0,,,49.0,4.9,0.565,0.435,0.0,0.1097171297326203,0.6609198153972132,1.071853029527648,3.409078520315843
7,70,0.95,0.5,0.95,0.5,1,0,measurement_outliers,100,200,0,,,3.0,0.30000000000000004,0.61,0.39,0.0,0.060054957387140374,0.26299046651391256,1.2896350400455654,4.047046597891902
7,70,0.95,0.5,0.95,0.5,1,1,measurement_noise_x_increased,300,400,0,,,18.0,1.8,0.57,0.43,0.0,0.07296950025079603,0.23844382398891248,0.6677325920600821,1.7405387753850081
7,70,0.95,0.5,0.95,0.5,1,2,measurement_noise_xy_decreased,500,600,0,,,48.0,4.800000000000001,0.36,0.64,0.0,0.30794181916323926,0.8522533171646816,0.40747467533508624,0.8368043747373416
7,70,0.95,0.5,0.95,0.5,1,3,truncated_gaussian_measurement_noise,700,800,0,,,29.0,2.9000000000000004,0.4,0.6,0.0,0.24173745036279728,0.6097294400385982,0.3224381123872027,0.9878375099194261
7,70,0.95,0.5,0.95,0.5,1,4,coordinated_turn_model_mismatch,900,1000,1,76.0,7.6000000000000005,56.0,5.6000000000000005,0.3,0.46,0.24,0.4468888080016381,0.9888757540212838,1.9244087000124654,2.919678532823614
7,70,0.95,0.5,0.95,0.5,1,5,process_noise_x_increased,1100,1300,0,,,54.0,5.4,0.605,0.395,0.0,0.08233282409205903,0.383806865186139,1.071853029527648,3.409078520315843
7,70,0.98,0.5,0.95,0.5,1,0,measurement_outliers,100,200,0,,,1.0,0.1,0.65,0.35,0.0,0.049489279414247245,0.21906687107415965,1.2896350400455654,4.047046597891902
7,70,0.98,0.5,0.95,0.5,1,1,measurement_noise_x_increased,300,400,0,,,16.0,1.6,0.62,0.38,0.0,0.04670848568399921,0.151257745124586,0.6677325920600821,1.7405387753850081
7,70,0.98,0.5,0.95,0.5,1,2,measurement_noise_xy_decreased,500,600,0,,,55.0,5.5,0.43,0.57,0.0,0.28942738208624297,0.8041246521512769,0.40747467533508624,0.8368043747373416
7,70,0.98,0.5,0.95,0.5,1,3,truncated_gaussian_measurement_noise,700,800,0,,,29.0,2.9000000000000004,0.43,0.57,0.0,0.1998258013522437,0.5800472960855774,0.3224381123872027,0.9878375099194261
7,70,0.98,0.5,0.95,0.5,1,4,coordinated_turn_model_mismatch,900,1000,1,78.0,7.800000000000001,58.0,5.800000000000001,0.38,0.4,0.22,0.4233326855942968,0.9854527298413293,1.9244087000124654,2.919678532823614
7,70,0.98,0.5,0.95,0.5,1,5,process_noise_x_increased,1100,1300,0,,,53.0,5.300000000000001,0.64,0.36,0.0,0.0631996980262695,0.28442215999219456,1.071853029527648,3.409078520315843
7,70,0.99,0.5,0.95,0.5,1,0,measurement_outliers,100,200,0,,,0.0,0.0,0.67,0.33,0.0,0.04137922628856355,0.18377560136566914,1.2896350400455654,4.047046597891902
7,70,0.99,0.5,0.95,0.5,1,1,measurement_noise_x_increased,300,400,0,,,8.0,0.8,0.65,0.35,0.0,0.02998032153152018,0.09995146608817854,0.6677325920600821,1.7405387753850081
7,70,0.99,0.5,0.95,0.5,1,2,measurement_noise_xy_decreased,500,600,0,,,55.0,5.5,0.44,0.56,0.0,0.25139901205845344,0.7421093852289506,0.40747467533508624,0.8368043747373416
7,70,0.99,0.5,0.95,0.5,1,3,truncated_gaussian_measurement_noise,700,800,0,,,30.0,3.0,0.48,0.52,0.0,0.15692906622338182,0.517417705031137,0.3224381123872027,0.9878375099194261
7,70,0.99,0.5,0.95,0.5,1,4,coordinated_turn_model_mismatch,900,1000,1,78.0,7.800000000000001,59.0,5.9,0.42,0.34,0.24,0.4102676652035588,0.9889379289309151,1.9244087000124654,2.919678532823614
7,70,0.99,0.5,0.95,0.5,1,5,process_noise_x_increased,1100,1300,0,,,1.0,0.1,0.665,0.335,0.0,0.0533650408919711,0.24545537514261156,1.071853029527648,3.409078520315843
7,70,0.995,0.5,0.95,0.5,1,0,measurement_outliers,100,200,0,,,0.0,0.0,0.65,0.35,0.0,0.040414001888504816,0.1614927474546446,1.2896350400455654,4.047046597891902
7,70,0.995,0.5,0.95,0.5,1,1,measurement_noise_x_increased,300,400,0,,,4.0,0.4,0.67,0.33,0.0,0.027405545678705328,0.09161990019971679,0.6677325920600821,1.7405387753850081
7,70,0.995,0.5,0.95,0.5,1,2,measurement_noise_xy_decreased,500,600,0,,,55.0,5.5,0.4,0.6,0.0,0.2747000297700437,0.7705145205313269,0.40747467533508624,0.8368043747373416
7,70,0.995,0.5,0.95,0.5,1,3,truncated_gaussian_measurement_noise,700,800,0,,,30.0,3.0,0.55,0.45,0.0,0.1779923171256972,0.516076473258013,0.3224381123872027,0.9878375099194261
7,70,0.995,0.5,0.95,0.5,1,4,coordinated_turn_model_mismatch,900,1000,1,78.0,7.800000000000001,56.0,5.6000000000000005,0.41,0.36,0.23,0.4220505064660734,0.9862960449788145,1.9244087000124654,2.919678532823614
7,70,0.995,0.5,0.95,0.5,1,5,process_noise_x_increased,1100,1300,0,,,0.0,0.0,0.71,0.29,0.0,0.03950576946445141,0.210602647906158,1.071853029527648,3.409078520315843
10,50,0.95,0.5,0.95,0.5,1,0,measurement_outliers,100,200,0,,,59.0,5.9,0.2,0.8,0.0,0.19654509308606097,0.42421835813358133,1.2896350400455654,4.047046597891902
10,50,0.95,0.5,0.95,0.5,1,1,measurement_noise_x_increased,300,400,0,,,47.0,4.7,0.14,0.86,0.0,0.19472885652059468,0.42549817466967954,0.6677325920600821,1.7405387753850081
10,50,0.95,0.5,0.95,0.5,1,2,measurement_noise_xy_decreased,500,600,0,,,67.0,6.7,0.0,1.0,0.0,0.35034397903040954,0.7760266747229778,0.40747467533508624,0.8368043747373416
10,50,0.95,0.5,0.95,0.5,1,3,truncated_gaussian_measurement_noise,700,800,0,,,47.0,4.7,0.02,0.98,0.0,0.3555287240141107,0.6193327146774964,0.3224381123872027,0.9878375099194261
10,50,0.95,0.5,0.95,0.5,1,4,coordinated_turn_model_mismatch,900,1000,0,,,62.0,6.2,0.18,0.82,0.0,0.5312371477499994,0.9352165680918505,1.9244087000124654,2.919678532823614
10,50,0.95,0.5,0.95,0.5,1,5,process_noise_x_increased,1100,1300,0,,,60.0,6.0,0.27,0.73,0.0,0.17343910966988907,0.4997963898407847,1.071853029527648,3.409078520315843
10,50,0.98,0.5,0.95,0.5,1,0,measurement_outliers,100,200,0,,,28.0,2.8000000000000003,0.37,0.63,0.0,0.13993006959757529,0.3394200371008997,1.2896350400455654,4.047046597891902
10,50,0.98,0.5,0.95,0.5,1,1,measurement_noise_x_increased,300,400,0,,,23.0,2.3000000000000003,0.3,0.7,0.0,0.14067985634613817,0.3358584425960547,0.6677325920600821,1.7405387753850081
10,50,0.98,0.5,0.95,0.5,1,2,measurement_noise_xy_decreased,500,600,0,,,66.0,6.6000000000000005,0.27,0.73,0.0,0.2841210532440976,0.7250165105787567,0.40747467533508624,0.8368043747373416
10,50,0.98,0.5,0.95,0.5,1,3,truncated_gaussian_measurement_noise,700,800,0,,,41.0,4.1000000000000005,0.14,0.86,0.0,0.2905301047753495,0.5893612289897023,0.3224381123872027,0.9878375099194261
10,50,0.98,0.5,0.95,0.5,1,4,coordinated_turn_model_mismatch,900,1000,0,,,58.0,5.800000000000001,0.23,0.77,0.0,0.4581537220177902,0.9067216005624728,1.9244087000124654,2.919678532823614
10,50,0.98,0.5,0.95,0.5,1,5,process_noise_x_increased,1100,1300,0,,,58.0,5.800000000000001,0.36,0.64,0.0,0.1227375242542373,0.3640110289235772,1.071853029527648,3.409078520315843
10,50,0.99,0.5,0.95,0.5,1,0,measurement_outliers,100,200,0,,,24.0,2.4000000000000004,0.46,0.54,0.0,0.0881149120733533,0.24175129127748715,1.2896350400455654,4.047046597891902
10,50,0.99,0.5,0.95,0.5,1,1,measurement_noise_x_increased,300,400,0,,,21.0,2.1,0.42,0.58,0.0,0.0913122940556814,0.23291880515759372,0.6677325920600821,1.7405387753850081
10,50,0.99,0.5,0.95,0.5,1,2,measurement_noise_xy_decreased,500,600,0,,,66.0,6.6000000000000005,0.39,0.61,0.0,0.21450480844588304,0.6380446017570331,0.40747467533508624,0.8368043747373416
10,50,0.99,0.5,0.95,0.5,1,3,truncated_gaussian_measurement_noise,700,800,0,,,40.0,4.0,0.24,0.76,0.0,0.2251383805740318,0.5297288636066321,0.3224381123872027,0.9878375099194261
10,50,0.99,0.5,0.95,0.5,1,4,coordinated_turn_model_mismatch,900,1000,0,,,58.0,5.800000000000001,0.27,0.73,0.0,0.3725459916432974,0.8494633491414738,1.9244087000124654,2.919678532823614
10,50,0.99,0.5,0.95,0.5,1,5,process_noise_x_increased,1100,1300,0,,,54.0,5.4,0.475,0.525,0.0,0.0795664435107573,0.22662229713456877,1.071853029527648,3.409078520315843
10,50,0.995,0.5,0.95,0.5,1,0,measurement_outliers,100,200,0,,,18.0,1.8,0.63,0.37,0.0,0.04125024596041741,0.130598789640965,1.2896350400455654,4.047046597891902
10,50,0.995,0.5,0.95,0.5,1,1,measurement_noise_x_increased,300,400,0,,,17.0,1.7000000000000002,0.58,0.42,0.0,0.04681424851319002,0.1271400710785937,0.6677325920600821,1.7405387753850081
10,50,0.995,0.5,0.95,0.5,1,2,measurement_noise_xy_decreased,500,600,0,,,66.0,6.6000000000000005,0.5,0.5,0.0,0.13221328376480618,0.4815932374902484,0.40747467533508624,0.8368043747373416
10,50,0.995,0.5,0.95,0.5,1,3,truncated_gaussian_measurement_noise,700,800,0,,,30.0,3.0,0.31,0.69,0.0,0.15441732658476803,0.4226549766684119,0.3224381123872027,0.9878375099194261
10,50,0.995,0.5,0.95,0.5,1,4,coordinated_turn_model_mismatch,900,1000,0,,,58.0,5.800000000000001,0.4,0.6,0.0,0.2565042084115644,0.7140120342198144,1.9244087000124654,2.919678532823614
10,50,0.995,0.5,0.95,0.5,1,5,process_noise_x_increased,1100,1300,0,,,47.0,4.7,0.565,0.435,0.0,0.0418462167347003,0.10880592984524083,1.071853029527648,3.409078520315843
10,70,0.95,0.5,0.95,0.5,1,0,measurement_outliers,100,200,0,,,30.0,3.0,0.5,0.5,0.0,0.10811376501938065,0.3286178958203975,1.2896350400455654,4.047046597891902
10,70,0.95,0.5,0.95,0.5,1,1,measurement_noise_x_increased,300,400,0,,,24.0,2.4000000000000004,0.45,0.55,0.0,0.10789503886570134,0.2898074509091233,0.6677325920600821,1.7405387753850081
10,70,0.95,0.5,0.95,0.5,1,2,measurement_noise_xy_decreased,500,600,0,,,64.0,6.4,0.39,0.61,0.0,0.23993722553740834,0.6884439312722147,0.40747467533508624,0.8368043747373416
10,70,0.95,0.5,0.95,0.5,1,3,truncated_gaussian_measurement_noise,700,800,0,,,40.0,4.0,0.23,0.77,0.0,0.23759163339602696,0.5804482572021071,0.3224381123872027,0.9878375099194261
10,70,0.95,0.5,0.95,0.5,1,4,coordinated_turn_model_mismatch,900,1000,0,,,62.0,6.2,0.29,0.71,0.0,0.38790236743607415,0.9129777832142973,1.9244087000124654,2.919678532823614
10,70,0.95,0.5,0.95,0.5,1,5,process_noise_x_increased,1100,1300,0,,,63.0,6.300000000000001,0.485,0.515,0.0,0.08847219943784616,0.23452269333340486,1.071853029527648,3.409078520315843
10,70,0.98,0.5,0.95,0.5,1,0,measurement_outliers,100,200,0,,,29.0,2.9000000000000004,0.6,0.4,0.0,0.06983592411086682,0.23712121264676983,1.2896350400455654,4.047046597891902
10,70,0.98,0.5,0.95,0.5,1,1,measurement_noise_x_increased,300,400,0,,,22.0,2.2,0.57,0.43,0.0,0.07196611323263034,0.19713110700628983,0.6677325920600821,1.7405387753850081
10,70,0.98,0.5,0.95,0.5,1,2,measurement_noise_xy_decreased,500,600,0,,,66.0,6.6000000000000005,0.43,0.57,0.0,0.18580508750322358,0.6148431535210482,0.40747467533508624,0.8368043747373416
10,70,0.98,0.5,0.95,0.5,1,3,truncated_gaussian_measurement_noise,700,800,0,,,40.0,4.0,0.3,0.7,0.0,0.1872721453794744,0.5208126851574703,0.3224381123872027,0.9878375099194261
10,70,0.98,0.5,0.95,0.5,1,4,coordinated_turn_model_mismatch,900,1000,0,,,62.0,6.2,0.32,0.68,0.0,0.3205640473710221,0.8589784771265042,1.9244087000124654,2.919678532823614
10,70,0.98,0.5,0.95,0.5,1,5,process_noise_x_increased,1100,1300,0,,,60.0,6.0,0.535,0.465,0.0,0.05926535995753497,0.1627492802601229,1.071853029527648,3.409078520315843
10,70,0.99,0.5,0.95,0.5,1,0,measurement_outliers,100,200,0,,,22.0,2.2,0.65,0.35,0.0,0.039149731682419774,0.1439296289315061,1.2896350400455654,4.047046597891902
10,70,0.99,0.5,0.95,0.5,1,1,measurement_noise_x_increased,300,400,0,,,18.0,1.8,0.63,0.37,0.0,0.042918659166741105,0.122830418324958,0.6677325920600821,1.7405387753850081
10,70,0.99,0.5,0.95,0.5,1,2,measurement_noise_xy_decreased,500,600,0,,,67.0,6.7,0.52,0.48,0.0,0.13294058044739254,0.5027054356558692,0.40747467533508624,0.8368043747373416
10,70,0.99,0.5,0.95,0.5,1,3,truncated_gaussian_measurement_noise,700,800,0,,,38.0,3.8000000000000003,0.42,0.58,0.0,0.14016026147183192,0.4413527661483402,0.3224381123872027,0.9878375099194261
10,70,0.99,0.5,0.95,0.5,1,4,coordinated_turn_model_mismatch,900,1000,0,,,63.0,6.300000000000001,0.42,0.58,0.0,0.24667905424317416,0.7716096066327837,1.9244087000124654,2.919678532823614
10,70,0.99,0.5,0.95,0.5,1,5,process_noise_x_increased,1100,1300,0,,,53.0,5.300000000000001,0.655,0.345,0.0,0.03644808765393595,0.09756870444934099,1.071853029527648,3.409078520315843
10,70,0.995,0.5,0.95,0.5,1,0,measurement_outliers,100,200,0,,,0.0,0.0,0.94,0.06,0.0,0.015923551065673683,0.06198261064412288,1.2896350400455654,4.047046597891902
10,70,0.995,0.5,0.95,0.5,1,1,measurement_noise_x_increased,300,400,0,,,6.0,0.6000000000000001,0.84,0.16,0.0,0.019981662200719424,0.06482929943649549,0.6677325920600821,1.7405387753850081
10,70,0.995,0.5,0.95,0.5,1,2,measurement_noise_xy_decreased,500,600,0,,,67.0,6.7,0.63,0.37,0.0,0.07556995028300777,0.34090475526090896,0.40747467533508624,0.8368043747373416
10,70,0.995,0.5,0.95,0.5,1,3,truncated_gaussian_measurement_noise,700,800,0,,,28.0,2.8000000000000003,0.48,0.52,0.0,0.09278407213736269,0.32453176786400034,0.3224381123872027,0.9878375099194261
10,70,0.995,0.5,0.95,0.5,1,4,coordinated_turn_model_mismatch,900,1000,0,,,62.0,6.2,0.51,0.49,0.0,0.1549757241563091,0.5959649356354091,1.9244087000124654,2.919678532823614
10,70,0.995,0.5,0.95,0.5,1,5,process_noise_x_increased,1100,1300,0,,,0.0,0.0,1.0,0.0,0.0,0.01839529048544176,0.04776735365674906,1.071853029527648,3.409078520315843
5,25,0.95,0.5,0.95,0.5,2,0,measurement_outliers,100,200,0,,,10.0,1.0,0.16,0.84,0.0,0.353913032590327,0.7124857432944186,1.2474411435422474,3.6007695403055866
5,25,0.95,0.5,0.95,0.5,2,1,measurement_noise_x_increased,300,400,0,,,30.0,3.0,0.12,0.88,0.0,0.16074790989668095,0.5792479982185232,0.7092388984780176,1.841704448573599
5,25,0.95,0.5,0.95,0.5,2,2,measurement_noise_xy_decreased,500,600,0,,,25.0,2.5,0.1,0.9,0.0,0.6625016480161251,0.939771774653911,0.3972952637072179,0.8034418376165188
5,25,0.95,0.5,0.95,0.5,2,3,truncated_gaussian_measurement_noise,700,800,0,,,38.0,3.8000000000000003,0.06,0.94,0.0,0.6103385430782947,0.8227663926518773,0.2745350679984812,0.7373430831101092
5,25,0.95,0.5,0.95,0.5,2,4,coordinated_turn_model_mismatch,900,1000,1,28.0,2.8000000000000003,44.0,4.4,0.11,0.17,0.72,0.7988605830703085,0.9999999999995562,3.4826121812905013,5.101803236859568
5,25,0.95,0.5,0.95,0.5,2,5,process_noise_x_increased,1100,1300,1,101.0,10.100000000000001,9.0,0.9,0.215,0.76,0.025,0.2692076150809528,0.9788357037080802,1.1224011620898635,2.9356553052624013
5,25,0.98,0.5,0.95,0.5,2,0,measurement_outliers,100,200,0,,,0.0,0.0,0.21,0.79,0.0,0.2865663828073328,0.5773365005667007,1.2474411435422474,3.6007695403055866
5,25,0.98,0.5,0.95,0.5,2,1,measurement_noise_x_increased,300,400,0,,,30.0,3.0,0.34,0.66,0.0,0.10603235490026196,0.4689084749404094,0.7092388984780176,1.841704448573599
5,25,0.98,0.5,0.95,0.5,2,2,measurement_noise_xy_decreased,500,600,0,,,26.0,2.6,0.15,0.85,0.0,0.6207314778909895,0.9337414255466513,0.3972952637072179,0.8034418376165188
5,25,0.98,0.5,0.95,0.5,2,3,truncated_gaussian_measurement_noise,700,800,0,,,25.0,2.5,0.1,0.9,0.0,0.5640767843869365,0.8259985711803263,0.2745350679984812,0.7373430831101092
5,25,0.98,0.5,0.95,0.5,2,4,coordinated_turn_model_mismatch,900,1000,1,27.0,2.7,44.0,4.4,0.16,0.11,0.73,0.7775777124176381,0.999999999999968,3.4826121812905013,5.101803236859568
5,25,0.98,0.5,0.95,0.5,2,5,process_noise_x_increased,1100,1300,0,,,9.0,0.9,0.275,0.715,0.01,0.23945643467120814,0.9791617752987963,1.1224011620898635,2.9356553052624013
5,25,0.99,0.5,0.95,0.5,2,0,measurement_outliers,100,200,0,,,4.0,0.4,0.22,0.78,0.0,0.332412321085497,0.8555915408031983,1.2474411435422474,3.6007695403055866
5,25,0.99,0.5,0.95,0.5,2,1,measurement_noise_x_increased,300,400,0,,,30.0,3.0,0.68,0.32,0.0,0.06620158269452973,0.35828429873454554,0.7092388984780176,1.841704448573599
5,25,0.99,0.5,0.95,0.5,2,2,measurement_noise_xy_decreased,500,600,0,,,25.0,2.5,0.19,0.81,0.0,0.560012117993015,0.906633028461043,0.3972952637072179,0.8034418376165188
5,25,0.99,0.5,0.95,0.5,2,3,truncated_gaussian_measurement_noise,700,800,0,,,27.0,2.7,0.13,0.87,0.0,0.5563873313600394,0.8326964476661382,0.2745350679984812,0.7373430831101092
5,25,0.99,0.5,0.95,0.5,2,4,coordinated_turn_model_mismatch,900,1000,1,26.0,2.6,47.0,4.7,0.18,0.08,0.74,0.7748765753403954,0.9999999999999988,3.4826121812905013,5.101803236859568
5,25,0.99,0.5,0.95,0.5,2,5,process_noise_x_increased,1100,1300,1,101.0,10.100000000000001,9.0,0.9,0.475,0.495,0.03,0.2202415550729941,0.9838317203113826,1.1224011620898635,2.9356553052624013
5,25,0.995,0.5,0.95,0.5,2,0,measurement_outliers,100,200,0,,,0.0,0.0,0.14,0.86,0.0,0.4035865070408286,0.9007466576700316,1.2474411435422474,3.6007695403055866
5,25,0.995,0.5,0.95,0.5,2,1,measurement_noise_x_increased,300,400,0,,,25.0,2.5,0.84,0.16,0.0,0.032840473137429854,0.22134303283203882,0.7092388984780176,1.841704448573599
5,25,0.995,0.5,0.95,0.5,2,2,measurement_noise_xy_decreased,500,600,1,32.0,3.2,22.0,2.2,0.2,0.68,0.12,0.6640288683978912,0.9689689807825538,0.3972952637072179,0.8034418376165188
5,25,0.995,0.5,0.95,0.5,2,3,truncated_gaussian_measurement_noise,700,800,0,,,31.0,3.1,0.16,0.84,0.0,0.5122415746169312,0.8209243926673372,0.2745350679984812,0.7373430831101092
5,25,0.995,0.5,0.95,0.5,2,4,coordinated_turn_model_mismatch,900,1000,1,26.0,2.6,43.0,4.3,0.16,0.1,0.74,0.8092371888188606,1.0,3.4826121812905013,5.101803236859568
5,25,0.995,0.5,0.95,0.5,2,5,process_noise_x_increased,1100,1300,1,103.0,10.3,3.0,0.30000000000000004,0.495,0.48,0.025,0.21253397669524268,0.9907002155857381,1.1224011620898635,2.9356553052624013
5,35,0.95,0.5,0.95,0.5,2,0,measurement_outliers,100,200,0,,,0.0,0.0,0.17,0.83,0.0,0.27982442156996556,0.5901780854019418,1.2474411435422474,3.6007695403055866
5,35,0.95,0.5,0.95,0.5,2,1,measurement_noise_x_increased,300,400,0,,,30.0,3.0,0.39,0.61,0.0,0.08597944294510672,0.3902729800652528,0.7092388984780176,1.841704448573599
5,35,0.95,0.5,0.95,0.5,2,2,measurement_noise_xy_decreased,500,600,1,55.0,5.5,29.0,2.9000000000000004,0.17,0.75,0.08,0.6257686811540057,0.9653855207030505,0.3972952637072179,0.8034418376165188
5,35,0.95,0.5,0.95,0.5,2,3,truncated_gaussian_measurement_noise,700,800,0,,,27.0,2.7,0.12,0.88,0.0,0.5657672393290127,0.8674777851619003,0.2745350679984812,0.7373430831101092
5,35,0.95,0.5,0.95,0.5,2,4,coordinated_turn_model_mismatch,900,1000,1,32.0,3.2,49.0,4.9,0.18,0.14,0.68,0.7488748766404879,1.0,3.4826121812905013,5.101803236859568
5,35,0.95,0.5,0.95,0.5,2,5,process_noise_x_increased,1100,1300,0,,,10.0,1.0,0.415,0.585,0.0,0.19841708925511312,0.8948518937206186,1.1224011620898635,2.9356553052624013
5,35,0.98,0.5,0.95,0.5,2,0,measurement_outliers,100,200,0,,,0.0,0.0,0.23,0.77,0.0,0.22185676267437673,0.4751180217861506,1.2474411435422474,3.6007695403055866
5,35,0.98,0.5,0.95,0.5,2,1,measurement_noise_x_increased,300,400,0,,,30.0,3.0,0.72,0.28,0.0,0.058342771594504496,0.31325230738933457,0.7092388984780176,1.841704448573599
5,35,0.98,0.5,0.95,0.5,2,2,measurement_noise_xy_decreased,500,600,0,,,30.0,3.0,0.21,0.78,0.01,0.5799014624706158,0.9509120190431671,0.3972952637072179,0.8034418376165188
5,35,0.98,0.5,0.95,0.5,2,3,truncated_gaussian_measurement_noise,700,800,0,,,29.0,2.9000000000000004,0.14,0.86,0.0,0.5197281331397626,0.8637668662216895,0.2745350679984812,0.7373430831101092
5,35,0.98,0.5,0.95,0.5,2,4,coordinated_turn_model_mismatch,900,1000,1,32.0,3.2,47.0,4.7,0.2,0.12,0.68,0.736371032314127,1.0,3.4826121812905013,5.101803236859568
5,35,0.98,0.5,0.95,0.5,2,5,process_noise_x_increased,1100,1300,0,,,10.0,1.0,0.55,0.45,0.0,0.18240436388544315,0.9001211835189585,1.1224011620898635,2.9356553052624013
5,35,0.99,0.5,0.95,0.5,2,0,measurement_outliers,100,200,0,,,0.0,0.0,0.33,0.67,0.0,0.20906152340197945,0.4611288258039825,1.2474411435422474,3.6007695403055866
5,35,0.99,0.5,0.95,0.5,2,1,measurement_noise_x_increased,300,400,0,,,30.0,3.0,0.82,0.18,0.0,0.036971702002499114,0.23266657282259898,0.7092388984780176,1.841704448573599
5,35,0.99,0.5,0.95,0.5,2,2,measurement_noise_xy_decreased,500,600,0,,,31.0,3.1,0.25,0.73,0.02,0.6068794892645598,0.9574430989147357,0.3972952637072179,0.8034418376165188
5,35,0.99,0.5,0.95,0.5,2,3,truncated_gaussian_measurement_noise,700,800,0,,,30.0,3.0,0.19,0.81,0.0,0.5129754779466524,0.8590628528210593,0.2745350679984812,0.7373430831101092
5,35,0.99,0.5,0.95,0.5,2,4,coordinated_turn_model_mismatch,900,1000,1,30.0,3.0,49.0,4.9,0.22,0.08,0.7,0.7502991043349266,1.0,3.4826121812905013,5.101803236859568
5,35,0.99,0.5,0.95,0.5,2,5,process_noise_x_increased,1100,1300,0,,,10.0,1.0,0.625,0.375,0.0,0.1678129696133161,0.8672106285375288,1.1224011620898635,2.9356553052624013
5,35,0.995,0.5,0.95,0.5,2,0,measurement_outliers,100,200,0,,,0.0,0.0,0.27,0.73,0.0,0.272877264007216,0.660489279998202,1.2474411435422474,3.6007695403055866
5,35,0.995,0.5,0.95,0.5,2,1,measurement_noise_x_increased,300,400,0,,,25.0,2.5,0.83,0.17,0.0,0.030665504285808786,0.1688023042250659,0.7092388984780176,1.841704448573599
5,35,0.995,0.5,0.95,0.5,2,2,measurement_noise_xy_decreased,500,600,1,57.0,5.7,28.0,2.8000000000000003,0.2,0.73,0.07,0.6277613753392034,0.964917390014787,0.3972952637072179,0.8034418376165188
5,35,0.995,0.5,0.95,0.5,2,3,truncated_gaussian_measurement_noise,700,800,0,,,29.0,2.9000000000000004,0.25,0.75,0.0,0.452709651097838,0.8292917902572516,0.2745350679984812,0.7373430831101092
5,35,0.995,0.5,0.95,0.5,2,4,coordinated_turn_model_mismatch,900,1000,1,29.0,2.9000000000000004,45.0,4.5,0.21,0.08,0.71,0.7626024666400119,1.0,3.4826121812905013,5.101803236859568
5,35,0.995,0.5,0.95,0.5,2,5,process_noise_x_increased,1100,1300,0,,,9.0,0.9,0.66,0.34,0.0,0.15902651478781535,0.9174044242274126,1.1224011620898635,2.9356553052624013
5,50,0.95,0.5,0.95,0.5,2,0,measurement_outliers,100,200,0,,,0.0,0.0,0.36,0.64,0.0,0.18605220444477422,0.5987116270177859,1.2474411435422474,3.6007695403055866
5,50,0.95,0.5,0.95,0.5,2,1,measurement_noise_x_increased,300,400,0,,,32.0,3.2,0.79,0.21,0.0,0.03743572474673267,0.22799385751801765,0.7092388984780176,1.841704448573599
5,50,0.95,0.5,0.95,0.5,2,2,measurement_noise_xy_decreased,500,600,1,67.0,6.7,35.0,3.5,0.26,0.65,0.09,0.5464057033690491,0.9654868474587278,0.3972952637072179,0.8034418376165188
5,50,0.95,0.5,0.95,0.5,2,3,truncated_gaussian_measurement_noise,700,800,0,,,30.0,3.0,0.21,0.79,0.0,0.48759055072965096,0.8719653031788539,0.2745350679984812,0.7373430831101092
5,50,0.95,0.5,0.95,0.5,2,4,coordinated_turn_model_mismatch,900,1000,1,40.0,4.0,59.0,5.9,0.24,0.16,0.6,0.6738406483659826,0.9999999999999956,3.4826121812905013,5.101803236859568
5,50,0.95,0.5,0.95,0.5,2,5,process_noise_x_increased,1100,1300,0,,,12.0,1.2000000000000002,0.625,0.375,0.0,0.08557981903650118,0.4041653796788103,1.1224011620898635,2.9356553052624013
5,50,0.98,0.5,0.95,0.5,2,0,measurement_outliers,100,200,0,,,0.0,0.0,0.41,0.59,0.0,0.14366764871422924,0.4769952569518447,1.2474411435422474,3.6007695403055866
5,50,0.98,0.5,0.95,0.5,2,1,measurement_noise_x_increased,300,400,0,,,30.0,3.0,0.85,0.15,0.0,0.025263525579934512,0.1734714010408352,0.7092388984780176,1.841704448573599
5,50,0.98,0.5,0.95,0.5,2,2,measurement_noise_xy_decreased,500,600,1,59.0,5.9,36.0,3.6,0.29,0.58,0.13,0.52924242945521,0.9629360602853313,0.3972952637072179,0.8034418376165188
5,50,0.98,0.5,0.95,0.5,2,3,truncated_gaussian_measurement_noise,700,800,0,,,31.0,3.1,0.27,0.73,0.0,0.44261430060354345,0.864356114015556,0.2745350679984812,0.7373430831101092
5,50,0.98,0.5,0.95,0.5,2,4,coordinated_turn_model_mismatch,900,1000,1,38.0,3.8000000000000003,58.0,5.800000000000001,0.26,0.12,0.62,0.6653281259518414,1.0,3.4826121812905013,5.101803236859568
5,50,0.98,0.5,0.95,0.5,2,5,process_noise_x_increased,1100,1300,0,,,8.0,0.8,0.67,0.33,0.0,0.08349635305848281,0.5602982410568413,1.1224011620898635,2.9356553052624013
5,50,0.99,0.5,0.95,0.5,2,0,measurement_outliers,100,200,0,,,0.0,0.0,0.51,0.49,0.0,0.14572648735639604,0.5660769450545013,1.2474411435422474,3.6007695403055866
5,50,0.99,0.5,0.95,0.5,2,1,measurement_noise_x_increased,300,400,0,,,23.0,2.3000000000000003,0.88,0.12,0.0,0.015603454098497145,0.11940599882504475,0.7092388984780176,1.841704448573599
5,50,0.99,0.5,0.95,0.5,2,2,measurement_noise_xy_decreased,500,600,0,,,37.0,3.7,0.27,0.73,0.0,0.5287844434527325,0.9459369745636795,0.3972952637072179,0.8034418376165188
5,50,0.99,0.5,0.95,0.5,2,3,truncated_gaussian_measurement_noise,700,800,0,,,32.0,3.2,0.3,0.7,0.0,0.4355043411934186,0.8549782930491108,0.2745350679984812,0.7373430831101092
5,50,0.99,0.5,0.95,0.5,2,4,coordinated_turn_model_mismatch,900,1000,1,38.0,3.8000000000000003,60.0,6.0,0.28,0.1,0.62,0.6689136364651465,1.0,3.4826121812905013,5.101803236859568
5,50,0.99,0.5,0.95,0.5,2,5,process_noise_x_increased,1100,1300,0,,,1.0,0.1,0.715,0.285,0.0,0.07449303954004505,0.4862445749397138,1.1224011620898635,2.9356553052624013
5,50,0.995,0.5,0.95,0.5,2,0,measurement_outliers,100,200,0,,,0.0,0.0,0.45,0.55,0.0,0.2343272278467769,0.7623068800923596,1.2474411435422474,3.6007695403055866
5,50,0.995,0.5,0.95,0.5,2,1,measurement_noise_x_increased,300,400,0,,,5.0,0.5,0.89,0.11,0.0,0.013559649518899146,0.09328143947654846,0.7092388984780176,1.841704448573599
5,50,0.995,0.5,0.95,0.5,2,2,measurement_noise_xy_decreased,500,600,0,,,38.0,3.8000000000000003,0.28,0.72,0.0,0.5397570480647755,0.9409129394694247,0.3972952637072179,0.8034418376165188
5,50,0.995,0.5,0.95,0.5,2,3,truncated_gaussian_measurement_noise,700,800,0,,,34.0,3.4000000000000004,0.28,0.72,0.0,0.42746239907117406,0.8620588261918299,0.2745350679984812,0.7373430831101092
5,50,0.995,0.5,0.95,0.5,2,4,coordinated_turn_model_mismatch,900,1000,1,37.0,3.7,56.0,5.6000000000000005,0.28,0.09,0.63,0.6766460732081775,1.0,3.4826121812905013,5.101803236859568
5,50,0.995,0.5,0.95,0.5,2,5,process_noise_x_increased,1100,1300,0,,,1.0,0.1,0.72,0.28,0.0,0.0837596758244764,0.5622724219037459,1.1224011620898635,2.9356553052624013
5,70,0.95,0.5,0.95,0.5,2,0,measurement_outliers,100,200,0,,,0.0,0.0,0.57,0.43,0.0,0.1014198859372537,0.3839895844088479,1.2474411435422474,3.6007695403055866
5,70,0.95,0.5,0.95,0.5,2,1,measurement_noise_x_increased,300,400,0,,,6.0,0.6000000000000001,0.89,0.11,0.0,0.012129032502631365,0.09504671123927999,0.7092388984780176,1.841704448573599
5,70,0.95,0.5,0.95,0.5,2,2,measurement_noise_xy_decreased,500,600,1,91.0,9.1,38.0,3.8000000000000003,0.41,0.52,0.07,0.40228357135790516,0.9576593822132499,0.3972952637072179,0.8034418376165188
5,70,0.95,0.5,0.95,0.5,2,3,truncated_gaussian_measurement_noise,700,800,0,,,36.0,3.6,0.37,0.63,0.0,0.370932801825208,0.8785859943912258,0.2745350679984812,0.7373430831101092
5,70,0.95,0.5,0.95,0.5,2,4,coordinated_turn_model_mismatch,900,1000,1,51.0,5.1000000000000005,72.0,7.2,0.31,0.2,0.49,0.5855988091545962,1.0,3.4826121812905013,5.101803236859568
5,70,0.95,0.5,0.95,0.5,2,5,process_noise_x_increased,1100,1300,0,,,0.0,0.0,0.705,0.295,0.0,0.03287493221788404,0.17064171458356212,1.1224011620898635,2.9356553052624013
5,70,0.98,0.5,0.95,0.5,2,0,measurement_outliers,100,200,0,,,0.0,0.0,0.65,0.35,0.0,0.06977626150210366,0.27950644771860744,1.2474411435422474,3.6007695403055866
5,70,0.98,0.5,0.95,0.5,2,1,measurement_noise_x_increased,300,400,0,,,5.0,0.5,0.93,0.07,0.0,0.008002530794830912,0.06811397211739914,0.7092388984780176,1.841704448573599
5,70,0.98,0.5,0.95,0.5,2,2,measurement_noise_xy_decreased,500,600,0,,,38.0,3.8000000000000003,0.46,0.53,0.01,0.38687207048807215,0.9503640297517472,0.3972952637072179,0.8034418376165188
5,70,0.98,0.5,0.95,0.5,2,3,truncated_gaussian_measurement_noise,700,800,0,,,38.0,3.8000000000000003,0.4,0.6,0.0,0.32617619871236847,0.8516774437655766,0.2745350679984812,0.7373430831101092
5,70,0.98,0.5,0.95,0.5,2,4,coordinated_turn_model_mismatch,900,1000,1,50.0,5.0,73.0,7.300000000000001,0.33,0.17,0.5,0.5674698829598797,1.0,3.4826121812905013,5.101803236859568
5,70,0.98,0.5,0.95,0.5,2,5,process_noise_x_increased,1100,1300,0,,,0.0,0.0,0.83,0.17,0.0,0.023692526052177736,0.10247436892895917,1.1224011620898635,2.9356553052624013
5,70,0.99,0.5,0.95,0.5,2,0,measurement_outliers,100,200,0,,,0.0,0.0,0.67,0.33,0.0,0.06531492812764744,0.3240558921234867,1.2474411435422474,3.6007695403055866
5,70,0.99,0.5,0.95,0.5,2,1,measurement_noise_x_increased,300,400,0,,,0.0,0.0,1.0,0.0,0.0,0.004459744652058498,0.04076275612781494,0.7092388984780176,1.841704448573599
5,70,0.99,0.5,0.95,0.5,2,2,measurement_noise_xy_decreased,500,600,0,,,40.0,4.0,0.45,0.55,0.0,0.38048097851922746,0.9301211703124758,0.3972952637072179,0.8034418376165188
5,70,0.99,0.5,0.95,0.5,2,3,truncated_gaussian_measurement_noise,700,800,0,,,39.0,3.9000000000000004,0.47,0.53,0.0,0.3124388927574714,0.8342915478859043,0.2745350679984812,0.7373430831101092
5,70,0.99,0.5,0.95,0.5,2,4,coordinated_turn_model_mismatch,900,1000,1,49.0,4.9,72.0,7.2,0.36,0.13,0.51,0.5757052045675688,1.0,3.4826121812905013,5.101803236859568
5,70,0.99,0.5,0.95,0.5,2,5,process_noise_x_increased,1100,1300,0,,,0.0,0.0,0.95,0.05,0.0,0.015518494330168274,0.05735919291954619,1.1224011620898635,2.9356553052624013
5,70,0.995,0.5,0.95,0.5,2,0,measurement_outliers,100,200,0,,,0.0,0.0,0.64,0.36,0.0,0.09513932821249708,0.4319082321739299,1.2474411435422474,3.6007695403055866
5,70,0.995,0.5,0.95,0.5,2,1,measurement_noise_x_increased,300,400,0,,,0.0,0.0,1.0,0.0,0.0,0.0016392862286590765,0.01604268537956045,0.7092388984780176,1.841704448573599
5,70,0.995,0.5,0.95,0.5,2,2,measurement_noise_xy_decreased,500,600,0,,,41.0,4.1000000000000005,0.45,0.54,0.01,0.41054967388512714,0.9526030243987038,0.3972952637072179,0.8034418376165188
5,70,0.995,0.5,0.95,0.5,2,3,truncated_gaussian_measurement_noise,700,800,0,,,40.0,4.0,0.47,0.53,0.0,0.3400954376978176,0.8835927399167238,0.2745350679984812,0.7373430831101092
5,70,0.995,0.5,0.95,0.5,2,4,coordinated_turn_model_mismatch,900,1000,1,48.0,4.800000000000001,72.0,7.2,0.35,0.13,0.52,0.583361908434762,1.0,3.4826121812905013,5.101803236859568
5,70,0.995,0.5,0.95,0.5,2,5,process_noise_x_increased,1100,1300,0,,,0.0,0.0,0.82,0.18,0.0,0.02382286487876259,0.27177316301608195,1.1224011620898635,2.9356553052624013
7,35,0.95,0.5,0.95,0.5,2,0,measurement_outliers,100,200,0,,,17.0,1.7000000000000002,0.13,0.87,0.0,0.26836229222388785,0.6149533566319836,1.2474411435422474,3.6007695403055866
7,35,0.95,0.5,0.95,0.5,2,1,measurement_noise_x_increased,300,400,0,,,34.0,3.4000000000000004,0.15,0.85,0.0,0.18606369346143578,0.626980766226017,0.7092388984780176,1.841704448573599
7,35,0.95,0.5,0.95,0.5,2,2,measurement_noise_xy_decreased,500,600,0,,,31.0,3.1,0.08,0.92,0.0,0.6326872098666011,0.9140452116953599,0.3972952637072179,0.8034418376165188
7,35,0.95,0.5,0.95,0.5,2,3,truncated_gaussian_measurement_noise,700,800,0,,,27.0,2.7,0.1,0.9,0.0,0.4865489029515358,0.7304490685091181,0.2745350679984812,0.7373430831101092
7,35,0.95,0.5,0.95,0.5,2,4,coordinated_turn_model_mismatch,900,1000,1,29.0,2.9000000000000004,53.0,5.300000000000001,0.02,0.27,0.71,0.7917512955124087,0.9999999998273192,3.4826121812905013,5.101803236859568
7,35,0.95,0.5,0.95,0.5,2,5,process_noise_x_increased,1100,1300,0,,,19.0,1.9000000000000001,0.215,0.785,0.0,0.26046110372755593,0.8961246678029859,1.1224011620898635,2.9356553052624013
7,35,0.98,0.5,0.95,0.5,2,0,measurement_outliers,100,200,0,,,1.0,0.1,0.19,0.81,0.0,0.218831435571737,0.5157829995097447,1.2474411435422474,3.6007695403055866
7,35,0.98,0.5,0.95,0.5,2,1,measurement_noise_x_increased,300,400,0,,,33.0,3.3000000000000003,0.26,0.74,0.0,0.12221335249149058,0.35162780759338363,0.7092388984780176,1.841704448573599
7,35,0.98,0.5,0.95,0.5,2,2,measurement_noise_xy_decreased,500,600,0,,,31.0,3.1,0.14,0.86,0.0,0.6073900976159944,0.9101179118549104,0.3972952637072179,0.8034418376165188
7,35,0.98,0.5,0.95,0.5,2,3,truncated_gaussian_measurement_noise,700,800,0,,,28.0,2.8000000000000003,0.1,0.9,0.0,0.4181536663310899,0.6638377827068506,0.2745350679984812,0.7373430831101092
7,35,0.98,0.5,0.95,0.5,2,4,coordinated_turn_model_mismatch,900,1000,1,31.0,3.1,49.0,4.9,0.14,0.17,0.69,0.7778882306721004,0.9999999999807178,3.4826121812905013,5.101803236859568
7,35,0.98,0.5,0.95,0.5,2,5,process_noise_x_increased,1100,1300,0,,,18.0,1.8,0.375,0.625,0.0,0.2256529510733253,0.8852911508793002,1.1224011620898635,2.9356553052624013
7,35,0.99,0.5,0.95,0.5,2,0,measurement_outliers,100,200,0,,,1.0,0.1,0.21,0.79,0.0,0.23862224573845886,0.5943834194780102,1.2474411435422474,3.6007695403055866
7,35,0.99,0.5,0.95,0.5,2,1,measurement_noise_x_increased,300,400,0,,,33.0,3.3000000000000003,0.26,0.74,0.0,0.08558757556352062,0.2722524608172157,0.7092388984780176,1.841704448573599
7,35,0.99,0.5,0.95,0.5,2,2,measurement_noise_xy_decreased,500,600,0,,,30.0,3.0,0.2,0.8,0.0,0.587634714067807,0.914634141823905,0.3972952637072179,0.8034418376165188
7,35,0.99,0.5,0.95,0.5,2,3,truncated_gaussian_measurement_noise,700,800,0,,,37.0,3.7,0.12,0.88,0.0,0.3856892598384023,0.6300359501724381,0.2745350679984812,0.7373430831101092
7,35,0.99,0.5,0.95,0.5,2,4,coordinated_turn_model_mismatch,900,1000,1,32.0,3.2,48.0,4.800000000000001,0.18,0.14,0.68,0.7667851063899647,0.9999999999974134,3.4826121812905013,5.101803236859568
7,35,0.99,0.5,0.95,0.5,2,5,process_noise_x_increased,1100,1300,0,,,17.0,1.7000000000000002,0.525,0.475,0.0,0.19053918348054055,0.8757301209740124,1.1224011620898635,2.9356553052624013
7,35,0.995,0.5,0.95,0.5,2,0,measurement_outliers,100,200,0,,,1.0,0.1,0.14,0.86,0.0,0.22036703490239543,0.583108537126604,1.2474411435422474,3.6007695403055866
7,35,0.995,0.5,0.95,0.5,2,1,measurement_noise_x_increased,300,400,0,,,26.0,2.6,0.29,0.71,0.0,0.11089256347647408,0.31842630909867553,0.7092388984780176,1.841704448573599
7,35,0.995,0.5,0.95,0.5,2,2,measurement_noise_xy_decreased,500,600,0,,,29.0,2.9000000000000004,0.25,0.75,0.0,0.5701248862590318,0.8980045992991219,0.3972952637072179,0.8034418376165188
7,35,0.995,0.5,0.95,0.5,2,3,truncated_gaussian_measurement_noise,700,800,0,,,31.0,3.1,0.16,0.84,0.0,0.3933411714438781,0.6628742266506674,0.2745350679984812,0.7373430831101092
7,35,0.995,0.5,0.95,0.5,2,4,coordinated_turn_model_mismatch,900,1000,1,28.0,2.8000000000000003,55.0,5.5,0.17,0.11,0.72,0.7818048199758213,0.9999999999988742,3.4826121812905013,5.101803236859568
7,35,0.995,0.5,0.95,0.5,2,5,process_noise_x_increased,1100,1300,0,,,16.0,1.6,0.525,0.475,0.0,0.17621536234617438,0.8790053664145075,1.1224011620898635,2.9356553052624013
7,50,0.95,0.5,0.95,0.5,2,0,measurement_outliers,100,200,0,,,0.0,0.0,0.18,0.82,0.0,0.1685959227422827,0.4360331791902988,1.2474411435422474,3.6007695403055866
7,50,0.95,0.5,0.95,0.5,2,1,measurement_noise_x_increased,300,400,0,,,34.0,3.4000000000000004,0.34,0.66,0.0,0.09561674041860928,0.3154067704674377,0.7092388984780176,1.841704448573599
7,50,0.95,0.5,0.95,0.5,2,2,measurement_noise_xy_decreased,500,600,0,,,36.0,3.6,0.18,0.82,0.0,0.5527247895409659,0.9385494803347341,0.3972952637072179,0.8034418376165188
7,50,0.95,0.5,0.95,0.5,2,3,truncated_gaussian_measurement_noise,700,800,0,,,29.0,2.9000000000000004,0.24,0.76,0.0,0.4068376159835623,0.7231757519113315,0.2745350679984812,0.7373430831101092
7,50,0.95,0.5,0.95,0.5,2,4,coordinated_turn_model_mismatch,900,1000,1,38.0,3.8000000000000003,59.0,5.9,0.17,0.21,0.62,0.7158710974592882,0.9999999993551146,3.4826121812905013,5.101803236859568
7,50,0.95,0.5,0.95,0.5,2,5,process_noise_x_increased,1100,1300,0,,,26.0,2.6,0.54,0.46,0.0,0.13819009117465395,0.6914107218193165,1.1224011620898635,2.9356553052624013
7,50,0.98,0.5,0.95,0.5,2,0,measurement_outliers,100,200,0,,,0.0,0.0,0.26,0.74,0.0,0.12447902329344354,0.30623122560079824,1.2474411435422474,3.6007695403055866
7,50,0.98,0.5,0.95,0.5,2,1,measurement_noise_x_increased,300,400,0,,,32.0,3.2,0.47,0.53,0.0,0.06833805229195532,0.23989869030225872,0.7092388984780176,1.841704448573599
7,50,0.98,0.5,0.95,0.5,2,2,measurement_noise_xy_decreased,500,600,0,,,38.0,3.8000000000000003,0.28,0.72,0.0,0.5203259494896408,0.9464297378105033,0.3972952637072179,0.8034418376165188
7,50,0.98,0.5,0.95,0.5,2,3,truncated_gaussian_measurement_noise,700,800,0,,,30.0,3.0,0.25,0.75,0.0,0.3751756626896381,0.6630787773805473,0.2745350679984812,0.7373430831101092
7,50,0.98,0.5,0.95,0.5,2,4,coordinated_turn_model_mismatch,900,1000,1,37.0,3.7,60.0,6.0,0.2,0.17,0.63,0.7034595761643756,0.9999999999222156,3.4826121812905013,5.101803236859568
7,50,0.98,0.5,0.95,0.5,2,5,process_noise_x_increased,1100,1300,0,,,25.0,2.5,0.625,0.375,0.0,0.11955353302932341,0.6438674313256261,1.1224011620898635,2.9356553052624013
7,50,0.99,0.5,0.95,0.5,2,0,measurement_outliers,100,200,0,,,0.0,0.0,0.29,0.71,0.0,0.12282225629969437,0.3150281813043394,1.2474411435422474,3.6007695403055866
7,50,0.99,0.5,0.95,0.5,2,1,measurement_noise_x_increased,300,400,0,,,30.0,3.0,0.52,0.48,0.0,0.04969278828468537,0.18140618034050654,0.7092388984780176,1.841704448573599
7,50,0.99,0.5,0.95,0.5,2,2,measurement_noise_xy_decreased,500,600,0,,,39.0,3.9000000000000004,0.32,0.68,0.0,0.49713036505916286,0.9482792493980072,0.3972952637072179,0.8034418376165188
7,50,0.99,0.5,0.95,0.5,2,3,truncated_gaussian_measurement_noise,700,800,0,,,30.0,3.0,0.25,0.75,0.0,0.29235466565460305,0.5775098217585147,0.2745350679984812,0.7373430831101092
7,50,0.99,0.5,0.95,0.5,2,4,coordinated_turn_model_mismatch,900,1000,1,37.0,3.7,60.0,6.0,0.23,0.14,0.63,0.6950864951592335,0.9999999999620189,3.4826121812905013,5.101803236859568
7,50,0.99,0.5,0.95,0.5,2,5,process_noise_x_increased,1100,1300,0,,,20.0,2.0,0.65,0.35,0.0,0.10476209463600351,0.6519432235609197,1.1224011620898635,2.9356553052624013
7,50,0.995,0.5,0.95,0.5,2,0,measurement_outliers,100,200,0,,,0.0,0.0,0.22,0.78,0.0,0.1380384860614566,0.33847714755800684,1.2474411435422474,3.6007695403055866
7,50,0.995,0.5,0.95,0.5,2,1,measurement_noise_x_increased,300,400,0,,,26.0,2.6,0.71,0.29,0.0,0.03827646517860307,0.16249606233011202,0.7092388984780176,1.841704448573599
7,50,0.995,0.5,0.95,0.5,2,2,measurement_noise_xy_decreased,500,600,0,,,37.0,3.7,0.26,0.74,0.0,0.5207123218034672,0.9491297654679209,0.3972952637072179,0.8034418376165188
7,50,0.995,0.5,0.95,0.5,2,3,truncated_gaussian_measurement_noise,700,800,0,,,31.0,3.1,0.3,0.7,0.0,0.40063378414468304,0.7604175604488908,0.2745350679984812,0.7373430831101092
7,50,0.995,0.5,0.95,0.5,2,4,coordinated_turn_model_mismatch,900,1000,1,39.0,3.9000000000000004,58.0,5.800000000000001,0.26,0.13,0.61,0.6954454150934553,0.9999999999864919,3.4826121812905013,5.101803236859568
7,50,0.995,0.5,0.95,0.5,2,5,process_noise_x_increased,1100,1300,0,,,20.0,2.0,0.66,0.34,0.0,0.10281028180295687,0.6413651129697038,1.1224011620898635,2.9356553052624013
7,70,0.95,0.5,0.95,0.5,2,0,measurement_outliers,100,200,0,,,0.0,0.0,0.56,0.44,0.0,0.09375397734507063,0.31624028566241325,1.2474411435422474,3.6007695403055866
7,70,0.95,0.5,0.95,0.5,2,1,measurement_noise_x_increased,300,400,0,,,29.0,2.9000000000000004,0.71,0.29,0.0,0.04367533223010464,0.226548243390153,0.7092388984780176,1.841704448573599
7,70,0.95,0.5,0.95,0.5,2,2,measurement_noise_xy_decreased,500,600,1,97.0,9.700000000000001,40.0,4.0,0.37,0.6,0.03,0.40041782209262733,0.9623739153969953,0.3972952637072179,0.8034418376165188
7,70,0.95,0.5,0.95,0.5,2,3,truncated_gaussian_measurement_noise,700,800,0,,,30.0,3.0,0.41,0.59,0.0,0.2893808715388487,0.6923063293825007,0.2745350679984812,0.7373430831101092
7,70,0.95,0.5,0.95,0.5,2,4,coordinated_turn_model_mismatch,900,1000,1,49.0,4.9,72.0,7.2,0.24,0.25,0.51,0.6241241309234341,0.9999999999982563,3.4826121812905013,5.101803236859568
7,70,0.95,0.5,0.95,0.5,2,5,process_noise_x_increased,1100,1300,0,,,0.0,0.0,0.615,0.385,0.0,0.059062326308736396,0.3065662750819552,1.1224011620898635,2.9356553052624013
7,70,0.98,0.5,0.95,0.5,2,0,measurement_outliers,100,200,0,,,0.0,0.0,0.58,0.42,0.0,0.06441102533968965,0.20984568791959815,1.2474411435422474,3.6007695403055866
7,70,0.98,0.5,0.95,0.5,2,1,measurement_noise_x_increased,300,400,0,,,26.0,2.6,0.77,0.23,0.0,0.03428701616201888,0.20035011902694302,0.7092388984780176,1.841704448573599
7,70,0.98,0.5,0.95,0.5,2,2,measurement_noise_xy_decreased,500,600,0,,,43.0,4.3,0.43,0.56,0.01,0.38779147045469947,0.9513861932284966,0.3972952637072179,0.8034418376165188
7,70,0.98,0.5,0.95,0.5,2,3,truncated_gaussian_measurement_noise,700,800,0,,,31.0,3.1,0.43,0.57,0.0,0.25473502838583156,0.6242471131408173,0.2745350679984812,0.7373430831101092
7,70,0.98,0.5,0.95,0.5,2,4,coordinated_turn_model_mismatch,900,1000,1,51.0,5.1000000000000005,72.0,7.2,0.27,0.24,0.49,0.6083847200773759,0.9999999999971688,3.4826121812905013,5.101803236859568
7,70,0.98,0.5,0.95,0.5,2,5,process_noise_x_increased,1100,1300,0,,,0.0,0.0,0.65,0.35,0.0,0.04598283870167661,0.3125423162103651,1.1224011620898635,2.9356553052624013
7,70,0.99,0.5,0.95,0.5,2,0,measurement_outliers,100,200,0,,,0.0,0.0,0.63,0.37,0.0,0.04438329481667888,0.14519567099013467,1.2474411435422474,3.6007695403055866
7,70,0.99,0.5,0.95,0.5,2,1,measurement_noise_x_increased,300,400,0,,,21.0,2.1,0.83,0.17,0.0,0.02603730250829112,0.1652671574302572,0.7092388984780176,1.841704448573599
7,70,0.99,0.5,0.95,0.5,2,2,measurement_noise_xy_decreased,500,600,0,,,45.0,4.5,0.43,0.57,0.0,0.3720722561739522,0.9396094665878557,0.3972952637072179,0.8034418376165188
7,70,0.99,0.5,0.95,0.5,2,3,truncated_gaussian_measurement_noise,700,800,0,,,32.0,3.2,0.43,0.57,0.0,0.2342525072565368,0.5859263025570159,0.2745350679984812,0.7373430831101092
7,70,0.99,0.5,0.95,0.5,2,4,coordinated_turn_model_mismatch,900,1000,1,50.0,5.0,74.0,7.4,0.3,0.2,0.5,0.6007398561846959,0.9999999999966827,3.4826121812905013,5.101803236859568
7,70,0.99,0.5,0.95,0.5,2,5,process_noise_x_increased,1100,1300,0,,,0.0,0.0,0.715,0.285,0.0,0.04033383206368473,0.32836519387052054,1.1224011620898635,2.9356553052624013
7,70,0.995,0.5,0.95,0.5,2,0,measurement_outliers,100,200,0,,,0.0,0.0,0.55,0.45,0.0,0.0858830001927717,0.3315876689834019,1.2474411435422474,3.6007695403055866
7,70,0.995,0.5,0.95,0.5,2,1,measurement_noise_x_increased,300,400,0,,,6.0,0.6000000000000001,0.86,0.14,0.0,0.01665804159289114,0.10618472651865908,0.7092388984780176,1.841704448573599
7,70,0.995,0.5,0.95,0.5,2,2,measurement_noise_xy_decreased,500,600,0,,,54.0,5.4,0.42,0.58,0.0,0.36903161535458756,0.9437768380118234,0.3972952637072179,0.8034418376165188
7,70,0.995,0.5,0.95,0.5,2,3,truncated_gaussian_measurement_noise,700,800,0,,,37.0,3.7,0.46,0.54,0.0,0.2306270478110977,0.661259407611096,0.2745350679984812,0.7373430831101092
7,70,0.995,0.5,0.95,0.5,2,4,coordinated_turn_model_mismatch,900,1000,1,51.0,5.1000000000000005,73.0,7.300000000000001,0.29,0.22,0.49,0.6017426425228922,0.9999999999989235,3.4826121812905013,5.101803236859568
7,70,0.995,0.5,0.95,0.5,2,5,process_noise_x_increased,1100,1300,0,,,0.0,0.0,0.69,0.31,0.0,0.04127755198722378,0.3310471213777945,1.1224011620898635,2.9356553052624013
10,50,0.95,0.5,0.95,0.5,2,0,measurement_outliers,100,200,0,,,4.0,0.4,0.05,0.95,0.0,0.2065255169033106,0.4320609321176331,1.2474411435422474,3.6007695403055866
10,50,0.95,0.5,0.95,0.5,2,1,measurement_noise_x_increased,300,400,0,,,40.0,4.0,0.29,0.71,0.0,0.10731103246045214,0.28744367346399574,0.7092388984780176,1.841704448573599
10,50,0.95,0.5,0.95,0.5,2,2,measurement_noise_xy_decreased,500,600,0,,,45.0,4.5,0.17,0.83,0.0,0.4685990301054256,0.8382545198379321,0.3972952637072179,0.8034418376165188
10,50,0.95,0.5,0.95,0.5,2,3,truncated_gaussian_measurement_noise,700,800,0,,,51.0,5.1000000000000005,0.11,0.89,0.0,0.38814121834907533,0.6459295925093109,0.2745350679984812,0.7373430831101092
10,50,0.95,0.5,0.95,0.5,2,4,coordinated_turn_model_mismatch,900,1000,1,46.0,4.6000000000000005,72.0,7.2,0.03,0.43,0.54,0.6904862149600016,0.9999984435633841,3.4826121812905013,5.101803236859568
10,50,0.95,0.5,0.95,0.5,2,5,process_noise_x_increased,1100,1300,0,,,35.0,3.5,0.19,0.81,0.0,0.18495177089307582,0.4892455007112385,1.1224011620898635,2.9356553052624013
10,50,0.98,0.5,0.95,0.5,2,0,measurement_outliers,100,200,0,,,4.0,0.4,0.17,0.83,0.0,0.15374955787607603,0.33787701332456893,1.2474411435422474,3.6007695403055866
10,50,0.98,0.5,0.95,0.5,2,1,measurement_noise_x_increased,300,400,0,,,37.0,3.7,0.35,0.65,0.0,0.06927580372302958,0.20832463573267176,0.7092388984780176,1.841704448573599
10,50,0.98,0.5,0.95,0.5,2,2,measurement_noise_xy_decreased,500,600,0,,,45.0,4.5,0.21,0.79,0.0,0.38978679133886723,0.820419405492741,0.3972952637072179,0.8034418376165188
10,50,0.98,0.5,0.95,0.5,2,3,truncated_gaussian_measurement_noise,700,800,0,,,46.0,4.6000000000000005,0.13,0.87,0.0,0.32413605856030325,0.6057027878123661,0.2745350679984812,0.7373430831101092
10,50,0.98,0.5,0.95,0.5,2,4,coordinated_turn_model_mismatch,900,1000,1,51.0,5.1000000000000005,79.0,7.9,0.14,0.37,0.49,0.6527717935939523,0.9999970882479908,3.4826121812905013,5.101803236859568
10,50,0.98,0.5,0.95,0.5,2,5,process_noise_x_increased,1100,1300,0,,,32.0,3.2,0.37,0.63,0.0,0.1427962309184982,0.39014841370682046,1.1224011620898635,2.9356553052624013
10,50,0.99,0.5,0.95,0.5,2,0,measurement_outliers,100,200,0,,,2.0,0.2,0.24,0.76,0.0,0.10206206002339094,0.22237146921684758,1.2474411435422474,3.6007695403055866
10,50,0.99,0.5,0.95,0.5,2,1,measurement_noise_x_increased,300,400,0,,,33.0,3.3000000000000003,0.8,0.2,0.0,0.04038490257713808,0.14070995420649543,0.7092388984780176,1.841704448573599
10,50,0.99,0.5,0.95,0.5,2,2,measurement_noise_xy_decreased,500,600,0,,,45.0,4.5,0.29,0.71,0.0,0.3005498466403634,0.7631307255313068,0.3972952637072179,0.8034418376165188
10,50,0.99,0.5,0.95,0.5,2,3,truncated_gaussian_measurement_noise,700,800,0,,,44.0,4.4,0.21,0.79,0.0,0.2591188333616699,0.5447817107152771,0.2745350679984812,0.7373430831101092
10,50,0.99,0.5,0.95,0.5,2,4,coordinated_turn_model_mismatch,900,1000,1,59.0,5.9,87.0,8.700000000000001,0.19,0.4,0.41,0.6060238639832984,0.9999887287436547,3.4826121812905013,5.101803236859568
10,50,0.99,0.5,0.95,0.5,2,5,process_noise_x_increased,1100,1300,0,,,28.0,2.8000000000000003,0.455,0.545,0.0,0.1063974131164963,0.28331818718835783,1.1224011620898635,2.9356553052624013
10,50,0.995,0.5,0.95,0.5,2,0,measurement_outliers,100,200,0,,,0.0,0.0,0.55,0.45,0.0,0.05234767387440125,0.1202446443169854,1.2474411435422474,3.6007695403055866
10,50,0.995,0.5,0.95,0.5,2,1,measurement_noise_x_increased,300,400,0,,,5.0,0.5,0.9,0.1,0.0,0.018015569538722524,0.07252513742791451,0.7092388984780176,1.841704448573599
10,50,0.995,0.5,0.95,0.5,2,2,measurement_noise_xy_decreased,500,600,0,,,45.0,4.5,0.42,0.58,0.0,0.18989400037424645,0.6270834669797156,0.3972952637072179,0.8034418376165188
10,50,0.995,0.5,0.95,0.5,2,3,truncated_gaussian_measurement_noise,700,800,0,,,39.0,3.9000000000000004,0.3,0.7,0.0,0.18754196873182713,0.44940453459688773,0.2745350679984812,0.7373430831101092
10,50,0.995,0.5,0.95,0.5,2,4,coordinated_turn_model_mismatch,900,1000,1,70.0,7.0,91.0,9.1,0.26,0.44,0.3,0.5322764443477007,0.9998800567353519,3.4826121812905013,5.101803236859568
10,50,0.995,0.5,0.95,0.5,2,5,process_noise_x_increased,1100,1300,0,,,14.0,1.4000000000000001,0.485,0.515,0.0,0.07023718659058545,0.17222277124593438,1.1224011620898635,2.9356553052624013
10,70,0.95,0.5,0.95,0.5,2,0,measurement_outliers,100,200,0,,,2.0,0.2,0.22,0.78,0.0,0.12450799559917831,0.31968925375412083,1.2474411435422474,3.6007695403055866
10,70,0.95,0.5,0.95,0.5,2,1,measurement_noise_x_increased,300,400,0,,,32.0,3.2,0.78,0.22,0.0,0.04489332322703736,0.17762057830543562,0.7092388984780176,1.841704448573599
10,70,0.95,0.5,0.95,0.5,2,2,measurement_noise_xy_decreased,500,600,0,,,54.0,5.4,0.3,0.7,0.0,0.3272394669127132,0.8492179004903491,0.3972952637072179,0.8034418376165188
10,70,0.95,0.5,0.95,0.5,2,3,truncated_gaussian_measurement_noise,700,800,0,,,46.0,4.6000000000000005,0.21,0.79,0.0,0.27731742566503953,0.6188771175226437,0.2745350679984812,0.7373430831101092
10,70,0.95,0.5,0.95,0.5,2,4,coordinated_turn_model_mismatch,900,1000,1,61.0,6.1000000000000005,83.0,8.3,0.18,0.43,0.39,0.5975138378036834,0.9999998615469012,3.4826121812905013,5.101803236859568
10,70,0.95,0.5,0.95,0.5,2,5,process_noise_x_increased,1100,1300,0,,,37.0,3.7,0.445,0.555,0.0,0.11036612747181027,0.27724267137678826,1.1224011620898635,2.9356553052624013
10,70,0.98,0.5,0.95,0.5,2,0,measurement_outliers,100,200,0,,,1.0,0.1,0.38,0.62,0.0,0.08389834867704138,0.217875067740872,1.2474411435422474,3.6007695403055866
10,70,0.98,0.5,0.95,0.5,2,1,measurement_noise_x_increased,300,400,0,,,29.0,2.9000000000000004,0.87,0.13,0.0,0.027414438555909276,0.11768256317752228,0.7092388984780176,1.841704448573599
10,70,0.98,0.5,0.95,0.5,2,2,measurement_noise_xy_decreased,500,600,0,,,58.0,5.800000000000001,0.35,0.65,0.0,0.25935935272913146,0.7967908423212842,0.3972952637072179,0.8034418376165188
10,70,0.98,0.5,0.95,0.5,2,3,truncated_gaussian_measurement_noise,700,800,0,,,46.0,4.6000000000000005,0.3,0.7,0.0,0.22325178920817393,0.557197490360057,0.2745350679984812,0.7373430831101092
10,70,0.98,0.5,0.95,0.5,2,4,coordinated_turn_model_mismatch,900,1000,1,67.0,6.7,87.0,8.700000000000001,0.23,0.44,0.33,0.555983904080955,0.9999991089507971,3.4826121812905013,5.101803236859568
10,70,0.98,0.5,0.95,0.5,2,5,process_noise_x_increased,1100,1300,0,,,12.0,1.2000000000000002,0.47,0.53,0.0,0.08735020447087313,0.22624221411869516,1.1224011620898635,2.9356553052624013
10,70,0.99,0.5,0.95,0.5,2,0,measurement_outliers,100,200,0,,,0.0,0.0,0.6,0.4,0.0,0.049792794172462435,0.12994029554469358,1.2474411435422474,3.6007695403055866
10,70,0.99,0.5,0.95,0.5,2,1,measurement_noise_x_increased,300,400,0,,,20.0,2.0,0.91,0.09,0.0,0.015060386762982854,0.0707586623818032,0.7092388984780176,1.841704448573599
10,70,0.99,0.5,0.95,0.5,2,2,measurement_noise_xy_decreased,500,600,0,,,60.0,6.0,0.47,0.53,0.0,0.18968681785490382,0.6974998285105765,0.3972952637072179,0.8034418376165188
10,70,0.99,0.5,0.95,0.5,2,3,truncated_gaussian_measurement_noise,700,800,0,,,44.0,4.4,0.42,0.58,0.0,0.1722872904068833,0.4830748367964144,0.2745350679984812,0.7373430831101092
10,70,0.99,0.5,0.95,0.5,2,4,coordinated_turn_model_mismatch,900,1000,1,72.0,7.2,91.0,9.1,0.27,0.45,0.28,0.5036250378137181,0.9999877144915904,3.4826121812905013,5.101803236859568
10,70,0.99,0.5,0.95,0.5,2,5,process_noise_x_increased,1100,1300,0,,,10.0,1.0,0.495,0.505,0.0,0.06545853095594575,0.18043906233004742,1.1224011620898635,2.9356553052624013
10,70,0.995,0.5,0.95,0.5,2,0,measurement_outliers,100,200,0,,,0.0,0.0,0.93,0.07,0.0,0.023090773097918196,0.05768606944579484,1.2474411435422474,3.6007695403055866
10,70,0.995,0.5,0.95,0.5,2,1,measurement_noise_x_increased,300,400,0,,,0.0,0.0,1.0,0.0,0.0,0.006302665459390645,0.03221242139303255,0.7092388984780176,1.841704448573599
10,70,0.995,0.5,0.95,0.5,2,2,measurement_noise_xy_decreased,500,600,0,,,59.0,5.9,0.57,0.43,0.0,0.10990630977744399,0.513672063751235,0.3972952637072179,0.8034418376165188
10,70,0.995,0.5,0.95,0.5,2,3,truncated_gaussian_measurement_noise,700,800,0,,,41.0,4.1000000000000005,0.47,0.53,0.0,0.12104447582807523,0.3779273469939146,0.2745350679984812,0.7373430831101092
10,70,0.995,0.5,0.95,0.5,2,4,coordinated_turn_model_mismatch,900,1000,1,79.0,7.9,97.0,9.700000000000001,0.33,0.46,0.21,0.4264884438966816,0.99970665440794,3.4826121812905013,5.101803236859568
10,70,0.995,0.5,0.95,0.5,2,5,process_noise_x_increased,1100,1300,0,,,8.0,0.8,0.57,0.43,0.0,0.0434029118098193,0.12223353586206924,1.1224011620898635,2.9356553052624013
5,25,0.95,0.5,0.95,0.5,3,0,measurement_outliers,100,200,0,,,0.0,0.0,0.41,0.59,0.0,0.17502772934233632,0.6045643563502194,0.8286334106091573,2.304871195707753
5,25,0.95,0.5,0.95,0.5,3,1,measurement_noise_x_increased,300,400,0,,,6.0,0.6000000000000001,0.18,0.82,0.0,0.12819120477916887,0.3295574755583999,0.749560722090168,1.7438658980891455
5,25,0.95,0.5,0.95,0.5,3,2,measurement_noise_xy_decreased,500,600,0,,,18.0,1.8,0.0,1.0,0.0,0.7048040188678631,0.9461758836039248,0.3529933116546703,0.7671775811463069
5,25,0.95,0.5,0.95,0.5,3,3,truncated_gaussian_measurement_noise,700,800,0,,,15.0,1.5,0.2,0.8,0.0,0.4271780226715933,0.8033970536950187,0.32727747619856856,0.7298856838269324
5,25,0.95,0.5,0.95,0.5,3,4,coordinated_turn_model_mismatch,900,1000,1,34.0,3.4000000000000004,41.0,4.1000000000000005,0.0,0.34,0.66,0.7888476366221293,0.9999975480523069,2.415873282614401,3.8231622955815037
5,25,0.95,0.5,0.95,0.5,3,5,process_noise_x_increased,1100,1300,1,104.0,10.4,20.0,2.0,0.295,0.67,0.035,0.2478945283873255,0.9707161876627516,1.214717989527262,4.273004370600895
5,25,0.98,0.5,0.95,0.5,3,0,measurement_outliers,100,200,0,,,0.0,0.0,0.48,0.52,0.0,0.13034786013435562,0.4951051687635691,0.8286334106091573,2.304871195707753
5,25,0.98,0.5,0.95,0.5,3,1,measurement_noise_x_increased,300,400,0,,,6.0,0.6000000000000001,0.27,0.73,0.0,0.07980780177873117,0.20173982502476995,0.749560722090168,1.7438658980891455
5,25,0.98,0.5,0.95,0.5,3,2,measurement_noise_xy_decreased,500,600,0,,,19.0,1.9000000000000001,0.0,0.98,0.02,0.6655041879905269,0.9521548623699082,0.3529933116546703,0.7671775811463069
5,25,0.98,0.5,0.95,0.5,3,3,truncated_gaussian_measurement_noise,700,800,0,,,15.0,1.5,0.23,0.77,0.0,0.38213806546700335,0.7626552699776368,0.32727747619856856,0.7298856838269324
5,25,0.98,0.5,0.95,0.5,3,4,coordinated_turn_model_mismatch,900,1000,1,33.0,3.3000000000000003,42.0,4.2,0.03,0.3,0.67,0.754670438846627,0.9999998506430142,2.415873282614401,3.8231622955815037
5,25,0.98,0.5,0.95,0.5,3,5,process_noise_x_increased,1100,1300,0,,,18.0,1.8,0.42,0.58,0.0,0.2231671743924828,0.9217259761209626,1.214717989527262,4.273004370600895
5,25,0.99,0.5,0.95,0.5,3,0,measurement_outliers,100,200,0,,,0.0,0.0,0.58,0.42,0.0,0.08692868891185776,0.35851960869137295,0.8286334106091573,2.304871195707753
5,25,0.99,0.5,0.95,0.5,3,1,measurement_noise_x_increased,300,400,0,,,4.0,0.4,0.47,0.53,0.0,0.0452030910316252,0.11353073269933397,0.749560722090168,1.7438658980891455
5,25,0.99,0.5,0.95,0.5,3,2,measurement_noise_xy_decreased,500,600,0,,,24.0,2.4000000000000004,0.01,0.99,0.0,0.6168655234839432,0.948345463632087,0.3529933116546703,0.7671775811463069
5,25,0.99,0.5,0.95,0.5,3,3,truncated_gaussian_measurement_noise,700,800,0,,,16.0,1.6,0.26,0.74,0.0,0.3884079521829951,0.7320670973533662,0.32727747619856856,0.7298856838269324
5,25,0.99,0.5,0.95,0.5,3,4,coordinated_turn_model_mismatch,900,1000,1,31.0,3.1,41.0,4.1000000000000005,0.17,0.14,0.69,0.7644638603143511,0.9999999875577986,2.415873282614401,3.8231622955815037
5,25,0.99,0.5,0.95,0.5,3,5,process_noise_x_increased,1100,1300,1,100.0,10.0,15.0,1.5,0.45,0.49,0.06,0.23421027110927292,0.9818487162496106,1.214717989527262,4.273004370600895
5,25,0.995,0.5,0.95,0.5,3,0,measurement_outliers,100,200,0,,,0.0,0.0,0.67,0.33,0.0,0.04220202780076071,0.18932056211413006,0.8286334106091573,2.304871195707753
5,25,0.995,0.5,0.95,0.5,3,1,measurement_noise_x_increased,300,400,0,,,0.0,0.0,1.0,0.0,0.0,0.018700688058919893,0.04205336960715585,0.749560722090168,1.7438658980891455
5,25,0.995,0.5,0.95,0.5,3,2,measurement_noise_xy_decreased,500,600,1,77.0,7.7,24.0,2.4000000000000004,0.17,0.8,0.03,0.6213310615679638,0.9560857516030365,0.3529933116546703,0.7671775811463069
5,25,0.995,0.5,0.95,0.5,3,3,truncated_gaussian_measurement_noise,700,800,0,,,16.0,1.6,0.25,0.75,0.0,0.3329989516113369,0.6521009393695056,0.32727747619856856,0.7298856838269324
5,25,0.995,0.5,0.95,0.5,3,4,coordinated_turn_model_mismatch,900,1000,1,32.0,3.2,39.0,3.9000000000000004,0.21,0.11,0.68,0.7623318919776991,0.9999999962813403,2.415873282614401,3.8231622955815037
5,25,0.995,0.5,0.95,0.5,3,5,process_noise_x_increased,1100,1300,1,96.0,9.600000000000001,14.0,1.4000000000000001,0.46,0.505,0.035,0.23076640979566296,0.9741769960596726,1.214717989527262,4.273004370600895
5,35,0.95,0.5,0.95,0.5,3,0,measurement_outliers,100,200,0,,,0.0,0.0,0.47,0.53,0.0,0.12394653246739967,0.4806252680941808,0.8286334106091573,2.304871195707753
5,35,0.95,0.5,0.95,0.5,3,1,measurement_noise_x_increased,300,400,0,,,4.0,0.4,0.35,0.65,0.0,0.07088407833107392,0.2653343791727444,0.749560722090168,1.7438658980891455
5,35,0.95,0.5,0.95,0.5,3,2,measurement_noise_xy_decreased,500,600,1,74.0,7.4,24.0,2.4000000000000004,0.0,0.92,0.08,0.660264551209889,0.9648342217609418,0.3529933116546703,0.7671775811463069
5,35,0.95,0.5,0.95,0.5,3,3,truncated_gaussian_measurement_noise,700,800,0,,,16.0,1.6,0.29,0.71,0.0,0.3885313068065833,0.7749492852860238,0.32727747619856856,0.7298856838269324
5,35,0.95,0.5,0.95,0.5,3,4,coordinated_turn_model_mismatch,900,1000,1,39.0,3.9000000000000004,45.0,4.5,0.08,0.31,0.61,0.7338299606434561,0.9999996188393798,2.415873282614401,3.8231622955815037
5,35,0.95,0.5,0.95,0.5,3,5,process_noise_x_increased,1100,1300,0,,,18.0,1.8,0.42,0.58,0.0,0.20220559001398952,0.9107254240995876,1.214717989527262,4.273004370600895
5,35,0.98,0.5,0.95,0.5,3,0,measurement_outliers,100,200,0,,,0.0,0.0,0.52,0.48,0.0,0.0882696264691141,0.35634305787301346,0.8286334106091573,2.304871195707753
5,35,0.98,0.5,0.95,0.5,3,1,measurement_noise_x_increased,300,400,0,,,0.0,0.0,0.58,0.42,0.0,0.043436036469876135,0.15039186781052116,0.749560722090168,1.7438658980891455
5,35,0.98,0.5,0.95,0.5,3,2,measurement_noise_xy_decreased,500,600,1,75.0,7.5,25.0,2.5,0.08,0.85,0.07,0.6204077953346977,0.9635405766569292,0.3529933116546703,0.7671775811463069
5,35,0.98,0.5,0.95,0.5,3,3,truncated_gaussian_measurement_noise,700,800,0,,,16.0,1.6,0.32,0.68,0.0,0.342096346287132,0.7277284516421563,0.32727747619856856,0.7298856838269324
5,35,0.98,0.5,0.95,0.5,3,4,coordinated_turn_model_mismatch,900,1000,1,39.0,3.9000000000000004,47.0,4.7,0.16,0.23,0.61,0.7066874217943703,0.9999997552288673,2.415873282614401,3.8231622955815037
5,35,0.98,0.5,0.95,0.5,3,5,process_noise_x_increased,1100,1300,0,,,14.0,1.4000000000000001,0.475,0.525,0.0,0.18661587938756197,0.8675594006512513,1.214717989527262,4.273004370600895
5,35,0.99,0.5,0.95,0.5,3,0,measurement_outliers,100,200,0,,,0.0,0.0,0.63,0.37,0.0,0.0551180169037701,0.23122237162801532,0.8286334106091573,2.304871195707753
5,35,0.99,0.5,0.95,0.5,3,1,measurement_noise_x_increased,300,400,0,,,0.0,0.0,0.7,0.3,0.0,0.04437774786137208,0.18466540114482663,0.749560722090168,1.7438658980891455
5,35,0.99,0.5,0.95,0.5,3,2,measurement_noise_xy_decreased,500,600,0,,,26.0,2.6,0.17,0.81,0.02,0.5719029165009327,0.9543123506736126,0.3529933116546703,0.7671775811463069
5,35,0.99,0.5,0.95,0.5,3,3,truncated_gaussian_measurement_noise,700,800,0,,,19.0,1.9000000000000001,0.34,0.66,0.0,0.34467459081455976,0.7023389044927498,0.32727747619856856,0.7298856838269324
5,35,0.99,0.5,0.95,0.5,3,4,coordinated_turn_model_mismatch,900,1000,1,37.0,3.7,45.0,4.5,0.2,0.17,0.63,0.7197406891377224,0.9999999652688542,2.415873282614401,3.8231622955815037
5,35,0.99,0.5,0.95,0.5,3,5,process_noise_x_increased,1100,1300,0,,,13.0,1.3,0.49,0.495,0.015,0.20263496486559393,0.9675007083362934,1.214717989527262,4.273004370600895
5,35,0.995,0.5,0.95,0.5,3,0,measurement_outliers,100,200,0,,,0.0,0.0,0.8,0.2,0.0,0.023919223811482097,0.10374216201445394,0.8286334106091573,2.304871195707753
5,35,0.995,0.5,0.95,0.5,3,1,measurement_noise_x_increased,300,400,0,,,0.0,0.0,0.89,0.11,0.0,0.025527644283361992,0.08315851453773561,0.749560722090168,1.7438658980891455
5,35,0.995,0.5,0.95,0.5,3,2,measurement_noise_xy_decreased,500,600,0,,,26.0,2.6,0.24,0.74,0.02,0.5724949079367815,0.9549664984141867,0.3529933116546703,0.7671775811463069
5,35,0.995,0.5,0.95,0.5,3,3,truncated_gaussian_measurement_noise,700,800,0,,,19.0,1.9000000000000001,0.33,0.67,0.0,0.289626129712419,0.6029945145746263,0.32727747619856856,0.7298856838269324
5,35,0.995,0.5,0.95,0.5,3,4,coordinated_turn_model_mismatch,900,1000,1,34.0,3.4000000000000004,41.0,4.1000000000000005,0.23,0.11,0.66,0.72635689311542,0.9999999894951882,2.415873282614401,3.8231622955815037
5,35,0.995,0.5,0.95,0.5,3,5,process_noise_x_increased,1100,1300,0,,,12.0,1.2000000000000002,0.475,0.52,0.005,0.22479515971278852,0.9541185559786449,1.214717989527262,4.273004370600895
5,50,0.95,0.5,0.95,0.5,3,0,measurement_outliers,100,200,0,,,1.0,0.1,0.54,0.46,0.0,0.06018915304371209,0.2321788086283038,0.8286334106091573,2.304871195707753
5,50,0.95,0.5,0.95,0.5,3,1,measurement_noise_x_increased,300,400,0,,,0.0,0.0,0.76,0.24,0.0,0.030428296753708475,0.10682611335459816,0.749560722090168,1.7438658980891455
5,50,0.95,0.5,0.95,0.5,3,2,measurement_noise_xy_decreased,500,600,1,73.0,7.300000000000001,26.0,2.6,0.15,0.68,0.17,0.5802769964228374,0.9686919313529289,0.3529933116546703,0.7671775811463069
5,50,0.95,0.5,0.95,0.5,3,3,truncated_gaussian_measurement_noise,700,800,0,,,19.0,1.9000000000000001,0.42,0.58,0.0,0.31360231965931223,0.7067196650815741,0.32727747619856856,0.7298856838269324
5,50,0.95,0.5,0.95,0.5,3,4,coordinated_turn_model_mismatch,900,1000,1,46.0,4.6000000000000005,53.0,5.300000000000001,0.21,0.25,0.54,0.6491356957665768,0.9999998458271925,2.415873282614401,3.8231622955815037
5,50,0.95,0.5,0.95,0.5,3,5,process_noise_x_increased,1100,1300,0,,,3.0,0.30000000000000004,0.49,0.51,0.0,0.15541642653484866,0.6277062143348566,1.214717989527262,4.273004370600895
5,50,0.98,0.5,0.95,0.5,3,0,measurement_outliers,100,200,0,,,0.0,0.0,0.65,0.35,0.0,0.038852245152669676,0.1512572260528981,0.8286334106091573,2.304871195707753
5,50,0.98,0.5,0.95,0.5,3,1,measurement_noise_x_increased,300,400,0,,,0.0,0.0,1.0,0.0,0.0,0.017929258846852782,0.047500268393831216,0.749560722090168,1.7438658980891455
5,50,0.98,0.5,0.95,0.5,3,2,measurement_noise_xy_decreased,500,600,1,76.0,7.6000000000000005,27.0,2.7,0.21,0.65,0.14,0.540008862718695,0.9629818533802902,0.3529933116546703,0.7671775811463069
5,50,0.98,0.5,0.95,0.5,3,3,truncated_gaussian_measurement_noise,700,800,0,,,20.0,2.0,0.45,0.55,0.0,0.26747065218276406,0.6528661864271379,0.32727747619856856,0.7298856838269324
5,50,0.98,0.5,0.95,0.5,3,4,coordinated_turn_model_mismatch,900,1000,1,43.0,4.3,55.0,5.5,0.24,0.19,0.57,0.6307908575608266,0.9999999651388991,2.415873282614401,3.8231622955815037
5,50,0.98,0.5,0.95,0.5,3,5,process_noise_x_increased,1100,1300,0,,,3.0,0.30000000000000004,0.52,0.48,0.0,0.13966753581885127,0.6712710719496824,1.214717989527262,4.273004370600895
5,50,0.99,0.5,0.95,0.5,3,0,measurement_outliers,100,200,0,,,0.0,0.0,0.82,0.18,0.0,0.021305229699295315,0.08479654856379153,0.8286334106091573,2.304871195707753
5,50,0.99,0.5,0.95,0.5,3,1,measurement_noise_x_increased,300,400,0,,,0.0,0.0,1.0,0.0,0.0,0.009380981600155235,0.026162751459612638,0.749560722090168,1.7438658980891455
5,50,0.99,0.5,0.95,0.5,3,2,measurement_noise_xy_decreased,500,600,0,,,30.0,3.0,0.25,0.75,0.0,0.49411089930313606,0.9496952571644579,0.3529933116546703,0.7671775811463069
5,50,0.99,0.5,0.95,0.5,3,3,truncated_gaussian_measurement_noise,700,800,0,,,20.0,2.0,0.48,0.52,0.0,0.26274558510896073,0.6181045803308496,0.32727747619856856,0.7298856838269324
5,50,0.99,0.5,0.95,0.5,3,4,coordinated_turn_model_mismatch,900,1000,1,46.0,4.6000000000000005,58.0,5.800000000000001,0.27,0.19,0.54,0.621001054329135,0.9999999501487784,2.415873282614401,3.8231622955815037
5,50,0.99,0.5,0.95,0.5,3,5,process_noise_x_increased,1100,1300,0,,,1.0,0.1,0.545,0.455,0.0,0.13090559667678503,0.5541711016530557,1.214717989527262,4.273004370600895
5,50,0.995,0.5,0.95,0.5,3,0,measurement_outliers,100,200,0,,,0.0,0.0,1.0,0.0,0.0,0.0076543000752694644,0.030913798859078717,0.8286334106091573,2.304871195707753
5,50,0.995,0.5,0.95,0.5,3,1,measurement_noise_x_increased,300,400,0,,,0.0,0.0,1.0,0.0,0.0,0.00984393698819476,0.028455063343430204,0.749560722090168,1.7438658980891455
5,50,0.995,0.5,0.95,0.5,3,2,measurement_noise_xy_decreased,500,600,1,71.0,7.1000000000000005,28.0,2.8000000000000003,0.32,0.4,0.28,0.5345941827421457,0.9710821844454693,0.3529933116546703,0.7671775811463069
5,50,0.995,0.5,0.95,0.5,3,3,truncated_gaussian_measurement_noise,700,800,0,,,20.0,2.0,0.44,0.56,0.0,0.2359124545544502,0.5541794621675943,0.32727747619856856,0.7298856838269324
5,50,0.995,0.5,0.95,0.5,3,4,coordinated_turn_model_mismatch,900,1000,1,44.0,4.4,52.0,5.2,0.26,0.18,0.56,0.6487243865315655,0.999999958909288,2.415873282614401,3.8231622955815037
5,50,0.995,0.5,0.95,0.5,3,5,process_noise_x_increased,1100,1300,0,,,1.0,0.1,0.475,0.525,0.0,0.18477670861255796,0.8104994156009968,1.214717989527262,4.273004370600895
5,70,0.95,0.5,0.95,0.5,3,0,measurement_outliers,100,200,0,,,0.0,0.0,0.97,0.03,0.0,0.015501103339646953,0.06141967900961276,0.8286334106091573,2.304871195707753
5,70,0.95,0.5,0.95,0.5,3,1,measurement_noise_x_increased,300,400,0,,,0.0,0.0,1.0,0.0,0.0,0.009115205967490164,0.03845893334701051,0.749560722090168,1.7438658980891455
5,70,0.95,0.5,0.95,0.5,3,2,measurement_noise_xy_decreased,500,600,1,77.0,7.7,34.0,3.4000000000000004,0.25,0.52,0.23,0.461318783774373,0.9655720395001627,0.3529933116546703,0.7671775811463069
5,70,0.95,0.5,0.95,0.5,3,3,truncated_gaussian_measurement_noise,700,800,0,,,23.0,2.3000000000000003,0.54,0.46,0.0,0.19822560151756272,0.6298923111605051,0.32727747619856856,0.7298856838269324
5,70,0.95,0.5,0.95,0.5,3,4,coordinated_turn_model_mismatch,900,1000,1,60.0,6.0,64.0,6.4,0.32,0.28,0.4,0.5421998219881793,0.9999985792582976,2.415873282614401,3.8231622955815037
5,70,0.95,0.5,0.95,0.5,3,5,process_noise_x_increased,1100,1300,0,,,0.0,0.0,0.625,0.375,0.0,0.09793245999610214,0.5892681971064573,1.214717989527262,4.273004370600895
5,70,0.98,0.5,0.95,0.5,3,0,measurement_outliers,100,200,0,,,0.0,0.0,1.0,0.0,0.0,0.008307517696298153,0.0321289093795943,0.8286334106091573,2.304871195707753
5,70,0.98,0.5,0.95,0.5,3,1,measurement_noise_x_increased,300,400,0,,,0.0,0.0,1.0,0.0,0.0,0.005096759905876309,0.0215883672737923,0.749560722090168,1.7438658980891455
5,70,0.98,0.5,0.95,0.5,3,2,measurement_noise_xy_decreased,500,600,1,94.0,9.4,35.0,3.5,0.33,0.61,0.06,0.42146209331542617,0.9588747234190955,0.3529933116546703,0.7671775811463069
5,70,0.98,0.5,0.95,0.5,3,3,truncated_gaussian_measurement_noise,700,800,0,,,25.0,2.5,0.58,0.42,0.0,0.1822150398446388,0.6060509979746629,0.32727747619856856,0.7298856838269324
5,70,0.98,0.5,0.95,0.5,3,4,coordinated_turn_model_mismatch,900,1000,1,61.0,6.1000000000000005,66.0,6.6000000000000005,0.35,0.26,0.39,0.5244914762011811,0.9999992257746994,2.415873282614401,3.8231622955815037
5,70,0.98,0.5,0.95,0.5,3,5,process_noise_x_increased,1100,1300,0,,,0.0,0.0,0.645,0.355,0.0,0.09622151874244864,0.6062055188663447,1.214717989527262,4.273004370600895
5,70,0.99,0.5,0.95,0.5,3,0,measurement_outliers,100,200,0,,,0.0,0.0,1.0,0.0,0.0,0.0036493116051893103,0.01424631756445204,0.8286334106091573,2.304871195707753
5,70,0.99,0.5,0.95,0.5,3,1,measurement_noise_x_increased,300,400,0,,,0.0,0.0,1.0,0.0,0.0,0.0023938228343680745,0.011783567168572796,0.749560722090168,1.7438658980891455
5,70,0.99,0.5,0.95,0.5,3,2,measurement_noise_xy_decreased,500,600,1,94.0,9.4,36.0,3.6,0.36,0.59,0.05,0.4026050718355318,0.9588750360404755,0.3529933116546703,0.7671775811463069
5,70,0.99,0.5,0.95,0.5,3,3,truncated_gaussian_measurement_noise,700,800,0,,,25.0,2.5,0.62,0.38,0.0,0.1592057280558131,0.5410698467579458,0.32727747619856856,0.7298856838269324
5,70,0.99,0.5,0.95,0.5,3,4,coordinated_turn_model_mismatch,900,1000,1,58.0,5.800000000000001,66.0,6.6000000000000005,0.33,0.25,0.42,0.5326098568160718,0.9999998227388107,2.415873282614401,3.8231622955815037
5,70,0.99,0.5,0.95,0.5,3,5,process_noise_x_increased,1100,1300,0,,,0.0,0.0,0.655,0.345,0.0,0.07226360594627948,0.4580985852294312,1.214717989527262,4.273004370600895
5,70,0.995,0.5,0.95,0.5,3,0,measurement_outliers,100,200,0,,,0.0,0.0,1.0,0.0,0.0,0.0009776546017597337,0.00454872807090415,0.8286334106091573,2.304871195707753
5,70,0.995,0.5,0.95,0.5,3,1,measurement_noise_x_increased,300,400,0,,,0.0,0.0,1.0,0.0,0.0,0.0007488778607911674,0.0045485695730162505,0.749560722090168,1.7438658980891455
5,70,0.995,0.5,0.95,0.5,3,2,measurement_noise_xy_decreased,500,600,1,81.0,8.1,39.0,3.9000000000000004,0.42,0.4,0.18,0.3888606452560155,0.965252141380699,0.3529933116546703,0.7671775811463069
5,70,0.995,0.5,0.95,0.5,3,3,truncated_gaussian_measurement_noise,700,800,0,,,25.0,2.5,0.63,0.37,0.0,0.13386197571476313,0.4690536532244253,0.32727747619856856,0.7298856838269324
5,70,0.995,0.5,0.95,0.5,3,4,coordinated_turn_model_mismatch,900,1000,1,58.0,5.800000000000001,66.0,6.6000000000000005,0.36,0.22,0.42,0.5519470249969234,0.99999966404799,2.415873282614401,3.8231622955815037
5,70,0.995,0.5,0.95,0.5,3,5,process_noise_x_increased,1100,1300,0,,,0.0,0.0,0.625,0.375,0.0,0.06486743516804436,0.4253067711872247,1.214717989527262,4.273004370600895
7,35,0.95,0.5,0.95,0.5,3,0,measurement_outliers,100,200,0,,,1.0,0.1,0.46,0.54,0.0,0.11813228286196827,0.3749168031832701,0.8286334106091573,2.304871195707753
7,35,0.95,0.5,0.95,0.5,3,1,measurement_noise_x_increased,300,400,0,,,47.0,4.7,0.19,0.81,0.0,0.16209308150840462,0.46813211501067276,0.749560722090168,1.7438658980891455
7,35,0.95,0.5,0.95,0.5,3,2,measurement_noise_xy_decreased,500,600,0,,,24.0,2.4000000000000004,0.0,1.0,0.0,0.653799703665904,0.9019216280046563,0.3529933116546703,0.7671775811463069
7,35,0.95,0.5,0.95,0.5,3,3,truncated_gaussian_measurement_noise,700,800,0,,,58.0,5.800000000000001,0.12,0.88,0.0,0.4278134681887509,0.7497309105499219,0.32727747619856856,0.7298856838269324
7,35,0.95,0.5,0.95,0.5,3,4,coordinated_turn_model_mismatch,900,1000,1,40.0,4.0,47.0,4.7,0.0,0.4,0.6,0.7510663910111661,0.9999395828769234,2.415873282614401,3.8231622955815037
7,35,0.95,0.5,0.95,0.5,3,5,process_noise_x_increased,1100,1300,0,,,26.0,2.6,0.15,0.85,0.0,0.25691767025524015,0.897299393617685,1.214717989527262,4.273004370600895
7,35,0.98,0.5,0.95,0.5,3,0,measurement_outliers,100,200,0,,,2.0,0.2,0.54,0.46,0.0,0.08712453463044259,0.2952716459264956,0.8286334106091573,2.304871195707753
7,35,0.98,0.5,0.95,0.5,3,1,measurement_noise_x_increased,300,400,0,,,42.0,4.2,0.32,0.68,0.0,0.13433467471841298,0.4476579032310014,0.749560722090168,1.7438658980891455
7,35,0.98,0.5,0.95,0.5,3,2,measurement_noise_xy_decreased,500,600,0,,,48.0,4.800000000000001,0.02,0.98,0.0,0.6100367898858994,0.9010459759274586,0.3529933116546703,0.7671775811463069
7,35,0.98,0.5,0.95,0.5,3,3,truncated_gaussian_measurement_noise,700,800,0,,,57.0,5.7,0.16,0.84,0.0,0.41040367161877384,0.7460324035941123,0.32727747619856856,0.7298856838269324
7,35,0.98,0.5,0.95,0.5,3,4,coordinated_turn_model_mismatch,900,1000,1,41.0,4.1000000000000005,45.0,4.5,0.0,0.41,0.59,0.7323673495554837,0.9999704636004352,2.415873282614401,3.8231622955815037
7,35,0.98,0.5,0.95,0.5,3,5,process_noise_x_increased,1100,1300,0,,,25.0,2.5,0.375,0.625,0.0,0.23917690190300603,0.8622578221704955,1.214717989527262,4.273004370600895
7,35,0.99,0.5,0.95,0.5,3,0,measurement_outliers,100,200,0,,,0.0,0.0,0.62,0.38,0.0,0.061609556454726995,0.22462181085462865,0.8286334106091573,2.304871195707753
7,35,0.99,0.5,0.95,0.5,3,1,measurement_noise_x_increased,300,400,0,,,24.0,2.4000000000000004,0.34,0.66,0.0,0.11564707654309035,0.4280844688786708,0.749560722090168,1.7438658980891455
7,35,0.99,0.5,0.95,0.5,3,2,measurement_noise_xy_decreased,500,600,0,,,25.0,2.5,0.1,0.9,0.0,0.5806422497742212,0.8997660565030345,0.3529933116546703,0.7671775811463069
7,35,0.99,0.5,0.95,0.5,3,3,truncated_gaussian_measurement_noise,700,800,0,,,57.0,5.7,0.25,0.75,0.0,0.4066545917966817,0.7262824455348632,0.32727747619856856,0.7298856838269324
7,35,0.99,0.5,0.95,0.5,3,4,coordinated_turn_model_mismatch,900,1000,1,41.0,4.1000000000000005,44.0,4.4,0.16,0.25,0.59,0.7214080912368291,0.9999679804294491,2.415873282614401,3.8231622955815037
7,35,0.99,0.5,0.95,0.5,3,5,process_noise_x_increased,1100,1300,0,,,23.0,2.3000000000000003,0.44,0.56,0.0,0.226138044340766,0.7998178588426356,1.214717989527262,4.273004370600895
7,35,0.995,0.5,0.95,0.5,3,0,measurement_outliers,100,200,0,,,0.0,0.0,0.69,0.31,0.0,0.04156423745736589,0.14555837983125683,0.8286334106091573,2.304871195707753
7,35,0.995,0.5,0.95,0.5,3,1,measurement_noise_x_increased,300,400,0,,,6.0,0.6000000000000001,0.37,0.63,0.0,0.09106208611398335,0.31252440213045507,0.749560722090168,1.7438658980891455
7,35,0.995,0.5,0.95,0.5,3,2,measurement_noise_xy_decreased,500,600,0,,,24.0,2.4000000000000004,0.06,0.94,0.0,0.5633328253776201,0.8730371745381643,0.3529933116546703,0.7671775811463069
7,35,0.995,0.5,0.95,0.5,3,3,truncated_gaussian_measurement_noise,700,800,0,,,41.0,4.1000000000000005,0.3,0.7,0.0,0.39911405517668463,0.7154669807209008,0.32727747619856856,0.7298856838269324
7,35,0.995,0.5,0.95,0.5,3,4,coordinated_turn_model_mismatch,900,1000,1,39.0,3.9000000000000004,45.0,4.5,0.09,0.3,0.61,0.7516706070458565,0.9999824278942553,2.415873282614401,3.8231622955815037
7,35,0.995,0.5,0.95,0.5,3,5,process_noise_x_increased,1100,1300,0,,,18.0,1.8,0.43,0.57,0.0,0.24236438659068266,0.8852399554815749,1.214717989527262,4.273004370600895
7,50,0.95,0.5,0.95,0.5,3,0,measurement_outliers,100,200,0,,,2.0,0.2,0.56,0.44,0.0,0.05510453565120051,0.21882155083393812,0.8286334106091573,2.304871195707753
7,50,0.95,0.5,0.95,0.5,3,1,measurement_noise_x_increased,300,400,0,,,36.0,3.6,0.34,0.66,0.0,0.0942979272312107,0.30917197365380167,0.749560722090168,1.7438658980891455
7,50,0.95,0.5,0.95,0.5,3,2,measurement_noise_xy_decreased,500,600,0,,,25.0,2.5,0.01,0.99,0.0,0.5788837365449016,0.9234946687018465,0.3529933116546703,0.7671775811463069
7,50,0.95,0.5,0.95,0.5,3,3,truncated_gaussian_measurement_noise,700,800,0,,,41.0,4.1000000000000005,0.24,0.76,0.0,0.3297783758681603,0.672804970470425,0.32727747619856856,0.7298856838269324
7,50,0.95,0.5,0.95,0.5,3,4,coordinated_turn_model_mismatch,900,1000,1,48.0,4.800000000000001,51.0,5.1000000000000005,0.16,0.32,0.52,0.6714538233908044,0.9999871462163128,2.415873282614401,3.8231622955815037
7,50,0.95,0.5,0.95,0.5,3,5,process_noise_x_increased,1100,1300,0,,,24.0,2.4000000000000004,0.415,0.585,0.0,0.1993777776401261,0.7305002975809876,1.214717989527262,4.273004370600895
7,50,0.98,0.5,0.95,0.5,3,0,measurement_outliers,100,200,0,,,1.0,0.1,0.64,0.36,0.0,0.0390857081632639,0.22063139143166993,0.8286334106091573,2.304871195707753
7,50,0.98,0.5,0.95,0.5,3,1,measurement_noise_x_increased,300,400,0,,,13.0,1.3,0.43,0.57,0.0,0.05304613480482691,0.11613693511242469,0.749560722090168,1.7438658980891455
7,50,0.98,0.5,0.95,0.5,3,2,measurement_noise_xy_decreased,500,600,0,,,26.0,2.6,0.1,0.9,0.0,0.5525215054571277,0.9222802453872923,0.3529933116546703,0.7671775811463069
7,50,0.98,0.5,0.95,0.5,3,3,truncated_gaussian_measurement_noise,700,800,0,,,33.0,3.3000000000000003,0.28,0.72,0.0,0.2984205283743317,0.6502990204230626,0.32727747619856856,0.7298856838269324
7,50,0.98,0.5,0.95,0.5,3,4,coordinated_turn_model_mismatch,900,1000,1,48.0,4.800000000000001,58.0,5.800000000000001,0.19,0.28,0.53,0.6548624883873022,0.9999893948513238,2.415873282614401,3.8231622955815037
7,50,0.98,0.5,0.95,0.5,3,5,process_noise_x_increased,1100,1300,0,,,18.0,1.8,0.455,0.545,0.0,0.1747540520352377,0.6078485953306111,1.214717989527262,4.273004370600895
7,50,0.99,0.5,0.95,0.5,3,0,measurement_outliers,100,200,0,,,0.0,0.0,0.88,0.12,0.0,0.025268664069528057,0.16134867698316271,0.8286334106091573,2.304871195707753
7,50,0.99,0.5,0.95,0.5,3,1,measurement_noise_x_increased,300,400,0,,,6.0,0.6000000000000001,0.49,0.51,0.0,0.036419213855883495,0.08488429592452709,0.749560722090168,1.7438658980891455
7,50,0.99,0.5,0.95,0.5,3,2,measurement_noise_xy_decreased,500,600,0,,,26.0,2.6,0.17,0.83,0.0,0.5372918373558931,0.9246459835411467,0.3529933116546703,0.7671775811463069
7,50,0.99,0.5,0.95,0.5,3,3,truncated_gaussian_measurement_noise,700,800,0,,,32.0,3.2,0.37,0.63,0.0,0.28720652280150427,0.6734343568901981,0.32727747619856856,0.7298856838269324
7,50,0.99,0.5,0.95,0.5,3,4,coordinated_turn_model_mismatch,900,1000,1,49.0,4.9,57.0,5.7,0.25,0.24,0.51,0.6454324782390536,0.9999791218970465,2.415873282614401,3.8231622955815037
7,50,0.99,0.5,0.95,0.5,3,5,process_noise_x_increased,1100,1300,0,,,17.0,1.7000000000000002,0.45,0.55,0.0,0.18556963702458332,0.7476556045248197,1.214717989527262,4.273004370600895
7,50,0.995,0.5,0.95,0.5,3,0,measurement_outliers,100,200,0,,,0.0,0.0,0.89,0.11,0.0,0.01359346432335367,0.07406014937245985,0.8286334106091573,2.304871195707753
7,50,0.995,0.5,0.95,0.5,3,1,measurement_noise_x_increased,300,400,0,,,2.0,0.2,0.52,0.48,0.0,0.046024018779205214,0.15932380247190972,0.749560722090168,1.7438658980891455
7,50,0.995,0.5,0.95,0.5,3,2,measurement_noise_xy_decreased,500,600,0,,,26.0,2.6,0.22,0.78,0.0,0.5314234270495891,0.9084421026880418,0.3529933116546703,0.7671775811463069
7,50,0.995,0.5,0.95,0.5,3,3,truncated_gaussian_measurement_noise,700,800,0,,,34.0,3.4000000000000004,0.37,0.63,0.0,0.28795029223909646,0.6354668782739922,0.32727747619856856,0.7298856838269324
7,50,0.995,0.5,0.95,0.5,3,4,coordinated_turn_model_mismatch,900,1000,1,50.0,5.0,49.0,4.9,0.25,0.24,0.51,0.6391459840922254,0.999981213300167,2.415873282614401,3.8231622955815037
7,50,0.995,0.5,0.95,0.5,3,5,process_noise_x_increased,1100,1300,0,,,13.0,1.3,0.435,0.565,0.0,0.17903394234279196,0.6360985134622948,1.214717989527262,4.273004370600895
7,70,0.95,0.5,0.95,0.5,3,0,measurement_outliers,100,200,0,,,0.0,0.0,0.99,0.01,0.0,0.013709980551153305,0.055095661974688084,0.8286334106091573,2.304871195707753
7,70,0.95,0.5,0.95,0.5,3,1,measurement_noise_x_increased,300,400,0,,,6.0,0.6000000000000001,0.69,0.31,0.0,0.030299719384812785,0.096063095929569,0.749560722090168,1.7438658980891455
7,70,0.95,0.5,0.95,0.5,3,2,measurement_noise_xy_decreased,500,600,0,,,32.0,3.2,0.15,0.85,0.0,0.45867249891712875,0.9190844647022977,0.3529933116546703,0.7671775811463069
7,70,0.95,0.5,0.95,0.5,3,3,truncated_gaussian_measurement_noise,700,800,0,,,30.0,3.0,0.43,0.57,0.0,0.21170297783388314,0.568588591483029,0.32727747619856856,0.7298856838269324
7,70,0.95,0.5,0.95,0.5,3,4,coordinated_turn_model_mismatch,900,1000,1,60.0,6.0,63.0,6.300000000000001,0.3,0.3,0.4,0.5618830901041687,0.9999633119842408,2.415873282614401,3.8231622955815037
7,70,0.95,0.5,0.95,0.5,3,5,process_noise_x_increased,1100,1300,0,,,13.0,1.3,0.475,0.525,0.0,0.12386361342452404,0.5472809618693181,1.214717989527262,4.273004370600895
7,70,0.98,0.5,0.95,0.5,3,0,measurement_outliers,100,200,0,,,0.0,0.0,1.0,0.0,0.0,0.006700306148438563,0.026445598428402942,0.8286334106091573,2.304871195707753
7,70,0.98,0.5,0.95,0.5,3,1,measurement_noise_x_increased,300,400,0,,,0.0,0.0,0.97,0.03,0.0,0.01808971826091883,0.05441495151945109,0.749560722090168,1.7438658980891455
7,70,0.98,0.5,0.95,0.5,3,2,measurement_noise_xy_decreased,500,600,0,,,35.0,3.5,0.19,0.81,0.0,0.43430423740994906,0.9226922056767561,0.3529933116546703,0.7671775811463069
7,70,0.98,0.5,0.95,0.5,3,3,truncated_gaussian_measurement_noise,700,800,0,,,31.0,3.1,0.48,0.52,0.0,0.1913823937674437,0.5446638185417341,0.32727747619856856,0.7298856838269324
7,70,0.98,0.5,0.95,0.5,3,4,coordinated_turn_model_mismatch,900,1000,1,61.0,6.1000000000000005,65.0,6.5,0.31,0.3,0.39,0.5490554508423827,0.9999674136655059,2.415873282614401,3.8231622955815037
7,70,0.98,0.5,0.95,0.5,3,5,process_noise_x_increased,1100,1300,0,,,12.0,1.2000000000000002,0.485,0.515,0.0,0.11469554530427041,0.48787936465044673,1.214717989527262,4.273004370600895
7,70,0.99,0.5,0.95,0.5,3,0,measurement_outliers,100,200,0,,,0.0,0.0,1.0,0.0,0.0,0.0031833145192502062,0.013208126250952015,0.8286334106091573,2.304871195707753
7,70,0.99,0.5,0.95,0.5,3,1,measurement_noise_x_increased,300,400,0,,,0.0,0.0,1.0,0.0,0.0,0.011823093541759073,0.04020337096310845,0.749560722090168,1.7438658980891455
7,70,0.99,0.5,0.95,0.5,3,2,measurement_noise_xy_decreased,500,600,0,,,36.0,3.6,0.26,0.74,0.0,0.41196781624325385,0.9262931784348106,0.3529933116546703,0.7671775811463069
7,70,0.99,0.5,0.95,0.5,3,3,truncated_gaussian_measurement_noise,700,800,0,,,31.0,3.1,0.55,0.45,0.0,0.17393833248390755,0.5261169896460433,0.32727747619856856,0.7298856838269324
7,70,0.99,0.5,0.95,0.5,3,4,coordinated_turn_model_mismatch,900,1000,1,62.0,6.2,66.0,6.6000000000000005,0.32,0.3,0.38,0.5425977293733595,0.999973914027602,2.415873282614401,3.8231622955815037
7,70,0.99,0.5,0.95,0.5,3,5,process_noise_x_increased,1100,1300,0,,,12.0,1.2000000000000002,0.49,0.51,0.0,0.11891946249650626,0.5896856426274801,1.214717989527262,4.273004370600895
7,70,0.995,0.5,0.95,0.5,3,0,measurement_outliers,100,200,0,,,0.0,0.0,1.0,0.0,0.0,0.0010473834771887404,0.004618711381668405,0.8286334106091573,2.304871195707753
7,70,0.995,0.5,0.95,0.5,3,1,measurement_noise_x_increased,300,400,0,,,0.0,0.0,1.0,0.0,0.0,0.005509128057672747,0.01788210977083311,0.749560722090168,1.7438658980891455
7,70,0.995,0.5,0.95,0.5,3,2,measurement_noise_xy_decreased,500,600,0,,,29.0,2.9000000000000004,0.18,0.82,0.0,0.4123104162191356,0.914372532808673,0.3529933116546703,0.7671775811463069
7,70,0.995,0.5,0.95,0.5,3,3,truncated_gaussian_measurement_noise,700,800,0,,,32.0,3.2,0.59,0.41,0.0,0.1758947667589316,0.5228642542500941,0.32727747619856856,0.7298856838269324
7,70,0.995,0.5,0.95,0.5,3,4,coordinated_turn_model_mismatch,900,1000,1,60.0,6.0,65.0,6.5,0.3,0.3,0.4,0.549938323829796,0.9999379976373642,2.415873282614401,3.8231622955815037
7,70,0.995,0.5,0.95,0.5,3,5,process_noise_x_increased,1100,1300,0,,,12.0,1.2000000000000002,0.49,0.51,0.0,0.11440949539833425,0.5628652161766792,1.214717989527262,4.273004370600895
10,50,0.95,0.5,0.95,0.5,3,0,measurement_outliers,100,200,0,,,7.0,0.7000000000000001,0.32,0.68,0.0,0.0999454443673316,0.21749244795475786,0.8286334106091573,2.304871195707753
10,50,0.95,0.5,0.95,0.5,3,1,measurement_noise_x_increased,300,400,0,,,48.0,4.800000000000001,0.35,0.65,0.0,0.11315408759978965,0.20656571263541929,0.749560722090168,1.7438658980891455
10,50,0.95,0.5,0.95,0.5,3,2,measurement_noise_xy_decreased,500,600,0,,,30.0,3.0,0.0,1.0,0.0,0.48958113835864553,0.8297441580999703,0.3529933116546703,0.7671775811463069
10,50,0.95,0.5,0.95,0.5,3,3,truncated_gaussian_measurement_noise,700,800,0,,,65.0,6.5,0.0,1.0,0.0,0.26742957544216783,0.4991212635467308,0.32727747619856856,0.7298856838269324
10,50,0.95,0.5,0.95,0.5,3,4,coordinated_turn_model_mismatch,900,1000,1,58.0,5.800000000000001,64.0,6.4,0.1,0.48,0.42,0.623894314655328,0.9978110368032549,2.415873282614401,3.8231622955815037
10,50,0.95,0.5,0.95,0.5,3,5,process_noise_x_increased,1100,1300,0,,,,,0.15,0.85,0.0,0.2362220677438434,0.6658268497957927,1.214717989527262,4.273004370600895
10,50,0.98,0.5,0.95,0.5,3,0,measurement_outliers,100,200,0,,,5.0,0.5,0.49,0.51,0.0,0.06778027354042082,0.15402281432638343,0.8286334106091573,2.304871195707753
10,50,0.98,0.5,0.95,0.5,3,1,measurement_noise_x_increased,300,400,0,,,43.0,4.3,0.44,0.56,0.0,0.07441019699097824,0.14987166450756884,0.749560722090168,1.7438658980891455
10,50,0.98,0.5,0.95,0.5,3,2,measurement_noise_xy_decreased,500,600,0,,,35.0,3.5,0.01,0.99,0.0,0.42507024401006716,0.8091023109800245,0.3529933116546703,0.7671775811463069
10,50,0.98,0.5,0.95,0.5,3,3,truncated_gaussian_measurement_noise,700,800,0,,,39.0,3.9000000000000004,0.13,0.87,0.0,0.20729474708931167,0.42427281933339533,0.32727747619856856,0.7298856838269324
10,50,0.98,0.5,0.95,0.5,3,4,coordinated_turn_model_mismatch,900,1000,1,68.0,6.800000000000001,67.0,6.7,0.18,0.5,0.32,0.5700396275703814,0.9960429115428523,2.415873282614401,3.8231622955815037
10,50,0.98,0.5,0.95,0.5,3,5,process_noise_x_increased,1100,1300,0,,,73.0,7.300000000000001,0.42,0.58,0.0,0.19410043586336723,0.6119091820551241,1.214717989527262,4.273004370600895
10,50,0.99,0.5,0.95,0.5,3,0,measurement_outliers,100,200,0,,,1.0,0.1,0.6,0.4,0.0,0.041166839665406886,0.10014206431670367,0.8286334106091573,2.304871195707753
10,50,0.99,0.5,0.95,0.5,3,1,measurement_noise_x_increased,300,400,0,,,39.0,3.9000000000000004,0.6,0.4,0.0,0.0451494006647663,0.1009647015028999,0.749560722090168,1.7438658980891455
10,50,0.99,0.5,0.95,0.5,3,2,measurement_noise_xy_decreased,500,600,0,,,36.0,3.6,0.2,0.8,0.0,0.3456822202206101,0.7613140758391251,0.3529933116546703,0.7671775811463069
10,50,0.99,0.5,0.95,0.5,3,3,truncated_gaussian_measurement_noise,700,800,0,,,33.0,3.3000000000000003,0.34,0.66,0.0,0.14946204770294141,0.34386961080477785,0.32727747619856856,0.7298856838269324
10,50,0.99,0.5,0.95,0.5,3,4,coordinated_turn_model_mismatch,900,1000,1,79.0,7.9,70.0,7.0,0.23,0.56,0.21,0.5084290800239075,0.9907610635176061,2.415873282614401,3.8231622955815037
10,50,0.99,0.5,0.95,0.5,3,5,process_noise_x_increased,1100,1300,0,,,44.0,4.4,0.445,0.555,0.0,0.14760148348872978,0.5030499027030113,1.214717989527262,4.273004370600895
10,50,0.995,0.5,0.95,0.5,3,0,measurement_outliers,100,200,0,,,0.0,0.0,1.0,0.0,0.0,0.01911429515752063,0.04924844292257187,0.8286334106091573,2.304871195707753
10,50,0.995,0.5,0.95,0.5,3,1,measurement_noise_x_increased,300,400,0,,,18.0,1.8,0.94,0.06,0.0,0.021805441500590324,0.05462336146401476,0.749560722090168,1.7438658980891455
10,50,0.995,0.5,0.95,0.5,3,2,measurement_noise_xy_decreased,500,600,0,,,36.0,3.6,0.37,0.63,0.0,0.23789208364399794,0.6446571743088606,0.3529933116546703,0.7671775811463069
10,50,0.995,0.5,0.95,0.5,3,3,truncated_gaussian_measurement_noise,700,800,0,,,31.0,3.1,0.51,0.49,0.0,0.0931185085306807,0.24880473383018334,0.32727747619856856,0.7298856838269324
10,50,0.995,0.5,0.95,0.5,3,4,coordinated_turn_model_mismatch,900,1000,1,92.0,9.200000000000001,70.0,7.0,0.32,0.6,0.08,0.41823698789438596,0.9688811123198605,2.415873282614401,3.8231622955815037
10,50,0.995,0.5,0.95,0.5,3,5,process_noise_x_increased,1100,1300,0,,,24.0,2.4000000000000004,0.48,0.52,0.0,0.09235000989016257,0.3350958674699318,1.214717989527262,4.273004370600895
10,70,0.95,0.5,0.95,0.5,3,0,measurement_outliers,100,200,0,,,5.0,0.5,0.6,0.4,0.0,0.04523138059967453,0.10977240751844958,0.8286334106091573,2.304871195707753
10,70,0.95,0.5,0.95,0.5,3,1,measurement_noise_x_increased,300,400,0,,,36.0,3.6,0.6,0.4,0.0,0.05199768404046279,0.13439970461051212,0.749560722090168,1.7438658980891455
10,70,0.95,0.5,0.95,0.5,3,2,measurement_noise_xy_decreased,500,600,0,,,37.0,3.7,0.11,0.89,0.0,0.37357074755958614,0.8252092308384846,0.3529933116546703,0.7671775811463069
10,70,0.95,0.5,0.95,0.5,3,3,truncated_gaussian_measurement_noise,700,800,0,,,34.0,3.4000000000000004,0.24,0.76,0.0,0.16017734190975738,0.4132505206558745,0.32727747619856856,0.7298856838269324
10,70,0.95,0.5,0.95,0.5,3,4,coordinated_turn_model_mismatch,900,1000,1,77.0,7.7,71.0,7.1000000000000005,0.23,0.54,0.23,0.5000875742986269,0.9975109910318993,2.415873282614401,3.8231622955815037
10,70,0.95,0.5,0.95,0.5,3,5,process_noise_x_increased,1100,1300,0,,,29.0,2.9000000000000004,0.445,0.555,0.0,0.17228729698500017,0.6289092212821337,1.214717989527262,4.273004370600895
10,70,0.98,0.5,0.95,0.5,3,0,measurement_outliers,100,200,0,,,0.0,0.0,0.77,0.23,0.0,0.028599115111874105,0.07383399185160763,0.8286334106091573,2.304871195707753
10,70,0.98,0.5,0.95,0.5,3,1,measurement_noise_x_increased,300,400,0,,,25.0,2.5,0.69,0.31,0.0,0.032427313275460785,0.09142519645491223,0.749560722090168,1.7438658980891455
10,70,0.98,0.5,0.95,0.5,3,2,measurement_noise_xy_decreased,500,600,0,,,39.0,3.9000000000000004,0.25,0.75,0.0,0.31023655171851805,0.7815563725978646,0.3529933116546703,0.7671775811463069
10,70,0.98,0.5,0.95,0.5,3,3,truncated_gaussian_measurement_noise,700,800,0,,,33.0,3.3000000000000003,0.52,0.48,0.0,0.11570225200086365,0.3488207180867584,0.32727747619856856,0.7298856838269324
10,70,0.98,0.5,0.95,0.5,3,4,coordinated_turn_model_mismatch,900,1000,1,83.0,8.3,73.0,7.300000000000001,0.29,0.54,0.17,0.4476266604696571,0.9930877950616361,2.415873282614401,3.8231622955815037
10,70,0.98,0.5,0.95,0.5,3,5,process_noise_x_increased,1100,1300,0,,,28.0,2.8000000000000003,0.46,0.54,0.0,0.13593408865476125,0.5025589941505246,1.214717989527262,4.273004370600895
10,70,0.99,0.5,0.95,0.5,3,0,measurement_outliers,100,200,0,,,0.0,0.0,1.0,0.0,0.0,0.01609154616304369,0.04263552830157987,0.8286334106091573,2.304871195707753
10,70,0.99,0.5,0.95,0.5,3,1,measurement_noise_x_increased,300,400,0,,,18.0,1.8,0.95,0.05,0.0,0.01861232419816375,0.05387953775685037,0.749560722090168,1.7438658980891455
10,70,0.99,0.5,0.95,0.5,3,2,measurement_noise_xy_decreased,500,600,0,,,40.0,4.0,0.36,0.64,0.0,0.23957280716737203,0.7020910039331502,0.3529933116546703,0.7671775811463069
10,70,0.99,0.5,0.95,0.5,3,3,truncated_gaussian_measurement_noise,700,800,0,,,32.0,3.2,0.57,0.43,0.0,0.07902313899828887,0.2670292208333176,0.32727747619856856,0.7298856838269324
10,70,0.99,0.5,0.95,0.5,3,4,coordinated_turn_model_mismatch,900,1000,1,90.0,9.0,76.0,7.6000000000000005,0.35,0.55,0.1,0.3876809911723671,0.9807026490740358,2.415873282614401,3.8231622955815037
10,70,0.99,0.5,0.95,0.5,3,5,process_noise_x_increased,1100,1300,0,,,24.0,2.4000000000000004,0.505,0.495,0.0,0.09767988397097438,0.3607133000943101,1.214717989527262,4.273004370600895
10,70,0.995,0.5,0.95,0.5,3,0,measurement_outliers,100,200,0,,,0.0,0.0,1.0,0.0,0.0,0.007061704330370503,0.019063264216980087,0.8286334106091573,2.304871195707753
10,70,0.995,0.5,0.95,0.5,3,1,measurement_noise_x_increased,300,400,0,,,0.0,0.0,1.0,0.0,0.0,0.008526870967409244,0.027240084434849335,0.749560722090168,1.7438658980891455
10,70,0.995,0.5,0.95,0.5,3,2,measurement_noise_xy_decreased,500,600,0,,,40.0,4.0,0.48,0.52,0.0,0.1518751744939471,0.5510194698842755,0.3529933116546703,0.7671775811463069
10,70,0.995,0.5,0.95,0.5,3,3,truncated_gaussian_measurement_noise,700,800,0,,,28.0,2.8000000000000003,0.65,0.35,0.0,0.047728082886333914,0.17571350906719488,0.32727747619856856,0.7298856838269324
10,70,0.995,0.5,0.95,0.5,3,4,coordinated_turn_model_mismatch,900,1000,0,,,77.0,7.7,0.41,0.59,0.0,0.30401486543151096,0.9366521782494082,2.415873282614401,3.8231622955815037
10,70,0.995,0.5,0.95,0.5,3,5,process_noise_x_increased,1100,1300,0,,,15.0,1.5,0.595,0.405,0.0,0.05640515220910871,0.20180314335314362,1.214717989527262,4.273004370600895
5,25,0.95,0.5,0.95,0.5,4,0,measurement_outliers,100,200,0,,,5.0,0.5,0.09,0.91,0.0,0.20496039583351366,0.7015078147511755,1.084274370016421,2.93971693321371
5,25,0.95,0.5,0.95,0.5,4,1,measurement_noise_x_increased,300,400,0,,,31.0,3.1,0.22,0.78,0.0,0.19381324842650025,0.4944863118330487,0.7245592365401728,2.6076444955061873
5,25,0.95,0.5,0.95,0.5,4,2,measurement_noise_xy_decreased,500,600,0,,,34.0,3.4000000000000004,0.02,0.98,0.0,0.6142654555777306,0.9437062300467837,0.33165106850765164,0.945381083576443
5,25,0.95,0.5,0.95,0.5,4,3,truncated_gaussian_measurement_noise,700,800,0,,,15.0,1.5,0.16,0.84,0.0,0.3734808477872471,0.781437797015692,0.32975882639788084,0.805660727560003
5,25,0.95,0.5,0.95,0.5,4,4,coordinated_turn_model_mismatch,900,1000,1,38.0,3.8000000000000003,45.0,4.5,0.12,0.26,0.62,0.7036104752120107,0.9999796203553348,2.2935455345018663,3.522541302456903
5,25,0.95,0.5,0.95,0.5,4,5,process_noise_x_increased,1100,1300,0,,,46.0,4.6000000000000005,0.32,0.68,0.0,0.19762161129407066,0.8230339527846464,0.8424606120991512,3.297363451709744
5,25,0.98,0.5,0.95,0.5,4,0,measurement_outliers,100,200,0,,,1.0,0.1,0.3,0.7,0.0,0.1492406884994292,0.5150126268403701,1.084274370016421,2.93971693321371
5,25,0.98,0.5,0.95,0.5,4,1,measurement_noise_x_increased,300,400,0,,,30.0,3.0,0.29,0.71,0.0,0.1303106083889772,0.38226667300714984,0.7245592365401728,2.6076444955061873
5,25,0.98,0.5,0.95,0.5,4,2,measurement_noise_xy_decreased,500,600,0,,,34.0,3.4000000000000004,0.12,0.88,0.0,0.5607754419557417,0.9328878273816413,0.33165106850765164,0.945381083576443
5,25,0.98,0.5,0.95,0.5,4,3,truncated_gaussian_measurement_noise,700,800,0,,,17.0,1.7000000000000002,0.24,0.76,0.0,0.3112229214186936,0.7469915855223962,0.32975882639788084,0.805660727560003
5,25,0.98,0.5,0.95,0.5,4,4,coordinated_turn_model_mismatch,900,1000,1,39.0,3.9000000000000004,45.0,4.5,0.23,0.16,0.61,0.6944704930272111,0.9999928945230598,2.2935455345018663,3.522541302456903
5,25,0.98,0.5,0.95,0.5,4,5,process_noise_x_increased,1100,1300,0,,,46.0,4.6000000000000005,0.515,0.485,0.0,0.1716312231422237,0.8137300230010792,0.8424606120991512,3.297363451709744
5,25,0.99,0.5,0.95,0.5,4,0,measurement_outliers,100,200,0,,,0.0,0.0,0.48,0.52,0.0,0.14294847043958764,0.6318825803143804,1.084274370016421,2.93971693321371
5,25,0.99,0.5,0.95,0.5,4,1,measurement_noise_x_increased,300,400,0,,,29.0,2.9000000000000004,0.42,0.58,0.0,0.07753212849546848,0.2796733129485024,0.7245592365401728,2.6076444955061873
5,25,0.99,0.5,0.95,0.5,4,2,measurement_noise_xy_decreased,500,600,0,,,35.0,3.5,0.15,0.85,0.0,0.4965967585158454,0.9109017059795321,0.33165106850765164,0.945381083576443
5,25,0.99,0.5,0.95,0.5,4,3,truncated_gaussian_measurement_noise,700,800,0,,,17.0,1.7000000000000002,0.25,0.75,0.0,0.3036791914356857,0.7036093997394309,0.32975882639788084,0.805660727560003
5,25,0.99,0.5,0.95,0.5,4,4,coordinated_turn_model_mismatch,900,1000,1,37.0,3.7,43.0,4.3,0.26,0.11,0.63,0.7011555104381003,0.9999629369597717,2.2935455345018663,3.522541302456903
5,25,0.99,0.5,0.95,0.5,4,5,process_noise_x_increased,1100,1300,0,,,45.0,4.5,0.595,0.4,0.005,0.18249025886179404,0.9607618011264349,0.8424606120991512,3.297363451709744
5,25,0.995,0.5,0.95,0.5,4,0,measurement_outliers,100,200,0,,,0.0,0.0,0.52,0.48,0.0,0.16676935674556492,0.7933974967622319,1.084274370016421,2.93971693321371
5,25,0.995,0.5,0.95,0.5,4,1,measurement_noise_x_increased,300,400,0,,,20.0,2.0,0.45,0.55,0.0,0.07249920471131702,0.2022184439475109,0.7245592365401728,2.6076444955061873
5,25,0.995,0.5,0.95,0.5,4,2,measurement_noise_xy_decreased,500,600,0,,,42.0,4.2,0.19,0.81,0.0,0.5687697839475394,0.8943844260595075,0.33165106850765164,0.945381083576443
5,25,0.995,0.5,0.95,0.5,4,3,truncated_gaussian_measurement_noise,700,800,0,,,18.0,1.8,0.25,0.75,0.0,0.2424965538888448,0.6341410720951156,0.32975882639788084,0.805660727560003
5,25,0.995,0.5,0.95,0.5,4,4,coordinated_turn_model_mismatch,900,1000,1,36.0,3.6,45.0,4.5,0.25,0.11,0.64,0.7124828098930901,0.9999993948345102,2.2935455345018663,3.522541302456903
5,25,0.995,0.5,0.95,0.5,4,5,process_noise_x_increased,1100,1300,0,,,42.0,4.2,0.63,0.37,0.0,0.1606342804801802,0.9377442103603794,0.8424606120991512,3.297363451709744
5,35,0.95,0.5,0.95,0.5,4,0,measurement_outliers,100,200,0,,,0.0,0.0,0.4,0.6,0.0,0.13808847636605295,0.4174302834358195,1.084274370016421,2.93971693321371
5,35,0.95,0.5,0.95,0.5,4,1,measurement_noise_x_increased,300,400,0,,,29.0,2.9000000000000004,0.34,0.66,0.0,0.11322926357204668,0.26508499761788695,0.7245592365401728,2.6076444955061873
5,35,0.95,0.5,0.95,0.5,4,2,measurement_noise_xy_decreased,500,600,0,,,32.0,3.2,0.13,0.87,0.0,0.5634716990259578,0.9254608192381564,0.33165106850765164,0.945381083576443
5,35,0.95,0.5,0.95,0.5,4,3,truncated_gaussian_measurement_noise,700,800,0,,,17.0,1.7000000000000002,0.27,0.73,0.0,0.2989105379679945,0.7567971053265504,0.32975882639788084,0.805660727560003
5,35,0.95,0.5,0.95,0.5,4,4,coordinated_turn_model_mismatch,900,1000,1,40.0,4.0,44.0,4.4,0.23,0.17,0.6,0.6553683398913901,0.9999885533857169,2.2935455345018663,3.522541302456903
5,35,0.95,0.5,0.95,0.5,4,5,process_noise_x_increased,1100,1300,0,,,46.0,4.6000000000000005,0.605,0.395,0.0,0.12647483925520875,0.6954357452578727,0.8424606120991512,3.297363451709744
5,35,0.98,0.5,0.95,0.5,4,0,measurement_outliers,100,200,0,,,0.0,0.0,0.47,0.53,0.0,0.09836010169711205,0.29323317132868215,1.084274370016421,2.93971693321371
5,35,0.98,0.5,0.95,0.5,4,1,measurement_noise_x_increased,300,400,0,,,29.0,2.9000000000000004,0.39,0.61,0.0,0.0734543993629904,0.21574873040538123,0.7245592365401728,2.6076444955061873
5,35,0.98,0.5,0.95,0.5,4,2,measurement_noise_xy_decreased,500,600,0,,,32.0,3.2,0.18,0.82,0.0,0.5131983221554394,0.9195890108985298,0.33165106850765164,0.945381083576443
5,35,0.98,0.5,0.95,0.5,4,3,truncated_gaussian_measurement_noise,700,800,0,,,18.0,1.8,0.29,0.71,0.0,0.24530962544231727,0.7048099934634985,0.32975882639788084,0.805660727560003
5,35,0.98,0.5,0.95,0.5,4,4,coordinated_turn_model_mismatch,900,1000,1,40.0,4.0,45.0,4.5,0.29,0.11,0.6,0.6463864590065405,0.9999892807171654,2.2935455345018663,3.522541302456903
5,35,0.98,0.5,0.95,0.5,4,5,process_noise_x_increased,1100,1300,0,,,45.0,4.5,0.705,0.295,0.0,0.10233817157759229,0.5760112287447567,0.8424606120991512,3.297363451709744
5,35,0.99,0.5,0.95,0.5,4,0,measurement_outliers,100,200,0,,,0.0,0.0,0.53,0.47,0.0,0.06417997372790202,0.20733875343798452,1.084274370016421,2.93971693321371
5,35,0.99,0.5,0.95,0.5,4,1,measurement_noise_x_increased,300,400,0,,,20.0,2.0,0.7,0.3,0.0,0.04177997590750893,0.1595447271408242,0.7245592365401728,2.6076444955061873
5,35,0.99,0.5,0.95,0.5,4,2,measurement_noise_xy_decreased,500,600,0,,,35.0,3.5,0.27,0.73,0.0,0.5077999851637435,0.9153060426214954,0.33165106850765164,0.945381083576443
5,35,0.99,0.5,0.95,0.5,4,3,truncated_gaussian_measurement_noise,700,800,0,,,19.0,1.9000000000000001,0.31,0.69,0.0,0.24124632980486863,0.6565655996074595,0.32975882639788084,0.805660727560003
5,35,0.99,0.5,0.95,0.5,4,4,coordinated_turn_model_mismatch,900,1000,1,39.0,3.9000000000000004,41.0,4.1000000000000005,0.32,0.07,0.61,0.6496363258405096,0.99999686802422,2.2935455345018663,3.522541302456903
5,35,0.99,0.5,0.95,0.5,4,5,process_noise_x_increased,1100,1300,0,,,45.0,4.5,0.735,0.265,0.0,0.08859307852640999,0.5645286695739158,0.8424606120991512,3.297363451709744
5,35,0.995,0.5,0.95,0.5,4,0,measurement_outliers,100,200,0,,,0.0,0.0,0.58,0.42,0.0,0.05583188201032788,0.2846511899694534,1.084274370016421,2.93971693321371
5,35,0.995,0.5,0.95,0.5,4,1,measurement_noise_x_increased,300,400,0,,,14.0,1.4000000000000001,0.66,0.34,0.0,0.03557289293260375,0.10423807924300078,0.7245592365401728,2.6076444955061873
5,35,0.995,0.5,0.95,0.5,4,2,measurement_noise_xy_decreased,500,600,0,,,35.0,3.5,0.29,0.71,0.0,0.4336426721667813,0.8874716560303395,0.33165106850765164,0.945381083576443
5,35,0.995,0.5,0.95,0.5,4,3,truncated_gaussian_measurement_noise,700,800,0,,,19.0,1.9000000000000001,0.34,0.66,0.0,0.2047256933810366,0.5794577812671775,0.32975882639788084,0.805660727560003
5,35,0.995,0.5,0.95,0.5,4,4,coordinated_turn_model_mismatch,900,1000,1,39.0,3.9000000000000004,45.0,4.5,0.29,0.1,0.61,0.6527018960236998,0.9999997614760904,2.2935455345018663,3.522541302456903
5,35,0.995,0.5,0.95,0.5,4,5,process_noise_x_increased,1100,1300,0,,,33.0,3.3000000000000003,0.745,0.255,0.0,0.09621212836351449,0.6949777526480236,0.8424606120991512,3.297363451709744
5,50,0.95,0.5,0.95,0.5,4,0,measurement_outliers,100,200,0,,,0.0,0.0,0.49,0.51,0.0,0.07417979562599265,0.21174549348518118,1.084274370016421,2.93971693321371
5,50,0.95,0.5,0.95,0.5,4,1,measurement_noise_x_increased,300,400,0,,,29.0,2.9000000000000004,0.61,0.39,0.0,0.05319208437054077,0.19700604922446244,0.7245592365401728,2.6076444955061873
5,50,0.95,0.5,0.95,0.5,4,2,measurement_noise_xy_decreased,500,600,0,,,34.0,3.4000000000000004,0.28,0.72,0.0,0.47602463142901913,0.9215482078533077,0.33165106850765164,0.945381083576443
5,50,0.95,0.5,0.95,0.5,4,3,truncated_gaussian_measurement_noise,700,800,0,,,23.0,2.3000000000000003,0.36,0.64,0.0,0.20595195173908437,0.6165391874526877,0.32975882639788084,0.805660727560003
5,50,0.95,0.5,0.95,0.5,4,4,coordinated_turn_model_mismatch,900,1000,1,52.0,5.2,49.0,4.9,0.32,0.2,0.48,0.574698488619264,0.9999981620398987,2.2935455345018663,3.522541302456903
5,50,0.95,0.5,0.95,0.5,4,5,process_noise_x_increased,1100,1300,0,,,46.0,4.6000000000000005,0.72,0.28,0.0,0.05891053719481097,0.3994865640291526,0.8424606120991512,3.297363451709744
5,50,0.98,0.5,0.95,0.5,4,0,measurement_outliers,100,200,0,,,0.0,0.0,0.56,0.44,0.0,0.04988699328929085,0.15299874252039564,1.084274370016421,2.93971693321371
5,50,0.98,0.5,0.95,0.5,4,1,measurement_noise_x_increased,300,400,0,,,14.0,1.4000000000000001,0.77,0.23,0.0,0.033120595098224764,0.15249935783093024,0.7245592365401728,2.6076444955061873
5,50,0.98,0.5,0.95,0.5,4,2,measurement_noise_xy_decreased,500,600,0,,,35.0,3.5,0.32,0.68,0.0,0.43015494742022925,0.9152158288194187,0.33165106850765164,0.945381083576443
5,50,0.98,0.5,0.95,0.5,4,3,truncated_gaussian_measurement_noise,700,800,0,,,23.0,2.3000000000000003,0.49,0.51,0.0,0.16791461083385914,0.5779857287981045,0.32975882639788084,0.805660727560003
5,50,0.98,0.5,0.95,0.5,4,4,coordinated_turn_model_mismatch,900,1000,1,50.0,5.0,53.0,5.300000000000001,0.35,0.15,0.5,0.5719777691988944,0.9999980237725508,2.2935455345018663,3.522541302456903
5,50,0.98,0.5,0.95,0.5,4,5,process_noise_x_increased,1100,1300,0,,,46.0,4.6000000000000005,0.765,0.235,0.0,0.04167850933522075,0.2909618470509801,0.8424606120991512,3.297363451709744
5,50,0.99,0.5,0.95,0.5,4,0,measurement_outliers,100,200,0,,,0.0,0.0,0.68,0.32,0.0,0.03073282356068001,0.1024326729334518,1.084274370016421,2.93971693321371
5,50,0.99,0.5,0.95,0.5,4,1,measurement_noise_x_increased,300,400,0,,,8.0,0.8,0.84,0.16,0.0,0.01796985886084343,0.09730778918965408,0.7245592365401728,2.6076444955061873
5,50,0.99,0.5,0.95,0.5,4,2,measurement_noise_xy_decreased,500,600,0,,,39.0,3.9000000000000004,0.35,0.65,0.0,0.4215637002434944,0.9087873262492676,0.33165106850765164,0.945381083576443
5,50,0.99,0.5,0.95,0.5,4,3,truncated_gaussian_measurement_noise,700,800,0,,,23.0,2.3000000000000003,0.5,0.5,0.0,0.16377489508451407,0.5491019080280495,0.32975882639788084,0.805660727560003
5,50,0.99,0.5,0.95,0.5,4,4,coordinated_turn_model_mismatch,900,1000,1,49.0,4.9,49.0,4.9,0.34,0.15,0.51,0.5656083115380681,0.9999998516343018,2.2935455345018663,3.522541302456903
5,50,0.99,0.5,0.95,0.5,4,5,process_noise_x_increased,1100,1300,0,,,0.0,0.0,0.85,0.15,0.0,0.03198911193278692,0.2866737593503912,0.8424606120991512,3.297363451709744
5,50,0.995,0.5,0.95,0.5,4,0,measurement_outliers,100,200,0,,,0.0,0.0,0.99,0.01,0.0,0.014394758720168993,0.05204772151069313,1.084274370016421,2.93971693321371
5,50,0.995,0.5,0.95,0.5,4,1,measurement_noise_x_increased,300,400,0,,,0.0,0.0,0.94,0.06,0.0,0.012739521260668876,0.05855079048843575,0.7245592365401728,2.6076444955061873
5,50,0.995,0.5,0.95,0.5,4,2,measurement_noise_xy_decreased,500,600,0,,,40.0,4.0,0.36,0.64,0.0,0.38984588272618625,0.8862296773754805,0.33165106850765164,0.945381083576443
5,50,0.995,0.5,0.95,0.5,4,3,truncated_gaussian_measurement_noise,700,800,0,,,23.0,2.3000000000000003,0.49,0.51,0.0,0.12631647704384855,0.482102398644138,0.32975882639788084,0.805660727560003
5,50,0.995,0.5,0.95,0.5,4,4,coordinated_turn_model_mismatch,900,1000,1,50.0,5.0,47.0,4.7,0.36,0.14,0.5,0.5675870908977776,0.9999998984111714,2.2935455345018663,3.522541302456903
5,50,0.995,0.5,0.95,0.5,4,5,process_noise_x_increased,1100,1300,0,,,42.0,4.2,0.84,0.16,0.0,0.02041609337759748,0.1841185222530534,0.8424606120991512,3.297363451709744
5,70,0.95,0.5,0.95,0.5,4,0,measurement_outliers,100,200,0,,,0.0,0.0,0.89,0.11,0.0,0.019982442923288976,0.08075807418812325,1.084274370016421,2.93971693321371
5,70,0.95,0.5,0.95,0.5,4,1,measurement_noise_x_increased,300,400,0,,,10.0,1.0,0.84,0.16,0.0,0.01625033977229013,0.09498787507023246,0.7245592365401728,2.6076444955061873
5,70,0.95,0.5,0.95,0.5,4,2,measurement_noise_xy_decreased,500,600,0,,,42.0,4.2,0.45,0.55,0.0,0.3564000377037276,0.9136249105286118,0.33165106850765164,0.945381083576443
5,70,0.95,0.5,0.95,0.5,4,3,truncated_gaussian_measurement_noise,700,800,0,,,24.0,2.4000000000000004,0.66,0.34,0.0,0.13197857120570633,0.5574879237658669,0.32975882639788084,0.805660727560003
5,70,0.95,0.5,0.95,0.5,4,4,coordinated_turn_model_mismatch,900,1000,1,68.0,6.800000000000001,61.0,6.1000000000000005,0.42,0.26,0.32,0.4562360810555748,0.9999974558342323,2.2935455345018663,3.522541302456903
5,70,0.95,0.5,0.95,0.5,4,5,process_noise_x_increased,1100,1300,0,,,0.0,0.0,0.96,0.04,0.0,0.010873124068470574,0.06314907107483642,0.8424606120991512,3.297363451709744
5,70,0.98,0.5,0.95,0.5,4,0,measurement_outliers,100,200,0,,,0.0,0.0,1.0,0.0,0.0,0.012151931209474352,0.047431842597244145,1.084274370016421,2.93971693321371
5,70,0.98,0.5,0.95,0.5,4,1,measurement_noise_x_increased,300,400,0,,,9.0,0.9,0.96,0.04,0.0,0.008674854053348596,0.054177446643034144,0.7245592365401728,2.6076444955061873
5,70,0.98,0.5,0.95,0.5,4,2,measurement_noise_xy_decreased,500,600,0,,,43.0,4.3,0.48,0.52,0.0,0.33154354597036767,0.9095141353081291,0.33165106850765164,0.945381083576443
5,70,0.98,0.5,0.95,0.5,4,3,truncated_gaussian_measurement_noise,700,800,0,,,24.0,2.4000000000000004,0.68,0.32,0.0,0.12358277535353157,0.535292258455078,0.32975882639788084,0.805660727560003
5,70,0.98,0.5,0.95,0.5,4,4,coordinated_turn_model_mismatch,900,1000,1,67.0,6.7,63.0,6.300000000000001,0.45,0.22,0.33,0.44028973245900993,0.9999981824622652,2.2935455345018663,3.522541302456903
5,70,0.98,0.5,0.95,0.5,4,5,process_noise_x_increased,1100,1300,0,,,0.0,0.0,0.98,0.02,0.0,0.006284389561128447,0.05844784207238828,0.8424606120991512,3.297363451709744
5,70,0.99,0.5,0.95,0.5,4,0,measurement_outliers,100,200,0,,,0.0,0.0,1.0,0.0,0.0,0.0066813688329799845,0.025173616515302966,1.084274370016421,2.93971693321371
5,70,0.99,0.5,0.95,0.5,4,1,measurement_noise_x_increased,300,400,0,,,0.0,0.0,1.0,0.0,0.0,0.004096086323003619,0.02914490779405751,0.7245592365401728,2.6076444955061873
5,70,0.99,0.5,0.95,0.5,4,2,measurement_noise_xy_decreased,500,600,0,,,45.0,4.5,0.52,0.48,0.0,0.31863491669487176,0.9001660867467586,0.33165106850765164,0.945381083576443
5,70,0.99,0.5,0.95,0.5,4,3,truncated_gaussian_measurement_noise,700,800,0,,,23.0,2.3000000000000003,0.69,0.31,0.0,0.10045245736054115,0.4772227735691934,0.32975882639788084,0.805660727560003
5,70,0.99,0.5,0.95,0.5,4,4,coordinated_turn_model_mismatch,900,1000,1,65.0,6.5,64.0,6.4,0.48,0.17,0.35,0.4624796611024329,0.9999987947904317,2.2935455345018663,3.522541302456903
5,70,0.99,0.5,0.95,0.5,4,5,process_noise_x_increased,1100,1300,0,,,0.0,0.0,1.0,0.0,0.0,0.002937828651464674,0.03567705480595309,0.8424606120991512,3.297363451709744
5,70,0.995,0.5,0.95,0.5,4,0,measurement_outliers,100,200,0,,,0.0,0.0,1.0,0.0,0.0,0.0029247116037642486,0.011259138436855859,1.084274370016421,2.93971693321371
5,70,0.995,0.5,0.95,0.5,4,1,measurement_noise_x_increased,300,400,0,,,0.0,0.0,1.0,0.0,0.0,0.0046077000321166385,0.035478672048199454,0.7245592365401728,2.6076444955061873
5,70,0.995,0.5,0.95,0.5,4,2,measurement_noise_xy_decreased,500,600,0,,,46.0,4.6000000000000005,0.55,0.45,0.0,0.31289069876967185,0.8918365695995703,0.33165106850765164,0.945381083576443
5,70,0.995,0.5,0.95,0.5,4,3,truncated_gaussian_measurement_noise,700,800,0,,,23.0,2.3000000000000003,0.68,0.32,0.0,0.07313060021104241,0.3877675225091338,0.32975882639788084,0.805660727560003
5,70,0.995,0.5,0.95,0.5,4,4,coordinated_turn_model_mismatch,900,1000,1,64.0,6.4,63.0,6.300000000000001,0.44,0.2,0.36,0.4697086151791747,0.9999981679168587,2.2935455345018663,3.522541302456903
5,70,0.995,0.5,0.95,0.5,4,5,process_noise_x_increased,1100,1300,0,,,0.0,0.0,1.0,0.0,0.0,0.0013608255938079225,0.017313995142383402,0.8424606120991512,3.297363451709744
7,35,0.95,0.5,0.95,0.5,4,0,measurement_outliers,100,200,0,,,1.0,0.1,0.06,0.94,0.0,0.1596684637352963,0.3725895766645433,1.084274370016421,2.93971693321371
7,35,0.95,0.5,0.95,0.5,4,1,measurement_noise_x_increased,300,400,0,,,34.0,3.4000000000000004,0.22,0.78,0.0,0.21454184726363565,0.5547541496073617,0.7245592365401728,2.6076444955061873
7,35,0.95,0.5,0.95,0.5,4,2,measurement_noise_xy_decreased,500,600,0,,,42.0,4.2,0.18,0.82,0.0,0.517388071101806,0.84904218826196,0.33165106850765164,0.945381083576443
7,35,0.95,0.5,0.95,0.5,4,3,truncated_gaussian_measurement_noise,700,800,0,,,24.0,2.4000000000000004,0.25,0.75,0.0,0.33182566343686154,0.6160762641121822,0.32975882639788084,0.805660727560003
7,35,0.95,0.5,0.95,0.5,4,4,coordinated_turn_model_mismatch,900,1000,1,40.0,4.0,44.0,4.4,0.02,0.38,0.6,0.7068697518458792,0.9997370959337953,2.2935455345018663,3.522541302456903
7,35,0.95,0.5,0.95,0.5,4,5,process_noise_x_increased,1100,1300,0,,,50.0,5.0,0.42,0.58,0.0,0.1612504759651137,0.8070272779619204,0.8424606120991512,3.297363451709744
7,35,0.98,0.5,0.95,0.5,4,0,measurement_outliers,100,200,0,,,0.0,0.0,0.24,0.76,0.0,0.11589220652484009,0.32092991311549934,1.084274370016421,2.93971693321371
7,35,0.98,0.5,0.95,0.5,4,1,measurement_noise_x_increased,300,400,0,,,32.0,3.2,0.29,0.71,0.0,0.13952526121650255,0.36182629505481934,0.7245592365401728,2.6076444955061873
7,35,0.98,0.5,0.95,0.5,4,2,measurement_noise_xy_decreased,500,600,0,,,39.0,3.9000000000000004,0.22,0.78,0.0,0.48624655267378947,0.8356379677421436,0.33165106850765164,0.945381083576443
7,35,0.98,0.5,0.95,0.5,4,3,truncated_gaussian_measurement_noise,700,800,0,,,25.0,2.5,0.3,0.7,0.0,0.2808279677600065,0.5741762105092674,0.32975882639788084,0.805660727560003
7,35,0.98,0.5,0.95,0.5,4,4,coordinated_turn_model_mismatch,900,1000,1,41.0,4.1000000000000005,46.0,4.6000000000000005,0.17,0.24,0.59,0.6784490901510551,0.9996091094233089,2.2935455345018663,3.522541302456903
7,35,0.98,0.5,0.95,0.5,4,5,process_noise_x_increased,1100,1300,0,,,51.0,5.1000000000000005,0.62,0.38,0.0,0.14331137376375114,0.8498238650203374,0.8424606120991512,3.297363451709744
7,35,0.99,0.5,0.95,0.5,4,0,measurement_outliers,100,200,0,,,0.0,0.0,0.38,0.62,0.0,0.08170300541198512,0.25719385817853296,1.084274370016421,2.93971693321371
7,35,0.99,0.5,0.95,0.5,4,1,measurement_noise_x_increased,300,400,0,,,32.0,3.2,0.35,0.65,0.0,0.09486156496783182,0.25451328680112445,0.7245592365401728,2.6076444955061873
7,35,0.99,0.5,0.95,0.5,4,2,measurement_noise_xy_decreased,500,600,0,,,41.0,4.1000000000000005,0.29,0.71,0.0,0.4605723324637217,0.8136502494676976,0.33165106850765164,0.945381083576443
7,35,0.99,0.5,0.95,0.5,4,3,truncated_gaussian_measurement_noise,700,800,0,,,25.0,2.5,0.34,0.66,0.0,0.256822413595805,0.5376882062889707,0.32975882639788084,0.805660727560003
7,35,0.99,0.5,0.95,0.5,4,4,coordinated_turn_model_mismatch,900,1000,1,41.0,4.1000000000000005,41.0,4.1000000000000005,0.13,0.28,0.59,0.6803895265706197,0.9996972274557381,2.2935455345018663,3.522541302456903
7,35,0.99,0.5,0.95,0.5,4,5,process_noise_x_increased,1100,1300,0,,,45.0,4.5,0.715,0.285,0.0,0.10791387330029016,0.6626220255550106,0.8424606120991512,3.297363451709744
7,35,0.995,0.5,0.95,0.5,4,0,measurement_outliers,100,200,0,,,0.0,0.0,0.58,0.42,0.0,0.05637106016813353,0.18686912991328478,1.084274370016421,2.93971693321371
7,35,0.995,0.5,0.95,0.5,4,1,measurement_noise_x_increased,300,400,0,,,37.0,3.7,0.32,0.68,0.0,0.1391845809586716,0.40805186254801895,0.7245592365401728,2.6076444955061873
7,35,0.995,0.5,0.95,0.5,4,2,measurement_noise_xy_decreased,500,600,0,,,42.0,4.2,0.29,0.71,0.0,0.42332515282068917,0.7705075278420397,0.33165106850765164,0.945381083576443
7,35,0.995,0.5,0.95,0.5,4,3,truncated_gaussian_measurement_noise,700,800,0,,,25.0,2.5,0.33,0.67,0.0,0.25964793855522816,0.5528296931965688,0.32975882639788084,0.805660727560003
7,35,0.995,0.5,0.95,0.5,4,4,coordinated_turn_model_mismatch,900,1000,1,40.0,4.0,45.0,4.5,0.13,0.27,0.6,0.6972253729765119,0.9996825906651028,2.2935455345018663,3.522541302456903
7,35,0.995,0.5,0.95,0.5,4,5,process_noise_x_increased,1100,1300,0,,,36.0,3.6,0.66,0.34,0.0,0.12355021982250641,0.7897454284507867,0.8424606120991512,3.297363451709744
7,50,0.95,0.5,0.95,0.5,4,0,measurement_outliers,100,200,0,,,0.0,0.0,0.38,0.62,0.0,0.08929279504024455,0.25103176941601724,1.084274370016421,2.93971693321371
7,50,0.95,0.5,0.95,0.5,4,1,measurement_noise_x_increased,300,400,0,,,30.0,3.0,0.37,0.63,0.0,0.11028420586039771,0.32967916380443335,0.7245592365401728,2.6076444955061873
7,50,0.95,0.5,0.95,0.5,4,2,measurement_noise_xy_decreased,500,600,0,,,39.0,3.9000000000000004,0.28,0.72,0.0,0.44359369988574343,0.8769297450705928,0.33165106850765164,0.945381083576443
7,50,0.95,0.5,0.95,0.5,4,3,truncated_gaussian_measurement_noise,700,800,0,,,25.0,2.5,0.3,0.7,0.0,0.23920113877497656,0.5409016081871365,0.32975882639788084,0.805660727560003
7,50,0.95,0.5,0.95,0.5,4,4,coordinated_turn_model_mismatch,900,1000,1,52.0,5.2,49.0,4.9,0.25,0.25,0.5,0.6130366696037831,0.9999251313438209,2.2935455345018663,3.522541302456903
7,50,0.95,0.5,0.95,0.5,4,5,process_noise_x_increased,1100,1300,0,,,51.0,5.1000000000000005,0.665,0.335,0.0,0.08336835758147522,0.47896212848556685,0.8424606120991512,3.297363451709744
7,50,0.98,0.5,0.95,0.5,4,0,measurement_outliers,100,200,0,,,0.0,0.0,0.47,0.53,0.0,0.061526720856855864,0.1636859199272728,1.084274370016421,2.93971693321371
7,50,0.98,0.5,0.95,0.5,4,1,measurement_noise_x_increased,300,400,0,,,30.0,3.0,0.38,0.62,0.0,0.07724584380835113,0.2324597699729939,0.7245592365401728,2.6076444955061873
7,50,0.98,0.5,0.95,0.5,4,2,measurement_noise_xy_decreased,500,600,0,,,39.0,3.9000000000000004,0.33,0.67,0.0,0.4012747156821685,0.8247910177362653,0.33165106850765164,0.945381083576443
7,50,0.98,0.5,0.95,0.5,4,3,truncated_gaussian_measurement_noise,700,800,0,,,26.0,2.6,0.41,0.59,0.0,0.20202096609329565,0.5034704299740188,0.32975882639788084,0.805660727560003
7,50,0.98,0.5,0.95,0.5,4,4,coordinated_turn_model_mismatch,900,1000,1,53.0,5.300000000000001,49.0,4.9,0.32,0.19,0.49,0.5883146476426492,0.999917172335238,2.2935455345018663,3.522541302456903
7,50,0.98,0.5,0.95,0.5,4,5,process_noise_x_increased,1100,1300,0,,,52.0,5.2,0.705,0.295,0.0,0.0625841304650376,0.4211268774802075,0.8424606120991512,3.297363451709744
7,50,0.99,0.5,0.95,0.5,4,0,measurement_outliers,100,200,0,,,0.0,0.0,0.57,0.43,0.0,0.040657862595272404,0.09867856095089497,1.084274370016421,2.93971693321371
7,50,0.99,0.5,0.95,0.5,4,1,measurement_noise_x_increased,300,400,0,,,21.0,2.1,0.39,0.61,0.0,0.057388722659674575,0.19525858043095862,0.7245592365401728,2.6076444955061873
7,50,0.99,0.5,0.95,0.5,4,2,measurement_noise_xy_decreased,500,600,0,,,39.0,3.9000000000000004,0.4,0.6,0.0,0.353612526465661,0.7738384883015924,0.33165106850765164,0.945381083576443
7,50,0.99,0.5,0.95,0.5,4,3,truncated_gaussian_measurement_noise,700,800,0,,,25.0,2.5,0.46,0.54,0.0,0.14720767242325888,0.45124200798825176,0.32975882639788084,0.805660727560003
7,50,0.99,0.5,0.95,0.5,4,4,coordinated_turn_model_mismatch,900,1000,1,49.0,4.9,47.0,4.7,0.32,0.17,0.51,0.5803276115952232,0.9999341084528256,2.2935455345018663,3.522541302456903
7,50,0.99,0.5,0.95,0.5,4,5,process_noise_x_increased,1100,1300,0,,,50.0,5.0,0.72,0.28,0.0,0.05824148352445388,0.4232926864178919,0.8424606120991512,3.297363451709744
7,50,0.995,0.5,0.95,0.5,4,0,measurement_outliers,100,200,0,,,0.0,0.0,0.6,0.4,0.0,0.03975696194706466,0.12199191140023126,1.084274370016421,2.93971693321371
7,50,0.995,0.5,0.95,0.5,4,1,measurement_noise_x_increased,300,400,0,,,9.0,0.9,0.49,0.51,0.0,0.05887287906699238,0.26801498765926374,0.7245592365401728,2.6076444955061873
7,50,0.995,0.5,0.95,0.5,4,2,measurement_noise_xy_decreased,500,600,0,,,39.0,3.9000000000000004,0.35,0.65,0.0,0.3710450030345987,0.8279311564160853,0.33165106850765164,0.945381083576443
7,50,0.995,0.5,0.95,0.5,4,3,truncated_gaussian_measurement_noise,700,800,0,,,25.0,2.5,0.45,0.55,0.0,0.10151828440551089,0.36154055492785053,0.32975882639788084,0.805660727560003
7,50,0.995,0.5,0.95,0.5,4,4,coordinated_turn_model_mismatch,900,1000,1,50.0,5.0,53.0,5.300000000000001,0.31,0.19,0.5,0.5953892622535711,0.9998993104689232,2.2935455345018663,3.522541302456903
7,50,0.995,0.5,0.95,0.5,4,5,process_noise_x_increased,1100,1300,0,,,46.0,4.6000000000000005,0.735,0.265,0.0,0.05935722498994196,0.4393720573803779,0.8424606120991512,3.297363451709744
7,70,0.95,0.5,0.95,0.5,4,0,measurement_outliers,100,200,0,,,0.0,0.0,0.66,0.34,0.0,0.037992081274211734,0.1305168114821637,1.084274370016421,2.93971693321371
7,70,0.95,0.5,0.95,0.5,4,1,measurement_noise_x_increased,300,400,0,,,14.0,1.4000000000000001,0.73,0.27,0.0,0.03919142050820816,0.17168177473582985,0.7245592365401728,2.6076444955061873
7,70,0.95,0.5,0.95,0.5,4,2,measurement_noise_xy_decreased,500,600,0,,,42.0,4.2,0.43,0.57,0.0,0.3271884875265201,0.830044496445418,0.33165106850765164,0.945381083576443
7,70,0.95,0.5,0.95,0.5,4,3,truncated_gaussian_measurement_noise,700,800,0,,,29.0,2.9000000000000004,0.48,0.52,0.0,0.15265615454087186,0.502847445086019,0.32975882639788084,0.805660727560003
7,70,0.95,0.5,0.95,0.5,4,4,coordinated_turn_model_mismatch,900,1000,1,68.0,6.800000000000001,61.0,6.1000000000000005,0.39,0.29,0.32,0.4873432155034436,0.9999024865614043,2.2935455345018663,3.522541302456903
7,70,0.95,0.5,0.95,0.5,4,5,process_noise_x_increased,1100,1300,0,,,0.0,0.0,0.775,0.225,0.0,0.02380150259482204,0.10287871481386975,0.8424606120991512,3.297363451709744
7,70,0.98,0.5,0.95,0.5,4,0,measurement_outliers,100,200,0,,,0.0,0.0,0.79,0.21,0.0,0.028809570731484057,0.10266472772369004,1.084274370016421,2.93971693321371
7,70,0.98,0.5,0.95,0.5,4,1,measurement_noise_x_increased,300,400,0,,,9.0,0.9,0.8,0.2,0.0,0.020324198812716476,0.07288318765697518,0.7245592365401728,2.6076444955061873
7,70,0.98,0.5,0.95,0.5,4,2,measurement_noise_xy_decreased,500,600,0,,,43.0,4.3,0.47,0.53,0.0,0.31144745690425746,0.8065521761027279,0.33165106850765164,0.945381083576443
7,70,0.98,0.5,0.95,0.5,4,3,truncated_gaussian_measurement_noise,700,800,0,,,29.0,2.9000000000000004,0.62,0.38,0.0,0.11530159011373828,0.45226904560879666,0.32975882639788084,0.805660727560003
7,70,0.98,0.5,0.95,0.5,4,4,coordinated_turn_model_mismatch,900,1000,1,71.0,7.1000000000000005,62.0,6.2,0.41,0.3,0.29,0.4725463125003689,0.9998957174191695,2.2935455345018663,3.522541302456903
7,70,0.98,0.5,0.95,0.5,4,5,process_noise_x_increased,1100,1300,0,,,0.0,0.0,0.925,0.075,0.0,0.016056659559672868,0.07045931376912835,0.8424606120991512,3.297363451709744
7,70,0.99,0.5,0.95,0.5,4,0,measurement_outliers,100,200,0,,,0.0,0.0,0.84,0.16,0.0,0.02141791584385476,0.07938829840187764,1.084274370016421,2.93971693321371
7,70,0.99,0.5,0.95,0.5,4,1,measurement_noise_x_increased,300,400,0,,,0.0,0.0,1.0,0.0,0.0,0.010425591366922402,0.04305129112028096,0.7245592365401728,2.6076444955061873
7,70,0.99,0.5,0.95,0.5,4,2,measurement_noise_xy_decreased,500,600,0,,,40.0,4.0,0.47,0.53,0.0,0.30165481694370294,0.811546427830823,0.33165106850765164,0.945381083576443
7,70,0.99,0.5,0.95,0.5,4,3,truncated_gaussian_measurement_noise,700,800,0,,,25.0,2.5,0.67,0.33,0.0,0.08603665696778134,0.38250358350524094,0.32975882639788084,0.805660727560003
7,70,0.99,0.5,0.95,0.5,4,4,coordinated_turn_model_mismatch,900,1000,1,69.0,6.9,61.0,6.1000000000000005,0.41,0.28,0.31,0.4682911338631884,0.9998756090048899,2.2935455345018663,3.522541302456903
7,70,0.99,0.5,0.95,0.5,4,5,process_noise_x_increased,1100,1300,0,,,0.0,0.0,0.995,0.005,0.0,0.009921755659242127,0.05385552154094651,0.8424606120991512,3.297363451709744
7,70,0.995,0.5,0.95,0.5,4,0,measurement_outliers,100,200,0,,,0.0,0.0,1.0,0.0,0.0,0.013886283491527951,0.047881304214743785,1.084274370016421,2.93971693321371
7,70,0.995,0.5,0.95,0.5,4,1,measurement_noise_x_increased,300,400,0,,,9.0,0.9,0.84,0.16,0.0,0.0169388923802017,0.11181065573840133,0.7245592365401728,2.6076444955061873
7,70,0.995,0.5,0.95,0.5,4,2,measurement_noise_xy_decreased,500,600,0,,,41.0,4.1000000000000005,0.48,0.52,0.0,0.2838872953571901,0.7563413766736844,0.33165106850765164,0.945381083576443
7,70,0.995,0.5,0.95,0.5,4,3,truncated_gaussian_measurement_noise,700,800,0,,,25.0,2.5,0.63,0.37,0.0,0.08749486678155075,0.34084824202038605,0.32975882639788084,0.805660727560003
7,70,0.995,0.5,0.95,0.5,4,4,coordinated_turn_model_mismatch,900,1000,1,70.0,7.0,63.0,6.300000000000001,0.43,0.27,0.3,0.46836042065173217,0.999833786735377,2.2935455345018663,3.522541302456903
7,70,0.995,0.5,0.95,0.5,4,5,process_noise_x_increased,1100,1300,0,,,0.0,0.0,0.9,0.1,0.0,0.01519146395854107,0.13309431999322888,0.8424606120991512,3.297363451709744
10,50,0.95,0.5,0.95,0.5,4,0,measurement_outliers,100,200,0,,,49.0,4.9,0.04,0.96,0.0,0.1715077459417869,0.3266890446519846,1.084274370016421,2.93971693321371
10,50,0.95,0.5,0.95,0.5,4,1,measurement_noise_x_increased,300,400,0,,,46.0,4.6000000000000005,0.21,0.79,0.0,0.13264111431966832,0.27414961664727966,0.7245592365401728,2.6076444955061873
10,50,0.95,0.5,0.95,0.5,4,2,measurement_noise_xy_decreased,500,600,0,,,61.0,6.1000000000000005,0.11,0.89,0.0,0.39205603819320595,0.7494037602508917,0.33165106850765164,0.945381083576443
10,50,0.95,0.5,0.95,0.5,4,3,truncated_gaussian_measurement_noise,700,800,0,,,29.0,2.9000000000000004,0.1,0.9,0.0,0.2418166128066556,0.5380275524800094,0.32975882639788084,0.805660727560003
10,50,0.95,0.5,0.95,0.5,4,4,coordinated_turn_model_mismatch,900,1000,1,67.0,6.7,64.0,6.4,0.15,0.52,0.33,0.5720523525552672,0.993324117776842,2.2935455345018663,3.522541302456903
10,50,0.95,0.5,0.95,0.5,4,5,process_noise_x_increased,1100,1300,0,,,56.0,5.6000000000000005,0.28,0.72,0.0,0.12447152057516281,0.3465727759987775,0.8424606120991512,3.297363451709744
10,50,0.98,0.5,0.95,0.5,4,0,measurement_outliers,100,200,0,,,35.0,3.5,0.2,0.8,0.0,0.12239079460782307,0.22782319414991026,1.084274370016421,2.93971693321371
10,50,0.98,0.5,0.95,0.5,4,1,measurement_noise_x_increased,300,400,0,,,45.0,4.5,0.36,0.64,0.0,0.08232973690303198,0.2126495871449646,0.7245592365401728,2.6076444955061873
10,50,0.98,0.5,0.95,0.5,4,2,measurement_noise_xy_decreased,500,600,0,,,57.0,5.7,0.25,0.75,0.0,0.3229585622623701,0.6806381955313557,0.33165106850765164,0.945381083576443
10,50,0.98,0.5,0.95,0.5,4,3,truncated_gaussian_measurement_noise,700,800,0,,,30.0,3.0,0.26,0.74,0.0,0.1830685127306052,0.47345470461458283,0.32975882639788084,0.805660727560003
10,50,0.98,0.5,0.95,0.5,4,4,coordinated_turn_model_mismatch,900,1000,1,74.0,7.4,64.0,6.4,0.24,0.5,0.26,0.5081928387017121,0.9864908792914726,2.2935455345018663,3.522541302456903
10,50,0.98,0.5,0.95,0.5,4,5,process_noise_x_increased,1100,1300,0,,,54.0,5.4,0.375,0.625,0.0,0.08137197459877907,0.23360292391680584,0.8424606120991512,3.297363451709744
10,50,0.99,0.5,0.95,0.5,4,0,measurement_outliers,100,200,0,,,29.0,2.9000000000000004,0.37,0.63,0.0,0.08030721159818353,0.15134198465780135,1.084274370016421,2.93971693321371
10,50,0.99,0.5,0.95,0.5,4,1,measurement_noise_x_increased,300,400,0,,,42.0,4.2,0.69,0.31,0.0,0.0455816230676278,0.14244382796933266,0.7245592365401728,2.6076444955061873
10,50,0.99,0.5,0.95,0.5,4,2,measurement_noise_xy_decreased,500,600,0,,,55.0,5.5,0.35,0.65,0.0,0.24810093766397884,0.6045066596555139,0.33165106850765164,0.945381083576443
10,50,0.99,0.5,0.95,0.5,4,3,truncated_gaussian_measurement_noise,700,800,0,,,29.0,2.9000000000000004,0.31,0.69,0.0,0.12911562023133497,0.3867193280728371,0.32975882639788084,0.805660727560003
10,50,0.99,0.5,0.95,0.5,4,4,coordinated_turn_model_mismatch,900,1000,1,88.0,8.8,67.0,6.7,0.31,0.57,0.12,0.432557558310182,0.9702471079969966,2.2935455345018663,3.522541302456903
10,50,0.99,0.5,0.95,0.5,4,5,process_noise_x_increased,1100,1300,0,,,52.0,5.2,0.625,0.375,0.0,0.0491716027172534,0.14235736543134186,0.8424606120991512,3.297363451709744
10,50,0.995,0.5,0.95,0.5,4,0,measurement_outliers,100,200,0,,,5.0,0.5,0.5,0.5,0.0,0.04260326538553689,0.08776413556113874,1.084274370016421,2.93971693321371
10,50,0.995,0.5,0.95,0.5,4,1,measurement_noise_x_increased,300,400,0,,,38.0,3.8000000000000003,0.87,0.13,0.0,0.019392456928469894,0.07263808480604933,0.7245592365401728,2.6076444955061873
10,50,0.995,0.5,0.95,0.5,4,2,measurement_noise_xy_decreased,500,600,0,,,52.0,5.2,0.49,0.51,0.0,0.15581758810121477,0.46856073809990073,0.33165106850765164,0.945381083576443
10,50,0.995,0.5,0.95,0.5,4,3,truncated_gaussian_measurement_noise,700,800,0,,,24.0,2.4000000000000004,0.48,0.52,0.0,0.07877682422886392,0.27626801354058406,0.32975882639788084,0.805660727560003
10,50,0.995,0.5,0.95,0.5,4,4,coordinated_turn_model_mismatch,900,1000,0,,,71.0,7.1000000000000005,0.38,0.62,0.0,0.32488918186190296,0.9114338747481173,2.2935455345018663,3.522541302456903
10,50,0.995,0.5,0.95,0.5,4,5,process_noise_x_increased,1100,1300,0,,,0.0,0.0,0.8,0.2,0.0,0.025804833739215112,0.0748231365559971,0.8424606120991512,3.297363451709744
10,70,0.95,0.5,0.95,0.5,4,0,measurement_outliers,100,200,0,,,27.0,2.7,0.36,0.64,0.0,0.08728618068393061,0.19889788775845568,1.084274370016421,2.93971693321371
10,70,0.95,0.5,0.95,0.5,4,1,measurement_noise_x_increased,300,400,0,,,47.0,4.7,0.67,0.33,0.0,0.05268553522264044,0.18810206611961153,0.7245592365401728,2.6076444955061873
10,70,0.95,0.5,0.95,0.5,4,2,measurement_noise_xy_decreased,500,600,0,,,55.0,5.5,0.35,0.65,0.0,0.2741467484801287,0.6794780258191924,0.33165106850765164,0.945381083576443
10,70,0.95,0.5,0.95,0.5,4,3,truncated_gaussian_measurement_noise,700,800,0,,,32.0,3.2,0.35,0.65,0.0,0.14365091331113608,0.4272122245612165,0.32975882639788084,0.805660727560003
10,70,0.95,0.5,0.95,0.5,4,4,coordinated_turn_model_mismatch,900,1000,1,82.0,8.200000000000001,68.0,6.800000000000001,0.33,0.49,0.18,0.4321499224000707,0.9937659293535097,2.2935455345018663,3.522541302456903
10,70,0.95,0.5,0.95,0.5,4,5,process_noise_x_increased,1100,1300,0,,,56.0,5.6000000000000005,0.56,0.44,0.0,0.05206790643069497,0.14090620556322436,0.8424606120991512,3.297363451709744
10,70,0.98,0.5,0.95,0.5,4,0,measurement_outliers,100,200,0,,,27.0,2.7,0.48,0.52,0.0,0.05909765460664173,0.1341550442930209,1.084274370016421,2.93971693321371
10,70,0.98,0.5,0.95,0.5,4,1,measurement_noise_x_increased,300,400,0,,,45.0,4.5,0.79,0.21,0.0,0.030912655180532878,0.12690549408464294,0.7245592365401728,2.6076444955061873
10,70,0.98,0.5,0.95,0.5,4,2,measurement_noise_xy_decreased,500,600,0,,,55.0,5.5,0.46,0.54,0.0,0.21808820322025047,0.6106334401066204,0.33165106850765164,0.945381083576443
10,70,0.98,0.5,0.95,0.5,4,3,truncated_gaussian_measurement_noise,700,800,0,,,31.0,3.1,0.45,0.55,0.0,0.10202547203837108,0.36144078824614956,0.32975882639788084,0.805660727560003
10,70,0.98,0.5,0.95,0.5,4,4,coordinated_turn_model_mismatch,900,1000,1,91.0,9.1,71.0,7.1000000000000005,0.36,0.55,0.09,0.36911964620652266,0.9817296703037145,2.2935455345018663,3.522541302456903
10,70,0.98,0.5,0.95,0.5,4,5,process_noise_x_increased,1100,1300,0,,,54.0,5.4,0.71,0.29,0.0,0.0323311138460641,0.08082607768932891,0.8424606120991512,3.297363451709744
10,70,0.99,0.5,0.95,0.5,4,0,measurement_outliers,100,200,0,,,16.0,1.6,0.59,0.41,0.0,0.036798211131390784,0.08550733505919818,1.084274370016421,2.93971693321371
10,70,0.99,0.5,0.95,0.5,4,1,measurement_noise_x_increased,300,400,0,,,30.0,3.0,0.87,0.13,0.0,0.01636520031738904,0.07314848004097227,0.7245592365401728,2.6076444955061873
10,70,0.99,0.5,0.95,0.5,4,2,measurement_noise_xy_decreased,500,600,0,,,56.0,5.6000000000000005,0.52,0.48,0.0,0.15880158494539287,0.5196137784475581,0.33165106850765164,0.945381083576443
10,70,0.99,0.5,0.95,0.5,4,3,truncated_gaussian_measurement_noise,700,800,0,,,29.0,2.9000000000000004,0.63,0.37,0.0,0.06858036326180222,0.276915514056682,0.32975882639788084,0.805660727560003
10,70,0.99,0.5,0.95,0.5,4,4,coordinated_turn_model_mismatch,900,1000,0,,,74.0,7.4,0.41,0.59,0.0,0.2991647773726997,0.9454294766464559,2.2935455345018663,3.522541302456903
10,70,0.99,0.5,0.95,0.5,4,5,process_noise_x_increased,1100,1300,0,,,0.0,0.0,0.985,0.015,0.0,0.01960416750208498,0.053153306554659836,0.8424606120991512,3.297363451709744
10,70,0.995,0.5,0.95,0.5,4,0,measurement_outliers,100,200,0,,,0.0,0.0,1.0,0.0,0.0,0.018612669597975563,0.043480358452116195,1.084274370016421,2.93971693321371
10,70,0.995,0.5,0.95,0.5,4,1,measurement_noise_x_increased,300,400,0,,,0.0,0.0,1.0,0.0,0.0,0.0066449075637875785,0.031425671737171416,0.7245592365401728,2.6076444955061873
10,70,0.995,0.5,0.95,0.5,4,2,measurement_noise_xy_decreased,500,600,0,,,54.0,5.4,0.6,0.4,0.0,0.09002260536137988,0.3629551851938469,0.33165106850765164,0.945381083576443
10,70,0.995,0.5,0.95,0.5,4,3,truncated_gaussian_measurement_noise,700,800,0,,,19.0,1.9000000000000001,0.73,0.27,0.0,0.040624434830574124,0.17919630455049723,0.32975882639788084,0.805660727560003
10,70,0.995,0.5,0.95,0.5,4,4,coordinated_turn_model_mismatch,900,1000,0,,,75.0,7.5,0.49,0.51,0.0,0.2063846096159605,0.8322843047282645,2.2935455345018663,3.522541302456903
10,70,0.995,0.5,0.95,0.5,4,5,process_noise_x_increased,1100,1300,0,,,0.0,0.0,1.0,0.0,0.0,0.011571114885574385,0.03422235366652998,0.8424606120991512,3.297363451709744
5,25,0.95,0.5,0.95,0.5,5,0,measurement_outliers,100,200,0,,,0.0,0.0,0.62,0.38,0.0,0.056171316543997804,0.2062693402712616,0.7292536965911266,2.310281919216115
5,25,0.95,0.5,0.95,0.5,5,1,measurement_noise_x_increased,300,400,0,,,17.0,1.7000000000000002,0.23,0.77,0.0,0.3257181413867385,0.568852080929821,0.9620766476376946,2.4240048691044156
5,25,0.95,0.5,0.95,0.5,5,2,measurement_noise_xy_decreased,500,600,0,,,24.0,2.4000000000000004,0.06,0.94,0.0,0.5930811627418833,0.9346930972903041,0.2677244135371565,0.6120661486076073
5,25,0.95,0.5,0.95,0.5,5,3,truncated_gaussian_measurement_noise,700,800,0,,,21.0,2.1,0.09,0.91,0.0,0.5392234624290798,0.7936823561152607,0.3241443154354219,0.8185391688571024
5,25,0.95,0.5,0.95,0.5,5,4,coordinated_turn_model_mismatch,900,1000,0,,,32.0,3.2,0.17,0.83,0.0,0.4696686641977894,0.8858905103972486,1.2859042244900953,2.6001275909381776
5,25,0.95,0.5,0.95,0.5,5,5,process_noise_x_increased,1100,1300,0,,,31.0,3.1,0.36,0.64,0.0,0.1723355379970456,0.7974703054151495,0.9260833283415866,3.214403660315484
5,25,0.98,0.5,0.95,0.5,5,0,measurement_outliers,100,200,0,,,0.0,0.0,0.76,0.24,0.0,0.027966338146170798,0.09786436528724896,0.7292536965911266,2.310281919216115
5,25,0.98,0.5,0.95,0.5,5,1,measurement_noise_x_increased,300,400,0,,,16.0,1.6,0.25,0.75,0.0,0.26368439542278255,0.5348871715337502,0.9620766476376946,2.4240048691044156
5,25,0.98,0.5,0.95,0.5,5,2,measurement_noise_xy_decreased,500,600,0,,,26.0,2.6,0.14,0.86,0.0,0.5465575842898714,0.9231413090102641,0.2677244135371565,0.6120661486076073
5,25,0.98,0.5,0.95,0.5,5,3,truncated_gaussian_measurement_noise,700,800,0,,,20.0,2.0,0.12,0.88,0.0,0.4847068385228712,0.7687205286547308,0.3241443154354219,0.8185391688571024
5,25,0.98,0.5,0.95,0.5,5,4,coordinated_turn_model_mismatch,900,1000,0,,,32.0,3.2,0.31,0.69,0.0,0.403388441301491,0.84529329419447,1.2859042244900953,2.6001275909381776
5,25,0.98,0.5,0.95,0.5,5,5,process_noise_x_increased,1100,1300,0,,,27.0,2.7,0.52,0.48,0.0,0.12301261543819521,0.6210715355066053,0.9260833283415866,3.214403660315484
5,25,0.99,0.5,0.95,0.5,5,0,measurement_outliers,100,200,0,,,0.0,0.0,1.0,0.0,0.0,0.011477455734693274,0.03984763470355152,0.7292536965911266,2.310281919216115
5,25,0.99,0.5,0.95,0.5,5,1,measurement_noise_x_increased,300,400,0,,,16.0,1.6,0.36,0.64,0.0,0.27162519880189173,0.5298030867079674,0.9620766476376946,2.4240048691044156
5,25,0.99,0.5,0.95,0.5,5,2,measurement_noise_xy_decreased,500,600,0,,,28.0,2.8000000000000003,0.21,0.79,0.0,0.5559967233885998,0.9180515379936791,0.2677244135371565,0.6120661486076073
5,25,0.99,0.5,0.95,0.5,5,3,truncated_gaussian_measurement_noise,700,800,0,,,21.0,2.1,0.17,0.83,0.0,0.5787934590972243,0.916778167017009,0.3241443154354219,0.8185391688571024
5,25,0.99,0.5,0.95,0.5,5,4,coordinated_turn_model_mismatch,900,1000,0,,,31.0,3.1,0.36,0.64,0.0,0.35820689478444306,0.8754460193784084,1.2859042244900953,2.6001275909381776
5,25,0.99,0.5,0.95,0.5,5,5,process_noise_x_increased,1100,1300,0,,,29.0,2.9000000000000004,0.62,0.38,0.0,0.10477558397764784,0.7165363257443244,0.9260833283415866,3.214403660315484
5,25,0.995,0.5,0.95,0.5,5,0,measurement_outliers,100,200,0,,,0.0,0.0,1.0,0.0,0.0,0.0029099035682553444,0.009263815825705984,0.7292536965911266,2.310281919216115
5,25,0.995,0.5,0.95,0.5,5,1,measurement_noise_x_increased,300,400,0,,,16.0,1.6,0.34,0.66,0.0,0.285167182540091,0.5750817287117207,0.9620766476376946,2.4240048691044156
5,25,0.995,0.5,0.95,0.5,5,2,measurement_noise_xy_decreased,500,600,0,,,29.0,2.9000000000000004,0.23,0.77,0.0,0.5595371747622946,0.907680779251069,0.2677244135371565,0.6120661486076073
5,25,0.995,0.5,0.95,0.5,5,3,truncated_gaussian_measurement_noise,700,800,0,,,27.0,2.7,0.16,0.84,0.0,0.5733736188964955,0.8626764711587868,0.3241443154354219,0.8185391688571024
5,25,0.995,0.5,0.95,0.5,5,4,coordinated_turn_model_mismatch,900,1000,0,,,27.0,2.7,0.4,0.6,0.0,0.3773597212455683,0.8696744073457128,1.2859042244900953,2.6001275909381776
5,25,0.995,0.5,0.95,0.5,5,5,process_noise_x_increased,1100,1300,0,,,32.0,3.2,0.62,0.38,0.0,0.12802858584030516,0.8926619516321298,0.9260833283415866,3.214403660315484
5,35,0.95,0.5,0.95,0.5,5,0,measurement_outliers,100,200,0,,,0.0,0.0,0.82,0.18,0.0,0.023695477830535785,0.10605294231891335,0.7292536965911266,2.310281919216115
5,35,0.95,0.5,0.95,0.5,5,1,measurement_noise_x_increased,300,400,0,,,16.0,1.6,0.31,0.69,0.0,0.26630541639981326,0.539999084171982,0.9620766476376946,2.4240048691044156
5,35,0.95,0.5,0.95,0.5,5,2,measurement_noise_xy_decreased,500,600,0,,,27.0,2.7,0.15,0.85,0.0,0.5493700068187909,0.9489294786513638,0.2677244135371565,0.6120661486076073
5,35,0.95,0.5,0.95,0.5,5,3,truncated_gaussian_measurement_noise,700,800,0,,,21.0,2.1,0.15,0.85,0.0,0.4896812075550459,0.7666195206124741,0.3241443154354219,0.8185391688571024
5,35,0.95,0.5,0.95,0.5,5,4,coordinated_turn_model_mismatch,900,1000,0,,,38.0,3.8000000000000003,0.34,0.66,0.0,0.3945296458046829,0.8489060619243586,1.2859042244900953,2.6001275909381776
5,35,0.95,0.5,0.95,0.5,5,5,process_noise_x_increased,1100,1300,0,,,31.0,3.1,0.545,0.455,0.0,0.11205148674662731,0.5062543142732482,0.9260833283415866,3.214403660315484
5,35,0.98,0.5,0.95,0.5,5,0,measurement_outliers,100,200,0,,,0.0,0.0,1.0,0.0,0.0,0.010677224688991658,0.04542412311674339,0.7292536965911266,2.310281919216115
5,35,0.98,0.5,0.95,0.5,5,1,measurement_noise_x_increased,300,400,0,,,16.0,1.6,0.36,0.64,0.0,0.2140603639467148,0.503867346159562,0.9620766476376946,2.4240048691044156
5,35,0.98,0.5,0.95,0.5,5,2,measurement_noise_xy_decreased,500,600,0,,,28.0,2.8000000000000003,0.22,0.78,0.0,0.5100410847708698,0.9332660586859117,0.2677244135371565,0.6120661486076073
5,35,0.98,0.5,0.95,0.5,5,3,truncated_gaussian_measurement_noise,700,800,0,,,21.0,2.1,0.18,0.82,0.0,0.47407936107897103,0.7459209471620207,0.3241443154354219,0.8185391688571024
5,35,0.98,0.5,0.95,0.5,5,4,coordinated_turn_model_mismatch,900,1000,0,,,38.0,3.8000000000000003,0.37,0.63,0.0,0.3441047234109853,0.8821561533223997,1.2859042244900953,2.6001275909381776
5,35,0.98,0.5,0.95,0.5,5,5,process_noise_x_increased,1100,1300,0,,,31.0,3.1,0.75,0.25,0.0,0.07508055892142992,0.34735665917353803,0.9260833283415866,3.214403660315484
5,35,0.99,0.5,0.95,0.5,5,0,measurement_outliers,100,200,0,,,0.0,0.0,1.0,0.0,0.0,0.004035005157144605,0.015371603344090247,0.7292536965911266,2.310281919216115
5,35,0.99,0.5,0.95,0.5,5,1,measurement_noise_x_increased,300,400,0,,,16.0,1.6,0.42,0.58,0.0,0.2200177856464554,0.5099327590380192,0.9620766476376946,2.4240048691044156
5,35,0.99,0.5,0.95,0.5,5,2,measurement_noise_xy_decreased,500,600,0,,,31.0,3.1,0.26,0.74,0.0,0.5149385400889925,0.9278511595538372,0.2677244135371565,0.6120661486076073
5,35,0.99,0.5,0.95,0.5,5,3,truncated_gaussian_measurement_noise,700,800,0,,,24.0,2.4000000000000004,0.22,0.78,0.0,0.4756316956848746,0.7572456529386611,0.3241443154354219,0.8185391688571024
5,35,0.99,0.5,0.95,0.5,5,4,coordinated_turn_model_mismatch,900,1000,0,,,36.0,3.6,0.4,0.6,0.0,0.3283500337015247,0.8518558197655463,1.2859042244900953,2.6001275909381776
5,35,0.99,0.5,0.95,0.5,5,5,process_noise_x_increased,1100,1300,0,,,29.0,2.9000000000000004,0.76,0.24,0.0,0.06797720564332357,0.47642595478306815,0.9260833283415866,3.214403660315484
5,35,0.995,0.5,0.95,0.5,5,0,measurement_outliers,100,200,0,,,0.0,0.0,1.0,0.0,0.0,0.004889667568720373,0.02828594775255759,0.7292536965911266,2.310281919216115
5,35,0.995,0.5,0.95,0.5,5,1,measurement_noise_x_increased,300,400,0,,,15.0,1.5,0.45,0.55,0.0,0.15912616839059915,0.4185732265578562,0.9620766476376946,2.4240048691044156
5,35,0.995,0.5,0.95,0.5,5,2,measurement_noise_xy_decreased,500,600,0,,,31.0,3.1,0.27,0.73,0.0,0.5033873369323323,0.9068047729266472,0.2677244135371565,0.6120661486076073
5,35,0.995,0.5,0.95,0.5,5,3,truncated_gaussian_measurement_noise,700,800,0,,,27.0,2.7,0.19,0.81,0.0,0.4950518687815297,0.8018508407987184,0.3241443154354219,0.8185391688571024
5,35,0.995,0.5,0.95,0.5,5,4,coordinated_turn_model_mismatch,900,1000,0,,,34.0,3.4000000000000004,0.4,0.6,0.0,0.29754105449713153,0.8776905244110662,1.2859042244900953,2.6001275909381776
5,35,0.995,0.5,0.95,0.5,5,5,process_noise_x_increased,1100,1300,0,,,27.0,2.7,0.76,0.24,0.0,0.040911203705794354,0.29123708402302373,0.9260833283415866,3.214403660315484
5,50,0.95,0.5,0.95,0.5,5,0,measurement_outliers,100,200,0,,,0.0,0.0,1.0,0.0,0.0,0.0052105815271840895,0.03108180599153323,0.7292536965911266,2.310281919216115
5,50,0.95,0.5,0.95,0.5,5,1,measurement_noise_x_increased,300,400,0,,,16.0,1.6,0.46,0.54,0.0,0.18977148381309827,0.5569091373668918,0.9620766476376946,2.4240048691044156
5,50,0.95,0.5,0.95,0.5,5,2,measurement_noise_xy_decreased,500,600,0,,,29.0,2.9000000000000004,0.26,0.74,0.0,0.48510805086339287,0.9361417721247302,0.2677244135371565,0.6120661486076073
5,50,0.95,0.5,0.95,0.5,5,3,truncated_gaussian_measurement_noise,700,800,0,,,27.0,2.7,0.23,0.77,0.0,0.41004772343727885,0.8357404857812053,0.3241443154354219,0.8185391688571024
5,50,0.95,0.5,0.95,0.5,5,4,coordinated_turn_model_mismatch,900,1000,0,,,41.0,4.1000000000000005,0.41,0.59,0.0,0.276462069555248,0.7883233370469263,1.2859042244900953,2.6001275909381776
5,50,0.95,0.5,0.95,0.5,5,5,process_noise_x_increased,1100,1300,0,,,27.0,2.7,0.775,0.225,0.0,0.050061006010708224,0.435958392583418,0.9260833283415866,3.214403660315484
5,50,0.98,0.5,0.95,0.5,5,0,measurement_outliers,100,200,0,,,0.0,0.0,1.0,0.0,0.0,0.0019977946792412897,0.010344285869152987,0.7292536965911266,2.310281919216115
5,50,0.98,0.5,0.95,0.5,5,1,measurement_noise_x_increased,300,400,0,,,16.0,1.6,0.52,0.48,0.0,0.18027870589144002,0.5519862522829628,0.9620766476376946,2.4240048691044156
5,50,0.98,0.5,0.95,0.5,5,2,measurement_noise_xy_decreased,500,600,0,,,31.0,3.1,0.34,0.66,0.0,0.4649301792226575,0.9309616257129905,0.2677244135371565,0.6120661486076073
5,50,0.98,0.5,0.95,0.5,5,3,truncated_gaussian_measurement_noise,700,800,0,,,27.0,2.7,0.34,0.66,0.0,0.39243325864657336,0.8004007977417666,0.3241443154354219,0.8185391688571024
5,50,0.98,0.5,0.95,0.5,5,4,coordinated_turn_model_mismatch,900,1000,0,,,40.0,4.0,0.46,0.54,0.0,0.21968618472208373,0.7376623340265628,1.2859042244900953,2.6001275909381776
5,50,0.98,0.5,0.95,0.5,5,5,process_noise_x_increased,1100,1300,0,,,26.0,2.6,0.785,0.215,0.0,0.03173594981744935,0.3525524124999684,0.9260833283415866,3.214403660315484
5,50,0.99,0.5,0.95,0.5,5,0,measurement_outliers,100,200,0,,,0.0,0.0,1.0,0.0,0.0,0.0006623226804573754,0.003245188338142489,0.7292536965911266,2.310281919216115
5,50,0.99,0.5,0.95,0.5,5,1,measurement_noise_x_increased,300,400,0,,,16.0,1.6,0.57,0.43,0.0,0.14407233982079978,0.4672841777826781,0.9620766476376946,2.4240048691044156
5,50,0.99,0.5,0.95,0.5,5,2,measurement_noise_xy_decreased,500,600,0,,,33.0,3.3000000000000003,0.31,0.69,0.0,0.4552655098575012,0.9121593953226378,0.2677244135371565,0.6120661486076073
5,50,0.99,0.5,0.95,0.5,5,3,truncated_gaussian_measurement_noise,700,800,0,,,32.0,3.2,0.37,0.63,0.0,0.35219127183672094,0.7202800548306696,0.3241443154354219,0.8185391688571024
5,50,0.99,0.5,0.95,0.5,5,4,coordinated_turn_model_mismatch,900,1000,0,,,40.0,4.0,0.49,0.51,0.0,0.22787112568645507,0.807222063087141,1.2859042244900953,2.6001275909381776
5,50,0.99,0.5,0.95,0.5,5,5,process_noise_x_increased,1100,1300,0,,,26.0,2.6,0.805,0.195,0.0,0.025532133308740348,0.27835760729952963,0.9260833283415866,3.214403660315484
5,50,0.995,0.5,0.95,0.5,5,0,measurement_outliers,100,200,0,,,0.0,0.0,1.0,0.0,0.0,0.00013560596497091168,0.000570499577316962,0.7292536965911266,2.310281919216115
5,50,0.995,0.5,0.95,0.5,5,1,measurement_noise_x_increased,300,400,0,,,15.0,1.5,0.58,0.42,0.0,0.0974957997282134,0.3336365517654424,0.9620766476376946,2.4240048691044156
5,50,0.995,0.5,0.95,0.5,5,2,measurement_noise_xy_decreased,500,600,0,,,35.0,3.5,0.37,0.63,0.0,0.49424133593346176,0.9394339753237025,0.2677244135371565,0.6120661486076073
5,50,0.995,0.5,0.95,0.5,5,3,truncated_gaussian_measurement_noise,700,800,0,,,33.0,3.3000000000000003,0.33,0.67,0.0,0.3650794236566929,0.7363267016710062,0.3241443154354219,0.8185391688571024
5,50,0.995,0.5,0.95,0.5,5,4,coordinated_turn_model_mismatch,900,1000,0,,,43.0,4.3,0.53,0.47,0.0,0.24362798254622786,0.8948730646946668,1.2859042244900953,2.6001275909381776
5,50,0.995,0.5,0.95,0.5,5,5,process_noise_x_increased,1100,1300,0,,,21.0,2.1,0.91,0.09,0.0,0.01376727838324109,0.15882271926776784,0.9260833283415866,3.214403660315484
5,70,0.95,0.5,0.95,0.5,5,0,measurement_outliers,100,200,0,,,0.0,0.0,1.0,0.0,0.0,0.0003678024995272645,0.0013504489922236888,0.7292536965911266,2.310281919216115
5,70,0.95,0.5,0.95,0.5,5,1,measurement_noise_x_increased,300,400,0,,,15.0,1.5,0.66,0.34,0.0,0.1018321337660393,0.48383844676889065,0.9620766476376946,2.4240048691044156
5,70,0.95,0.5,0.95,0.5,5,2,measurement_noise_xy_decreased,500,600,0,,,35.0,3.5,0.4,0.6,0.0,0.3701461018575825,0.8873541561587553,0.2677244135371565,0.6120661486076073
5,70,0.95,0.5,0.95,0.5,5,3,truncated_gaussian_measurement_noise,700,800,0,,,32.0,3.2,0.43,0.57,0.0,0.29957714961291465,0.7720372736981299,0.3241443154354219,0.8185391688571024
5,70,0.95,0.5,0.95,0.5,5,4,coordinated_turn_model_mismatch,900,1000,0,,,43.0,4.3,0.58,0.42,0.0,0.13159245229275635,0.6591087674008045,1.2859042244900953,2.6001275909381776
5,70,0.95,0.5,0.95,0.5,5,5,process_noise_x_increased,1100,1300,0,,,28.0,2.8000000000000003,0.945,0.055,0.0,0.010559833881539351,0.17566807060366144,0.9260833283415866,3.214403660315484
5,70,0.98,0.5,0.95,0.5,5,0,measurement_outliers,100,200,0,,,0.0,0.0,1.0,0.0,0.0,0.00013611281504648495,0.00035622636543087085,0.7292536965911266,2.310281919216115
5,70,0.98,0.5,0.95,0.5,5,1,measurement_noise_x_increased,300,400,0,,,15.0,1.5,0.71,0.29,0.0,0.09140046518198798,0.4853738439641307,0.9620766476376946,2.4240048691044156
5,70,0.98,0.5,0.95,0.5,5,2,measurement_noise_xy_decreased,500,600,0,,,36.0,3.6,0.44,0.56,0.0,0.3380400790762519,0.8895863167217585,0.2677244135371565,0.6120661486076073
5,70,0.98,0.5,0.95,0.5,5,3,truncated_gaussian_measurement_noise,700,800,0,,,34.0,3.4000000000000004,0.48,0.52,0.0,0.2737572690240169,0.7346438025719788,0.3241443154354219,0.8185391688571024
5,70,0.98,0.5,0.95,0.5,5,4,coordinated_turn_model_mismatch,900,1000,0,,,42.0,4.2,0.64,0.36,0.0,0.09461176540361402,0.5502807035727599,1.2859042244900953,2.6001275909381776
5,70,0.98,0.5,0.95,0.5,5,5,process_noise_x_increased,1100,1300,0,,,27.0,2.7,0.965,0.035,0.0,0.006134611752979068,0.11652828106060964,0.9260833283415866,3.214403660315484
5,70,0.99,0.5,0.95,0.5,5,0,measurement_outliers,100,200,0,,,0.0,0.0,1.0,0.0,0.0,4.3301226782563775e-05,9.452387375108352e-05,0.7292536965911266,2.310281919216115
5,70,0.99,0.5,0.95,0.5,5,1,measurement_noise_x_increased,300,400,0,,,15.0,1.5,0.76,0.24,0.0,0.06606970968738873,0.36062492605196494,0.9620766476376946,2.4240048691044156
5,70,0.99,0.5,0.95,0.5,5,2,measurement_noise_xy_decreased,500,600,0,,,39.0,3.9000000000000004,0.42,0.58,0.0,0.3533577534387185,0.8750814742825256,0.2677244135371565,0.6120661486076073
5,70,0.99,0.5,0.95,0.5,5,3,truncated_gaussian_measurement_noise,700,800,0,,,34.0,3.4000000000000004,0.49,0.51,0.0,0.28831493974738437,0.7812789377558075,0.3241443154354219,0.8185391688571024
5,70,0.99,0.5,0.95,0.5,5,4,coordinated_turn_model_mismatch,900,1000,0,,,40.0,4.0,0.72,0.28,0.0,0.08430294860725336,0.44524020291388794,1.2859042244900953,2.6001275909381776
5,70,0.99,0.5,0.95,0.5,5,5,process_noise_x_increased,1100,1300,0,,,26.0,2.6,0.99,0.01,0.0,0.0032845920382483084,0.06851383768975515,0.9260833283415866,3.214403660315484
5,70,0.995,0.5,0.95,0.5,5,0,measurement_outliers,100,200,0,,,0.0,0.0,1.0,0.0,0.0,9.091539911599154e-06,2.2547972138948174e-05,0.7292536965911266,2.310281919216115
5,70,0.995,0.5,0.95,0.5,5,1,measurement_noise_x_increased,300,400,0,,,15.0,1.5,0.7,0.3,0.0,0.09341739999930673,0.4245856683034154,0.9620766476376946,2.4240048691044156
5,70,0.995,0.5,0.95,0.5,5,2,measurement_noise_xy_decreased,500,600,0,,,42.0,4.2,0.48,0.52,0.0,0.30724456785870496,0.7947470085159181,0.2677244135371565,0.6120661486076073
5,70,0.995,0.5,0.95,0.5,5,3,truncated_gaussian_measurement_noise,700,800,0,,,38.0,3.8000000000000003,0.47,0.53,0.0,0.27487240025888054,0.7883378774899888,0.3241443154354219,0.8185391688571024
5,70,0.995,0.5,0.95,0.5,5,4,coordinated_turn_model_mismatch,900,1000,0,,,41.0,4.1000000000000005,0.72,0.28,0.0,0.09715909940857535,0.635151632750578,1.2859042244900953,2.6001275909381776
5,70,0.995,0.5,0.95,0.5,5,5,process_noise_x_increased,1100,1300,0,,,18.0,1.8,1.0,0.0,0.0,0.001957294508273019,0.03868710824555168,0.9260833283415866,3.214403660315484
7,35,0.95,0.5,0.95,0.5,5,0,measurement_outliers,100,200,0,,,11.0,1.1,0.24,0.76,0.0,0.08453919082796535,0.18642948452481364,0.7292536965911266,2.310281919216115
7,35,0.95,0.5,0.95,0.5,5,1,measurement_noise_x_increased,300,400,0,,,39.0,3.9000000000000004,0.23,0.77,0.0,0.3732830576792788,0.6606951601304697,0.9620766476376946,2.4240048691044156
7,35,0.95,0.5,0.95,0.5,5,2,measurement_noise_xy_decreased,500,600,0,,,35.0,3.5,0.07,0.93,0.0,0.5810526842934517,0.9041170450999151,0.2677244135371565,0.6120661486076073
7,35,0.95,0.5,0.95,0.5,5,3,truncated_gaussian_measurement_noise,700,800,0,,,40.0,4.0,0.1,0.9,0.0,0.3890867233173253,0.6376302772879012,0.3241443154354219,0.8185391688571024
7,35,0.95,0.5,0.95,0.5,5,4,coordinated_turn_model_mismatch,900,1000,0,,,68.0,6.800000000000001,0.2,0.8,0.0,0.4104715209852538,0.841786822842129,1.2859042244900953,2.6001275909381776
7,35,0.95,0.5,0.95,0.5,5,5,process_noise_x_increased,1100,1300,0,,,34.0,3.4000000000000004,0.25,0.75,0.0,0.1746505365244102,0.6257093524830117,0.9260833283415866,3.214403660315484
7,35,0.98,0.5,0.95,0.5,5,0,measurement_outliers,100,200,0,,,0.0,0.0,0.47,0.53,0.0,0.060526574277773644,0.1418868591482596,0.7292536965911266,2.310281919216115
7,35,0.98,0.5,0.95,0.5,5,1,measurement_noise_x_increased,300,400,0,,,39.0,3.9000000000000004,0.29,0.71,0.0,0.34448437831081385,0.6437868276497897,0.9620766476376946,2.4240048691044156
7,35,0.98,0.5,0.95,0.5,5,2,measurement_noise_xy_decreased,500,600,0,,,39.0,3.9000000000000004,0.08,0.92,0.0,0.5500250134777123,0.8851795391253126,0.2677244135371565,0.6120661486076073
7,35,0.98,0.5,0.95,0.5,5,3,truncated_gaussian_measurement_noise,700,800,0,,,39.0,3.9000000000000004,0.13,0.87,0.0,0.355577467618739,0.5919534119223608,0.3241443154354219,0.8185391688571024
7,35,0.98,0.5,0.95,0.5,5,4,coordinated_turn_model_mismatch,900,1000,0,,,54.0,5.4,0.32,0.68,0.0,0.3847829828006381,0.8331539409211735,1.2859042244900953,2.6001275909381776
7,35,0.98,0.5,0.95,0.5,5,5,process_noise_x_increased,1100,1300,0,,,33.0,3.3000000000000003,0.42,0.58,0.0,0.13270190995205883,0.49667428337426517,0.9260833283415866,3.214403660315484
7,35,0.99,0.5,0.95,0.5,5,0,measurement_outliers,100,200,0,,,0.0,0.0,0.67,0.33,0.0,0.044163149858548474,0.12673949685771926,0.7292536965911266,2.310281919216115
7,35,0.99,0.5,0.95,0.5,5,1,measurement_noise_x_increased,300,400,0,,,38.0,3.8000000000000003,0.35,0.65,0.0,0.3178853273774095,0.6229428496981441,0.9620766476376946,2.4240048691044156
7,35,0.99,0.5,0.95,0.5,5,2,measurement_noise_xy_decreased,500,600,0,,,42.0,4.2,0.11,0.89,0.0,0.5296393366969064,0.8737395162071332,0.2677244135371565,0.6120661486076073
7,35,0.99,0.5,0.95,0.5,5,3,truncated_gaussian_measurement_noise,700,800,0,,,38.0,3.8000000000000003,0.19,0.81,0.0,0.33160074625412833,0.5655906983199336,0.3241443154354219,0.8185391688571024
7,35,0.99,0.5,0.95,0.5,5,4,coordinated_turn_model_mismatch,900,1000,0,,,54.0,5.4,0.37,0.63,0.0,0.3617136702915731,0.8505626808020879,1.2859042244900953,2.6001275909381776
7,35,0.99,0.5,0.95,0.5,5,5,process_noise_x_increased,1100,1300,0,,,32.0,3.2,0.5,0.5,0.0,0.11435027273812437,0.4905803117963387,0.9260833283415866,3.214403660315484
7,35,0.995,0.5,0.95,0.5,5,0,measurement_outliers,100,200,0,,,0.0,0.0,0.75,0.25,0.0,0.03560167893161863,0.11953783182102722,0.7292536965911266,2.310281919216115
7,35,0.995,0.5,0.95,0.5,5,1,measurement_noise_x_increased,300,400,0,,,39.0,3.9000000000000004,0.34,0.66,0.0,0.3149145973070938,0.5959115768879303,0.9620766476376946,2.4240048691044156
7,35,0.995,0.5,0.95,0.5,5,2,measurement_noise_xy_decreased,500,600,0,,,41.0,4.1000000000000005,0.23,0.77,0.0,0.547341782024426,0.8774371712271182,0.2677244135371565,0.6120661486076073
7,35,0.995,0.5,0.95,0.5,5,3,truncated_gaussian_measurement_noise,700,800,0,,,39.0,3.9000000000000004,0.19,0.81,0.0,0.30996611240696237,0.5489464180704291,0.3241443154354219,0.8185391688571024
7,35,0.995,0.5,0.95,0.5,5,4,coordinated_turn_model_mismatch,900,1000,0,,,54.0,5.4,0.4,0.6,0.0,0.33342175492301207,0.8186952907787642,1.2859042244900953,2.6001275909381776
7,35,0.995,0.5,0.95,0.5,5,5,process_noise_x_increased,1100,1300,0,,,32.0,3.2,0.485,0.515,0.0,0.13390429257844383,0.6178468994556023,0.9260833283415866,3.214403660315484
7,50,0.95,0.5,0.95,0.5,5,0,measurement_outliers,100,200,0,,,0.0,0.0,0.88,0.12,0.0,0.030476743514850635,0.07783503643161876,0.7292536965911266,2.310281919216115
7,50,0.95,0.5,0.95,0.5,5,1,measurement_noise_x_increased,300,400,0,,,26.0,2.6,0.35,0.65,0.0,0.2904212250003668,0.665083073023933,0.9620766476376946,2.4240048691044156
7,50,0.95,0.5,0.95,0.5,5,2,measurement_noise_xy_decreased,500,600,0,,,43.0,4.3,0.2,0.8,0.0,0.4915678193291972,0.8921245675407253,0.2677244135371565,0.6120661486076073
7,50,0.95,0.5,0.95,0.5,5,3,truncated_gaussian_measurement_noise,700,800,0,,,38.0,3.8000000000000003,0.17,0.83,0.0,0.2872591208767442,0.514421647913801,0.3241443154354219,0.8185391688571024
7,50,0.95,0.5,0.95,0.5,5,4,coordinated_turn_model_mismatch,900,1000,0,,,60.0,6.0,0.37,0.63,0.0,0.3042029255716325,0.772316131945376,1.2859042244900953,2.6001275909381776
7,50,0.95,0.5,0.95,0.5,5,5,process_noise_x_increased,1100,1300,0,,,34.0,3.4000000000000004,0.545,0.455,0.0,0.08423147921866363,0.381593406396666,0.9260833283415866,3.214403660315484
7,50,0.98,0.5,0.95,0.5,5,0,measurement_outliers,100,200,0,,,0.0,0.0,0.97,0.03,0.0,0.019073814263466302,0.058394233184824035,0.7292536965911266,2.310281919216115
7,50,0.98,0.5,0.95,0.5,5,1,measurement_noise_x_increased,300,400,0,,,26.0,2.6,0.41,0.59,0.0,0.2502487207308294,0.6168355913547887,0.9620766476376946,2.4240048691044156
7,50,0.98,0.5,0.95,0.5,5,2,measurement_noise_xy_decreased,500,600,0,,,48.0,4.800000000000001,0.22,0.78,0.0,0.4724228926825693,0.880036208063799,0.2677244135371565,0.6120661486076073
7,50,0.98,0.5,0.95,0.5,5,3,truncated_gaussian_measurement_noise,700,800,0,,,38.0,3.8000000000000003,0.25,0.75,0.0,0.25306078729078096,0.4762403720101187,0.3241443154354219,0.8185391688571024
7,50,0.98,0.5,0.95,0.5,5,4,coordinated_turn_model_mismatch,900,1000,0,,,60.0,6.0,0.4,0.6,0.0,0.26542116132558086,0.7875773961193635,1.2859042244900953,2.6001275909381776
7,50,0.98,0.5,0.95,0.5,5,5,process_noise_x_increased,1100,1300,0,,,32.0,3.2,0.605,0.395,0.0,0.07027715383224022,0.4429629652850364,0.9260833283415866,3.214403660315484
7,50,0.99,0.5,0.95,0.5,5,0,measurement_outliers,100,200,0,,,0.0,0.0,1.0,0.0,0.0,0.011201346719014776,0.04924840698639835,0.7292536965911266,2.310281919216115
7,50,0.99,0.5,0.95,0.5,5,1,measurement_noise_x_increased,300,400,0,,,25.0,2.5,0.45,0.55,0.0,0.2193468330142897,0.5661868748243758,0.9620766476376946,2.4240048691044156
7,50,0.99,0.5,0.95,0.5,5,2,measurement_noise_xy_decreased,500,600,0,,,51.0,5.1000000000000005,0.34,0.66,0.0,0.4519755328791652,0.8609082569349729,0.2677244135371565,0.6120661486076073
7,50,0.99,0.5,0.95,0.5,5,3,truncated_gaussian_measurement_noise,700,800,0,,,38.0,3.8000000000000003,0.29,0.71,0.0,0.19427227125843818,0.3529765533307553,0.3241443154354219,0.8185391688571024
7,50,0.99,0.5,0.95,0.5,5,4,coordinated_turn_model_mismatch,900,1000,0,,,48.0,4.800000000000001,0.44,0.56,0.0,0.23923726599427703,0.7921905173595822,1.2859042244900953,2.6001275909381776
7,50,0.99,0.5,0.95,0.5,5,5,process_noise_x_increased,1100,1300,0,,,31.0,3.1,0.625,0.375,0.0,0.0590500018005889,0.3094947135154591,0.9260833283415866,3.214403660315484
7,50,0.995,0.5,0.95,0.5,5,0,measurement_outliers,100,200,0,,,0.0,0.0,0.95,0.05,0.0,0.013391132047051113,0.072708820196412,0.7292536965911266,2.310281919216115
7,50,0.995,0.5,0.95,0.5,5,1,measurement_noise_x_increased,300,400,0,,,23.0,2.3000000000000003,0.41,0.59,0.0,0.2447970910043452,0.5671080251865187,0.9620766476376946,2.4240048691044156
7,50,0.995,0.5,0.95,0.5,5,2,measurement_noise_xy_decreased,500,600,0,,,55.0,5.5,0.33,0.67,0.0,0.431955759546105,0.8581432018419113,0.2677244135371565,0.6120661486076073
7,50,0.995,0.5,0.95,0.5,5,3,truncated_gaussian_measurement_noise,700,800,0,,,38.0,3.8000000000000003,0.29,0.71,0.0,0.21257528846659124,0.3987277104517133,0.3241443154354219,0.8185391688571024
7,50,0.995,0.5,0.95,0.5,5,4,coordinated_turn_model_mismatch,900,1000,0,,,60.0,6.0,0.5,0.5,0.0,0.22913383839725768,0.78562585543971,1.2859042244900953,2.6001275909381776
7,50,0.995,0.5,0.95,0.5,5,5,process_noise_x_increased,1100,1300,0,,,32.0,3.2,0.645,0.355,0.0,0.06380852270475706,0.36996286944075946,0.9260833283415866,3.214403660315484
7,70,0.95,0.5,0.95,0.5,5,0,measurement_outliers,100,200,0,,,0.0,0.0,1.0,0.0,0.0,0.005787508440188996,0.0150122496194594,0.7292536965911266,2.310281919216115
7,70,0.95,0.5,0.95,0.5,5,1,measurement_noise_x_increased,300,400,0,,,26.0,2.6,0.53,0.47,0.0,0.18998660222375272,0.6409618417367418,0.9620766476376946,2.4240048691044156
7,70,0.95,0.5,0.95,0.5,5,2,measurement_noise_xy_decreased,500,600,0,,,52.0,5.2,0.39,0.61,0.0,0.36552606589412284,0.9086757360909443,0.2677244135371565,0.6120661486076073
7,70,0.95,0.5,0.95,0.5,5,3,truncated_gaussian_measurement_noise,700,800,0,,,38.0,3.8000000000000003,0.32,0.68,0.0,0.18640012790199517,0.47376383338272926,0.3241443154354219,0.8185391688571024
7,70,0.95,0.5,0.95,0.5,5,4,coordinated_turn_model_mismatch,900,1000,0,,,54.0,5.4,0.46,0.54,0.0,0.17621636246134412,0.7003866065330819,1.2859042244900953,2.6001275909381776
7,70,0.95,0.5,0.95,0.5,5,5,process_noise_x_increased,1100,1300,0,,,31.0,3.1,0.885,0.115,0.0,0.022383540830231877,0.23239228563481729,0.9260833283415866,3.214403660315484
7,70,0.98,0.5,0.95,0.5,5,0,measurement_outliers,100,200,0,,,0.0,0.0,1.0,0.0,0.0,0.002956321282614769,0.008956286774939154,0.7292536965911266,2.310281919216115
7,70,0.98,0.5,0.95,0.5,5,1,measurement_noise_x_increased,300,400,0,,,26.0,2.6,0.54,0.46,0.0,0.15791929398073098,0.558346781598468,0.9620766476376946,2.4240048691044156
7,70,0.98,0.5,0.95,0.5,5,2,measurement_noise_xy_decreased,500,600,0,,,53.0,5.300000000000001,0.41,0.59,0.0,0.34673787415554075,0.8521032913269897,0.2677244135371565,0.6120661486076073
7,70,0.98,0.5,0.95,0.5,5,3,truncated_gaussian_measurement_noise,700,800,0,,,38.0,3.8000000000000003,0.47,0.53,0.0,0.15583904973944665,0.4037002812838992,0.3241443154354219,0.8185391688571024
7,70,0.98,0.5,0.95,0.5,5,4,coordinated_turn_model_mismatch,900,1000,0,,,55.0,5.5,0.5,0.5,0.0,0.13170425015709122,0.583743660172509,1.2859042244900953,2.6001275909381776
7,70,0.98,0.5,0.95,0.5,5,5,process_noise_x_increased,1100,1300,0,,,31.0,3.1,0.94,0.06,0.0,0.014058969994782938,0.15729331530497434,0.9260833283415866,3.214403660315484
7,70,0.99,0.5,0.95,0.5,5,0,measurement_outliers,100,200,0,,,0.0,0.0,1.0,0.0,0.0,0.002173458008346807,0.009341645280297902,0.7292536965911266,2.310281919216115
7,70,0.99,0.5,0.95,0.5,5,1,measurement_noise_x_increased,300,400,0,,,26.0,2.6,0.55,0.45,0.0,0.14474749372449383,0.5234633182668357,0.9620766476376946,2.4240048691044156
7,70,0.99,0.5,0.95,0.5,5,2,measurement_noise_xy_decreased,500,600,0,,,55.0,5.5,0.42,0.58,0.0,0.3471280759426895,0.8750117917567818,0.2677244135371565,0.6120661486076073
7,70,0.99,0.5,0.95,0.5,5,3,truncated_gaussian_measurement_noise,700,800,0,,,38.0,3.8000000000000003,0.47,0.53,0.0,0.14062118886356786,0.3962545214133283,0.3241443154354219,0.8185391688571024
7,70,0.99,0.5,0.95,0.5,5,4,coordinated_turn_model_mismatch,900,1000,0,,,53.0,5.300000000000001,0.65,0.35,0.0,0.1087404930564164,0.5544803672162104,1.2859042244900953,2.6001275909381776
7,70,0.99,0.5,0.95,0.5,5,5,process_noise_x_increased,1100,1300,0,,,29.0,2.9000000000000004,0.955,0.045,0.0,0.011008049666464235,0.18654694721798987,0.9260833283415866,3.214403660315484
7,70,0.995,0.5,0.95,0.5,5,0,measurement_outliers,100,200,0,,,0.0,0.0,1.0,0.0,0.0,0.0013762272010477753,0.007096131844366065,0.7292536965911266,2.310281919216115
7,70,0.995,0.5,0.95,0.5,5,1,measurement_noise_x_increased,300,400,0,,,26.0,2.6,0.57,0.43,0.0,0.1555300751801013,0.5393489316354296,0.9620766476376946,2.4240048691044156
7,70,0.995,0.5,0.95,0.5,5,2,measurement_noise_xy_decreased,500,600,0,,,58.0,5.800000000000001,0.4,0.6,0.0,0.3203842346937326,0.8318846538464825,0.2677244135371565,0.6120661486076073
7,70,0.995,0.5,0.95,0.5,5,3,truncated_gaussian_measurement_noise,700,800,0,,,38.0,3.8000000000000003,0.51,0.49,0.0,0.1263931407417106,0.31846499068647544,0.3241443154354219,0.8185391688571024
7,70,0.995,0.5,0.95,0.5,5,4,coordinated_turn_model_mismatch,900,1000,0,,,54.0,5.4,0.66,0.34,0.0,0.10627835115605326,0.502892982210958,1.2859042244900953,2.6001275909381776
7,70,0.995,0.5,0.95,0.5,5,5,process_noise_x_increased,1100,1300,0,,,31.0,3.1,0.94,0.06,0.0,0.012397682760870863,0.19482106748016853,0.9260833283415866,3.214403660315484
10,50,0.95,0.5,0.95,0.5,5,0,measurement_outliers,100,200,0,,,30.0,3.0,0.29,0.71,0.0,0.0718235709243141,0.12545185686026272,0.7292536965911266,2.310281919216115
10,50,0.95,0.5,0.95,0.5,5,1,measurement_noise_x_increased,300,400,0,,,46.0,4.6000000000000005,0.25,0.75,0.0,0.26571384268895587,0.590064601436068,0.9620766476376946,2.4240048691044156
10,50,0.95,0.5,0.95,0.5,5,2,measurement_noise_xy_decreased,500,600,0,,,47.0,4.7,0.1,0.9,0.0,0.4193452085298314,0.7991901316826524,0.2677244135371565,0.6120661486076073
10,50,0.95,0.5,0.95,0.5,5,3,truncated_gaussian_measurement_noise,700,800,0,,,43.0,4.3,0.16,0.84,0.0,0.32574657136436136,0.5939890201682598,0.3241443154354219,0.8185391688571024
10,50,0.95,0.5,0.95,0.5,5,4,coordinated_turn_model_mismatch,900,1000,0,,,74.0,7.4,0.01,0.99,0.0,0.32058652109378627,0.6922363565272744,1.2859042244900953,2.6001275909381776
10,50,0.95,0.5,0.95,0.5,5,5,process_noise_x_increased,1100,1300,0,,,66.0,6.6000000000000005,0.165,0.835,0.0,0.10769721549593929,0.41797011515361526,0.9260833283415866,3.214403660315484
10,50,0.98,0.5,0.95,0.5,5,0,measurement_outliers,100,200,0,,,0.0,0.0,0.72,0.28,0.0,0.041219245346994414,0.07191769945553798,0.7292536965911266,2.310281919216115
10,50,0.98,0.5,0.95,0.5,5,1,measurement_noise_x_increased,300,400,0,,,46.0,4.6000000000000005,0.37,0.63,0.0,0.197943280863624,0.5133642035551397,0.9620766476376946,2.4240048691044156
10,50,0.98,0.5,0.95,0.5,5,2,measurement_noise_xy_decreased,500,600,0,,,49.0,4.9,0.21,0.79,0.0,0.3511389855346292,0.7356012740714996,0.2677244135371565,0.6120661486076073
10,50,0.98,0.5,0.95,0.5,5,3,truncated_gaussian_measurement_noise,700,800,0,,,40.0,4.0,0.23,0.77,0.0,0.2567083139958474,0.4849252210653186,0.3241443154354219,0.8185391688571024
10,50,0.98,0.5,0.95,0.5,5,4,coordinated_turn_model_mismatch,900,1000,0,,,67.0,6.7,0.17,0.83,0.0,0.24997565916080322,0.6024668641153248,1.2859042244900953,2.6001275909381776
10,50,0.98,0.5,0.95,0.5,5,5,process_noise_x_increased,1100,1300,0,,,63.0,6.300000000000001,0.59,0.41,0.0,0.06510689308806272,0.28383684388779046,0.9260833283415866,3.214403660315484
10,50,0.99,0.5,0.95,0.5,5,0,measurement_outliers,100,200,0,,,0.0,0.0,1.0,0.0,0.0,0.020483599648543276,0.037165212727181915,0.7292536965911266,2.310281919216115
10,50,0.99,0.5,0.95,0.5,5,1,measurement_noise_x_increased,300,400,0,,,45.0,4.5,0.48,0.52,0.0,0.1334579892020668,0.40121469909780366,0.9620766476376946,2.4240048691044156
10,50,0.99,0.5,0.95,0.5,5,2,measurement_noise_xy_decreased,500,600,0,,,49.0,4.9,0.36,0.64,0.0,0.2721429408749895,0.6541311884525559,0.2677244135371565,0.6120661486076073
10,50,0.99,0.5,0.95,0.5,5,3,truncated_gaussian_measurement_noise,700,800,0,,,40.0,4.0,0.36,0.64,0.0,0.18989374892604627,0.4243538244601426,0.3241443154354219,0.8185391688571024
10,50,0.99,0.5,0.95,0.5,5,4,coordinated_turn_model_mismatch,900,1000,0,,,65.0,6.5,0.36,0.64,0.0,0.17799253589851372,0.4909752108794741,1.2859042244900953,2.6001275909381776
10,50,0.99,0.5,0.95,0.5,5,5,process_noise_x_increased,1100,1300,0,,,42.0,4.2,0.78,0.22,0.0,0.03609242091416294,0.17688610778518873,0.9260833283415866,3.214403660315484
10,50,0.995,0.5,0.95,0.5,5,0,measurement_outliers,100,200,0,,,0.0,0.0,1.0,0.0,0.0,0.007706945992612728,0.014241894076017336,0.7292536965911266,2.310281919216115
10,50,0.995,0.5,0.95,0.5,5,1,measurement_noise_x_increased,300,400,0,,,26.0,2.6,0.58,0.42,0.0,0.07025587767631535,0.24581682938576327,0.9620766476376946,2.4240048691044156
10,50,0.995,0.5,0.95,0.5,5,2,measurement_noise_xy_decreased,500,600,0,,,50.0,5.0,0.46,0.54,0.0,0.1721181247050558,0.5284578404808232,0.2677244135371565,0.6120661486076073
10,50,0.995,0.5,0.95,0.5,5,3,truncated_gaussian_measurement_noise,700,800,0,,,39.0,3.9000000000000004,0.42,0.58,0.0,0.12210882053629225,0.31924469813938694,0.3241443154354219,0.8185391688571024
10,50,0.995,0.5,0.95,0.5,5,4,coordinated_turn_model_mismatch,900,1000,0,,,53.0,5.300000000000001,0.44,0.56,0.0,0.09821289604223858,0.3307126172501772,1.2859042244900953,2.6001275909381776
10,50,0.995,0.5,0.95,0.5,5,5,process_noise_x_increased,1100,1300,0,,,26.0,2.6,0.95,0.05,0.0,0.015549110014796618,0.08887011255049206,0.9260833283415866,3.214403660315484
10,70,0.95,0.5,0.95,0.5,5,0,measurement_outliers,100,200,0,,,0.0,0.0,1.0,0.0,0.0,0.024067543968608298,0.042142575136149385,0.7292536965911266,2.310281919216115
10,70,0.95,0.5,0.95,0.5,5,1,measurement_noise_x_increased,300,400,0,,,47.0,4.7,0.5,0.5,0.0,0.1525532147591641,0.5229558875190156,0.9620766476376946,2.4240048691044156
10,70,0.95,0.5,0.95,0.5,5,2,measurement_noise_xy_decreased,500,600,0,,,49.0,4.9,0.36,0.64,0.0,0.30319917221196224,0.7422289128654898,0.2677244135371565,0.6120661486076073
10,70,0.95,0.5,0.95,0.5,5,3,truncated_gaussian_measurement_noise,700,800,0,,,40.0,4.0,0.4,0.6,0.0,0.21266528817030872,0.5111862043882875,0.3241443154354219,0.8185391688571024
10,70,0.95,0.5,0.95,0.5,5,4,coordinated_turn_model_mismatch,900,1000,0,,,67.0,6.7,0.34,0.66,0.0,0.192523544964358,0.5405363529210071,1.2859042244900953,2.6001275909381776
10,70,0.95,0.5,0.95,0.5,5,5,process_noise_x_increased,1100,1300,0,,,40.0,4.0,0.695,0.305,0.0,0.036784067369591104,0.16763915549844133,0.9260833283415866,3.214403660315484
10,70,0.98,0.5,0.95,0.5,5,0,measurement_outliers,100,200,0,,,0.0,0.0,1.0,0.0,0.0,0.012547400120481778,0.023571595034130508,0.7292536965911266,2.310281919216115
10,70,0.98,0.5,0.95,0.5,5,1,measurement_noise_x_increased,300,400,0,,,46.0,4.6000000000000005,0.57,0.43,0.0,0.10479048161091599,0.3978861941287933,0.9620766476376946,2.4240048691044156
10,70,0.98,0.5,0.95,0.5,5,2,measurement_noise_xy_decreased,500,600,0,,,52.0,5.2,0.42,0.58,0.0,0.241022843957957,0.6957397567065402,0.2677244135371565,0.6120661486076073
10,70,0.98,0.5,0.95,0.5,5,3,truncated_gaussian_measurement_noise,700,800,0,,,41.0,4.1000000000000005,0.45,0.55,0.0,0.15953702126039973,0.43245602712431885,0.3241443154354219,0.8185391688571024
10,70,0.98,0.5,0.95,0.5,5,4,coordinated_turn_model_mismatch,900,1000,0,,,65.0,6.5,0.39,0.61,0.0,0.14140587703990246,0.4554889725010037,1.2859042244900953,2.6001275909381776
10,70,0.98,0.5,0.95,0.5,5,5,process_noise_x_increased,1100,1300,0,,,40.0,4.0,0.925,0.075,0.0,0.021434620025308916,0.10898111287488602,0.9260833283415866,3.214403660315484
10,70,0.99,0.5,0.95,0.5,5,0,measurement_outliers,100,200,0,,,0.0,0.0,1.0,0.0,0.0,0.005972595506991065,0.011182980909506101,0.7292536965911266,2.310281919216115
10,70,0.99,0.5,0.95,0.5,5,1,measurement_noise_x_increased,300,400,0,,,40.0,4.0,0.67,0.33,0.0,0.06443597177132583,0.2827732478032506,0.9620766476376946,2.4240048691044156
10,70,0.99,0.5,0.95,0.5,5,2,measurement_noise_xy_decreased,500,600,0,,,53.0,5.300000000000001,0.49,0.51,0.0,0.17498192257765072,0.6025754409626203,0.2677244135371565,0.6120661486076073
10,70,0.99,0.5,0.95,0.5,5,3,truncated_gaussian_measurement_noise,700,800,0,,,41.0,4.1000000000000005,0.51,0.49,0.0,0.11136915418420684,0.34821058606919336,0.3241443154354219,0.8185391688571024
10,70,0.99,0.5,0.95,0.5,5,4,coordinated_turn_model_mismatch,900,1000,0,,,61.0,6.1000000000000005,0.45,0.55,0.0,0.09407806840094242,0.3546978989319072,1.2859042244900953,2.6001275909381776
10,70,0.99,0.5,0.95,0.5,5,5,process_noise_x_increased,1100,1300,0,,,31.0,3.1,0.98,0.02,0.0,0.01164663764885701,0.06738719770069859,0.9260833283415866,3.214403660315484
10,70,0.995,0.5,0.95,0.5,5,0,measurement_outliers,100,200,0,,,0.0,0.0,1.0,0.0,0.0,0.00247893232857862,0.0045648386112155555,0.7292536965911266,2.310281919216115
10,70,0.995,0.5,0.95,0.5,5,1,measurement_noise_x_increased,300,400,0,,,22.0,2.2,0.77,0.23,0.0,0.029938596644625594,0.1521774446251519,0.9620766476376946,2.4240048691044156
10,70,0.995,0.5,0.95,0.5,5,2,measurement_noise_xy_decreased,500,600,0,,,52.0,5.2,0.58,0.42,0.0,0.09878331345240716,0.4331912975763533,0.2677244135371565,0.6120661486076073
10,70,0.995,0.5,0.95,0.5,5,3,truncated_gaussian_measurement_noise,700,800,0,,,40.0,4.0,0.58,0.42,0.0,0.06800326890410266,0.24094987704508206,0.3241443154354219,0.8185391688571024
10,70,0.995,0.5,0.95,0.5,5,4,coordinated_turn_model_mismatch,900,1000,0,,,43.0,4.3,0.7,0.3,0.0,0.04668752260992746,0.2151935822635851,1.2859042244900953,2.6001275909381776
10,70,0.995,0.5,0.95,0.5,5,5,process_noise_x_increased,1100,1300,0,,,0.0,0.0,1.0,0.0,0.0,0.004913231951879717,0.03340263899664921,0.9260833283415866,3.214403660315484
5,25,0.95,0.5,0.95,0.5,6,0,measurement_outliers,100,200,0,,,21.0,2.1,0.08,0.92,0.0,0.2823710954416365,0.550637795484639,1.3779183740651098,3.7139472850629183
5,25,0.95,0.5,0.95,0.5,6,1,measurement_noise_x_increased,300,400,0,,,19.0,1.9000000000000001,0.23,0.77,0.0,0.204532991353897,0.48782462259571496,0.6933513550967955,1.6481114508124493
5,25,0.95,0.5,0.95,0.5,6,2,measurement_noise_xy_decreased,500,600,0,,,23.0,2.3000000000000003,0.01,0.99,0.0,0.5051624432619013,0.9097941927896807,0.2674094611115012,0.5646500492859998
5,25,0.95,0.5,0.95,0.5,6,3,truncated_gaussian_measurement_noise,700,800,0,,,21.0,2.1,0.07,0.93,0.0,0.4649923599724508,0.8230243873597551,0.3193240279030023,0.8978008733141041
5,25,0.95,0.5,0.95,0.5,6,4,coordinated_turn_model_mismatch,900,1000,1,42.0,4.2,35.0,3.5,0.06,0.36,0.58,0.7349984359341911,0.9996710257272067,1.9722948138353635,2.9307415039586684
5,25,0.95,0.5,0.95,0.5,6,5,process_noise_x_increased,1100,1300,0,,,38.0,3.8000000000000003,0.345,0.655,0.0,0.16571842803404097,0.8731765842950111,1.043766443387572,3.26515657949619
5,25,0.98,0.5,0.95,0.5,6,0,measurement_outliers,100,200,0,,,7.0,0.7000000000000001,0.13,0.87,0.0,0.21085278234812993,0.3926075582187017,1.3779183740651098,3.7139472850629183
5,25,0.98,0.5,0.95,0.5,6,1,measurement_noise_x_increased,300,400,0,,,6.0,0.6000000000000001,0.3,0.7,0.0,0.142238575998255,0.34356676806802494,0.6933513550967955,1.6481114508124493
5,25,0.98,0.5,0.95,0.5,6,2,measurement_noise_xy_decreased,500,600,0,,,23.0,2.3000000000000003,0.19,0.81,0.0,0.4503807257731285,0.8826359590248948,0.2674094611115012,0.5646500492859998
5,25,0.98,0.5,0.95,0.5,6,3,truncated_gaussian_measurement_noise,700,800,0,,,21.0,2.1,0.13,0.87,0.0,0.4004486326043973,0.7988342771442641,0.3193240279030023,0.8978008733141041
5,25,0.98,0.5,0.95,0.5,6,4,coordinated_turn_model_mismatch,900,1000,1,46.0,4.6000000000000005,35.0,3.5,0.09,0.37,0.54,0.6922326516257599,0.9999284855156796,1.9722948138353635,2.9307415039586684
5,25,0.98,0.5,0.95,0.5,6,5,process_noise_x_increased,1100,1300,0,,,36.0,3.6,0.475,0.525,0.0,0.11542553120297315,0.7803721679227124,1.043766443387572,3.26515657949619
5,25,0.99,0.5,0.95,0.5,6,0,measurement_outliers,100,200,0,,,7.0,0.7000000000000001,0.16,0.84,0.0,0.24236571721913192,0.5859411685721743,1.3779183740651098,3.7139472850629183
5,25,0.99,0.5,0.95,0.5,6,1,measurement_noise_x_increased,300,400,0,,,3.0,0.30000000000000004,0.27,0.73,0.0,0.12292086117309538,0.2813785289110097,0.6933513550967955,1.6481114508124493
5,25,0.99,0.5,0.95,0.5,6,2,measurement_noise_xy_decreased,500,600,0,,,19.0,1.9000000000000001,0.26,0.74,0.0,0.38271626554261606,0.8307996466677152,0.2674094611115012,0.5646500492859998
5,25,0.99,0.5,0.95,0.5,6,3,truncated_gaussian_measurement_noise,700,800,0,,,27.0,2.7,0.29,0.71,0.0,0.3770695354255816,0.7719089175563654,0.3193240279030023,0.8978008733141041
5,25,0.99,0.5,0.95,0.5,6,4,coordinated_turn_model_mismatch,900,1000,1,42.0,4.2,33.0,3.3000000000000003,0.18,0.24,0.58,0.7019786131310443,0.9999165169500395,1.9722948138353635,2.9307415039586684
5,25,0.99,0.5,0.95,0.5,6,5,process_noise_x_increased,1100,1300,0,,,35.0,3.5,0.63,0.365,0.005,0.09486050512209403,0.9555539026051151,1.043766443387572,3.26515657949619
5,25,0.995,0.5,0.95,0.5,6,0,measurement_outliers,100,200,0,,,18.0,1.8,0.09,0.91,0.0,0.24981717749031598,0.7133023044370389,1.3779183740651098,3.7139472850629183
5,25,0.995,0.5,0.95,0.5,6,1,measurement_noise_x_increased,300,400,0,,,4.0,0.4,0.37,0.63,0.0,0.07403325440365376,0.24422107726043962,0.6933513550967955,1.6481114508124493
5,25,0.995,0.5,0.95,0.5,6,2,measurement_noise_xy_decreased,500,600,0,,,19.0,1.9000000000000001,0.22,0.78,0.0,0.3546995851625021,0.7696112152869478,0.2674094611115012,0.5646500492859998
5,25,0.995,0.5,0.95,0.5,6,3,truncated_gaussian_measurement_noise,700,800,0,,,29.0,2.9000000000000004,0.24,0.76,0.0,0.29793009670478177,0.6995793609496977,0.3193240279030023,0.8978008733141041
5,25,0.995,0.5,0.95,0.5,6,4,coordinated_turn_model_mismatch,900,1000,1,42.0,4.2,34.0,3.4000000000000004,0.21,0.21,0.58,0.689723008562087,0.9999893087697332,1.9722948138353635,2.9307415039586684
5,25,0.995,0.5,0.95,0.5,6,5,process_noise_x_increased,1100,1300,0,,,37.0,3.7,0.63,0.37,0.0,0.09347351371156083,0.9443761159629811,1.043766443387572,3.26515657949619
5,35,0.95,0.5,0.95,0.5,6,0,measurement_outliers,100,200,0,,,7.0,0.7000000000000001,0.15,0.85,0.0,0.21017503551867442,0.40016678351197643,1.3779183740651098,3.7139472850629183
5,35,0.95,0.5,0.95,0.5,6,1,measurement_noise_x_increased,300,400,0,,,3.0,0.30000000000000004,0.33,0.67,0.0,0.14207229379193825,0.3796608628162459,0.6933513550967955,1.6481114508124493
5,35,0.95,0.5,0.95,0.5,6,2,measurement_noise_xy_decreased,500,600,0,,,19.0,1.9000000000000001,0.23,0.77,0.0,0.4566995026168823,0.8942236570788313,0.2674094611115012,0.5646500492859998
5,35,0.95,0.5,0.95,0.5,6,3,truncated_gaussian_measurement_noise,700,800,0,,,27.0,2.7,0.19,0.81,0.0,0.3987184063978798,0.8204884424868607,0.3193240279030023,0.8978008733141041
5,35,0.95,0.5,0.95,0.5,6,4,coordinated_turn_model_mismatch,900,1000,1,47.0,4.7,40.0,4.0,0.17,0.3,0.53,0.6817673666981091,0.9999579846726736,1.9722948138353635,2.9307415039586684
5,35,0.95,0.5,0.95,0.5,6,5,process_noise_x_increased,1100,1300,0,,,35.0,3.5,0.59,0.41,0.0,0.09387490695354156,0.7096926344492585,1.043766443387572,3.26515657949619
5,35,0.98,0.5,0.95,0.5,6,0,measurement_outliers,100,200,0,,,6.0,0.6000000000000001,0.19,0.81,0.0,0.15468279456519457,0.3391302487417898,1.3779183740651098,3.7139472850629183
5,35,0.98,0.5,0.95,0.5,6,1,measurement_noise_x_increased,300,400,0,,,3.0,0.30000000000000004,0.38,0.62,0.0,0.0929255691418753,0.271717632085872,0.6933513550967955,1.6481114508124493
5,35,0.98,0.5,0.95,0.5,6,2,measurement_noise_xy_decreased,500,600,0,,,19.0,1.9000000000000001,0.31,0.69,0.0,0.40285369136105226,0.8646597103769766,0.2674094611115012,0.5646500492859998
5,35,0.98,0.5,0.95,0.5,6,3,truncated_gaussian_measurement_noise,700,800,0,,,27.0,2.7,0.29,0.71,0.0,0.3451351795161702,0.7805543684895361,0.3193240279030023,0.8978008733141041
5,35,0.98,0.5,0.95,0.5,6,4,coordinated_turn_model_mismatch,900,1000,1,48.0,4.800000000000001,41.0,4.1000000000000005,0.19,0.29,0.52,0.6684456081821878,0.9999500494035696,1.9722948138353635,2.9307415039586684
5,35,0.98,0.5,0.95,0.5,6,5,process_noise_x_increased,1100,1300,0,,,35.0,3.5,0.745,0.255,0.0,0.059869917921480956,0.5193339745902843,1.043766443387572,3.26515657949619
5,35,0.99,0.5,0.95,0.5,6,0,measurement_outliers,100,200,0,,,6.0,0.6000000000000001,0.15,0.85,0.0,0.15783929173850667,0.3106407725825422,1.3779183740651098,3.7139472850629183
5,35,0.99,0.5,0.95,0.5,6,1,measurement_noise_x_increased,300,400,0,,,2.0,0.2,0.38,0.62,0.0,0.06628631877078336,0.18759476538131914,0.6933513550967955,1.6481114508124493
5,35,0.99,0.5,0.95,0.5,6,2,measurement_noise_xy_decreased,500,600,0,,,22.0,2.2,0.36,0.64,0.0,0.33762041674003024,0.809390616148988,0.2674094611115012,0.5646500492859998
5,35,0.99,0.5,0.95,0.5,6,3,truncated_gaussian_measurement_noise,700,800,0,,,29.0,2.9000000000000004,0.38,0.62,0.0,0.32852962865379176,0.7524384459699553,0.3193240279030023,0.8978008733141041
5,35,0.99,0.5,0.95,0.5,6,4,coordinated_turn_model_mismatch,900,1000,1,45.0,4.5,37.0,3.7,0.24,0.21,0.55,0.6421429027936446,0.9999610956476193,1.9722948138353635,2.9307415039586684
5,35,0.99,0.5,0.95,0.5,6,5,process_noise_x_increased,1100,1300,0,,,34.0,3.4000000000000004,0.83,0.17,0.0,0.0414881807681608,0.5168528025504752,1.043766443387572,3.26515657949619
5,35,0.995,0.5,0.95,0.5,6,0,measurement_outliers,100,200,0,,,6.0,0.6000000000000001,0.15,0.85,0.0,0.11409593568140144,0.22859746244171347,1.3779183740651098,3.7139472850629183
5,35,0.995,0.5,0.95,0.5,6,1,measurement_noise_x_increased,300,400,0,,,4.0,0.4,0.39,0.61,0.0,0.061166053789486356,0.1699849695374609,0.6933513550967955,1.6481114508124493
5,35,0.995,0.5,0.95,0.5,6,2,measurement_noise_xy_decreased,500,600,0,,,24.0,2.4000000000000004,0.32,0.68,0.0,0.3360112121002159,0.8812399637545604,0.2674094611115012,0.5646500492859998
5,35,0.995,0.5,0.95,0.5,6,3,truncated_gaussian_measurement_noise,700,800,0,,,29.0,2.9000000000000004,0.39,0.61,0.0,0.3237183992050168,0.7111189518942346,0.3193240279030023,0.8978008733141041
5,35,0.995,0.5,0.95,0.5,6,4,coordinated_turn_model_mismatch,900,1000,1,43.0,4.3,39.0,3.9000000000000004,0.26,0.17,0.57,0.6410848031987978,0.9999896049876457,1.9722948138353635,2.9307415039586684
5,35,0.995,0.5,0.95,0.5,6,5,process_noise_x_increased,1100,1300,0,,,33.0,3.3000000000000003,0.79,0.21,0.0,0.04318407339645008,0.884821961857367,1.043766443387572,3.26515657949619
5,50,0.95,0.5,0.95,0.5,6,0,measurement_outliers,100,200,0,,,6.0,0.6000000000000001,0.34,0.66,0.0,0.13655551521063927,0.43194682106417465,1.3779183740651098,3.7139472850629183
5,50,0.95,0.5,0.95,0.5,6,1,measurement_noise_x_increased,300,400,0,,,4.0,0.4,0.49,0.51,0.0,0.06724854926225907,0.19657249857615947,0.6933513550967955,1.6481114508124493
5,50,0.95,0.5,0.95,0.5,6,2,measurement_noise_xy_decreased,500,600,0,,,22.0,2.2,0.38,0.62,0.0,0.374262164473403,0.8695217006843898,0.2674094611115012,0.5646500492859998
5,50,0.95,0.5,0.95,0.5,6,3,truncated_gaussian_measurement_noise,700,800,0,,,29.0,2.9000000000000004,0.38,0.62,0.0,0.3146684857094824,0.7710440755075445,0.3193240279030023,0.8978008733141041
5,50,0.95,0.5,0.95,0.5,6,4,coordinated_turn_model_mismatch,900,1000,1,51.0,5.1000000000000005,47.0,4.7,0.27,0.24,0.49,0.5974606140429539,0.999870019942029,1.9722948138353635,2.9307415039586684
5,50,0.95,0.5,0.95,0.5,6,5,process_noise_x_increased,1100,1300,0,,,36.0,3.6,0.825,0.175,0.0,0.03099819126151162,0.3014527591201493,1.043766443387572,3.26515657949619
5,50,0.98,0.5,0.95,0.5,6,0,measurement_outliers,100,200,0,,,6.0,0.6000000000000001,0.43,0.57,0.0,0.09624639660323708,0.2892305688386256,1.3779183740651098,3.7139472850629183
5,50,0.98,0.5,0.95,0.5,6,1,measurement_noise_x_increased,300,400,0,,,3.0,0.30000000000000004,0.5,0.5,0.0,0.05386470777456041,0.16461873565905338,0.6933513550967955,1.6481114508124493
5,50,0.98,0.5,0.95,0.5,6,2,measurement_noise_xy_decreased,500,600,0,,,24.0,2.4000000000000004,0.41,0.59,0.0,0.32246478553575725,0.8152640862477395,0.2674094611115012,0.5646500492859998
5,50,0.98,0.5,0.95,0.5,6,3,truncated_gaussian_measurement_noise,700,800,0,,,30.0,3.0,0.43,0.57,0.0,0.26773846445638916,0.7224905473743432,0.3193240279030023,0.8978008733141041
5,50,0.98,0.5,0.95,0.5,6,4,coordinated_turn_model_mismatch,900,1000,1,58.0,5.800000000000001,50.0,5.0,0.3,0.27,0.43,0.573145262825001,0.9999240572264491,1.9722948138353635,2.9307415039586684
5,50,0.98,0.5,0.95,0.5,6,5,process_noise_x_increased,1100,1300,0,,,36.0,3.6,0.925,0.075,0.0,0.017364631051619506,0.270892036836108,1.043766443387572,3.26515657949619
5,50,0.99,0.5,0.95,0.5,6,0,measurement_outliers,100,200,0,,,6.0,0.6000000000000001,0.43,0.57,0.0,0.11165134960433709,0.3894364675441643,1.3779183740651098,3.7139472850629183
5,50,0.99,0.5,0.95,0.5,6,1,measurement_noise_x_increased,300,400,0,,,2.0,0.2,0.75,0.25,0.0,0.027364449840545726,0.07745373112551779,0.6933513550967955,1.6481114508124493
5,50,0.99,0.5,0.95,0.5,6,2,measurement_noise_xy_decreased,500,600,0,,,25.0,2.5,0.47,0.53,0.0,0.30430986685821904,0.7562650735234047,0.2674094611115012,0.5646500492859998
5,50,0.99,0.5,0.95,0.5,6,3,truncated_gaussian_measurement_noise,700,800,0,,,30.0,3.0,0.47,0.53,0.0,0.24771452753553394,0.6807469828780721,0.3193240279030023,0.8978008733141041
5,50,0.99,0.5,0.95,0.5,6,4,coordinated_turn_model_mismatch,900,1000,1,54.0,5.4,49.0,4.9,0.33,0.21,0.46,0.5706946396303555,0.9999256525692779,1.9722948138353635,2.9307415039586684
5,50,0.99,0.5,0.95,0.5,6,5,process_noise_x_increased,1100,1300,0,,,33.0,3.3000000000000003,0.95,0.05,0.0,0.010786880746898327,0.1892722899189371,1.043766443387572,3.26515657949619
5,50,0.995,0.5,0.95,0.5,6,0,measurement_outliers,100,200,0,,,6.0,0.6000000000000001,0.3,0.7,0.0,0.0730953832210203,0.1968100657087915,1.3779183740651098,3.7139472850629183
5,50,0.995,0.5,0.95,0.5,6,1,measurement_noise_x_increased,300,400,0,,,2.0,0.2,0.47,0.53,0.0,0.06664199522016659,0.22836820699823812,0.6933513550967955,1.6481114508124493
5,50,0.995,0.5,0.95,0.5,6,2,measurement_noise_xy_decreased,500,600,0,,,26.0,2.6,0.44,0.56,0.0,0.30307102945760844,0.7217151867694889,0.2674094611115012,0.5646500492859998
5,50,0.995,0.5,0.95,0.5,6,3,truncated_gaussian_measurement_noise,700,800,0,,,31.0,3.1,0.47,0.53,0.0,0.24322004151106952,0.6352782643054952,0.3193240279030023,0.8978008733141041
5,50,0.995,0.5,0.95,0.5,6,4,coordinated_turn_model_mismatch,900,1000,1,50.0,5.0,49.0,4.9,0.3,0.2,0.5,0.5622872963312012,0.9999436974099939,1.9722948138353635,2.9307415039586684
5,50,0.995,0.5,0.95,0.5,6,5,process_noise_x_increased,1100,1300,0,,,36.0,3.6,0.955,0.045,0.0,0.007336103283625801,0.15080288647022339,1.043766443387572,3.26515657949619
5,70,0.95,0.5,0.95,0.5,6,0,measurement_outliers,100,200,0,,,7.0,0.7000000000000001,0.52,0.48,0.0,0.06442896587871377,0.2564819032300727,1.3779183740651098,3.7139472850629183
5,70,0.95,0.5,0.95,0.5,6,1,measurement_noise_x_increased,300,400,0,,,3.0,0.30000000000000004,0.84,0.16,0.0,0.017258545878986637,0.07456868026689674,0.6933513550967955,1.6481114508124493
5,70,0.95,0.5,0.95,0.5,6,2,measurement_noise_xy_decreased,500,600,0,,,28.0,2.8000000000000003,0.53,0.47,0.0,0.2440653129823205,0.7473139405967839,0.2674094611115012,0.5646500492859998
5,70,0.95,0.5,0.95,0.5,6,3,truncated_gaussian_measurement_noise,700,800,0,,,32.0,3.2,0.53,0.47,0.0,0.20774035014238937,0.6729189657224963,0.3193240279030023,0.8978008733141041
5,70,0.95,0.5,0.95,0.5,6,4,coordinated_turn_model_mismatch,900,1000,1,73.0,7.300000000000001,62.0,6.2,0.39,0.34,0.27,0.46018763472034263,0.9992513950786595,1.9722948138353635,2.9307415039586684
5,70,0.95,0.5,0.95,0.5,6,5,process_noise_x_increased,1100,1300,0,,,24.0,2.4000000000000004,0.995,0.005,0.0,0.004016084171292736,0.0595020529406803,1.043766443387572,3.26515657949619
5,70,0.98,0.5,0.95,0.5,6,0,measurement_outliers,100,200,0,,,6.0,0.6000000000000001,0.62,0.38,0.0,0.04059531624361932,0.1799894464796286,1.3779183740651098,3.7139472850629183
5,70,0.98,0.5,0.95,0.5,6,1,measurement_noise_x_increased,300,400,0,,,0.0,0.0,1.0,0.0,0.0,0.008203175289648108,0.04121067753942461,0.6933513550967955,1.6481114508124493
5,70,0.98,0.5,0.95,0.5,6,2,measurement_noise_xy_decreased,500,600,0,,,28.0,2.8000000000000003,0.56,0.44,0.0,0.221846369381421,0.703936561985774,0.2674094611115012,0.5646500492859998
5,70,0.98,0.5,0.95,0.5,6,3,truncated_gaussian_measurement_noise,700,800,0,,,37.0,3.7,0.57,0.43,0.0,0.1634576959042633,0.5994005577184791,0.3193240279030023,0.8978008733141041
5,70,0.98,0.5,0.95,0.5,6,4,coordinated_turn_model_mismatch,900,1000,1,77.0,7.7,62.0,6.2,0.42,0.35,0.23,0.4474027227745452,0.9991455414169416,1.9722948138353635,2.9307415039586684
5,70,0.98,0.5,0.95,0.5,6,5,process_noise_x_increased,1100,1300,0,,,0.0,0.0,1.0,0.0,0.0,0.001936016404132074,0.03148349268433046,1.043766443387572,3.26515657949619
5,70,0.99,0.5,0.95,0.5,6,0,measurement_outliers,100,200,0,,,6.0,0.6000000000000001,0.5,0.5,0.0,0.04316574694998303,0.14874742877818356,1.3779183740651098,3.7139472850629183
5,70,0.99,0.5,0.95,0.5,6,1,measurement_noise_x_increased,300,400,0,,,0.0,0.0,1.0,0.0,0.0,0.006531483337355612,0.025304085910982505,0.6933513550967955,1.6481114508124493
5,70,0.99,0.5,0.95,0.5,6,2,measurement_noise_xy_decreased,500,600,0,,,28.0,2.8000000000000003,0.61,0.39,0.0,0.1777032868068475,0.6175309641197118,0.2674094611115012,0.5646500492859998
5,70,0.99,0.5,0.95,0.5,6,3,truncated_gaussian_measurement_noise,700,800,0,,,37.0,3.7,0.59,0.41,0.0,0.1431809593877726,0.5370965464910946,0.3193240279030023,0.8978008733141041
5,70,0.99,0.5,0.95,0.5,6,4,coordinated_turn_model_mismatch,900,1000,1,76.0,7.6000000000000005,63.0,6.300000000000001,0.44,0.32,0.24,0.4520818434668134,0.9993347797871608,1.9722948138353635,2.9307415039586684
5,70,0.99,0.5,0.95,0.5,6,5,process_noise_x_increased,1100,1300,0,,,0.0,0.0,1.0,0.0,0.0,0.0008418926678231722,0.015109155356553754,1.043766443387572,3.26515657949619
5,70,0.995,0.5,0.95,0.5,6,0,measurement_outliers,100,200,0,,,5.0,0.5,0.63,0.37,0.0,0.03501503786209642,0.11878246645166733,1.3779183740651098,3.7139472850629183
5,70,0.995,0.5,0.95,0.5,6,1,measurement_noise_x_increased,300,400,0,,,0.0,0.0,1.0,0.0,0.0,0.002974372883456176,0.01342769064124699,0.6933513550967955,1.6481114508124493
5,70,0.995,0.5,0.95,0.5,6,2,measurement_noise_xy_decreased,500,600,0,,,28.0,2.8000000000000003,0.57,0.43,0.0,0.19478216528781112,0.5792007946739821,0.2674094611115012,0.5646500492859998
5,70,0.995,0.5,0.95,0.5,6,3,truncated_gaussian_measurement_noise,700,800,0,,,39.0,3.9000000000000004,0.59,0.41,0.0,0.16990789664444786,0.6288713954546519,0.3193240279030023,0.8978008733141041
5,70,0.995,0.5,0.95,0.5,6,4,coordinated_turn_model_mismatch,900,1000,1,72.0,7.2,64.0,6.4,0.44,0.28,0.28,0.46362634770760813,0.999583633817101,1.9722948138353635,2.9307415039586684
5,70,0.995,0.5,0.95,0.5,6,5,process_noise_x_increased,1100,1300,0,,,0.0,0.0,1.0,0.0,0.0,0.00030725921868820746,0.0055610602089579495,1.043766443387572,3.26515657949619
7,35,0.95,0.5,0.95,0.5,6,0,measurement_outliers,100,200,0,,,25.0,2.5,0.0,1.0,0.0,0.3115069642206851,0.5522875526590256,1.3779183740651098,3.7139472850629183
7,35,0.95,0.5,0.95,0.5,6,1,measurement_noise_x_increased,300,400,0,,,12.0,1.2000000000000002,0.15,0.85,0.0,0.17744993612212423,0.3604575798431773,0.6933513550967955,1.6481114508124493
7,35,0.95,0.5,0.95,0.5,6,2,measurement_noise_xy_decreased,500,600,0,,,26.0,2.6,0.13,0.87,0.0,0.46784071584751613,0.8199276689135929,0.2674094611115012,0.5646500492859998
7,35,0.95,0.5,0.95,0.5,6,3,truncated_gaussian_measurement_noise,700,800,0,,,32.0,3.2,0.07,0.93,0.0,0.43253082390483455,0.6868866261824116,0.3193240279030023,0.8978008733141041
7,35,0.95,0.5,0.95,0.5,6,4,coordinated_turn_model_mismatch,900,1000,1,47.0,4.7,41.0,4.1000000000000005,0.05,0.42,0.53,0.6993283055106723,0.9974098326351875,1.9722948138353635,2.9307415039586684
7,35,0.95,0.5,0.95,0.5,6,5,process_noise_x_increased,1100,1300,0,,,38.0,3.8000000000000003,0.315,0.685,0.0,0.1608471547788749,0.7664629592832032,1.043766443387572,3.26515657949619
7,35,0.98,0.5,0.95,0.5,6,0,measurement_outliers,100,200,0,,,22.0,2.2,0.07,0.93,0.0,0.2699698830188984,0.42813800854283074,1.3779183740651098,3.7139472850629183
7,35,0.98,0.5,0.95,0.5,6,1,measurement_noise_x_increased,300,400,0,,,12.0,1.2000000000000002,0.33,0.67,0.0,0.12527190230908675,0.25775878595557977,0.6933513550967955,1.6481114508124493
7,35,0.98,0.5,0.95,0.5,6,2,measurement_noise_xy_decreased,500,600,0,,,26.0,2.6,0.25,0.75,0.0,0.39584459802241134,0.7682153007371018,0.2674094611115012,0.5646500492859998
7,35,0.98,0.5,0.95,0.5,6,3,truncated_gaussian_measurement_noise,700,800,0,,,30.0,3.0,0.09,0.91,0.0,0.37460555606797596,0.6646892194592793,0.3193240279030023,0.8978008733141041
7,35,0.98,0.5,0.95,0.5,6,4,coordinated_turn_model_mismatch,900,1000,1,47.0,4.7,42.0,4.2,0.17,0.3,0.53,0.6656461179126635,0.9984517981307339,1.9722948138353635,2.9307415039586684
7,35,0.98,0.5,0.95,0.5,6,5,process_noise_x_increased,1100,1300,0,,,37.0,3.7,0.46,0.54,0.0,0.12490998374875044,0.6412883119950693,1.043766443387572,3.26515657949619
7,35,0.99,0.5,0.95,0.5,6,0,measurement_outliers,100,200,0,,,22.0,2.2,0.13,0.87,0.0,0.24103046173420373,0.3825738965891952,1.3779183740651098,3.7139472850629183
7,35,0.99,0.5,0.95,0.5,6,1,measurement_noise_x_increased,300,400,0,,,6.0,0.6000000000000001,0.32,0.68,0.0,0.08084400850292439,0.14976035365751783,0.6933513550967955,1.6481114508124493
7,35,0.99,0.5,0.95,0.5,6,2,measurement_noise_xy_decreased,500,600,0,,,26.0,2.6,0.31,0.69,0.0,0.3770336531238698,0.7425205375892243,0.2674094611115012,0.5646500492859998
7,35,0.99,0.5,0.95,0.5,6,3,truncated_gaussian_measurement_noise,700,800,0,,,32.0,3.2,0.24,0.76,0.0,0.32127897636429475,0.5981807494436859,0.3193240279030023,0.8978008733141041
7,35,0.99,0.5,0.95,0.5,6,4,coordinated_turn_model_mismatch,900,1000,1,47.0,4.7,44.0,4.4,0.19,0.28,0.53,0.638271295825555,0.9978036445551671,1.9722948138353635,2.9307415039586684
7,35,0.99,0.5,0.95,0.5,6,5,process_noise_x_increased,1100,1300,0,,,36.0,3.6,0.58,0.42,0.0,0.10354478199668904,0.5553470184660462,1.043766443387572,3.26515657949619
7,35,0.995,0.5,0.95,0.5,6,0,measurement_outliers,100,200,0,,,19.0,1.9000000000000001,0.14,0.86,0.0,0.2163398753388462,0.42906118617527556,1.3779183740651098,3.7139472850629183
7,35,0.995,0.5,0.95,0.5,6,1,measurement_noise_x_increased,300,400,0,,,6.0,0.6000000000000001,0.3,0.7,0.0,0.12711850908903252,0.332865858465072,0.6933513550967955,1.6481114508124493
7,35,0.995,0.5,0.95,0.5,6,2,measurement_noise_xy_decreased,500,600,0,,,25.0,2.5,0.34,0.66,0.0,0.38531822321803877,0.6956958500937551,0.2674094611115012,0.5646500492859998
7,35,0.995,0.5,0.95,0.5,6,3,truncated_gaussian_measurement_noise,700,800,0,,,34.0,3.4000000000000004,0.14,0.86,0.0,0.36692470052717846,0.6361193254934995,0.3193240279030023,0.8978008733141041
7,35,0.995,0.5,0.95,0.5,6,4,coordinated_turn_model_mismatch,900,1000,1,50.0,5.0,43.0,4.3,0.23,0.27,0.5,0.6558289804760118,0.9964607946875518,1.9722948138353635,2.9307415039586684
7,35,0.995,0.5,0.95,0.5,6,5,process_noise_x_increased,1100,1300,0,,,37.0,3.7,0.605,0.395,0.0,0.08692815534928888,0.36044105418123795,1.043766443387572,3.26515657949619
7,50,0.95,0.5,0.95,0.5,6,0,measurement_outliers,100,200,0,,,19.0,1.9000000000000001,0.21,0.79,0.0,0.21485767100318534,0.5187772168449302,1.3779183740651098,3.7139472850629183
7,50,0.95,0.5,0.95,0.5,6,1,measurement_noise_x_increased,300,400,0,,,12.0,1.2000000000000002,0.38,0.62,0.0,0.10389135018307921,0.25823643053112094,0.6933513550967955,1.6481114508124493
7,50,0.95,0.5,0.95,0.5,6,2,measurement_noise_xy_decreased,500,600,0,,,27.0,2.7,0.28,0.72,0.0,0.3925592393612301,0.7627411746647539,0.2674094611115012,0.5646500492859998
7,50,0.95,0.5,0.95,0.5,6,3,truncated_gaussian_measurement_noise,700,800,0,,,32.0,3.2,0.26,0.74,0.0,0.33738380801674284,0.6263271883286128,0.3193240279030023,0.8978008733141041
7,50,0.95,0.5,0.95,0.5,6,4,coordinated_turn_model_mismatch,900,1000,1,58.0,5.800000000000001,48.0,4.800000000000001,0.22,0.34,0.44,0.6219583916932743,0.9984159072144487,1.9722948138353635,2.9307415039586684
7,50,0.95,0.5,0.95,0.5,6,5,process_noise_x_increased,1100,1300,0,,,37.0,3.7,0.64,0.36,0.0,0.07235590921744406,0.26720404848676826,1.043766443387572,3.26515657949619
7,50,0.98,0.5,0.95,0.5,6,0,measurement_outliers,100,200,0,,,18.0,1.8,0.28,0.72,0.0,0.16977464407287496,0.33370530791383995,1.3779183740651098,3.7139472850629183
7,50,0.98,0.5,0.95,0.5,6,1,measurement_noise_x_increased,300,400,0,,,6.0,0.6000000000000001,0.39,0.61,0.0,0.0854133047824555,0.23729237921561994,0.6933513550967955,1.6481114508124493
7,50,0.98,0.5,0.95,0.5,6,2,measurement_noise_xy_decreased,500,600,0,,,27.0,2.7,0.34,0.66,0.0,0.3317242182888734,0.7041200934856772,0.2674094611115012,0.5646500492859998
7,50,0.98,0.5,0.95,0.5,6,3,truncated_gaussian_measurement_noise,700,800,0,,,32.0,3.2,0.28,0.72,0.0,0.3033311596727544,0.5896654123481543,0.3193240279030023,0.8978008733141041
7,50,0.98,0.5,0.95,0.5,6,4,coordinated_turn_model_mismatch,900,1000,1,60.0,6.0,48.0,4.800000000000001,0.22,0.38,0.4,0.5915192282795729,0.9983719821623814,1.9722948138353635,2.9307415039586684
7,50,0.98,0.5,0.95,0.5,6,5,process_noise_x_increased,1100,1300,0,,,36.0,3.6,0.685,0.315,0.0,0.05668253615567693,0.22746981432754546,1.043766443387572,3.26515657949619
7,50,0.99,0.5,0.95,0.5,6,0,measurement_outliers,100,200,0,,,16.0,1.6,0.28,0.72,0.0,0.15149796244964686,0.3062325419576131,1.3779183740651098,3.7139472850629183
7,50,0.99,0.5,0.95,0.5,6,1,measurement_noise_x_increased,300,400,0,,,4.0,0.4,0.4,0.6,0.0,0.06306359825740393,0.16237936793726473,0.6933513550967955,1.6481114508124493
7,50,0.99,0.5,0.95,0.5,6,2,measurement_noise_xy_decreased,500,600,0,,,27.0,2.7,0.4,0.6,0.0,0.32298719910731527,0.6652716888712992,0.2674094611115012,0.5646500492859998
7,50,0.99,0.5,0.95,0.5,6,3,truncated_gaussian_measurement_noise,700,800,0,,,39.0,3.9000000000000004,0.3,0.7,0.0,0.2905852349491534,0.6050822103034935,0.3193240279030023,0.8978008733141041
7,50,0.99,0.5,0.95,0.5,6,4,coordinated_turn_model_mismatch,900,1000,1,57.0,5.7,48.0,4.800000000000001,0.22,0.35,0.43,0.5771575934146171,0.9962667363119805,1.9722948138353635,2.9307415039586684
7,50,0.99,0.5,0.95,0.5,6,5,process_noise_x_increased,1100,1300,0,,,36.0,3.6,0.725,0.275,0.0,0.042309857837734804,0.19356402562087732,1.043766443387572,3.26515657949619
7,50,0.995,0.5,0.95,0.5,6,0,measurement_outliers,100,200,0,,,16.0,1.6,0.27,0.73,0.0,0.1968359862724574,0.556528462611978,1.3779183740651098,3.7139472850629183
7,50,0.995,0.5,0.95,0.5,6,1,measurement_noise_x_increased,300,400,0,,,4.0,0.4,0.41,0.59,0.0,0.06999856748964495,0.25146873659259433,0.6933513550967955,1.6481114508124493
7,50,0.995,0.5,0.95,0.5,6,2,measurement_noise_xy_decreased,500,600,0,,,27.0,2.7,0.37,0.63,0.0,0.3398107540839333,0.6742085891347328,0.2674094611115012,0.5646500492859998
7,50,0.995,0.5,0.95,0.5,6,3,truncated_gaussian_measurement_noise,700,800,0,,,39.0,3.9000000000000004,0.29,0.71,0.0,0.2754677546889371,0.6083928644601209,0.3193240279030023,0.8978008733141041
7,50,0.995,0.5,0.95,0.5,6,4,coordinated_turn_model_mismatch,900,1000,1,61.0,6.1000000000000005,46.0,4.6000000000000005,0.22,0.38,0.4,0.5716850358952399,0.9977306712185068,1.9722948138353635,2.9307415039586684
7,50,0.995,0.5,0.95,0.5,6,5,process_noise_x_increased,1100,1300,0,,,36.0,3.6,0.755,0.245,0.0,0.039626743598512856,0.34892399107120103,1.043766443387572,3.26515657949619
7,70,0.95,0.5,0.95,0.5,6,0,measurement_outliers,100,200,0,,,16.0,1.6,0.46,0.54,0.0,0.13486414738907299,0.45468084668769554,1.3779183740651098,3.7139472850629183
7,70,0.95,0.5,0.95,0.5,6,1,measurement_noise_x_increased,300,400,0,,,4.0,0.4,0.68,0.32,0.0,0.030524399987628823,0.1075459532013141,0.6933513550967955,1.6481114508124493
7,70,0.95,0.5,0.95,0.5,6,2,measurement_noise_xy_decreased,500,600,0,,,31.0,3.1,0.43,0.57,0.0,0.2704784986674898,0.6561316132356441,0.2674094611115012,0.5646500492859998
7,70,0.95,0.5,0.95,0.5,6,3,truncated_gaussian_measurement_noise,700,800,0,,,40.0,4.0,0.42,0.58,0.0,0.2076514409774896,0.5099080804134711,0.3193240279030023,0.8978008733141041
7,70,0.95,0.5,0.95,0.5,6,4,coordinated_turn_model_mismatch,900,1000,1,77.0,7.7,63.0,6.300000000000001,0.3,0.47,0.23,0.48601248638073075,0.9962510255742232,1.9722948138353635,2.9307415039586684
7,70,0.95,0.5,0.95,0.5,6,5,process_noise_x_increased,1100,1300,0,,,38.0,3.8000000000000003,0.855,0.145,0.0,0.02154265140644834,0.13619960922945185,1.043766443387572,3.26515657949619
7,70,0.98,0.5,0.95,0.5,6,0,measurement_outliers,100,200,0,,,13.0,1.3,0.46,0.54,0.0,0.10674403590566335,0.3438858053072115,1.3779183740651098,3.7139472850629183
7,70,0.98,0.5,0.95,0.5,6,1,measurement_noise_x_increased,300,400,0,,,3.0,0.30000000000000004,0.75,0.25,0.0,0.023911898686196555,0.09782514875641633,0.6933513550967955,1.6481114508124493
7,70,0.98,0.5,0.95,0.5,6,2,measurement_noise_xy_decreased,500,600,0,,,31.0,3.1,0.46,0.54,0.0,0.24875486131741092,0.652821581966355,0.2674094611115012,0.5646500492859998
7,70,0.98,0.5,0.95,0.5,6,3,truncated_gaussian_measurement_noise,700,800,0,,,39.0,3.9000000000000004,0.44,0.56,0.0,0.1855221954564799,0.4546323268567879,0.3193240279030023,0.8978008733141041
7,70,0.98,0.5,0.95,0.5,6,4,coordinated_turn_model_mismatch,900,1000,1,76.0,7.6000000000000005,64.0,6.4,0.34,0.42,0.24,0.46553171677026056,0.9953139964139207,1.9722948138353635,2.9307415039586684
7,70,0.98,0.5,0.95,0.5,6,5,process_noise_x_increased,1100,1300,0,,,0.0,0.0,0.88,0.12,0.0,0.01575453116365991,0.11169794346209334,1.043766443387572,3.26515657949619
7,70,0.99,0.5,0.95,0.5,6,0,measurement_outliers,100,200,0,,,12.0,1.2000000000000002,0.46,0.54,0.0,0.09609528118551278,0.31840146503138067,1.3779183740651098,3.7139472850629183
7,70,0.99,0.5,0.95,0.5,6,1,measurement_noise_x_increased,300,400,0,,,0.0,0.0,0.82,0.18,0.0,0.01791827178579722,0.08343830522824555,0.6933513550967955,1.6481114508124493
7,70,0.99,0.5,0.95,0.5,6,2,measurement_noise_xy_decreased,500,600,0,,,34.0,3.4000000000000004,0.48,0.52,0.0,0.25019628352162737,0.6874673148026791,0.2674094611115012,0.5646500492859998
7,70,0.99,0.5,0.95,0.5,6,3,truncated_gaussian_measurement_noise,700,800,0,,,39.0,3.9000000000000004,0.46,0.54,0.0,0.1548043101388007,0.4210959012374778,0.3193240279030023,0.8978008733141041
7,70,0.99,0.5,0.95,0.5,6,4,coordinated_turn_model_mismatch,900,1000,1,79.0,7.9,63.0,6.300000000000001,0.41,0.38,0.21,0.4583949762633992,0.994790510244968,1.9722948138353635,2.9307415039586684
7,70,0.99,0.5,0.95,0.5,6,5,process_noise_x_increased,1100,1300,0,,,0.0,0.0,0.98,0.02,0.0,0.008377446264807558,0.060580974208715506,1.043766443387572,3.26515657949619
7,70,0.995,0.5,0.95,0.5,6,0,measurement_outliers,100,200,0,,,13.0,1.3,0.48,0.52,0.0,0.11327916856616829,0.3922139949321146,1.3779183740651098,3.7139472850629183
7,70,0.995,0.5,0.95,0.5,6,1,measurement_noise_x_increased,300,400,0,,,0.0,0.0,0.81,0.19,0.0,0.021472571660868703,0.09069202634078005,0.6933513550967955,1.6481114508124493
7,70,0.995,0.5,0.95,0.5,6,2,measurement_noise_xy_decreased,500,600,0,,,34.0,3.4000000000000004,0.45,0.55,0.0,0.23440543863643698,0.6391372519371241,0.2674094611115012,0.5646500492859998
7,70,0.995,0.5,0.95,0.5,6,3,truncated_gaussian_measurement_noise,700,800,0,,,44.0,4.4,0.47,0.53,0.0,0.15825763630089024,0.4841171063333035,0.3193240279030023,0.8978008733141041
7,70,0.995,0.5,0.95,0.5,6,4,coordinated_turn_model_mismatch,900,1000,1,73.0,7.300000000000001,65.0,6.5,0.29,0.44,0.27,0.471330559934322,0.9944592169388315,1.9722948138353635,2.9307415039586684
7,70,0.995,0.5,0.95,0.5,6,5,process_noise_x_increased,1100,1300,0,,,0.0,0.0,0.925,0.075,0.0,0.009769872874975336,0.07577349699049599,1.043766443387572,3.26515657949619
10,50,0.95,0.5,0.95,0.5,6,0,measurement_outliers,100,200,0,,,29.0,2.9000000000000004,0.0,1.0,0.0,0.18163656016777208,0.3316591076421516,1.3779183740651098,3.7139472850629183
10,50,0.95,0.5,0.95,0.5,6,1,measurement_noise_x_increased,300,400,0,,,24.0,2.4000000000000004,0.29,0.71,0.0,0.1229994252636719,0.23935361057209148,0.6933513550967955,1.6481114508124493
10,50,0.95,0.5,0.95,0.5,6,2,measurement_noise_xy_decreased,500,600,0,,,49.0,4.9,0.01,0.99,0.0,0.36814970333361713,0.7249795833162977,0.2674094611115012,0.5646500492859998
10,50,0.95,0.5,0.95,0.5,6,3,truncated_gaussian_measurement_noise,700,800,0,,,43.0,4.3,0.03,0.97,0.0,0.35628933246436206,0.6583880472793725,0.3193240279030023,0.8978008733141041
10,50,0.95,0.5,0.95,0.5,6,4,coordinated_turn_model_mismatch,900,1000,1,88.0,8.8,62.0,6.2,0.01,0.87,0.12,0.554420836068467,0.9813556380303537,1.9722948138353635,2.9307415039586684
10,50,0.95,0.5,0.95,0.5,6,5,process_noise_x_increased,1100,1300,0,,,47.0,4.7,0.245,0.755,0.0,0.09709156163553334,0.33442550438526,1.043766443387572,3.26515657949619
10,50,0.98,0.5,0.95,0.5,6,0,measurement_outliers,100,200,0,,,23.0,2.3000000000000003,0.15,0.85,0.0,0.12574246255079985,0.2224896366909755,1.3779183740651098,3.7139472850629183
10,50,0.98,0.5,0.95,0.5,6,1,measurement_noise_x_increased,300,400,0,,,19.0,1.9000000000000001,0.39,0.61,0.0,0.07201661601550284,0.1434457678953548,0.6933513550967955,1.6481114508124493
10,50,0.98,0.5,0.95,0.5,6,2,measurement_noise_xy_decreased,500,600,0,,,34.0,3.4000000000000004,0.32,0.68,0.0,0.291930475780665,0.6326011478948945,0.2674094611115012,0.5646500492859998
10,50,0.98,0.5,0.95,0.5,6,3,truncated_gaussian_measurement_noise,700,800,0,,,42.0,4.2,0.13,0.87,0.0,0.28324523951477454,0.60003911671916,0.3193240279030023,0.8978008733141041
10,50,0.98,0.5,0.95,0.5,6,4,coordinated_turn_model_mismatch,900,1000,1,93.0,9.3,64.0,6.4,0.17,0.76,0.07,0.4826489223202097,0.968627016004668,1.9722948138353635,2.9307415039586684
10,50,0.98,0.5,0.95,0.5,6,5,process_noise_x_increased,1100,1300,0,,,46.0,4.6000000000000005,0.545,0.455,0.0,0.05802800507636232,0.21533881575577193,1.043766443387572,3.26515657949619
10,50,0.99,0.5,0.95,0.5,6,0,measurement_outliers,100,200,0,,,21.0,2.1,0.4,0.6,0.0,0.07751302753527425,0.15793188714971634,1.3779183740651098,3.7139472850629183
10,50,0.99,0.5,0.95,0.5,6,1,measurement_noise_x_increased,300,400,0,,,6.0,0.6000000000000001,0.52,0.48,0.0,0.037302699273913505,0.07626835373584996,0.6933513550967955,1.6481114508124493
10,50,0.99,0.5,0.95,0.5,6,2,measurement_noise_xy_decreased,500,600,0,,,34.0,3.4000000000000004,0.39,0.61,0.0,0.2108609363942112,0.49668244298419545,0.2674094611115012,0.5646500492859998
10,50,0.99,0.5,0.95,0.5,6,3,truncated_gaussian_measurement_noise,700,800,0,,,40.0,4.0,0.29,0.71,0.0,0.20997743711717604,0.5141253116875941,0.3193240279030023,0.8978008733141041
10,50,0.99,0.5,0.95,0.5,6,4,coordinated_turn_model_mismatch,900,1000,0,,,68.0,6.800000000000001,0.28,0.72,0.0,0.40054204482880906,0.9358039961121984,1.9722948138353635,2.9307415039586684
10,50,0.99,0.5,0.95,0.5,6,5,process_noise_x_increased,1100,1300,0,,,40.0,4.0,0.78,0.22,0.0,0.03210924043432936,0.13585382953284336,1.043766443387572,3.26515657949619
10,50,0.995,0.5,0.95,0.5,6,0,measurement_outliers,100,200,0,,,13.0,1.3,0.72,0.28,0.0,0.03706114389387542,0.0803056012041889,1.3779183740651098,3.7139472850629183
10,50,0.995,0.5,0.95,0.5,6,1,measurement_noise_x_increased,300,400,0,,,0.0,0.0,1.0,0.0,0.0,0.01447216071811246,0.031111758057971724,0.6933513550967955,1.6481114508124493
10,50,0.995,0.5,0.95,0.5,6,2,measurement_noise_xy_decreased,500,600,0,,,29.0,2.9000000000000004,0.5,0.5,0.0,0.11815697111479681,0.33818872284311624,0.2674094611115012,0.5646500492859998
10,50,0.995,0.5,0.95,0.5,6,3,truncated_gaussian_measurement_noise,700,800,0,,,40.0,4.0,0.4,0.6,0.0,0.13351582235807752,0.39166381081853857,0.3193240279030023,0.8978008733141041
10,50,0.995,0.5,0.95,0.5,6,4,coordinated_turn_model_mismatch,900,1000,0,,,70.0,7.0,0.39,0.61,0.0,0.287605195402709,0.8389013656606347,1.9722948138353635,2.9307415039586684
10,50,0.995,0.5,0.95,0.5,6,5,process_noise_x_increased,1100,1300,0,,,25.0,2.5,0.965,0.035,0.0,0.014626938409749135,0.07099542251708145,1.043766443387572,3.26515657949619
10,70,0.95,0.5,0.95,0.5,6,0,measurement_outliers,100,200,0,,,22.0,2.2,0.43,0.57,0.0,0.09531239342962382,0.2603339486749073,1.3779183740651098,3.7139472850629183
10,70,0.95,0.5,0.95,0.5,6,1,measurement_noise_x_increased,300,400,0,,,19.0,1.9000000000000001,0.52,0.48,0.0,0.04400814050058243,0.10087454441094768,0.6933513550967955,1.6481114508124493
10,70,0.95,0.5,0.95,0.5,6,2,measurement_noise_xy_decreased,500,600,0,,,37.0,3.7,0.4,0.6,0.0,0.2361230748958285,0.5914322248971476,0.2674094611115012,0.5646500492859998
10,70,0.95,0.5,0.95,0.5,6,3,truncated_gaussian_measurement_noise,700,800,0,,,44.0,4.4,0.3,0.7,0.0,0.22730210468244136,0.6027820215266382,0.3193240279030023,0.8978008733141041
10,70,0.95,0.5,0.95,0.5,6,4,coordinated_turn_model_mismatch,900,1000,1,95.0,9.5,72.0,7.2,0.22,0.73,0.05,0.4201104334020975,0.9681578317451308,1.9722948138353635,2.9307415039586684
10,70,0.95,0.5,0.95,0.5,6,5,process_noise_x_increased,1100,1300,0,,,52.0,5.2,0.75,0.25,0.0,0.03573161655153064,0.12620859551879937,1.043766443387572,3.26515657949619
10,70,0.98,0.5,0.95,0.5,6,0,measurement_outliers,100,200,0,,,20.0,2.0,0.57,0.43,0.0,0.06110829960562973,0.17660386578376244,1.3779183740651098,3.7139472850629183
10,70,0.98,0.5,0.95,0.5,6,1,measurement_noise_x_increased,300,400,0,,,6.0,0.6000000000000001,0.89,0.11,0.0,0.023263698963692424,0.0676454162998869,0.6933513550967955,1.6481114508124493
10,70,0.98,0.5,0.95,0.5,6,2,measurement_noise_xy_decreased,500,600,0,,,37.0,3.7,0.45,0.55,0.0,0.17401593067871537,0.49664166495276624,0.2674094611115012,0.5646500492859998
10,70,0.98,0.5,0.95,0.5,6,3,truncated_gaussian_measurement_noise,700,800,0,,,45.0,4.5,0.42,0.58,0.0,0.1701320378274318,0.5313074182359777,0.3193240279030023,0.8978008733141041
10,70,0.98,0.5,0.95,0.5,6,4,coordinated_turn_model_mismatch,900,1000,0,,,73.0,7.300000000000001,0.32,0.68,0.0,0.35583693043640574,0.9336683675505364,1.9722948138353635,2.9307415039586684
10,70,0.98,0.5,0.95,0.5,6,5,process_noise_x_increased,1100,1300,0,,,26.0,2.6,0.91,0.09,0.0,0.021235196878287406,0.08126685621441171,1.043766443387572,3.26515657949619
10,70,0.99,0.5,0.95,0.5,6,0,measurement_outliers,100,200,0,,,14.0,1.4000000000000001,0.71,0.29,0.0,0.035145371401063885,0.10102236533371682,1.3779183740651098,3.7139472850629183
10,70,0.99,0.5,0.95,0.5,6,1,measurement_noise_x_increased,300,400,0,,,0.0,0.0,1.0,0.0,0.0,0.010953060450522134,0.03726912210493523,0.6933513550967955,1.6481114508124493
10,70,0.99,0.5,0.95,0.5,6,2,measurement_noise_xy_decreased,500,600,0,,,37.0,3.7,0.53,0.47,0.0,0.11408030682248337,0.3791396787813342,0.2674094611115012,0.5646500492859998
10,70,0.99,0.5,0.95,0.5,6,3,truncated_gaussian_measurement_noise,700,800,0,,,45.0,4.5,0.45,0.55,0.0,0.11860407366297623,0.4267979253857048,0.3193240279030023,0.8978008733141041
10,70,0.99,0.5,0.95,0.5,6,4,coordinated_turn_model_mismatch,900,1000,0,,,74.0,7.4,0.42,0.58,0.0,0.28253299536380627,0.8618538012104254,1.9722948138353635,2.9307415039586684
10,70,0.99,0.5,0.95,0.5,6,5,process_noise_x_increased,1100,1300,0,,,2.0,0.2,1.0,0.0,0.0,0.011709217027643926,0.04996210816975767,1.043766443387572,3.26515657949619
10,70,0.995,0.5,0.95,0.5,6,0,measurement_outliers,100,200,0,,,0.0,0.0,1.0,0.0,0.0,0.016066195758993106,0.04406386181666389,1.3779183740651098,3.7139472850629183
10,70,0.995,0.5,0.95,0.5,6,1,measurement_noise_x_increased,300,400,0,,,0.0,0.0,1.0,0.0,0.0,0.0039022183959798347,0.014802001350160993,0.6933513550967955,1.6481114508124493
10,70,0.995,0.5,0.95,0.5,6,2,measurement_noise_xy_decreased,500,600,0,,,34.0,3.4000000000000004,0.63,0.37,0.0,0.05511739875276504,0.22034849518093158,0.2674094611115012,0.5646500492859998
10,70,0.995,0.5,0.95,0.5,6,3,truncated_gaussian_measurement_noise,700,800,0,,,42.0,4.2,0.59,0.41,0.0,0.07092334863141848,0.2893408339790121,0.3193240279030023,0.8978008733141041
10,70,0.995,0.5,0.95,0.5,6,4,coordinated_turn_model_mismatch,900,1000,0,,,74.0,7.4,0.5,0.5,0.0,0.18595946776590724,0.7008246040414836,1.9722948138353635,2.9307415039586684
10,70,0.995,0.5,0.95,0.5,6,5,process_noise_x_increased,1100,1300,0,,,0.0,0.0,1.0,0.0,0.0,0.005240537107914817,0.025048031900503417,1.043766443387572,3.26515657949619
5,25,0.95,0.5,0.95,0.5,7,0,measurement_outliers,100,200,0,,,18.0,1.8,0.0,1.0,0.0,0.2945887739547135,0.5980781253855528,1.6647137896583972,5.404475443209696
5,25,0.95,0.5,0.95,0.5,7,1,measurement_noise_x_increased,300,400,0,,,9.0,0.9,0.19,0.81,0.0,0.24418572866586236,0.6499323437767278,0.7793517321810798,2.199405575830043
5,25,0.95,0.5,0.95,0.5,7,2,measurement_noise_xy_decreased,500,600,0,,,23.0,2.3000000000000003,0.13,0.87,0.0,0.6145793715023091,0.9445001589386341,0.36100317508414237,0.6920250980606607
5,25,0.95,0.5,0.95,0.5,7,3,truncated_gaussian_measurement_noise,700,800,0,,,21.0,2.1,0.08,0.92,0.0,0.5864286322050282,0.9016634550964355,0.2728423862361261,0.5809949841825532
5,25,0.95,0.5,0.95,0.5,7,4,coordinated_turn_model_mismatch,900,1000,1,35.0,3.5,38.0,3.8000000000000003,0.16,0.19,0.65,0.7334953874340837,0.9999979849242587,2.0877917828298163,3.145317541439842
5,25,0.95,0.5,0.95,0.5,7,5,process_noise_x_increased,1100,1300,1,163.0,16.3,18.0,1.8,0.15,0.785,0.065,0.3708515723004695,0.9936684115586936,1.0984638520334562,2.540912773672469
5,25,0.98,0.5,0.95,0.5,7,0,measurement_outliers,100,200,0,,,16.0,1.6,0.01,0.99,0.0,0.22960986478085207,0.539015538327832,1.6647137896583972,5.404475443209696
5,25,0.98,0.5,0.95,0.5,7,1,measurement_noise_x_increased,300,400,0,,,9.0,0.9,0.31,0.69,0.0,0.18664110388338723,0.5503493982201528,0.7793517321810798,2.199405575830043
5,25,0.98,0.5,0.95,0.5,7,2,measurement_noise_xy_decreased,500,600,0,,,29.0,2.9000000000000004,0.17,0.83,0.0,0.542233868280275,0.9413478407765428,0.36100317508414237,0.6920250980606607
5,25,0.98,0.5,0.95,0.5,7,3,truncated_gaussian_measurement_noise,700,800,0,,,21.0,2.1,0.11,0.89,0.0,0.5455131249768941,0.8995152114400343,0.2728423862361261,0.5809949841825532
5,25,0.98,0.5,0.95,0.5,7,4,coordinated_turn_model_mismatch,900,1000,1,39.0,3.9000000000000004,40.0,4.0,0.2,0.19,0.61,0.7158929451786851,0.9999998836903188,2.0877917828298163,3.145317541439842
5,25,0.98,0.5,0.95,0.5,7,5,process_noise_x_increased,1100,1300,1,162.0,16.2,17.0,1.7000000000000002,0.175,0.755,0.07,0.34773072454555587,0.9920381346871915,1.0984638520334562,2.540912773672469
5,25,0.99,0.5,0.95,0.5,7,0,measurement_outliers,100,200,0,,,15.0,1.5,0.26,0.74,0.0,0.19402245299526613,0.5358230190426612,1.6647137896583972,5.404475443209696
5,25,0.99,0.5,0.95,0.5,7,1,measurement_noise_x_increased,300,400,0,,,8.0,0.8,0.39,0.61,0.0,0.18502478335604963,0.5426442131022934,0.7793517321810798,2.199405575830043
5,25,0.99,0.5,0.95,0.5,7,2,measurement_noise_xy_decreased,500,600,0,,,29.0,2.9000000000000004,0.21,0.79,0.0,0.5432760364383773,0.9422496176397769,0.36100317508414237,0.6920250980606607
5,25,0.99,0.5,0.95,0.5,7,3,truncated_gaussian_measurement_noise,700,800,0,,,21.0,2.1,0.2,0.8,0.0,0.5590095405129405,0.8954926253210966,0.2728423862361261,0.5809949841825532
5,25,0.99,0.5,0.95,0.5,7,4,coordinated_turn_model_mismatch,900,1000,1,35.0,3.5,37.0,3.7,0.22,0.13,0.65,0.7010971961848773,0.9999997205870714,2.0877917828298163,3.145317541439842
5,25,0.99,0.5,0.95,0.5,7,5,process_noise_x_increased,1100,1300,0,,,14.0,1.4000000000000001,0.215,0.775,0.01,0.34898064735480405,0.962173506257717,1.0984638520334562,2.540912773672469
5,25,0.995,0.5,0.95,0.5,7,0,measurement_outliers,100,200,0,,,24.0,2.4000000000000004,0.43,0.57,0.0,0.16292575549260488,0.4468934281733392,1.6647137896583972,5.404475443209696
5,25,0.995,0.5,0.95,0.5,7,1,measurement_noise_x_increased,300,400,0,,,8.0,0.8,0.39,0.61,0.0,0.2036300782353739,0.6376881906498252,0.7793517321810798,2.199405575830043
5,25,0.995,0.5,0.95,0.5,7,2,measurement_noise_xy_decreased,500,600,0,,,22.0,2.2,0.2,0.8,0.0,0.4696332285683716,0.9189427471920799,0.36100317508414237,0.6920250980606607
5,25,0.995,0.5,0.95,0.5,7,3,truncated_gaussian_measurement_noise,700,800,0,,,21.0,2.1,0.23,0.77,0.0,0.5183906361550871,0.8702159420212618,0.2728423862361261,0.5809949841825532
5,25,0.995,0.5,0.95,0.5,7,4,coordinated_turn_model_mismatch,900,1000,1,32.0,3.2,39.0,3.9000000000000004,0.21,0.11,0.68,0.7298235804705087,0.9999999925583183,2.0877917828298163,3.145317541439842
5,25,0.995,0.5,0.95,0.5,7,5,process_noise_x_increased,1100,1300,1,165.0,16.5,14.0,1.4000000000000001,0.285,0.635,0.08,0.3443931765779713,0.9985486705395997,1.0984638520334562,2.540912773672469
5,35,0.95,0.5,0.95,0.5,7,0,measurement_outliers,100,200,0,,,17.0,1.7000000000000002,0.06,0.94,0.0,0.21066403076921822,0.4748117372466299,1.6647137896583972,5.404475443209696
5,35,0.95,0.5,0.95,0.5,7,1,measurement_noise_x_increased,300,400,0,,,9.0,0.9,0.37,0.63,0.0,0.1823753493702402,0.6189508531124096,0.7793517321810798,2.199405575830043
5,35,0.95,0.5,0.95,0.5,7,2,measurement_noise_xy_decreased,500,600,0,,,34.0,3.4000000000000004,0.21,0.76,0.03,0.5384338232857308,0.9570464873695386,0.36100317508414237,0.6920250980606607
5,35,0.95,0.5,0.95,0.5,7,3,truncated_gaussian_measurement_noise,700,800,0,,,21.0,2.1,0.18,0.82,0.0,0.5494025058457148,0.9135657098753314,0.2728423862361261,0.5809949841825532
5,35,0.95,0.5,0.95,0.5,7,4,coordinated_turn_model_mismatch,900,1000,1,42.0,4.2,42.0,4.2,0.21,0.21,0.58,0.6752899673107674,0.9999996649694957,2.0877917828298163,3.145317541439842
5,35,0.95,0.5,0.95,0.5,7,5,process_noise_x_increased,1100,1300,0,,,15.0,1.5,0.28,0.715,0.005,0.31575498250316353,0.953996766126273,1.0984638520334562,2.540912773672469
5,35,0.98,0.5,0.95,0.5,7,0,measurement_outliers,100,200,0,,,15.0,1.5,0.27,0.73,0.0,0.16737956478079316,0.43567657432547086,1.6647137896583972,5.404475443209696
5,35,0.98,0.5,0.95,0.5,7,1,measurement_noise_x_increased,300,400,0,,,9.0,0.9,0.41,0.59,0.0,0.1365391001046374,0.4512981959088865,0.7793517321810798,2.199405575830043
5,35,0.98,0.5,0.95,0.5,7,2,measurement_noise_xy_decreased,500,600,0,,,35.0,3.5,0.23,0.77,0.0,0.47344303875487076,0.9463056923439035,0.36100317508414237,0.6920250980606607
5,35,0.98,0.5,0.95,0.5,7,3,truncated_gaussian_measurement_noise,700,800,0,,,18.0,1.8,0.21,0.79,0.0,0.5074518045789634,0.9046896375448656,0.2728423862361261,0.5809949841825532
5,35,0.98,0.5,0.95,0.5,7,4,coordinated_turn_model_mismatch,900,1000,1,41.0,4.1000000000000005,46.0,4.6000000000000005,0.24,0.17,0.59,0.6600404421745868,0.9999999980017859,2.0877917828298163,3.145317541439842
5,35,0.98,0.5,0.95,0.5,7,5,process_noise_x_increased,1100,1300,1,171.0,17.1,15.0,1.5,0.315,0.67,0.015,0.29344664739225196,0.969567994986601,1.0984638520334562,2.540912773672469
5,35,0.99,0.5,0.95,0.5,7,0,measurement_outliers,100,200,0,,,11.0,1.1,0.33,0.67,0.0,0.13222934955991028,0.3629102944100956,1.6647137896583972,5.404475443209696
5,35,0.99,0.5,0.95,0.5,7,1,measurement_noise_x_increased,300,400,0,,,8.0,0.8,0.46,0.54,0.0,0.12435231446986576,0.4827406610552135,0.7793517321810798,2.199405575830043
5,35,0.99,0.5,0.95,0.5,7,2,measurement_noise_xy_decreased,500,600,0,,,37.0,3.7,0.26,0.74,0.0,0.46633141619597995,0.9352530587150978,0.36100317508414237,0.6920250980606607
5,35,0.99,0.5,0.95,0.5,7,3,truncated_gaussian_measurement_noise,700,800,0,,,18.0,1.8,0.23,0.77,0.0,0.45873590793680175,0.88908177453195,0.2728423862361261,0.5809949841825532
5,35,0.99,0.5,0.95,0.5,7,4,coordinated_turn_model_mismatch,900,1000,1,39.0,3.9000000000000004,40.0,4.0,0.28,0.11,0.61,0.6573719780083743,0.9999999994117263,2.0877917828298163,3.145317541439842
5,35,0.99,0.5,0.95,0.5,7,5,process_noise_x_increased,1100,1300,0,,,8.0,0.8,0.34,0.66,0.0,0.29364607657550296,0.9481181580131115,1.0984638520334562,2.540912773672469
5,35,0.995,0.5,0.95,0.5,7,0,measurement_outliers,100,200,0,,,10.0,1.0,0.48,0.52,0.0,0.08183293584423462,0.273069243330381,1.6647137896583972,5.404475443209696
5,35,0.995,0.5,0.95,0.5,7,1,measurement_noise_x_increased,300,400,0,,,8.0,0.8,0.46,0.54,0.0,0.14641085622490688,0.5651340472278034,0.7793517321810798,2.199405575830043
5,35,0.995,0.5,0.95,0.5,7,2,measurement_noise_xy_decreased,500,600,0,,,37.0,3.7,0.28,0.72,0.0,0.3975009982921803,0.9132134952268222,0.36100317508414237,0.6920250980606607
5,35,0.995,0.5,0.95,0.5,7,3,truncated_gaussian_measurement_noise,700,800,0,,,21.0,2.1,0.31,0.69,0.0,0.46828423405625536,0.8774829951210305,0.2728423862361261,0.5809949841825532
5,35,0.995,0.5,0.95,0.5,7,4,coordinated_turn_model_mismatch,900,1000,1,39.0,3.9000000000000004,42.0,4.2,0.25,0.14,0.61,0.6671914617414662,0.9999999953987236,2.0877917828298163,3.145317541439842
5,35,0.995,0.5,0.95,0.5,7,5,process_noise_x_increased,1100,1300,1,167.0,16.7,8.0,0.8,0.34,0.605,0.055,0.3435024370372712,0.9835709928047708,1.0984638520334562,2.540912773672469
5,50,0.95,0.5,0.95,0.5,7,0,measurement_outliers,100,200,0,,,11.0,1.1,0.3,0.7,0.0,0.1410629274146646,0.4276932067664628,1.6647137896583972,5.404475443209696
5,50,0.95,0.5,0.95,0.5,7,1,measurement_noise_x_increased,300,400,0,,,8.0,0.8,0.49,0.51,0.0,0.11174386634189021,0.4272292084899314,0.7793517321810798,2.199405575830043
5,50,0.95,0.5,0.95,0.5,7,2,measurement_noise_xy_decreased,500,600,0,,,37.0,3.7,0.33,0.64,0.03,0.42275242085767095,0.9569958413756007,0.36100317508414237,0.6920250980606607
5,50,0.95,0.5,0.95,0.5,7,3,truncated_gaussian_measurement_noise,700,800,0,,,19.0,1.9000000000000001,0.27,0.73,0.0,0.4815273285274515,0.9167143738606511,0.2728423862361261,0.5809949841825532
5,50,0.95,0.5,0.95,0.5,7,4,coordinated_turn_model_mismatch,900,1000,1,52.0,5.2,51.0,5.1000000000000005,0.29,0.23,0.48,0.5890284697029635,0.9999999618734288,2.0877917828298163,3.145317541439842
5,50,0.95,0.5,0.95,0.5,7,5,process_noise_x_increased,1100,1300,0,,,15.0,1.5,0.45,0.55,0.0,0.21389080193552018,0.7235690365488345,1.0984638520334562,2.540912773672469
5,50,0.98,0.5,0.95,0.5,7,0,measurement_outliers,100,200,0,,,11.0,1.1,0.42,0.58,0.0,0.110420733271766,0.3503534125637397,1.6647137896583972,5.404475443209696
5,50,0.98,0.5,0.95,0.5,7,1,measurement_noise_x_increased,300,400,0,,,8.0,0.8,0.57,0.43,0.0,0.0789736795275153,0.30647228497707163,0.7793517321810798,2.199405575830043
5,50,0.98,0.5,0.95,0.5,7,2,measurement_noise_xy_decreased,500,600,0,,,41.0,4.1000000000000005,0.39,0.61,0.0,0.3697350788835074,0.9430955587714132,0.36100317508414237,0.6920250980606607
5,50,0.98,0.5,0.95,0.5,7,3,truncated_gaussian_measurement_noise,700,800,0,,,20.0,2.0,0.31,0.69,0.0,0.46494310441775893,0.9129036484266841,0.2728423862361261,0.5809949841825532
5,50,0.98,0.5,0.95,0.5,7,4,coordinated_turn_model_mismatch,900,1000,1,51.0,5.1000000000000005,54.0,5.4,0.32,0.19,0.49,0.5633474261135631,0.9999999807070452,2.0877917828298163,3.145317541439842
5,50,0.98,0.5,0.95,0.5,7,5,process_noise_x_increased,1100,1300,0,,,15.0,1.5,0.435,0.565,0.0,0.1862509901254129,0.6748742800683287,1.0984638520334562,2.540912773672469
5,50,0.99,0.5,0.95,0.5,7,0,measurement_outliers,100,200,0,,,10.0,1.0,0.47,0.53,0.0,0.0783347961020239,0.2610973286933128,1.6647137896583972,5.404475443209696
5,50,0.99,0.5,0.95,0.5,7,1,measurement_noise_x_increased,300,400,0,,,7.0,0.7000000000000001,0.59,0.41,0.0,0.048970816186073705,0.19010879073779635,0.7793517321810798,2.199405575830043
5,50,0.99,0.5,0.95,0.5,7,2,measurement_noise_xy_decreased,500,600,0,,,42.0,4.2,0.41,0.59,0.0,0.3585634590911582,0.9225983462628593,0.36100317508414237,0.6920250980606607
5,50,0.99,0.5,0.95,0.5,7,3,truncated_gaussian_measurement_noise,700,800,0,,,24.0,2.4000000000000004,0.36,0.64,0.0,0.4339270072862804,0.8987531163470668,0.2728423862361261,0.5809949841825532
5,50,0.99,0.5,0.95,0.5,7,4,coordinated_turn_model_mismatch,900,1000,1,50.0,5.0,46.0,4.6000000000000005,0.35,0.15,0.5,0.5689534052522917,0.9999999751279363,2.0877917828298163,3.145317541439842
5,50,0.99,0.5,0.95,0.5,7,5,process_noise_x_increased,1100,1300,0,,,13.0,1.3,0.465,0.535,0.0,0.15660755310757718,0.6029148302702669,1.0984638520334562,2.540912773672469
5,50,0.995,0.5,0.95,0.5,7,0,measurement_outliers,100,200,0,,,9.0,0.9,0.61,0.39,0.0,0.04306745708831494,0.1498427489253371,1.6647137896583972,5.404475443209696
5,50,0.995,0.5,0.95,0.5,7,1,measurement_noise_x_increased,300,400,0,,,9.0,0.9,0.6,0.4,0.0,0.08073336115041904,0.38683301683688237,0.7793517321810798,2.199405575830043
5,50,0.995,0.5,0.95,0.5,7,2,measurement_noise_xy_decreased,500,600,0,,,43.0,4.3,0.43,0.57,0.0,0.3602008174535802,0.8883206355106152,0.36100317508414237,0.6920250980606607
5,50,0.995,0.5,0.95,0.5,7,3,truncated_gaussian_measurement_noise,700,800,0,,,25.0,2.5,0.4,0.6,0.0,0.42443411995655106,0.8801355799759503,0.2728423862361261,0.5809949841825532
5,50,0.995,0.5,0.95,0.5,7,4,coordinated_turn_model_mismatch,900,1000,1,50.0,5.0,51.0,5.1000000000000005,0.34,0.16,0.5,0.5751858442711373,0.9999999940234905,2.0877917828298163,3.145317541439842
5,50,0.995,0.5,0.95,0.5,7,5,process_noise_x_increased,1100,1300,0,,,12.0,1.2000000000000002,0.47,0.53,0.0,0.20323217042976033,0.7547634419754513,1.0984638520334562,2.540912773672469
5,70,0.95,0.5,0.95,0.5,7,0,measurement_outliers,100,200,0,,,15.0,1.5,0.47,0.53,0.0,0.07431564362346152,0.23285250099037666,1.6647137896583972,5.404475443209696
5,70,0.95,0.5,0.95,0.5,7,1,measurement_noise_x_increased,300,400,0,,,9.0,0.9,0.72,0.28,0.0,0.04241996552808486,0.2167489186693223,0.7793517321810798,2.199405575830043
5,70,0.95,0.5,0.95,0.5,7,2,measurement_noise_xy_decreased,500,600,0,,,45.0,4.5,0.48,0.52,0.0,0.28466509854316124,0.893090633457502,0.36100317508414237,0.6920250980606607
5,70,0.95,0.5,0.95,0.5,7,3,truncated_gaussian_measurement_noise,700,800,0,,,28.0,2.8000000000000003,0.4,0.6,0.0,0.36620605745587026,0.9090242006954012,0.2728423862361261,0.5809949841825532
5,70,0.95,0.5,0.95,0.5,7,4,coordinated_turn_model_mismatch,900,1000,1,66.0,6.6000000000000005,62.0,6.2,0.37,0.29,0.34,0.4725219600310707,0.9999998986776377,2.0877917828298163,3.145317541439842
5,70,0.95,0.5,0.95,0.5,7,5,process_noise_x_increased,1100,1300,0,,,23.0,2.3000000000000003,0.575,0.425,0.0,0.07112317206180284,0.3633536190107754,1.0984638520334562,2.540912773672469
5,70,0.98,0.5,0.95,0.5,7,0,measurement_outliers,100,200,0,,,11.0,1.1,0.58,0.42,0.0,0.05277446233831655,0.175385576571116,1.6647137896583972,5.404475443209696
5,70,0.98,0.5,0.95,0.5,7,1,measurement_noise_x_increased,300,400,0,,,8.0,0.8,0.78,0.22,0.0,0.025936212492864496,0.14938936619741594,0.7793517321810798,2.199405575830043
5,70,0.98,0.5,0.95,0.5,7,2,measurement_noise_xy_decreased,500,600,0,,,47.0,4.7,0.51,0.49,0.0,0.2653279493685686,0.8784914827849452,0.36100317508414237,0.6920250980606607
5,70,0.98,0.5,0.95,0.5,7,3,truncated_gaussian_measurement_noise,700,800,0,,,33.0,3.3000000000000003,0.43,0.57,0.0,0.3399499350585469,0.8976666697844704,0.2728423862361261,0.5809949841825532
5,70,0.98,0.5,0.95,0.5,7,4,coordinated_turn_model_mismatch,900,1000,1,64.0,6.4,67.0,6.7,0.4,0.24,0.36,0.44759186993958877,0.9999999714385065,2.0877917828298163,3.145317541439842
5,70,0.98,0.5,0.95,0.5,7,5,process_noise_x_increased,1100,1300,0,,,23.0,2.3000000000000003,0.59,0.41,0.0,0.053362659519748605,0.3541066863671543,1.0984638520334562,2.540912773672469
5,70,0.99,0.5,0.95,0.5,7,0,measurement_outliers,100,200,0,,,9.0,0.9,0.71,0.29,0.0,0.03316334223428801,0.1265006998459285,1.6647137896583972,5.404475443209696
5,70,0.99,0.5,0.95,0.5,7,1,measurement_noise_x_increased,300,400,0,,,7.0,0.7000000000000001,0.89,0.11,0.0,0.014019681529205942,0.09073039181795638,0.7793517321810798,2.199405575830043
5,70,0.99,0.5,0.95,0.5,7,2,measurement_noise_xy_decreased,500,600,0,,,49.0,4.9,0.54,0.46,0.0,0.22795361920123544,0.8316574805213642,0.36100317508414237,0.6920250980606607
5,70,0.99,0.5,0.95,0.5,7,3,truncated_gaussian_measurement_noise,700,800,0,,,33.0,3.3000000000000003,0.47,0.53,0.0,0.3255606961355336,0.8807468273761785,0.2728423862361261,0.5809949841825532
5,70,0.99,0.5,0.95,0.5,7,4,coordinated_turn_model_mismatch,900,1000,1,64.0,6.4,61.0,6.1000000000000005,0.45,0.19,0.36,0.4416373161564703,0.9999999833207639,2.0877917828298163,3.145317541439842
5,70,0.99,0.5,0.95,0.5,7,5,process_noise_x_increased,1100,1300,0,,,19.0,1.9000000000000001,0.68,0.32,0.0,0.040469334207484116,0.24682852608001132,1.0984638520334562,2.540912773672469
5,70,0.995,0.5,0.95,0.5,7,0,measurement_outliers,100,200,0,,,0.0,0.0,0.92,0.08,0.0,0.015547322943219326,0.06925485525629405,1.6647137896583972,5.404475443209696
5,70,0.995,0.5,0.95,0.5,7,1,measurement_noise_x_increased,300,400,0,,,7.0,0.7000000000000001,0.81,0.19,0.0,0.01554110439613033,0.10137375734903031,0.7793517321810798,2.199405575830043
5,70,0.995,0.5,0.95,0.5,7,2,measurement_noise_xy_decreased,500,600,0,,,50.0,5.0,0.56,0.44,0.0,0.20383418252685231,0.9063626756846498,0.36100317508414237,0.6920250980606607
5,70,0.995,0.5,0.95,0.5,7,3,truncated_gaussian_measurement_noise,700,800,0,,,34.0,3.4000000000000004,0.51,0.49,0.0,0.3209126860048148,0.8754464422959141,0.2728423862361261,0.5809949841825532
5,70,0.995,0.5,0.95,0.5,7,4,coordinated_turn_model_mismatch,900,1000,1,63.0,6.300000000000001,64.0,6.4,0.48,0.15,0.37,0.45613673022657714,0.9999999583914798,2.0877917828298163,3.145317541439842
5,70,0.995,0.5,0.95,0.5,7,5,process_noise_x_increased,1100,1300,0,,,15.0,1.5,0.775,0.225,0.0,0.028076234227130906,0.2097437547838727,1.0984638520334562,2.540912773672469
7,35,0.95,0.5,0.95,0.5,7,0,measurement_outliers,100,200,0,,,32.0,3.2,0.0,1.0,0.0,0.33258636264092933,0.6227322530109604,1.6647137896583972,5.404475443209696
7,35,0.95,0.5,0.95,0.5,7,1,measurement_noise_x_increased,300,400,0,,,22.0,2.2,0.1,0.9,0.0,0.34963330689008676,0.7547183373551549,0.7793517321810798,2.199405575830043
7,35,0.95,0.5,0.95,0.5,7,2,measurement_noise_xy_decreased,500,600,0,,,79.0,7.9,0.12,0.88,0.0,0.5009147180674945,0.8716675945624247,0.36100317508414237,0.6920250980606607
7,35,0.95,0.5,0.95,0.5,7,3,truncated_gaussian_measurement_noise,700,800,0,,,25.0,2.5,0.2,0.8,0.0,0.4555187222689486,0.7573230752963056,0.2728423862361261,0.5809949841825532
7,35,0.95,0.5,0.95,0.5,7,4,coordinated_turn_model_mismatch,900,1000,1,40.0,4.0,89.0,8.9,0.18,0.22,0.6,0.6876915535346523,0.9997162131178525,2.0877917828298163,3.145317541439842
7,35,0.95,0.5,0.95,0.5,7,5,process_noise_x_increased,1100,1300,0,,,58.0,5.800000000000001,0.145,0.855,0.0,0.3130826407264555,0.8949162069438373,1.0984638520334562,2.540912773672469
7,35,0.98,0.5,0.95,0.5,7,0,measurement_outliers,100,200,0,,,30.0,3.0,0.03,0.97,0.0,0.28098251030804033,0.6213551186101403,1.6647137896583972,5.404475443209696
7,35,0.98,0.5,0.95,0.5,7,1,measurement_noise_x_increased,300,400,0,,,22.0,2.2,0.21,0.79,0.0,0.30746393572892194,0.656671769256076,0.7793517321810798,2.199405575830043
7,35,0.98,0.5,0.95,0.5,7,2,measurement_noise_xy_decreased,500,600,0,,,51.0,5.1000000000000005,0.21,0.79,0.0,0.4484946940257791,0.8620101577690218,0.36100317508414237,0.6920250980606607
7,35,0.98,0.5,0.95,0.5,7,3,truncated_gaussian_measurement_noise,700,800,0,,,25.0,2.5,0.23,0.77,0.0,0.38747693228640595,0.7282566020352347,0.2728423862361261,0.5809949841825532
7,35,0.98,0.5,0.95,0.5,7,4,coordinated_turn_model_mismatch,900,1000,1,40.0,4.0,83.0,8.3,0.23,0.17,0.6,0.674422153170364,0.999666031385476,2.0877917828298163,3.145317541439842
7,35,0.98,0.5,0.95,0.5,7,5,process_noise_x_increased,1100,1300,0,,,41.0,4.1000000000000005,0.19,0.81,0.0,0.29070985467763777,0.7992994804807636,1.0984638520334562,2.540912773672469
7,35,0.99,0.5,0.95,0.5,7,0,measurement_outliers,100,200,0,,,30.0,3.0,0.23,0.77,0.0,0.22252782068925592,0.5696447224185315,1.6647137896583972,5.404475443209696
7,35,0.99,0.5,0.95,0.5,7,1,measurement_noise_x_increased,300,400,0,,,22.0,2.2,0.21,0.79,0.0,0.28932780613915426,0.674750117710352,0.7793517321810798,2.199405575830043
7,35,0.99,0.5,0.95,0.5,7,2,measurement_noise_xy_decreased,500,600,0,,,42.0,4.2,0.24,0.76,0.0,0.4023256947053926,0.8256277047284976,0.36100317508414237,0.6920250980606607
7,35,0.99,0.5,0.95,0.5,7,3,truncated_gaussian_measurement_noise,700,800,0,,,25.0,2.5,0.26,0.74,0.0,0.34292741020043144,0.6879579986660808,0.2728423862361261,0.5809949841825532
7,35,0.99,0.5,0.95,0.5,7,4,coordinated_turn_model_mismatch,900,1000,1,41.0,4.1000000000000005,81.0,8.1,0.27,0.14,0.59,0.6668283627412503,0.9998672687523273,2.0877917828298163,3.145317541439842
7,35,0.99,0.5,0.95,0.5,7,5,process_noise_x_increased,1100,1300,0,,,18.0,1.8,0.26,0.74,0.0,0.2718229726982407,0.8043079154014315,1.0984638520334562,2.540912773672469
7,35,0.995,0.5,0.95,0.5,7,0,measurement_outliers,100,200,0,,,30.0,3.0,0.34,0.66,0.0,0.17073026287116305,0.478891047233517,1.6647137896583972,5.404475443209696
7,35,0.995,0.5,0.95,0.5,7,1,measurement_noise_x_increased,300,400,0,,,22.0,2.2,0.27,0.73,0.0,0.28784097646084766,0.6362258383740369,0.7793517321810798,2.199405575830043
7,35,0.995,0.5,0.95,0.5,7,2,measurement_noise_xy_decreased,500,600,0,,,40.0,4.0,0.28,0.72,0.0,0.43391968677631854,0.8122431382840989,0.36100317508414237,0.6920250980606607
7,35,0.995,0.5,0.95,0.5,7,3,truncated_gaussian_measurement_noise,700,800,0,,,37.0,3.7,0.26,0.74,0.0,0.34433024239593196,0.6429419802523981,0.2728423862361261,0.5809949841825532
7,35,0.995,0.5,0.95,0.5,7,4,coordinated_turn_model_mismatch,900,1000,1,41.0,4.1000000000000005,87.0,8.700000000000001,0.27,0.14,0.59,0.664767047060522,0.9999089332243475,2.0877917828298163,3.145317541439842
7,35,0.995,0.5,0.95,0.5,7,5,process_noise_x_increased,1100,1300,0,,,13.0,1.3,0.28,0.72,0.0,0.2660235010472633,0.8313446736430697,1.0984638520334562,2.540912773672469
7,50,0.95,0.5,0.95,0.5,7,0,measurement_outliers,100,200,0,,,27.0,2.7,0.19,0.81,0.0,0.24971712200557572,0.6059141236523525,1.6647137896583972,5.404475443209696
7,50,0.95,0.5,0.95,0.5,7,1,measurement_noise_x_increased,300,400,0,,,22.0,2.2,0.38,0.62,0.0,0.2453227920583947,0.6477017486272159,0.7793517321810798,2.199405575830043
7,50,0.95,0.5,0.95,0.5,7,2,measurement_noise_xy_decreased,500,600,0,,,45.0,4.5,0.25,0.75,0.0,0.41644128315193013,0.8820413315762402,0.36100317508414237,0.6920250980606607
7,50,0.95,0.5,0.95,0.5,7,3,truncated_gaussian_measurement_noise,700,800,0,,,34.0,3.4000000000000004,0.32,0.68,0.0,0.3707655877326798,0.7328352382155535,0.2728423862361261,0.5809949841825532
7,50,0.95,0.5,0.95,0.5,7,4,coordinated_turn_model_mismatch,900,1000,1,52.0,5.2,61.0,6.1000000000000005,0.28,0.24,0.48,0.6008161007862587,0.999630742634454,2.0877917828298163,3.145317541439842
7,50,0.95,0.5,0.95,0.5,7,5,process_noise_x_increased,1100,1300,0,,,42.0,4.2,0.355,0.645,0.0,0.20474857357292853,0.5666410249943556,1.0984638520334562,2.540912773672469
7,50,0.98,0.5,0.95,0.5,7,0,measurement_outliers,100,200,0,,,27.0,2.7,0.28,0.72,0.0,0.20887029824805248,0.5745120515107914,1.6647137896583972,5.404475443209696
7,50,0.98,0.5,0.95,0.5,7,1,measurement_noise_x_increased,300,400,0,,,22.0,2.2,0.45,0.55,0.0,0.2155228414579084,0.6291167925667763,0.7793517321810798,2.199405575830043
7,50,0.98,0.5,0.95,0.5,7,2,measurement_noise_xy_decreased,500,600,0,,,49.0,4.9,0.38,0.62,0.0,0.3540689028651648,0.8439944164588906,0.36100317508414237,0.6920250980606607
7,50,0.98,0.5,0.95,0.5,7,3,truncated_gaussian_measurement_noise,700,800,0,,,34.0,3.4000000000000004,0.36,0.64,0.0,0.3413417364946562,0.7074759639684222,0.2728423862361261,0.5809949841825532
7,50,0.98,0.5,0.95,0.5,7,4,coordinated_turn_model_mismatch,900,1000,1,51.0,5.1000000000000005,59.0,5.9,0.3,0.21,0.49,0.5875258638370615,0.9997715095819535,2.0877917828298163,3.145317541439842
7,50,0.98,0.5,0.95,0.5,7,5,process_noise_x_increased,1100,1300,0,,,18.0,1.8,0.37,0.63,0.0,0.18684386374824008,0.5768907470315292,1.0984638520334562,2.540912773672469
7,50,0.99,0.5,0.95,0.5,7,0,measurement_outliers,100,200,0,,,27.0,2.7,0.33,0.67,0.0,0.16435314782980434,0.5025016121826107,1.6647137896583972,5.404475443209696
7,50,0.99,0.5,0.95,0.5,7,1,measurement_noise_x_increased,300,400,0,,,22.0,2.2,0.53,0.47,0.0,0.20500280395463386,0.635029156700178,0.7793517321810798,2.199405575830043
7,50,0.99,0.5,0.95,0.5,7,2,measurement_noise_xy_decreased,500,600,0,,,56.0,5.6000000000000005,0.41,0.59,0.0,0.35102512533954244,0.8220778928065468,0.36100317508414237,0.6920250980606607
7,50,0.99,0.5,0.95,0.5,7,3,truncated_gaussian_measurement_noise,700,800,0,,,34.0,3.4000000000000004,0.39,0.61,0.0,0.31922593671133837,0.6794418620300932,0.2728423862361261,0.5809949841825532
7,50,0.99,0.5,0.95,0.5,7,4,coordinated_turn_model_mismatch,900,1000,1,52.0,5.2,61.0,6.1000000000000005,0.3,0.22,0.48,0.5781558104192245,0.9998822965692153,2.0877917828298163,3.145317541439842
7,50,0.99,0.5,0.95,0.5,7,5,process_noise_x_increased,1100,1300,0,,,17.0,1.7000000000000002,0.415,0.585,0.0,0.1439596962622275,0.49233931752417975,1.0984638520334562,2.540912773672469
7,50,0.995,0.5,0.95,0.5,7,0,measurement_outliers,100,200,0,,,26.0,2.6,0.44,0.56,0.0,0.1817416534252341,0.45533105746794367,1.6647137896583972,5.404475443209696
7,50,0.995,0.5,0.95,0.5,7,1,measurement_noise_x_increased,300,400,0,,,21.0,2.1,0.53,0.47,0.0,0.1871505392901831,0.5903422764325472,0.7793517321810798,2.199405575830043
7,50,0.995,0.5,0.95,0.5,7,2,measurement_noise_xy_decreased,500,600,0,,,49.0,4.9,0.4,0.6,0.0,0.3252712455057075,0.7673354456953462,0.36100317508414237,0.6920250980606607
7,50,0.995,0.5,0.95,0.5,7,3,truncated_gaussian_measurement_noise,700,800,0,,,34.0,3.4000000000000004,0.39,0.61,0.0,0.2885835539730792,0.6257833071287635,0.2728423862361261,0.5809949841825532
7,50,0.995,0.5,0.95,0.5,7,4,coordinated_turn_model_mismatch,900,1000,1,51.0,5.1000000000000005,59.0,5.9,0.32,0.19,0.49,0.5789834586448501,0.9999078775912498,2.0877917828298163,3.145317541439842
7,50,0.995,0.5,0.95,0.5,7,5,process_noise_x_increased,1100,1300,0,,,15.0,1.5,0.375,0.625,0.0,0.16827859194103387,0.5844743090910937,1.0984638520334562,2.540912773672469
7,70,0.95,0.5,0.95,0.5,7,0,measurement_outliers,100,200,0,,,26.0,2.6,0.38,0.62,0.0,0.17097204573957447,0.4041651760794216,1.6647137896583972,5.404475443209696
7,70,0.95,0.5,0.95,0.5,7,1,measurement_noise_x_increased,300,400,0,,,22.0,2.2,0.52,0.48,0.0,0.12047306967556817,0.4236057619136184,0.7793517321810798,2.199405575830043
7,70,0.95,0.5,0.95,0.5,7,2,measurement_noise_xy_decreased,500,600,0,,,57.0,5.7,0.47,0.53,0.0,0.2932221125100139,0.8443580572441833,0.36100317508414237,0.6920250980606607
7,70,0.95,0.5,0.95,0.5,7,3,truncated_gaussian_measurement_noise,700,800,0,,,34.0,3.4000000000000004,0.46,0.54,0.0,0.2523010390225403,0.6946267275254059,0.2728423862361261,0.5809949841825532
7,70,0.95,0.5,0.95,0.5,7,4,coordinated_turn_model_mismatch,900,1000,1,69.0,6.9,69.0,6.9,0.35,0.34,0.31,0.47207347938270244,0.9998900904192634,2.0877917828298163,3.145317541439842
7,70,0.95,0.5,0.95,0.5,7,5,process_noise_x_increased,1100,1300,0,,,33.0,3.3000000000000003,0.475,0.525,0.0,0.08071321259918321,0.3491457725487597,1.0984638520334562,2.540912773672469
7,70,0.98,0.5,0.95,0.5,7,0,measurement_outliers,100,200,0,,,26.0,2.6,0.44,0.56,0.0,0.1300651510354392,0.3424049406552808,1.6647137896583972,5.404475443209696
7,70,0.98,0.5,0.95,0.5,7,1,measurement_noise_x_increased,300,400,0,,,22.0,2.2,0.57,0.43,0.0,0.1002237098596187,0.3672075264259784,0.7793517321810798,2.199405575830043
7,70,0.98,0.5,0.95,0.5,7,2,measurement_noise_xy_decreased,500,600,0,,,57.0,5.7,0.47,0.53,0.0,0.2587639305494016,0.7664482027394389,0.36100317508414237,0.6920250980606607
7,70,0.98,0.5,0.95,0.5,7,3,truncated_gaussian_measurement_noise,700,800,0,,,34.0,3.4000000000000004,0.49,0.51,0.0,0.23664226513117817,0.6766346129965317,0.2728423862361261,0.5809949841825532
7,70,0.98,0.5,0.95,0.5,7,4,coordinated_turn_model_mismatch,900,1000,1,68.0,6.800000000000001,66.0,6.6000000000000005,0.38,0.3,0.32,0.4595912007690584,0.9998864029173694,2.0877917828298163,3.145317541439842
7,70,0.98,0.5,0.95,0.5,7,5,process_noise_x_increased,1100,1300,0,,,26.0,2.6,0.51,0.49,0.0,0.06112918202278433,0.27582307527391947,1.0984638520334562,2.540912773672469
7,70,0.99,0.5,0.95,0.5,7,0,measurement_outliers,100,200,0,,,25.0,2.5,0.45,0.55,0.0,0.1256918718709793,0.3346799231836655,1.6647137896583972,5.404475443209696
7,70,0.99,0.5,0.95,0.5,7,1,measurement_noise_x_increased,300,400,0,,,21.0,2.1,0.64,0.36,0.0,0.08191549278584814,0.371867113092365,0.7793517321810798,2.199405575830043
7,70,0.99,0.5,0.95,0.5,7,2,measurement_noise_xy_decreased,500,600,0,,,59.0,5.9,0.48,0.52,0.0,0.22840761625874348,0.7317016024631487,0.36100317508414237,0.6920250980606607
7,70,0.99,0.5,0.95,0.5,7,3,truncated_gaussian_measurement_noise,700,800,0,,,34.0,3.4000000000000004,0.52,0.48,0.0,0.214332131635125,0.6814083635522603,0.2728423862361261,0.5809949841825532
7,70,0.99,0.5,0.95,0.5,7,4,coordinated_turn_model_mismatch,900,1000,1,68.0,6.800000000000001,68.0,6.800000000000001,0.41,0.27,0.32,0.45188567591496187,0.9998218872337811,2.0877917828298163,3.145317541439842
7,70,0.99,0.5,0.95,0.5,7,5,process_noise_x_increased,1100,1300,0,,,23.0,2.3000000000000003,0.68,0.32,0.0,0.04381762516248428,0.19744409344998007,1.0984638520334562,2.540912773672469
7,70,0.995,0.5,0.95,0.5,7,0,measurement_outliers,100,200,0,,,24.0,2.4000000000000004,0.32,0.68,0.0,0.12367065811169223,0.34967338849269247,1.6647137896583972,5.404475443209696
7,70,0.995,0.5,0.95,0.5,7,1,measurement_noise_x_increased,300,400,0,,,22.0,2.2,0.72,0.28,0.0,0.08919163074141592,0.40591558060315164,0.7793517321810798,2.199405575830043
7,70,0.995,0.5,0.95,0.5,7,2,measurement_noise_xy_decreased,500,600,0,,,57.0,5.7,0.51,0.49,0.0,0.22551378666753283,0.7235351624730006,0.36100317508414237,0.6920250980606607
7,70,0.995,0.5,0.95,0.5,7,3,truncated_gaussian_measurement_noise,700,800,0,,,28.0,2.8000000000000003,0.54,0.46,0.0,0.20713111704287201,0.6159197416088324,0.2728423862361261,0.5809949841825532
7,70,0.995,0.5,0.95,0.5,7,4,coordinated_turn_model_mismatch,900,1000,1,68.0,6.800000000000001,67.0,6.7,0.39,0.29,0.32,0.46499292295102956,0.9998917104942043,2.0877917828298163,3.145317541439842
7,70,0.995,0.5,0.95,0.5,7,5,process_noise_x_increased,1100,1300,0,,,18.0,1.8,0.61,0.39,0.0,0.04033762004369651,0.16557963666632705,1.0984638520334562,2.540912773672469
10,50,0.95,0.5,0.95,0.5,7,0,measurement_outliers,100,200,0,,,40.0,4.0,0.0,1.0,0.0,0.2659081295226889,0.5175306618062542,1.6647137896583972,5.404475443209696
10,50,0.95,0.5,0.95,0.5,7,1,measurement_noise_x_increased,300,400,0,,,30.0,3.0,0.15,0.85,0.0,0.21792843862779698,0.493645163734605,0.7793517321810798,2.199405575830043
10,50,0.95,0.5,0.95,0.5,7,2,measurement_noise_xy_decreased,500,600,0,,,64.0,6.4,0.19,0.81,0.0,0.3509982715738438,0.8049484306871395,0.36100317508414237,0.6920250980606607
10,50,0.95,0.5,0.95,0.5,7,3,truncated_gaussian_measurement_noise,700,800,0,,,34.0,3.4000000000000004,0.2,0.8,0.0,0.37450880559519467,0.7395307495077502,0.2728423862361261,0.5809949841825532
10,50,0.95,0.5,0.95,0.5,7,4,coordinated_turn_model_mismatch,900,1000,1,65.0,6.5,90.0,9.0,0.22,0.43,0.35,0.5615797853019162,0.9944195998405939,2.0877917828298163,3.145317541439842
10,50,0.95,0.5,0.95,0.5,7,5,process_noise_x_increased,1100,1300,0,,,55.0,5.5,0.165,0.835,0.0,0.19035467108436654,0.47698176879968196,1.0984638520334562,2.540912773672469
10,50,0.98,0.5,0.95,0.5,7,0,measurement_outliers,100,200,0,,,37.0,3.7,0.1,0.9,0.0,0.1995700435517639,0.4245477602118384,1.6647137896583972,5.404475443209696
10,50,0.98,0.5,0.95,0.5,7,1,measurement_noise_x_increased,300,400,0,,,29.0,2.9000000000000004,0.35,0.65,0.0,0.1549510410837744,0.36113342891044575,0.7793517321810798,2.199405575830043
10,50,0.98,0.5,0.95,0.5,7,2,measurement_noise_xy_decreased,500,600,0,,,63.0,6.300000000000001,0.28,0.72,0.0,0.2823142579928141,0.7449868045652889,0.36100317508414237,0.6920250980606607
10,50,0.98,0.5,0.95,0.5,7,3,truncated_gaussian_measurement_noise,700,800,0,,,34.0,3.4000000000000004,0.27,0.73,0.0,0.3165808917572892,0.6880484563747635,0.2728423862361261,0.5809949841825532
10,50,0.98,0.5,0.95,0.5,7,4,coordinated_turn_model_mismatch,900,1000,1,73.0,7.300000000000001,68.0,6.800000000000001,0.28,0.45,0.27,0.5037568724503276,0.990231577863079,2.0877917828298163,3.145317541439842
10,50,0.98,0.5,0.95,0.5,7,5,process_noise_x_increased,1100,1300,0,,,49.0,4.9,0.265,0.735,0.0,0.13550499903644472,0.3565197195495296,1.0984638520334562,2.540912773672469
10,50,0.99,0.5,0.95,0.5,7,0,measurement_outliers,100,200,0,,,36.0,3.6,0.29,0.71,0.0,0.13834147650760525,0.3167884187482937,1.6647137896583972,5.404475443209696
10,50,0.99,0.5,0.95,0.5,7,1,measurement_noise_x_increased,300,400,0,,,28.0,2.8000000000000003,0.44,0.56,0.0,0.09830061314963123,0.2383608930843216,0.7793517321810798,2.199405575830043
10,50,0.99,0.5,0.95,0.5,7,2,measurement_noise_xy_decreased,500,600,0,,,60.0,6.0,0.4,0.6,0.0,0.21282731393509796,0.662515663081566,0.36100317508414237,0.6920250980606607
10,50,0.99,0.5,0.95,0.5,7,3,truncated_gaussian_measurement_noise,700,800,0,,,34.0,3.4000000000000004,0.32,0.68,0.0,0.25475967571088876,0.6077063945270644,0.2728423862361261,0.5809949841825532
10,50,0.99,0.5,0.95,0.5,7,4,coordinated_turn_model_mismatch,900,1000,1,84.0,8.4,69.0,6.9,0.32,0.52,0.16,0.4352549365338854,0.9744154428273858,2.0877917828298163,3.145317541439842
10,50,0.99,0.5,0.95,0.5,7,5,process_noise_x_increased,1100,1300,0,,,21.0,2.1,0.35,0.65,0.0,0.09378233835839263,0.2471240088343104,1.0984638520334562,2.540912773672469
10,50,0.995,0.5,0.95,0.5,7,0,measurement_outliers,100,200,0,,,29.0,2.9000000000000004,0.47,0.53,0.0,0.07953488256924404,0.19907379448843024,1.6647137896583972,5.404475443209696
10,50,0.995,0.5,0.95,0.5,7,1,measurement_noise_x_increased,300,400,0,,,23.0,2.3000000000000003,0.59,0.41,0.0,0.048405764768724754,0.1445378466651029,0.7793517321810798,2.199405575830043
10,50,0.995,0.5,0.95,0.5,7,2,measurement_noise_xy_decreased,500,600,0,,,57.0,5.7,0.48,0.52,0.0,0.13234536652604656,0.5222110570101813,0.36100317508414237,0.6920250980606607
10,50,0.995,0.5,0.95,0.5,7,3,truncated_gaussian_measurement_noise,700,800,0,,,34.0,3.4000000000000004,0.39,0.61,0.0,0.18304140993985832,0.4836825107755733,0.2728423862361261,0.5809949841825532
10,50,0.995,0.5,0.95,0.5,7,4,coordinated_turn_model_mismatch,900,1000,0,,,73.0,7.300000000000001,0.39,0.61,0.0,0.3336738122071931,0.9278881213980164,2.0877917828298163,3.145317541439842
10,50,0.995,0.5,0.95,0.5,7,5,process_noise_x_increased,1100,1300,0,,,15.0,1.5,0.46,0.54,0.0,0.05933750838939989,0.1487670559780841,1.0984638520334562,2.540912773672469
10,70,0.95,0.5,0.95,0.5,7,0,measurement_outliers,100,200,0,,,37.0,3.7,0.3,0.7,0.0,0.15735915378429577,0.3525779034192001,1.6647137896583972,5.404475443209696
10,70,0.95,0.5,0.95,0.5,7,1,measurement_noise_x_increased,300,400,0,,,30.0,3.0,0.42,0.58,0.0,0.11200917545561252,0.3383772822722048,0.7793517321810798,2.199405575830043
10,70,0.95,0.5,0.95,0.5,7,2,measurement_noise_xy_decreased,500,600,0,,,63.0,6.300000000000001,0.43,0.57,0.0,0.22510545836750281,0.695119888433242,0.36100317508414237,0.6920250980606607
10,70,0.95,0.5,0.95,0.5,7,3,truncated_gaussian_measurement_noise,700,800,0,,,34.0,3.4000000000000004,0.37,0.63,0.0,0.2672891592852454,0.6536049846371285,0.2728423862361261,0.5809949841825532
10,70,0.95,0.5,0.95,0.5,7,4,coordinated_turn_model_mismatch,900,1000,1,77.0,7.7,73.0,7.300000000000001,0.32,0.45,0.23,0.42758409966652783,0.9934283054149572,2.0877917828298163,3.145317541439842
10,70,0.95,0.5,0.95,0.5,7,5,process_noise_x_increased,1100,1300,0,,,34.0,3.4000000000000004,0.385,0.615,0.0,0.09178559334640479,0.26819503861966354,1.0984638520334562,2.540912773672469
10,70,0.98,0.5,0.95,0.5,7,0,measurement_outliers,100,200,0,,,37.0,3.7,0.42,0.58,0.0,0.11277070910077432,0.2720441673851044,1.6647137896583972,5.404475443209696
10,70,0.98,0.5,0.95,0.5,7,1,measurement_noise_x_increased,300,400,0,,,29.0,2.9000000000000004,0.55,0.45,0.0,0.0731787674063558,0.252233932018141,0.7793517321810798,2.199405575830043
10,70,0.98,0.5,0.95,0.5,7,2,measurement_noise_xy_decreased,500,600,0,,,63.0,6.300000000000001,0.48,0.52,0.0,0.17453048544065208,0.6298657376609067,0.36100317508414237,0.6920250980606607
10,70,0.98,0.5,0.95,0.5,7,3,truncated_gaussian_measurement_noise,700,800,0,,,41.0,4.1000000000000005,0.41,0.59,0.0,0.21690216103389584,0.5858869304720147,0.2728423862361261,0.5809949841825532
10,70,0.98,0.5,0.95,0.5,7,4,coordinated_turn_model_mismatch,900,1000,1,86.0,8.6,73.0,7.300000000000001,0.36,0.5,0.14,0.37109741601263446,0.9849735058523197,2.0877917828298163,3.145317541439842
10,70,0.98,0.5,0.95,0.5,7,5,process_noise_x_increased,1100,1300,0,,,34.0,3.4000000000000004,0.445,0.555,0.0,0.06577189268295706,0.18314345875009583,1.0984638520334562,2.540912773672469
10,70,0.99,0.5,0.95,0.5,7,0,measurement_outliers,100,200,0,,,33.0,3.3000000000000003,0.49,0.51,0.0,0.07471526065203245,0.20306299199520553,1.6647137896583972,5.404475443209696
10,70,0.99,0.5,0.95,0.5,7,1,measurement_noise_x_increased,300,400,0,,,27.0,2.7,0.69,0.31,0.0,0.042617507058368025,0.16689994654140286,0.7793517321810798,2.199405575830043
10,70,0.99,0.5,0.95,0.5,7,2,measurement_noise_xy_decreased,500,600,0,,,62.0,6.2,0.52,0.48,0.0,0.12522655709483532,0.5306080878543845,0.36100317508414237,0.6920250980606607
10,70,0.99,0.5,0.95,0.5,7,3,truncated_gaussian_measurement_noise,700,800,0,,,41.0,4.1000000000000005,0.45,0.55,0.0,0.16706107284168756,0.49069204991244164,0.2728423862361261,0.5809949841825532
10,70,0.99,0.5,0.95,0.5,7,4,coordinated_turn_model_mismatch,900,1000,1,97.0,9.700000000000001,79.0,7.9,0.43,0.54,0.03,0.30701733420582733,0.958795644409253,2.0877917828298163,3.145317541439842
10,70,0.99,0.5,0.95,0.5,7,5,process_noise_x_increased,1100,1300,0,,,18.0,1.8,0.59,0.41,0.0,0.04663822475157931,0.12713124826362196,1.0984638520334562,2.540912773672469
10,70,0.995,0.5,0.95,0.5,7,0,measurement_outliers,100,200,0,,,29.0,2.9000000000000004,0.62,0.38,0.0,0.0409259914657685,0.12590815187990012,1.6647137896583972,5.404475443209696
10,70,0.995,0.5,0.95,0.5,7,1,measurement_noise_x_increased,300,400,0,,,21.0,2.1,0.85,0.15,0.0,0.019134307202362425,0.08373420505827092,0.7793517321810798,2.199405575830043
10,70,0.995,0.5,0.95,0.5,7,2,measurement_noise_xy_decreased,500,600,0,,,60.0,6.0,0.62,0.38,0.0,0.07187129164363007,0.3766613786611448,0.36100317508414237,0.6920250980606607
10,70,0.995,0.5,0.95,0.5,7,3,truncated_gaussian_measurement_noise,700,800,0,,,35.0,3.5,0.51,0.49,0.0,0.11510141880474815,0.3655693797641505,0.2728423862361261,0.5809949841825532
10,70,0.995,0.5,0.95,0.5,7,4,coordinated_turn_model_mismatch,900,1000,0,,,80.0,8.0,0.52,0.48,0.0,0.21734236199787887,0.8676765200209842,2.0877917828298163,3.145317541439842
10,70,0.995,0.5,0.95,0.5,7,5,process_noise_x_increased,1100,1300,0,,,3.0,0.30000000000000004,0.825,0.175,0.0,0.03078091428784134,0.07739775451014426,1.0984638520334562,2.540912773672469
5,25,0.95,0.5,0.95,0.5,8,0,measurement_outliers,100,200,0,,,6.0,0.6000000000000001,0.29,0.71,0.0,0.13513366248422157,0.4042265603986786,1.1293703346024087,2.621178280354877
5,25,0.95,0.5,0.95,0.5,8,1,measurement_noise_x_increased,300,400,0,,,23.0,2.3000000000000003,0.3,0.7,0.0,0.22119535697563206,0.5001244159284973,0.731158998809672,1.5912577972391617
5,25,0.95,0.5,0.95,0.5,8,2,measurement_noise_xy_decreased,500,600,0,,,35.0,3.5,0.12,0.88,0.0,0.5243764000828749,0.8463807139457369,0.2989177732615914,0.6790949341498191
5,25,0.95,0.5,0.95,0.5,8,3,truncated_gaussian_measurement_noise,700,800,0,,,23.0,2.3000000000000003,0.16,0.84,0.0,0.3094090821537083,0.7040086791068768,0.3394420235512271,0.7759425670069129
5,25,0.95,0.5,0.95,0.5,8,4,coordinated_turn_model_mismatch,900,1000,0,,,33.0,3.3000000000000003,0.24,0.76,0.0,0.1466614333978802,0.3579858347781917,0.7490417255082994,1.6460701931706991
5,25,0.95,0.5,0.95,0.5,8,5,process_noise_x_increased,1100,1300,1,133.0,13.3,45.0,4.5,0.495,0.395,0.11,0.24361948626649707,0.9991422743660451,1.0583002874856497,2.8805858848260297
5,25,0.98,0.5,0.95,0.5,8,0,measurement_outliers,100,200,0,,,0.0,0.0,0.48,0.52,0.0,0.08143774940293662,0.25061870933136327,1.1293703346024087,2.621178280354877
5,25,0.98,0.5,0.95,0.5,8,1,measurement_noise_x_increased,300,400,0,,,20.0,2.0,0.34,0.66,0.0,0.16313405057631536,0.4117122498187984,0.731158998809672,1.5912577972391617
5,25,0.98,0.5,0.95,0.5,8,2,measurement_noise_xy_decreased,500,600,0,,,33.0,3.3000000000000003,0.14,0.86,0.0,0.46177072961506993,0.8223630280775663,0.2989177732615914,0.6790949341498191
5,25,0.98,0.5,0.95,0.5,8,3,truncated_gaussian_measurement_noise,700,800,0,,,22.0,2.2,0.2,0.8,0.0,0.2782159224629142,0.6668359802481598,0.3394420235512271,0.7759425670069129
5,25,0.98,0.5,0.95,0.5,8,4,coordinated_turn_model_mismatch,900,1000,0,,,29.0,2.9000000000000004,0.33,0.67,0.0,0.08836328097805307,0.24272064982638925,0.7490417255082994,1.6460701931706991
5,25,0.98,0.5,0.95,0.5,8,5,process_noise_x_increased,1100,1300,1,135.0,13.5,38.0,3.8000000000000003,0.605,0.295,0.1,0.23256633239629088,0.9988829639934689,1.0583002874856497,2.8805858848260297
5,25,0.99,0.5,0.95,0.5,8,0,measurement_outliers,100,200,0,,,0.0,0.0,0.51,0.49,0.0,0.06451980142812752,0.2039476135131239,1.1293703346024087,2.621178280354877
5,25,0.99,0.5,0.95,0.5,8,1,measurement_noise_x_increased,300,400,0,,,19.0,1.9000000000000001,0.41,0.59,0.0,0.1074132330853983,0.2933271974705498,0.731158998809672,1.5912577972391617
5,25,0.99,0.5,0.95,0.5,8,2,measurement_noise_xy_decreased,500,600,0,,,32.0,3.2,0.21,0.79,0.0,0.38398169964413176,0.7819927390969731,0.2989177732615914,0.6790949341498191
5,25,0.99,0.5,0.95,0.5,8,3,truncated_gaussian_measurement_noise,700,800,0,,,17.0,1.7000000000000002,0.22,0.78,0.0,0.272068807866385,0.7244892831045361,0.3394420235512271,0.7759425670069129
5,25,0.99,0.5,0.95,0.5,8,4,coordinated_turn_model_mismatch,900,1000,0,,,21.0,2.1,0.37,0.63,0.0,0.07537978884194374,0.19358892965894245,0.7490417255082994,1.6460701931706991
5,25,0.99,0.5,0.95,0.5,8,5,process_noise_x_increased,1100,1300,1,134.0,13.4,32.0,3.2,0.625,0.265,0.11,0.23772422124400386,0.9992735522635033,1.0583002874856497,2.8805858848260297
5,25,0.995,0.5,0.95,0.5,8,0,measurement_outliers,100,200,0,,,0.0,0.0,0.48,0.52,0.0,0.10316828664360718,0.3479837557819591,1.1293703346024087,2.621178280354877
5,25,0.995,0.5,0.95,0.5,8,1,measurement_noise_x_increased,300,400,0,,,17.0,1.7000000000000002,0.49,0.51,0.0,0.05201007647730033,0.15104809540012087,0.731158998809672,1.5912577972391617
5,25,0.995,0.5,0.95,0.5,8,2,measurement_noise_xy_decreased,500,600,0,,,33.0,3.3000000000000003,0.17,0.83,0.0,0.35099081576837654,0.7242879541791271,0.2989177732615914,0.6790949341498191
5,25,0.995,0.5,0.95,0.5,8,3,truncated_gaussian_measurement_noise,700,800,0,,,10.0,1.0,0.21,0.79,0.0,0.2256365068899154,0.643971249081736,0.3394420235512271,0.7759425670069129
5,25,0.995,0.5,0.95,0.5,8,4,coordinated_turn_model_mismatch,900,1000,0,,,10.0,1.0,0.49,0.51,0.0,0.04060767129544081,0.09932645059708174,0.7490417255082994,1.6460701931706991
5,25,0.995,0.5,0.95,0.5,8,5,process_noise_x_increased,1100,1300,1,132.0,13.200000000000001,20.0,2.0,0.645,0.215,0.14,0.22374058180092585,0.9992457705495041,1.0583002874856497,2.8805858848260297
5,35,0.95,0.5,0.95,0.5,8,0,measurement_outliers,100,200,0,,,0.0,0.0,0.56,0.44,0.0,0.07729794382641647,0.2507889032228959,1.1293703346024087,2.621178280354877
5,35,0.95,0.5,0.95,0.5,8,1,measurement_noise_x_increased,300,400,0,,,19.0,1.9000000000000001,0.36,0.64,0.0,0.15888048756192907,0.4294080397024751,0.731158998809672,1.5912577972391617
5,35,0.95,0.5,0.95,0.5,8,2,measurement_noise_xy_decreased,500,600,0,,,33.0,3.3000000000000003,0.19,0.81,0.0,0.46533339107347443,0.8047049303435311,0.2989177732615914,0.6790949341498191
5,35,0.95,0.5,0.95,0.5,8,3,truncated_gaussian_measurement_noise,700,800,0,,,19.0,1.9000000000000001,0.22,0.78,0.0,0.22657755854072228,0.43464163676146367,0.3394420235512271,0.7759425670069129
5,35,0.95,0.5,0.95,0.5,8,4,coordinated_turn_model_mismatch,900,1000,0,,,31.0,3.1,0.4,0.6,0.0,0.08443547922813589,0.2701018892412853,0.7490417255082994,1.6460701931706991
5,35,0.95,0.5,0.95,0.5,8,5,process_noise_x_increased,1100,1300,1,140.0,14.0,2.0,0.2,0.675,0.23,0.095,0.21856849089338534,0.9945857267457342,1.0583002874856497,2.8805858848260297
5,35,0.98,0.5,0.95,0.5,8,0,measurement_outliers,100,200,0,,,0.0,0.0,0.68,0.32,0.0,0.043293480129129154,0.14154533634298277,1.1293703346024087,2.621178280354877
5,35,0.98,0.5,0.95,0.5,8,1,measurement_noise_x_increased,300,400,0,,,19.0,1.9000000000000001,0.42,0.58,0.0,0.1132443308462317,0.322988235517671,0.731158998809672,1.5912577972391617
5,35,0.98,0.5,0.95,0.5,8,2,measurement_noise_xy_decreased,500,600,0,,,33.0,3.3000000000000003,0.23,0.77,0.0,0.40702677805578913,0.7849599249802341,0.2989177732615914,0.6790949341498191
5,35,0.98,0.5,0.95,0.5,8,3,truncated_gaussian_measurement_noise,700,800,0,,,18.0,1.8,0.27,0.73,0.0,0.19379700323632,0.40112600943858573,0.3394420235512271,0.7759425670069129
5,35,0.98,0.5,0.95,0.5,8,4,coordinated_turn_model_mismatch,900,1000,0,,,26.0,2.6,0.54,0.46,0.0,0.047975292211725584,0.13662919529701706,0.7490417255082994,1.6460701931706991
5,35,0.98,0.5,0.95,0.5,8,5,process_noise_x_increased,1100,1300,1,142.0,14.200000000000001,2.0,0.2,0.665,0.23,0.105,0.21449218144523474,0.9982007316928805,1.0583002874856497,2.8805858848260297
5,35,0.99,0.5,0.95,0.5,8,0,measurement_outliers,100,200,0,,,0.0,0.0,0.86,0.14,0.0,0.02021340776412875,0.06985839505981568,1.1293703346024087,2.621178280354877
5,35,0.99,0.5,0.95,0.5,8,1,measurement_noise_x_increased,300,400,0,,,18.0,1.8,0.48,0.52,0.0,0.0707458192075567,0.20845577525414902,0.731158998809672,1.5912577972391617
5,35,0.99,0.5,0.95,0.5,8,2,measurement_noise_xy_decreased,500,600,0,,,33.0,3.3000000000000003,0.3,0.7,0.0,0.3335310086001766,0.7412637051510107,0.2989177732615914,0.6790949341498191
5,35,0.99,0.5,0.95,0.5,8,3,truncated_gaussian_measurement_noise,700,800,0,,,10.0,1.0,0.3,0.7,0.0,0.14020165114797942,0.2609060815059962,0.3394420235512271,0.7759425670069129
5,35,0.99,0.5,0.95,0.5,8,4,coordinated_turn_model_mismatch,900,1000,0,,,10.0,1.0,0.61,0.39,0.0,0.03466429427045155,0.08937245759637777,0.7490417255082994,1.6460701931706991
5,35,0.99,0.5,0.95,0.5,8,5,process_noise_x_increased,1100,1300,1,140.0,14.0,0.0,0.0,0.71,0.175,0.115,0.20572280270066462,0.9973821823276047,1.0583002874856497,2.8805858848260297
5,35,0.995,0.5,0.95,0.5,8,0,measurement_outliers,100,200,0,,,0.0,0.0,0.68,0.32,0.0,0.045911203063358254,0.18650343900990235,1.1293703346024087,2.621178280354877
5,35,0.995,0.5,0.95,0.5,8,1,measurement_noise_x_increased,300,400,0,,,16.0,1.6,0.42,0.58,0.0,0.06593476889553872,0.1762990223578121,0.731158998809672,1.5912577972391617
5,35,0.995,0.5,0.95,0.5,8,2,measurement_noise_xy_decreased,500,600,0,,,35.0,3.5,0.26,0.74,0.0,0.3729012118286426,0.7228029877908779,0.2989177732615914,0.6790949341498191
5,35,0.995,0.5,0.95,0.5,8,3,truncated_gaussian_measurement_noise,700,800,0,,,10.0,1.0,0.28,0.72,0.0,0.16908390990819339,0.5280193983186618,0.3394420235512271,0.7759425670069129
5,35,0.995,0.5,0.95,0.5,8,4,coordinated_turn_model_mismatch,900,1000,0,,,0.0,0.0,1.0,0.0,0.0,0.013087547853157093,0.04081906661862443,0.7490417255082994,1.6460701931706991
5,35,0.995,0.5,0.95,0.5,8,5,process_noise_x_increased,1100,1300,1,141.0,14.100000000000001,18.0,1.8,0.7,0.2,0.1,0.2116628761541218,0.9969087640769649,1.0583002874856497,2.8805858848260297
5,50,0.95,0.5,0.95,0.5,8,0,measurement_outliers,100,200,0,,,0.0,0.0,0.71,0.29,0.0,0.028091131202832877,0.09040390175432816,1.1293703346024087,2.621178280354877
5,50,0.95,0.5,0.95,0.5,8,1,measurement_noise_x_increased,300,400,0,,,18.0,1.8,0.49,0.51,0.0,0.08782761683203619,0.23230367156981327,0.731158998809672,1.5912577972391617
5,50,0.95,0.5,0.95,0.5,8,2,measurement_noise_xy_decreased,500,600,0,,,34.0,3.4000000000000004,0.31,0.69,0.0,0.37735553808624667,0.7975226704719692,0.2989177732615914,0.6790949341498191
5,50,0.95,0.5,0.95,0.5,8,3,truncated_gaussian_measurement_noise,700,800,0,,,18.0,1.8,0.38,0.62,0.0,0.12803992901714473,0.36104111731754057,0.3394420235512271,0.7759425670069129
5,50,0.95,0.5,0.95,0.5,8,4,coordinated_turn_model_mismatch,900,1000,0,,,10.0,1.0,0.64,0.36,0.0,0.03173210305199645,0.10900261853385544,0.7490417255082994,1.6460701931706991
5,50,0.95,0.5,0.95,0.5,8,5,process_noise_x_increased,1100,1300,0,,,0.0,0.0,0.67,0.33,0.0,0.19104628611560062,0.9445678563058514,1.0583002874856497,2.8805858848260297
5,50,0.98,0.5,0.95,0.5,8,0,measurement_outliers,100,200,0,,,0.0,0.0,0.99,0.01,0.0,0.014316617370996473,0.05085035229191872,1.1293703346024087,2.621178280354877
5,50,0.98,0.5,0.95,0.5,8,1,measurement_noise_x_increased,300,400,0,,,17.0,1.7000000000000002,0.54,0.46,0.0,0.0586290920381585,0.15780770037466257,0.731158998809672,1.5912577972391617
5,50,0.98,0.5,0.95,0.5,8,2,measurement_noise_xy_decreased,500,600,0,,,35.0,3.5,0.34,0.66,0.0,0.3218654635222827,0.7646668015017558,0.2989177732615914,0.6790949341498191
5,50,0.98,0.5,0.95,0.5,8,3,truncated_gaussian_measurement_noise,700,800,0,,,11.0,1.1,0.51,0.49,0.0,0.08906171317095989,0.2461669693145839,0.3394420235512271,0.7759425670069129
5,50,0.98,0.5,0.95,0.5,8,4,coordinated_turn_model_mismatch,900,1000,0,,,3.0,0.30000000000000004,0.9,0.1,0.0,0.016329118002564844,0.06212529912048322,0.7490417255082994,1.6460701931706991
5,50,0.98,0.5,0.95,0.5,8,5,process_noise_x_increased,1100,1300,0,,,0.0,0.0,0.675,0.325,0.0,0.187049305906117,0.9496044595422668,1.0583002874856497,2.8805858848260297
5,50,0.99,0.5,0.95,0.5,8,0,measurement_outliers,100,200,0,,,0.0,0.0,1.0,0.0,0.0,0.005784293709566129,0.021118782375722445,1.1293703346024087,2.621178280354877
5,50,0.99,0.5,0.95,0.5,8,1,measurement_noise_x_increased,300,400,0,,,16.0,1.6,0.64,0.36,0.0,0.03366216593238964,0.10411875692704609,0.731158998809672,1.5912577972391617
5,50,0.99,0.5,0.95,0.5,8,2,measurement_noise_xy_decreased,500,600,0,,,35.0,3.5,0.39,0.61,0.0,0.2899068925860774,0.7148261520099715,0.2989177732615914,0.6790949341498191
5,50,0.99,0.5,0.95,0.5,8,3,truncated_gaussian_measurement_noise,700,800,0,,,10.0,1.0,0.48,0.52,0.0,0.07394120889209749,0.20103446720304755,0.3394420235512271,0.7759425670069129
5,50,0.99,0.5,0.95,0.5,8,4,coordinated_turn_model_mismatch,900,1000,0,,,0.0,0.0,1.0,0.0,0.0,0.011034786570626447,0.04546185170426113,0.7490417255082994,1.6460701931706991
5,50,0.99,0.5,0.95,0.5,8,5,process_noise_x_increased,1100,1300,1,160.0,16.0,0.0,0.0,0.695,0.27,0.035,0.1883962546222638,0.9766532223494986,1.0583002874856497,2.8805858848260297
5,50,0.995,0.5,0.95,0.5,8,0,measurement_outliers,100,200,0,,,0.0,0.0,1.0,0.0,0.0,0.00697286234434,0.027740601489098717,1.1293703346024087,2.621178280354877
5,50,0.995,0.5,0.95,0.5,8,1,measurement_noise_x_increased,300,400,0,,,15.0,1.5,0.65,0.35,0.0,0.028097775268570692,0.07419429286883404,0.731158998809672,1.5912577972391617
5,50,0.995,0.5,0.95,0.5,8,2,measurement_noise_xy_decreased,500,600,0,,,39.0,3.9000000000000004,0.32,0.68,0.0,0.31456282634202126,0.6877455390949803,0.2989177732615914,0.6790949341498191
5,50,0.995,0.5,0.95,0.5,8,3,truncated_gaussian_measurement_noise,700,800,0,,,8.0,0.8,0.53,0.47,0.0,0.05428366571128666,0.15076479066736195,0.3394420235512271,0.7759425670069129
5,50,0.995,0.5,0.95,0.5,8,4,coordinated_turn_model_mismatch,900,1000,0,,,0.0,0.0,1.0,0.0,0.0,0.006473666879629706,0.02760425036912707,0.7490417255082994,1.6460701931706991
5,50,0.995,0.5,0.95,0.5,8,5,process_noise_x_increased,1100,1300,1,159.0,15.9,0.0,0.0,0.72,0.255,0.025,0.192749344082944,0.9702201201350762,1.0583002874856497,2.8805858848260297
5,70,0.95,0.5,0.95,0.5,8,0,measurement_outliers,100,200,0,,,0.0,0.0,1.0,0.0,0.0,0.004657285173210599,0.022906046379274795,1.1293703346024087,2.621178280354877
5,70,0.95,0.5,0.95,0.5,8,1,measurement_noise_x_increased,300,400,0,,,17.0,1.7000000000000002,0.69,0.31,0.0,0.028863860914287404,0.11294705083980335,0.731158998809672,1.5912577972391617
5,70,0.95,0.5,0.95,0.5,8,2,measurement_noise_xy_decreased,500,600,0,,,37.0,3.7,0.48,0.52,0.0,0.26323393122470856,0.7637139884451449,0.2989177732615914,0.6790949341498191
5,70,0.95,0.5,0.95,0.5,8,3,truncated_gaussian_measurement_noise,700,800,0,,,8.0,0.8,0.62,0.38,0.0,0.0580942119174044,0.21257049604028344,0.3394420235512271,0.7759425670069129
5,70,0.95,0.5,0.95,0.5,8,4,coordinated_turn_model_mismatch,900,1000,0,,,9.0,0.9,0.97,0.03,0.0,0.006290467884247395,0.065044745766641,0.7490417255082994,1.6460701931706991
5,70,0.95,0.5,0.95,0.5,8,5,process_noise_x_increased,1100,1300,0,,,2.0,0.2,0.655,0.345,0.0,0.10664826253779534,0.5035032593781714,1.0583002874856497,2.8805858848260297
5,70,0.98,0.5,0.95,0.5,8,0,measurement_outliers,100,200,0,,,0.0,0.0,1.0,0.0,0.0,0.001965048107606904,0.009010724885904426,1.1293703346024087,2.621178280354877
5,70,0.98,0.5,0.95,0.5,8,1,measurement_noise_x_increased,300,400,0,,,16.0,1.6,0.86,0.14,0.0,0.016699175603735187,0.07936235138789607,0.731158998809672,1.5912577972391617
5,70,0.98,0.5,0.95,0.5,8,2,measurement_noise_xy_decreased,500,600,0,,,39.0,3.9000000000000004,0.54,0.46,0.0,0.23594487456431854,0.7137917129995577,0.2989177732615914,0.6790949341498191
5,70,0.98,0.5,0.95,0.5,8,3,truncated_gaussian_measurement_noise,700,800,0,,,8.0,0.8,0.67,0.33,0.0,0.052607955482614994,0.208134603878352,0.3394420235512271,0.7759425670069129
5,70,0.98,0.5,0.95,0.5,8,4,coordinated_turn_model_mismatch,900,1000,0,,,0.0,0.0,1.0,0.0,0.0,0.002636757503703906,0.03339274334657649,0.7490417255082994,1.6460701931706991
5,70,0.98,0.5,0.95,0.5,8,5,process_noise_x_increased,1100,1300,0,,,2.0,0.2,0.67,0.33,0.0,0.08618131400526181,0.5230840283885225,1.0583002874856497,2.8805858848260297
5,70,0.99,0.5,0.95,0.5,8,0,measurement_outliers,100,200,0,,,0.0,0.0,1.0,0.0,0.0,0.0006662120884014491,0.00286944691088787,1.1293703346024087,2.621178280354877
5,70,0.99,0.5,0.95,0.5,8,1,measurement_noise_x_increased,300,400,0,,,15.0,1.5,0.85,0.15,0.0,0.01614374166488947,0.06262208151643772,0.731158998809672,1.5912577972391617
5,70,0.99,0.5,0.95,0.5,8,2,measurement_noise_xy_decreased,500,600,0,,,37.0,3.7,0.44,0.56,0.0,0.21183084108484362,0.6606764784315996,0.2989177732615914,0.6790949341498191
5,70,0.99,0.5,0.95,0.5,8,3,truncated_gaussian_measurement_noise,700,800,0,,,8.0,0.8,0.68,0.32,0.0,0.04481624037620625,0.17253352667141683,0.3394420235512271,0.7759425670069129
5,70,0.99,0.5,0.95,0.5,8,4,coordinated_turn_model_mismatch,900,1000,0,,,0.0,0.0,1.0,0.0,0.0,0.001658824287970696,0.018822811748663012,0.7490417255082994,1.6460701931706991
5,70,0.99,0.5,0.95,0.5,8,5,process_noise_x_increased,1100,1300,0,,,4.0,0.4,0.68,0.32,0.0,0.09220406573512464,0.5959859756850772,1.0583002874856497,2.8805858848260297
5,70,0.995,0.5,0.95,0.5,8,0,measurement_outliers,100,200,0,,,0.0,0.0,1.0,0.0,0.0,0.00025889377528585765,0.0011123914673842317,1.1293703346024087,2.621178280354877
5,70,0.995,0.5,0.95,0.5,8,1,measurement_noise_x_increased,300,400,0,,,0.0,0.0,1.0,0.0,0.0,0.009046870215684946,0.03631413332020812,0.731158998809672,1.5912577972391617
5,70,0.995,0.5,0.95,0.5,8,2,measurement_noise_xy_decreased,500,600,0,,,37.0,3.7,0.52,0.48,0.0,0.21452246200767405,0.6351153164849537,0.2989177732615914,0.6790949341498191
5,70,0.995,0.5,0.95,0.5,8,3,truncated_gaussian_measurement_noise,700,800,0,,,8.0,0.8,0.69,0.31,0.0,0.04388433412667932,0.18740447783467923,0.3394420235512271,0.7759425670069129
5,70,0.995,0.5,0.95,0.5,8,4,coordinated_turn_model_mismatch,900,1000,0,,,0.0,0.0,1.0,0.0,0.0,0.0015893530751367132,0.02884787196255492,0.7490417255082994,1.6460701931706991
5,70,0.995,0.5,0.95,0.5,8,5,process_noise_x_increased,1100,1300,0,,,1.0,0.1,0.69,0.31,0.0,0.09408283056268608,0.6140282791105078,1.0583002874856497,2.8805858848260297
7,35,0.95,0.5,0.95,0.5,8,0,measurement_outliers,100,200,0,,,8.0,0.8,0.02,0.98,0.0,0.13021202159787948,0.27554420052111767,1.1293703346024087,2.621178280354877
7,35,0.95,0.5,0.95,0.5,8,1,measurement_noise_x_increased,300,400,0,,,42.0,4.2,0.22,0.78,0.0,0.21124022060944586,0.4369140106062545,0.731158998809672,1.5912577972391617
7,35,0.95,0.5,0.95,0.5,8,2,measurement_noise_xy_decreased,500,600,0,,,35.0,3.5,0.16,0.84,0.0,0.4526042154520917,0.8316893850389895,0.2989177732615914,0.6790949341498191
7,35,0.95,0.5,0.95,0.5,8,3,truncated_gaussian_measurement_noise,700,800,0,,,36.0,3.6,0.19,0.81,0.0,0.2856577296878751,0.5694511068085689,0.3394420235512271,0.7759425670069129
7,35,0.95,0.5,0.95,0.5,8,4,coordinated_turn_model_mismatch,900,1000,0,,,48.0,4.800000000000001,0.33,0.67,0.0,0.09872807547655961,0.2404065901913861,0.7490417255082994,1.6460701931706991
7,35,0.95,0.5,0.95,0.5,8,5,process_noise_x_increased,1100,1300,1,141.0,14.100000000000001,44.0,4.4,0.46,0.47,0.07,0.24865980923055322,0.9912725175112697,1.0583002874856497,2.8805858848260297
7,35,0.98,0.5,0.95,0.5,8,0,measurement_outliers,100,200,0,,,5.0,0.5,0.22,0.78,0.0,0.0949619566529846,0.2139427478511682,1.1293703346024087,2.621178280354877
7,35,0.98,0.5,0.95,0.5,8,1,measurement_noise_x_increased,300,400,0,,,25.0,2.5,0.36,0.64,0.0,0.1370808526838809,0.3054323810126082,0.731158998809672,1.5912577972391617
7,35,0.98,0.5,0.95,0.5,8,2,measurement_noise_xy_decreased,500,600,0,,,35.0,3.5,0.24,0.76,0.0,0.3991289022378492,0.7675832624821227,0.2989177732615914,0.6790949341498191
7,35,0.98,0.5,0.95,0.5,8,3,truncated_gaussian_measurement_noise,700,800,0,,,33.0,3.3000000000000003,0.24,0.76,0.0,0.2575526988171697,0.5166629468026648,0.3394420235512271,0.7759425670069129
7,35,0.98,0.5,0.95,0.5,8,4,coordinated_turn_model_mismatch,900,1000,0,,,33.0,3.3000000000000003,0.41,0.59,0.0,0.062483096106486204,0.17139746444186232,0.7490417255082994,1.6460701931706991
7,35,0.98,0.5,0.95,0.5,8,5,process_noise_x_increased,1100,1300,1,141.0,14.100000000000001,16.0,1.6,0.545,0.39,0.065,0.23044305438324791,0.9843219506097215,1.0583002874856497,2.8805858848260297
7,35,0.99,0.5,0.95,0.5,8,0,measurement_outliers,100,200,0,,,0.0,0.0,0.39,0.61,0.0,0.06281468976721447,0.14623060543093053,1.1293703346024087,2.621178280354877
7,35,0.99,0.5,0.95,0.5,8,1,measurement_noise_x_increased,300,400,0,,,24.0,2.4000000000000004,0.43,0.57,0.0,0.08520728453790496,0.2012667972455417,0.731158998809672,1.5912577972391617
7,35,0.99,0.5,0.95,0.5,8,2,measurement_noise_xy_decreased,500,600,0,,,35.0,3.5,0.26,0.74,0.0,0.3414190146828996,0.7226701313914182,0.2989177732615914,0.6790949341498191
7,35,0.99,0.5,0.95,0.5,8,3,truncated_gaussian_measurement_noise,700,800,0,,,23.0,2.3000000000000003,0.25,0.75,0.0,0.17796867885068895,0.36891668193298577,0.3394420235512271,0.7759425670069129
7,35,0.99,0.5,0.95,0.5,8,4,coordinated_turn_model_mismatch,900,1000,0,,,33.0,3.3000000000000003,0.7,0.3,0.0,0.035955590866733854,0.10625257044428568,0.7490417255082994,1.6460701931706991
7,35,0.99,0.5,0.95,0.5,8,5,process_noise_x_increased,1100,1300,1,141.0,14.100000000000001,7.0,0.7000000000000001,0.625,0.31,0.065,0.22307010652066897,0.9847077022581476,1.0583002874856497,2.8805858848260297
7,35,0.995,0.5,0.95,0.5,8,0,measurement_outliers,100,200,0,,,0.0,0.0,0.83,0.17,0.0,0.02912030958539281,0.07084178423313135,1.1293703346024087,2.621178280354877
7,35,0.995,0.5,0.95,0.5,8,1,measurement_noise_x_increased,300,400,0,,,20.0,2.0,0.36,0.64,0.0,0.07253224495785651,0.1636933854997565,0.731158998809672,1.5912577972391617
7,35,0.995,0.5,0.95,0.5,8,2,measurement_noise_xy_decreased,500,600,0,,,37.0,3.7,0.26,0.74,0.0,0.4032835366936599,0.7235613093876352,0.2989177732615914,0.6790949341498191
7,35,0.995,0.5,0.95,0.5,8,3,truncated_gaussian_measurement_noise,700,800,0,,,17.0,1.7000000000000002,0.24,0.76,0.0,0.2732393052002752,0.5641360929589344,0.3394420235512271,0.7759425670069129
7,35,0.995,0.5,0.95,0.5,8,4,coordinated_turn_model_mismatch,900,1000,0,,,24.0,2.4000000000000004,0.94,0.06,0.0,0.019120632387466814,0.05620106365691171,0.7490417255082994,1.6460701931706991
7,35,0.995,0.5,0.95,0.5,8,5,process_noise_x_increased,1100,1300,1,141.0,14.100000000000001,4.0,0.4,0.665,0.27,0.065,0.21692890756092023,0.9799010434022865,1.0583002874856497,2.8805858848260297
7,50,0.95,0.5,0.95,0.5,8,0,measurement_outliers,100,200,0,,,0.0,0.0,0.46,0.54,0.0,0.05925495886267397,0.11226922608326953,1.1293703346024087,2.621178280354877
7,50,0.95,0.5,0.95,0.5,8,1,measurement_noise_x_increased,300,400,0,,,24.0,2.4000000000000004,0.41,0.59,0.0,0.12392759940148959,0.29979271166281674,0.731158998809672,1.5912577972391617
7,50,0.95,0.5,0.95,0.5,8,2,measurement_noise_xy_decreased,500,600,0,,,36.0,3.6,0.24,0.76,0.0,0.37944935598375673,0.7918791708705071,0.2989177732615914,0.6790949341498191
7,50,0.95,0.5,0.95,0.5,8,3,truncated_gaussian_measurement_noise,700,800,0,,,27.0,2.7,0.32,0.68,0.0,0.20766457751590955,0.5161460557549703,0.3394420235512271,0.7759425670069129
7,50,0.95,0.5,0.95,0.5,8,4,coordinated_turn_model_mismatch,900,1000,0,,,30.0,3.0,0.63,0.37,0.0,0.044747719458761395,0.15955557557551264,0.7490417255082994,1.6460701931706991
7,50,0.95,0.5,0.95,0.5,8,5,process_noise_x_increased,1100,1300,0,,,0.0,0.0,0.59,0.4,0.01,0.21164764613916393,0.9515042857376306,1.0583002874856497,2.8805858848260297
7,50,0.98,0.5,0.95,0.5,8,0,measurement_outliers,100,200,0,,,0.0,0.0,0.73,0.27,0.0,0.03581440898671555,0.07385490028115292,1.1293703346024087,2.621178280354877
7,50,0.98,0.5,0.95,0.5,8,1,measurement_noise_x_increased,300,400,0,,,24.0,2.4000000000000004,0.47,0.53,0.0,0.0754814285683436,0.19759011179506977,0.731158998809672,1.5912577972391617
7,50,0.98,0.5,0.95,0.5,8,2,measurement_noise_xy_decreased,500,600,0,,,37.0,3.7,0.32,0.68,0.0,0.3173768825688598,0.7338772045734998,0.2989177732615914,0.6790949341498191
7,50,0.98,0.5,0.95,0.5,8,3,truncated_gaussian_measurement_noise,700,800,0,,,23.0,2.3000000000000003,0.32,0.68,0.0,0.2147836464208787,0.5729097892897983,0.3394420235512271,0.7759425670069129
7,50,0.98,0.5,0.95,0.5,8,4,coordinated_turn_model_mismatch,900,1000,0,,,27.0,2.7,0.83,0.17,0.0,0.025347357973441273,0.0896801612269667,0.7490417255082994,1.6460701931706991
7,50,0.98,0.5,0.95,0.5,8,5,process_noise_x_increased,1100,1300,0,,,0.0,0.0,0.65,0.35,0.0,0.20023711277902467,0.9321455615673432,1.0583002874856497,2.8805858848260297
7,50,0.99,0.5,0.95,0.5,8,0,measurement_outliers,100,200,0,,,0.0,0.0,1.0,0.0,0.0,0.018944479567144713,0.043477368518736764,1.1293703346024087,2.621178280354877
7,50,0.99,0.5,0.95,0.5,8,1,measurement_noise_x_increased,300,400,0,,,20.0,2.0,0.48,0.52,0.0,0.06524361783471685,0.15591769650488213,0.731158998809672,1.5912577972391617
7,50,0.99,0.5,0.95,0.5,8,2,measurement_noise_xy_decreased,500,600,0,,,37.0,3.7,0.34,0.66,0.0,0.2796100331997502,0.6745925248721677,0.2989177732615914,0.6790949341498191
7,50,0.99,0.5,0.95,0.5,8,3,truncated_gaussian_measurement_noise,700,800,0,,,10.0,1.0,0.34,0.66,0.0,0.17437791085084914,0.42606843251190435,0.3394420235512271,0.7759425670069129
7,50,0.99,0.5,0.95,0.5,8,4,coordinated_turn_model_mismatch,900,1000,0,,,11.0,1.1,0.95,0.05,0.0,0.014087308688890625,0.05511737367561644,0.7490417255082994,1.6460701931706991
7,50,0.99,0.5,0.95,0.5,8,5,process_noise_x_increased,1100,1300,0,,,0.0,0.0,0.665,0.335,0.0,0.19400727382152896,0.9383539929483349,1.0583002874856497,2.8805858848260297
7,50,0.995,0.5,0.95,0.5,8,0,measurement_outliers,100,200,0,,,0.0,0.0,0.77,0.23,0.0,0.02638550357427844,0.10916258586849041,1.1293703346024087,2.621178280354877
7,50,0.995,0.5,0.95,0.5,8,1,measurement_noise_x_increased,300,400,0,,,18.0,1.8,0.65,0.35,0.0,0.05377154031510092,0.1803992060474246,0.731158998809672,1.5912577972391617
7,50,0.995,0.5,0.95,0.5,8,2,measurement_noise_xy_decreased,500,600,0,,,40.0,4.0,0.3,0.7,0.0,0.33482599596947693,0.7056820262788093,0.2989177732615914,0.6790949341498191
7,50,0.995,0.5,0.95,0.5,8,3,truncated_gaussian_measurement_noise,700,800,0,,,10.0,1.0,0.27,0.73,0.0,0.18095190524967467,0.46688632269447505,0.3394420235512271,0.7759425670069129
7,50,0.995,0.5,0.95,0.5,8,4,coordinated_turn_model_mismatch,900,1000,0,,,3.0,0.30000000000000004,0.93,0.07,0.0,0.009904350317083506,0.05700763068082167,0.7490417255082994,1.6460701931706991
7,50,0.995,0.5,0.95,0.5,8,5,process_noise_x_increased,1100,1300,0,,,0.0,0.0,0.69,0.31,0.0,0.1869794888070743,0.9317438269527283,1.0583002874856497,2.8805858848260297
7,70,0.95,0.5,0.95,0.5,8,0,measurement_outliers,100,200,0,,,0.0,0.0,1.0,0.0,0.0,0.015958282425213476,0.034192089078768216,1.1293703346024087,2.621178280354877
7,70,0.95,0.5,0.95,0.5,8,1,measurement_noise_x_increased,300,400,0,,,20.0,2.0,0.6,0.4,0.0,0.04782283775497411,0.16482380964017554,0.731158998809672,1.5912577972391617
7,70,0.95,0.5,0.95,0.5,8,2,measurement_noise_xy_decreased,500,600,0,,,40.0,4.0,0.38,0.62,0.0,0.2846492812201073,0.7572267861900803,0.2989177732615914,0.6790949341498191
7,70,0.95,0.5,0.95,0.5,8,3,truncated_gaussian_measurement_noise,700,800,0,,,10.0,1.0,0.53,0.47,0.0,0.11214287164725498,0.4596968183953204,0.3394420235512271,0.7759425670069129
7,70,0.95,0.5,0.95,0.5,8,4,coordinated_turn_model_mismatch,900,1000,0,,,13.0,1.3,0.94,0.06,0.0,0.01026334713929307,0.0848247117772311,0.7490417255082994,1.6460701931706991
7,70,0.95,0.5,0.95,0.5,8,5,process_noise_x_increased,1100,1300,0,,,3.0,0.30000000000000004,0.615,0.385,0.0,0.1486487674776374,0.7149670661412166,1.0583002874856497,2.8805858848260297
7,70,0.98,0.5,0.95,0.5,8,0,measurement_outliers,100,200,0,,,0.0,0.0,1.0,0.0,0.0,0.008586397720566038,0.02487781685164507,1.1293703346024087,2.621178280354877
7,70,0.98,0.5,0.95,0.5,8,1,measurement_noise_x_increased,300,400,0,,,19.0,1.9000000000000001,0.67,0.33,0.0,0.031800460178904644,0.1054427086600701,0.731158998809672,1.5912577972391617
7,70,0.98,0.5,0.95,0.5,8,2,measurement_noise_xy_decreased,500,600,0,,,41.0,4.1000000000000005,0.4,0.6,0.0,0.23737321441274573,0.6710355748171204,0.2989177732615914,0.6790949341498191
7,70,0.98,0.5,0.95,0.5,8,3,truncated_gaussian_measurement_noise,700,800,0,,,10.0,1.0,0.53,0.47,0.0,0.09702147530336078,0.4287831085904753,0.3394420235512271,0.7759425670069129
7,70,0.98,0.5,0.95,0.5,8,4,coordinated_turn_model_mismatch,900,1000,0,,,9.0,0.9,0.95,0.05,0.0,0.0061788810190306145,0.06008936213705238,0.7490417255082994,1.6460701931706991
7,70,0.98,0.5,0.95,0.5,8,5,process_noise_x_increased,1100,1300,0,,,1.0,0.1,0.63,0.37,0.0,0.12903675608154191,0.6637096679898479,1.0583002874856497,2.8805858848260297
7,70,0.99,0.5,0.95,0.5,8,0,measurement_outliers,100,200,0,,,0.0,0.0,1.0,0.0,0.0,0.007275136819703964,0.026265613848621076,1.1293703346024087,2.621178280354877
7,70,0.99,0.5,0.95,0.5,8,1,measurement_noise_x_increased,300,400,0,,,17.0,1.7000000000000002,0.85,0.15,0.0,0.020921466809053494,0.07008846341391749,0.731158998809672,1.5912577972391617
7,70,0.99,0.5,0.95,0.5,8,2,measurement_noise_xy_decreased,500,600,0,,,41.0,4.1000000000000005,0.5,0.5,0.0,0.22044069599589214,0.6352334612730928,0.2989177732615914,0.6790949341498191
7,70,0.99,0.5,0.95,0.5,8,3,truncated_gaussian_measurement_noise,700,800,0,,,10.0,1.0,0.52,0.48,0.0,0.09595656082790399,0.4326702801672563,0.3394420235512271,0.7759425670069129
7,70,0.99,0.5,0.95,0.5,8,4,coordinated_turn_model_mismatch,900,1000,0,,,0.0,0.0,1.0,0.0,0.0,0.0035230958782911694,0.03940315071110667,0.7490417255082994,1.6460701931706991
7,70,0.99,0.5,0.95,0.5,8,5,process_noise_x_increased,1100,1300,0,,,2.0,0.2,0.655,0.345,0.0,0.11689753809497173,0.6567300155626302,1.0583002874856497,2.8805858848260297
7,70,0.995,0.5,0.95,0.5,8,0,measurement_outliers,100,200,0,,,0.0,0.0,1.0,0.0,0.0,0.005992113047264698,0.021292311661911808,1.1293703346024087,2.621178280354877
7,70,0.995,0.5,0.95,0.5,8,1,measurement_noise_x_increased,300,400,0,,,5.0,0.5,0.66,0.34,0.0,0.03193954962003497,0.12175551916649584,0.731158998809672,1.5912577972391617
7,70,0.995,0.5,0.95,0.5,8,2,measurement_noise_xy_decreased,500,600,0,,,41.0,4.1000000000000005,0.42,0.58,0.0,0.2217141776289504,0.5985155975796486,0.2989177732615914,0.6790949341498191
7,70,0.995,0.5,0.95,0.5,8,3,truncated_gaussian_measurement_noise,700,800,0,,,10.0,1.0,0.52,0.48,0.0,0.09547939478151032,0.3944436181587223,0.3394420235512271,0.7759425670069129
7,70,0.995,0.5,0.95,0.5,8,4,coordinated_turn_model_mismatch,900,1000,0,,,0.0,0.0,1.0,0.0,0.0,0.00150788383090169,0.01970661589452599,0.7490417255082994,1.6460701931706991
7,70,0.995,0.5,0.95,0.5,8,5,process_noise_x_increased,1100,1300,0,,,1.0,0.1,0.67,0.33,0.0,0.1126372418937043,0.6789256700355701,1.0583002874856497,2.8805858848260297
10,50,0.95,0.5,0.95,0.5,8,0,measurement_outliers,100,200,0,,,63.0,6.300000000000001,0.0,1.0,0.0,0.14024102576358285,0.23733601306633503,1.1293703346024087,2.621178280354877
10,50,0.95,0.5,0.95,0.5,8,1,measurement_noise_x_increased,300,400,0,,,49.0,4.9,0.32,0.68,0.0,0.14173779478117646,0.32058702656251964,0.731158998809672,1.5912577972391617
10,50,0.95,0.5,0.95,0.5,8,2,measurement_noise_xy_decreased,500,600,0,,,46.0,4.6000000000000005,0.23,0.77,0.0,0.31555929325691073,0.6425905529626046,0.2989177732615914,0.6790949341498191
10,50,0.95,0.5,0.95,0.5,8,3,truncated_gaussian_measurement_noise,700,800,0,,,37.0,3.7,0.28,0.72,0.0,0.18662657835896343,0.4255742179517419,0.3394420235512271,0.7759425670069129
10,50,0.95,0.5,0.95,0.5,8,4,coordinated_turn_model_mismatch,900,1000,0,,,44.0,4.4,0.51,0.49,0.0,0.06654184616321279,0.16025495284957253,0.7490417255082994,1.6460701931706991
10,50,0.95,0.5,0.95,0.5,8,5,process_noise_x_increased,1100,1300,0,,,65.0,6.5,0.5,0.5,0.0,0.20027276466807606,0.7645896779545953,1.0583002874856497,2.8805858848260297
10,50,0.98,0.5,0.95,0.5,8,0,measurement_outliers,100,200,0,,,47.0,4.7,0.09,0.91,0.0,0.08967365623120406,0.14815671873842962,1.1293703346024087,2.621178280354877
10,50,0.98,0.5,0.95,0.5,8,1,measurement_noise_x_increased,300,400,0,,,42.0,4.2,0.49,0.51,0.0,0.08959203016804043,0.24229599821105546,0.731158998809672,1.5912577972391617
10,50,0.98,0.5,0.95,0.5,8,2,measurement_noise_xy_decreased,500,600,0,,,50.0,5.0,0.31,0.69,0.0,0.24975139680078812,0.6040940299603548,0.2989177732615914,0.6790949341498191
10,50,0.98,0.5,0.95,0.5,8,3,truncated_gaussian_measurement_noise,700,800,0,,,34.0,3.4000000000000004,0.46,0.54,0.0,0.1288263411335916,0.35531113296386163,0.3394420235512271,0.7759425670069129
10,50,0.98,0.5,0.95,0.5,8,4,coordinated_turn_model_mismatch,900,1000,0,,,31.0,3.1,0.72,0.28,0.0,0.03716716043127407,0.10520422733874245,0.7490417255082994,1.6460701931706991
10,50,0.98,0.5,0.95,0.5,8,5,process_noise_x_increased,1100,1300,0,,,62.0,6.2,0.605,0.395,0.0,0.15794180188854645,0.6318761778760105,1.0583002874856497,2.8805858848260297
10,50,0.99,0.5,0.95,0.5,8,0,measurement_outliers,100,200,0,,,9.0,0.9,0.52,0.48,0.0,0.04824392853315616,0.0812464598510082,1.1293703346024087,2.621178280354877
10,50,0.99,0.5,0.95,0.5,8,1,measurement_noise_x_increased,300,400,0,,,37.0,3.7,0.65,0.35,0.0,0.04934844487453853,0.1660012686845834,0.731158998809672,1.5912577972391617
10,50,0.99,0.5,0.95,0.5,8,2,measurement_noise_xy_decreased,500,600,0,,,50.0,5.0,0.41,0.59,0.0,0.18005901703512478,0.531300184469847,0.2989177732615914,0.6790949341498191
10,50,0.99,0.5,0.95,0.5,8,3,truncated_gaussian_measurement_noise,700,800,0,,,33.0,3.3000000000000003,0.54,0.46,0.0,0.07895607672157987,0.2643573749157494,0.3394420235512271,0.7759425670069129
10,50,0.99,0.5,0.95,0.5,8,4,coordinated_turn_model_mismatch,900,1000,0,,,16.0,1.6,0.93,0.07,0.0,0.017720933784036705,0.0601541642771074,0.7490417255082994,1.6460701931706991
10,50,0.99,0.5,0.95,0.5,8,5,process_noise_x_increased,1100,1300,0,,,44.0,4.4,0.625,0.375,0.0,0.11415519799454303,0.47592531361833607,1.0583002874856497,2.8805858848260297
10,50,0.995,0.5,0.95,0.5,8,0,measurement_outliers,100,200,0,,,0.0,0.0,1.0,0.0,0.0,0.01835304218643006,0.03577963298403702,1.1293703346024087,2.621178280354877
10,50,0.995,0.5,0.95,0.5,8,1,measurement_noise_x_increased,300,400,0,,,20.0,2.0,0.86,0.14,0.0,0.020292522280380778,0.08780877822906903,0.731158998809672,1.5912577972391617
10,50,0.995,0.5,0.95,0.5,8,2,measurement_noise_xy_decreased,500,600,0,,,45.0,4.5,0.55,0.45,0.0,0.10121489060222918,0.3892498600796377,0.2989177732615914,0.6790949341498191
10,50,0.995,0.5,0.95,0.5,8,3,truncated_gaussian_measurement_noise,700,800,0,,,24.0,2.4000000000000004,0.67,0.33,0.0,0.03770589445254563,0.15480096279468727,0.3394420235512271,0.7759425670069129
10,50,0.995,0.5,0.95,0.5,8,4,coordinated_turn_model_mismatch,900,1000,0,,,0.0,0.0,1.0,0.0,0.0,0.005781931403463571,0.021287524570696548,0.7490417255082994,1.6460701931706991
10,50,0.995,0.5,0.95,0.5,8,5,process_noise_x_increased,1100,1300,0,,,14.0,1.4000000000000001,0.655,0.345,0.0,0.06634796322927689,0.2863853082368699,1.0583002874856497,2.8805858848260297
10,70,0.95,0.5,0.95,0.5,8,0,measurement_outliers,100,200,0,,,21.0,2.1,0.43,0.57,0.0,0.06005598034346662,0.111175220268546,1.1293703346024087,2.621178280354877
10,70,0.95,0.5,0.95,0.5,8,1,measurement_noise_x_increased,300,400,0,,,42.0,4.2,0.66,0.34,0.0,0.055019410125312584,0.2092146310644434,0.731158998809672,1.5912577972391617
10,70,0.95,0.5,0.95,0.5,8,2,measurement_noise_xy_decreased,500,600,0,,,53.0,5.300000000000001,0.41,0.59,0.0,0.21147612562878823,0.6140526769234974,0.2989177732615914,0.6790949341498191
10,70,0.95,0.5,0.95,0.5,8,3,truncated_gaussian_measurement_noise,700,800,0,,,36.0,3.6,0.56,0.44,0.0,0.09616677921171396,0.30232101451532434,0.3394420235512271,0.7759425670069129
10,70,0.95,0.5,0.95,0.5,8,4,coordinated_turn_model_mismatch,900,1000,0,,,19.0,1.9000000000000001,0.86,0.14,0.0,0.01992839068127447,0.0942914663506328,0.7490417255082994,1.6460701931706991
10,70,0.95,0.5,0.95,0.5,8,5,process_noise_x_increased,1100,1300,0,,,19.0,1.9000000000000001,0.615,0.385,0.0,0.1247576771606641,0.46348598808837715,1.0583002874856497,2.8805858848260297
10,70,0.98,0.5,0.95,0.5,8,0,measurement_outliers,100,200,0,,,13.0,1.3,0.77,0.23,0.0,0.03347001043829649,0.07602406643070646,1.1293703346024087,2.621178280354877
10,70,0.98,0.5,0.95,0.5,8,1,measurement_noise_x_increased,300,400,0,,,37.0,3.7,0.75,0.25,0.0,0.03157905881241411,0.14345984402619327,0.731158998809672,1.5912577972391617
10,70,0.98,0.5,0.95,0.5,8,2,measurement_noise_xy_decreased,500,600,0,,,55.0,5.5,0.5,0.5,0.0,0.15743707842448063,0.5482842018366313,0.2989177732615914,0.6790949341498191
10,70,0.98,0.5,0.95,0.5,8,3,truncated_gaussian_measurement_noise,700,800,0,,,34.0,3.4000000000000004,0.65,0.35,0.0,0.05970317248470703,0.23870779118025814,0.3394420235512271,0.7759425670069129
10,70,0.98,0.5,0.95,0.5,8,4,coordinated_turn_model_mismatch,900,1000,0,,,13.0,1.3,1.0,0.0,0.0,0.009490362999804741,0.049670385639410036,0.7490417255082994,1.6460701931706991
10,70,0.98,0.5,0.95,0.5,8,5,process_noise_x_increased,1100,1300,0,,,18.0,1.8,0.64,0.36,0.0,0.09126666792027985,0.3574952961395213,1.0583002874856497,2.8805858848260297
10,70,0.99,0.5,0.95,0.5,8,0,measurement_outliers,100,200,0,,,0.0,0.0,1.0,0.0,0.0,0.016202720966495977,0.042978080992585814,1.1293703346024087,2.621178280354877
10,70,0.99,0.5,0.95,0.5,8,1,measurement_noise_x_increased,300,400,0,,,23.0,2.3000000000000003,0.91,0.09,0.0,0.01608974459543214,0.08514797244500873,0.731158998809672,1.5912577972391617
10,70,0.99,0.5,0.95,0.5,8,2,measurement_noise_xy_decreased,500,600,0,,,55.0,5.5,0.6,0.4,0.0,0.10500533268266449,0.44319787249829845,0.2989177732615914,0.6790949341498191
10,70,0.99,0.5,0.95,0.5,8,3,truncated_gaussian_measurement_noise,700,800,0,,,32.0,3.2,0.71,0.29,0.0,0.032738776189994254,0.15877636308897897,0.3394420235512271,0.7759425670069129
10,70,0.99,0.5,0.95,0.5,8,4,coordinated_turn_model_mismatch,900,1000,0,,,0.0,0.0,1.0,0.0,0.0,0.004045563994650089,0.02129799120162569,0.7490417255082994,1.6460701931706991
10,70,0.99,0.5,0.95,0.5,8,5,process_noise_x_increased,1100,1300,0,,,16.0,1.6,0.67,0.33,0.0,0.061168537762327245,0.2509980110865664,1.0583002874856497,2.8805858848260297
10,70,0.995,0.5,0.95,0.5,8,0,measurement_outliers,100,200,0,,,0.0,0.0,1.0,0.0,0.0,0.005863752512240147,0.01563764722639145,1.1293703346024087,2.621178280354877
10,70,0.995,0.5,0.95,0.5,8,1,measurement_noise_x_increased,300,400,0,,,0.0,0.0,1.0,0.0,0.0,0.006155082691898977,0.03754257108637296,0.731158998809672,1.5912577972391617
10,70,0.995,0.5,0.95,0.5,8,2,measurement_noise_xy_decreased,500,600,0,,,50.0,5.0,0.71,0.29,0.0,0.05216925935006321,0.2793797705973296,0.2989177732615914,0.6790949341498191
10,70,0.995,0.5,0.95,0.5,8,3,truncated_gaussian_measurement_noise,700,800,0,,,5.0,0.5,0.92,0.08,0.0,0.013914466297029365,0.07899291763743672,0.3394420235512271,0.7759425670069129
10,70,0.995,0.5,0.95,0.5,8,4,coordinated_turn_model_mismatch,900,1000,0,,,0.0,0.0,1.0,0.0,0.0,0.0012572274529060153,0.005725079224762782,0.7490417255082994,1.6460701931706991
10,70,0.995,0.5,0.95,0.5,8,5,process_noise_x_increased,1100,1300,0,,,11.0,1.1,0.705,0.295,0.0,0.032291872385211605,0.13993190544925166,1.0583002874856497,2.8805858848260297
5,25,0.95,0.5,0.95,0.5,9,0,measurement_outliers,100,200,0,,,0.0,0.0,0.27,0.73,0.0,0.11443404538853294,0.27051576853256565,1.0704939002100908,2.8699986687377668
5,25,0.95,0.5,0.95,0.5,9,1,measurement_noise_x_increased,300,400,0,,,19.0,1.9000000000000001,0.34,0.66,0.0,0.1892145017570671,0.5974906053634123,0.7512172512097277,1.8129928036561307
5,25,0.95,0.5,0.95,0.5,9,2,measurement_noise_xy_decreased,500,600,0,,,40.0,4.0,0.02,0.98,0.0,0.575879769717531,0.9023470904648121,0.36054599267610343,0.646337873600152
5,25,0.95,0.5,0.95,0.5,9,3,truncated_gaussian_measurement_noise,700,800,0,,,24.0,2.4000000000000004,0.04,0.96,0.0,0.521942178881981,0.8717336175215382,0.2895638265315423,0.7868751180058862
5,25,0.95,0.5,0.95,0.5,9,4,coordinated_turn_model_mismatch,900,1000,1,31.0,3.1,50.0,5.0,0.14,0.17,0.69,0.7704389648091162,0.999997681952058,2.2849876010476002,3.1007004058522574
5,25,0.95,0.5,0.95,0.5,9,5,process_noise_x_increased,1100,1300,0,,,0.0,0.0,0.5,0.5,0.0,0.08441313742508683,0.39966899097520814,0.6893447429843695,1.790596844540879
5,25,0.98,0.5,0.95,0.5,9,0,measurement_outliers,100,200,0,,,0.0,0.0,0.55,0.45,0.0,0.06648766199627108,0.21091884912050726,1.0704939002100908,2.8699986687377668
5,25,0.98,0.5,0.95,0.5,9,1,measurement_noise_x_increased,300,400,0,,,18.0,1.8,0.55,0.45,0.0,0.1392089597503591,0.48468747203878665,0.7512172512097277,1.8129928036561307
5,25,0.98,0.5,0.95,0.5,9,2,measurement_noise_xy_decreased,500,600,0,,,38.0,3.8000000000000003,0.09,0.91,0.0,0.5347188795299331,0.8714941557957111,0.36054599267610343,0.646337873600152
5,25,0.98,0.5,0.95,0.5,9,3,truncated_gaussian_measurement_noise,700,800,0,,,25.0,2.5,0.13,0.87,0.0,0.4579195235240854,0.8528448530268461,0.2895638265315423,0.7868751180058862
5,25,0.98,0.5,0.95,0.5,9,4,coordinated_turn_model_mismatch,900,1000,1,31.0,3.1,51.0,5.1000000000000005,0.18,0.13,0.69,0.7655435117366141,0.9999999887149774,2.2849876010476002,3.1007004058522574
5,25,0.98,0.5,0.95,0.5,9,5,process_noise_x_increased,1100,1300,0,,,0.0,0.0,0.71,0.29,0.0,0.050685989812043954,0.310117185329275,0.6893447429843695,1.790596844540879
5,25,0.99,0.5,0.95,0.5,9,0,measurement_outliers,100,200,0,,,0.0,0.0,0.67,0.33,0.0,0.05663564176995905,0.20040619379706012,1.0704939002100908,2.8699986687377668
5,25,0.99,0.5,0.95,0.5,9,1,measurement_noise_x_increased,300,400,0,,,15.0,1.5,0.64,0.36,0.0,0.09609969495422574,0.3934087957849864,0.7512172512097277,1.8129928036561307
5,25,0.99,0.5,0.95,0.5,9,2,measurement_noise_xy_decreased,500,600,0,,,38.0,3.8000000000000003,0.15,0.85,0.0,0.4818269568063578,0.8134751033550085,0.36054599267610343,0.646337873600152
5,25,0.99,0.5,0.95,0.5,9,3,truncated_gaussian_measurement_noise,700,800,0,,,27.0,2.7,0.17,0.83,0.0,0.38243732814894477,0.8141185876274009,0.2895638265315423,0.7868751180058862
5,25,0.99,0.5,0.95,0.5,9,4,coordinated_turn_model_mismatch,900,1000,1,30.0,3.0,49.0,4.9,0.18,0.12,0.7,0.7545111554831778,0.9999999962401321,2.2849876010476002,3.1007004058522574
5,25,0.99,0.5,0.95,0.5,9,5,process_noise_x_increased,1100,1300,0,,,0.0,0.0,0.725,0.275,0.0,0.03947279572419205,0.2521353928628704,0.6893447429843695,1.790596844540879
5,25,0.995,0.5,0.95,0.5,9,0,measurement_outliers,100,200,0,,,0.0,0.0,0.84,0.16,0.0,0.02573903790502867,0.0913547881061276,1.0704939002100908,2.8699986687377668
5,25,0.995,0.5,0.95,0.5,9,1,measurement_noise_x_increased,300,400,0,,,11.0,1.1,0.73,0.27,0.0,0.053316967184214706,0.26332825384594916,0.7512172512097277,1.8129928036561307
5,25,0.995,0.5,0.95,0.5,9,2,measurement_noise_xy_decreased,500,600,0,,,38.0,3.8000000000000003,0.19,0.81,0.0,0.4391683364286738,0.8025963601626447,0.36054599267610343,0.646337873600152
5,25,0.995,0.5,0.95,0.5,9,3,truncated_gaussian_measurement_noise,700,800,0,,,27.0,2.7,0.28,0.72,0.0,0.2840136959945853,0.7283101837575215,0.2895638265315423,0.7868751180058862
5,25,0.995,0.5,0.95,0.5,9,4,coordinated_turn_model_mismatch,900,1000,1,28.0,2.8000000000000003,46.0,4.6000000000000005,0.18,0.1,0.72,0.748022668023631,0.9999999996572777,2.2849876010476002,3.1007004058522574
5,25,0.995,0.5,0.95,0.5,9,5,process_noise_x_increased,1100,1300,0,,,0.0,0.0,0.845,0.155,0.0,0.021827308302883583,0.15930209962795586,0.6893447429843695,1.790596844540879
5,35,0.95,0.5,0.95,0.5,9,0,measurement_outliers,100,200,0,,,0.0,0.0,0.64,0.36,0.0,0.05848444495035371,0.2127455588054715,1.0704939002100908,2.8699986687377668
5,35,0.95,0.5,0.95,0.5,9,1,measurement_noise_x_increased,300,400,0,,,18.0,1.8,0.6,0.4,0.0,0.13185287856272512,0.5469360365042958,0.7512172512097277,1.8129928036561307
5,35,0.95,0.5,0.95,0.5,9,2,measurement_noise_xy_decreased,500,600,0,,,37.0,3.7,0.1,0.9,0.0,0.5329006770742997,0.893378215496071,0.36054599267610343,0.646337873600152
5,35,0.95,0.5,0.95,0.5,9,3,truncated_gaussian_measurement_noise,700,800,0,,,28.0,2.8000000000000003,0.14,0.86,0.0,0.45523806093259234,0.867438422273119,0.2895638265315423,0.7868751180058862
5,35,0.95,0.5,0.95,0.5,9,4,coordinated_turn_model_mismatch,900,1000,1,37.0,3.7,51.0,5.1000000000000005,0.19,0.18,0.63,0.7246638725119396,0.9999999740345732,2.2849876010476002,3.1007004058522574
5,35,0.95,0.5,0.95,0.5,9,5,process_noise_x_increased,1100,1300,0,,,0.0,0.0,0.785,0.215,0.0,0.03245548413425308,0.17861262872814487,0.6893447429843695,1.790596844540879
5,35,0.98,0.5,0.95,0.5,9,0,measurement_outliers,100,200,0,,,0.0,0.0,0.74,0.26,0.0,0.03553278258585183,0.14967925928013018,1.0704939002100908,2.8699986687377668
5,35,0.98,0.5,0.95,0.5,9,1,measurement_noise_x_increased,300,400,0,,,18.0,1.8,0.67,0.33,0.0,0.09550214241612892,0.43699025220995996,0.7512172512097277,1.8129928036561307
5,35,0.98,0.5,0.95,0.5,9,2,measurement_noise_xy_decreased,500,600,0,,,38.0,3.8000000000000003,0.16,0.84,0.0,0.49317119314703467,0.845309883254161,0.36054599267610343,0.646337873600152
5,35,0.98,0.5,0.95,0.5,9,3,truncated_gaussian_measurement_noise,700,800,0,,,28.0,2.8000000000000003,0.18,0.82,0.0,0.3943270765764313,0.8487689350479063,0.2895638265315423,0.7868751180058862
5,35,0.98,0.5,0.95,0.5,9,4,coordinated_turn_model_mismatch,900,1000,1,39.0,3.9000000000000004,52.0,5.2,0.22,0.17,0.61,0.7141936816160485,0.9999999669214837,2.2849876010476002,3.1007004058522574
5,35,0.98,0.5,0.95,0.5,9,5,process_noise_x_increased,1100,1300,0,,,0.0,0.0,0.885,0.115,0.0,0.017247165563103222,0.12298352723768992,0.6893447429843695,1.790596844540879
5,35,0.99,0.5,0.95,0.5,9,0,measurement_outliers,100,200,0,,,0.0,0.0,0.88,0.12,0.0,0.01887073980366395,0.08971658867277285,1.0704939002100908,2.8699986687377668
5,35,0.99,0.5,0.95,0.5,9,1,measurement_noise_x_increased,300,400,0,,,15.0,1.5,0.73,0.27,0.0,0.06412655240161891,0.32919474859330466,0.7512172512097277,1.8129928036561307
5,35,0.99,0.5,0.95,0.5,9,2,measurement_noise_xy_decreased,500,600,0,,,38.0,3.8000000000000003,0.19,0.81,0.0,0.4376363314093169,0.7999513404472466,0.36054599267610343,0.646337873600152
5,35,0.99,0.5,0.95,0.5,9,3,truncated_gaussian_measurement_noise,700,800,0,,,29.0,2.9000000000000004,0.24,0.76,0.0,0.32606858147806156,0.8077593520162588,0.2895638265315423,0.7868751180058862
5,35,0.99,0.5,0.95,0.5,9,4,coordinated_turn_model_mismatch,900,1000,1,37.0,3.7,51.0,5.1000000000000005,0.24,0.13,0.63,0.7051888401081986,0.9999999991346963,2.2849876010476002,3.1007004058522574
5,35,0.99,0.5,0.95,0.5,9,5,process_noise_x_increased,1100,1300,0,,,0.0,0.0,0.925,0.075,0.0,0.011508106049895805,0.1332626906679869,0.6893447429843695,1.790596844540879
5,35,0.995,0.5,0.95,0.5,9,0,measurement_outliers,100,200,0,,,0.0,0.0,0.92,0.08,0.0,0.013535857438148611,0.06941703687214223,1.0704939002100908,2.8699986687377668
5,35,0.995,0.5,0.95,0.5,9,1,measurement_noise_x_increased,300,400,0,,,11.0,1.1,0.78,0.22,0.0,0.03370730975905787,0.19944717274877083,0.7512172512097277,1.8129928036561307
5,35,0.995,0.5,0.95,0.5,9,2,measurement_noise_xy_decreased,500,600,0,,,38.0,3.8000000000000003,0.27,0.73,0.0,0.43721327701211476,0.8018201341939661,0.36054599267610343,0.646337873600152
5,35,0.995,0.5,0.95,0.5,9,3,truncated_gaussian_measurement_noise,700,800,0,,,29.0,2.9000000000000004,0.22,0.78,0.0,0.34399334433811857,0.7712645543359977,0.2895638265315423,0.7868751180058862
5,35,0.995,0.5,0.95,0.5,9,4,coordinated_turn_model_mismatch,900,1000,1,35.0,3.5,53.0,5.300000000000001,0.24,0.11,0.65,0.6991704083789976,0.9999999993214257,2.2849876010476002,3.1007004058522574
5,35,0.995,0.5,0.95,0.5,9,5,process_noise_x_increased,1100,1300,0,,,0.0,0.0,0.95,0.05,0.0,0.00945653679640038,0.0811103558893964,0.6893447429843695,1.790596844540879
5,50,0.95,0.5,0.95,0.5,9,0,measurement_outliers,100,200,0,,,0.0,0.0,0.83,0.17,0.0,0.024037190277998867,0.1321190914842929,1.0704939002100908,2.8699986687377668
5,50,0.95,0.5,0.95,0.5,9,1,measurement_noise_x_increased,300,400,0,,,19.0,1.9000000000000001,0.76,0.24,0.0,0.06239539312677,0.41149965394510635,0.7512172512097277,1.8129928036561307
5,50,0.95,0.5,0.95,0.5,9,2,measurement_noise_xy_decreased,500,600,0,,,41.0,4.1000000000000005,0.19,0.81,0.0,0.46590233105764595,0.8469839216390729,0.36054599267610343,0.646337873600152
5,50,0.95,0.5,0.95,0.5,9,3,truncated_gaussian_measurement_noise,700,800,0,,,30.0,3.0,0.26,0.74,0.0,0.3511904136922286,0.8692917590235085,0.2895638265315423,0.7868751180058862
5,50,0.95,0.5,0.95,0.5,9,4,coordinated_turn_model_mismatch,900,1000,1,44.0,4.4,56.0,5.6000000000000005,0.24,0.2,0.56,0.6521746000765041,0.9999995044000091,2.2849876010476002,3.1007004058522574
5,50,0.95,0.5,0.95,0.5,9,5,process_noise_x_increased,1100,1300,0,,,0.0,0.0,1.0,0.0,0.0,0.004567848229073697,0.033977046594747484,0.6893447429843695,1.790596844540879
5,50,0.98,0.5,0.95,0.5,9,0,measurement_outliers,100,200,0,,,0.0,0.0,0.96,0.04,0.0,0.013288812356625388,0.07338620882548906,1.0704939002100908,2.8699986687377668
5,50,0.98,0.5,0.95,0.5,9,1,measurement_noise_x_increased,300,400,0,,,18.0,1.8,0.78,0.22,0.0,0.04236076905571201,0.28809879133812627,0.7512172512097277,1.8129928036561307
5,50,0.98,0.5,0.95,0.5,9,2,measurement_noise_xy_decreased,500,600,0,,,42.0,4.2,0.22,0.78,0.0,0.41995699012502546,0.8476860738338914,0.36054599267610343,0.646337873600152
5,50,0.98,0.5,0.95,0.5,9,3,truncated_gaussian_measurement_noise,700,800,0,,,30.0,3.0,0.36,0.64,0.0,0.3004609085737748,0.8333786456673828,0.2895638265315423,0.7868751180058862
5,50,0.98,0.5,0.95,0.5,9,4,coordinated_turn_model_mismatch,900,1000,1,46.0,4.6000000000000005,55.0,5.5,0.27,0.19,0.54,0.6312422201688359,0.9999996651410302,2.2849876010476002,3.1007004058522574
5,50,0.98,0.5,0.95,0.5,9,5,process_noise_x_increased,1100,1300,0,,,0.0,0.0,1.0,0.0,0.0,0.0021531913930404214,0.019911506345542,0.6893447429843695,1.790596844540879
5,50,0.99,0.5,0.95,0.5,9,0,measurement_outliers,100,200,0,,,0.0,0.0,1.0,0.0,0.0,0.006207734415208185,0.03313829831528876,1.0704939002100908,2.8699986687377668
5,50,0.99,0.5,0.95,0.5,9,1,measurement_noise_x_increased,300,400,0,,,12.0,1.2000000000000002,0.8,0.2,0.0,0.026705869777303288,0.18886047654801616,0.7512172512097277,1.8129928036561307
5,50,0.99,0.5,0.95,0.5,9,2,measurement_noise_xy_decreased,500,600,0,,,45.0,4.5,0.27,0.73,0.0,0.40472318368761945,0.8422547344447346,0.36054599267610343,0.646337873600152
5,50,0.99,0.5,0.95,0.5,9,3,truncated_gaussian_measurement_noise,700,800,0,,,31.0,3.1,0.44,0.56,0.0,0.2428525355073376,0.784162327343635,0.2895638265315423,0.7868751180058862
5,50,0.99,0.5,0.95,0.5,9,4,coordinated_turn_model_mismatch,900,1000,1,50.0,5.0,55.0,5.5,0.29,0.21,0.5,0.625065134968141,0.9999999434095999,2.2849876010476002,3.1007004058522574
5,50,0.99,0.5,0.95,0.5,9,5,process_noise_x_increased,1100,1300,0,,,0.0,0.0,1.0,0.0,0.0,0.001757545480500719,0.025706369389575986,0.6893447429843695,1.790596844540879
5,50,0.995,0.5,0.95,0.5,9,0,measurement_outliers,100,200,0,,,0.0,0.0,1.0,0.0,0.0,0.0018671718368323208,0.009488980480178837,1.0704939002100908,2.8699986687377668
5,50,0.995,0.5,0.95,0.5,9,1,measurement_noise_x_increased,300,400,0,,,11.0,1.1,0.85,0.15,0.0,0.022742248022465054,0.17141933617175728,0.7512172512097277,1.8129928036561307
5,50,0.995,0.5,0.95,0.5,9,2,measurement_noise_xy_decreased,500,600,0,,,42.0,4.2,0.36,0.64,0.0,0.3465307960812777,0.8100960204021674,0.36054599267610343,0.646337873600152
5,50,0.995,0.5,0.95,0.5,9,3,truncated_gaussian_measurement_noise,700,800,0,,,31.0,3.1,0.52,0.48,0.0,0.23339010253370396,0.7540100037289914,0.2895638265315423,0.7868751180058862
5,50,0.995,0.5,0.95,0.5,9,4,coordinated_turn_model_mismatch,900,1000,1,43.0,4.3,54.0,5.4,0.28,0.15,0.57,0.6141766862200133,0.9999999486045942,2.2849876010476002,3.1007004058522574
5,50,0.995,0.5,0.95,0.5,9,5,process_noise_x_increased,1100,1300,0,,,0.0,0.0,1.0,0.0,0.0,0.0011809901825897747,0.018459408715831082,0.6893447429843695,1.790596844540879
5,70,0.95,0.5,0.95,0.5,9,0,measurement_outliers,100,200,0,,,0.0,0.0,1.0,0.0,0.0,0.0041003952604067575,0.015110778215915506,1.0704939002100908,2.8699986687377668
5,70,0.95,0.5,0.95,0.5,9,1,measurement_noise_x_increased,300,400,0,,,15.0,1.5,0.84,0.16,0.0,0.016116421103881517,0.09587063790882448,0.7512172512097277,1.8129928036561307
5,70,0.95,0.5,0.95,0.5,9,2,measurement_noise_xy_decreased,500,600,0,,,49.0,4.9,0.31,0.69,0.0,0.3377596218764208,0.8891263652780701,0.36054599267610343,0.646337873600152
5,70,0.95,0.5,0.95,0.5,9,3,truncated_gaussian_measurement_noise,700,800,0,,,32.0,3.2,0.47,0.53,0.0,0.22285933691808046,0.8169453044697227,0.2895638265315423,0.7868751180058862
5,70,0.95,0.5,0.95,0.5,9,4,coordinated_turn_model_mismatch,900,1000,1,59.0,5.9,65.0,6.5,0.32,0.27,0.41,0.5328269863495397,0.9999900952768134,2.2849876010476002,3.1007004058522574
5,70,0.95,0.5,0.95,0.5,9,5,process_noise_x_increased,1100,1300,0,,,0.0,0.0,1.0,0.0,0.0,0.0003106580201994924,0.0020733481714104362,0.6893447429843695,1.790596844540879
5,70,0.98,0.5,0.95,0.5,9,0,measurement_outliers,100,200,0,,,0.0,0.0,1.0,0.0,0.0,0.0018554145020050633,0.006703861894815131,1.0704939002100908,2.8699986687377668
5,70,0.98,0.5,0.95,0.5,9,1,measurement_noise_x_increased,300,400,0,,,4.0,0.4,0.93,0.07,0.0,0.01104980136462661,0.06876740567413687,0.7512172512097277,1.8129928036561307
5,70,0.98,0.5,0.95,0.5,9,2,measurement_noise_xy_decreased,500,600,0,,,49.0,4.9,0.37,0.63,0.0,0.29311069913702686,0.8689845388614701,0.36054599267610343,0.646337873600152
5,70,0.98,0.5,0.95,0.5,9,3,truncated_gaussian_measurement_noise,700,800,0,,,33.0,3.3000000000000003,0.52,0.48,0.0,0.17856583304331194,0.7479392764431192,0.2895638265315423,0.7868751180058862
5,70,0.98,0.5,0.95,0.5,9,4,coordinated_turn_model_mismatch,900,1000,1,59.0,5.9,70.0,7.0,0.35,0.24,0.41,0.5209170240883256,0.9999956709473605,2.2849876010476002,3.1007004058522574
5,70,0.98,0.5,0.95,0.5,9,5,process_noise_x_increased,1100,1300,0,,,0.0,0.0,1.0,0.0,0.0,0.0001262805621010056,0.0011060734748165328,0.6893447429843695,1.790596844540879
5,70,0.99,0.5,0.95,0.5,9,0,measurement_outliers,100,200,0,,,0.0,0.0,1.0,0.0,0.0,0.0007361484405401364,0.0031255570243340874,1.0704939002100908,2.8699986687377668
5,70,0.99,0.5,0.95,0.5,9,1,measurement_noise_x_increased,300,400,0,,,0.0,0.0,1.0,0.0,0.0,0.0065265318099059465,0.04506136218444227,0.7512172512097277,1.8129928036561307
5,70,0.99,0.5,0.95,0.5,9,2,measurement_noise_xy_decreased,500,600,0,,,53.0,5.300000000000001,0.42,0.58,0.0,0.2735503676234535,0.8555221815280986,0.36054599267610343,0.646337873600152
5,70,0.99,0.5,0.95,0.5,9,3,truncated_gaussian_measurement_noise,700,800,0,,,33.0,3.3000000000000003,0.57,0.43,0.0,0.16141961170443853,0.7356341169637177,0.2895638265315423,0.7868751180058862
5,70,0.99,0.5,0.95,0.5,9,4,coordinated_turn_model_mismatch,900,1000,1,57.0,5.7,66.0,6.6000000000000005,0.38,0.19,0.43,0.5155139728186583,0.9999984589751841,2.2849876010476002,3.1007004058522574
5,70,0.99,0.5,0.95,0.5,9,5,process_noise_x_increased,1100,1300,0,,,0.0,0.0,1.0,0.0,0.0,5.041885838394777e-05,0.0005090864882152924,0.6893447429843695,1.790596844540879
5,70,0.995,0.5,0.95,0.5,9,0,measurement_outliers,100,200,0,,,0.0,0.0,1.0,0.0,0.0,0.0001919762310919729,0.0008954556332820693,1.0704939002100908,2.8699986687377668
5,70,0.995,0.5,0.95,0.5,9,1,measurement_noise_x_increased,300,400,0,,,0.0,0.0,1.0,0.0,0.0,0.0027178991132287876,0.021837520031207956,0.7512172512097277,1.8129928036561307
5,70,0.995,0.5,0.95,0.5,9,2,measurement_noise_xy_decreased,500,600,0,,,53.0,5.300000000000001,0.5,0.5,0.0,0.2201728089621972,0.8249888938359152,0.36054599267610343,0.646337873600152
5,70,0.995,0.5,0.95,0.5,9,3,truncated_gaussian_measurement_noise,700,800,0,,,33.0,3.3000000000000003,0.65,0.35,0.0,0.14473803520659526,0.6604686003238556,0.2895638265315423,0.7868751180058862
5,70,0.995,0.5,0.95,0.5,9,4,coordinated_turn_model_mismatch,900,1000,1,58.0,5.800000000000001,67.0,6.7,0.37,0.21,0.42,0.5178802301084828,0.999999192381376,2.2849876010476002,3.1007004058522574
5,70,0.995,0.5,0.95,0.5,9,5,process_noise_x_increased,1100,1300,0,,,0.0,0.0,1.0,0.0,0.0,3.206772493266997e-05,0.00023777457368418575,0.6893447429843695,1.790596844540879
7,35,0.95,0.5,0.95,0.5,9,0,measurement_outliers,100,200,0,,,21.0,2.1,0.21,0.79,0.0,0.14170899043045357,0.3497682494843237,1.0704939002100908,2.8699986687377668
7,35,0.95,0.5,0.95,0.5,9,1,measurement_noise_x_increased,300,400,0,,,35.0,3.5,0.16,0.84,0.0,0.17648319916746139,0.5572783712913996,0.7512172512097277,1.8129928036561307
7,35,0.95,0.5,0.95,0.5,9,2,measurement_noise_xy_decreased,500,600,0,,,41.0,4.1000000000000005,0.01,0.99,0.0,0.5291771151692047,0.878141334726487,0.36054599267610343,0.646337873600152
7,35,0.95,0.5,0.95,0.5,9,3,truncated_gaussian_measurement_noise,700,800,0,,,28.0,2.8000000000000003,0.11,0.89,0.0,0.4536681333684181,0.808888533571966,0.2895638265315423,0.7868751180058862
7,35,0.95,0.5,0.95,0.5,9,4,coordinated_turn_model_mismatch,900,1000,1,36.0,3.6,56.0,5.6000000000000005,0.16,0.2,0.64,0.7459252516676749,0.9999717120861633,2.2849876010476002,3.1007004058522574
7,35,0.95,0.5,0.95,0.5,9,5,process_noise_x_increased,1100,1300,0,,,22.0,2.2,0.375,0.625,0.0,0.08394830318124548,0.34430046588621743,0.6893447429843695,1.790596844540879
7,35,0.98,0.5,0.95,0.5,9,0,measurement_outliers,100,200,0,,,12.0,1.2000000000000002,0.29,0.71,0.0,0.11306983230465124,0.318116293546855,1.0704939002100908,2.8699986687377668
7,35,0.98,0.5,0.95,0.5,9,1,measurement_noise_x_increased,300,400,0,,,35.0,3.5,0.35,0.65,0.0,0.11724637704029309,0.4173703801073112,0.7512172512097277,1.8129928036561307
7,35,0.98,0.5,0.95,0.5,9,2,measurement_noise_xy_decreased,500,600,0,,,41.0,4.1000000000000005,0.08,0.92,0.0,0.4825719719365003,0.8105490259451872,0.36054599267610343,0.646337873600152
7,35,0.98,0.5,0.95,0.5,9,3,truncated_gaussian_measurement_noise,700,800,0,,,28.0,2.8000000000000003,0.14,0.86,0.0,0.36847425182466526,0.7588206740968467,0.2895638265315423,0.7868751180058862
7,35,0.98,0.5,0.95,0.5,9,4,coordinated_turn_model_mismatch,900,1000,1,36.0,3.6,57.0,5.7,0.18,0.18,0.64,0.729251379864542,0.9999867929702608,2.2849876010476002,3.1007004058522574
7,35,0.98,0.5,0.95,0.5,9,5,process_noise_x_increased,1100,1300,0,,,1.0,0.1,0.625,0.375,0.0,0.05033994641068849,0.21865204697801607,0.6893447429843695,1.790596844540879
7,35,0.99,0.5,0.95,0.5,9,0,measurement_outliers,100,200,0,,,9.0,0.9,0.3,0.7,0.0,0.09581629793556949,0.3062917878882089,1.0704939002100908,2.8699986687377668
7,35,0.99,0.5,0.95,0.5,9,1,measurement_noise_x_increased,300,400,0,,,33.0,3.3000000000000003,0.62,0.38,0.0,0.076331485282143,0.3098311109601563,0.7512172512097277,1.8129928036561307
7,35,0.99,0.5,0.95,0.5,9,2,measurement_noise_xy_decreased,500,600,0,,,41.0,4.1000000000000005,0.17,0.83,0.0,0.4609108328994987,0.7924618462737334,0.36054599267610343,0.646337873600152
7,35,0.99,0.5,0.95,0.5,9,3,truncated_gaussian_measurement_noise,700,800,0,,,28.0,2.8000000000000003,0.2,0.8,0.0,0.2911520377055533,0.7029481661498632,0.2895638265315423,0.7868751180058862
7,35,0.99,0.5,0.95,0.5,9,4,coordinated_turn_model_mismatch,900,1000,1,36.0,3.6,58.0,5.800000000000001,0.2,0.14,0.66,0.7207934856873406,0.9999939369137948,2.2849876010476002,3.1007004058522574
7,35,0.99,0.5,0.95,0.5,9,5,process_noise_x_increased,1100,1300,0,,,0.0,0.0,0.795,0.205,0.0,0.03340791745622838,0.21894483160004638,0.6893447429843695,1.790596844540879
7,35,0.995,0.5,0.95,0.5,9,0,measurement_outliers,100,200,0,,,0.0,0.0,0.4,0.6,0.0,0.07747142505546142,0.264836864304568,1.0704939002100908,2.8699986687377668
7,35,0.995,0.5,0.95,0.5,9,1,measurement_noise_x_increased,300,400,0,,,19.0,1.9000000000000001,0.77,0.23,0.0,0.04325492248671699,0.19187921965067367,0.7512172512097277,1.8129928036561307
7,35,0.995,0.5,0.95,0.5,9,2,measurement_noise_xy_decreased,500,600,0,,,41.0,4.1000000000000005,0.08,0.92,0.0,0.5002053552964514,0.8216587919968029,0.36054599267610343,0.646337873600152
7,35,0.995,0.5,0.95,0.5,9,3,truncated_gaussian_measurement_noise,700,800,0,,,27.0,2.7,0.24,0.76,0.0,0.3042737193514385,0.6313079204310733,0.2895638265315423,0.7868751180058862
7,35,0.995,0.5,0.95,0.5,9,4,coordinated_turn_model_mismatch,900,1000,1,38.0,3.8000000000000003,55.0,5.5,0.23,0.15,0.62,0.715563616693084,0.9999975340082552,2.2849876010476002,3.1007004058522574
7,35,0.995,0.5,0.95,0.5,9,5,process_noise_x_increased,1100,1300,0,,,0.0,0.0,0.9,0.1,0.0,0.018447441385206424,0.11531063118345938,0.6893447429843695,1.790596844540879
7,50,0.95,0.5,0.95,0.5,9,0,measurement_outliers,100,200,0,,,10.0,1.0,0.44,0.56,0.0,0.07933470722690156,0.2634091602078852,1.0704939002100908,2.8699986687377668
7,50,0.95,0.5,0.95,0.5,9,1,measurement_noise_x_increased,300,400,0,,,36.0,3.6,0.45,0.55,0.0,0.10603938657788065,0.5080717677957223,0.7512172512097277,1.8129928036561307
7,50,0.95,0.5,0.95,0.5,9,2,measurement_noise_xy_decreased,500,600,0,,,42.0,4.2,0.12,0.88,0.0,0.4561955476728464,0.8388359748094323,0.36054599267610343,0.646337873600152
7,50,0.95,0.5,0.95,0.5,9,3,truncated_gaussian_measurement_noise,700,800,0,,,28.0,2.8000000000000003,0.14,0.86,0.0,0.36825541312009746,0.7701318116499258,0.2895638265315423,0.7868751180058862
7,50,0.95,0.5,0.95,0.5,9,4,coordinated_turn_model_mismatch,900,1000,1,49.0,4.9,58.0,5.800000000000001,0.21,0.28,0.51,0.6725440666211732,0.999977376223504,2.2849876010476002,3.1007004058522574
7,50,0.95,0.5,0.95,0.5,9,5,process_noise_x_increased,1100,1300,0,,,0.0,0.0,0.84,0.16,0.0,0.02702313959461205,0.09573316257608425,0.6893447429843695,1.790596844540879
7,50,0.98,0.5,0.95,0.5,9,0,measurement_outliers,100,200,0,,,0.0,0.0,0.52,0.48,0.0,0.058352012734810624,0.194002110127444,1.0704939002100908,2.8699986687377668
7,50,0.98,0.5,0.95,0.5,9,1,measurement_noise_x_increased,300,400,0,,,35.0,3.5,0.72,0.28,0.0,0.07743681127236289,0.41874417805110015,0.7512172512097277,1.8129928036561307
7,50,0.98,0.5,0.95,0.5,9,2,measurement_noise_xy_decreased,500,600,0,,,43.0,4.3,0.21,0.79,0.0,0.402769940093925,0.7563613157500866,0.36054599267610343,0.646337873600152
7,50,0.98,0.5,0.95,0.5,9,3,truncated_gaussian_measurement_noise,700,800,0,,,30.0,3.0,0.28,0.72,0.0,0.3092212407734886,0.740267034053245,0.2895638265315423,0.7868751180058862
7,50,0.98,0.5,0.95,0.5,9,4,coordinated_turn_model_mismatch,900,1000,1,50.0,5.0,58.0,5.800000000000001,0.22,0.28,0.5,0.659733735197267,0.9999839284458053,2.2849876010476002,3.1007004058522574
7,50,0.98,0.5,0.95,0.5,9,5,process_noise_x_increased,1100,1300,0,,,0.0,0.0,0.96,0.04,0.0,0.014139557421763666,0.06427042157336527,0.6893447429843695,1.790596844540879
7,50,0.99,0.5,0.95,0.5,9,0,measurement_outliers,100,200,0,,,0.0,0.0,0.68,0.32,0.0,0.04299036332463623,0.15529243854536345,1.0704939002100908,2.8699986687377668
7,50,0.99,0.5,0.95,0.5,9,1,measurement_noise_x_increased,300,400,0,,,35.0,3.5,0.78,0.22,0.0,0.04551614689642673,0.31638707037308583,0.7512172512097277,1.8129928036561307
7,50,0.99,0.5,0.95,0.5,9,2,measurement_noise_xy_decreased,500,600,0,,,45.0,4.5,0.27,0.73,0.0,0.3747250562025991,0.7335558347014312,0.36054599267610343,0.646337873600152
7,50,0.99,0.5,0.95,0.5,9,3,truncated_gaussian_measurement_noise,700,800,0,,,30.0,3.0,0.39,0.61,0.0,0.2721953992919681,0.6989536165122525,0.2895638265315423,0.7868751180058862
7,50,0.99,0.5,0.95,0.5,9,4,coordinated_turn_model_mismatch,900,1000,1,51.0,5.1000000000000005,58.0,5.800000000000001,0.26,0.25,0.49,0.6486058904251211,0.9999862591661116,2.2849876010476002,3.1007004058522574
7,50,0.99,0.5,0.95,0.5,9,5,process_noise_x_increased,1100,1300,0,,,0.0,0.0,1.0,0.0,0.0,0.007957670124937888,0.041581241907630795,0.6893447429843695,1.790596844540879
7,50,0.995,0.5,0.95,0.5,9,0,measurement_outliers,100,200,0,,,0.0,0.0,0.77,0.23,0.0,0.029694503386936057,0.11113403011210145,1.0704939002100908,2.8699986687377668
7,50,0.995,0.5,0.95,0.5,9,1,measurement_noise_x_increased,300,400,0,,,20.0,2.0,0.83,0.17,0.0,0.030079831714028313,0.22653362189187062,0.7512172512097277,1.8129928036561307
7,50,0.995,0.5,0.95,0.5,9,2,measurement_noise_xy_decreased,500,600,0,,,44.0,4.4,0.31,0.69,0.0,0.38090765137701105,0.7877965721177966,0.36054599267610343,0.646337873600152
7,50,0.995,0.5,0.95,0.5,9,3,truncated_gaussian_measurement_noise,700,800,0,,,28.0,2.8000000000000003,0.45,0.55,0.0,0.2846279227608439,0.7652962486878767,0.2895638265315423,0.7868751180058862
7,50,0.995,0.5,0.95,0.5,9,4,coordinated_turn_model_mismatch,900,1000,1,47.0,4.7,58.0,5.800000000000001,0.23,0.24,0.53,0.6505964945045991,0.9999854775990279,2.2849876010476002,3.1007004058522574
7,50,0.995,0.5,0.95,0.5,9,5,process_noise_x_increased,1100,1300,0,,,0.0,0.0,1.0,0.0,0.0,0.007041056507617891,0.045663628648670136,0.6893447429843695,1.790596844540879
7,70,0.95,0.5,0.95,0.5,9,0,measurement_outliers,100,200,0,,,0.0,0.0,0.74,0.26,0.0,0.0276104711853497,0.1075441078527955,1.0704939002100908,2.8699986687377668
7,70,0.95,0.5,0.95,0.5,9,1,measurement_noise_x_increased,300,400,0,,,36.0,3.6,0.77,0.23,0.0,0.032796518455145106,0.13708450561426352,0.7512172512097277,1.8129928036561307
7,70,0.95,0.5,0.95,0.5,9,2,measurement_noise_xy_decreased,500,600,0,,,48.0,4.800000000000001,0.32,0.68,0.0,0.33768842824310336,0.8152014835015786,0.36054599267610343,0.646337873600152
7,70,0.95,0.5,0.95,0.5,9,3,truncated_gaussian_measurement_noise,700,800,0,,,33.0,3.3000000000000003,0.35,0.65,0.0,0.23687734169197064,0.7043191880168524,0.2895638265315423,0.7868751180058862
7,70,0.95,0.5,0.95,0.5,9,4,coordinated_turn_model_mismatch,900,1000,1,59.0,5.9,68.0,6.800000000000001,0.27,0.32,0.41,0.5666134988229965,0.999937993309452,2.2849876010476002,3.1007004058522574
7,70,0.95,0.5,0.95,0.5,9,5,process_noise_x_increased,1100,1300,0,,,0.0,0.0,0.995,0.005,0.0,0.0060566156088984165,0.06641904064159274,0.6893447429843695,1.790596844540879
7,70,0.98,0.5,0.95,0.5,9,0,measurement_outliers,100,200,0,,,0.0,0.0,0.95,0.05,0.0,0.015117034469811498,0.05761412989203214,1.0704939002100908,2.8699986687377668
7,70,0.98,0.5,0.95,0.5,9,1,measurement_noise_x_increased,300,400,0,,,19.0,1.9000000000000001,0.79,0.21,0.0,0.022312998407941945,0.10796346144425033,0.7512172512097277,1.8129928036561307
7,70,0.98,0.5,0.95,0.5,9,2,measurement_noise_xy_decreased,500,600,0,,,47.0,4.7,0.34,0.66,0.0,0.2951615840866959,0.8303390568073099,0.36054599267610343,0.646337873600152
7,70,0.98,0.5,0.95,0.5,9,3,truncated_gaussian_measurement_noise,700,800,0,,,33.0,3.3000000000000003,0.42,0.58,0.0,0.21099469749494223,0.6893168240585474,0.2895638265315423,0.7868751180058862
7,70,0.98,0.5,0.95,0.5,9,4,coordinated_turn_model_mismatch,900,1000,1,61.0,6.1000000000000005,65.0,6.5,0.29,0.32,0.39,0.5567993621495241,0.9999179369154705,2.2849876010476002,3.1007004058522574
7,70,0.98,0.5,0.95,0.5,9,5,process_noise_x_increased,1100,1300,0,,,0.0,0.0,1.0,0.0,0.0,0.0021432069908894915,0.015408396449423266,0.6893447429843695,1.790596844540879
7,70,0.99,0.5,0.95,0.5,9,0,measurement_outliers,100,200,0,,,0.0,0.0,1.0,0.0,0.0,0.011048264027910844,0.04701308417408794,1.0704939002100908,2.8699986687377668
7,70,0.99,0.5,0.95,0.5,9,1,measurement_noise_x_increased,300,400,0,,,3.0,0.30000000000000004,0.88,0.12,0.0,0.013591473310848876,0.07541950880587678,0.7512172512097277,1.8129928036561307
7,70,0.99,0.5,0.95,0.5,9,2,measurement_noise_xy_decreased,500,600,0,,,48.0,4.800000000000001,0.39,0.61,0.0,0.25682963750009546,0.7698140084082217,0.36054599267610343,0.646337873600152
7,70,0.99,0.5,0.95,0.5,9,3,truncated_gaussian_measurement_noise,700,800,0,,,36.0,3.6,0.43,0.57,0.0,0.18369782399844023,0.600884602447832,0.2895638265315423,0.7868751180058862
7,70,0.99,0.5,0.95,0.5,9,4,coordinated_turn_model_mismatch,900,1000,1,59.0,5.9,68.0,6.800000000000001,0.32,0.27,0.41,0.5502366959631517,0.9999519716525646,2.2849876010476002,3.1007004058522574
7,70,0.99,0.5,0.95,0.5,9,5,process_noise_x_increased,1100,1300,0,,,0.0,0.0,1.0,0.0,0.0,0.0012052702181458894,0.007315287332029738,0.6893447429843695,1.790596844540879
7,70,0.995,0.5,0.95,0.5,9,0,measurement_outliers,100,200,0,,,0.0,0.0,0.96,0.04,0.0,0.013378185072700837,0.05944338081534615,1.0704939002100908,2.8699986687377668
7,70,0.995,0.5,0.95,0.5,9,1,measurement_noise_x_increased,300,400,0,,,0.0,0.0,1.0,0.0,0.0,0.006187974143827852,0.039753291683757304,0.7512172512097277,1.8129928036561307
7,70,0.995,0.5,0.95,0.5,9,2,measurement_noise_xy_decreased,500,600,0,,,49.0,4.9,0.49,0.51,0.0,0.23145662059593722,0.7736991448068695,0.36054599267610343,0.646337873600152
7,70,0.995,0.5,0.95,0.5,9,3,truncated_gaussian_measurement_noise,700,800,0,,,36.0,3.6,0.53,0.47,0.0,0.17485683966765422,0.590454999537738,0.2895638265315423,0.7868751180058862
7,70,0.995,0.5,0.95,0.5,9,4,coordinated_turn_model_mismatch,900,1000,1,61.0,6.1000000000000005,64.0,6.4,0.32,0.29,0.39,0.5540591913627217,0.9999461644427008,2.2849876010476002,3.1007004058522574
7,70,0.995,0.5,0.95,0.5,9,5,process_noise_x_increased,1100,1300,0,,,0.0,0.0,1.0,0.0,0.0,0.0003667047593918542,0.0027944739522417724,0.6893447429843695,1.790596844540879
10,50,0.95,0.5,0.95,0.5,9,0,measurement_outliers,100,200,0,,,22.0,2.2,0.04,0.96,0.0,0.12329502739627182,0.28226461104476336,1.0704939002100908,2.8699986687377668
10,50,0.95,0.5,0.95,0.5,9,1,measurement_noise_x_increased,300,400,0,,,49.0,4.9,0.37,0.63,0.0,0.10494863754966284,0.37790595119180237,0.7512172512097277,1.8129928036561307
10,50,0.95,0.5,0.95,0.5,9,2,measurement_noise_xy_decreased,500,600,0,,,58.0,5.800000000000001,0.0,1.0,0.0,0.39054312272929054,0.6570803075611901,0.36054599267610343,0.646337873600152
10,50,0.95,0.5,0.95,0.5,9,3,truncated_gaussian_measurement_noise,700,800,0,,,37.0,3.7,0.1,0.9,0.0,0.3048867160094987,0.6356699906129816,0.2895638265315423,0.7868751180058862
10,50,0.95,0.5,0.95,0.5,9,4,coordinated_turn_model_mismatch,900,1000,1,56.0,5.6000000000000005,64.0,6.4,0.15,0.41,0.44,0.634753454935298,0.9968349772646722,2.2849876010476002,3.1007004058522574
10,50,0.95,0.5,0.95,0.5,9,5,process_noise_x_increased,1100,1300,0,,,0.0,0.0,0.79,0.21,0.0,0.03852272913221935,0.08963858348211987,0.6893447429843695,1.790596844540879
10,50,0.98,0.5,0.95,0.5,9,0,measurement_outliers,100,200,0,,,19.0,1.9000000000000001,0.41,0.59,0.0,0.07925849321260774,0.17070354218992304,1.0704939002100908,2.8699986687377668
10,50,0.98,0.5,0.95,0.5,9,1,measurement_noise_x_increased,300,400,0,,,49.0,4.9,0.56,0.44,0.0,0.06867355802126046,0.27137710972726115,0.7512172512097277,1.8129928036561307
10,50,0.98,0.5,0.95,0.5,9,2,measurement_noise_xy_decreased,500,600,0,,,54.0,5.4,0.19,0.81,0.0,0.3287121589070058,0.6391611828605135,0.36054599267610343,0.646337873600152
10,50,0.98,0.5,0.95,0.5,9,3,truncated_gaussian_measurement_noise,700,800,0,,,36.0,3.6,0.21,0.79,0.0,0.23855057540764818,0.5687042635623404,0.2895638265315423,0.7868751180058862
10,50,0.98,0.5,0.95,0.5,9,4,coordinated_turn_model_mismatch,900,1000,1,63.0,6.300000000000001,68.0,6.800000000000001,0.18,0.45,0.37,0.5863940138952618,0.9948746047935383,2.2849876010476002,3.1007004058522574
10,50,0.98,0.5,0.95,0.5,9,5,process_noise_x_increased,1100,1300,0,,,0.0,0.0,1.0,0.0,0.0,0.020633276222116036,0.04870564805459355,0.6893447429843695,1.790596844540879
10,50,0.99,0.5,0.95,0.5,9,0,measurement_outliers,100,200,0,,,6.0,0.6000000000000001,0.52,0.48,0.0,0.045928123574675475,0.09663362249695344,1.0704939002100908,2.8699986687377668
10,50,0.99,0.5,0.95,0.5,9,1,measurement_noise_x_increased,300,400,0,,,47.0,4.7,0.75,0.25,0.0,0.041440640741876124,0.1763259330759701,0.7512172512097277,1.8129928036561307
10,50,0.99,0.5,0.95,0.5,9,2,measurement_noise_xy_decreased,500,600,0,,,53.0,5.300000000000001,0.26,0.74,0.0,0.2584439007406878,0.5912917999514283,0.36054599267610343,0.646337873600152
10,50,0.99,0.5,0.95,0.5,9,3,truncated_gaussian_measurement_noise,700,800,0,,,37.0,3.7,0.32,0.68,0.0,0.17654271115870465,0.4753527699995676,0.2895638265315423,0.7868751180058862
10,50,0.99,0.5,0.95,0.5,9,4,coordinated_turn_model_mismatch,900,1000,1,70.0,7.0,70.0,7.0,0.23,0.47,0.3,0.5285505920823587,0.9888425868974698,2.2849876010476002,3.1007004058522574
10,50,0.99,0.5,0.95,0.5,9,5,process_noise_x_increased,1100,1300,0,,,0.0,0.0,1.0,0.0,0.0,0.010710327111888568,0.03021969060895847,0.6893447429843695,1.790596844540879
10,50,0.995,0.5,0.95,0.5,9,0,measurement_outliers,100,200,0,,,0.0,0.0,1.0,0.0,0.0,0.02101146872565865,0.04156300544720432,1.0704939002100908,2.8699986687377668
10,50,0.995,0.5,0.95,0.5,9,1,measurement_noise_x_increased,300,400,0,,,40.0,4.0,0.86,0.14,0.0,0.01997201368439245,0.09376366574303092,0.7512172512097277,1.8129928036561307
10,50,0.995,0.5,0.95,0.5,9,2,measurement_noise_xy_decreased,500,600,0,,,53.0,5.300000000000001,0.38,0.62,0.0,0.16782607845162723,0.48419745909124823,0.36054599267610343,0.646337873600152
10,50,0.995,0.5,0.95,0.5,9,3,truncated_gaussian_measurement_noise,700,800,0,,,33.0,3.3000000000000003,0.44,0.56,0.0,0.11536635874697389,0.3654178000610951,0.2895638265315423,0.7868751180058862
10,50,0.995,0.5,0.95,0.5,9,4,coordinated_turn_model_mismatch,900,1000,1,97.0,9.700000000000001,76.0,7.6000000000000005,0.28,0.69,0.03,0.43864291039831954,0.9647376369738809,2.2849876010476002,3.1007004058522574
10,50,0.995,0.5,0.95,0.5,9,5,process_noise_x_increased,1100,1300,0,,,0.0,0.0,1.0,0.0,0.0,0.005022596183334244,0.015231248327411075,0.6893447429843695,1.790596844540879
10,70,0.95,0.5,0.95,0.5,9,0,measurement_outliers,100,200,0,,,6.0,0.6000000000000001,0.55,0.45,0.0,0.05060652374618371,0.10950122909427404,1.0704939002100908,2.8699986687377668
10,70,0.95,0.5,0.95,0.5,9,1,measurement_noise_x_increased,300,400,0,,,50.0,5.0,0.71,0.29,0.0,0.04215655413275332,0.15008263660059276,0.7512172512097277,1.8129928036561307
10,70,0.95,0.5,0.95,0.5,9,2,measurement_noise_xy_decreased,500,600,0,,,55.0,5.5,0.26,0.74,0.0,0.2829177747627766,0.6704452660448679,0.36054599267610343,0.646337873600152
10,70,0.95,0.5,0.95,0.5,9,3,truncated_gaussian_measurement_noise,700,800,0,,,38.0,3.8000000000000003,0.35,0.65,0.0,0.19025026524422778,0.5449078653235977,0.2895638265315423,0.7868751180058862
10,70,0.95,0.5,0.95,0.5,9,4,coordinated_turn_model_mismatch,900,1000,1,71.0,7.1000000000000005,73.0,7.300000000000001,0.23,0.48,0.29,0.5224807904805556,0.9960345417113585,2.2849876010476002,3.1007004058522574
10,70,0.95,0.5,0.95,0.5,9,5,process_noise_x_increased,1100,1300,0,,,0.0,0.0,1.0,0.0,0.0,0.010865561146163384,0.04346430432670387,0.6893447429843695,1.790596844540879
10,70,0.98,0.5,0.95,0.5,9,0,measurement_outliers,100,200,0,,,4.0,0.4,0.79,0.21,0.0,0.03069953440962351,0.0663754311402797,1.0704939002100908,2.8699986687377668
10,70,0.98,0.5,0.95,0.5,9,1,measurement_noise_x_increased,300,400,0,,,49.0,4.9,0.78,0.22,0.0,0.02725491514697415,0.11070810346380985,0.7512172512097277,1.8129928036561307
10,70,0.98,0.5,0.95,0.5,9,2,measurement_noise_xy_decreased,500,600,0,,,55.0,5.5,0.31,0.69,0.0,0.2290278704767267,0.625731334505105,0.36054599267610343,0.646337873600152
10,70,0.98,0.5,0.95,0.5,9,3,truncated_gaussian_measurement_noise,700,800,0,,,38.0,3.8000000000000003,0.43,0.57,0.0,0.14395172724932817,0.47075928531002065,0.2895638265315423,0.7868751180058862
10,70,0.98,0.5,0.95,0.5,9,4,coordinated_turn_model_mismatch,900,1000,1,79.0,7.9,76.0,7.6000000000000005,0.26,0.53,0.21,0.47561680273703305,0.9910464357235022,2.2849876010476002,3.1007004058522574
10,70,0.98,0.5,0.95,0.5,9,5,process_noise_x_increased,1100,1300,0,,,0.0,0.0,1.0,0.0,0.0,0.0059702763922688685,0.026269002430879762,0.6893447429843695,1.790596844540879
10,70,0.99,0.5,0.95,0.5,9,0,measurement_outliers,100,200,0,,,0.0,0.0,1.0,0.0,0.0,0.016958978117970428,0.03700676129464645,1.0704939002100908,2.8699986687377668
10,70,0.99,0.5,0.95,0.5,9,1,measurement_noise_x_increased,300,400,0,,,44.0,4.4,0.88,0.12,0.0,0.01602682889647024,0.07395020653231983,0.7512172512097277,1.8129928036561307
10,70,0.99,0.5,0.95,0.5,9,2,measurement_noise_xy_decreased,500,600,0,,,55.0,5.5,0.39,0.61,0.0,0.1714605901164332,0.547557993286451,0.36054599267610343,0.646337873600152
10,70,0.99,0.5,0.95,0.5,9,3,truncated_gaussian_measurement_noise,700,800,0,,,38.0,3.8000000000000003,0.51,0.49,0.0,0.102512717457372,0.3759535584295849,0.2895638265315423,0.7868751180058862
10,70,0.99,0.5,0.95,0.5,9,4,coordinated_turn_model_mismatch,900,1000,1,94.0,9.4,78.0,7.800000000000001,0.29,0.64,0.07,0.41714474880351643,0.9776135916427171,2.2849876010476002,3.1007004058522574
10,70,0.99,0.5,0.95,0.5,9,5,process_noise_x_increased,1100,1300,0,,,0.0,0.0,1.0,0.0,0.0,0.003261421738098577,0.014133777841197499,0.6893447429843695,1.790596844540879
10,70,0.995,0.5,0.95,0.5,9,0,measurement_outliers,100,200,0,,,0.0,0.0,1.0,0.0,0.0,0.007648945158407647,0.015051401443828176,1.0704939002100908,2.8699986687377668
10,70,0.995,0.5,0.95,0.5,9,1,measurement_noise_x_increased,300,400,0,,,0.0,0.0,1.0,0.0,0.0,0.0074731371305837525,0.03797860438672724,0.7512172512097277,1.8129928036561307
10,70,0.995,0.5,0.95,0.5,9,2,measurement_noise_xy_decreased,500,600,0,,,54.0,5.4,0.51,0.49,0.0,0.10288446691154711,0.40679085720617575,0.36054599267610343,0.646337873600152
10,70,0.995,0.5,0.95,0.5,9,3,truncated_gaussian_measurement_noise,700,800,0,,,37.0,3.7,0.61,0.39,0.0,0.0647377926208027,0.26648856571652607,0.2895638265315423,0.7868751180058862
10,70,0.995,0.5,0.95,0.5,9,4,coordinated_turn_model_mismatch,900,1000,0,,,83.0,8.3,0.37,0.63,0.0,0.3264044585630059,0.9307294296749707,2.2849876010476002,3.1007004058522574
10,70,0.995,0.5,0.95,0.5,9,5,process_noise_x_increased,1100,1300,0,,,0.0,0.0,1.0,0.0,0.0,0.0017671651347396112,0.0069716540754953885,0.6893447429843695,1.790596844540879
5,25,0.95,0.5,0.95,0.5,10,0,measurement_outliers,100,200,0,,,0.0,0.0,0.16,0.84,0.0,0.1339031073426931,0.3912490690194933,1.0637917165911492,4.250718456869542
5,25,0.95,0.5,0.95,0.5,10,1,measurement_noise_x_increased,300,400,0,,,36.0,3.6,0.05,0.95,0.0,0.17739014576017678,0.3705119116277321,0.6327930778260777,1.8718548648247146
5,25,0.95,0.5,0.95,0.5,10,2,measurement_noise_xy_decreased,500,600,0,,,19.0,1.9000000000000001,0.1,0.9,0.0,0.6254486212395929,0.9179659028690883,0.31467089886668753,0.8961739021082739
5,25,0.95,0.5,0.95,0.5,10,3,truncated_gaussian_measurement_noise,700,800,0,,,19.0,1.9000000000000001,0.14,0.86,0.0,0.5020288212821871,0.8210950549029875,0.3840988188974622,0.8861960726322493
5,25,0.95,0.5,0.95,0.5,10,4,coordinated_turn_model_mismatch,900,1000,1,35.0,3.5,41.0,4.1000000000000005,0.19,0.16,0.65,0.7271560979669303,0.9999889523237412,2.2572759790793144,3.457831511442445
5,25,0.95,0.5,0.95,0.5,10,5,process_noise_x_increased,1100,1300,0,,,0.0,0.0,0.275,0.725,0.0,0.12158891264977953,0.5889425088740122,0.7100453285199442,2.1967132444674315
5,25,0.98,0.5,0.95,0.5,10,0,measurement_outliers,100,200,0,,,0.0,0.0,0.41,0.59,0.0,0.09209313310775849,0.313182225664695,1.0637917165911492,4.250718456869542
5,25,0.98,0.5,0.95,0.5,10,1,measurement_noise_x_increased,300,400,0,,,36.0,3.6,0.19,0.81,0.0,0.12499368255371998,0.2878974013580379,0.6327930778260777,1.8718548648247146
5,25,0.98,0.5,0.95,0.5,10,2,measurement_noise_xy_decreased,500,600,0,,,20.0,2.0,0.13,0.87,0.0,0.5576103704358107,0.9111528158914389,0.31467089886668753,0.8961739021082739
5,25,0.98,0.5,0.95,0.5,10,3,truncated_gaussian_measurement_noise,700,800,0,,,19.0,1.9000000000000001,0.19,0.81,0.0,0.4394164837940797,0.8089435436512881,0.3840988188974622,0.8861960726322493
5,25,0.98,0.5,0.95,0.5,10,4,coordinated_turn_model_mismatch,900,1000,1,34.0,3.4000000000000004,42.0,4.2,0.22,0.12,0.66,0.7105359094952539,0.9999967864105367,2.2572759790793144,3.457831511442445
5,25,0.98,0.5,0.95,0.5,10,5,process_noise_x_increased,1100,1300,0,,,0.0,0.0,0.485,0.515,0.0,0.09788676922320541,0.5541355798909148,0.7100453285199442,2.1967132444674315
5,25,0.99,0.5,0.95,0.5,10,0,measurement_outliers,100,200,0,,,0.0,0.0,0.65,0.35,0.0,0.05565307896924839,0.21165710782411581,1.0637917165911492,4.250718456869542
5,25,0.99,0.5,0.95,0.5,10,1,measurement_noise_x_increased,300,400,0,,,24.0,2.4000000000000004,0.24,0.76,0.0,0.11524045679914816,0.34039736494942774,0.6327930778260777,1.8718548648247146
5,25,0.99,0.5,0.95,0.5,10,2,measurement_noise_xy_decreased,500,600,0,,,22.0,2.2,0.14,0.86,0.0,0.541077012621469,0.9010360391362287,0.31467089886668753,0.8961739021082739
5,25,0.99,0.5,0.95,0.5,10,3,truncated_gaussian_measurement_noise,700,800,0,,,32.0,3.2,0.28,0.72,0.0,0.4810724155649261,0.8098340760938505,0.3840988188974622,0.8861960726322493
5,25,0.99,0.5,0.95,0.5,10,4,coordinated_turn_model_mismatch,900,1000,1,29.0,2.9000000000000004,34.0,3.4000000000000004,0.26,0.03,0.71,0.7223224883347418,0.9999998497358699,2.2572759790793144,3.457831511442445
5,25,0.99,0.5,0.95,0.5,10,5,process_noise_x_increased,1100,1300,0,,,0.0,0.0,0.61,0.39,0.0,0.08891004061179458,0.747807010589904,0.7100453285199442,2.1967132444674315
5,25,0.995,0.5,0.95,0.5,10,0,measurement_outliers,100,200,0,,,0.0,0.0,0.77,0.23,0.0,0.030388628515657153,0.106831743058762,1.0637917165911492,4.250718456869542
5,25,0.995,0.5,0.95,0.5,10,1,measurement_noise_x_increased,300,400,0,,,18.0,1.8,0.37,0.63,0.0,0.06625515712745525,0.1523308865840957,0.6327930778260777,1.8718548648247146
5,25,0.995,0.5,0.95,0.5,10,2,measurement_noise_xy_decreased,500,600,0,,,37.0,3.7,0.13,0.87,0.0,0.5736252867582984,0.8962196337436271,0.31467089886668753,0.8961739021082739
5,25,0.995,0.5,0.95,0.5,10,3,truncated_gaussian_measurement_noise,700,800,0,,,23.0,2.3000000000000003,0.19,0.81,0.0,0.5271064554788862,0.8390848407731315,0.3840988188974622,0.8861960726322493
5,25,0.995,0.5,0.95,0.5,10,4,coordinated_turn_model_mismatch,900,1000,1,32.0,3.2,41.0,4.1000000000000005,0.26,0.06,0.68,0.730816742295074,0.999999916498241,2.2572759790793144,3.457831511442445
5,25,0.995,0.5,0.95,0.5,10,5,process_noise_x_increased,1100,1300,0,,,0.0,0.0,0.725,0.275,0.0,0.0801078696532441,0.7898726466357296,0.7100453285199442,2.1967132444674315
5,35,0.95,0.5,0.95,0.5,10,0,measurement_outliers,100,200,0,,,0.0,0.0,0.5,0.5,0.0,0.08504872556103615,0.3188592768516213,1.0637917165911492,4.250718456869542
5,35,0.95,0.5,0.95,0.5,10,1,measurement_noise_x_increased,300,400,0,,,36.0,3.6,0.24,0.76,0.0,0.11411950714377969,0.26785977407420597,0.6327930778260777,1.8718548648247146
5,35,0.95,0.5,0.95,0.5,10,2,measurement_noise_xy_decreased,500,600,0,,,22.0,2.2,0.17,0.83,0.0,0.5651285179861616,0.9208241883860789,0.31467089886668753,0.8961739021082739
5,35,0.95,0.5,0.95,0.5,10,3,truncated_gaussian_measurement_noise,700,800,0,,,21.0,2.1,0.2,0.8,0.0,0.445768881812743,0.7942023105350478,0.3840988188974622,0.8861960726322493
5,35,0.95,0.5,0.95,0.5,10,4,coordinated_turn_model_mismatch,900,1000,1,41.0,4.1000000000000005,43.0,4.3,0.24,0.17,0.59,0.6712954722345323,0.999999129581236,2.2572759790793144,3.457831511442445
5,35,0.95,0.5,0.95,0.5,10,5,process_noise_x_increased,1100,1300,0,,,0.0,0.0,0.56,0.44,0.0,0.0627733360264447,0.2790980386583673,0.7100453285199442,2.1967132444674315
5,35,0.98,0.5,0.95,0.5,10,0,measurement_outliers,100,200,0,,,0.0,0.0,0.57,0.43,0.0,0.05680432605149885,0.23208432782024147,1.0637917165911492,4.250718456869542
5,35,0.98,0.5,0.95,0.5,10,1,measurement_noise_x_increased,300,400,0,,,23.0,2.3000000000000003,0.32,0.68,0.0,0.0773100245252102,0.2071069741799689,0.6327930778260777,1.8718548648247146
5,35,0.98,0.5,0.95,0.5,10,2,measurement_noise_xy_decreased,500,600,0,,,23.0,2.3000000000000003,0.21,0.79,0.0,0.5435169238063186,0.9086178123453472,0.31467089886668753,0.8961739021082739
5,35,0.98,0.5,0.95,0.5,10,3,truncated_gaussian_measurement_noise,700,800,0,,,20.0,2.0,0.29,0.71,0.0,0.3863761835641429,0.7904268437924651,0.3840988188974622,0.8861960726322493
5,35,0.98,0.5,0.95,0.5,10,4,coordinated_turn_model_mismatch,900,1000,1,39.0,3.9000000000000004,44.0,4.4,0.27,0.12,0.61,0.6560831411743844,0.9999996694557761,2.2572759790793144,3.457831511442445
5,35,0.98,0.5,0.95,0.5,10,5,process_noise_x_increased,1100,1300,0,,,0.0,0.0,0.745,0.255,0.0,0.03616544052318132,0.14063739693729901,0.7100453285199442,2.1967132444674315
5,35,0.99,0.5,0.95,0.5,10,0,measurement_outliers,100,200,0,,,0.0,0.0,0.8,0.2,0.0,0.031934851541959894,0.13699085087027232,1.0637917165911492,4.250718456869542
5,35,0.99,0.5,0.95,0.5,10,1,measurement_noise_x_increased,300,400,0,,,19.0,1.9000000000000001,0.39,0.61,0.0,0.07444927281044468,0.2386481826743188,0.6327930778260777,1.8718548648247146
5,35,0.99,0.5,0.95,0.5,10,2,measurement_noise_xy_decreased,500,600,0,,,24.0,2.4000000000000004,0.22,0.78,0.0,0.4777194259689796,0.8936970459683394,0.31467089886668753,0.8961739021082739
5,35,0.99,0.5,0.95,0.5,10,3,truncated_gaussian_measurement_noise,700,800,0,,,23.0,2.3000000000000003,0.31,0.69,0.0,0.40046061603291533,0.7907372127638002,0.3840988188974622,0.8861960726322493
5,35,0.99,0.5,0.95,0.5,10,4,coordinated_turn_model_mismatch,900,1000,1,40.0,4.0,42.0,4.2,0.26,0.14,0.6,0.670880350023484,0.9999999405368721,2.2572759790793144,3.457831511442445
5,35,0.99,0.5,0.95,0.5,10,5,process_noise_x_increased,1100,1300,0,,,0.0,0.0,0.86,0.14,0.0,0.025377355231275572,0.14459771628870777,0.7100453285199442,2.1967132444674315
5,35,0.995,0.5,0.95,0.5,10,0,measurement_outliers,100,200,0,,,0.0,0.0,0.99,0.01,0.0,0.011934341553659111,0.05149750424976668,1.0637917165911492,4.250718456869542
5,35,0.995,0.5,0.95,0.5,10,1,measurement_noise_x_increased,300,400,0,,,6.0,0.6000000000000001,0.75,0.25,0.0,0.03410757426162612,0.09216904420090787,0.6327930778260777,1.8718548648247146
5,35,0.995,0.5,0.95,0.5,10,2,measurement_noise_xy_decreased,500,600,0,,,25.0,2.5,0.21,0.79,0.0,0.5366184074419393,0.8915108089591051,0.31467089886668753,0.8961739021082739
5,35,0.995,0.5,0.95,0.5,10,3,truncated_gaussian_measurement_noise,700,800,0,,,23.0,2.3000000000000003,0.3,0.7,0.0,0.3916633243483765,0.764436534787259,0.3840988188974622,0.8861960726322493
5,35,0.995,0.5,0.95,0.5,10,4,coordinated_turn_model_mismatch,900,1000,1,38.0,3.8000000000000003,41.0,4.1000000000000005,0.29,0.09,0.62,0.678944704281409,0.9999999928889435,2.2572759790793144,3.457831511442445
5,35,0.995,0.5,0.95,0.5,10,5,process_noise_x_increased,1100,1300,0,,,0.0,0.0,0.93,0.07,0.0,0.016588879942250067,0.09569490411552305,0.7100453285199442,2.1967132444674315
5,50,0.95,0.5,0.95,0.5,10,0,measurement_outliers,100,200,0,,,0.0,0.0,0.62,0.38,0.0,0.04163330080409582,0.15825110119956476,1.0637917165911492,4.250718456869542
5,50,0.95,0.5,0.95,0.5,10,1,measurement_noise_x_increased,300,400,0,,,19.0,1.9000000000000001,0.52,0.48,0.0,0.05380957920224834,0.13347642788776742,0.6327930778260777,1.8718548648247146
5,50,0.95,0.5,0.95,0.5,10,2,measurement_noise_xy_decreased,500,600,0,,,27.0,2.7,0.3,0.7,0.0,0.47044033310046646,0.9006620673512373,0.31467089886668753,0.8961739021082739
5,50,0.95,0.5,0.95,0.5,10,3,truncated_gaussian_measurement_noise,700,800,0,,,23.0,2.3000000000000003,0.35,0.65,0.0,0.3585671119249014,0.8162955083224489,0.3840988188974622,0.8861960726322493
5,50,0.95,0.5,0.95,0.5,10,4,coordinated_turn_model_mismatch,900,1000,1,51.0,5.1000000000000005,52.0,5.2,0.31,0.2,0.49,0.5822500850139669,0.9999993758238847,2.2572759790793144,3.457831511442445
5,50,0.95,0.5,0.95,0.5,10,5,process_noise_x_increased,1100,1300,0,,,0.0,0.0,0.87,0.13,0.0,0.02276786025530209,0.09300804870325603,0.7100453285199442,2.1967132444674315
5,50,0.98,0.5,0.95,0.5,10,0,measurement_outliers,100,200,0,,,0.0,0.0,0.9,0.1,0.0,0.024261831894044322,0.0918740248443312,1.0637917165911492,4.250718456869542
5,50,0.98,0.5,0.95,0.5,10,1,measurement_noise_x_increased,300,400,0,,,17.0,1.7000000000000002,0.71,0.29,0.0,0.03507495840819615,0.10299478389815316,0.6327930778260777,1.8718548648247146
5,50,0.98,0.5,0.95,0.5,10,2,measurement_noise_xy_decreased,500,600,0,,,30.0,3.0,0.33,0.67,0.0,0.4425099512605177,0.8904079155638635,0.31467089886668753,0.8961739021082739
5,50,0.98,0.5,0.95,0.5,10,3,truncated_gaussian_measurement_noise,700,800,0,,,23.0,2.3000000000000003,0.41,0.59,0.0,0.30482464316294133,0.7943057366520814,0.3840988188974622,0.8861960726322493
5,50,0.98,0.5,0.95,0.5,10,4,coordinated_turn_model_mismatch,900,1000,1,52.0,5.2,52.0,5.2,0.35,0.17,0.48,0.5768735356928463,0.999999745030112,2.2572759790793144,3.457831511442445
5,50,0.98,0.5,0.95,0.5,10,5,process_noise_x_increased,1100,1300,0,,,0.0,0.0,0.94,0.06,0.0,0.013822462856817217,0.06951279262098213,0.7100453285199442,2.1967132444674315
5,50,0.99,0.5,0.95,0.5,10,0,measurement_outliers,100,200,0,,,0.0,0.0,1.0,0.0,0.0,0.011967139539117792,0.04157639178577056,1.0637917165911492,4.250718456869542
5,50,0.99,0.5,0.95,0.5,10,1,measurement_noise_x_increased,300,400,0,,,3.0,0.30000000000000004,0.66,0.34,0.0,0.03367366710341817,0.09764952137050466,0.6327930778260777,1.8718548648247146
5,50,0.99,0.5,0.95,0.5,10,2,measurement_noise_xy_decreased,500,600,0,,,30.0,3.0,0.32,0.68,0.0,0.41342090230182277,0.8746258220842815,0.31467089886668753,0.8961739021082739
5,50,0.99,0.5,0.95,0.5,10,3,truncated_gaussian_measurement_noise,700,800,0,,,22.0,2.2,0.39,0.61,0.0,0.26952420339646344,0.7491259197975833,0.3840988188974622,0.8861960726322493
5,50,0.99,0.5,0.95,0.5,10,4,coordinated_turn_model_mismatch,900,1000,1,49.0,4.9,47.0,4.7,0.37,0.12,0.51,0.5753289297739079,0.999999935861098,2.2572759790793144,3.457831511442445
5,50,0.99,0.5,0.95,0.5,10,5,process_noise_x_increased,1100,1300,0,,,0.0,0.0,1.0,0.0,0.0,0.007515250057246426,0.04455650747864553,0.7100453285199442,2.1967132444674315
5,50,0.995,0.5,0.95,0.5,10,0,measurement_outliers,100,200,0,,,0.0,0.0,1.0,0.0,0.0,0.0039167782264665175,0.012970210814875378,1.0637917165911492,4.250718456869542
5,50,0.995,0.5,0.95,0.5,10,1,measurement_noise_x_increased,300,400,0,,,1.0,0.1,0.88,0.12,0.0,0.022360898315769442,0.062157071869898786,0.6327930778260777,1.8718548648247146
5,50,0.995,0.5,0.95,0.5,10,2,measurement_noise_xy_decreased,500,600,0,,,31.0,3.1,0.32,0.68,0.0,0.40638783955548313,0.8511878291528692,0.31467089886668753,0.8961739021082739
5,50,0.995,0.5,0.95,0.5,10,3,truncated_gaussian_measurement_noise,700,800,0,,,23.0,2.3000000000000003,0.44,0.56,0.0,0.30637178657426545,0.753484385869715,0.3840988188974622,0.8861960726322493
5,50,0.995,0.5,0.95,0.5,10,4,coordinated_turn_model_mismatch,900,1000,1,46.0,4.6000000000000005,48.0,4.800000000000001,0.37,0.09,0.54,0.5889120472428196,0.9999999790912253,2.2572759790793144,3.457831511442445
5,50,0.995,0.5,0.95,0.5,10,5,process_noise_x_increased,1100,1300,0,,,0.0,0.0,0.96,0.04,0.0,0.009348336197137016,0.06515388969036136,0.7100453285199442,2.1967132444674315
5,70,0.95,0.5,0.95,0.5,10,0,measurement_outliers,100,200,0,,,0.0,0.0,1.0,0.0,0.0,0.010053830051658394,0.032445097660044865,1.0637917165911492,4.250718456869542
5,70,0.95,0.5,0.95,0.5,10,1,measurement_noise_x_increased,300,400,0,,,0.0,0.0,0.88,0.12,0.0,0.019232626946733458,0.08158257451977982,0.6327930778260777,1.8718548648247146
5,70,0.95,0.5,0.95,0.5,10,2,measurement_noise_xy_decreased,500,600,0,,,32.0,3.2,0.44,0.56,0.0,0.33215432921912447,0.9186605338527,0.31467089886668753,0.8961739021082739
5,70,0.95,0.5,0.95,0.5,10,3,truncated_gaussian_measurement_noise,700,800,0,,,23.0,2.3000000000000003,0.53,0.47,0.0,0.23872499377011303,0.8149685025091599,0.3840988188974622,0.8861960726322493
5,70,0.95,0.5,0.95,0.5,10,4,coordinated_turn_model_mismatch,900,1000,1,68.0,6.800000000000001,61.0,6.1000000000000005,0.41,0.27,0.32,0.4574904044956524,0.9999978678858302,2.2572759790793144,3.457831511442445
5,70,0.95,0.5,0.95,0.5,10,5,process_noise_x_increased,1100,1300,0,,,0.0,0.0,0.96,0.04,0.0,0.007917647922024443,0.08163060794036565,0.7100453285199442,2.1967132444674315
5,70,0.98,0.5,0.95,0.5,10,0,measurement_outliers,100,200,0,,,0.0,0.0,1.0,0.0,0.0,0.005171409305026711,0.019325704882124102,1.0637917165911492,4.250718456869542
5,70,0.98,0.5,0.95,0.5,10,1,measurement_noise_x_increased,300,400,0,,,0.0,0.0,0.98,0.02,0.0,0.01147019714971081,0.0527906829351253,0.6327930778260777,1.8718548648247146
5,70,0.98,0.5,0.95,0.5,10,2,measurement_noise_xy_decreased,500,600,0,,,33.0,3.3000000000000003,0.53,0.47,0.0,0.30923389498981396,0.9042351037222162,0.31467089886668753,0.8961739021082739
5,70,0.98,0.5,0.95,0.5,10,3,truncated_gaussian_measurement_noise,700,800,0,,,23.0,2.3000000000000003,0.51,0.49,0.0,0.20591526808761415,0.74744247787158,0.3840988188974622,0.8861960726322493
5,70,0.98,0.5,0.95,0.5,10,4,coordinated_turn_model_mismatch,900,1000,1,66.0,6.6000000000000005,65.0,6.5,0.43,0.23,0.34,0.4444192510960898,0.9999982060305496,2.2572759790793144,3.457831511442445
5,70,0.98,0.5,0.95,0.5,10,5,process_noise_x_increased,1100,1300,0,,,0.0,0.0,1.0,0.0,0.0,0.004369558535813249,0.04252335625744073,0.7100453285199442,2.1967132444674315
5,70,0.99,0.5,0.95,0.5,10,0,measurement_outliers,100,200,0,,,0.0,0.0,1.0,0.0,0.0,0.002251503998821035,0.009295478116841775,1.0637917165911492,4.250718456869542
5,70,0.99,0.5,0.95,0.5,10,1,measurement_noise_x_increased,300,400,0,,,0.0,0.0,0.98,0.02,0.0,0.011806334190803227,0.051990270082676135,0.6327930778260777,1.8718548648247146
5,70,0.99,0.5,0.95,0.5,10,2,measurement_noise_xy_decreased,500,600,0,,,34.0,3.4000000000000004,0.51,0.49,0.0,0.3208953324865608,0.8929316051004593,0.31467089886668753,0.8961739021082739
5,70,0.99,0.5,0.95,0.5,10,3,truncated_gaussian_measurement_noise,700,800,0,,,24.0,2.4000000000000004,0.58,0.42,0.0,0.1993517468073653,0.7443858785920965,0.3840988188974622,0.8861960726322493
5,70,0.99,0.5,0.95,0.5,10,4,coordinated_turn_model_mismatch,900,1000,1,68.0,6.800000000000001,65.0,6.5,0.46,0.22,0.32,0.4578199795393099,0.9999973320735063,2.2572759790793144,3.457831511442445
5,70,0.99,0.5,0.95,0.5,10,5,process_noise_x_increased,1100,1300,0,,,0.0,0.0,1.0,0.0,0.0,0.0020883411482262733,0.018112923393298286,0.7100453285199442,2.1967132444674315
5,70,0.995,0.5,0.95,0.5,10,0,measurement_outliers,100,200,0,,,0.0,0.0,1.0,0.0,0.0,0.0025165879579539608,0.01490123647887433,1.0637917165911492,4.250718456869542
5,70,0.995,0.5,0.95,0.5,10,1,measurement_noise_x_increased,300,400,0,,,0.0,0.0,1.0,0.0,0.0,0.008520434461001617,0.036061225655893044,0.6327930778260777,1.8718548648247146
5,70,0.995,0.5,0.95,0.5,10,2,measurement_noise_xy_decreased,500,600,0,,,33.0,3.3000000000000003,0.49,0.51,0.0,0.3327923486719265,0.9359554493207843,0.31467089886668753,0.8961739021082739
5,70,0.995,0.5,0.95,0.5,10,3,truncated_gaussian_measurement_noise,700,800,0,,,24.0,2.4000000000000004,0.62,0.38,0.0,0.19897100372999618,0.770189543974029,0.3840988188974622,0.8861960726322493
5,70,0.995,0.5,0.95,0.5,10,4,coordinated_turn_model_mismatch,900,1000,1,67.0,6.7,60.0,6.0,0.44,0.23,0.33,0.46255676024897774,0.9999994650913917,2.2572759790793144,3.457831511442445
5,70,0.995,0.5,0.95,0.5,10,5,process_noise_x_increased,1100,1300,0,,,0.0,0.0,0.95,0.05,0.0,0.006194392673945243,0.10545484888414344,0.7100453285199442,2.1967132444674315
7,35,0.95,0.5,0.95,0.5,10,0,measurement_outliers,100,200,0,,,4.0,0.4,0.1,0.9,0.0,0.1747926177050918,0.32787285022049584,1.0637917165911492,4.250718456869542
7,35,0.95,0.5,0.95,0.5,10,1,measurement_noise_x_increased,300,400,0,,,37.0,3.7,0.08,0.92,0.0,0.1979128566259367,0.47894523609762646,0.6327930778260777,1.8718548648247146
7,35,0.95,0.5,0.95,0.5,10,2,measurement_noise_xy_decreased,500,600,0,,,25.0,2.5,0.07,0.93,0.0,0.5415354614772269,0.8570840769725113,0.31467089886668753,0.8961739021082739
7,35,0.95,0.5,0.95,0.5,10,3,truncated_gaussian_measurement_noise,700,800,0,,,21.0,2.1,0.09,0.91,0.0,0.46955865798351226,0.8080760177916034,0.3840988188974622,0.8861960726322493
7,35,0.95,0.5,0.95,0.5,10,4,coordinated_turn_model_mismatch,900,1000,1,38.0,3.8000000000000003,48.0,4.800000000000001,0.23,0.15,0.62,0.7054012472493681,0.9999823349249292,2.2572759790793144,3.457831511442445
7,35,0.95,0.5,0.95,0.5,10,5,process_noise_x_increased,1100,1300,0,,,0.0,0.0,0.315,0.685,0.0,0.1263936177727566,0.3850355334226454,0.7100453285199442,2.1967132444674315
7,35,0.98,0.5,0.95,0.5,10,0,measurement_outliers,100,200,0,,,3.0,0.30000000000000004,0.21,0.79,0.0,0.12705398965730294,0.21117599400234882,1.0637917165911492,4.250718456869542
7,35,0.98,0.5,0.95,0.5,10,1,measurement_noise_x_increased,300,400,0,,,36.0,3.6,0.19,0.81,0.0,0.12881753711186403,0.273121482685699,0.6327930778260777,1.8718548648247146
7,35,0.98,0.5,0.95,0.5,10,2,measurement_noise_xy_decreased,500,600,0,,,25.0,2.5,0.13,0.87,0.0,0.4971075457011365,0.7620709040719958,0.31467089886668753,0.8961739021082739
7,35,0.98,0.5,0.95,0.5,10,3,truncated_gaussian_measurement_noise,700,800,0,,,23.0,2.3000000000000003,0.17,0.83,0.0,0.44066246119137026,0.7825929938187068,0.3840988188974622,0.8861960726322493
7,35,0.98,0.5,0.95,0.5,10,4,coordinated_turn_model_mismatch,900,1000,1,38.0,3.8000000000000003,48.0,4.800000000000001,0.24,0.14,0.62,0.6900125601168,0.999982418449202,2.2572759790793144,3.457831511442445
7,35,0.98,0.5,0.95,0.5,10,5,process_noise_x_increased,1100,1300,0,,,0.0,0.0,0.48,0.52,0.0,0.10139615698758715,0.3879284754957322,0.7100453285199442,2.1967132444674315
7,35,0.99,0.5,0.95,0.5,10,0,measurement_outliers,100,200,0,,,0.0,0.0,0.28,0.72,0.0,0.08457862189363866,0.16826667994963102,1.0637917165911492,4.250718456869542
7,35,0.99,0.5,0.95,0.5,10,1,measurement_noise_x_increased,300,400,0,,,24.0,2.4000000000000004,0.26,0.74,0.0,0.08951637637524615,0.21115161746909272,0.6327930778260777,1.8718548648247146
7,35,0.99,0.5,0.95,0.5,10,2,measurement_noise_xy_decreased,500,600,0,,,29.0,2.9000000000000004,0.13,0.87,0.0,0.5132691687223889,0.7618193368962146,0.31467089886668753,0.8961739021082739
7,35,0.99,0.5,0.95,0.5,10,3,truncated_gaussian_measurement_noise,700,800,0,,,24.0,2.4000000000000004,0.09,0.91,0.0,0.41290862006168616,0.7619891223154729,0.3840988188974622,0.8861960726322493
7,35,0.99,0.5,0.95,0.5,10,4,coordinated_turn_model_mismatch,900,1000,1,38.0,3.8000000000000003,47.0,4.7,0.26,0.12,0.62,0.6829851215022366,0.9999921849861715,2.2572759790793144,3.457831511442445
7,35,0.99,0.5,0.95,0.5,10,5,process_noise_x_increased,1100,1300,0,,,0.0,0.0,0.57,0.43,0.0,0.0843983029439843,0.36905780735441734,0.7100453285199442,2.1967132444674315
7,35,0.995,0.5,0.95,0.5,10,0,measurement_outliers,100,200,0,,,0.0,0.0,0.22,0.78,0.0,0.08388009151644227,0.148699902138475,1.0637917165911492,4.250718456869542
7,35,0.995,0.5,0.95,0.5,10,1,measurement_noise_x_increased,300,400,0,,,33.0,3.3000000000000003,0.25,0.75,0.0,0.16169617329151756,0.5502251118691744,0.6327930778260777,1.8718548648247146
7,35,0.995,0.5,0.95,0.5,10,2,measurement_noise_xy_decreased,500,600,0,,,30.0,3.0,0.17,0.83,0.0,0.4966727041019017,0.7845301194006109,0.31467089886668753,0.8961739021082739
7,35,0.995,0.5,0.95,0.5,10,3,truncated_gaussian_measurement_noise,700,800,0,,,24.0,2.4000000000000004,0.12,0.88,0.0,0.4109239758274535,0.7384135630246663,0.3840988188974622,0.8861960726322493
7,35,0.995,0.5,0.95,0.5,10,4,coordinated_turn_model_mismatch,900,1000,1,37.0,3.7,48.0,4.800000000000001,0.26,0.11,0.63,0.6837102638661893,0.9999959367857617,2.2572759790793144,3.457831511442445
7,35,0.995,0.5,0.95,0.5,10,5,process_noise_x_increased,1100,1300,0,,,0.0,0.0,0.635,0.365,0.0,0.07179834987560885,0.3849654981744056,0.7100453285199442,2.1967132444674315
7,50,0.95,0.5,0.95,0.5,10,0,measurement_outliers,100,200,0,,,19.0,1.9000000000000001,0.29,0.71,0.0,0.1161754498432514,0.30141163930248144,1.0637917165911492,4.250718456869542
7,50,0.95,0.5,0.95,0.5,10,1,measurement_noise_x_increased,300,400,0,,,32.0,3.2,0.21,0.79,0.0,0.1162476380636978,0.2628761484347886,0.6327930778260777,1.8718548648247146
7,50,0.95,0.5,0.95,0.5,10,2,measurement_noise_xy_decreased,500,600,0,,,30.0,3.0,0.27,0.73,0.0,0.4315816856311372,0.7610110493402276,0.31467089886668753,0.8961739021082739
7,50,0.95,0.5,0.95,0.5,10,3,truncated_gaussian_measurement_noise,700,800,0,,,24.0,2.4000000000000004,0.33,0.67,0.0,0.3723533666463764,0.807280990189594,0.3840988188974622,0.8861960726322493
7,50,0.95,0.5,0.95,0.5,10,4,coordinated_turn_model_mismatch,900,1000,1,49.0,4.9,53.0,5.300000000000001,0.28,0.21,0.51,0.613400289341528,0.9999925023007852,2.2572759790793144,3.457831511442445
7,50,0.95,0.5,0.95,0.5,10,5,process_noise_x_increased,1100,1300,0,,,0.0,0.0,0.575,0.425,0.0,0.07236643203865825,0.26768904270691435,0.7100453285199442,2.1967132444674315
7,50,0.98,0.5,0.95,0.5,10,0,measurement_outliers,100,200,0,,,0.0,0.0,0.33,0.67,0.0,0.0846484663732427,0.1833960602911441,1.0637917165911492,4.250718456869542
7,50,0.98,0.5,0.95,0.5,10,1,measurement_noise_x_increased,300,400,0,,,24.0,2.4000000000000004,0.36,0.64,0.0,0.07900353768721648,0.18497417470471256,0.6327930778260777,1.8718548648247146
7,50,0.98,0.5,0.95,0.5,10,2,measurement_noise_xy_decreased,500,600,0,,,31.0,3.1,0.3,0.7,0.0,0.4144417381288222,0.7662727666340188,0.31467089886668753,0.8961739021082739
7,50,0.98,0.5,0.95,0.5,10,3,truncated_gaussian_measurement_noise,700,800,0,,,25.0,2.5,0.3,0.7,0.0,0.36096484536421203,0.819032602086375,0.3840988188974622,0.8861960726322493
7,50,0.98,0.5,0.95,0.5,10,4,coordinated_turn_model_mismatch,900,1000,1,50.0,5.0,53.0,5.300000000000001,0.33,0.17,0.5,0.5995590503348991,0.9999930151432556,2.2572759790793144,3.457831511442445
7,50,0.98,0.5,0.95,0.5,10,5,process_noise_x_increased,1100,1300,0,,,0.0,0.0,0.675,0.325,0.0,0.058537552232115875,0.3021985390557854,0.7100453285199442,2.1967132444674315
7,50,0.99,0.5,0.95,0.5,10,0,measurement_outliers,100,200,0,,,0.0,0.0,0.36,0.64,0.0,0.06256029229870799,0.14041708156859867,1.0637917165911492,4.250718456869542
7,50,0.99,0.5,0.95,0.5,10,1,measurement_noise_x_increased,300,400,0,,,3.0,0.30000000000000004,0.4,0.6,0.0,0.05987140924839646,0.14915936981850442,0.6327930778260777,1.8718548648247146
7,50,0.99,0.5,0.95,0.5,10,2,measurement_noise_xy_decreased,500,600,0,,,32.0,3.2,0.29,0.71,0.0,0.40637869076367944,0.7706852957299888,0.31467089886668753,0.8961739021082739
7,50,0.99,0.5,0.95,0.5,10,3,truncated_gaussian_measurement_noise,700,800,0,,,25.0,2.5,0.31,0.69,0.0,0.34263978745733814,0.7611098273973491,0.3840988188974622,0.8861960726322493
7,50,0.99,0.5,0.95,0.5,10,4,coordinated_turn_model_mismatch,900,1000,1,51.0,5.1000000000000005,52.0,5.2,0.33,0.18,0.49,0.5930292395771274,0.9999838486556477,2.2572759790793144,3.457831511442445
7,50,0.99,0.5,0.95,0.5,10,5,process_noise_x_increased,1100,1300,0,,,0.0,0.0,0.73,0.27,0.0,0.051263789349536244,0.3004819057138238,0.7100453285199442,2.1967132444674315
7,50,0.995,0.5,0.95,0.5,10,0,measurement_outliers,100,200,0,,,0.0,0.0,0.37,0.63,0.0,0.06840832240972204,0.21479762146710396,1.0637917165911492,4.250718456869542
7,50,0.995,0.5,0.95,0.5,10,1,measurement_noise_x_increased,300,400,0,,,1.0,0.1,0.32,0.68,0.0,0.06335376362762783,0.13673639802431858,0.6327930778260777,1.8718548648247146
7,50,0.995,0.5,0.95,0.5,10,2,measurement_noise_xy_decreased,500,600,0,,,31.0,3.1,0.34,0.66,0.0,0.3953978230871988,0.759773356999338,0.31467089886668753,0.8961739021082739
7,50,0.995,0.5,0.95,0.5,10,3,truncated_gaussian_measurement_noise,700,800,0,,,25.0,2.5,0.42,0.58,0.0,0.3470131781188599,0.7954168048482593,0.3840988188974622,0.8861960726322493
7,50,0.995,0.5,0.95,0.5,10,4,coordinated_turn_model_mismatch,900,1000,1,51.0,5.1000000000000005,55.0,5.5,0.35,0.16,0.49,0.6055705347059106,0.9999933436501081,2.2572759790793144,3.457831511442445
7,50,0.995,0.5,0.95,0.5,10,5,process_noise_x_increased,1100,1300,0,,,0.0,0.0,0.745,0.255,0.0,0.03709324455035366,0.18733822943949535,0.7100453285199442,2.1967132444674315
7,70,0.95,0.5,0.95,0.5,10,0,measurement_outliers,100,200,0,,,0.0,0.0,0.62,0.38,0.0,0.05199429978870018,0.14493065916403466,1.0637917165911492,4.250718456869542
7,70,0.95,0.5,0.95,0.5,10,1,measurement_noise_x_increased,300,400,0,,,6.0,0.6000000000000001,0.63,0.37,0.0,0.05273549481035476,0.19226454734147178,0.6327930778260777,1.8718548648247146
7,70,0.95,0.5,0.95,0.5,10,2,measurement_noise_xy_decreased,500,600,0,,,34.0,3.4000000000000004,0.4,0.6,0.0,0.30642432805550107,0.7934351081869913,0.31467089886668753,0.8961739021082739
7,70,0.95,0.5,0.95,0.5,10,3,truncated_gaussian_measurement_noise,700,800,0,,,28.0,2.8000000000000003,0.48,0.52,0.0,0.2612698920788813,0.7831035696484804,0.3840988188974622,0.8861960726322493
7,70,0.95,0.5,0.95,0.5,10,4,coordinated_turn_model_mismatch,900,1000,1,65.0,6.5,63.0,6.300000000000001,0.37,0.28,0.35,0.49906814721706977,0.9999890450443218,2.2572759790793144,3.457831511442445
7,70,0.95,0.5,0.95,0.5,10,5,process_noise_x_increased,1100,1300,0,,,0.0,0.0,0.845,0.155,0.0,0.029589565791804873,0.20315090905558603,0.7100453285199442,2.1967132444674315
7,70,0.98,0.5,0.95,0.5,10,0,measurement_outliers,100,200,0,,,0.0,0.0,0.7,0.3,0.0,0.03490029396448546,0.10380088327404322,1.0637917165911492,4.250718456869542
7,70,0.98,0.5,0.95,0.5,10,1,measurement_noise_x_increased,300,400,0,,,1.0,0.1,0.69,0.31,0.0,0.035280647443898555,0.1352993633560692,0.6327930778260777,1.8718548648247146
7,70,0.98,0.5,0.95,0.5,10,2,measurement_noise_xy_decreased,500,600,0,,,35.0,3.5,0.42,0.58,0.0,0.2873442629966141,0.7682073845234445,0.31467089886668753,0.8961739021082739
7,70,0.98,0.5,0.95,0.5,10,3,truncated_gaussian_measurement_noise,700,800,0,,,30.0,3.0,0.5,0.5,0.0,0.2539713261431323,0.7835682024326822,0.3840988188974622,0.8861960726322493
7,70,0.98,0.5,0.95,0.5,10,4,coordinated_turn_model_mismatch,900,1000,1,66.0,6.6000000000000005,61.0,6.1000000000000005,0.39,0.27,0.34,0.4895806885646913,0.9999826395208363,2.2572759790793144,3.457831511442445
7,70,0.98,0.5,0.95,0.5,10,5,process_noise_x_increased,1100,1300,0,,,0.0,0.0,0.86,0.14,0.0,0.0229520208720023,0.17777279754643566,0.7100453285199442,2.1967132444674315
7,70,0.99,0.5,0.95,0.5,10,0,measurement_outliers,100,200,0,,,0.0,0.0,0.81,0.19,0.0,0.021256468099016504,0.06797226057994321,1.0637917165911492,4.250718456869542
7,70,0.99,0.5,0.95,0.5,10,1,measurement_noise_x_increased,300,400,0,,,1.0,0.1,0.7,0.3,0.0,0.03301960313354566,0.12896775849706946,0.6327930778260777,1.8718548648247146
7,70,0.99,0.5,0.95,0.5,10,2,measurement_noise_xy_decreased,500,600,0,,,38.0,3.8000000000000003,0.51,0.49,0.0,0.2835923114397108,0.785620110009356,0.31467089886668753,0.8961739021082739
7,70,0.99,0.5,0.95,0.5,10,3,truncated_gaussian_measurement_noise,700,800,0,,,30.0,3.0,0.5,0.5,0.0,0.23348593906366444,0.7331511117092337,0.3840988188974622,0.8861960726322493
7,70,0.99,0.5,0.95,0.5,10,4,coordinated_turn_model_mismatch,900,1000,1,66.0,6.6000000000000005,63.0,6.300000000000001,0.4,0.26,0.34,0.487190470999561,0.9999916160129602,2.2572759790793144,3.457831511442445
7,70,0.99,0.5,0.95,0.5,10,5,process_noise_x_increased,1100,1300,0,,,0.0,0.0,0.89,0.11,0.0,0.01821412854861864,0.1638824377875134,0.7100453285199442,2.1967132444674315
7,70,0.995,0.5,0.95,0.5,10,0,measurement_outliers,100,200,0,,,0.0,0.0,0.89,0.11,0.0,0.020150825810696972,0.055053270266183923,1.0637917165911492,4.250718456869542
7,70,0.995,0.5,0.95,0.5,10,1,measurement_noise_x_increased,300,400,0,,,0.0,0.0,0.93,0.07,0.0,0.020829506497833435,0.06924454519532483,0.6327930778260777,1.8718548648247146
7,70,0.995,0.5,0.95,0.5,10,2,measurement_noise_xy_decreased,500,600,0,,,38.0,3.8000000000000003,0.51,0.49,0.0,0.28626420625558513,0.7877189178892983,0.31467089886668753,0.8961739021082739
7,70,0.995,0.5,0.95,0.5,10,3,truncated_gaussian_measurement_noise,700,800,0,,,32.0,3.2,0.49,0.51,0.0,0.2533581747472557,0.7767560930447627,0.3840988188974622,0.8861960726322493
7,70,0.995,0.5,0.95,0.5,10,4,coordinated_turn_model_mismatch,900,1000,1,66.0,6.6000000000000005,60.0,6.0,0.38,0.28,0.34,0.491133914078795,0.9999898971584757,2.2572759790793144,3.457831511442445
7,70,0.995,0.5,0.95,0.5,10,5,process_noise_x_increased,1100,1300,0,,,0.0,0.0,0.905,0.095,0.0,0.015112546455144711,0.138544206831765,0.7100453285199442,2.1967132444674315
10,50,0.95,0.5,0.95,0.5,10,0,measurement_outliers,100,200,0,,,25.0,2.5,0.23,0.77,0.0,0.13729269326132817,0.27024386805195305,1.0637917165911492,4.250718456869542
10,50,0.95,0.5,0.95,0.5,10,1,measurement_noise_x_increased,300,400,0,,,39.0,3.9000000000000004,0.04,0.96,0.0,0.14283629704610917,0.2293518244775781,0.6327930778260777,1.8718548648247146
10,50,0.95,0.5,0.95,0.5,10,2,measurement_noise_xy_decreased,500,600,0,,,38.0,3.8000000000000003,0.13,0.87,0.0,0.38447439495226987,0.6881534204031351,0.31467089886668753,0.8961739021082739
10,50,0.95,0.5,0.95,0.5,10,3,truncated_gaussian_measurement_noise,700,800,0,,,32.0,3.2,0.3,0.7,0.0,0.27749826158074553,0.6574571658129734,0.3840988188974622,0.8861960726322493
10,50,0.95,0.5,0.95,0.5,10,4,coordinated_turn_model_mismatch,900,1000,1,60.0,6.0,68.0,6.800000000000001,0.26,0.34,0.4,0.5770498453510495,0.9986915183489042,2.2572759790793144,3.457831511442445
10,50,0.95,0.5,0.95,0.5,10,5,process_noise_x_increased,1100,1300,0,,,0.0,0.0,0.245,0.755,0.0,0.10075756072545854,0.2970912603167862,0.7100453285199442,2.1967132444674315
10,50,0.98,0.5,0.95,0.5,10,0,measurement_outliers,100,200,0,,,23.0,2.3000000000000003,0.28,0.72,0.0,0.09413881517164711,0.20568371638204777,1.0637917165911492,4.250718456869542
10,50,0.98,0.5,0.95,0.5,10,1,measurement_noise_x_increased,300,400,0,,,38.0,3.8000000000000003,0.2,0.8,0.0,0.09663881723429496,0.16287789798537416,0.6327930778260777,1.8718548648247146
10,50,0.98,0.5,0.95,0.5,10,2,measurement_noise_xy_decreased,500,600,0,,,38.0,3.8000000000000003,0.27,0.73,0.0,0.3100114562229015,0.6508596789174665,0.31467089886668753,0.8961739021082739
10,50,0.98,0.5,0.95,0.5,10,3,truncated_gaussian_measurement_noise,700,800,0,,,32.0,3.2,0.37,0.63,0.0,0.21186882684549424,0.586880906789107,0.3840988188974622,0.8861960726322493
10,50,0.98,0.5,0.95,0.5,10,4,coordinated_turn_model_mismatch,900,1000,1,67.0,6.7,67.0,6.7,0.29,0.38,0.33,0.5219329984720046,0.9962376598937392,2.2572759790793144,3.457831511442445
10,50,0.98,0.5,0.95,0.5,10,5,process_noise_x_increased,1100,1300,0,,,0.0,0.0,0.485,0.515,0.0,0.06738601496858085,0.20630030966653648,0.7100453285199442,2.1967132444674315
10,50,0.99,0.5,0.95,0.5,10,0,measurement_outliers,100,200,0,,,0.0,0.0,0.53,0.47,0.0,0.05620802339828973,0.1358497168618557,1.0637917165911492,4.250718456869542
10,50,0.99,0.5,0.95,0.5,10,1,measurement_noise_x_increased,300,400,0,,,36.0,3.6,0.38,0.62,0.0,0.05718349627415547,0.11440776796651736,0.6327930778260777,1.8718548648247146
10,50,0.99,0.5,0.95,0.5,10,2,measurement_noise_xy_decreased,500,600,0,,,38.0,3.8000000000000003,0.34,0.66,0.0,0.2297955025087359,0.5674642537566218,0.31467089886668753,0.8961739021082739
10,50,0.99,0.5,0.95,0.5,10,3,truncated_gaussian_measurement_noise,700,800,0,,,32.0,3.2,0.47,0.53,0.0,0.14812879721735242,0.4723780103566453,0.3840988188974622,0.8861960726322493
10,50,0.99,0.5,0.95,0.5,10,4,coordinated_turn_model_mismatch,900,1000,1,73.0,7.300000000000001,68.0,6.800000000000001,0.35,0.38,0.27,0.45991793493539773,0.9892953079429289,2.2572759790793144,3.457831511442445
10,50,0.99,0.5,0.95,0.5,10,5,process_noise_x_increased,1100,1300,0,,,0.0,0.0,0.69,0.31,0.0,0.04149251874068069,0.12430709924694677,0.7100453285199442,2.1967132444674315
10,50,0.995,0.5,0.95,0.5,10,0,measurement_outliers,100,200,0,,,0.0,0.0,0.83,0.17,0.0,0.024442212431851126,0.06251394846559984,1.0637917165911492,4.250718456869542
10,50,0.995,0.5,0.95,0.5,10,1,measurement_noise_x_increased,300,400,0,,,0.0,0.0,0.92,0.08,0.0,0.025580811182317368,0.058931281140677826,0.6327930778260777,1.8718548648247146
10,50,0.995,0.5,0.95,0.5,10,2,measurement_noise_xy_decreased,500,600,0,,,34.0,3.4000000000000004,0.44,0.56,0.0,0.13528121907094737,0.40884648009662744,0.31467089886668753,0.8961739021082739
10,50,0.995,0.5,0.95,0.5,10,3,truncated_gaussian_measurement_noise,700,800,0,,,29.0,2.9000000000000004,0.61,0.39,0.0,0.08513658765479644,0.31254658353272635,0.3840988188974622,0.8861960726322493
10,50,0.995,0.5,0.95,0.5,10,4,coordinated_turn_model_mismatch,900,1000,1,90.0,9.0,69.0,6.9,0.4,0.5,0.1,0.3701560098398629,0.9584174090293868,2.2572759790793144,3.457831511442445
10,50,0.995,0.5,0.95,0.5,10,5,process_noise_x_increased,1100,1300,0,,,0.0,0.0,0.905,0.095,0.0,0.02105937463857348,0.06317621211080765,0.7100453285199442,2.1967132444674315
10,70,0.95,0.5,0.95,0.5,10,0,measurement_outliers,100,200,0,,,0.0,0.0,0.46,0.54,0.0,0.07336840772096155,0.19137437621345896,1.0637917165911492,4.250718456869542
10,70,0.95,0.5,0.95,0.5,10,1,measurement_noise_x_increased,300,400,0,,,36.0,3.6,0.33,0.67,0.0,0.07281841480939977,0.1662509752952894,0.6327930778260777,1.8718548648247146
10,70,0.95,0.5,0.95,0.5,10,2,measurement_noise_xy_decreased,500,600,0,,,39.0,3.9000000000000004,0.35,0.65,0.0,0.2627235426746353,0.677662973115448,0.31467089886668753,0.8961739021082739
10,70,0.95,0.5,0.95,0.5,10,3,truncated_gaussian_measurement_noise,700,800,0,,,37.0,3.7,0.5,0.5,0.0,0.17274650933363334,0.5637254386864561,0.3840988188974622,0.8861960726322493
10,70,0.95,0.5,0.95,0.5,10,4,coordinated_turn_model_mismatch,900,1000,1,73.0,7.300000000000001,69.0,6.9,0.36,0.37,0.27,0.44384868141812844,0.9986864751617963,2.2572759790793144,3.457831511442445
10,70,0.95,0.5,0.95,0.5,10,5,process_noise_x_increased,1100,1300,0,,,0.0,0.0,0.67,0.33,0.0,0.047197889595363335,0.17482276132534227,0.7100453285199442,2.1967132444674315
10,70,0.98,0.5,0.95,0.5,10,0,measurement_outliers,100,200,0,,,0.0,0.0,0.64,0.36,0.0,0.04593117615948284,0.1330912335057426,1.0637917165911492,4.250718456869542
10,70,0.98,0.5,0.95,0.5,10,1,measurement_noise_x_increased,300,400,0,,,25.0,2.5,0.66,0.34,0.0,0.045082310026575236,0.11125166364733395,0.6327930778260777,1.8718548648247146
10,70,0.98,0.5,0.95,0.5,10,2,measurement_noise_xy_decreased,500,600,0,,,39.0,3.9000000000000004,0.4,0.6,0.0,0.2030770514758603,0.6036228789644374,0.31467089886668753,0.8961739021082739
10,70,0.98,0.5,0.95,0.5,10,3,truncated_gaussian_measurement_noise,700,800,0,,,36.0,3.6,0.59,0.41,0.0,0.12321339261179029,0.45805002008394596,0.3840988188974622,0.8861960726322493
10,70,0.98,0.5,0.95,0.5,10,4,coordinated_turn_model_mismatch,900,1000,1,79.0,7.9,70.0,7.0,0.39,0.4,0.21,0.3938491722500653,0.9948559127162,2.2572759790793144,3.457831511442445
10,70,0.98,0.5,0.95,0.5,10,5,process_noise_x_increased,1100,1300,0,,,0.0,0.0,0.81,0.19,0.0,0.030582708584029655,0.11086471964943526,0.7100453285199442,2.1967132444674315
10,70,0.99,0.5,0.95,0.5,10,0,measurement_outliers,100,200,0,,,0.0,0.0,0.76,0.24,0.0,0.024522195821378677,0.07603688293948796,1.0637917165911492,4.250718456869542
10,70,0.99,0.5,0.95,0.5,10,1,measurement_noise_x_increased,300,400,0,,,0.0,0.0,0.84,0.16,0.0,0.02459047263696447,0.06925929847308722,0.6327930778260777,1.8718548648247146
10,70,0.99,0.5,0.95,0.5,10,2,measurement_noise_xy_decreased,500,600,0,,,39.0,3.9000000000000004,0.53,0.47,0.0,0.14126547284377353,0.47589430812869027,0.31467089886668753,0.8961739021082739
10,70,0.99,0.5,0.95,0.5,10,3,truncated_gaussian_measurement_noise,700,800,0,,,34.0,3.4000000000000004,0.65,0.35,0.0,0.07896888891913739,0.34722701061788486,0.3840988188974622,0.8861960726322493
10,70,0.99,0.5,0.95,0.5,10,4,coordinated_turn_model_mismatch,900,1000,1,87.0,8.700000000000001,73.0,7.300000000000001,0.43,0.44,0.13,0.33705322125616355,0.982474660444811,2.2572759790793144,3.457831511442445
10,70,0.99,0.5,0.95,0.5,10,5,process_noise_x_increased,1100,1300,0,,,0.0,0.0,0.945,0.055,0.0,0.01822350221286517,0.06312689677599792,0.7100453285199442,2.1967132444674315
10,70,0.995,0.5,0.95,0.5,10,0,measurement_outliers,100,200,0,,,0.0,0.0,1.0,0.0,0.0,0.009413652635199835,0.029385516341090476,1.0637917165911492,4.250718456869542
10,70,0.995,0.5,0.95,0.5,10,1,measurement_noise_x_increased,300,400,0,,,0.0,0.0,1.0,0.0,0.0,0.010129978708859096,0.030877440712607666,0.6327930778260777,1.8718548648247146
10,70,0.995,0.5,0.95,0.5,10,2,measurement_noise_xy_decreased,500,600,0,,,38.0,3.8000000000000003,0.64,0.36,0.0,0.07459025394392495,0.293882013545697,0.31467089886668753,0.8961739021082739
10,70,0.995,0.5,0.95,0.5,10,3,truncated_gaussian_measurement_noise,700,800,0,,,25.0,2.5,0.72,0.28,0.0,0.04083416021004045,0.21034702344404638,0.3840988188974622,0.8861960726322493
10,70,0.995,0.5,0.95,0.5,10,4,coordinated_turn_model_mismatch,900,1000,0,,,74.0,7.4,0.5,0.5,0.0,0.25578012034470127,0.9275363521067762,2.2572759790793144,3.457831511442445
10,70,0.995,0.5,0.95,0.5,10,5,process_noise_x_increased,1100,1300,0,,,0.0,0.0,1.0,0.0,0.0,0.00910333101045807,0.02855289919646236,0.7100453285199442,2.1967132444674315
5,25,0.95,0.5,0.95,0.5,11,0,measurement_outliers,100,200,0,,,10.0,1.0,0.09,0.91,0.0,0.15514143417631807,0.4357068026883492,0.9540758571543031,2.126003946034699
5,25,0.95,0.5,0.95,0.5,11,1,measurement_noise_x_increased,300,400,0,,,25.0,2.5,0.3,0.7,0.0,0.15681772549364628,0.6618490530324286,0.8038523520741943,1.8490275556180322
5,25,0.95,0.5,0.95,0.5,11,2,measurement_noise_xy_decreased,500,600,1,91.0,9.1,33.0,3.3000000000000003,0.21,0.69,0.1,0.5944948258908228,0.9862989822032026,0.33870397584405076,0.693201999679025
5,25,0.95,0.5,0.95,0.5,11,3,truncated_gaussian_measurement_noise,700,800,0,,,26.0,2.6,0.1,0.9,0.0,0.3943739414415392,0.7342152879219809,0.39553872778862265,0.7045170366674228
5,25,0.95,0.5,0.95,0.5,11,4,coordinated_turn_model_mismatch,900,1000,0,,,17.0,1.7000000000000002,0.18,0.82,0.0,0.10455815463382966,0.23278092210145107,0.5675000560096586,1.2826816649107293
5,25,0.95,0.5,0.95,0.5,11,5,process_noise_x_increased,1100,1300,1,175.0,17.5,51.0,5.1000000000000005,0.215,0.695,0.09,0.25401965143248384,0.997177433608682,1.1331594201545288,2.95932755003939
5,25,0.98,0.5,0.95,0.5,11,0,measurement_outliers,100,200,0,,,9.0,0.9,0.39,0.61,0.0,0.10339420241833683,0.3351044481031255,0.9540758571543031,2.126003946034699
5,25,0.98,0.5,0.95,0.5,11,1,measurement_noise_x_increased,300,400,0,,,25.0,2.5,0.46,0.54,0.0,0.10649013818630233,0.544078830214879,0.8038523520741943,1.8490275556180322
5,25,0.98,0.5,0.95,0.5,11,2,measurement_noise_xy_decreased,500,600,1,93.0,9.3,33.0,3.3000000000000003,0.25,0.68,0.07,0.5363178750063242,0.9792679097293002,0.33870397584405076,0.693201999679025
5,25,0.98,0.5,0.95,0.5,11,3,truncated_gaussian_measurement_noise,700,800,0,,,23.0,2.3000000000000003,0.14,0.86,0.0,0.337370425370507,0.6996640322970393,0.39553872778862265,0.7045170366674228
5,25,0.98,0.5,0.95,0.5,11,4,coordinated_turn_model_mismatch,900,1000,0,,,16.0,1.6,0.45,0.55,0.0,0.05651334774217997,0.13983431165000965,0.5675000560096586,1.2826816649107293
5,25,0.98,0.5,0.95,0.5,11,5,process_noise_x_increased,1100,1300,1,177.0,17.7,36.0,3.6,0.31,0.61,0.08,0.2232655505630854,0.9946993335905322,1.1331594201545288,2.95932755003939
5,25,0.99,0.5,0.95,0.5,11,0,measurement_outliers,100,200,0,,,9.0,0.9,0.66,0.34,0.0,0.061896469200226935,0.2350783112570498,0.9540758571543031,2.126003946034699
5,25,0.99,0.5,0.95,0.5,11,1,measurement_noise_x_increased,300,400,0,,,25.0,2.5,0.72,0.28,0.0,0.06606674854292112,0.4028558996017674,0.8038523520741943,1.8490275556180322
5,25,0.99,0.5,0.95,0.5,11,2,measurement_noise_xy_decreased,500,600,1,93.0,9.3,54.0,5.4,0.26,0.67,0.07,0.5423047309987645,0.9749190716517546,0.33870397584405076,0.693201999679025
5,25,0.99,0.5,0.95,0.5,11,3,truncated_gaussian_measurement_noise,700,800,0,,,18.0,1.8,0.19,0.81,0.0,0.27283770162552223,0.6179023964444428,0.39553872778862265,0.7045170366674228
5,25,0.99,0.5,0.95,0.5,11,4,coordinated_turn_model_mismatch,900,1000,0,,,0.0,0.0,0.89,0.11,0.0,0.02626941124133814,0.06743443141780665,0.5675000560096586,1.2826816649107293
5,25,0.99,0.5,0.95,0.5,11,5,process_noise_x_increased,1100,1300,1,176.0,17.6,32.0,3.2,0.445,0.465,0.09,0.18608130599772277,0.9942015936752174,1.1331594201545288,2.95932755003939
5,25,0.995,0.5,0.95,0.5,11,0,measurement_outliers,100,200,0,,,8.0,0.8,0.65,0.35,0.0,0.05868783994826913,0.24803301989563806,0.9540758571543031,2.126003946034699
5,25,0.995,0.5,0.95,0.5,11,1,measurement_noise_x_increased,300,400,0,,,23.0,2.3000000000000003,0.78,0.22,0.0,0.031344657672373544,0.23253920535711808,0.8038523520741943,1.8490275556180322
5,25,0.995,0.5,0.95,0.5,11,2,measurement_noise_xy_decreased,500,600,1,93.0,9.3,54.0,5.4,0.25,0.68,0.07,0.5339663684590136,0.9696168668292744,0.33870397584405076,0.693201999679025
5,25,0.995,0.5,0.95,0.5,11,3,truncated_gaussian_measurement_noise,700,800,0,,,26.0,2.6,0.25,0.75,0.0,0.2762189767222087,0.5808095138699824,0.39553872778862265,0.7045170366674228
5,25,0.995,0.5,0.95,0.5,11,4,coordinated_turn_model_mismatch,900,1000,0,,,0.0,0.0,0.84,0.16,0.0,0.022260343654777835,0.08088962686918574,0.5675000560096586,1.2826816649107293
5,25,0.995,0.5,0.95,0.5,11,5,process_noise_x_increased,1100,1300,1,174.0,17.400000000000002,28.0,2.8000000000000003,0.49,0.38,0.13,0.19105769790485078,0.9990543514438593,1.1331594201545288,2.95932755003939
5,35,0.95,0.5,0.95,0.5,11,0,measurement_outliers,100,200,0,,,9.0,0.9,0.45,0.55,0.0,0.09344223409882955,0.3352122860502496,0.9540758571543031,2.126003946034699
5,35,0.95,0.5,0.95,0.5,11,1,measurement_noise_x_increased,300,400,0,,,28.0,2.8000000000000003,0.53,0.47,0.0,0.09125206748130575,0.509034711435218,0.8038523520741943,1.8490275556180322
5,35,0.95,0.5,0.95,0.5,11,2,measurement_noise_xy_decreased,500,600,1,93.0,9.3,33.0,3.3000000000000003,0.29,0.64,0.07,0.5383765498256561,0.9759996074652146,0.33870397584405076,0.693201999679025
5,35,0.95,0.5,0.95,0.5,11,3,truncated_gaussian_measurement_noise,700,800,0,,,24.0,2.4000000000000004,0.17,0.83,0.0,0.33157978580609465,0.7481314644473056,0.39553872778862265,0.7045170366674228
5,35,0.95,0.5,0.95,0.5,11,4,coordinated_turn_model_mismatch,900,1000,0,,,16.0,1.6,0.57,0.43,0.0,0.04614780900699266,0.13000862774743424,0.5675000560096586,1.2826816649107293
5,35,0.95,0.5,0.95,0.5,11,5,process_noise_x_increased,1100,1300,1,185.0,18.5,36.0,3.6,0.405,0.54,0.055,0.18129251666265028,0.9852782335499664,1.1331594201545288,2.95932755003939
5,35,0.98,0.5,0.95,0.5,11,0,measurement_outliers,100,200,0,,,9.0,0.9,0.65,0.35,0.0,0.06065562785545206,0.24331079578897655,0.9540758571543031,2.126003946034699
5,35,0.98,0.5,0.95,0.5,11,1,measurement_noise_x_increased,300,400,0,,,28.0,2.8000000000000003,0.73,0.27,0.0,0.059940856508202724,0.3813576561223133,0.8038523520741943,1.8490275556180322
5,35,0.98,0.5,0.95,0.5,11,2,measurement_noise_xy_decreased,500,600,1,93.0,9.3,41.0,4.1000000000000005,0.32,0.61,0.07,0.5248309418579997,0.9766957278329154,0.33870397584405076,0.693201999679025
5,35,0.98,0.5,0.95,0.5,11,3,truncated_gaussian_measurement_noise,700,800,0,,,19.0,1.9000000000000001,0.2,0.8,0.0,0.28244750808562713,0.6745969008871407,0.39553872778862265,0.7045170366674228
5,35,0.98,0.5,0.95,0.5,11,4,coordinated_turn_model_mismatch,900,1000,0,,,0.0,0.0,0.91,0.09,0.0,0.023422974515341942,0.06411291886171859,0.5675000560096586,1.2826816649107293
5,35,0.98,0.5,0.95,0.5,11,5,process_noise_x_increased,1100,1300,1,183.0,18.3,32.0,3.2,0.575,0.37,0.055,0.1557369785412962,0.9798984106973082,1.1331594201545288,2.95932755003939
5,35,0.99,0.5,0.95,0.5,11,0,measurement_outliers,100,200,0,,,8.0,0.8,0.75,0.25,0.0,0.034879454223714836,0.16049056931102842,0.9540758571543031,2.126003946034699
5,35,0.99,0.5,0.95,0.5,11,1,measurement_noise_x_increased,300,400,0,,,25.0,2.5,0.78,0.22,0.0,0.03602402905436422,0.25797125253418246,0.8038523520741943,1.8490275556180322
5,35,0.99,0.5,0.95,0.5,11,2,measurement_noise_xy_decreased,500,600,1,95.0,9.5,34.0,3.4000000000000004,0.33,0.62,0.05,0.4771023309345055,0.9627708990089148,0.33870397584405076,0.693201999679025
5,35,0.99,0.5,0.95,0.5,11,3,truncated_gaussian_measurement_noise,700,800,0,,,22.0,2.2,0.25,0.75,0.0,0.226378663888499,0.5589474797163029,0.39553872778862265,0.7045170366674228
5,35,0.99,0.5,0.95,0.5,11,4,coordinated_turn_model_mismatch,900,1000,0,,,0.0,0.0,1.0,0.0,0.0,0.010654724068216303,0.028198797703277257,0.5675000560096586,1.2826816649107293
5,35,0.99,0.5,0.95,0.5,11,5,process_noise_x_increased,1100,1300,1,182.0,18.2,33.0,3.3000000000000003,0.685,0.255,0.06,0.1497021011844103,0.9860050951478654,1.1331594201545288,2.95932755003939
5,35,0.995,0.5,0.95,0.5,11,0,measurement_outliers,100,200,0,,,1.0,0.1,0.89,0.11,0.0,0.014652803983523546,0.07744563424830782,0.9540758571543031,2.126003946034699
5,35,0.995,0.5,0.95,0.5,11,1,measurement_noise_x_increased,300,400,0,,,28.0,2.8000000000000003,0.88,0.12,0.0,0.030239456520521655,0.28530095023574414,0.8038523520741943,1.8490275556180322
5,35,0.995,0.5,0.95,0.5,11,2,measurement_noise_xy_decreased,500,600,1,86.0,8.6,31.0,3.1,0.32,0.5,0.18,0.573263222719153,0.9796523511740931,0.33870397584405076,0.693201999679025
5,35,0.995,0.5,0.95,0.5,11,3,truncated_gaussian_measurement_noise,700,800,0,,,26.0,2.6,0.31,0.69,0.0,0.1552845152491462,0.388595837639046,0.39553872778862265,0.7045170366674228
5,35,0.995,0.5,0.95,0.5,11,4,coordinated_turn_model_mismatch,900,1000,0,,,0.0,0.0,1.0,0.0,0.0,0.0057711232189055295,0.02863077837067765,0.5675000560096586,1.2826816649107293
5,35,0.995,0.5,0.95,0.5,11,5,process_noise_x_increased,1100,1300,1,181.0,18.1,25.0,2.5,0.7,0.205,0.095,0.14205295348216648,0.9942750315742543,1.1331594201545288,2.95932755003939
5,50,0.95,0.5,0.95,0.5,11,0,measurement_outliers,100,200,0,,,9.0,0.9,0.72,0.28,0.0,0.03746698118450971,0.1543485776137354,0.9540758571543031,2.126003946034699
5,50,0.95,0.5,0.95,0.5,11,1,measurement_noise_x_increased,300,400,0,,,28.0,2.8000000000000003,0.78,0.22,0.0,0.03373365032457865,0.21228290577412148,0.8038523520741943,1.8490275556180322
5,50,0.95,0.5,0.95,0.5,11,2,measurement_noise_xy_decreased,500,600,1,95.0,9.5,48.0,4.800000000000001,0.38,0.57,0.05,0.4430950396216196,0.9608228035083207,0.33870397584405076,0.693201999679025
5,50,0.95,0.5,0.95,0.5,11,3,truncated_gaussian_measurement_noise,700,800,0,,,6.0,0.6000000000000001,0.26,0.74,0.0,0.25800640198645297,0.6165447834211059,0.39553872778862265,0.7045170366674228
5,50,0.95,0.5,0.95,0.5,11,4,coordinated_turn_model_mismatch,900,1000,0,,,0.0,0.0,1.0,0.0,0.0,0.010197286521514339,0.030784259600482995,0.5675000560096586,1.2826816649107293
5,50,0.95,0.5,0.95,0.5,11,5,process_noise_x_increased,1100,1300,0,,,32.0,3.2,0.72,0.28,0.0,0.09025798188554578,0.8335362246748387,1.1331594201545288,2.95932755003939
5,50,0.98,0.5,0.95,0.5,11,0,measurement_outliers,100,200,0,,,8.0,0.8,0.8,0.2,0.0,0.02240963501503336,0.10405459700926976,0.9540758571543031,2.126003946034699
5,50,0.98,0.5,0.95,0.5,11,1,measurement_noise_x_increased,300,400,0,,,28.0,2.8000000000000003,0.86,0.14,0.0,0.021929030277118868,0.1536624076315975,0.8038523520741943,1.8490275556180322
5,50,0.98,0.5,0.95,0.5,11,2,measurement_noise_xy_decreased,500,600,0,,,49.0,4.9,0.41,0.57,0.02,0.4191379899242119,0.9551803801187182,0.33870397584405076,0.693201999679025
5,50,0.98,0.5,0.95,0.5,11,3,truncated_gaussian_measurement_noise,700,800,0,,,6.0,0.6000000000000001,0.3,0.7,0.0,0.21193780419131109,0.49778282115490685,0.39553872778862265,0.7045170366674228
5,50,0.98,0.5,0.95,0.5,11,4,coordinated_turn_model_mismatch,900,1000,0,,,0.0,0.0,1.0,0.0,0.0,0.005052679938055935,0.015095677331120692,0.5675000560096586,1.2826816649107293
5,50,0.98,0.5,0.95,0.5,11,5,process_noise_x_increased,1100,1300,0,,,34.0,3.4000000000000004,0.795,0.205,0.0,0.07485315225514089,0.8270183869066257,1.1331594201545288,2.95932755003939
5,50,0.99,0.5,0.95,0.5,11,0,measurement_outliers,100,200,0,,,3.0,0.30000000000000004,0.93,0.07,0.0,0.01194800083144293,0.06185638289342458,0.9540758571543031,2.126003946034699
5,50,0.99,0.5,0.95,0.5,11,1,measurement_noise_x_increased,300,400,0,,,25.0,2.5,0.9,0.1,0.0,0.012888249569054629,0.10102266610987509,0.8038523520741943,1.8490275556180322
5,50,0.99,0.5,0.95,0.5,11,2,measurement_noise_xy_decreased,500,600,1,95.0,9.5,49.0,4.9,0.46,0.49,0.05,0.378033392720717,0.9607995877913841,0.33870397584405076,0.693201999679025
5,50,0.99,0.5,0.95,0.5,11,3,truncated_gaussian_measurement_noise,700,800,0,,,13.0,1.3,0.34,0.66,0.0,0.161876921776598,0.3713148949805053,0.39553872778862265,0.7045170366674228
5,50,0.99,0.5,0.95,0.5,11,4,coordinated_turn_model_mismatch,900,1000,0,,,0.0,0.0,1.0,0.0,0.0,0.0021609471199640295,0.007129528222074288,0.5675000560096586,1.2826816649107293
5,50,0.99,0.5,0.95,0.5,11,5,process_noise_x_increased,1100,1300,0,,,36.0,3.6,0.79,0.21,0.0,0.06559118313191974,0.805096366132539,1.1331594201545288,2.95932755003939
5,50,0.995,0.5,0.95,0.5,11,0,measurement_outliers,100,200,0,,,1.0,0.1,0.89,0.11,0.0,0.010888524690761223,0.09783357847745938,0.9540758571543031,2.126003946034699
5,50,0.995,0.5,0.95,0.5,11,1,measurement_noise_x_increased,300,400,0,,,0.0,0.0,1.0,0.0,0.0,0.005457583784093139,0.049860175313298546,0.8038523520741943,1.8490275556180322
5,50,0.995,0.5,0.95,0.5,11,2,measurement_noise_xy_decreased,500,600,1,96.0,9.600000000000001,53.0,5.300000000000001,0.42,0.54,0.04,0.4420692795780735,0.963620502036423,0.33870397584405076,0.693201999679025
5,50,0.995,0.5,0.95,0.5,11,3,truncated_gaussian_measurement_noise,700,800,0,,,11.0,1.1,0.4,0.6,0.0,0.10351667752263655,0.2354785490748201,0.39553872778862265,0.7045170366674228
5,50,0.995,0.5,0.95,0.5,11,4,coordinated_turn_model_mismatch,900,1000,0,,,0.0,0.0,1.0,0.0,0.0,0.0006001517674424499,0.00222552343611774,0.5675000560096586,1.2826816649107293
5,50,0.995,0.5,0.95,0.5,11,5,process_noise_x_increased,1100,1300,0,,,30.0,3.0,0.855,0.145,0.0,0.06405666880148381,0.948493009428101,1.1331594201545288,2.95932755003939
5,70,0.95,0.5,0.95,0.5,11,0,measurement_outliers,100,200,0,,,1.0,0.1,0.98,0.02,0.0,0.008353729334507794,0.06023682420658161,0.9540758571543031,2.126003946034699
5,70,0.95,0.5,0.95,0.5,11,1,measurement_noise_x_increased,300,400,0,,,25.0,2.5,0.92,0.08,0.0,0.009532971422766368,0.0799660926803748,0.8038523520741943,1.8490275556180322
5,70,0.95,0.5,0.95,0.5,11,2,measurement_noise_xy_decreased,500,600,1,92.0,9.200000000000001,55.0,5.5,0.51,0.41,0.08,0.295083639390829,0.9802150181206114,0.33870397584405076,0.693201999679025
5,70,0.95,0.5,0.95,0.5,11,3,truncated_gaussian_measurement_noise,700,800,0,,,13.0,1.3,0.39,0.61,0.0,0.15600343731969335,0.35722476930688407,0.39553872778862265,0.7045170366674228
5,70,0.95,0.5,0.95,0.5,11,4,coordinated_turn_model_mismatch,900,1000,0,,,0.0,0.0,1.0,0.0,0.0,0.0012084483107003845,0.0049260673048666685,0.5675000560096586,1.2826816649107293
5,70,0.95,0.5,0.95,0.5,11,5,process_noise_x_increased,1100,1300,0,,,48.0,4.800000000000001,0.845,0.155,0.0,0.028316203439924963,0.2306340445936015,1.1331594201545288,2.95932755003939
5,70,0.98,0.5,0.95,0.5,11,0,measurement_outliers,100,200,0,,,0.0,0.0,1.0,0.0,0.0,0.004659928778843064,0.036987821722344265,0.9540758571543031,2.126003946034699
5,70,0.98,0.5,0.95,0.5,11,1,measurement_noise_x_increased,300,400,0,,,1.0,0.1,0.98,0.02,0.0,0.005813786498580707,0.05307612547112463,0.8038523520741943,1.8490275556180322
5,70,0.98,0.5,0.95,0.5,11,2,measurement_noise_xy_decreased,500,600,1,95.0,9.5,55.0,5.5,0.55,0.4,0.05,0.2727333953181357,0.9687110534406284,0.33870397584405076,0.693201999679025
5,70,0.98,0.5,0.95,0.5,11,3,truncated_gaussian_measurement_noise,700,800,0,,,16.0,1.6,0.46,0.54,0.0,0.11849801774705357,0.30345278070887216,0.39553872778862265,0.7045170366674228
5,70,0.98,0.5,0.95,0.5,11,4,coordinated_turn_model_mismatch,900,1000,0,,,0.0,0.0,1.0,0.0,0.0,0.0005392898720546287,0.0022749668253559665,0.5675000560096586,1.2826816649107293
5,70,0.98,0.5,0.95,0.5,11,5,process_noise_x_increased,1100,1300,0,,,49.0,4.9,0.855,0.145,0.0,0.020099433623289493,0.17584160489086326,1.1331594201545288,2.95932755003939
5,70,0.99,0.5,0.95,0.5,11,0,measurement_outliers,100,200,0,,,0.0,0.0,1.0,0.0,0.0,0.002268914980059701,0.019822910253434314,0.9540758571543031,2.126003946034699
5,70,0.99,0.5,0.95,0.5,11,1,measurement_noise_x_increased,300,400,0,,,0.0,0.0,1.0,0.0,0.0,0.0030316227822665583,0.030507498514960825,0.8038523520741943,1.8490275556180322
5,70,0.99,0.5,0.95,0.5,11,2,measurement_noise_xy_decreased,500,600,0,,,57.0,5.7,0.58,0.39,0.03,0.276355116031039,0.9594398186093631,0.33870397584405076,0.693201999679025
5,70,0.99,0.5,0.95,0.5,11,3,truncated_gaussian_measurement_noise,700,800,0,,,16.0,1.6,0.49,0.51,0.0,0.08361227174677432,0.2473012411018023,0.39553872778862265,0.7045170366674228
5,70,0.99,0.5,0.95,0.5,11,4,coordinated_turn_model_mismatch,900,1000,0,,,0.0,0.0,1.0,0.0,0.0,0.00021145545523371833,0.0008914105783939926,0.5675000560096586,1.2826816649107293
5,70,0.99,0.5,0.95,0.5,11,5,process_noise_x_increased,1100,1300,0,,,51.0,5.1000000000000005,0.885,0.115,0.0,0.013425227763469555,0.1270181871413007,1.1331594201545288,2.95932755003939
5,70,0.995,0.5,0.95,0.5,11,0,measurement_outliers,100,200,0,,,0.0,0.0,1.0,0.0,0.0,0.0007144855913834761,0.007135930219520828,0.9540758571543031,2.126003946034699
5,70,0.995,0.5,0.95,0.5,11,1,measurement_noise_x_increased,300,400,0,,,0.0,0.0,1.0,0.0,0.0,0.0010640787022495252,0.01199666804121675,0.8038523520741943,1.8490275556180322
5,70,0.995,0.5,0.95,0.5,11,2,measurement_noise_xy_decreased,500,600,1,95.0,9.5,57.0,5.7,0.59,0.36,0.05,0.29670412144978076,0.9641471968140095,0.33870397584405076,0.693201999679025
5,70,0.995,0.5,0.95,0.5,11,3,truncated_gaussian_measurement_noise,700,800,0,,,16.0,1.6,0.55,0.45,0.0,0.08190401917499575,0.22282411323380433,0.39553872778862265,0.7045170366674228
5,70,0.995,0.5,0.95,0.5,11,4,coordinated_turn_model_mismatch,900,1000,0,,,0.0,0.0,1.0,0.0,0.0,5.3729853247335904e-05,0.00020589798356334093,0.5675000560096586,1.2826816649107293
5,70,0.995,0.5,0.95,0.5,11,5,process_noise_x_increased,1100,1300,0,,,51.0,5.1000000000000005,0.915,0.085,0.0,0.007306017774295265,0.07624398550031203,1.1331594201545288,2.95932755003939
7,35,0.95,0.5,0.95,0.5,11,0,measurement_outliers,100,200,0,,,12.0,1.2000000000000002,0.11,0.89,0.0,0.14521471183523713,0.32160433684181444,0.9540758571543031,2.126003946034699
7,35,0.95,0.5,0.95,0.5,11,1,measurement_noise_x_increased,300,400,0,,,31.0,3.1,0.29,0.71,0.0,0.17153485320196069,0.6338326027752905,0.8038523520741943,1.8490275556180322
7,35,0.95,0.5,0.95,0.5,11,2,measurement_noise_xy_decreased,500,600,0,,,31.0,3.1,0.21,0.79,0.0,0.5217878012745838,0.9157288532225749,0.33870397584405076,0.693201999679025
7,35,0.95,0.5,0.95,0.5,11,3,truncated_gaussian_measurement_noise,700,800,0,,,32.0,3.2,0.04,0.96,0.0,0.33417490936323346,0.590439157576903,0.39553872778862265,0.7045170366674228
7,35,0.95,0.5,0.95,0.5,11,4,coordinated_turn_model_mismatch,900,1000,0,,,18.0,1.8,0.28,0.72,0.0,0.09064033880948362,0.19419672486333123,0.5675000560096586,1.2826816649107293
7,35,0.95,0.5,0.95,0.5,11,5,process_noise_x_increased,1100,1300,1,186.0,18.6,56.0,5.6000000000000005,0.085,0.87,0.045,0.24642821428696224,0.9823441172577068,1.1331594201545288,2.95932755003939
7,35,0.98,0.5,0.95,0.5,11,0,measurement_outliers,100,200,0,,,11.0,1.1,0.32,0.68,0.0,0.08657735912169194,0.20499494463523446,0.9540758571543031,2.126003946034699
7,35,0.98,0.5,0.95,0.5,11,1,measurement_noise_x_increased,300,400,0,,,28.0,2.8000000000000003,0.31,0.69,0.0,0.1362846506022281,0.5985762234062014,0.8038523520741943,1.8490275556180322
7,35,0.98,0.5,0.95,0.5,11,2,measurement_noise_xy_decreased,500,600,0,,,33.0,3.3000000000000003,0.3,0.7,0.0,0.5166720396334757,0.9155932692803266,0.33870397584405076,0.693201999679025
7,35,0.98,0.5,0.95,0.5,11,3,truncated_gaussian_measurement_noise,700,800,0,,,30.0,3.0,0.14,0.86,0.0,0.28478803905901673,0.5137533597949274,0.39553872778862265,0.7045170366674228
7,35,0.98,0.5,0.95,0.5,11,4,coordinated_turn_model_mismatch,900,1000,0,,,11.0,1.1,0.45,0.55,0.0,0.05871544318994033,0.13756281706771462,0.5675000560096586,1.2826816649107293
7,35,0.98,0.5,0.95,0.5,11,5,process_noise_x_increased,1100,1300,1,187.0,18.7,54.0,5.4,0.145,0.825,0.03,0.22088685550068005,0.976317165156042,1.1331594201545288,2.95932755003939
7,35,0.99,0.5,0.95,0.5,11,0,measurement_outliers,100,200,0,,,10.0,1.0,0.65,0.35,0.0,0.04961500795582679,0.14596503191131965,0.9540758571543031,2.126003946034699
7,35,0.99,0.5,0.95,0.5,11,1,measurement_noise_x_increased,300,400,0,,,26.0,2.6,0.33,0.67,0.0,0.11624041698574553,0.5608743271397945,0.8038523520741943,1.8490275556180322
7,35,0.99,0.5,0.95,0.5,11,2,measurement_noise_xy_decreased,500,600,0,,,34.0,3.4000000000000004,0.32,0.68,0.0,0.48505612408894677,0.912416933396107,0.33870397584405076,0.693201999679025
7,35,0.99,0.5,0.95,0.5,11,3,truncated_gaussian_measurement_noise,700,800,0,,,31.0,3.1,0.23,0.77,0.0,0.1931831725215396,0.4790901267230546,0.39553872778862265,0.7045170366674228
7,35,0.99,0.5,0.95,0.5,11,4,coordinated_turn_model_mismatch,900,1000,0,,,9.0,0.9,0.65,0.35,0.0,0.03558401263207474,0.08830901977764256,0.5675000560096586,1.2826816649107293
7,35,0.99,0.5,0.95,0.5,11,5,process_noise_x_increased,1100,1300,1,186.0,18.6,51.0,5.1000000000000005,0.315,0.635,0.05,0.2024519867945142,0.9861343627385535,1.1331594201545288,2.95932755003939
7,35,0.995,0.5,0.95,0.5,11,0,measurement_outliers,100,200,0,,,5.0,0.5,0.72,0.28,0.0,0.035376506492539164,0.08982281258955961,0.9540758571543031,2.126003946034699
7,35,0.995,0.5,0.95,0.5,11,1,measurement_noise_x_increased,300,400,0,,,25.0,2.5,0.74,0.26,0.0,0.09080130788171445,0.48850543382803024,0.8038523520741943,1.8490275556180322
7,35,0.995,0.5,0.95,0.5,11,2,measurement_noise_xy_decreased,500,600,0,,,31.0,3.1,0.32,0.68,0.0,0.49880687430552356,0.9116568618289731,0.33870397584405076,0.693201999679025
7,35,0.995,0.5,0.95,0.5,11,3,truncated_gaussian_measurement_noise,700,800,0,,,49.0,4.9,0.23,0.77,0.0,0.19127800393873293,0.373579872017158,0.39553872778862265,0.7045170366674228
7,35,0.995,0.5,0.95,0.5,11,4,coordinated_turn_model_mismatch,900,1000,0,,,0.0,0.0,1.0,0.0,0.0,0.015444596989365057,0.03698180306706693,0.5675000560096586,1.2826816649107293
7,35,0.995,0.5,0.95,0.5,11,5,process_noise_x_increased,1100,1300,1,186.0,18.6,51.0,5.1000000000000005,0.525,0.44,0.035,0.18798225947335176,0.9813136709965444,1.1331594201545288,2.95932755003939
7,50,0.95,0.5,0.95,0.5,11,0,measurement_outliers,100,200,0,,,12.0,1.2000000000000002,0.47,0.53,0.0,0.06224558462997612,0.184578294274104,0.9540758571543031,2.126003946034699
7,50,0.95,0.5,0.95,0.5,11,1,measurement_noise_x_increased,300,400,0,,,38.0,3.8000000000000003,0.51,0.49,0.0,0.07341925599991156,0.4969343725187428,0.8038523520741943,1.8490275556180322
7,50,0.95,0.5,0.95,0.5,11,2,measurement_noise_xy_decreased,500,600,0,,,47.0,4.7,0.35,0.65,0.0,0.43188823864485004,0.9305039799321293,0.33870397584405076,0.693201999679025
7,50,0.95,0.5,0.95,0.5,11,3,truncated_gaussian_measurement_noise,700,800,0,,,42.0,4.2,0.2,0.8,0.0,0.2536203194602187,0.5028443456967199,0.39553872778862265,0.7045170366674228
7,50,0.95,0.5,0.95,0.5,11,4,coordinated_turn_model_mismatch,900,1000,0,,,0.0,0.0,0.79,0.21,0.0,0.030854957641779396,0.10003321481856077,0.5675000560096586,1.2826816649107293
7,50,0.95,0.5,0.95,0.5,11,5,process_noise_x_increased,1100,1300,0,,,52.0,5.2,0.39,0.61,0.0,0.13683174079299285,0.891473365366001,1.1331594201545288,2.95932755003939
7,50,0.98,0.5,0.95,0.5,11,0,measurement_outliers,100,200,0,,,11.0,1.1,0.74,0.26,0.0,0.0382898526941552,0.12927967201575832,0.9540758571543031,2.126003946034699
7,50,0.98,0.5,0.95,0.5,11,1,measurement_noise_x_increased,300,400,0,,,40.0,4.0,0.57,0.43,0.0,0.05895466250654799,0.44325281430373664,0.8038523520741943,1.8490275556180322
7,50,0.98,0.5,0.95,0.5,11,2,measurement_noise_xy_decreased,500,600,0,,,47.0,4.7,0.4,0.6,0.0,0.41069683727585415,0.9301087303103439,0.33870397584405076,0.693201999679025
7,50,0.98,0.5,0.95,0.5,11,3,truncated_gaussian_measurement_noise,700,800,0,,,45.0,4.5,0.27,0.73,0.0,0.19861977381641097,0.41198766988951147,0.39553872778862265,0.7045170366674228
7,50,0.98,0.5,0.95,0.5,11,4,coordinated_turn_model_mismatch,900,1000,0,,,0.0,0.0,0.94,0.06,0.0,0.018194767729275932,0.06775722761932096,0.5675000560096586,1.2826816649107293
7,50,0.98,0.5,0.95,0.5,11,5,process_noise_x_increased,1100,1300,0,,,51.0,5.1000000000000005,0.57,0.43,0.0,0.10994981346922435,0.8131066644915261,1.1331594201545288,2.95932755003939
7,50,0.99,0.5,0.95,0.5,11,0,measurement_outliers,100,200,0,,,8.0,0.8,0.86,0.14,0.0,0.027220145004010377,0.08437365993197843,0.9540758571543031,2.126003946034699
7,50,0.99,0.5,0.95,0.5,11,1,measurement_noise_x_increased,300,400,0,,,40.0,4.0,0.76,0.24,0.0,0.04638136212578879,0.4309814750479105,0.8038523520741943,1.8490275556180322
7,50,0.99,0.5,0.95,0.5,11,2,measurement_noise_xy_decreased,500,600,0,,,47.0,4.7,0.41,0.59,0.0,0.3994081764160194,0.9261652251084773,0.33870397584405076,0.693201999679025
7,50,0.99,0.5,0.95,0.5,11,3,truncated_gaussian_measurement_noise,700,800,0,,,33.0,3.3000000000000003,0.33,0.67,0.0,0.16273570671692583,0.34901037195613277,0.39553872778862265,0.7045170366674228
7,50,0.99,0.5,0.95,0.5,11,4,coordinated_turn_model_mismatch,900,1000,0,,,0.0,0.0,1.0,0.0,0.0,0.0097781123460176,0.0395463072786294,0.5675000560096586,1.2826816649107293
7,50,0.99,0.5,0.95,0.5,11,5,process_noise_x_increased,1100,1300,0,,,49.0,4.9,0.68,0.32,0.0,0.09580722219895875,0.8176369000060086,1.1331594201545288,2.95932755003939
7,50,0.995,0.5,0.95,0.5,11,0,measurement_outliers,100,200,0,,,0.0,0.0,1.0,0.0,0.0,0.01501492643779318,0.04810024246455102,0.9540758571543031,2.126003946034699
7,50,0.995,0.5,0.95,0.5,11,1,measurement_noise_x_increased,300,400,0,,,40.0,4.0,0.87,0.13,0.0,0.03585711485440347,0.3643793116251012,0.8038523520741943,1.8490275556180322
7,50,0.995,0.5,0.95,0.5,11,2,measurement_noise_xy_decreased,500,600,0,,,47.0,4.7,0.41,0.59,0.0,0.38717312205377885,0.9175762187210968,0.33870397584405076,0.693201999679025
7,50,0.995,0.5,0.95,0.5,11,3,truncated_gaussian_measurement_noise,700,800,0,,,47.0,4.7,0.34,0.66,0.0,0.17264801336069663,0.43091316402274854,0.39553872778862265,0.7045170366674228
7,50,0.995,0.5,0.95,0.5,11,4,coordinated_turn_model_mismatch,900,1000,0,,,0.0,0.0,1.0,0.0,0.0,0.004468945561872063,0.018135609374353257,0.5675000560096586,1.2826816649107293
7,50,0.995,0.5,0.95,0.5,11,5,process_noise_x_increased,1100,1300,0,,,48.0,4.800000000000001,0.72,0.28,0.0,0.09042663640853453,0.8783848737046647,1.1331594201545288,2.95932755003939
7,70,0.95,0.5,0.95,0.5,11,0,measurement_outliers,100,200,0,,,4.0,0.4,0.9,0.1,0.0,0.022469545910897733,0.06997329856509577,0.9540758571543031,2.126003946034699
7,70,0.95,0.5,0.95,0.5,11,1,measurement_noise_x_increased,300,400,0,,,46.0,4.6000000000000005,0.79,0.21,0.0,0.028530008218541684,0.19372904779673245,0.8038523520741943,1.8490275556180322
7,70,0.95,0.5,0.95,0.5,11,2,measurement_noise_xy_decreased,500,600,0,,,52.0,5.2,0.5,0.5,0.0,0.28305248720123677,0.9489649924293965,0.33870397584405076,0.693201999679025
7,70,0.95,0.5,0.95,0.5,11,3,truncated_gaussian_measurement_noise,700,800,0,,,16.0,1.6,0.33,0.67,0.0,0.1551321633928204,0.36529237824592553,0.39553872778862265,0.7045170366674228
7,70,0.95,0.5,0.95,0.5,11,4,coordinated_turn_model_mismatch,900,1000,0,,,0.0,0.0,1.0,0.0,0.0,0.004507701112272887,0.014877299783675385,0.5675000560096586,1.2826816649107293
7,70,0.95,0.5,0.95,0.5,11,5,process_noise_x_increased,1100,1300,0,,,51.0,5.1000000000000005,0.84,0.16,0.0,0.04872994888995792,0.3392350342830771,1.1331594201545288,2.95932755003939
7,70,0.98,0.5,0.95,0.5,11,0,measurement_outliers,100,200,0,,,0.0,0.0,1.0,0.0,0.0,0.01219972496642308,0.04651887703340382,0.9540758571543031,2.126003946034699
7,70,0.98,0.5,0.95,0.5,11,1,measurement_noise_x_increased,300,400,0,,,24.0,2.4000000000000004,0.87,0.13,0.0,0.020651133374694815,0.12037250576939156,0.8038523520741943,1.8490275556180322
7,70,0.98,0.5,0.95,0.5,11,2,measurement_noise_xy_decreased,500,600,0,,,53.0,5.300000000000001,0.53,0.47,0.0,0.2545378200534055,0.9315695667403,0.33870397584405076,0.693201999679025
7,70,0.98,0.5,0.95,0.5,11,3,truncated_gaussian_measurement_noise,700,800,0,,,16.0,1.6,0.33,0.67,0.0,0.12832857491081648,0.3290127134097325,0.39553872778862265,0.7045170366674228
7,70,0.98,0.5,0.95,0.5,11,4,coordinated_turn_model_mismatch,900,1000,0,,,0.0,0.0,1.0,0.0,0.0,0.0019898449840255444,0.007526295544526903,0.5675000560096586,1.2826816649107293
7,70,0.98,0.5,0.95,0.5,11,5,process_noise_x_increased,1100,1300,0,,,51.0,5.1000000000000005,0.855,0.145,0.0,0.03358107979008053,0.23286226821159842,1.1331594201545288,2.95932755003939
7,70,0.99,0.5,0.95,0.5,11,0,measurement_outliers,100,200,0,,,0.0,0.0,1.0,0.0,0.0,0.006768381238741756,0.02741960284551956,0.9540758571543031,2.126003946034699
7,70,0.99,0.5,0.95,0.5,11,1,measurement_noise_x_increased,300,400,0,,,17.0,1.7000000000000002,0.91,0.09,0.0,0.014651840480245646,0.09126006462528598,0.8038523520741943,1.8490275556180322
7,70,0.99,0.5,0.95,0.5,11,2,measurement_noise_xy_decreased,500,600,0,,,54.0,5.4,0.58,0.42,0.0,0.24437699664890208,0.8902421788835384,0.33870397584405076,0.693201999679025
7,70,0.99,0.5,0.95,0.5,11,3,truncated_gaussian_measurement_noise,700,800,0,,,16.0,1.6,0.39,0.61,0.0,0.0800156077200596,0.24438615693297266,0.39553872778862265,0.7045170366674228
7,70,0.99,0.5,0.95,0.5,11,4,coordinated_turn_model_mismatch,900,1000,0,,,0.0,0.0,1.0,0.0,0.0,0.0007631386093613318,0.00501099614397701,0.5675000560096586,1.2826816649107293
7,70,0.99,0.5,0.95,0.5,11,5,process_noise_x_increased,1100,1300,0,,,51.0,5.1000000000000005,0.865,0.135,0.0,0.02515007060089639,0.18979175708612378,1.1331594201545288,2.95932755003939
7,70,0.995,0.5,0.95,0.5,11,0,measurement_outliers,100,200,0,,,0.0,0.0,1.0,0.0,0.0,0.002571085269469961,0.011629348928018276,0.9540758571543031,2.126003946034699
7,70,0.995,0.5,0.95,0.5,11,1,measurement_noise_x_increased,300,400,0,,,17.0,1.7000000000000002,0.96,0.04,0.0,0.011621504714696838,0.13494171064162827,0.8038523520741943,1.8490275556180322
7,70,0.995,0.5,0.95,0.5,11,2,measurement_noise_xy_decreased,500,600,0,,,55.0,5.5,0.57,0.42,0.01,0.24518096928677577,0.9524533361786418,0.33870397584405076,0.693201999679025
7,70,0.995,0.5,0.95,0.5,11,3,truncated_gaussian_measurement_noise,700,800,0,,,16.0,1.6,0.33,0.67,0.0,0.08962921180497446,0.2393983625520735,0.39553872778862265,0.7045170366674228
7,70,0.995,0.5,0.95,0.5,11,4,coordinated_turn_model_mismatch,900,1000,0,,,0.0,0.0,1.0,0.0,0.0,0.00024404991965987308,0.0020919714043490002,0.5675000560096586,1.2826816649107293
7,70,0.995,0.5,0.95,0.5,11,5,process_noise_x_increased,1100,1300,0,,,51.0,5.1000000000000005,0.88,0.12,0.0,0.020750654572488748,0.1477904818177195,1.1331594201545288,2.95932755003939
10,50,0.95,0.5,0.95,0.5,11,0,measurement_outliers,100,200,0,,,32.0,3.2,0.22,0.78,0.0,0.12968382372211792,0.32147541809236996,0.9540758571543031,2.126003946034699
10,50,0.95,0.5,0.95,0.5,11,1,measurement_noise_x_increased,300,400,0,,,56.0,5.6000000000000005,0.3,0.7,0.0,0.1201059506562458,0.42260530461399365,0.8038523520741943,1.8490275556180322
10,50,0.95,0.5,0.95,0.5,11,2,measurement_noise_xy_decreased,500,600,0,,,57.0,5.7,0.15,0.85,0.0,0.3698961681633736,0.8440159013118487,0.33870397584405076,0.693201999679025
10,50,0.95,0.5,0.95,0.5,11,3,truncated_gaussian_measurement_noise,700,800,0,,,86.0,8.6,0.19,0.81,0.0,0.26569698272048753,0.47315974812629613,0.39553872778862265,0.7045170366674228
10,50,0.95,0.5,0.95,0.5,11,4,coordinated_turn_model_mismatch,900,1000,0,,,30.0,3.0,0.4,0.6,0.0,0.06798071979984896,0.16431771979843732,0.5675000560096586,1.2826816649107293
10,50,0.95,0.5,0.95,0.5,11,5,process_noise_x_increased,1100,1300,0,,,83.0,8.3,0.13,0.87,0.0,0.12830318829234627,0.5449665955545302,1.1331594201545288,2.95932755003939
10,50,0.98,0.5,0.95,0.5,11,0,measurement_outliers,100,200,0,,,29.0,2.9000000000000004,0.46,0.54,0.0,0.08895533683403822,0.24621481270584386,0.9540758571543031,2.126003946034699
10,50,0.98,0.5,0.95,0.5,11,1,measurement_noise_x_increased,300,400,0,,,55.0,5.5,0.5,0.5,0.0,0.08276159395471776,0.31798908695543804,0.8038523520741943,1.8490275556180322
10,50,0.98,0.5,0.95,0.5,11,2,measurement_noise_xy_decreased,500,600,0,,,58.0,5.800000000000001,0.25,0.75,0.0,0.29094176483510326,0.7943566902352296,0.33870397584405076,0.693201999679025
10,50,0.98,0.5,0.95,0.5,11,3,truncated_gaussian_measurement_noise,700,800,0,,,49.0,4.9,0.25,0.75,0.0,0.20798723650016168,0.38976997357018933,0.39553872778862265,0.7045170366674228
10,50,0.98,0.5,0.95,0.5,11,4,coordinated_turn_model_mismatch,900,1000,0,,,0.0,0.0,0.74,0.26,0.0,0.04049341007051671,0.10187443564918831,0.5675000560096586,1.2826816649107293
10,50,0.98,0.5,0.95,0.5,11,5,process_noise_x_increased,1100,1300,0,,,68.0,6.800000000000001,0.38,0.62,0.0,0.08914333776380375,0.4023395413925919,1.1331594201545288,2.95932755003939
10,50,0.99,0.5,0.95,0.5,11,0,measurement_outliers,100,200,0,,,25.0,2.5,0.62,0.38,0.0,0.055480957176983835,0.17046358131366263,0.9540758571543031,2.126003946034699
10,50,0.99,0.5,0.95,0.5,11,1,measurement_noise_x_increased,300,400,0,,,54.0,5.4,0.67,0.33,0.0,0.0510826432308077,0.22194025843572843,0.8038523520741943,1.8490275556180322
10,50,0.99,0.5,0.95,0.5,11,2,measurement_noise_xy_decreased,500,600,0,,,59.0,5.9,0.41,0.59,0.0,0.21217040527267086,0.7053621842446528,0.33870397584405076,0.693201999679025
10,50,0.99,0.5,0.95,0.5,11,3,truncated_gaussian_measurement_noise,700,800,0,,,34.0,3.4000000000000004,0.3,0.7,0.0,0.15360239057988218,0.3155570667502684,0.39553872778862265,0.7045170366674228
10,50,0.99,0.5,0.95,0.5,11,4,coordinated_turn_model_mismatch,900,1000,0,,,0.0,0.0,0.96,0.04,0.0,0.02202958665135936,0.054644294440845245,0.5675000560096586,1.2826816649107293
10,50,0.99,0.5,0.95,0.5,11,5,process_noise_x_increased,1100,1300,0,,,60.0,6.0,0.74,0.26,0.0,0.05825862398551734,0.28786771650661225,1.1331594201545288,2.95932755003939
10,50,0.995,0.5,0.95,0.5,11,0,measurement_outliers,100,200,0,,,9.0,0.9,0.77,0.23,0.0,0.026689569661638025,0.09192242082143516,0.9540758571543031,2.126003946034699
10,50,0.995,0.5,0.95,0.5,11,1,measurement_noise_x_increased,300,400,0,,,44.0,4.4,0.87,0.13,0.0,0.024679534992976038,0.12636311444214535,0.8038523520741943,1.8490275556180322
10,50,0.995,0.5,0.95,0.5,11,2,measurement_noise_xy_decreased,500,600,0,,,60.0,6.0,0.51,0.49,0.0,0.12675840832782093,0.5394324011238997,0.33870397584405076,0.693201999679025
10,50,0.995,0.5,0.95,0.5,11,3,truncated_gaussian_measurement_noise,700,800,0,,,22.0,2.2,0.38,0.62,0.0,0.10077240872615853,0.2174673374361454,0.39553872778862265,0.7045170366674228
10,50,0.995,0.5,0.95,0.5,11,4,coordinated_turn_model_mismatch,900,1000,0,,,0.0,0.0,1.0,0.0,0.0,0.008910285818706735,0.02109751127076353,0.5675000560096586,1.2826816649107293
10,50,0.995,0.5,0.95,0.5,11,5,process_noise_x_increased,1100,1300,0,,,57.0,5.7,0.85,0.15,0.0,0.031255558867391724,0.17703427941758643,1.1331594201545288,2.95932755003939
10,70,0.95,0.5,0.95,0.5,11,0,measurement_outliers,100,200,0,,,29.0,2.9000000000000004,0.6,0.4,0.0,0.06020038764468774,0.18704712125836107,0.9540758571543031,2.126003946034699
10,70,0.95,0.5,0.95,0.5,11,1,measurement_noise_x_increased,300,400,0,,,57.0,5.7,0.69,0.31,0.0,0.05703085756912643,0.25179901652780534,0.8038523520741943,1.8490275556180322
10,70,0.95,0.5,0.95,0.5,11,2,measurement_noise_xy_decreased,500,600,0,,,61.0,6.1000000000000005,0.44,0.56,0.0,0.2288104428468343,0.806765814681249,0.33870397584405076,0.693201999679025
10,70,0.95,0.5,0.95,0.5,11,3,truncated_gaussian_measurement_noise,700,800,0,,,46.0,4.6000000000000005,0.36,0.64,0.0,0.16848444593843795,0.4115665348451618,0.39553872778862265,0.7045170366674228
10,70,0.95,0.5,0.95,0.5,11,4,coordinated_turn_model_mismatch,900,1000,0,,,0.0,0.0,0.99,0.01,0.0,0.022773232943794103,0.0516354550512244,0.5675000560096586,1.2826816649107293
10,70,0.95,0.5,0.95,0.5,11,5,process_noise_x_increased,1100,1300,0,,,60.0,6.0,0.67,0.33,0.0,0.05921975862275158,0.2511130877168839,1.1331594201545288,2.95932755003939
10,70,0.98,0.5,0.95,0.5,11,0,measurement_outliers,100,200,0,,,23.0,2.3000000000000003,0.69,0.31,0.0,0.03957061402480763,0.13116660260313898,0.9540758571543031,2.126003946034699
10,70,0.98,0.5,0.95,0.5,11,1,measurement_noise_x_increased,300,400,0,,,56.0,5.6000000000000005,0.78,0.22,0.0,0.03646366594991653,0.18565888183408358,0.8038523520741943,1.8490275556180322
10,70,0.98,0.5,0.95,0.5,11,2,measurement_noise_xy_decreased,500,600,0,,,63.0,6.300000000000001,0.5,0.5,0.0,0.17076306086624826,0.7115299080588741,0.33870397584405076,0.693201999679025
10,70,0.98,0.5,0.95,0.5,11,3,truncated_gaussian_measurement_noise,700,800,0,,,34.0,3.4000000000000004,0.4,0.6,0.0,0.12490958677153778,0.32179320580560644,0.39553872778862265,0.7045170366674228
10,70,0.98,0.5,0.95,0.5,11,4,coordinated_turn_model_mismatch,900,1000,0,,,0.0,0.0,1.0,0.0,0.0,0.013248490431442168,0.029369404692500725,0.5675000560096586,1.2826816649107293
10,70,0.98,0.5,0.95,0.5,11,5,process_noise_x_increased,1100,1300,0,,,60.0,6.0,0.835,0.165,0.0,0.04110462692584466,0.1988267647596319,1.1331594201545288,2.95932755003939
10,70,0.99,0.5,0.95,0.5,11,0,measurement_outliers,100,200,0,,,9.0,0.9,0.8,0.2,0.0,0.023281844884192666,0.08546424464122883,0.9540758571543031,2.126003946034699
10,70,0.99,0.5,0.95,0.5,11,1,measurement_noise_x_increased,300,400,0,,,54.0,5.4,0.87,0.13,0.0,0.021089493404344507,0.11961358871498856,0.8038523520741943,1.8490275556180322
10,70,0.99,0.5,0.95,0.5,11,2,measurement_noise_xy_decreased,500,600,0,,,65.0,6.5,0.57,0.43,0.0,0.11720419286691819,0.5819867992056346,0.33870397584405076,0.693201999679025
10,70,0.99,0.5,0.95,0.5,11,3,truncated_gaussian_measurement_noise,700,800,0,,,30.0,3.0,0.47,0.53,0.0,0.08814838031589392,0.22973245416997873,0.39553872778862265,0.7045170366674228
10,70,0.99,0.5,0.95,0.5,11,4,coordinated_turn_model_mismatch,900,1000,0,,,0.0,0.0,1.0,0.0,0.0,0.007125873676526341,0.015050241983843563,0.5675000560096586,1.2826816649107293
10,70,0.99,0.5,0.95,0.5,11,5,process_noise_x_increased,1100,1300,0,,,58.0,5.800000000000001,0.85,0.15,0.0,0.026878347504821723,0.1501886734061977,1.1331594201545288,2.95932755003939
10,70,0.995,0.5,0.95,0.5,11,0,measurement_outliers,100,200,0,,,0.0,0.0,1.0,0.0,0.0,0.010468041851884427,0.04195640258916818,0.9540758571543031,2.126003946034699
10,70,0.995,0.5,0.95,0.5,11,1,measurement_noise_x_increased,300,400,0,,,20.0,2.0,0.96,0.04,0.0,0.009456118049315248,0.05863629932155702,0.8038523520741943,1.8490275556180322
10,70,0.995,0.5,0.95,0.5,11,2,measurement_noise_xy_decreased,500,600,0,,,62.0,6.2,0.7,0.3,0.0,0.06385625987588713,0.39103399325418325,0.33870397584405076,0.693201999679025
10,70,0.995,0.5,0.95,0.5,11,3,truncated_gaussian_measurement_noise,700,800,0,,,17.0,1.7000000000000002,0.51,0.49,0.0,0.05598787942602528,0.141139478775602,0.39553872778862265,0.7045170366674228
10,70,0.995,0.5,0.95,0.5,11,4,coordinated_turn_model_mismatch,900,1000,0,,,0.0,0.0,1.0,0.0,0.0,0.0028916129722593342,0.00578620421572782,0.5675000560096586,1.2826816649107293
10,70,0.995,0.5,0.95,0.5,11,5,process_noise_x_increased,1100,1300,0,,,55.0,5.5,0.895,0.105,0.0,0.014301386754942445,0.09349766124854396,1.1331594201545288,2.95932755003939
5,25,0.95,0.5,0.95,0.5,12,0,measurement_outliers,100,200,0,,,12.0,1.2000000000000002,0.37,0.63,0.0,0.1740536010793465,0.7276355117588972,1.288342740058362,4.313995081031481
5,25,0.95,0.5,0.95,0.5,12,1,measurement_noise_x_increased,300,400,0,,,17.0,1.7000000000000002,0.25,0.75,0.0,0.10164294549582346,0.24349911230198987,0.7773990828866267,2.084071692173183
5,25,0.95,0.5,0.95,0.5,12,2,measurement_noise_xy_decreased,500,600,0,,,15.0,1.5,0.06,0.94,0.0,0.6424070438091946,0.9422591954059774,0.31389900023310957,0.6627946345737712
5,25,0.95,0.5,0.95,0.5,12,3,truncated_gaussian_measurement_noise,700,800,0,,,31.0,3.1,0.07,0.93,0.0,0.5947390000808902,0.8190123915000082,0.4122246100691085,0.897525803160407
5,25,0.95,0.5,0.95,0.5,12,4,coordinated_turn_model_mismatch,900,1000,0,,,41.0,4.1000000000000005,0.24,0.75,0.01,0.5620491201133174,0.9532560663658528,1.5998118600251114,2.6725162123221975
5,25,0.95,0.5,0.95,0.5,12,5,process_noise_x_increased,1100,1300,1,145.0,14.5,0.0,0.0,0.375,0.555,0.07,0.23723665349619424,0.9950383054574444,0.9451195702943869,2.71448021923593
5,25,0.98,0.5,0.95,0.5,12,0,measurement_outliers,100,200,0,,,12.0,1.2000000000000002,0.65,0.35,0.0,0.13802951026656646,0.7771340984584932,1.288342740058362,4.313995081031481
5,25,0.98,0.5,0.95,0.5,12,1,measurement_noise_x_increased,300,400,0,,,13.0,1.3,0.43,0.57,0.0,0.060918477183955225,0.13989398584333634,0.7773990828866267,2.084071692173183
5,25,0.98,0.5,0.95,0.5,12,2,measurement_noise_xy_decreased,500,600,0,,,17.0,1.7000000000000002,0.1,0.9,0.0,0.6192794488713773,0.9414318262423677,0.31389900023310957,0.6627946345737712
5,25,0.98,0.5,0.95,0.5,12,3,truncated_gaussian_measurement_noise,700,800,0,,,27.0,2.7,0.18,0.82,0.0,0.5802245253707322,0.8308125149317271,0.4122246100691085,0.897525803160407
5,25,0.98,0.5,0.95,0.5,12,4,coordinated_turn_model_mismatch,900,1000,0,,,41.0,4.1000000000000005,0.28,0.72,0.0,0.5008848826043153,0.9207216867182216,1.5998118600251114,2.6725162123221975
5,25,0.98,0.5,0.95,0.5,12,5,process_noise_x_increased,1100,1300,1,148.0,14.8,0.0,0.0,0.51,0.46,0.03,0.2027002265695104,0.9770701280223125,0.9451195702943869,2.71448021923593
5,25,0.99,0.5,0.95,0.5,12,0,measurement_outliers,100,200,0,,,8.0,0.8,0.64,0.36,0.0,0.11001607504103887,0.6608752712735031,1.288342740058362,4.313995081031481
5,25,0.99,0.5,0.95,0.5,12,1,measurement_noise_x_increased,300,400,0,,,12.0,1.2000000000000002,0.72,0.28,0.0,0.03317608238947944,0.08704023673410674,0.7773990828866267,2.084071692173183
5,25,0.99,0.5,0.95,0.5,12,2,measurement_noise_xy_decreased,500,600,0,,,22.0,2.2,0.14,0.86,0.0,0.6627677407835837,0.9489822685928201,0.31389900023310957,0.6627946345737712
5,25,0.99,0.5,0.95,0.5,12,3,truncated_gaussian_measurement_noise,700,800,0,,,28.0,2.8000000000000003,0.18,0.82,0.0,0.5896850709825487,0.8343249190113348,0.4122246100691085,0.897525803160407
5,25,0.99,0.5,0.95,0.5,12,4,coordinated_turn_model_mismatch,900,1000,0,,,41.0,4.1000000000000005,0.3,0.68,0.02,0.5228932394991814,0.9578695971513234,1.5998118600251114,2.6725162123221975
5,25,0.99,0.5,0.95,0.5,12,5,process_noise_x_increased,1100,1300,1,139.0,13.9,0.0,0.0,0.52,0.38,0.1,0.18792174294871994,0.9944712002712114,0.9451195702943869,2.71448021923593
5,25,0.995,0.5,0.95,0.5,12,0,measurement_outliers,100,200,0,,,21.0,2.1,0.74,0.26,0.0,0.14274177029618246,0.8478521678702878,1.288342740058362,4.313995081031481
5,25,0.995,0.5,0.95,0.5,12,1,measurement_noise_x_increased,300,400,0,,,8.0,0.8,1.0,0.0,0.0,0.012795710731357936,0.041173045410737207,0.7773990828866267,2.084071692173183
5,25,0.995,0.5,0.95,0.5,12,2,measurement_noise_xy_decreased,500,600,0,,,40.0,4.0,0.2,0.8,0.0,0.6550861951431877,0.9440092284539263,0.31389900023310957,0.6627946345737712
5,25,0.995,0.5,0.95,0.5,12,3,truncated_gaussian_measurement_noise,700,800,0,,,33.0,3.3000000000000003,0.18,0.82,0.0,0.657802955669399,0.8862810016879374,0.4122246100691085,0.897525803160407
5,25,0.995,0.5,0.95,0.5,12,4,coordinated_turn_model_mismatch,900,1000,1,61.0,6.1000000000000005,38.0,3.8000000000000003,0.3,0.65,0.05,0.557403805457659,0.9818683919232825,1.5998118600251114,2.6725162123221975
5,25,0.995,0.5,0.95,0.5,12,5,process_noise_x_increased,1100,1300,1,138.0,13.8,0.0,0.0,0.55,0.34,0.11,0.21081239698038054,0.9961637588933524,0.9451195702943869,2.71448021923593
5,35,0.95,0.5,0.95,0.5,12,0,measurement_outliers,100,200,0,,,13.0,1.3,0.65,0.35,0.0,0.09126741689370192,0.41183194731819917,1.288342740058362,4.313995081031481
5,35,0.95,0.5,0.95,0.5,12,1,measurement_noise_x_increased,300,400,0,,,13.0,1.3,0.54,0.46,0.0,0.052287100227593274,0.14955254879660834,0.7773990828866267,2.084071692173183
5,35,0.95,0.5,0.95,0.5,12,2,measurement_noise_xy_decreased,500,600,1,90.0,9.0,19.0,1.9000000000000001,0.12,0.82,0.06,0.5739695649629579,0.9591563234712218,0.31389900023310957,0.6627946345737712
5,35,0.95,0.5,0.95,0.5,12,3,truncated_gaussian_measurement_noise,700,800,0,,,28.0,2.8000000000000003,0.19,0.81,0.0,0.5459003643522232,0.8655299702603232,0.4122246100691085,0.897525803160407
5,35,0.95,0.5,0.95,0.5,12,4,coordinated_turn_model_mismatch,900,1000,0,,,41.0,4.1000000000000005,0.31,0.69,0.0,0.5012078159037278,0.9427725401631805,1.5998118600251114,2.6725162123221975
5,35,0.95,0.5,0.95,0.5,12,5,process_noise_x_increased,1100,1300,0,,,0.0,0.0,0.515,0.465,0.02,0.19570163824784806,0.966481069017807,0.9451195702943869,2.71448021923593
5,35,0.98,0.5,0.95,0.5,12,0,measurement_outliers,100,200,0,,,12.0,1.2000000000000002,0.7,0.3,0.0,0.056961311074961204,0.27985284134759786,1.288342740058362,4.313995081031481
5,35,0.98,0.5,0.95,0.5,12,1,measurement_noise_x_increased,300,400,0,,,12.0,1.2000000000000002,0.71,0.29,0.0,0.031513329419904985,0.07727282856251506,0.7773990828866267,2.084071692173183
5,35,0.98,0.5,0.95,0.5,12,2,measurement_noise_xy_decreased,500,600,0,,,21.0,2.1,0.17,0.81,0.02,0.5163897328027199,0.9536283898323257,0.31389900023310957,0.6627946345737712
5,35,0.98,0.5,0.95,0.5,12,3,truncated_gaussian_measurement_noise,700,800,0,,,30.0,3.0,0.24,0.76,0.0,0.5590819906230323,0.8608908338634227,0.4122246100691085,0.897525803160407
5,35,0.98,0.5,0.95,0.5,12,4,coordinated_turn_model_mismatch,900,1000,0,,,38.0,3.8000000000000003,0.34,0.66,0.0,0.4629057913181595,0.904788530103318,1.5998118600251114,2.6725162123221975
5,35,0.98,0.5,0.95,0.5,12,5,process_noise_x_increased,1100,1300,0,,,0.0,0.0,0.535,0.46,0.005,0.18040940970106484,0.9576649961572731,0.9451195702943869,2.71448021923593
5,35,0.99,0.5,0.95,0.5,12,0,measurement_outliers,100,200,0,,,12.0,1.2000000000000002,0.79,0.21,0.0,0.05572996379215411,0.4239117944631772,1.288342740058362,4.313995081031481
5,35,0.99,0.5,0.95,0.5,12,1,measurement_noise_x_increased,300,400,0,,,5.0,0.5,1.0,0.0,0.0,0.01678801091608432,0.04591745368949068,0.7773990828866267,2.084071692173183
5,35,0.99,0.5,0.95,0.5,12,2,measurement_noise_xy_decreased,500,600,0,,,22.0,2.2,0.2,0.79,0.01,0.5342791077428085,0.9506440929560228,0.31389900023310957,0.6627946345737712
5,35,0.99,0.5,0.95,0.5,12,3,truncated_gaussian_measurement_noise,700,800,0,,,31.0,3.1,0.26,0.74,0.0,0.5182602569763709,0.8458471215748327,0.4122246100691085,0.897525803160407
5,35,0.99,0.5,0.95,0.5,12,4,coordinated_turn_model_mismatch,900,1000,0,,,38.0,3.8000000000000003,0.37,0.63,0.0,0.46738135180274215,0.9400014794433169,1.5998118600251114,2.6725162123221975
5,35,0.99,0.5,0.95,0.5,12,5,process_noise_x_increased,1100,1300,1,148.0,14.8,0.0,0.0,0.61,0.33,0.06,0.1668944732853457,0.9944461041331903,0.9451195702943869,2.71448021923593
5,35,0.995,0.5,0.95,0.5,12,0,measurement_outliers,100,200,0,,,6.0,0.6000000000000001,0.82,0.18,0.0,0.03478451753611273,0.2704964455604122,1.288342740058362,4.313995081031481
5,35,0.995,0.5,0.95,0.5,12,1,measurement_noise_x_increased,300,400,0,,,0.0,0.0,1.0,0.0,0.0,0.006057609443829089,0.020118522474257227,0.7773990828866267,2.084071692173183
5,35,0.995,0.5,0.95,0.5,12,2,measurement_noise_xy_decreased,500,600,1,89.0,8.9,20.0,2.0,0.24,0.71,0.05,0.595451461304717,0.963706555988617,0.31389900023310957,0.6627946345737712
5,35,0.995,0.5,0.95,0.5,12,3,truncated_gaussian_measurement_noise,700,800,0,,,31.0,3.1,0.21,0.79,0.0,0.5661417524829503,0.854730432789521,0.4122246100691085,0.897525803160407
5,35,0.995,0.5,0.95,0.5,12,4,coordinated_turn_model_mismatch,900,1000,1,62.0,6.2,40.0,4.0,0.36,0.61,0.03,0.5141895521149903,0.955423226398431,1.5998118600251114,2.6725162123221975
5,35,0.995,0.5,0.95,0.5,12,5,process_noise_x_increased,1100,1300,1,147.0,14.700000000000001,0.0,0.0,0.62,0.33,0.05,0.17576197783506767,0.9889755602823602,0.9451195702943869,2.71448021923593
5,50,0.95,0.5,0.95,0.5,12,0,measurement_outliers,100,200,0,,,2.0,0.2,0.77,0.23,0.0,0.02886510739310942,0.1633769554432928,1.288342740058362,4.313995081031481
5,50,0.95,0.5,0.95,0.5,12,1,measurement_noise_x_increased,300,400,0,,,0.0,0.0,0.91,0.09,0.0,0.019983465016398524,0.06700923723780502,0.7773990828866267,2.084071692173183
5,50,0.95,0.5,0.95,0.5,12,2,measurement_noise_xy_decreased,500,600,1,91.0,9.1,25.0,2.5,0.22,0.73,0.05,0.476297192738579,0.9573838378553657,0.31389900023310957,0.6627946345737712
5,50,0.95,0.5,0.95,0.5,12,3,truncated_gaussian_measurement_noise,700,800,0,,,32.0,3.2,0.34,0.66,0.0,0.45681024244038476,0.8818112622394527,0.4122246100691085,0.897525803160407
5,50,0.95,0.5,0.95,0.5,12,4,coordinated_turn_model_mismatch,900,1000,0,,,38.0,3.8000000000000003,0.37,0.63,0.0,0.39104131007962545,0.8767162542068289,1.5998118600251114,2.6725162123221975
5,50,0.95,0.5,0.95,0.5,12,5,process_noise_x_increased,1100,1300,0,,,0.0,0.0,0.635,0.365,0.0,0.14492483183515303,0.7600666141557715,0.9451195702943869,2.71448021923593
5,50,0.98,0.5,0.95,0.5,12,0,measurement_outliers,100,200,0,,,0.0,0.0,0.84,0.16,0.0,0.01756951532884447,0.1116649714445188,1.288342740058362,4.313995081031481
5,50,0.98,0.5,0.95,0.5,12,1,measurement_noise_x_increased,300,400,0,,,0.0,0.0,1.0,0.0,0.0,0.011770234017043666,0.04265389153092181,0.7773990828866267,2.084071692173183
5,50,0.98,0.5,0.95,0.5,12,2,measurement_noise_xy_decreased,500,600,0,,,27.0,2.7,0.33,0.67,0.0,0.45831153367475685,0.9481843663069001,0.31389900023310957,0.6627946345737712
5,50,0.98,0.5,0.95,0.5,12,3,truncated_gaussian_measurement_noise,700,800,0,,,33.0,3.3000000000000003,0.39,0.61,0.0,0.45954642373409443,0.8747039803231393,0.4122246100691085,0.897525803160407
5,50,0.98,0.5,0.95,0.5,12,4,coordinated_turn_model_mismatch,900,1000,0,,,38.0,3.8000000000000003,0.41,0.59,0.0,0.35233986819425966,0.8495288703093574,1.5998118600251114,2.6725162123221975
5,50,0.98,0.5,0.95,0.5,12,5,process_noise_x_increased,1100,1300,0,,,0.0,0.0,0.695,0.305,0.0,0.12658351709608986,0.7723497956430853,0.9451195702943869,2.71448021923593
5,50,0.99,0.5,0.95,0.5,12,0,measurement_outliers,100,200,0,,,0.0,0.0,0.95,0.05,0.0,0.009159753761529782,0.06226604949347714,1.288342740058362,4.313995081031481
5,50,0.99,0.5,0.95,0.5,12,1,measurement_noise_x_increased,300,400,0,,,0.0,0.0,1.0,0.0,0.0,0.005928745821852755,0.022447910019303883,0.7773990828866267,2.084071692173183
5,50,0.99,0.5,0.95,0.5,12,2,measurement_noise_xy_decreased,500,600,0,,,29.0,2.9000000000000004,0.4,0.6,0.0,0.4230655851241139,0.9381278426404402,0.31389900023310957,0.6627946345737712
5,50,0.99,0.5,0.95,0.5,12,3,truncated_gaussian_measurement_noise,700,800,0,,,33.0,3.3000000000000003,0.35,0.65,0.0,0.4724477442147938,0.8773599925724953,0.4122246100691085,0.897525803160407
5,50,0.99,0.5,0.95,0.5,12,4,coordinated_turn_model_mismatch,900,1000,0,,,37.0,3.7,0.46,0.54,0.0,0.3172886619555793,0.8548838051038313,1.5998118600251114,2.6725162123221975
5,50,0.99,0.5,0.95,0.5,12,5,process_noise_x_increased,1100,1300,0,,,0.0,0.0,0.66,0.34,0.0,0.10514970815416907,0.6307578892393935,0.9451195702943869,2.71448021923593
5,50,0.995,0.5,0.95,0.5,12,0,measurement_outliers,100,200,0,,,0.0,0.0,1.0,0.0,0.0,0.004188082243805034,0.024593145630663796,1.288342740058362,4.313995081031481
5,50,0.995,0.5,0.95,0.5,12,1,measurement_noise_x_increased,300,400,0,,,0.0,0.0,1.0,0.0,0.0,0.0062808555603956675,0.02294999363784774,0.7773990828866267,2.084071692173183
5,50,0.995,0.5,0.95,0.5,12,2,measurement_noise_xy_decreased,500,600,0,,,28.0,2.8000000000000003,0.4,0.58,0.02,0.48411068875845964,0.9531711575814171,0.31389900023310957,0.6627946345737712
5,50,0.995,0.5,0.95,0.5,12,3,truncated_gaussian_measurement_noise,700,800,0,,,38.0,3.8000000000000003,0.29,0.71,0.0,0.48029327282793166,0.8870104604570412,0.4122246100691085,0.897525803160407
5,50,0.995,0.5,0.95,0.5,12,4,coordinated_turn_model_mismatch,900,1000,1,68.0,6.800000000000001,38.0,3.8000000000000003,0.51,0.44,0.05,0.4090127952919574,0.9688156885186533,1.5998118600251114,2.6725162123221975
5,50,0.995,0.5,0.95,0.5,12,5,process_noise_x_increased,1100,1300,0,,,0.0,0.0,0.67,0.33,0.0,0.09606825337734066,0.6484015358265192,0.9451195702943869,2.71448021923593
5,70,0.95,0.5,0.95,0.5,12,0,measurement_outliers,100,200,0,,,0.0,0.0,1.0,0.0,0.0,0.006295065303289643,0.047739148075152886,1.288342740058362,4.313995081031481
5,70,0.95,0.5,0.95,0.5,12,1,measurement_noise_x_increased,300,400,0,,,0.0,0.0,1.0,0.0,0.0,0.004901017615442892,0.023942359423381597,0.7773990828866267,2.084071692173183
5,70,0.95,0.5,0.95,0.5,12,2,measurement_noise_xy_decreased,500,600,0,,,31.0,3.1,0.44,0.56,0.0,0.3568841950474209,0.9426763071957251,0.31389900023310957,0.6627946345737712
5,70,0.95,0.5,0.95,0.5,12,3,truncated_gaussian_measurement_noise,700,800,0,,,34.0,3.4000000000000004,0.49,0.51,0.0,0.33631826954776484,0.9050201428113133,0.4122246100691085,0.897525803160407
5,70,0.95,0.5,0.95,0.5,12,4,coordinated_turn_model_mismatch,900,1000,0,,,39.0,3.9000000000000004,0.51,0.49,0.0,0.2025453548791435,0.6820486737876086,1.5998118600251114,2.6725162123221975
5,70,0.95,0.5,0.95,0.5,12,5,process_noise_x_increased,1100,1300,0,,,4.0,0.4,0.69,0.31,0.0,0.06400463608268475,0.31836613149670473,0.9451195702943869,2.71448021923593
5,70,0.98,0.5,0.95,0.5,12,0,measurement_outliers,100,200,0,,,0.0,0.0,1.0,0.0,0.0,0.003265350291480665,0.02354241975888841,1.288342740058362,4.313995081031481
5,70,0.98,0.5,0.95,0.5,12,1,measurement_noise_x_increased,300,400,0,,,0.0,0.0,1.0,0.0,0.0,0.0026197961106910524,0.011187240096517639,0.7773990828866267,2.084071692173183
5,70,0.98,0.5,0.95,0.5,12,2,measurement_noise_xy_decreased,500,600,0,,,32.0,3.2,0.48,0.52,0.0,0.33390589979652596,0.9389988466192453,0.31389900023310957,0.6627946345737712
5,70,0.98,0.5,0.95,0.5,12,3,truncated_gaussian_measurement_noise,700,800,0,,,38.0,3.8000000000000003,0.54,0.46,0.0,0.331424616252155,0.9023450573100817,0.4122246100691085,0.897525803160407
5,70,0.98,0.5,0.95,0.5,12,4,coordinated_turn_model_mismatch,900,1000,0,,,45.0,4.5,0.55,0.45,0.0,0.16394895686515312,0.6660468369404695,1.5998118600251114,2.6725162123221975
5,70,0.98,0.5,0.95,0.5,12,5,process_noise_x_increased,1100,1300,0,,,4.0,0.4,0.7,0.3,0.0,0.04418666710562543,0.21943285480672642,0.9451195702943869,2.71448021923593
5,70,0.99,0.5,0.95,0.5,12,0,measurement_outliers,100,200,0,,,0.0,0.0,1.0,0.0,0.0,0.001424650416717981,0.010199726177295042,1.288342740058362,4.313995081031481
5,70,0.99,0.5,0.95,0.5,12,1,measurement_noise_x_increased,300,400,0,,,0.0,0.0,1.0,0.0,0.0,0.0011742118375265335,0.006608494804666144,0.7773990828866267,2.084071692173183
5,70,0.99,0.5,0.95,0.5,12,2,measurement_noise_xy_decreased,500,600,0,,,33.0,3.3000000000000003,0.52,0.48,0.0,0.3405779561197499,0.9488287651363713,0.31389900023310957,0.6627946345737712
5,70,0.99,0.5,0.95,0.5,12,3,truncated_gaussian_measurement_noise,700,800,0,,,39.0,3.9000000000000004,0.48,0.52,0.0,0.3414818892939979,0.8918503210856336,0.4122246100691085,0.897525803160407
5,70,0.99,0.5,0.95,0.5,12,4,coordinated_turn_model_mismatch,900,1000,0,,,39.0,3.9000000000000004,0.6,0.4,0.0,0.152780947903456,0.6608831049768061,1.5998118600251114,2.6725162123221975
5,70,0.99,0.5,0.95,0.5,12,5,process_noise_x_increased,1100,1300,0,,,0.0,0.0,0.7,0.3,0.0,0.03738078882749518,0.2155574109654529,0.9451195702943869,2.71448021923593
5,70,0.995,0.5,0.95,0.5,12,0,measurement_outliers,100,200,0,,,0.0,0.0,1.0,0.0,0.0,0.0004296882087690491,0.0032827224820879746,1.288342740058362,4.313995081031481
5,70,0.995,0.5,0.95,0.5,12,1,measurement_noise_x_increased,300,400,0,,,0.0,0.0,1.0,0.0,0.0,0.0011565905693487971,0.006976439775795125,0.7773990828866267,2.084071692173183
5,70,0.995,0.5,0.95,0.5,12,2,measurement_noise_xy_decreased,500,600,0,,,34.0,3.4000000000000004,0.56,0.44,0.0,0.3470965743151481,0.9441133813410236,0.31389900023310957,0.6627946345737712
5,70,0.995,0.5,0.95,0.5,12,3,truncated_gaussian_measurement_noise,700,800,0,,,42.0,4.2,0.49,0.51,0.0,0.35786894331298347,0.8958085500927506,0.4122246100691085,0.897525803160407
5,70,0.995,0.5,0.95,0.5,12,4,coordinated_turn_model_mismatch,900,1000,0,,,40.0,4.0,0.56,0.44,0.0,0.1689442288902043,0.6149858473736671,1.5998118600251114,2.6725162123221975
5,70,0.995,0.5,0.95,0.5,12,5,process_noise_x_increased,1100,1300,0,,,0.0,0.0,0.74,0.26,0.0,0.02937438900869168,0.21771892778580287,0.9451195702943869,2.71448021923593
7,35,0.95,0.5,0.95,0.5,12,0,measurement_outliers,100,200,0,,,26.0,2.6,0.27,0.73,0.0,0.19373504906941716,0.5710178530740041,1.288342740058362,4.313995081031481
7,35,0.95,0.5,0.95,0.5,12,1,measurement_noise_x_increased,300,400,0,,,16.0,1.6,0.07,0.93,0.0,0.16539843271257187,0.3085236373039457,0.7773990828866267,2.084071692173183
7,35,0.95,0.5,0.95,0.5,12,2,measurement_noise_xy_decreased,500,600,0,,,41.0,4.1000000000000005,0.04,0.96,0.0,0.5592082498355895,0.8785645048104307,0.31389900023310957,0.6627946345737712
7,35,0.95,0.5,0.95,0.5,12,3,truncated_gaussian_measurement_noise,700,800,0,,,34.0,3.4000000000000004,0.07,0.93,0.0,0.5405212429013667,0.7810924280529751,0.4122246100691085,0.897525803160407
7,35,0.95,0.5,0.95,0.5,12,4,coordinated_turn_model_mismatch,900,1000,0,,,51.0,5.1000000000000005,0.29,0.71,0.0,0.48270788312253576,0.8968101381851318,1.5998118600251114,2.6725162123221975
7,35,0.95,0.5,0.95,0.5,12,5,process_noise_x_increased,1100,1300,0,,,15.0,1.5,0.28,0.715,0.005,0.24198656669556673,0.9512525363721768,0.9451195702943869,2.71448021923593
7,35,0.98,0.5,0.95,0.5,12,0,measurement_outliers,100,200,0,,,25.0,2.5,0.44,0.56,0.0,0.13137566470945963,0.5103390910200841,1.288342740058362,4.313995081031481
7,35,0.98,0.5,0.95,0.5,12,1,measurement_noise_x_increased,300,400,0,,,13.0,1.3,0.19,0.81,0.0,0.11512855992177527,0.2145092718152004,0.7773990828866267,2.084071692173183
7,35,0.98,0.5,0.95,0.5,12,2,measurement_noise_xy_decreased,500,600,0,,,29.0,2.9000000000000004,0.1,0.9,0.0,0.522679198518733,0.8654542883209094,0.31389900023310957,0.6627946345737712
7,35,0.98,0.5,0.95,0.5,12,3,truncated_gaussian_measurement_noise,700,800,0,,,35.0,3.5,0.18,0.82,0.0,0.5322118392556933,0.7816169566371999,0.4122246100691085,0.897525803160407
7,35,0.98,0.5,0.95,0.5,12,4,coordinated_turn_model_mismatch,900,1000,0,,,50.0,5.0,0.34,0.66,0.0,0.46512628190743593,0.9107620716466202,1.5998118600251114,2.6725162123221975
7,35,0.98,0.5,0.95,0.5,12,5,process_noise_x_increased,1100,1300,0,,,0.0,0.0,0.37,0.63,0.0,0.21036757922784516,0.9435748627202054,0.9451195702943869,2.71448021923593
7,35,0.99,0.5,0.95,0.5,12,0,measurement_outliers,100,200,0,,,12.0,1.2000000000000002,0.62,0.38,0.0,0.09528516325880527,0.4372655453676604,1.288342740058362,4.313995081031481
7,35,0.99,0.5,0.95,0.5,12,1,measurement_noise_x_increased,300,400,0,,,12.0,1.2000000000000002,0.38,0.62,0.0,0.06404623266787177,0.1414995672252965,0.7773990828866267,2.084071692173183
7,35,0.99,0.5,0.95,0.5,12,2,measurement_noise_xy_decreased,500,600,0,,,28.0,2.8000000000000003,0.17,0.83,0.0,0.47748090776156116,0.8543042065586458,0.31389900023310957,0.6627946345737712
7,35,0.99,0.5,0.95,0.5,12,3,truncated_gaussian_measurement_noise,700,800,0,,,38.0,3.8000000000000003,0.22,0.78,0.0,0.527434159812354,0.7922795037089458,0.4122246100691085,0.897525803160407
7,35,0.99,0.5,0.95,0.5,12,4,coordinated_turn_model_mismatch,900,1000,0,,,41.0,4.1000000000000005,0.35,0.65,0.0,0.4599743117626934,0.9124335320235841,1.5998118600251114,2.6725162123221975
7,35,0.99,0.5,0.95,0.5,12,5,process_noise_x_increased,1100,1300,0,,,0.0,0.0,0.475,0.525,0.0,0.19298085251315175,0.9235882601225655,0.9451195702943869,2.71448021923593
7,35,0.995,0.5,0.95,0.5,12,0,measurement_outliers,100,200,0,,,12.0,1.2000000000000002,0.63,0.37,0.0,0.08620438557135575,0.41169029223169745,1.288342740058362,4.313995081031481
7,35,0.995,0.5,0.95,0.5,12,1,measurement_noise_x_increased,300,400,0,,,10.0,1.0,0.44,0.56,0.0,0.06493060338530647,0.1315455777382338,0.7773990828866267,2.084071692173183
7,35,0.995,0.5,0.95,0.5,12,2,measurement_noise_xy_decreased,500,600,0,,,31.0,3.1,0.24,0.76,0.0,0.5149978429455639,0.8534562925144696,0.31389900023310957,0.6627946345737712
7,35,0.995,0.5,0.95,0.5,12,3,truncated_gaussian_measurement_noise,700,800,0,,,41.0,4.1000000000000005,0.22,0.78,0.0,0.4925247090441687,0.7413449932696135,0.4122246100691085,0.897525803160407
7,35,0.995,0.5,0.95,0.5,12,4,coordinated_turn_model_mismatch,900,1000,0,,,52.0,5.2,0.34,0.66,0.0,0.4592268099831459,0.8903466856174415,1.5998118600251114,2.6725162123221975
7,35,0.995,0.5,0.95,0.5,12,5,process_noise_x_increased,1100,1300,0,,,0.0,0.0,0.545,0.455,0.0,0.19566512311674292,0.9422074604112887,0.9451195702943869,2.71448021923593
7,50,0.95,0.5,0.95,0.5,12,0,measurement_outliers,100,200,0,,,21.0,2.1,0.57,0.43,0.0,0.08841235229959407,0.32760389248360455,1.288342740058362,4.313995081031481
7,50,0.95,0.5,0.95,0.5,12,1,measurement_noise_x_increased,300,400,0,,,15.0,1.5,0.37,0.63,0.0,0.09485168412672827,0.2376405673940892,0.7773990828866267,2.084071692173183
7,50,0.95,0.5,0.95,0.5,12,2,measurement_noise_xy_decreased,500,600,0,,,25.0,2.5,0.13,0.87,0.0,0.4657263124839661,0.9151143163707197,0.31389900023310957,0.6627946345737712
7,50,0.95,0.5,0.95,0.5,12,3,truncated_gaussian_measurement_noise,700,800,0,,,35.0,3.5,0.28,0.72,0.0,0.4586907319344978,0.8188394305383144,0.4122246100691085,0.897525803160407
7,50,0.95,0.5,0.95,0.5,12,4,coordinated_turn_model_mismatch,900,1000,0,,,43.0,4.3,0.37,0.63,0.0,0.3660393515926639,0.7922888808243393,1.5998118600251114,2.6725162123221975
7,50,0.95,0.5,0.95,0.5,12,5,process_noise_x_increased,1100,1300,0,,,0.0,0.0,0.55,0.45,0.0,0.1861843510665214,0.8903484690486343,0.9451195702943869,2.71448021923593
7,50,0.98,0.5,0.95,0.5,12,0,measurement_outliers,100,200,0,,,18.0,1.8,0.63,0.37,0.0,0.06205679060352064,0.25809378630510454,1.288342740058362,4.313995081031481
7,50,0.98,0.5,0.95,0.5,12,1,measurement_noise_x_increased,300,400,0,,,11.0,1.1,0.42,0.58,0.0,0.07299280709091063,0.18417897105684203,0.7773990828866267,2.084071692173183
7,50,0.98,0.5,0.95,0.5,12,2,measurement_noise_xy_decreased,500,600,0,,,28.0,2.8000000000000003,0.21,0.79,0.0,0.4050288065459506,0.8686477778770412,0.31389900023310957,0.6627946345737712
7,50,0.98,0.5,0.95,0.5,12,3,truncated_gaussian_measurement_noise,700,800,0,,,35.0,3.5,0.28,0.72,0.0,0.4310743852203266,0.803858122773937,0.4122246100691085,0.897525803160407
7,50,0.98,0.5,0.95,0.5,12,4,coordinated_turn_model_mismatch,900,1000,0,,,43.0,4.3,0.41,0.59,0.0,0.34637526828535686,0.85380913943508,1.5998118600251114,2.6725162123221975
7,50,0.98,0.5,0.95,0.5,12,5,process_noise_x_increased,1100,1300,0,,,0.0,0.0,0.555,0.445,0.0,0.1753918041016785,0.8826876539885958,0.9451195702943869,2.71448021923593
7,50,0.99,0.5,0.95,0.5,12,0,measurement_outliers,100,200,0,,,8.0,0.8,0.67,0.33,0.0,0.037691258353088675,0.1744274209212512,1.288342740058362,4.313995081031481
7,50,0.99,0.5,0.95,0.5,12,1,measurement_noise_x_increased,300,400,0,,,10.0,1.0,0.46,0.54,0.0,0.05570193315396928,0.13928442953172984,0.7773990828866267,2.084071692173183
7,50,0.99,0.5,0.95,0.5,12,2,measurement_noise_xy_decreased,500,600,0,,,29.0,2.9000000000000004,0.31,0.69,0.0,0.3746934260472241,0.8314771200161982,0.31389900023310957,0.6627946345737712
7,50,0.99,0.5,0.95,0.5,12,3,truncated_gaussian_measurement_noise,700,800,0,,,38.0,3.8000000000000003,0.3,0.7,0.0,0.42263916963999926,0.786748159935823,0.4122246100691085,0.897525803160407
7,50,0.99,0.5,0.95,0.5,12,4,coordinated_turn_model_mismatch,900,1000,0,,,41.0,4.1000000000000005,0.49,0.51,0.0,0.3365133288274232,0.8736260680620457,1.5998118600251114,2.6725162123221975
7,50,0.99,0.5,0.95,0.5,12,5,process_noise_x_increased,1100,1300,0,,,0.0,0.0,0.58,0.42,0.0,0.16172426398340042,0.8529948805754617,0.9451195702943869,2.71448021923593
7,50,0.995,0.5,0.95,0.5,12,0,measurement_outliers,100,200,0,,,0.0,0.0,0.84,0.16,0.0,0.018477182570001673,0.09035641918795388,1.288342740058362,4.313995081031481
7,50,0.995,0.5,0.95,0.5,12,1,measurement_noise_x_increased,300,400,0,,,5.0,0.5,0.58,0.42,0.0,0.03683507181612673,0.0904613366544988,0.7773990828866267,2.084071692173183
7,50,0.995,0.5,0.95,0.5,12,2,measurement_noise_xy_decreased,500,600,0,,,29.0,2.9000000000000004,0.22,0.78,0.0,0.41639383902202753,0.83823237626522,0.31389900023310957,0.6627946345737712
7,50,0.995,0.5,0.95,0.5,12,3,truncated_gaussian_measurement_noise,700,800,0,,,40.0,4.0,0.27,0.73,0.0,0.45443818345846515,0.8315538791901025,0.4122246100691085,0.897525803160407
7,50,0.995,0.5,0.95,0.5,12,4,coordinated_turn_model_mismatch,900,1000,0,,,41.0,4.1000000000000005,0.45,0.55,0.0,0.32966379850196825,0.7545251970154787,1.5998118600251114,2.6725162123221975
7,50,0.995,0.5,0.95,0.5,12,5,process_noise_x_increased,1100,1300,0,,,0.0,0.0,0.575,0.425,0.0,0.1536817623532244,0.8917751841861236,0.9451195702943869,2.71448021923593
7,70,0.95,0.5,0.95,0.5,12,0,measurement_outliers,100,200,0,,,3.0,0.30000000000000004,0.67,0.33,0.0,0.046392459167817604,0.24103850158513004,1.288342740058362,4.313995081031481
7,70,0.95,0.5,0.95,0.5,12,1,measurement_noise_x_increased,300,400,0,,,10.0,1.0,0.63,0.37,0.0,0.039274261327905624,0.1191551577318392,0.7773990828866267,2.084071692173183
7,70,0.95,0.5,0.95,0.5,12,2,measurement_noise_xy_decreased,500,600,0,,,32.0,3.2,0.37,0.63,0.0,0.33960733708233803,0.8310212296588452,0.31389900023310957,0.6627946345737712
7,70,0.95,0.5,0.95,0.5,12,3,truncated_gaussian_measurement_noise,700,800,0,,,40.0,4.0,0.45,0.55,0.0,0.33070342173763656,0.7967263728898821,0.4122246100691085,0.897525803160407
7,70,0.95,0.5,0.95,0.5,12,4,coordinated_turn_model_mismatch,900,1000,0,,,50.0,5.0,0.48,0.52,0.0,0.19252925386487202,0.6692373729845923,1.5998118600251114,2.6725162123221975
7,70,0.95,0.5,0.95,0.5,12,5,process_noise_x_increased,1100,1300,0,,,6.0,0.6000000000000001,0.64,0.36,0.0,0.11814962828386623,0.6208354521112285,0.9451195702943869,2.71448021923593
7,70,0.98,0.5,0.95,0.5,12,0,measurement_outliers,100,200,0,,,0.0,0.0,0.71,0.29,0.0,0.029438562053964022,0.13665281627685896,1.288342740058362,4.313995081031481
7,70,0.98,0.5,0.95,0.5,12,1,measurement_noise_x_increased,300,400,0,,,8.0,0.8,0.65,0.35,0.0,0.028608081281670326,0.09196551577221257,0.7773990828866267,2.084071692173183
7,70,0.98,0.5,0.95,0.5,12,2,measurement_noise_xy_decreased,500,600,0,,,33.0,3.3000000000000003,0.46,0.54,0.0,0.32414090610912055,0.8424548843880996,0.31389900023310957,0.6627946345737712
7,70,0.98,0.5,0.95,0.5,12,3,truncated_gaussian_measurement_noise,700,800,0,,,40.0,4.0,0.48,0.52,0.0,0.32887582456520703,0.8601787289762755,0.4122246100691085,0.897525803160407
7,70,0.98,0.5,0.95,0.5,12,4,coordinated_turn_model_mismatch,900,1000,0,,,43.0,4.3,0.49,0.51,0.0,0.17295057577218823,0.6221569119622865,1.5998118600251114,2.6725162123221975
7,70,0.98,0.5,0.95,0.5,12,5,process_noise_x_increased,1100,1300,0,,,6.0,0.6000000000000001,0.66,0.34,0.0,0.09362577223012486,0.4695246892092975,0.9451195702943869,2.71448021923593
7,70,0.99,0.5,0.95,0.5,12,0,measurement_outliers,100,200,0,,,0.0,0.0,0.9,0.1,0.0,0.013239880690770383,0.06852639414339343,1.288342740058362,4.313995081031481
7,70,0.99,0.5,0.95,0.5,12,1,measurement_noise_x_increased,300,400,0,,,5.0,0.5,0.8,0.2,0.0,0.02101523534738911,0.0684596940656129,0.7773990828866267,2.084071692173183
7,70,0.99,0.5,0.95,0.5,12,2,measurement_noise_xy_decreased,500,600,0,,,34.0,3.4000000000000004,0.51,0.49,0.0,0.31555341421171434,0.8500517767133462,0.31389900023310957,0.6627946345737712
7,70,0.99,0.5,0.95,0.5,12,3,truncated_gaussian_measurement_noise,700,800,0,,,42.0,4.2,0.49,0.51,0.0,0.2953969693248906,0.7479317820309139,0.4122246100691085,0.897525803160407
7,70,0.99,0.5,0.95,0.5,12,4,coordinated_turn_model_mismatch,900,1000,0,,,43.0,4.3,0.53,0.47,0.0,0.16974364785626034,0.6312528193888697,1.5998118600251114,2.6725162123221975
7,70,0.99,0.5,0.95,0.5,12,5,process_noise_x_increased,1100,1300,0,,,6.0,0.6000000000000001,0.675,0.325,0.0,0.08113773220234101,0.43154409238312025,0.9451195702943869,2.71448021923593
7,70,0.995,0.5,0.95,0.5,12,0,measurement_outliers,100,200,0,,,0.0,0.0,0.79,0.21,0.0,0.029891574119100484,0.17931880073701262,1.288342740058362,4.313995081031481
7,70,0.995,0.5,0.95,0.5,12,1,measurement_noise_x_increased,300,400,0,,,0.0,0.0,1.0,0.0,0.0,0.012652894866546527,0.041268792617362174,0.7773990828866267,2.084071692173183
7,70,0.995,0.5,0.95,0.5,12,2,measurement_noise_xy_decreased,500,600,0,,,35.0,3.5,0.51,0.49,0.0,0.33529545511183373,0.8738174878205691,0.31389900023310957,0.6627946345737712
7,70,0.995,0.5,0.95,0.5,12,3,truncated_gaussian_measurement_noise,700,800,0,,,44.0,4.4,0.45,0.55,0.0,0.3327108631076112,0.8446549821414157,0.4122246100691085,0.897525803160407
7,70,0.995,0.5,0.95,0.5,12,4,coordinated_turn_model_mismatch,900,1000,0,,,48.0,4.800000000000001,0.56,0.44,0.0,0.15959759529119424,0.6006332885577038,1.5998118600251114,2.6725162123221975
7,70,0.995,0.5,0.95,0.5,12,5,process_noise_x_increased,1100,1300,0,,,5.0,0.5,0.685,0.315,0.0,0.06485063389748694,0.3454899474778154,0.9451195702943869,2.71448021923593
10,50,0.95,0.5,0.95,0.5,12,0,measurement_outliers,100,200,0,,,32.0,3.2,0.24,0.76,0.0,0.18378724554897313,0.4826562558170639,1.288342740058362,4.313995081031481
10,50,0.95,0.5,0.95,0.5,12,1,measurement_noise_x_increased,300,400,0,,,45.0,4.5,0.34,0.66,0.0,0.09672988903027861,0.21616752815127335,0.7773990828866267,2.084071692173183
10,50,0.95,0.5,0.95,0.5,12,2,measurement_noise_xy_decreased,500,600,0,,,33.0,3.3000000000000003,0.1,0.9,0.0,0.3938738054402438,0.7930646014640123,0.31389900023310957,0.6627946345737712
10,50,0.95,0.5,0.95,0.5,12,3,truncated_gaussian_measurement_noise,700,800,0,,,43.0,4.3,0.2,0.8,0.0,0.3663109094827535,0.706011324099417,0.4122246100691085,0.897525803160407
10,50,0.95,0.5,0.95,0.5,12,4,coordinated_turn_model_mismatch,900,1000,0,,,61.0,6.1000000000000005,0.32,0.68,0.0,0.3001514965909789,0.6759982335822584,1.5998118600251114,2.6725162123221975
10,50,0.95,0.5,0.95,0.5,12,5,process_noise_x_increased,1100,1300,0,,,9.0,0.9,0.065,0.935,0.0,0.20651415405867382,0.657082384995733,0.9451195702943869,2.71448021923593
10,50,0.98,0.5,0.95,0.5,12,0,measurement_outliers,100,200,0,,,28.0,2.8000000000000003,0.35,0.65,0.0,0.13645811499039065,0.40585598853178617,1.288342740058362,4.313995081031481
10,50,0.98,0.5,0.95,0.5,12,1,measurement_noise_x_increased,300,400,0,,,35.0,3.5,0.4,0.6,0.0,0.06150670023350521,0.14265835642673017,0.7773990828866267,2.084071692173183
10,50,0.98,0.5,0.95,0.5,12,2,measurement_noise_xy_decreased,500,600,0,,,33.0,3.3000000000000003,0.18,0.82,0.0,0.33144407233228057,0.7539653095498158,0.31389900023310957,0.6627946345737712
10,50,0.98,0.5,0.95,0.5,12,3,truncated_gaussian_measurement_noise,700,800,0,,,43.0,4.3,0.25,0.75,0.0,0.2915294526587216,0.6375851640261233,0.4122246100691085,0.897525803160407
10,50,0.98,0.5,0.95,0.5,12,4,coordinated_turn_model_mismatch,900,1000,0,,,57.0,5.7,0.38,0.62,0.0,0.2253813306245865,0.5924386341437899,1.5998118600251114,2.6725162123221975
10,50,0.98,0.5,0.95,0.5,12,5,process_noise_x_increased,1100,1300,0,,,9.0,0.9,0.185,0.815,0.0,0.15721017619704358,0.5350796117591684,0.9451195702943869,2.71448021923593
10,50,0.99,0.5,0.95,0.5,12,0,measurement_outliers,100,200,0,,,26.0,2.6,0.56,0.44,0.0,0.0941622859532497,0.3104646795785565,1.288342740058362,4.313995081031481
10,50,0.99,0.5,0.95,0.5,12,1,measurement_noise_x_increased,300,400,0,,,18.0,1.8,0.63,0.37,0.0,0.0350967823549999,0.08435911092329677,0.7773990828866267,2.084071692173183
10,50,0.99,0.5,0.95,0.5,12,2,measurement_noise_xy_decreased,500,600,0,,,33.0,3.3000000000000003,0.28,0.72,0.0,0.2616491429828598,0.6864163310124956,0.31389900023310957,0.6627946345737712
10,50,0.99,0.5,0.95,0.5,12,3,truncated_gaussian_measurement_noise,700,800,0,,,43.0,4.3,0.39,0.61,0.0,0.2104135755878379,0.5664002638897816,0.4122246100691085,0.897525803160407
10,50,0.99,0.5,0.95,0.5,12,4,coordinated_turn_model_mismatch,900,1000,0,,,52.0,5.2,0.46,0.54,0.0,0.15327577618401558,0.4633519327708362,1.5998118600251114,2.6725162123221975
10,50,0.99,0.5,0.95,0.5,12,5,process_noise_x_increased,1100,1300,0,,,9.0,0.9,0.51,0.49,0.0,0.11156982844928608,0.40909225776018787,0.9451195702943869,2.71448021923593
10,50,0.995,0.5,0.95,0.5,12,0,measurement_outliers,100,200,0,,,21.0,2.1,0.64,0.36,0.0,0.05348910426837506,0.1921589779091437,1.288342740058362,4.313995081031481
10,50,0.995,0.5,0.95,0.5,12,1,measurement_noise_x_increased,300,400,0,,,0.0,0.0,1.0,0.0,0.0,0.015382028390421229,0.03987613582035236,0.7773990828866267,2.084071692173183
10,50,0.995,0.5,0.95,0.5,12,2,measurement_noise_xy_decreased,500,600,0,,,33.0,3.3000000000000003,0.46,0.54,0.0,0.17291321250421013,0.5493307229179005,0.31389900023310957,0.6627946345737712
10,50,0.995,0.5,0.95,0.5,12,3,truncated_gaussian_measurement_noise,700,800,0,,,42.0,4.2,0.51,0.49,0.0,0.12391571391285644,0.4259106973859317,0.4122246100691085,0.897525803160407
10,50,0.995,0.5,0.95,0.5,12,4,coordinated_turn_model_mismatch,900,1000,0,,,48.0,4.800000000000001,0.57,0.43,0.0,0.07857576161756825,0.2798310017652843,1.5998118600251114,2.6725162123221975
10,50,0.995,0.5,0.95,0.5,12,5,process_noise_x_increased,1100,1300,0,,,6.0,0.6000000000000001,0.67,0.33,0.0,0.06521178598668341,0.259308815771134,0.9451195702943869,2.71448021923593
10,70,0.95,0.5,0.95,0.5,12,0,measurement_outliers,100,200,0,,,35.0,3.5,0.57,0.43,0.0,0.1026179916538109,0.34590690603163204,1.288342740058362,4.313995081031481
10,70,0.95,0.5,0.95,0.5,12,1,measurement_noise_x_increased,300,400,0,,,19.0,1.9000000000000001,0.62,0.38,0.0,0.04046742671606788,0.10892218035748343,0.7773990828866267,2.084071692173183
10,70,0.95,0.5,0.95,0.5,12,2,measurement_noise_xy_decreased,500,600,0,,,34.0,3.4000000000000004,0.32,0.68,0.0,0.28636625422593015,0.7290142150799397,0.31389900023310957,0.6627946345737712
10,70,0.95,0.5,0.95,0.5,12,3,truncated_gaussian_measurement_noise,700,800,0,,,44.0,4.4,0.45,0.55,0.0,0.24503091594325407,0.6563323298782522,0.4122246100691085,0.897525803160407
10,70,0.95,0.5,0.95,0.5,12,4,coordinated_turn_model_mismatch,900,1000,0,,,61.0,6.1000000000000005,0.49,0.51,0.0,0.16637316201091756,0.537389140390063,1.5998118600251114,2.6725162123221975
10,70,0.95,0.5,0.95,0.5,12,5,process_noise_x_increased,1100,1300,0,,,16.0,1.6,0.45,0.55,0.0,0.1202337851707052,0.34658972828119866,0.9451195702943869,2.71448021923593
10,70,0.98,0.5,0.95,0.5,12,0,measurement_outliers,100,200,0,,,33.0,3.3000000000000003,0.63,0.37,0.0,0.07253881717307233,0.2647387600216563,1.288342740058362,4.313995081031481
10,70,0.98,0.5,0.95,0.5,12,1,measurement_noise_x_increased,300,400,0,,,15.0,1.5,0.73,0.27,0.0,0.024346326506500846,0.06905675225289855,0.7773990828866267,2.084071692173183
10,70,0.98,0.5,0.95,0.5,12,2,measurement_noise_xy_decreased,500,600,0,,,35.0,3.5,0.42,0.58,0.0,0.23396400771920692,0.6773668817737688,0.31389900023310957,0.6627946345737712
10,70,0.98,0.5,0.95,0.5,12,3,truncated_gaussian_measurement_noise,700,800,0,,,44.0,4.4,0.51,0.49,0.0,0.17990693797735477,0.590523801195781,0.4122246100691085,0.897525803160407
10,70,0.98,0.5,0.95,0.5,12,4,coordinated_turn_model_mismatch,900,1000,0,,,52.0,5.2,0.55,0.45,0.0,0.1144415327659891,0.40182423477700646,1.5998118600251114,2.6725162123221975
10,70,0.98,0.5,0.95,0.5,12,5,process_noise_x_increased,1100,1300,0,,,16.0,1.6,0.625,0.375,0.0,0.08748594732541305,0.27395828281665,0.9451195702943869,2.71448021923593
10,70,0.99,0.5,0.95,0.5,12,0,measurement_outliers,100,200,0,,,23.0,2.3000000000000003,0.66,0.34,0.0,0.0471353444513907,0.18042145045451313,1.288342740058362,4.313995081031481
10,70,0.99,0.5,0.95,0.5,12,1,measurement_noise_x_increased,300,400,0,,,0.0,0.0,1.0,0.0,0.0,0.013000489579397995,0.043899640780430564,0.7773990828866267,2.084071692173183
10,70,0.99,0.5,0.95,0.5,12,2,measurement_noise_xy_decreased,500,600,0,,,35.0,3.5,0.49,0.51,0.0,0.1770484297029944,0.5832719979699128,0.31389900023310957,0.6627946345737712
10,70,0.99,0.5,0.95,0.5,12,3,truncated_gaussian_measurement_noise,700,800,0,,,44.0,4.4,0.55,0.45,0.0,0.11872588493452291,0.47864295710226784,0.4122246100691085,0.897525803160407
10,70,0.99,0.5,0.95,0.5,12,4,coordinated_turn_model_mismatch,900,1000,0,,,50.0,5.0,0.61,0.39,0.0,0.07038621714157026,0.2698364305319264,1.5998118600251114,2.6725162123221975
10,70,0.99,0.5,0.95,0.5,12,5,process_noise_x_increased,1100,1300,0,,,15.0,1.5,0.665,0.335,0.0,0.05907943213578343,0.2020686546942277,0.9451195702943869,2.71448021923593
10,70,0.995,0.5,0.95,0.5,12,0,measurement_outliers,100,200,0,,,1.0,0.1,0.77,0.23,0.0,0.025273568334163353,0.09969886586139438,1.288342740058362,4.313995081031481
10,70,0.995,0.5,0.95,0.5,12,1,measurement_noise_x_increased,300,400,0,,,0.0,0.0,1.0,0.0,0.0,0.005255796444449968,0.02137370473185861,0.7773990828866267,2.084071692173183
10,70,0.995,0.5,0.95,0.5,12,2,measurement_noise_xy_decreased,500,600,0,,,34.0,3.4000000000000004,0.57,0.43,0.0,0.10804872834079479,0.4194506069130305,0.31389900023310957,0.6627946345737712
10,70,0.995,0.5,0.95,0.5,12,3,truncated_gaussian_measurement_noise,700,800,0,,,43.0,4.3,0.65,0.35,0.0,0.06368939675927224,0.31786320806072604,0.4122246100691085,0.897525803160407
10,70,0.995,0.5,0.95,0.5,12,4,coordinated_turn_model_mismatch,900,1000,0,,,37.0,3.7,0.74,0.26,0.0,0.03133004975699607,0.1398066820531836,1.5998118600251114,2.6725162123221975
10,70,0.995,0.5,0.95,0.5,12,5,process_noise_x_increased,1100,1300,0,,,9.0,0.9,0.695,0.305,0.0,0.03221356436646932,0.12070899454134487,0.9451195702943869,2.71448021923593
5,25,0.95,0.5,0.95,0.5,13,0,measurement_outliers,100,200,0,,,12.0,1.2000000000000002,0.09,0.91,0.0,0.14930350160636274,0.2969218899658958,1.0665637401327097,2.5259000025232052
5,25,0.95,0.5,0.95,0.5,13,1,measurement_noise_x_increased,300,400,0,,,19.0,1.9000000000000001,0.12,0.88,0.0,0.18577482889473576,0.45347631036544284,0.857351566447929,1.8874230636793052
5,25,0.95,0.5,0.95,0.5,13,2,measurement_noise_xy_decreased,500,600,0,,,39.0,3.9000000000000004,0.08,0.92,0.0,0.5926110555875397,0.9402386875788318,0.286470126956539,0.8692729030104169
5,25,0.95,0.5,0.95,0.5,13,3,truncated_gaussian_measurement_noise,700,800,0,,,21.0,2.1,0.18,0.82,0.0,0.4276732995761766,0.7187073206267927,0.3380479042678367,0.7332073157589433
5,25,0.95,0.5,0.95,0.5,13,4,coordinated_turn_model_mismatch,900,1000,1,32.0,3.2,41.0,4.1000000000000005,0.02,0.3,0.68,0.8024823323890286,0.999999932124314,2.564545706404282,3.5302540935979745
5,25,0.95,0.5,0.95,0.5,13,5,process_noise_x_increased,1100,1300,0,,,33.0,3.3000000000000003,0.155,0.84,0.005,0.34914294868346507,0.9579221794466712,1.2062247938569741,2.340814602887999
5,25,0.98,0.5,0.95,0.5,13,0,measurement_outliers,100,200,0,,,9.0,0.9,0.28,0.72,0.0,0.09560496510195168,0.2237044005622007,1.0665637401327097,2.5259000025232052
5,25,0.98,0.5,0.95,0.5,13,1,measurement_noise_x_increased,300,400,0,,,15.0,1.5,0.2,0.8,0.0,0.12498353216778814,0.3463924927702189,0.857351566447929,1.8874230636793052
5,25,0.98,0.5,0.95,0.5,13,2,measurement_noise_xy_decreased,500,600,0,,,39.0,3.9000000000000004,0.15,0.85,0.0,0.5462144956010593,0.9238142774847311,0.286470126956539,0.8692729030104169
5,25,0.98,0.5,0.95,0.5,13,3,truncated_gaussian_measurement_noise,700,800,0,,,20.0,2.0,0.27,0.73,0.0,0.4059254205140997,0.7066020047998387,0.3380479042678367,0.7332073157589433
5,25,0.98,0.5,0.95,0.5,13,4,coordinated_turn_model_mismatch,900,1000,1,35.0,3.5,42.0,4.2,0.08,0.27,0.65,0.7637020053897444,0.9999999998982673,2.564545706404282,3.5302540935979745
5,25,0.98,0.5,0.95,0.5,13,5,process_noise_x_increased,1100,1300,0,,,32.0,3.2,0.285,0.71,0.005,0.33761927224633254,0.9503423522886907,1.2062247938569741,2.340814602887999
5,25,0.99,0.5,0.95,0.5,13,0,measurement_outliers,100,200,0,,,9.0,0.9,0.43,0.57,0.0,0.0752389827550999,0.2828588967144819,1.0665637401327097,2.5259000025232052
5,25,0.99,0.5,0.95,0.5,13,1,measurement_noise_x_increased,300,400,0,,,15.0,1.5,0.16,0.84,0.0,0.08676134035831819,0.2490878345894715,0.857351566447929,1.8874230636793052
5,25,0.99,0.5,0.95,0.5,13,2,measurement_noise_xy_decreased,500,600,0,,,40.0,4.0,0.19,0.81,0.0,0.47966439677852585,0.8827748578099057,0.286470126956539,0.8692729030104169
5,25,0.99,0.5,0.95,0.5,13,3,truncated_gaussian_measurement_noise,700,800,0,,,20.0,2.0,0.24,0.76,0.0,0.33609059082657367,0.6899883429812183,0.3380479042678367,0.7332073157589433
5,25,0.99,0.5,0.95,0.5,13,4,coordinated_turn_model_mismatch,900,1000,1,34.0,3.4000000000000004,40.0,4.0,0.13,0.21,0.66,0.7409275563885903,0.999999999964224,2.564545706404282,3.5302540935979745
5,25,0.99,0.5,0.95,0.5,13,5,process_noise_x_increased,1100,1300,0,,,32.0,3.2,0.34,0.66,0.0,0.3125479297578946,0.8885943339136008,1.2062247938569741,2.340814602887999
5,25,0.995,0.5,0.95,0.5,13,0,measurement_outliers,100,200,0,,,0.0,0.0,0.67,0.33,0.0,0.04527604683125024,0.1918716084762561,1.0665637401327097,2.5259000025232052
5,25,0.995,0.5,0.95,0.5,13,1,measurement_noise_x_increased,300,400,0,,,13.0,1.3,0.48,0.52,0.0,0.052510099492917225,0.15573990718225636,0.857351566447929,1.8874230636793052
5,25,0.995,0.5,0.95,0.5,13,2,measurement_noise_xy_decreased,500,600,0,,,40.0,4.0,0.26,0.74,0.0,0.46872445687369213,0.8323019423733833,0.286470126956539,0.8692729030104169
5,25,0.995,0.5,0.95,0.5,13,3,truncated_gaussian_measurement_noise,700,800,0,,,25.0,2.5,0.23,0.77,0.0,0.4496594476538644,0.7329180901198346,0.3380479042678367,0.7332073157589433
5,25,0.995,0.5,0.95,0.5,13,4,coordinated_turn_model_mismatch,900,1000,1,29.0,2.9000000000000004,41.0,4.1000000000000005,0.13,0.16,0.71,0.7611612602415179,0.9999999999793394,2.564545706404282,3.5302540935979745
5,25,0.995,0.5,0.95,0.5,13,5,process_noise_x_increased,1100,1300,0,,,28.0,2.8000000000000003,0.365,0.635,0.0,0.24709824341114509,0.8607563773187719,1.2062247938569741,2.340814602887999
5,35,0.95,0.5,0.95,0.5,13,0,measurement_outliers,100,200,0,,,8.0,0.8,0.29,0.71,0.0,0.08985077676229991,0.2750844950631466,1.0665637401327097,2.5259000025232052
5,35,0.95,0.5,0.95,0.5,13,1,measurement_noise_x_increased,300,400,0,,,17.0,1.7000000000000002,0.3,0.7,0.0,0.11095527127310695,0.2775598171248456,0.857351566447929,1.8874230636793052
5,35,0.95,0.5,0.95,0.5,13,2,measurement_noise_xy_decreased,500,600,0,,,39.0,3.9000000000000004,0.16,0.84,0.0,0.5587813706720236,0.9354088268477831,0.286470126956539,0.8692729030104169
5,35,0.95,0.5,0.95,0.5,13,3,truncated_gaussian_measurement_noise,700,800,0,,,21.0,2.1,0.31,0.69,0.0,0.36895293418930597,0.7439166561059076,0.3380479042678367,0.7332073157589433
5,35,0.95,0.5,0.95,0.5,13,4,coordinated_turn_model_mismatch,900,1000,1,36.0,3.6,43.0,4.3,0.13,0.23,0.64,0.7509680116721686,0.9999999837192531,2.564545706404282,3.5302540935979745
5,35,0.95,0.5,0.95,0.5,13,5,process_noise_x_increased,1100,1300,0,,,34.0,3.4000000000000004,0.315,0.685,0.0,0.27909871014604776,0.8663969900133379,1.2062247938569741,2.340814602887999
5,35,0.98,0.5,0.95,0.5,13,0,measurement_outliers,100,200,0,,,8.0,0.8,0.43,0.57,0.0,0.05485436571635328,0.1966380739350293,1.0665637401327097,2.5259000025232052
5,35,0.98,0.5,0.95,0.5,13,1,measurement_noise_x_increased,300,400,0,,,17.0,1.7000000000000002,0.39,0.61,0.0,0.07492096336087505,0.22362549617097166,0.857351566447929,1.8874230636793052
5,35,0.98,0.5,0.95,0.5,13,2,measurement_noise_xy_decreased,500,600,0,,,40.0,4.0,0.2,0.8,0.0,0.5063622964585207,0.905233726511441,0.286470126956539,0.8692729030104169
5,35,0.98,0.5,0.95,0.5,13,3,truncated_gaussian_measurement_noise,700,800,0,,,21.0,2.1,0.33,0.67,0.0,0.335923386896797,0.7218738101666768,0.3380479042678367,0.7332073157589433
5,35,0.98,0.5,0.95,0.5,13,4,coordinated_turn_model_mismatch,900,1000,1,39.0,3.9000000000000004,44.0,4.4,0.15,0.24,0.61,0.7202238098199569,0.9999999992056916,2.564545706404282,3.5302540935979745
5,35,0.98,0.5,0.95,0.5,13,5,process_noise_x_increased,1100,1300,0,,,32.0,3.2,0.33,0.67,0.0,0.26340254046127626,0.7857747378412675,1.2062247938569741,2.340814602887999
5,35,0.99,0.5,0.95,0.5,13,0,measurement_outliers,100,200,0,,,9.0,0.9,0.79,0.21,0.0,0.03855035067314283,0.199412489099347,1.0665637401327097,2.5259000025232052
5,35,0.99,0.5,0.95,0.5,13,1,measurement_noise_x_increased,300,400,0,,,15.0,1.5,0.54,0.46,0.0,0.045565077596290235,0.161590338972266,0.857351566447929,1.8874230636793052
5,35,0.99,0.5,0.95,0.5,13,2,measurement_noise_xy_decreased,500,600,0,,,40.0,4.0,0.27,0.73,0.0,0.4389376419325248,0.8443739156287555,0.286470126956539,0.8692729030104169
5,35,0.99,0.5,0.95,0.5,13,3,truncated_gaussian_measurement_noise,700,800,0,,,21.0,2.1,0.32,0.68,0.0,0.38276493355164987,0.7225999354320931,0.3380479042678367,0.7332073157589433
5,35,0.99,0.5,0.95,0.5,13,4,coordinated_turn_model_mismatch,900,1000,1,32.0,3.2,41.0,4.1000000000000005,0.2,0.12,0.68,0.7130207778372931,0.9999999975860545,2.564545706404282,3.5302540935979745
5,35,0.99,0.5,0.95,0.5,13,5,process_noise_x_increased,1100,1300,0,,,28.0,2.8000000000000003,0.39,0.61,0.0,0.26230628438136405,0.7764133864053255,1.2062247938569741,2.340814602887999
5,35,0.995,0.5,0.95,0.5,13,0,measurement_outliers,100,200,0,,,8.0,0.8,0.46,0.54,0.0,0.07145897672101353,0.25700156149118336,1.0665637401327097,2.5259000025232052
5,35,0.995,0.5,0.95,0.5,13,1,measurement_noise_x_increased,300,400,0,,,9.0,0.9,0.75,0.25,0.0,0.03083804143138229,0.10980282056520269,0.857351566447929,1.8874230636793052
5,35,0.995,0.5,0.95,0.5,13,2,measurement_noise_xy_decreased,500,600,0,,,42.0,4.2,0.33,0.67,0.0,0.4240336090781037,0.8144713580198072,0.286470126956539,0.8692729030104169
5,35,0.995,0.5,0.95,0.5,13,3,truncated_gaussian_measurement_noise,700,800,0,,,22.0,2.2,0.32,0.68,0.0,0.3999700771562349,0.7309748657321763,0.3380479042678367,0.7332073157589433
5,35,0.995,0.5,0.95,0.5,13,4,coordinated_turn_model_mismatch,900,1000,1,34.0,3.4000000000000004,41.0,4.1000000000000005,0.16,0.18,0.66,0.7299746253007298,0.9999999998156771,2.564545706404282,3.5302540935979745
5,35,0.995,0.5,0.95,0.5,13,5,process_noise_x_increased,1100,1300,0,,,23.0,2.3000000000000003,0.415,0.585,0.0,0.2247704742551914,0.6539487596262847,1.2062247938569741,2.340814602887999
5,50,0.95,0.5,0.95,0.5,13,0,measurement_outliers,100,200,0,,,12.0,1.2000000000000002,0.76,0.24,0.0,0.03129906753401237,0.0956064484114283,1.0665637401327097,2.5259000025232052
5,50,0.95,0.5,0.95,0.5,13,1,measurement_noise_x_increased,300,400,0,,,15.0,1.5,0.48,0.52,0.0,0.05561698549606051,0.17910838813720015,0.857351566447929,1.8874230636793052
5,50,0.95,0.5,0.95,0.5,13,2,measurement_noise_xy_decreased,500,600,0,,,42.0,4.2,0.28,0.72,0.0,0.4784673930504578,0.8999924403654904,0.286470126956539,0.8692729030104169
5,50,0.95,0.5,0.95,0.5,13,3,truncated_gaussian_measurement_noise,700,800,0,,,22.0,2.2,0.42,0.58,0.0,0.2777282511501797,0.7080695788695544,0.3380479042678367,0.7332073157589433
5,50,0.95,0.5,0.95,0.5,13,4,coordinated_turn_model_mismatch,900,1000,1,42.0,4.2,50.0,5.0,0.2,0.22,0.58,0.6847278717054417,0.9999999998101516,2.564545706404282,3.5302540935979745
5,50,0.95,0.5,0.95,0.5,13,5,process_noise_x_increased,1100,1300,0,,,30.0,3.0,0.365,0.635,0.0,0.21595413659597162,0.6851885350688314,1.2062247938569741,2.340814602887999
5,50,0.98,0.5,0.95,0.5,13,0,measurement_outliers,100,200,0,,,4.0,0.4,0.93,0.07,0.0,0.01899413821525999,0.06939964813417551,1.0665637401327097,2.5259000025232052
5,50,0.98,0.5,0.95,0.5,13,1,measurement_noise_x_increased,300,400,0,,,12.0,1.2000000000000002,0.65,0.35,0.0,0.03620148966314555,0.14325832681486972,0.857351566447929,1.8874230636793052
5,50,0.98,0.5,0.95,0.5,13,2,measurement_noise_xy_decreased,500,600,0,,,42.0,4.2,0.31,0.69,0.0,0.42215942455211347,0.889149292842076,0.286470126956539,0.8692729030104169
5,50,0.98,0.5,0.95,0.5,13,3,truncated_gaussian_measurement_noise,700,800,0,,,22.0,2.2,0.48,0.52,0.0,0.24660823613359603,0.6860881876743241,0.3380479042678367,0.7332073157589433
5,50,0.98,0.5,0.95,0.5,13,4,coordinated_turn_model_mismatch,900,1000,1,44.0,4.4,49.0,4.9,0.23,0.21,0.56,0.6583876910080734,0.9999999996505251,2.564545706404282,3.5302540935979745
5,50,0.98,0.5,0.95,0.5,13,5,process_noise_x_increased,1100,1300,0,,,25.0,2.5,0.42,0.58,0.0,0.1981066834831309,0.6671005858123822,1.2062247938569741,2.340814602887999
5,50,0.99,0.5,0.95,0.5,13,0,measurement_outliers,100,200,0,,,0.0,0.0,1.0,0.0,0.0,0.010074607382115542,0.044652440009707854,1.0665637401327097,2.5259000025232052
5,50,0.99,0.5,0.95,0.5,13,1,measurement_noise_x_increased,300,400,0,,,0.0,0.0,0.84,0.16,0.0,0.020463306755649974,0.09783920730317047,0.857351566447929,1.8874230636793052
5,50,0.99,0.5,0.95,0.5,13,2,measurement_noise_xy_decreased,500,600,0,,,48.0,4.800000000000001,0.36,0.64,0.0,0.3915902193512028,0.8648542572435751,0.286470126956539,0.8692729030104169
5,50,0.99,0.5,0.95,0.5,13,3,truncated_gaussian_measurement_noise,700,800,0,,,22.0,2.2,0.45,0.55,0.0,0.28340533210290064,0.6792381765481906,0.3380479042678367,0.7332073157589433
5,50,0.99,0.5,0.95,0.5,13,4,coordinated_turn_model_mismatch,900,1000,1,44.0,4.4,50.0,5.0,0.27,0.17,0.56,0.6789602502091168,0.9999999999209802,2.564545706404282,3.5302540935979745
5,50,0.99,0.5,0.95,0.5,13,5,process_noise_x_increased,1100,1300,0,,,23.0,2.3000000000000003,0.425,0.575,0.0,0.18753458485152485,0.675597644823327,1.2062247938569741,2.340814602887999
5,50,0.995,0.5,0.95,0.5,13,0,measurement_outliers,100,200,0,,,0.0,0.0,1.0,0.0,0.0,0.006109276268969051,0.024788207088394357,1.0665637401327097,2.5259000025232052
5,50,0.995,0.5,0.95,0.5,13,1,measurement_noise_x_increased,300,400,0,,,0.0,0.0,1.0,0.0,0.0,0.00817374719132553,0.04738281913037092,0.857351566447929,1.8874230636793052
5,50,0.995,0.5,0.95,0.5,13,2,measurement_noise_xy_decreased,500,600,0,,,48.0,4.800000000000001,0.34,0.66,0.0,0.40986706250885546,0.8941251059888871,0.286470126956539,0.8692729030104169
5,50,0.995,0.5,0.95,0.5,13,3,truncated_gaussian_measurement_noise,700,800,0,,,27.0,2.7,0.39,0.61,0.0,0.2829537500238198,0.6782360005048025,0.3380479042678367,0.7332073157589433
5,50,0.995,0.5,0.95,0.5,13,4,coordinated_turn_model_mismatch,900,1000,1,41.0,4.1000000000000005,48.0,4.800000000000001,0.25,0.16,0.59,0.6845770891260403,0.9999999999840224,2.564545706404282,3.5302540935979745
5,50,0.995,0.5,0.95,0.5,13,5,process_noise_x_increased,1100,1300,0,,,16.0,1.6,0.465,0.535,0.0,0.15376478250266273,0.5723504774514967,1.2062247938569741,2.340814602887999
5,70,0.95,0.5,0.95,0.5,13,0,measurement_outliers,100,200,0,,,0.0,0.0,1.0,0.0,0.0,0.008980582144437407,0.049587199526872565,1.0665637401327097,2.5259000025232052
5,70,0.95,0.5,0.95,0.5,13,1,measurement_noise_x_increased,300,400,0,,,0.0,0.0,0.83,0.17,0.0,0.018328012134721464,0.09764554104140097,0.857351566447929,1.8874230636793052
5,70,0.95,0.5,0.95,0.5,13,2,measurement_noise_xy_decreased,500,600,0,,,48.0,4.800000000000001,0.42,0.58,0.0,0.3344475488008581,0.8821247038073001,0.286470126956539,0.8692729030104169
5,70,0.95,0.5,0.95,0.5,13,3,truncated_gaussian_measurement_noise,700,800,0,,,27.0,2.7,0.62,0.38,0.0,0.16655719843328,0.7145043264808587,0.3380479042678367,0.7332073157589433
5,70,0.95,0.5,0.95,0.5,13,4,coordinated_turn_model_mismatch,900,1000,1,51.0,5.1000000000000005,65.0,6.5,0.29,0.22,0.49,0.5960260223582678,0.9999999999748374,2.564545706404282,3.5302540935979745
5,70,0.95,0.5,0.95,0.5,13,5,process_noise_x_increased,1100,1300,0,,,21.0,2.1,0.465,0.535,0.0,0.11334250640241994,0.44680469333744904,1.2062247938569741,2.340814602887999
5,70,0.98,0.5,0.95,0.5,13,0,measurement_outliers,100,200,0,,,0.0,0.0,1.0,0.0,0.0,0.004930484011538349,0.0318084341395617,1.0665637401327097,2.5259000025232052
5,70,0.98,0.5,0.95,0.5,13,1,measurement_noise_x_increased,300,400,0,,,0.0,0.0,0.97,0.03,0.0,0.010351322445001634,0.06289342150056026,0.857351566447929,1.8874230636793052
5,70,0.98,0.5,0.95,0.5,13,2,measurement_noise_xy_decreased,500,600,0,,,48.0,4.800000000000001,0.46,0.54,0.0,0.2780863416608857,0.8459940017248802,0.286470126956539,0.8692729030104169
5,70,0.98,0.5,0.95,0.5,13,3,truncated_gaussian_measurement_noise,700,800,0,,,29.0,2.9000000000000004,0.66,0.34,0.0,0.16210528514686104,0.6874412072561962,0.3380479042678367,0.7332073157589433
5,70,0.98,0.5,0.95,0.5,13,4,coordinated_turn_model_mismatch,900,1000,1,50.0,5.0,65.0,6.5,0.32,0.18,0.5,0.5747680893970732,0.9999999999396146,2.564545706404282,3.5302540935979745
5,70,0.98,0.5,0.95,0.5,13,5,process_noise_x_increased,1100,1300,0,,,21.0,2.1,0.475,0.525,0.0,0.10358763388748034,0.40291639414304925,1.2062247938569741,2.340814602887999
5,70,0.99,0.5,0.95,0.5,13,0,measurement_outliers,100,200,0,,,0.0,0.0,1.0,0.0,0.0,0.0030101902676299974,0.01875100957741959,1.0665637401327097,2.5259000025232052
5,70,0.99,0.5,0.95,0.5,13,1,measurement_noise_x_increased,300,400,0,,,0.0,0.0,1.0,0.0,0.0,0.0050193825428733385,0.03395209313710799,0.857351566447929,1.8874230636793052
5,70,0.99,0.5,0.95,0.5,13,2,measurement_noise_xy_decreased,500,600,0,,,49.0,4.9,0.42,0.58,0.0,0.2728273156856598,0.8064439442211186,0.286470126956539,0.8692729030104169
5,70,0.99,0.5,0.95,0.5,13,3,truncated_gaussian_measurement_noise,700,800,0,,,29.0,2.9000000000000004,0.59,0.41,0.0,0.16438099469530762,0.6425501990300342,0.3380479042678367,0.7332073157589433
5,70,0.99,0.5,0.95,0.5,13,4,coordinated_turn_model_mismatch,900,1000,1,50.0,5.0,64.0,6.4,0.35,0.15,0.5,0.5910894695608944,0.9999999999880373,2.564545706404282,3.5302540935979745
5,70,0.99,0.5,0.95,0.5,13,5,process_noise_x_increased,1100,1300,0,,,22.0,2.2,0.485,0.515,0.0,0.1041131829639843,0.43269765337900173,1.2062247938569741,2.340814602887999
5,70,0.995,0.5,0.95,0.5,13,0,measurement_outliers,100,200,0,,,0.0,0.0,1.0,0.0,0.0,0.001113108350243696,0.008208101641025086,1.0665637401327097,2.5259000025232052
5,70,0.995,0.5,0.95,0.5,13,1,measurement_noise_x_increased,300,400,0,,,0.0,0.0,1.0,0.0,0.0,0.0016437489929979484,0.01228908213473396,0.857351566447929,1.8874230636793052
5,70,0.995,0.5,0.95,0.5,13,2,measurement_noise_xy_decreased,500,600,0,,,49.0,4.9,0.43,0.57,0.0,0.3014620105556862,0.8052671158412357,0.286470126956539,0.8692729030104169
5,70,0.995,0.5,0.95,0.5,13,3,truncated_gaussian_measurement_noise,700,800,0,,,31.0,3.1,0.58,0.42,0.0,0.1981773951048805,0.7050655904337223,0.3380479042678367,0.7332073157589433
5,70,0.995,0.5,0.95,0.5,13,4,coordinated_turn_model_mismatch,900,1000,1,48.0,4.800000000000001,64.0,6.4,0.33,0.15,0.52,0.5868134967071298,0.9999999999803085,2.564545706404282,3.5302540935979745
5,70,0.995,0.5,0.95,0.5,13,5,process_noise_x_increased,1100,1300,0,,,20.0,2.0,0.565,0.435,0.0,0.08090264870561337,0.41076445037924797,1.2062247938569741,2.340814602887999
7,35,0.95,0.5,0.95,0.5,13,0,measurement_outliers,100,200,0,,,32.0,3.2,0.0,1.0,0.0,0.15477630792586225,0.31209172326052464,1.0665637401327097,2.5259000025232052
7,35,0.95,0.5,0.95,0.5,13,1,measurement_noise_x_increased,300,400,0,,,21.0,2.1,0.17,0.83,0.0,0.15475683790364198,0.28945174610924024,0.857351566447929,1.8874230636793052
7,35,0.95,0.5,0.95,0.5,13,2,measurement_noise_xy_decreased,500,600,0,,,55.0,5.5,0.03,0.97,0.0,0.5245661409607635,0.8517884617366865,0.286470126956539,0.8692729030104169
7,35,0.95,0.5,0.95,0.5,13,3,truncated_gaussian_measurement_noise,700,800,0,,,41.0,4.1000000000000005,0.24,0.76,0.0,0.40682898116670047,0.7078905566907391,0.3380479042678367,0.7332073157589433
7,35,0.95,0.5,0.95,0.5,13,4,coordinated_turn_model_mismatch,900,1000,1,35.0,3.5,78.0,7.800000000000001,0.02,0.33,0.65,0.7617973173198298,0.9999984797059508,2.564545706404282,3.5302540935979745
7,35,0.95,0.5,0.95,0.5,13,5,process_noise_x_increased,1100,1300,0,,,25.0,2.5,0.16,0.84,0.0,0.29033547754881556,0.7531898550664442,1.2062247938569741,2.340814602887999
7,35,0.98,0.5,0.95,0.5,13,0,measurement_outliers,100,200,0,,,31.0,3.1,0.29,0.71,0.0,0.12079737909130732,0.2598632504410861,1.0665637401327097,2.5259000025232052
7,35,0.98,0.5,0.95,0.5,13,1,measurement_noise_x_increased,300,400,0,,,20.0,2.0,0.21,0.79,0.0,0.10196205533903227,0.20709876492898122,0.857351566447929,1.8874230636793052
7,35,0.98,0.5,0.95,0.5,13,2,measurement_noise_xy_decreased,500,600,0,,,55.0,5.5,0.2,0.8,0.0,0.4533483008021667,0.8145875610002059,0.286470126956539,0.8692729030104169
7,35,0.98,0.5,0.95,0.5,13,3,truncated_gaussian_measurement_noise,700,800,0,,,29.0,2.9000000000000004,0.31,0.69,0.0,0.3889586711833815,0.6812565452401033,0.3380479042678367,0.7332073157589433
7,35,0.98,0.5,0.95,0.5,13,4,coordinated_turn_model_mismatch,900,1000,1,38.0,3.8000000000000003,67.0,6.7,0.11,0.27,0.62,0.7322753640590923,0.999999064376527,2.564545706404282,3.5302540935979745
7,35,0.98,0.5,0.95,0.5,13,5,process_noise_x_increased,1100,1300,0,,,23.0,2.3000000000000003,0.195,0.805,0.0,0.26163533263629196,0.7627655706703801,1.2062247938569741,2.340814602887999
7,35,0.99,0.5,0.95,0.5,13,0,measurement_outliers,100,200,0,,,21.0,2.1,0.32,0.68,0.0,0.0935769230946459,0.21468281283648227,1.0665637401327097,2.5259000025232052
7,35,0.99,0.5,0.95,0.5,13,1,measurement_noise_x_increased,300,400,0,,,18.0,1.8,0.44,0.56,0.0,0.05354716250548066,0.11997002482622891,0.857351566447929,1.8874230636793052
7,35,0.99,0.5,0.95,0.5,13,2,measurement_noise_xy_decreased,500,600,0,,,55.0,5.5,0.22,0.78,0.0,0.39458697625562844,0.7659440956100191,0.286470126956539,0.8692729030104169
7,35,0.99,0.5,0.95,0.5,13,3,truncated_gaussian_measurement_noise,700,800,0,,,29.0,2.9000000000000004,0.31,0.69,0.0,0.37665983258140207,0.6690044701079266,0.3380479042678367,0.7332073157589433
7,35,0.99,0.5,0.95,0.5,13,4,coordinated_turn_model_mismatch,900,1000,1,35.0,3.5,59.0,5.9,0.17,0.18,0.65,0.7184702314363026,0.9999993283279301,2.564545706404282,3.5302540935979745
7,35,0.99,0.5,0.95,0.5,13,5,process_noise_x_increased,1100,1300,0,,,14.0,1.4000000000000001,0.255,0.745,0.0,0.21784763337762159,0.5734507472914402,1.2062247938569741,2.340814602887999
7,35,0.995,0.5,0.95,0.5,13,0,measurement_outliers,100,200,0,,,8.0,0.8,0.3,0.7,0.0,0.09762840156189079,0.25619151472012974,1.0665637401327097,2.5259000025232052
7,35,0.995,0.5,0.95,0.5,13,1,measurement_noise_x_increased,300,400,0,,,0.0,0.0,0.93,0.07,0.0,0.022954343593203537,0.057510943190415775,0.857351566447929,1.8874230636793052
7,35,0.995,0.5,0.95,0.5,13,2,measurement_noise_xy_decreased,500,600,0,,,55.0,5.5,0.2,0.8,0.0,0.4717270570480659,0.7696880640642446,0.286470126956539,0.8692729030104169
7,35,0.995,0.5,0.95,0.5,13,3,truncated_gaussian_measurement_noise,700,800,0,,,40.0,4.0,0.31,0.69,0.0,0.3617513798512442,0.6458872611347765,0.3380479042678367,0.7332073157589433
7,35,0.995,0.5,0.95,0.5,13,4,coordinated_turn_model_mismatch,900,1000,1,40.0,4.0,65.0,6.5,0.14,0.26,0.6,0.731184504086272,0.9999999338509409,2.564545706404282,3.5302540935979745
7,35,0.995,0.5,0.95,0.5,13,5,process_noise_x_increased,1100,1300,0,,,13.0,1.3,0.275,0.725,0.0,0.1802042691734286,0.5042204802373214,1.2062247938569741,2.340814602887999
7,50,0.95,0.5,0.95,0.5,13,0,measurement_outliers,100,200,0,,,27.0,2.7,0.37,0.63,0.0,0.074143832867809,0.18693331331861562,1.0665637401327097,2.5259000025232052
7,50,0.95,0.5,0.95,0.5,13,1,measurement_noise_x_increased,300,400,0,,,19.0,1.9000000000000001,0.43,0.57,0.0,0.07571032519393613,0.17186945540939097,0.857351566447929,1.8874230636793052
7,50,0.95,0.5,0.95,0.5,13,2,measurement_noise_xy_decreased,500,600,0,,,54.0,5.4,0.21,0.79,0.0,0.4603974019332875,0.8486148212420787,0.286470126956539,0.8692729030104169
7,50,0.95,0.5,0.95,0.5,13,3,truncated_gaussian_measurement_noise,700,800,0,,,32.0,3.2,0.37,0.63,0.0,0.2999266317234293,0.6576234323944734,0.3380479042678367,0.7332073157589433
7,50,0.95,0.5,0.95,0.5,13,4,coordinated_turn_model_mismatch,900,1000,1,46.0,4.6000000000000005,59.0,5.9,0.1,0.36,0.54,0.6889082123109734,0.9999999380481268,2.564545706404282,3.5302540935979745
7,50,0.95,0.5,0.95,0.5,13,5,process_noise_x_increased,1100,1300,0,,,14.0,1.4000000000000001,0.275,0.725,0.0,0.20723669518042592,0.5499694526934236,1.2062247938569741,2.340814602887999
7,50,0.98,0.5,0.95,0.5,13,0,measurement_outliers,100,200,0,,,8.0,0.8,0.61,0.39,0.0,0.046953110139340865,0.12617029308200509,1.0665637401327097,2.5259000025232052
7,50,0.98,0.5,0.95,0.5,13,1,measurement_noise_x_increased,300,400,0,,,17.0,1.7000000000000002,0.48,0.52,0.0,0.0490268432142333,0.13845301116220568,0.857351566447929,1.8874230636793052
7,50,0.98,0.5,0.95,0.5,13,2,measurement_noise_xy_decreased,500,600,0,,,55.0,5.5,0.3,0.7,0.0,0.4283231828418403,0.8243461209294151,0.286470126956539,0.8692729030104169
7,50,0.98,0.5,0.95,0.5,13,3,truncated_gaussian_measurement_noise,700,800,0,,,32.0,3.2,0.38,0.62,0.0,0.2617740733832249,0.6169725594708422,0.3380479042678367,0.7332073157589433
7,50,0.98,0.5,0.95,0.5,13,4,coordinated_turn_model_mismatch,900,1000,1,46.0,4.6000000000000005,60.0,6.0,0.16,0.3,0.54,0.6767879917532507,0.999999969131432,2.564545706404282,3.5302540935979745
7,50,0.98,0.5,0.95,0.5,13,5,process_noise_x_increased,1100,1300,0,,,13.0,1.3,0.29,0.71,0.0,0.17778205804081373,0.49563794442889736,1.2062247938569741,2.340814602887999
7,50,0.99,0.5,0.95,0.5,13,0,measurement_outliers,100,200,0,,,3.0,0.30000000000000004,0.79,0.21,0.0,0.028403163911599298,0.09234638351795779,1.0665637401327097,2.5259000025232052
7,50,0.99,0.5,0.95,0.5,13,1,measurement_noise_x_increased,300,400,0,,,13.0,1.3,0.76,0.24,0.0,0.030241065529999837,0.10345180768284995,0.857351566447929,1.8874230636793052
7,50,0.99,0.5,0.95,0.5,13,2,measurement_noise_xy_decreased,500,600,0,,,55.0,5.5,0.35,0.65,0.0,0.39305799693076565,0.8120745332028079,0.286470126956539,0.8692729030104169
7,50,0.99,0.5,0.95,0.5,13,3,truncated_gaussian_measurement_noise,700,800,0,,,32.0,3.2,0.38,0.62,0.0,0.24742873293546125,0.5791493438447023,0.3380479042678367,0.7332073157589433
7,50,0.99,0.5,0.95,0.5,13,4,coordinated_turn_model_mismatch,900,1000,1,46.0,4.6000000000000005,63.0,6.300000000000001,0.22,0.24,0.54,0.6666298425547967,0.9999999745090469,2.564545706404282,3.5302540935979745
7,50,0.99,0.5,0.95,0.5,13,5,process_noise_x_increased,1100,1300,0,,,14.0,1.4000000000000001,0.385,0.615,0.0,0.15111139359885914,0.448501639433582,1.2062247938569741,2.340814602887999
7,50,0.995,0.5,0.95,0.5,13,0,measurement_outliers,100,200,0,,,6.0,0.6000000000000001,0.71,0.29,0.0,0.03130210955981722,0.10029968765055808,1.0665637401327097,2.5259000025232052
7,50,0.995,0.5,0.95,0.5,13,1,measurement_noise_x_increased,300,400,0,,,0.0,0.0,0.8,0.2,0.0,0.0246603650875284,0.09179647973867501,0.857351566447929,1.8874230636793052
7,50,0.995,0.5,0.95,0.5,13,2,measurement_noise_xy_decreased,500,600,0,,,60.0,6.0,0.27,0.73,0.0,0.40091690748473346,0.7752597851472474,0.286470126956539,0.8692729030104169
7,50,0.995,0.5,0.95,0.5,13,3,truncated_gaussian_measurement_noise,700,800,0,,,29.0,2.9000000000000004,0.38,0.62,0.0,0.22635691501149183,0.5252734640545016,0.3380479042678367,0.7332073157589433
7,50,0.995,0.5,0.95,0.5,13,4,coordinated_turn_model_mismatch,900,1000,1,46.0,4.6000000000000005,59.0,5.9,0.21,0.25,0.54,0.6711015892539376,0.999999987266536,2.564545706404282,3.5302540935979745
7,50,0.995,0.5,0.95,0.5,13,5,process_noise_x_increased,1100,1300,0,,,12.0,1.2000000000000002,0.435,0.565,0.0,0.1320213182439551,0.39276381710977076,1.2062247938569741,2.340814602887999
7,70,0.95,0.5,0.95,0.5,13,0,measurement_outliers,100,200,0,,,3.0,0.30000000000000004,0.72,0.28,0.0,0.029126431614207218,0.10353543520497852,1.0665637401327097,2.5259000025232052
7,70,0.95,0.5,0.95,0.5,13,1,measurement_noise_x_increased,300,400,0,,,1.0,0.1,0.69,0.31,0.0,0.029305233372652898,0.10612743280274392,0.857351566447929,1.8874230636793052
7,70,0.95,0.5,0.95,0.5,13,2,measurement_noise_xy_decreased,500,600,0,,,53.0,5.300000000000001,0.4,0.6,0.0,0.33651001212849285,0.8268356655566105,0.286470126956539,0.8692729030104169
7,70,0.95,0.5,0.95,0.5,13,3,truncated_gaussian_measurement_noise,700,800,0,,,32.0,3.2,0.57,0.43,0.0,0.18164660436685906,0.6561053922286428,0.3380479042678367,0.7332073157589433
7,70,0.95,0.5,0.95,0.5,13,4,coordinated_turn_model_mismatch,900,1000,1,51.0,5.1000000000000005,69.0,6.9,0.23,0.28,0.49,0.5959531280231519,0.9999999957805821,2.564545706404282,3.5302540935979745
7,70,0.95,0.5,0.95,0.5,13,5,process_noise_x_increased,1100,1300,0,,,15.0,1.5,0.37,0.63,0.0,0.11291108124458905,0.38139603765413577,1.2062247938569741,2.340814602887999
7,70,0.98,0.5,0.95,0.5,13,0,measurement_outliers,100,200,0,,,0.0,0.0,0.92,0.08,0.0,0.01682961402302079,0.0730182294171919,1.0665637401327097,2.5259000025232052
7,70,0.98,0.5,0.95,0.5,13,1,measurement_noise_x_increased,300,400,0,,,0.0,0.0,0.95,0.05,0.0,0.017119783477047432,0.06023549417455455,0.857351566447929,1.8874230636793052
7,70,0.98,0.5,0.95,0.5,13,2,measurement_noise_xy_decreased,500,600,0,,,53.0,5.300000000000001,0.4,0.6,0.0,0.3207960903616208,0.8025848549909504,0.286470126956539,0.8692729030104169
7,70,0.98,0.5,0.95,0.5,13,3,truncated_gaussian_measurement_noise,700,800,0,,,34.0,3.4000000000000004,0.57,0.43,0.0,0.17065300767898806,0.681056782757137,0.3380479042678367,0.7332073157589433
7,70,0.98,0.5,0.95,0.5,13,4,coordinated_turn_model_mismatch,900,1000,1,55.0,5.5,70.0,7.0,0.27,0.28,0.45,0.5832606154593049,0.9999999978185138,2.564545706404282,3.5302540935979745
7,70,0.98,0.5,0.95,0.5,13,5,process_noise_x_increased,1100,1300,0,,,15.0,1.5,0.37,0.63,0.0,0.10109563070180135,0.34821814698026426,1.2062247938569741,2.340814602887999
7,70,0.99,0.5,0.95,0.5,13,0,measurement_outliers,100,200,0,,,0.0,0.0,1.0,0.0,0.0,0.009414526092597571,0.046380008066982656,1.0665637401327097,2.5259000025232052
7,70,0.99,0.5,0.95,0.5,13,1,measurement_noise_x_increased,300,400,0,,,0.0,0.0,1.0,0.0,0.0,0.010383166118639313,0.03598134866248561,0.857351566447929,1.8874230636793052
7,70,0.99,0.5,0.95,0.5,13,2,measurement_noise_xy_decreased,500,600,0,,,55.0,5.5,0.4,0.6,0.0,0.2940605593909939,0.7596048767302985,0.286470126956539,0.8692729030104169
7,70,0.99,0.5,0.95,0.5,13,3,truncated_gaussian_measurement_noise,700,800,0,,,34.0,3.4000000000000004,0.57,0.43,0.0,0.1674412029960327,0.6853861612787193,0.3380479042678367,0.7332073157589433
7,70,0.99,0.5,0.95,0.5,13,4,coordinated_turn_model_mismatch,900,1000,1,56.0,5.6000000000000005,69.0,6.9,0.31,0.25,0.44,0.5737285524244148,0.9999999979840712,2.564545706404282,3.5302540935979745
7,70,0.99,0.5,0.95,0.5,13,5,process_noise_x_increased,1100,1300,0,,,15.0,1.5,0.41,0.59,0.0,0.08397740630950308,0.29084362419336895,1.2062247938569741,2.340814602887999
7,70,0.995,0.5,0.95,0.5,13,0,measurement_outliers,100,200,0,,,0.0,0.0,1.0,0.0,0.0,0.00885764034241854,0.03740978129236639,1.0665637401327097,2.5259000025232052
7,70,0.995,0.5,0.95,0.5,13,1,measurement_noise_x_increased,300,400,0,,,0.0,0.0,1.0,0.0,0.0,0.005155640097963653,0.0176709332590453,0.857351566447929,1.8874230636793052
7,70,0.995,0.5,0.95,0.5,13,2,measurement_noise_xy_decreased,500,600,0,,,60.0,6.0,0.41,0.59,0.0,0.3006769475773098,0.7762742479327941,0.286470126956539,0.8692729030104169
7,70,0.995,0.5,0.95,0.5,13,3,truncated_gaussian_measurement_noise,700,800,0,,,34.0,3.4000000000000004,0.56,0.44,0.0,0.1664116945787847,0.5995425884049729,0.3380479042678367,0.7332073157589433
7,70,0.995,0.5,0.95,0.5,13,4,coordinated_turn_model_mismatch,900,1000,1,55.0,5.5,69.0,6.9,0.3,0.25,0.45,0.569520773980155,0.999999993905932,2.564545706404282,3.5302540935979745
7,70,0.995,0.5,0.95,0.5,13,5,process_noise_x_increased,1100,1300,0,,,15.0,1.5,0.53,0.47,0.0,0.07306689820805032,0.2798256161815144,1.2062247938569741,2.340814602887999
10,50,0.95,0.5,0.95,0.5,13,0,measurement_outliers,100,200,0,,,40.0,4.0,0.27,0.73,0.0,0.12610178643521197,0.2634586931104859,1.0665637401327097,2.5259000025232052
10,50,0.95,0.5,0.95,0.5,13,1,measurement_noise_x_increased,300,400,0,,,53.0,5.300000000000001,0.2,0.8,0.0,0.15566887821272007,0.2903680404383483,0.857351566447929,1.8874230636793052
10,50,0.95,0.5,0.95,0.5,13,2,measurement_noise_xy_decreased,500,600,0,,,53.0,5.300000000000001,0.18,0.82,0.0,0.4056186854815715,0.7578681866848901,0.286470126956539,0.8692729030104169
10,50,0.95,0.5,0.95,0.5,13,3,truncated_gaussian_measurement_noise,700,800,0,,,39.0,3.9000000000000004,0.34,0.66,0.0,0.23457874898472664,0.5094964800030719,0.3380479042678367,0.7332073157589433
10,50,0.95,0.5,0.95,0.5,13,4,coordinated_turn_model_mismatch,900,1000,1,54.0,5.4,64.0,6.4,0.12,0.42,0.46,0.6468614553956741,0.999959410645784,2.564545706404282,3.5302540935979745
10,50,0.95,0.5,0.95,0.5,13,5,process_noise_x_increased,1100,1300,0,,,48.0,4.800000000000001,0.27,0.73,0.0,0.21655804617912675,0.4788912589183605,1.2062247938569741,2.340814602887999
10,50,0.98,0.5,0.95,0.5,13,0,measurement_outliers,100,200,0,,,38.0,3.8000000000000003,0.4,0.6,0.0,0.08554280061635675,0.20692083188366572,1.0665637401327097,2.5259000025232052
10,50,0.98,0.5,0.95,0.5,13,1,measurement_noise_x_increased,300,400,0,,,44.0,4.4,0.33,0.67,0.0,0.10867094535951835,0.2338330461825829,0.857351566447929,1.8874230636793052
10,50,0.98,0.5,0.95,0.5,13,2,measurement_noise_xy_decreased,500,600,0,,,55.0,5.5,0.3,0.7,0.0,0.3346017335043792,0.725035251885557,0.286470126956539,0.8692729030104169
10,50,0.98,0.5,0.95,0.5,13,3,truncated_gaussian_measurement_noise,700,800,0,,,34.0,3.4000000000000004,0.42,0.58,0.0,0.17273869933173877,0.45038089395545855,0.3380479042678367,0.7332073157589433
10,50,0.98,0.5,0.95,0.5,13,4,coordinated_turn_model_mismatch,900,1000,1,59.0,5.9,66.0,6.6000000000000005,0.17,0.42,0.41,0.5985600519185972,0.9999086309852357,2.564545706404282,3.5302540935979745
10,50,0.98,0.5,0.95,0.5,13,5,process_noise_x_increased,1100,1300,0,,,45.0,4.5,0.31,0.69,0.0,0.16776982603702836,0.37319389992238344,1.2062247938569741,2.340814602887999
10,50,0.99,0.5,0.95,0.5,13,0,measurement_outliers,100,200,0,,,35.0,3.5,0.6,0.4,0.0,0.05154870228941766,0.14541535815958676,1.0665637401327097,2.5259000025232052
10,50,0.99,0.5,0.95,0.5,13,1,measurement_noise_x_increased,300,400,0,,,38.0,3.8000000000000003,0.46,0.54,0.0,0.0685639816409927,0.1693773694749923,0.857351566447929,1.8874230636793052
10,50,0.99,0.5,0.95,0.5,13,2,measurement_noise_xy_decreased,500,600,0,,,57.0,5.7,0.35,0.65,0.0,0.2547661942405992,0.6567497164485958,0.286470126956539,0.8692729030104169
10,50,0.99,0.5,0.95,0.5,13,3,truncated_gaussian_measurement_noise,700,800,0,,,34.0,3.4000000000000004,0.53,0.47,0.0,0.11557388100679127,0.36903418507477487,0.3380479042678367,0.7332073157589433
10,50,0.99,0.5,0.95,0.5,13,4,coordinated_turn_model_mismatch,900,1000,1,66.0,6.6000000000000005,70.0,7.0,0.24,0.42,0.34,0.5413452228271352,0.9996358322841343,2.564545706404282,3.5302540935979745
10,50,0.99,0.5,0.95,0.5,13,5,process_noise_x_increased,1100,1300,0,,,44.0,4.4,0.355,0.645,0.0,0.12406027662391567,0.3054096157793562,1.2062247938569741,2.340814602887999
10,50,0.995,0.5,0.95,0.5,13,0,measurement_outliers,100,200,0,,,7.0,0.7000000000000001,0.85,0.15,0.0,0.02334723102128613,0.07739554336207945,1.0665637401327097,2.5259000025232052
10,50,0.995,0.5,0.95,0.5,13,1,measurement_noise_x_increased,300,400,0,,,21.0,2.1,0.75,0.25,0.0,0.033562716120869245,0.09801554224731712,0.857351566447929,1.8874230636793052
10,50,0.995,0.5,0.95,0.5,13,2,measurement_noise_xy_decreased,500,600,0,,,58.0,5.800000000000001,0.46,0.54,0.0,0.1563533587252783,0.5157876153208057,0.286470126956539,0.8692729030104169
10,50,0.995,0.5,0.95,0.5,13,3,truncated_gaussian_measurement_noise,700,800,0,,,29.0,2.9000000000000004,0.61,0.39,0.0,0.06399513507794322,0.2496726305278206,0.3380479042678367,0.7332073157589433
10,50,0.995,0.5,0.95,0.5,13,4,coordinated_turn_model_mismatch,900,1000,1,80.0,8.0,75.0,7.5,0.33,0.47,0.2,0.4573215580393802,0.9973764788787369,2.564545706404282,3.5302540935979745
10,50,0.995,0.5,0.95,0.5,13,5,process_noise_x_increased,1100,1300,0,,,40.0,4.0,0.435,0.565,0.0,0.08004158631684088,0.22703214770076238,1.2062247938569741,2.340814602887999
10,70,0.95,0.5,0.95,0.5,13,0,measurement_outliers,100,200,0,,,38.0,3.8000000000000003,0.6,0.4,0.0,0.05855349669935722,0.1706309192940111,1.0665637401327097,2.5259000025232052
10,70,0.95,0.5,0.95,0.5,13,1,measurement_noise_x_increased,300,400,0,,,39.0,3.9000000000000004,0.47,0.53,0.0,0.08015670032402314,0.22358731453269037,0.857351566447929,1.8874230636793052
10,70,0.95,0.5,0.95,0.5,13,2,measurement_noise_xy_decreased,500,600,0,,,58.0,5.800000000000001,0.38,0.62,0.0,0.27981022291759194,0.7147277362959047,0.286470126956539,0.8692729030104169
10,70,0.95,0.5,0.95,0.5,13,3,truncated_gaussian_measurement_noise,700,800,0,,,36.0,3.6,0.56,0.44,0.0,0.14092215010063341,0.4844892528292874,0.3380479042678367,0.7332073157589433
10,70,0.95,0.5,0.95,0.5,13,4,coordinated_turn_model_mismatch,900,1000,1,66.0,6.6000000000000005,72.0,7.2,0.23,0.43,0.34,0.5435320582931096,0.9999502114878128,2.564545706404282,3.5302540935979745
10,70,0.95,0.5,0.95,0.5,13,5,process_noise_x_increased,1100,1300,0,,,44.0,4.4,0.355,0.645,0.0,0.12782523513391486,0.29166691828508157,1.2062247938569741,2.340814602887999
10,70,0.98,0.5,0.95,0.5,13,0,measurement_outliers,100,200,0,,,35.0,3.5,0.63,0.37,0.0,0.037044110060238514,0.12469358167139367,1.0665637401327097,2.5259000025232052
10,70,0.98,0.5,0.95,0.5,13,1,measurement_noise_x_increased,300,400,0,,,35.0,3.5,0.62,0.38,0.0,0.052314952972645934,0.16106003959075815,0.857351566447929,1.8874230636793052
10,70,0.98,0.5,0.95,0.5,13,2,measurement_noise_xy_decreased,500,600,0,,,60.0,6.0,0.43,0.57,0.0,0.2174780491001858,0.6578654094807225,0.286470126956539,0.8692729030104169
10,70,0.98,0.5,0.95,0.5,13,3,truncated_gaussian_measurement_noise,700,800,0,,,36.0,3.6,0.61,0.39,0.0,0.09417185143986054,0.3886745751790453,0.3380479042678367,0.7332073157589433
10,70,0.98,0.5,0.95,0.5,13,4,coordinated_turn_model_mismatch,900,1000,1,72.0,7.2,76.0,7.6000000000000005,0.3,0.42,0.28,0.4950089547104261,0.9997648457243236,2.564545706404282,3.5302540935979745
10,70,0.98,0.5,0.95,0.5,13,5,process_noise_x_increased,1100,1300,0,,,42.0,4.2,0.385,0.615,0.0,0.10107225043452832,0.25573899069975087,1.2062247938569741,2.340814602887999
10,70,0.99,0.5,0.95,0.5,13,0,measurement_outliers,100,200,0,,,6.0,0.6000000000000001,0.85,0.15,0.0,0.020587187340797553,0.07772321686252134,1.0665637401327097,2.5259000025232052
10,70,0.99,0.5,0.95,0.5,13,1,measurement_noise_x_increased,300,400,0,,,22.0,2.2,0.76,0.24,0.0,0.030744530303737028,0.10434997373318101,0.857351566447929,1.8874230636793052
10,70,0.99,0.5,0.95,0.5,13,2,measurement_noise_xy_decreased,500,600,0,,,61.0,6.1000000000000005,0.49,0.51,0.0,0.15356406643381817,0.5583509058426249,0.286470126956539,0.8692729030104169
10,70,0.99,0.5,0.95,0.5,13,3,truncated_gaussian_measurement_noise,700,800,0,,,34.0,3.4000000000000004,0.66,0.34,0.0,0.057563059290473416,0.2793166480885871,0.3380479042678367,0.7332073157589433
10,70,0.99,0.5,0.95,0.5,13,4,coordinated_turn_model_mismatch,900,1000,1,80.0,8.0,82.0,8.200000000000001,0.35,0.45,0.2,0.43799736886082663,0.9987457581470442,2.564545706404282,3.5302540935979745
10,70,0.99,0.5,0.95,0.5,13,5,process_noise_x_increased,1100,1300,0,,,35.0,3.5,0.44,0.56,0.0,0.07495685482922068,0.20015541355077304,1.2062247938569741,2.340814602887999
10,70,0.995,0.5,0.95,0.5,13,0,measurement_outliers,100,200,0,,,0.0,0.0,1.0,0.0,0.0,0.008498308575984522,0.03568269418908912,1.0665637401327097,2.5259000025232052
10,70,0.995,0.5,0.95,0.5,13,1,measurement_noise_x_increased,300,400,0,,,13.0,1.3,0.96,0.04,0.0,0.013844454204985155,0.05315416966732215,0.857351566447929,1.8874230636793052
10,70,0.995,0.5,0.95,0.5,13,2,measurement_noise_xy_decreased,500,600,0,,,61.0,6.1000000000000005,0.59,0.41,0.0,0.08382557518371626,0.3901442178540231,0.286470126956539,0.8692729030104169
10,70,0.995,0.5,0.95,0.5,13,3,truncated_gaussian_measurement_noise,700,800,0,,,23.0,2.3000000000000003,0.75,0.25,0.0,0.02917054625425852,0.16298795417941733,0.3380479042678367,0.7332073157589433
10,70,0.995,0.5,0.95,0.5,13,4,coordinated_turn_model_mismatch,900,1000,1,90.0,9.0,84.0,8.4,0.42,0.48,0.1,0.35530035562170803,0.9911264956000428,2.564545706404282,3.5302540935979745
10,70,0.995,0.5,0.95,0.5,13,5,process_noise_x_increased,1100,1300,0,,,28.0,2.8000000000000003,0.59,0.41,0.0,0.04755849462934217,0.14639431555211543,1.2062247938569741,2.340814602887999
5,25,0.95,0.5,0.95,0.5,14,0,measurement_outliers,100,200,0,,,0.0,0.0,0.27,0.73,0.0,0.17205950099194187,0.531549593076705,1.066706757325494,2.6689161969833246
5,25,0.95,0.5,0.95,0.5,14,1,measurement_noise_x_increased,300,400,0,,,21.0,2.1,0.09,0.91,0.0,0.30237153861793403,0.5696584441903023,0.7523765503252389,1.8357128963027234
5,25,0.95,0.5,0.95,0.5,14,2,measurement_noise_xy_decreased,500,600,0,,,23.0,2.3000000000000003,0.11,0.89,0.0,0.5730991902279314,0.8941068334730429,0.32536435589503243,0.7042073990634831
5,25,0.95,0.5,0.95,0.5,14,3,truncated_gaussian_measurement_noise,700,800,0,,,22.0,2.2,0.16,0.84,0.0,0.3494524155223304,0.6462829665660786,0.5209702314586332,0.9680467012672946
5,25,0.95,0.5,0.95,0.5,14,4,coordinated_turn_model_mismatch,900,1000,1,35.0,3.5,43.0,4.3,0.18,0.17,0.65,0.7449260824636091,0.9999982125124662,2.2933436845842574,3.7232813226957977
5,25,0.95,0.5,0.95,0.5,14,5,process_noise_x_increased,1100,1300,0,,,30.0,3.0,0.39,0.61,0.0,0.209528439170549,0.8059534573375808,1.0796826512035829,2.812949852323418
5,25,0.98,0.5,0.95,0.5,14,0,measurement_outliers,100,200,0,,,0.0,0.0,0.36,0.64,0.0,0.12066026646490088,0.3989807239167959,1.066706757325494,2.6689161969833246
5,25,0.98,0.5,0.95,0.5,14,1,measurement_noise_x_increased,300,400,0,,,18.0,1.8,0.12,0.88,0.0,0.23904517915775814,0.4776659380959496,0.7523765503252389,1.8357128963027234
5,25,0.98,0.5,0.95,0.5,14,2,measurement_noise_xy_decreased,500,600,0,,,21.0,2.1,0.14,0.86,0.0,0.5110823253977188,0.8668600879784791,0.32536435589503243,0.7042073990634831
5,25,0.98,0.5,0.95,0.5,14,3,truncated_gaussian_measurement_noise,700,800,0,,,22.0,2.2,0.26,0.74,0.0,0.26980837016210996,0.5782822956697588,0.5209702314586332,0.9680467012672946
5,25,0.98,0.5,0.95,0.5,14,4,coordinated_turn_model_mismatch,900,1000,1,33.0,3.3000000000000003,50.0,5.0,0.2,0.13,0.67,0.7343629195342437,0.99999925865165,2.2933436845842574,3.7232813226957977
5,25,0.98,0.5,0.95,0.5,14,5,process_noise_x_increased,1100,1300,0,,,30.0,3.0,0.645,0.355,0.0,0.1711264366027806,0.811775567416555,1.0796826512035829,2.812949852323418
5,25,0.99,0.5,0.95,0.5,14,0,measurement_outliers,100,200,0,,,0.0,0.0,0.52,0.48,0.0,0.1050232668065988,0.47223879997260665,1.066706757325494,2.6689161969833246
5,25,0.99,0.5,0.95,0.5,14,1,measurement_noise_x_increased,300,400,0,,,18.0,1.8,0.14,0.86,0.0,0.17838571603239997,0.40838848428017066,0.7523765503252389,1.8357128963027234
5,25,0.99,0.5,0.95,0.5,14,2,measurement_noise_xy_decreased,500,600,0,,,21.0,2.1,0.17,0.83,0.0,0.45413550304044875,0.8099583935472388,0.32536435589503243,0.7042073990634831
5,25,0.99,0.5,0.95,0.5,14,3,truncated_gaussian_measurement_noise,700,800,0,,,18.0,1.8,0.34,0.66,0.0,0.19169160977589514,0.5097172884616895,0.5209702314586332,0.9680467012672946
5,25,0.99,0.5,0.95,0.5,14,4,coordinated_turn_model_mismatch,900,1000,1,31.0,3.1,45.0,4.5,0.23,0.08,0.69,0.7247535532918659,0.9999999008215832,2.2933436845842574,3.7232813226957977
5,25,0.99,0.5,0.95,0.5,14,5,process_noise_x_increased,1100,1300,0,,,23.0,2.3000000000000003,0.67,0.33,0.0,0.13693269797339677,0.8479917875780478,1.0796826512035829,2.812949852323418
5,25,0.995,0.5,0.95,0.5,14,0,measurement_outliers,100,200,0,,,0.0,0.0,0.63,0.37,0.0,0.06795518134144517,0.27981713404923897,1.066706757325494,2.6689161969833246
5,25,0.995,0.5,0.95,0.5,14,1,measurement_noise_x_increased,300,400,0,,,15.0,1.5,0.48,0.52,0.0,0.1099185709759894,0.31892269814325086,0.7523765503252389,1.8357128963027234
5,25,0.995,0.5,0.95,0.5,14,2,measurement_noise_xy_decreased,500,600,0,,,26.0,2.6,0.25,0.75,0.0,0.570823968191505,0.9484094827544843,0.32536435589503243,0.7042073990634831
5,25,0.995,0.5,0.95,0.5,14,3,truncated_gaussian_measurement_noise,700,800,0,,,29.0,2.9000000000000004,0.34,0.66,0.0,0.2584953565241548,0.6441142585338469,0.5209702314586332,0.9680467012672946
5,25,0.995,0.5,0.95,0.5,14,4,coordinated_turn_model_mismatch,900,1000,1,29.0,2.9000000000000004,49.0,4.9,0.24,0.05,0.71,0.7234472584057628,0.9999999861979082,2.2933436845842574,3.7232813226957977
5,25,0.995,0.5,0.95,0.5,14,5,process_noise_x_increased,1100,1300,0,,,22.0,2.2,0.66,0.34,0.0,0.17527376717969653,0.8763444740641365,1.0796826512035829,2.812949852323418
5,35,0.95,0.5,0.95,0.5,14,0,measurement_outliers,100,200,0,,,0.0,0.0,0.4,0.6,0.0,0.11356393139058707,0.37382786434270937,1.066706757325494,2.6689161969833246
5,35,0.95,0.5,0.95,0.5,14,1,measurement_noise_x_increased,300,400,0,,,18.0,1.8,0.14,0.86,0.0,0.22606575591569597,0.5158652403464107,0.7523765503252389,1.8357128963027234
5,35,0.95,0.5,0.95,0.5,14,2,measurement_noise_xy_decreased,500,600,0,,,22.0,2.2,0.17,0.83,0.0,0.5094732017788812,0.8516055046170419,0.32536435589503243,0.7042073990634831
5,35,0.95,0.5,0.95,0.5,14,3,truncated_gaussian_measurement_noise,700,800,0,,,23.0,2.3000000000000003,0.32,0.68,0.0,0.2606664296966289,0.6012313168863506,0.5209702314586332,0.9680467012672946
5,35,0.95,0.5,0.95,0.5,14,4,coordinated_turn_model_mismatch,900,1000,1,40.0,4.0,47.0,4.7,0.2,0.2,0.6,0.6945024276154012,0.9999983720311489,2.2933436845842574,3.7232813226957977
5,35,0.95,0.5,0.95,0.5,14,5,process_noise_x_increased,1100,1300,0,,,27.0,2.7,0.665,0.335,0.0,0.15475712979169928,0.7871857476263107,1.0796826512035829,2.812949852323418
5,35,0.98,0.5,0.95,0.5,14,0,measurement_outliers,100,200,0,,,0.0,0.0,0.51,0.49,0.0,0.07772125735196501,0.2725780259490503,1.066706757325494,2.6689161969833246
5,35,0.98,0.5,0.95,0.5,14,1,measurement_noise_x_increased,300,400,0,,,18.0,1.8,0.17,0.83,0.0,0.18015147927221764,0.4389481857422764,0.7523765503252389,1.8357128963027234
5,35,0.98,0.5,0.95,0.5,14,2,measurement_noise_xy_decreased,500,600,0,,,21.0,2.1,0.19,0.81,0.0,0.4549334183210619,0.8261455891456176,0.32536435589503243,0.7042073990634831
5,35,0.98,0.5,0.95,0.5,14,3,truncated_gaussian_measurement_noise,700,800,0,,,22.0,2.2,0.36,0.64,0.0,0.19612940961691408,0.48747731129668775,0.5209702314586332,0.9680467012672946
5,35,0.98,0.5,0.95,0.5,14,4,coordinated_turn_model_mismatch,900,1000,1,40.0,4.0,49.0,4.9,0.23,0.17,0.6,0.6708958709137706,0.9999997255554615,2.2933436845842574,3.7232813226957977
5,35,0.98,0.5,0.95,0.5,14,5,process_noise_x_increased,1100,1300,0,,,30.0,3.0,0.685,0.315,0.0,0.12677964849409315,0.644084061879494,1.0796826512035829,2.812949852323418
5,35,0.99,0.5,0.95,0.5,14,0,measurement_outliers,100,200,0,,,0.0,0.0,0.6,0.4,0.0,0.0605199833663568,0.26925949642635044,1.066706757325494,2.6689161969833246
5,35,0.99,0.5,0.95,0.5,14,1,measurement_noise_x_increased,300,400,0,,,16.0,1.6,0.38,0.62,0.0,0.133298435378644,0.3534370733816789,0.7523765503252389,1.8357128963027234
5,35,0.99,0.5,0.95,0.5,14,2,measurement_noise_xy_decreased,500,600,0,,,21.0,2.1,0.24,0.76,0.0,0.39247802068090043,0.7666768481788261,0.32536435589503243,0.7042073990634831
5,35,0.99,0.5,0.95,0.5,14,3,truncated_gaussian_measurement_noise,700,800,0,,,23.0,2.3000000000000003,0.43,0.57,0.0,0.1602098383516164,0.5528039416568828,0.5209702314586332,0.9680467012672946
5,35,0.99,0.5,0.95,0.5,14,4,coordinated_turn_model_mismatch,900,1000,1,39.0,3.9000000000000004,49.0,4.9,0.26,0.13,0.61,0.6632138849102249,0.9999999786399371,2.2933436845842574,3.7232813226957977
5,35,0.99,0.5,0.95,0.5,14,5,process_noise_x_increased,1100,1300,0,,,30.0,3.0,0.67,0.33,0.0,0.13775883268192526,0.775798050622816,1.0796826512035829,2.812949852323418
5,35,0.995,0.5,0.95,0.5,14,0,measurement_outliers,100,200,0,,,0.0,0.0,0.66,0.34,0.0,0.04655354416534831,0.19709108849519003,1.066706757325494,2.6689161969833246
5,35,0.995,0.5,0.95,0.5,14,1,measurement_noise_x_increased,300,400,0,,,15.0,1.5,0.55,0.45,0.0,0.07957092724343043,0.2728980088974839,0.7523765503252389,1.8357128963027234
5,35,0.995,0.5,0.95,0.5,14,2,measurement_noise_xy_decreased,500,600,0,,,16.0,1.6,0.25,0.75,0.0,0.4871154414737997,0.9018347290012123,0.32536435589503243,0.7042073990634831
5,35,0.995,0.5,0.95,0.5,14,3,truncated_gaussian_measurement_noise,700,800,0,,,23.0,2.3000000000000003,0.34,0.66,0.0,0.1604772456625667,0.537091001437121,0.5209702314586332,0.9680467012672946
5,35,0.995,0.5,0.95,0.5,14,4,coordinated_turn_model_mismatch,900,1000,1,37.0,3.7,46.0,4.6000000000000005,0.29,0.08,0.63,0.6791371038328385,0.9999999723809917,2.2933436845842574,3.7232813226957977
5,35,0.995,0.5,0.95,0.5,14,5,process_noise_x_increased,1100,1300,0,,,23.0,2.3000000000000003,0.69,0.31,0.0,0.14492550371854626,0.7894323001928342,1.0796826512035829,2.812949852323418
5,50,0.95,0.5,0.95,0.5,14,0,measurement_outliers,100,200,0,,,0.0,0.0,0.57,0.43,0.0,0.05247236255690831,0.17238519166957902,1.066706757325494,2.6689161969833246
5,50,0.95,0.5,0.95,0.5,14,1,measurement_noise_x_increased,300,400,0,,,18.0,1.8,0.43,0.57,0.0,0.14920122658119425,0.4583021709854057,0.7523765503252389,1.8357128963027234
5,50,0.95,0.5,0.95,0.5,14,2,measurement_noise_xy_decreased,500,600,0,,,24.0,2.4000000000000004,0.26,0.74,0.0,0.41796178016724944,0.8768100042176422,0.32536435589503243,0.7042073990634831
5,50,0.95,0.5,0.95,0.5,14,3,truncated_gaussian_measurement_noise,700,800,0,,,22.0,2.2,0.47,0.53,0.0,0.16414437301733206,0.4530637497576658,0.5209702314586332,0.9680467012672946
5,50,0.95,0.5,0.95,0.5,14,4,coordinated_turn_model_mismatch,900,1000,1,53.0,5.300000000000001,53.0,5.300000000000001,0.27,0.26,0.47,0.6166806863554928,0.9999970053828497,2.2933436845842574,3.7232813226957977
5,50,0.95,0.5,0.95,0.5,14,5,process_noise_x_increased,1100,1300,0,,,34.0,3.4000000000000004,0.745,0.255,0.0,0.10200599218637382,0.599956241546465,1.0796826512035829,2.812949852323418
5,50,0.98,0.5,0.95,0.5,14,0,measurement_outliers,100,200,0,,,0.0,0.0,0.64,0.36,0.0,0.034183218680237853,0.1099881549907404,1.066706757325494,2.6689161969833246
5,50,0.98,0.5,0.95,0.5,14,1,measurement_noise_x_increased,300,400,0,,,18.0,1.8,0.47,0.53,0.0,0.11405496521109404,0.39517331811662526,0.7523765503252389,1.8357128963027234
5,50,0.98,0.5,0.95,0.5,14,2,measurement_noise_xy_decreased,500,600,0,,,24.0,2.4000000000000004,0.29,0.71,0.0,0.371341916465599,0.8070921776346628,0.32536435589503243,0.7042073990634831
5,50,0.98,0.5,0.95,0.5,14,3,truncated_gaussian_measurement_noise,700,800,0,,,17.0,1.7000000000000002,0.51,0.49,0.0,0.12075093965168496,0.39085277272641616,0.5209702314586332,0.9680467012672946
5,50,0.98,0.5,0.95,0.5,14,4,coordinated_turn_model_mismatch,900,1000,1,53.0,5.300000000000001,53.0,5.300000000000001,0.29,0.24,0.47,0.5861162933513124,0.9999994148617669,2.2933436845842574,3.7232813226957977
5,50,0.98,0.5,0.95,0.5,14,5,process_noise_x_increased,1100,1300,0,,,33.0,3.3000000000000003,0.74,0.26,0.0,0.0864397458268564,0.5445456754813114,1.0796826512035829,2.812949852323418
5,50,0.99,0.5,0.95,0.5,14,0,measurement_outliers,100,200,0,,,0.0,0.0,0.9,0.1,0.0,0.020789217459038212,0.06836225266608578,1.066706757325494,2.6689161969833246
5,50,0.99,0.5,0.95,0.5,14,1,measurement_noise_x_increased,300,400,0,,,16.0,1.6,0.52,0.48,0.0,0.08009017994887822,0.32226488041324775,0.7523765503252389,1.8357128963027234
5,50,0.99,0.5,0.95,0.5,14,2,measurement_noise_xy_decreased,500,600,0,,,25.0,2.5,0.37,0.63,0.0,0.3156221244926812,0.7196677736035781,0.32536435589503243,0.7042073990634831
5,50,0.99,0.5,0.95,0.5,14,3,truncated_gaussian_measurement_noise,700,800,0,,,27.0,2.7,0.54,0.46,0.0,0.08020978995711514,0.33316607946400795,0.5209702314586332,0.9680467012672946
5,50,0.99,0.5,0.95,0.5,14,4,coordinated_turn_model_mismatch,900,1000,1,53.0,5.300000000000001,50.0,5.0,0.29,0.24,0.47,0.5917302971139557,0.9999998806217465,2.2933436845842574,3.7232813226957977
5,50,0.99,0.5,0.95,0.5,14,5,process_noise_x_increased,1100,1300,0,,,33.0,3.3000000000000003,0.745,0.255,0.0,0.06492503723035159,0.4510236794436921,1.0796826512035829,2.812949852323418
5,50,0.995,0.5,0.95,0.5,14,0,measurement_outliers,100,200,0,,,0.0,0.0,0.91,0.09,0.0,0.017468630638277263,0.07673541693155128,1.066706757325494,2.6689161969833246
5,50,0.995,0.5,0.95,0.5,14,1,measurement_noise_x_increased,300,400,0,,,15.0,1.5,0.63,0.37,0.0,0.04387496002378171,0.221778623044936,0.7523765503252389,1.8357128963027234
5,50,0.995,0.5,0.95,0.5,14,2,measurement_noise_xy_decreased,500,600,0,,,21.0,2.1,0.38,0.62,0.0,0.4299429371994734,0.8965493390359371,0.32536435589503243,0.7042073990634831
5,50,0.995,0.5,0.95,0.5,14,3,truncated_gaussian_measurement_noise,700,800,0,,,23.0,2.3000000000000003,0.52,0.48,0.0,0.09250895088191104,0.30115350745864794,0.5209702314586332,0.9680467012672946
5,50,0.995,0.5,0.95,0.5,14,4,coordinated_turn_model_mismatch,900,1000,1,50.0,5.0,51.0,5.1000000000000005,0.28,0.22,0.5,0.6074653602204326,0.9999999444519638,2.2933436845842574,3.7232813226957977
5,50,0.995,0.5,0.95,0.5,14,5,process_noise_x_increased,1100,1300,0,,,30.0,3.0,0.765,0.235,0.0,0.08080337458510468,0.5380353351495046,1.0796826512035829,2.812949852323418
5,70,0.95,0.5,0.95,0.5,14,0,measurement_outliers,100,200,0,,,0.0,0.0,1.0,0.0,0.0,0.014568016095297056,0.04327287190893978,1.066706757325494,2.6689161969833246
5,70,0.95,0.5,0.95,0.5,14,1,measurement_noise_x_increased,300,400,0,,,19.0,1.9000000000000001,0.57,0.43,0.0,0.07061761302092603,0.2432457925597759,0.7523765503252389,1.8357128963027234
5,70,0.95,0.5,0.95,0.5,14,2,measurement_noise_xy_decreased,500,600,0,,,26.0,2.6,0.41,0.59,0.0,0.3030423362392579,0.7803368964073205,0.32536435589503243,0.7042073990634831
5,70,0.95,0.5,0.95,0.5,14,3,truncated_gaussian_measurement_noise,700,800,0,,,16.0,1.6,0.66,0.34,0.0,0.08362544675092282,0.42902308864754907,0.5209702314586332,0.9680467012672946
5,70,0.95,0.5,0.95,0.5,14,4,coordinated_turn_model_mismatch,900,1000,1,69.0,6.9,64.0,6.4,0.36,0.33,0.31,0.49251984382901626,0.9999965679090791,2.2933436845842574,3.7232813226957977
5,70,0.95,0.5,0.95,0.5,14,5,process_noise_x_increased,1100,1300,0,,,26.0,2.6,0.79,0.21,0.0,0.04448569660983276,0.4274101405913517,1.0796826512035829,2.812949852323418
5,70,0.98,0.5,0.95,0.5,14,0,measurement_outliers,100,200,0,,,0.0,0.0,1.0,0.0,0.0,0.009090927750263636,0.025436325395512084,1.066706757325494,2.6689161969833246
5,70,0.98,0.5,0.95,0.5,14,1,measurement_noise_x_increased,300,400,0,,,18.0,1.8,0.61,0.39,0.0,0.05065710118566884,0.21213399560001014,0.7523765503252389,1.8357128963027234
5,70,0.98,0.5,0.95,0.5,14,2,measurement_noise_xy_decreased,500,600,0,,,27.0,2.7,0.46,0.54,0.0,0.2546204628160295,0.7297510322069569,0.32536435589503243,0.7042073990634831
5,70,0.98,0.5,0.95,0.5,14,3,truncated_gaussian_measurement_noise,700,800,0,,,16.0,1.6,0.74,0.26,0.0,0.05550109567683246,0.31987549092627215,0.5209702314586332,0.9680467012672946
5,70,0.98,0.5,0.95,0.5,14,4,coordinated_turn_model_mismatch,900,1000,1,69.0,6.9,66.0,6.6000000000000005,0.39,0.3,0.31,0.49197592681055624,0.9999976076882925,2.2933436845842574,3.7232813226957977
5,70,0.98,0.5,0.95,0.5,14,5,process_noise_x_increased,1100,1300,0,,,26.0,2.6,0.805,0.195,0.0,0.03317209412405992,0.3273333306296256,1.0796826512035829,2.812949852323418
5,70,0.99,0.5,0.95,0.5,14,0,measurement_outliers,100,200,0,,,0.0,0.0,1.0,0.0,0.0,0.005076280167460662,0.01423836016559433,1.066706757325494,2.6689161969833246
5,70,0.99,0.5,0.95,0.5,14,1,measurement_noise_x_increased,300,400,0,,,15.0,1.5,0.71,0.29,0.0,0.032498743534479,0.16796289554308116,0.7523765503252389,1.8357128963027234
5,70,0.99,0.5,0.95,0.5,14,2,measurement_noise_xy_decreased,500,600,0,,,27.0,2.7,0.52,0.48,0.0,0.23916487842521042,0.7185710454759198,0.32536435589503243,0.7042073990634831
5,70,0.99,0.5,0.95,0.5,14,3,truncated_gaussian_measurement_noise,700,800,0,,,15.0,1.5,0.8,0.2,0.0,0.03247697393450652,0.22849535593623413,0.5209702314586332,0.9680467012672946
5,70,0.99,0.5,0.95,0.5,14,4,coordinated_turn_model_mismatch,900,1000,1,68.0,6.800000000000001,66.0,6.6000000000000005,0.4,0.28,0.32,0.4940057341259066,0.9999974701208647,2.2933436845842574,3.7232813226957977
5,70,0.99,0.5,0.95,0.5,14,5,process_noise_x_increased,1100,1300,0,,,26.0,2.6,0.825,0.175,0.0,0.02997808388290878,0.39230079060361,1.0796826512035829,2.812949852323418
5,70,0.995,0.5,0.95,0.5,14,0,measurement_outliers,100,200,0,,,0.0,0.0,1.0,0.0,0.0,0.002127826210487829,0.0061886438775773595,1.066706757325494,2.6689161969833246
5,70,0.995,0.5,0.95,0.5,14,1,measurement_noise_x_increased,300,400,0,,,15.0,1.5,0.55,0.45,0.0,0.043216531070976366,0.1570560815132922,0.7523765503252389,1.8357128963027234
5,70,0.995,0.5,0.95,0.5,14,2,measurement_noise_xy_decreased,500,600,0,,,30.0,3.0,0.48,0.52,0.0,0.30053542512615666,0.8542290451265055,0.32536435589503243,0.7042073990634831
5,70,0.995,0.5,0.95,0.5,14,3,truncated_gaussian_measurement_noise,700,800,0,,,14.0,1.4000000000000001,0.8,0.2,0.0,0.030200010437678518,0.1937634443949222,0.5209702314586332,0.9680467012672946
5,70,0.995,0.5,0.95,0.5,14,4,coordinated_turn_model_mismatch,900,1000,1,65.0,6.5,63.0,6.300000000000001,0.38,0.27,0.35,0.5151699443004193,0.999997990052108,2.2933436845842574,3.7232813226957977
5,70,0.995,0.5,0.95,0.5,14,5,process_noise_x_increased,1100,1300,0,,,26.0,2.6,0.9,0.1,0.0,0.029939845855946147,0.36587324353763967,1.0796826512035829,2.812949852323418
7,35,0.95,0.5,0.95,0.5,14,0,measurement_outliers,100,200,0,,,0.0,0.0,0.11,0.89,0.0,0.1455504717412199,0.37215093719582787,1.066706757325494,2.6689161969833246
7,35,0.95,0.5,0.95,0.5,14,1,measurement_noise_x_increased,300,400,0,,,36.0,3.6,0.12,0.88,0.0,0.31805654639271347,0.62589804980875,0.7523765503252389,1.8357128963027234
7,35,0.95,0.5,0.95,0.5,14,2,measurement_noise_xy_decreased,500,600,0,,,30.0,3.0,0.12,0.88,0.0,0.5336996703659755,0.813503182718869,0.32536435589503243,0.7042073990634831
7,35,0.95,0.5,0.95,0.5,14,3,truncated_gaussian_measurement_noise,700,800,0,,,38.0,3.8000000000000003,0.11,0.89,0.0,0.33256236607469963,0.6544411856202116,0.5209702314586332,0.9680467012672946
7,35,0.95,0.5,0.95,0.5,14,4,coordinated_turn_model_mismatch,900,1000,1,40.0,4.0,51.0,5.1000000000000005,0.15,0.25,0.6,0.7194355321701719,0.9999748887225524,2.2933436845842574,3.7232813226957977
7,35,0.95,0.5,0.95,0.5,14,5,process_noise_x_increased,1100,1300,0,,,46.0,4.6000000000000005,0.29,0.71,0.0,0.2258921467711716,0.9055216485987055,1.0796826512035829,2.812949852323418
7,35,0.98,0.5,0.95,0.5,14,0,measurement_outliers,100,200,0,,,0.0,0.0,0.25,0.75,0.0,0.11497273829020412,0.3250977195089712,1.066706757325494,2.6689161969833246
7,35,0.98,0.5,0.95,0.5,14,1,measurement_noise_x_increased,300,400,0,,,36.0,3.6,0.21,0.79,0.0,0.2476520440673421,0.5625125006279179,0.7523765503252389,1.8357128963027234
7,35,0.98,0.5,0.95,0.5,14,2,measurement_noise_xy_decreased,500,600,0,,,30.0,3.0,0.15,0.85,0.0,0.5095085716025685,0.7998182257211641,0.32536435589503243,0.7042073990634831
7,35,0.98,0.5,0.95,0.5,14,3,truncated_gaussian_measurement_noise,700,800,0,,,34.0,3.4000000000000004,0.25,0.75,0.0,0.28952599365342147,0.6701453341924696,0.5209702314586332,0.9680467012672946
7,35,0.98,0.5,0.95,0.5,14,4,coordinated_turn_model_mismatch,900,1000,1,39.0,3.9000000000000004,51.0,5.1000000000000005,0.19,0.2,0.61,0.7009678261585539,0.9999842922708678,2.2933436845842574,3.7232813226957977
7,35,0.98,0.5,0.95,0.5,14,5,process_noise_x_increased,1100,1300,0,,,25.0,2.5,0.485,0.515,0.0,0.19588180628798899,0.81879620505997,1.0796826512035829,2.812949852323418
7,35,0.99,0.5,0.95,0.5,14,0,measurement_outliers,100,200,0,,,0.0,0.0,0.4,0.6,0.0,0.08957021348586962,0.27426088049147757,1.066706757325494,2.6689161969833246
7,35,0.99,0.5,0.95,0.5,14,1,measurement_noise_x_increased,300,400,0,,,36.0,3.6,0.34,0.66,0.0,0.1932946991006454,0.4809445500857546,0.7523765503252389,1.8357128963027234
7,35,0.99,0.5,0.95,0.5,14,2,measurement_noise_xy_decreased,500,600,0,,,30.0,3.0,0.19,0.81,0.0,0.45417830303367274,0.7409012431456901,0.32536435589503243,0.7042073990634831
7,35,0.99,0.5,0.95,0.5,14,3,truncated_gaussian_measurement_noise,700,800,0,,,34.0,3.4000000000000004,0.33,0.67,0.0,0.2680359553925834,0.651091503174395,0.5209702314586332,0.9680467012672946
7,35,0.99,0.5,0.95,0.5,14,4,coordinated_turn_model_mismatch,900,1000,1,40.0,4.0,51.0,5.1000000000000005,0.23,0.17,0.6,0.6871243995570194,0.9999812607225192,2.2933436845842574,3.7232813226957977
7,35,0.99,0.5,0.95,0.5,14,5,process_noise_x_increased,1100,1300,0,,,23.0,2.3000000000000003,0.575,0.425,0.0,0.18162856873336583,0.839252933102755,1.0796826512035829,2.812949852323418
7,35,0.995,0.5,0.95,0.5,14,0,measurement_outliers,100,200,0,,,0.0,0.0,0.68,0.32,0.0,0.045493575551159744,0.1636348341352899,1.066706757325494,2.6689161969833246
7,35,0.995,0.5,0.95,0.5,14,1,measurement_noise_x_increased,300,400,0,,,47.0,4.7,0.35,0.65,0.0,0.18161087921279104,0.42346388210108993,0.7523765503252389,1.8357128963027234
7,35,0.995,0.5,0.95,0.5,14,2,measurement_noise_xy_decreased,500,600,0,,,27.0,2.7,0.23,0.77,0.0,0.47125197340090447,0.7608434382325846,0.32536435589503243,0.7042073990634831
7,35,0.995,0.5,0.95,0.5,14,3,truncated_gaussian_measurement_noise,700,800,0,,,38.0,3.8000000000000003,0.33,0.67,0.0,0.24849405911886407,0.6156539139597682,0.5209702314586332,0.9680467012672946
7,35,0.995,0.5,0.95,0.5,14,4,coordinated_turn_model_mismatch,900,1000,1,42.0,4.2,51.0,5.1000000000000005,0.24,0.18,0.58,0.6897058457565376,0.9999943341289608,2.2933436845842574,3.7232813226957977
7,35,0.995,0.5,0.95,0.5,14,5,process_noise_x_increased,1100,1300,0,,,25.0,2.5,0.63,0.37,0.0,0.18020431766986378,0.8569976954010781,1.0796826512035829,2.812949852323418
7,50,0.95,0.5,0.95,0.5,14,0,measurement_outliers,100,200,0,,,0.0,0.0,0.48,0.52,0.0,0.07929241351389345,0.22563830587405173,1.066706757325494,2.6689161969833246
7,50,0.95,0.5,0.95,0.5,14,1,measurement_noise_x_increased,300,400,0,,,37.0,3.7,0.35,0.65,0.0,0.23247011741464108,0.5823487213864176,0.7523765503252389,1.8357128963027234
7,50,0.95,0.5,0.95,0.5,14,2,measurement_noise_xy_decreased,500,600,0,,,27.0,2.7,0.18,0.82,0.0,0.44048096172194084,0.7736879877608112,0.32536435589503243,0.7042073990634831
7,50,0.95,0.5,0.95,0.5,14,3,truncated_gaussian_measurement_noise,700,800,0,,,34.0,3.4000000000000004,0.34,0.66,0.0,0.21957084634742,0.5717106765641314,0.5209702314586332,0.9680467012672946
7,50,0.95,0.5,0.95,0.5,14,4,coordinated_turn_model_mismatch,900,1000,1,54.0,5.4,54.0,5.4,0.19,0.35,0.46,0.6500244237058724,0.9999379250117746,2.2933436845842574,3.7232813226957977
7,50,0.95,0.5,0.95,0.5,14,5,process_noise_x_increased,1100,1300,0,,,36.0,3.6,0.685,0.315,0.0,0.14926258093142702,0.7205593986033079,1.0796826512035829,2.812949852323418
7,50,0.98,0.5,0.95,0.5,14,0,measurement_outliers,100,200,0,,,0.0,0.0,0.56,0.44,0.0,0.0491222783212488,0.134757444077606,1.066706757325494,2.6689161969833246
7,50,0.98,0.5,0.95,0.5,14,1,measurement_noise_x_increased,300,400,0,,,46.0,4.6000000000000005,0.4,0.6,0.0,0.18810224283430593,0.5060704580713509,0.7523765503252389,1.8357128963027234
7,50,0.98,0.5,0.95,0.5,14,2,measurement_noise_xy_decreased,500,600,0,,,31.0,3.1,0.25,0.75,0.0,0.41000701587562666,0.774521082584238,0.32536435589503243,0.7042073990634831
7,50,0.98,0.5,0.95,0.5,14,3,truncated_gaussian_measurement_noise,700,800,0,,,33.0,3.3000000000000003,0.4,0.6,0.0,0.17926475804661318,0.4468559345474033,0.5209702314586332,0.9680467012672946
7,50,0.98,0.5,0.95,0.5,14,4,coordinated_turn_model_mismatch,900,1000,1,55.0,5.5,55.0,5.5,0.19,0.36,0.45,0.620035483313656,0.9999569426028786,2.2933436845842574,3.7232813226957977
7,50,0.98,0.5,0.95,0.5,14,5,process_noise_x_increased,1100,1300,0,,,36.0,3.6,0.715,0.285,0.0,0.14285952343371908,0.7845438498530534,1.0796826512035829,2.812949852323418
7,50,0.99,0.5,0.95,0.5,14,0,measurement_outliers,100,200,0,,,0.0,0.0,0.8,0.2,0.0,0.030020404614811102,0.07801131567973123,1.066706757325494,2.6689161969833246
7,50,0.99,0.5,0.95,0.5,14,1,measurement_noise_x_increased,300,400,0,,,46.0,4.6000000000000005,0.46,0.54,0.0,0.15156763188906017,0.44045452183438394,0.7523765503252389,1.8357128963027234
7,50,0.99,0.5,0.95,0.5,14,2,measurement_noise_xy_decreased,500,600,0,,,31.0,3.1,0.28,0.72,0.0,0.39369644715986135,0.7679080576738917,0.32536435589503243,0.7042073990634831
7,50,0.99,0.5,0.95,0.5,14,3,truncated_gaussian_measurement_noise,700,800,0,,,33.0,3.3000000000000003,0.45,0.55,0.0,0.14366927591270995,0.4198173369282393,0.5209702314586332,0.9680467012672946
7,50,0.99,0.5,0.95,0.5,14,4,coordinated_turn_model_mismatch,900,1000,1,56.0,5.6000000000000005,54.0,5.4,0.23,0.33,0.44,0.6101024833735077,0.9999781251071412,2.2933436845842574,3.7232813226957977
7,50,0.99,0.5,0.95,0.5,14,5,process_noise_x_increased,1100,1300,0,,,36.0,3.6,0.735,0.265,0.0,0.12231531752012527,0.7751758461073479,1.0796826512035829,2.812949852323418
7,50,0.995,0.5,0.95,0.5,14,0,measurement_outliers,100,200,0,,,0.0,0.0,0.67,0.33,0.0,0.03948624756009041,0.10348848783288858,1.066706757325494,2.6689161969833246
7,50,0.995,0.5,0.95,0.5,14,1,measurement_noise_x_increased,300,400,0,,,46.0,4.6000000000000005,0.48,0.52,0.0,0.1091138520024312,0.3540491896363716,0.7523765503252389,1.8357128963027234
7,50,0.995,0.5,0.95,0.5,14,2,measurement_noise_xy_decreased,500,600,0,,,32.0,3.2,0.27,0.73,0.0,0.4183888499484041,0.7744631017707496,0.32536435589503243,0.7042073990634831
7,50,0.995,0.5,0.95,0.5,14,3,truncated_gaussian_measurement_noise,700,800,0,,,33.0,3.3000000000000003,0.44,0.56,0.0,0.18649610639081243,0.49717969196265127,0.5209702314586332,0.9680467012672946
7,50,0.995,0.5,0.95,0.5,14,4,coordinated_turn_model_mismatch,900,1000,1,55.0,5.5,56.0,5.6000000000000005,0.25,0.3,0.45,0.6330243513794092,0.9999818169615975,2.2933436845842574,3.7232813226957977
7,50,0.995,0.5,0.95,0.5,14,5,process_noise_x_increased,1100,1300,0,,,39.0,3.9000000000000004,0.755,0.245,0.0,0.12472092874016706,0.7664841509458318,1.0796826512035829,2.812949852323418
7,70,0.95,0.5,0.95,0.5,14,0,measurement_outliers,100,200,0,,,0.0,0.0,0.84,0.16,0.0,0.02768282849093646,0.08904169651462968,1.066706757325494,2.6689161969833246
7,70,0.95,0.5,0.95,0.5,14,1,measurement_noise_x_increased,300,400,0,,,48.0,4.800000000000001,0.5,0.5,0.0,0.1361642224424956,0.3954161971472416,0.7523765503252389,1.8357128963027234
7,70,0.95,0.5,0.95,0.5,14,2,measurement_noise_xy_decreased,500,600,0,,,30.0,3.0,0.28,0.72,0.0,0.32550579279110087,0.7853423336503536,0.32536435589503243,0.7042073990634831
7,70,0.95,0.5,0.95,0.5,14,3,truncated_gaussian_measurement_noise,700,800,0,,,15.0,1.5,0.49,0.51,0.0,0.11591457962202442,0.3315648682305161,0.5209702314586332,0.9680467012672946
7,70,0.95,0.5,0.95,0.5,14,4,coordinated_turn_model_mismatch,900,1000,1,69.0,6.9,65.0,6.5,0.3,0.39,0.31,0.5106646610984791,0.9999175533833946,2.2933436845842574,3.7232813226957977
7,70,0.95,0.5,0.95,0.5,14,5,process_noise_x_increased,1100,1300,0,,,30.0,3.0,0.77,0.23,0.0,0.0833945269028649,0.6827049550404436,1.0796826512035829,2.812949852323418
7,70,0.98,0.5,0.95,0.5,14,0,measurement_outliers,100,200,0,,,0.0,0.0,1.0,0.0,0.0,0.016310522969645014,0.04095537433692393,1.066706757325494,2.6689161969833246
7,70,0.98,0.5,0.95,0.5,14,1,measurement_noise_x_increased,300,400,0,,,48.0,4.800000000000001,0.52,0.48,0.0,0.12357064945924484,0.3822181063173026,0.7523765503252389,1.8357128963027234
7,70,0.98,0.5,0.95,0.5,14,2,measurement_noise_xy_decreased,500,600,0,,,31.0,3.1,0.4,0.6,0.0,0.31595129783636394,0.802176427971392,0.32536435589503243,0.7042073990634831
7,70,0.98,0.5,0.95,0.5,14,3,truncated_gaussian_measurement_noise,700,800,0,,,14.0,1.4000000000000001,0.51,0.49,0.0,0.09121242236319058,0.2655968383680152,0.5209702314586332,0.9680467012672946
7,70,0.98,0.5,0.95,0.5,14,4,coordinated_turn_model_mismatch,900,1000,1,71.0,7.1000000000000005,65.0,6.5,0.3,0.41,0.29,0.4910486329104183,0.9999119177404209,2.2933436845842574,3.7232813226957977
7,70,0.98,0.5,0.95,0.5,14,5,process_noise_x_increased,1100,1300,0,,,30.0,3.0,0.79,0.21,0.0,0.06774520174303675,0.640040803681204,1.0796826512035829,2.812949852323418
7,70,0.99,0.5,0.95,0.5,14,0,measurement_outliers,100,200,0,,,0.0,0.0,1.0,0.0,0.0,0.009413673968772004,0.0246986809327097,1.066706757325494,2.6689161969833246
7,70,0.99,0.5,0.95,0.5,14,1,measurement_noise_x_increased,300,400,0,,,48.0,4.800000000000001,0.54,0.46,0.0,0.11407067238582366,0.3601602987809294,0.7523765503252389,1.8357128963027234
7,70,0.99,0.5,0.95,0.5,14,2,measurement_noise_xy_decreased,500,600,0,,,31.0,3.1,0.37,0.63,0.0,0.2987603614659851,0.8080446706016675,0.32536435589503243,0.7042073990634831
7,70,0.99,0.5,0.95,0.5,14,3,truncated_gaussian_measurement_noise,700,800,0,,,14.0,1.4000000000000001,0.59,0.41,0.0,0.08170468458343498,0.29275313938115366,0.5209702314586332,0.9680467012672946
7,70,0.99,0.5,0.95,0.5,14,4,coordinated_turn_model_mismatch,900,1000,1,72.0,7.2,64.0,6.4,0.29,0.43,0.28,0.4845267919209867,0.9999287565839866,2.2933436845842574,3.7232813226957977
7,70,0.99,0.5,0.95,0.5,14,5,process_noise_x_increased,1100,1300,0,,,31.0,3.1,0.8,0.2,0.0,0.05793526143528313,0.6527504158728338,1.0796826512035829,2.812949852323418
7,70,0.995,0.5,0.95,0.5,14,0,measurement_outliers,100,200,0,,,0.0,0.0,1.0,0.0,0.0,0.004712623235346435,0.012485978390941389,1.066706757325494,2.6689161969833246
7,70,0.995,0.5,0.95,0.5,14,1,measurement_noise_x_increased,300,400,0,,,47.0,4.7,0.53,0.47,0.0,0.10369409221267656,0.3257580047006634,0.7523765503252389,1.8357128963027234
7,70,0.995,0.5,0.95,0.5,14,2,measurement_noise_xy_decreased,500,600,0,,,34.0,3.4000000000000004,0.37,0.63,0.0,0.3081125960945889,0.7911527467766506,0.32536435589503243,0.7042073990634831
7,70,0.995,0.5,0.95,0.5,14,3,truncated_gaussian_measurement_noise,700,800,0,,,14.0,1.4000000000000001,0.55,0.45,0.0,0.07599462607023198,0.26404195949437675,0.5209702314586332,0.9680467012672946
7,70,0.995,0.5,0.95,0.5,14,4,coordinated_turn_model_mismatch,900,1000,1,71.0,7.1000000000000005,65.0,6.5,0.35,0.36,0.29,0.48559835495627723,0.9999072894214969,2.2933436845842574,3.7232813226957977
7,70,0.995,0.5,0.95,0.5,14,5,process_noise_x_increased,1100,1300,0,,,33.0,3.3000000000000003,0.795,0.205,0.0,0.06743264905576693,0.5874997438040956,1.0796826512035829,2.812949852323418
10,50,0.95,0.5,0.95,0.5,14,0,measurement_outliers,100,200,0,,,5.0,0.5,0.05,0.95,0.0,0.13478122257072134,0.2941346986870687,1.066706757325494,2.6689161969833246
10,50,0.95,0.5,0.95,0.5,14,1,measurement_noise_x_increased,300,400,0,,,47.0,4.7,0.08,0.92,0.0,0.27749583728803145,0.5544977122534261,0.7523765503252389,1.8357128963027234
10,50,0.95,0.5,0.95,0.5,14,2,measurement_noise_xy_decreased,500,600,0,,,49.0,4.9,0.0,1.0,0.0,0.39289630473434783,0.6803392102595411,0.32536435589503243,0.7042073990634831
10,50,0.95,0.5,0.95,0.5,14,3,truncated_gaussian_measurement_noise,700,800,0,,,38.0,3.8000000000000003,0.31,0.69,0.0,0.1930534823410676,0.3921297775800492,0.5209702314586332,0.9680467012672946
10,50,0.95,0.5,0.95,0.5,14,4,coordinated_turn_model_mismatch,900,1000,1,62.0,6.2,60.0,6.0,0.18,0.44,0.38,0.5975001359893191,0.9968755684229856,2.2933436845842574,3.7232813226957977
10,50,0.95,0.5,0.95,0.5,14,5,process_noise_x_increased,1100,1300,0,,,47.0,4.7,0.385,0.615,0.0,0.1356042211906009,0.554738154154411,1.0796826512035829,2.812949852323418
10,50,0.98,0.5,0.95,0.5,14,0,measurement_outliers,100,200,0,,,5.0,0.5,0.33,0.67,0.0,0.09322663882713002,0.19710804498973158,1.066706757325494,2.6689161969833246
10,50,0.98,0.5,0.95,0.5,14,1,measurement_noise_x_increased,300,400,0,,,38.0,3.8000000000000003,0.2,0.8,0.0,0.20648881293002913,0.4987148775229534,0.7523765503252389,1.8357128963027234
10,50,0.98,0.5,0.95,0.5,14,2,measurement_noise_xy_decreased,500,600,0,,,47.0,4.7,0.15,0.85,0.0,0.3333477241499305,0.6196982735905389,0.32536435589503243,0.7042073990634831
10,50,0.98,0.5,0.95,0.5,14,3,truncated_gaussian_measurement_noise,700,800,0,,,38.0,3.8000000000000003,0.42,0.58,0.0,0.13317044373546263,0.32568002345798164,0.5209702314586332,0.9680467012672946
10,50,0.98,0.5,0.95,0.5,14,4,coordinated_turn_model_mismatch,900,1000,1,70.0,7.0,63.0,6.300000000000001,0.22,0.48,0.3,0.5393374049330014,0.9942722073832706,2.2933436845842574,3.7232813226957977
10,50,0.98,0.5,0.95,0.5,14,5,process_noise_x_increased,1100,1300,0,,,45.0,4.5,0.67,0.33,0.0,0.09320277762625087,0.459413438975604,1.0796826512035829,2.812949852323418
10,50,0.99,0.5,0.95,0.5,14,0,measurement_outliers,100,200,0,,,1.0,0.1,0.49,0.51,0.0,0.05843304432220069,0.11778934995455265,1.066706757325494,2.6689161969833246
10,50,0.99,0.5,0.95,0.5,14,1,measurement_noise_x_increased,300,400,0,,,37.0,3.7,0.39,0.61,0.0,0.13817569182752293,0.4098816065264606,0.7523765503252389,1.8357128963027234
10,50,0.99,0.5,0.95,0.5,14,2,measurement_noise_xy_decreased,500,600,0,,,47.0,4.7,0.24,0.76,0.0,0.2603665546097425,0.5296847756319033,0.32536435589503243,0.7042073990634831
10,50,0.99,0.5,0.95,0.5,14,3,truncated_gaussian_measurement_noise,700,800,0,,,35.0,3.5,0.49,0.51,0.0,0.08379705728817718,0.24289886749761752,0.5209702314586332,0.9680467012672946
10,50,0.99,0.5,0.95,0.5,14,4,coordinated_turn_model_mismatch,900,1000,1,77.0,7.7,68.0,6.800000000000001,0.26,0.51,0.23,0.47028449511632,0.9852424526376432,2.2933436845842574,3.7232813226957977
10,50,0.99,0.5,0.95,0.5,14,5,process_noise_x_increased,1100,1300,0,,,43.0,4.3,0.755,0.245,0.0,0.05946243208807472,0.357103506510501,1.0796826512035829,2.812949852323418
10,50,0.995,0.5,0.95,0.5,14,0,measurement_outliers,100,200,0,,,0.0,0.0,0.85,0.15,0.0,0.02977380600168778,0.06147905072251618,1.066706757325494,2.6689161969833246
10,50,0.995,0.5,0.95,0.5,14,1,measurement_noise_x_increased,300,400,0,,,34.0,3.4000000000000004,0.52,0.48,0.0,0.07229548785748457,0.27557418288547764,0.7523765503252389,1.8357128963027234
10,50,0.995,0.5,0.95,0.5,14,2,measurement_noise_xy_decreased,500,600,0,,,47.0,4.7,0.38,0.62,0.0,0.16365392585810337,0.400981064344413,0.32536435589503243,0.7042073990634831
10,50,0.995,0.5,0.95,0.5,14,3,truncated_gaussian_measurement_noise,700,800,0,,,28.0,2.8000000000000003,0.63,0.37,0.0,0.042996724680960025,0.1517195687361946,0.5209702314586332,0.9680467012672946
10,50,0.995,0.5,0.95,0.5,14,4,coordinated_turn_model_mismatch,900,1000,1,97.0,9.700000000000001,72.0,7.2,0.36,0.61,0.03,0.3701468562777774,0.955943870995368,2.2933436845842574,3.7232813226957977
10,50,0.995,0.5,0.95,0.5,14,5,process_noise_x_increased,1100,1300,0,,,39.0,3.9000000000000004,0.8,0.2,0.0,0.03123117700866362,0.22748948053637402,1.0796826512035829,2.812949852323418
10,70,0.95,0.5,0.95,0.5,14,0,measurement_outliers,100,200,0,,,12.0,1.2000000000000002,0.41,0.59,0.0,0.06316081144246748,0.12608030826574046,1.066706757325494,2.6689161969833246
10,70,0.95,0.5,0.95,0.5,14,1,measurement_noise_x_increased,300,400,0,,,37.0,3.7,0.36,0.64,0.0,0.15727919335864643,0.43075774241611736,0.7523765503252389,1.8357128963027234
10,70,0.95,0.5,0.95,0.5,14,2,measurement_noise_xy_decreased,500,600,0,,,47.0,4.7,0.2,0.8,0.0,0.29621399033342327,0.6360942934222357,0.32536435589503243,0.7042073990634831
10,70,0.95,0.5,0.95,0.5,14,3,truncated_gaussian_measurement_noise,700,800,0,,,36.0,3.6,0.52,0.48,0.0,0.09424261621258553,0.33118498422942005,0.5209702314586332,0.9680467012672946
10,70,0.95,0.5,0.95,0.5,14,4,coordinated_turn_model_mismatch,900,1000,1,76.0,7.6000000000000005,70.0,7.0,0.25,0.51,0.24,0.46778236357400327,0.9965570682797856,2.2933436845842574,3.7232813226957977
10,70,0.95,0.5,0.95,0.5,14,5,process_noise_x_increased,1100,1300,0,,,46.0,4.6000000000000005,0.755,0.245,0.0,0.06260127352873222,0.4284221839066232,1.0796826512035829,2.812949852323418
10,70,0.98,0.5,0.95,0.5,14,0,measurement_outliers,100,200,0,,,2.0,0.2,0.56,0.44,0.0,0.040572991586807966,0.08317030940787344,1.066706757325494,2.6689161969833246
10,70,0.98,0.5,0.95,0.5,14,1,measurement_noise_x_increased,300,400,0,,,37.0,3.7,0.48,0.52,0.0,0.10794321244819484,0.3666170984730389,0.7523765503252389,1.8357128963027234
10,70,0.98,0.5,0.95,0.5,14,2,measurement_noise_xy_decreased,500,600,0,,,49.0,4.9,0.27,0.73,0.0,0.23981419463362919,0.5611284227729821,0.32536435589503243,0.7042073990634831
10,70,0.98,0.5,0.95,0.5,14,3,truncated_gaussian_measurement_noise,700,800,0,,,35.0,3.5,0.64,0.36,0.0,0.059749771682602315,0.24584362251154115,0.5209702314586332,0.9680467012672946
10,70,0.98,0.5,0.95,0.5,14,4,coordinated_turn_model_mismatch,900,1000,1,82.0,8.200000000000001,73.0,7.300000000000001,0.29,0.53,0.18,0.41088033208907293,0.9912739454777458,2.2933436845842574,3.7232813226957977
10,70,0.98,0.5,0.95,0.5,14,5,process_noise_x_increased,1100,1300,0,,,43.0,4.3,0.775,0.225,0.0,0.041071888999721355,0.3114768264131684,1.0796826512035829,2.812949852323418
10,70,0.99,0.5,0.95,0.5,14,0,measurement_outliers,100,200,0,,,0.0,0.0,0.98,0.02,0.0,0.02454513999048545,0.053271669846398195,1.066706757325494,2.6689161969833246
10,70,0.99,0.5,0.95,0.5,14,1,measurement_noise_x_increased,300,400,0,,,37.0,3.7,0.57,0.43,0.0,0.0662196211704359,0.27599445686131835,0.7523765503252389,1.8357128963027234
10,70,0.99,0.5,0.95,0.5,14,2,measurement_noise_xy_decreased,500,600,0,,,49.0,4.9,0.39,0.61,0.0,0.1763713933029856,0.4760131029647006,0.32536435589503243,0.7042073990634831
10,70,0.99,0.5,0.95,0.5,14,3,truncated_gaussian_measurement_noise,700,800,0,,,30.0,3.0,0.72,0.28,0.0,0.03482381293434572,0.16696180248887826,0.5209702314586332,0.9680467012672946
10,70,0.99,0.5,0.95,0.5,14,4,coordinated_turn_model_mismatch,900,1000,1,89.0,8.9,76.0,7.6000000000000005,0.39,0.5,0.11,0.3458420984894033,0.9755939247444477,2.2933436845842574,3.7232813226957977
10,70,0.99,0.5,0.95,0.5,14,5,process_noise_x_increased,1100,1300,0,,,41.0,4.1000000000000005,0.835,0.165,0.0,0.025391408056327648,0.2139048701345235,1.0796826512035829,2.812949852323418
10,70,0.995,0.5,0.95,0.5,14,0,measurement_outliers,100,200,0,,,0.0,0.0,1.0,0.0,0.0,0.012781794333306437,0.02785595336609691,1.066706757325494,2.6689161969833246
10,70,0.995,0.5,0.95,0.5,14,1,measurement_noise_x_increased,300,400,0,,,32.0,3.2,0.75,0.25,0.0,0.031251602518267294,0.16160128168462173,0.7523765503252389,1.8357128963027234
10,70,0.995,0.5,0.95,0.5,14,2,measurement_noise_xy_decreased,500,600,0,,,47.0,4.7,0.53,0.47,0.0,0.10055270250473747,0.3308959397011539,0.32536435589503243,0.7042073990634831
10,70,0.995,0.5,0.95,0.5,14,3,truncated_gaussian_measurement_noise,700,800,0,,,14.0,1.4000000000000001,0.88,0.12,0.0,0.016838685340003975,0.08861288495754437,0.5209702314586332,0.9680467012672946
10,70,0.995,0.5,0.95,0.5,14,4,coordinated_turn_model_mismatch,900,1000,0,,,77.0,7.7,0.47,0.53,0.0,0.2562285976938828,0.9152818293826132,2.2933436845842574,3.7232813226957977
10,70,0.995,0.5,0.95,0.5,14,5,process_noise_x_increased,1100,1300,0,,,31.0,3.1,0.91,0.09,0.0,0.012917363701940321,0.1195802828387548,1.0796826512035829,2.812949852323418
5,25,0.95,0.5,0.95,0.5,15,0,measurement_outliers,100,200,0,,,19.0,1.9000000000000001,0.12,0.88,0.0,0.2016682728865967,0.39637890941408466,1.2531510447742344,3.430633275699088
5,25,0.95,0.5,0.95,0.5,15,1,measurement_noise_x_increased,300,400,0,,,85.0,8.5,0.01,0.99,0.0,0.30071214410936237,0.7113347837806996,0.5046697044224921,1.5606594160385188
5,25,0.95,0.5,0.95,0.5,15,2,measurement_noise_xy_decreased,500,600,0,,,25.0,2.5,0.07,0.93,0.0,0.5994746219216475,0.8462494988612762,0.426090038928443,0.7678991445105428
5,25,0.95,0.5,0.95,0.5,15,3,truncated_gaussian_measurement_noise,700,800,0,,,18.0,1.8,0.23,0.77,0.0,0.4549453168334255,0.895665573425527,0.45025991606422755,1.0166050254400036
5,25,0.95,0.5,0.95,0.5,15,4,coordinated_turn_model_mismatch,900,1000,1,30.0,3.0,62.0,6.2,0.0,0.3,0.7,0.7762344818722445,0.999999730208134,2.8307993511447704,4.059693731103213
5,25,0.95,0.5,0.95,0.5,15,5,process_noise_x_increased,1100,1300,1,92.0,9.200000000000001,0.0,0.0,0.34,0.455,0.205,0.3664396591081567,0.9999951330395888,1.448040005830922,4.161415438859654
5,25,0.98,0.5,0.95,0.5,15,0,measurement_outliers,100,200,0,,,9.0,0.9,0.21,0.79,0.0,0.1397677705324314,0.26680392270641357,1.2531510447742344,3.430633275699088
5,25,0.98,0.5,0.95,0.5,15,1,measurement_noise_x_increased,300,400,0,,,40.0,4.0,0.24,0.76,0.0,0.2369821447260421,0.6322662526774075,0.5046697044224921,1.5606594160385188
5,25,0.98,0.5,0.95,0.5,15,2,measurement_noise_xy_decreased,500,600,0,,,25.0,2.5,0.13,0.87,0.0,0.5937372880086944,0.8324761944419856,0.426090038928443,0.7678991445105428
5,25,0.98,0.5,0.95,0.5,15,3,truncated_gaussian_measurement_noise,700,800,0,,,20.0,2.0,0.27,0.73,0.0,0.3898160470327572,0.8735657159327666,0.45025991606422755,1.0166050254400036
5,25,0.98,0.5,0.95,0.5,15,4,coordinated_turn_model_mismatch,900,1000,1,28.0,2.8000000000000003,62.0,6.2,0.15,0.13,0.72,0.7592145716163674,0.9999999943896398,2.8307993511447704,4.059693731103213
5,25,0.98,0.5,0.95,0.5,15,5,process_noise_x_increased,1100,1300,1,88.0,8.8,0.0,0.0,0.45,0.31,0.24,0.35920451191574965,0.9999955209658163,1.448040005830922,4.161415438859654
5,25,0.99,0.5,0.95,0.5,15,0,measurement_outliers,100,200,0,,,8.0,0.8,0.2,0.8,0.0,0.10888835488586109,0.23850563438319175,1.2531510447742344,3.430633275699088
5,25,0.99,0.5,0.95,0.5,15,1,measurement_noise_x_increased,300,400,0,,,40.0,4.0,0.51,0.49,0.0,0.17436901184804277,0.5492154994502165,0.5046697044224921,1.5606594160385188
5,25,0.99,0.5,0.95,0.5,15,2,measurement_noise_xy_decreased,500,600,0,,,47.0,4.7,0.17,0.83,0.0,0.5553316578659178,0.8006723130871984,0.426090038928443,0.7678991445105428
5,25,0.99,0.5,0.95,0.5,15,3,truncated_gaussian_measurement_noise,700,800,0,,,21.0,2.1,0.34,0.66,0.0,0.3132337449586324,0.8194931324032021,0.45025991606422755,1.0166050254400036
5,25,0.99,0.5,0.95,0.5,15,4,coordinated_turn_model_mismatch,900,1000,1,30.0,3.0,51.0,5.1000000000000005,0.2,0.1,0.7,0.7608506028174992,0.9999999993211186,2.8307993511447704,4.059693731103213
5,25,0.99,0.5,0.95,0.5,15,5,process_noise_x_increased,1100,1300,1,90.0,9.0,0.0,0.0,0.455,0.305,0.24,0.3568556418257649,0.9999993715992694,1.448040005830922,4.161415438859654
5,25,0.995,0.5,0.95,0.5,15,0,measurement_outliers,100,200,0,,,8.0,0.8,0.25,0.75,0.0,0.14205976613616494,0.3688248880975799,1.2531510447742344,3.430633275699088
5,25,0.995,0.5,0.95,0.5,15,1,measurement_noise_x_increased,300,400,0,,,63.0,6.300000000000001,0.59,0.41,0.0,0.16544146559952902,0.5495676607509878,0.5046697044224921,1.5606594160385188
5,25,0.995,0.5,0.95,0.5,15,2,measurement_noise_xy_decreased,500,600,0,,,26.0,2.6,0.1,0.9,0.0,0.6702467518122471,0.8982809489840263,0.426090038928443,0.7678991445105428
5,25,0.995,0.5,0.95,0.5,15,3,truncated_gaussian_measurement_noise,700,800,0,,,23.0,2.3000000000000003,0.35,0.65,0.0,0.26621778973782456,0.7205469274239755,0.45025991606422755,1.0166050254400036
5,25,0.995,0.5,0.95,0.5,15,4,coordinated_turn_model_mismatch,900,1000,1,28.0,2.8000000000000003,50.0,5.0,0.2,0.08,0.72,0.7690030170580627,0.9999999998369965,2.8307993511447704,4.059693731103213
5,25,0.995,0.5,0.95,0.5,15,5,process_noise_x_increased,1100,1300,1,88.0,8.8,0.0,0.0,0.49,0.26,0.25,0.34873464697679274,0.9999997979293476,1.448040005830922,4.161415438859654
5,35,0.95,0.5,0.95,0.5,15,0,measurement_outliers,100,200,0,,,8.0,0.8,0.22,0.78,0.0,0.1353856673159521,0.27968985956583997,1.2531510447742344,3.430633275699088
5,35,0.95,0.5,0.95,0.5,15,1,measurement_noise_x_increased,300,400,0,,,29.0,2.9000000000000004,0.36,0.64,0.0,0.2288794401703388,0.6875790117720518,0.5046697044224921,1.5606594160385188
5,35,0.95,0.5,0.95,0.5,15,2,measurement_noise_xy_decreased,500,600,0,,,33.0,3.3000000000000003,0.16,0.84,0.0,0.5500378086490482,0.844962134529627,0.426090038928443,0.7678991445105428
5,35,0.95,0.5,0.95,0.5,15,3,truncated_gaussian_measurement_noise,700,800,0,,,21.0,2.1,0.31,0.69,0.0,0.39540496546106596,0.8788440317153527,0.45025991606422755,1.0166050254400036
5,35,0.95,0.5,0.95,0.5,15,4,coordinated_turn_model_mismatch,900,1000,1,36.0,3.6,51.0,5.1000000000000005,0.17,0.19,0.64,0.7244045536436434,0.9999999983554774,2.8307993511447704,4.059693731103213
5,35,0.95,0.5,0.95,0.5,15,5,process_noise_x_increased,1100,1300,1,96.0,9.600000000000001,0.0,0.0,0.445,0.345,0.21,0.3257491894837562,0.9999993829066817,1.448040005830922,4.161415438859654
5,35,0.98,0.5,0.95,0.5,15,0,measurement_outliers,100,200,0,,,8.0,0.8,0.28,0.72,0.0,0.0902092246456276,0.21605685832578173,1.2531510447742344,3.430633275699088
5,35,0.98,0.5,0.95,0.5,15,1,measurement_noise_x_increased,300,400,0,,,30.0,3.0,0.54,0.46,0.0,0.17750050883443141,0.5980032879517486,0.5046697044224921,1.5606594160385188
5,35,0.98,0.5,0.95,0.5,15,2,measurement_noise_xy_decreased,500,600,0,,,25.0,2.5,0.19,0.81,0.0,0.5362682432004933,0.8190980978237299,0.426090038928443,0.7678991445105428
5,35,0.98,0.5,0.95,0.5,15,3,truncated_gaussian_measurement_noise,700,800,0,,,22.0,2.2,0.36,0.64,0.0,0.3332329560431759,0.8462093735397083,0.45025991606422755,1.0166050254400036
5,35,0.98,0.5,0.95,0.5,15,4,coordinated_turn_model_mismatch,900,1000,1,35.0,3.5,51.0,5.1000000000000005,0.21,0.14,0.65,0.7107205711944695,0.999999998658332,2.8307993511447704,4.059693731103213
5,35,0.98,0.5,0.95,0.5,15,5,process_noise_x_increased,1100,1300,1,95.0,9.5,0.0,0.0,0.45,0.325,0.225,0.3277199557907642,0.9999996273726564,1.448040005830922,4.161415438859654
5,35,0.99,0.5,0.95,0.5,15,0,measurement_outliers,100,200,0,,,5.0,0.5,0.4,0.6,0.0,0.06637711759065867,0.16311497743176243,1.2531510447742344,3.430633275699088
5,35,0.99,0.5,0.95,0.5,15,1,measurement_noise_x_increased,300,400,0,,,30.0,3.0,0.59,0.41,0.0,0.1285956947287215,0.49089834147464184,0.5046697044224921,1.5606594160385188
5,35,0.99,0.5,0.95,0.5,15,2,measurement_noise_xy_decreased,500,600,0,,,24.0,2.4000000000000004,0.23,0.77,0.0,0.5225374280172765,0.9012353240413935,0.426090038928443,0.7678991445105428
5,35,0.99,0.5,0.95,0.5,15,3,truncated_gaussian_measurement_noise,700,800,0,,,23.0,2.3000000000000003,0.41,0.59,0.0,0.2619235158297558,0.7908153220813949,0.45025991606422755,1.0166050254400036
5,35,0.99,0.5,0.95,0.5,15,4,coordinated_turn_model_mismatch,900,1000,1,35.0,3.5,51.0,5.1000000000000005,0.19,0.16,0.65,0.727249249205655,0.999999999816033,2.8307993511447704,4.059693731103213
5,35,0.99,0.5,0.95,0.5,15,5,process_noise_x_increased,1100,1300,1,95.0,9.5,0.0,0.0,0.49,0.28,0.23,0.3210626394422358,0.99999936759407,1.448040005830922,4.161415438859654
5,35,0.995,0.5,0.95,0.5,15,0,measurement_outliers,100,200,0,,,2.0,0.2,0.37,0.63,0.0,0.06758229044769011,0.19673711451266326,1.2531510447742344,3.430633275699088
5,35,0.995,0.5,0.95,0.5,15,1,measurement_noise_x_increased,300,400,0,,,30.0,3.0,0.66,0.34,0.0,0.07678776142843032,0.33291143959454217,0.5046697044224921,1.5606594160385188
5,35,0.995,0.5,0.95,0.5,15,2,measurement_noise_xy_decreased,500,600,0,,,33.0,3.3000000000000003,0.23,0.77,0.0,0.5864496388696655,0.9209272018683284,0.426090038928443,0.7678991445105428
5,35,0.995,0.5,0.95,0.5,15,3,truncated_gaussian_measurement_noise,700,800,0,,,24.0,2.4000000000000004,0.37,0.63,0.0,0.2949874449998536,0.7306228605727381,0.45025991606422755,1.0166050254400036
5,35,0.995,0.5,0.95,0.5,15,4,coordinated_turn_model_mismatch,900,1000,1,35.0,3.5,49.0,4.9,0.22,0.13,0.65,0.7271940981822342,0.9999999996417323,2.8307993511447704,4.059693731103213
5,35,0.995,0.5,0.95,0.5,15,5,process_noise_x_increased,1100,1300,1,94.0,9.4,0.0,0.0,0.47,0.295,0.235,0.32579352276612417,0.9999997410017417,1.448040005830922,4.161415438859654
5,50,0.95,0.5,0.95,0.5,15,0,measurement_outliers,100,200,0,,,8.0,0.8,0.54,0.46,0.0,0.06653357644985544,0.24873007323809285,1.2531510447742344,3.430633275699088
5,50,0.95,0.5,0.95,0.5,15,1,measurement_noise_x_increased,300,400,0,,,34.0,3.4000000000000004,0.59,0.41,0.0,0.13752312115172427,0.5658905452000761,0.5046697044224921,1.5606594160385188
5,50,0.95,0.5,0.95,0.5,15,2,measurement_noise_xy_decreased,500,600,0,,,26.0,2.6,0.23,0.77,0.0,0.45772257856153564,0.8317175024735215,0.426090038928443,0.7678991445105428
5,50,0.95,0.5,0.95,0.5,15,3,truncated_gaussian_measurement_noise,700,800,0,,,26.0,2.6,0.44,0.56,0.0,0.2934531669345381,0.8597232262980978,0.45025991606422755,1.0166050254400036
5,50,0.95,0.5,0.95,0.5,15,4,coordinated_turn_model_mismatch,900,1000,1,43.0,4.3,62.0,6.2,0.27,0.16,0.57,0.6484081253398254,0.9999999982383695,2.8307993511447704,4.059693731103213
5,50,0.95,0.5,0.95,0.5,15,5,process_noise_x_increased,1100,1300,1,106.0,10.600000000000001,0.0,0.0,0.535,0.275,0.19,0.31837069731885836,0.9999996535904535,1.448040005830922,4.161415438859654
5,50,0.98,0.5,0.95,0.5,15,0,measurement_outliers,100,200,0,,,7.0,0.7000000000000001,0.6,0.4,0.0,0.04238521621917191,0.15572509334142415,1.2531510447742344,3.430633275699088
5,50,0.98,0.5,0.95,0.5,15,1,measurement_noise_x_increased,300,400,0,,,34.0,3.4000000000000004,0.63,0.37,0.0,0.10211345835856596,0.4676756496510049,0.5046697044224921,1.5606594160385188
5,50,0.98,0.5,0.95,0.5,15,2,measurement_noise_xy_decreased,500,600,0,,,25.0,2.5,0.26,0.74,0.0,0.43935521277659817,0.8158650231091253,0.426090038928443,0.7678991445105428
5,50,0.98,0.5,0.95,0.5,15,3,truncated_gaussian_measurement_noise,700,800,0,,,28.0,2.8000000000000003,0.49,0.51,0.0,0.23702570331922154,0.8080028356941613,0.45025991606422755,1.0166050254400036
5,50,0.98,0.5,0.95,0.5,15,4,coordinated_turn_model_mismatch,900,1000,1,43.0,4.3,63.0,6.300000000000001,0.3,0.13,0.57,0.6531971377675794,0.9999999991265915,2.8307993511447704,4.059693731103213
5,50,0.98,0.5,0.95,0.5,15,5,process_noise_x_increased,1100,1300,1,105.0,10.5,0.0,0.0,0.53,0.27,0.2,0.3283268707476887,0.9999988753709249,1.448040005830922,4.161415438859654
5,50,0.99,0.5,0.95,0.5,15,0,measurement_outliers,100,200,0,,,0.0,0.0,0.71,0.29,0.0,0.02855058710670644,0.09451952718794802,1.2531510447742344,3.430633275699088
5,50,0.99,0.5,0.95,0.5,15,1,measurement_noise_x_increased,300,400,0,,,34.0,3.4000000000000004,0.68,0.32,0.0,0.06974694351644194,0.3644900748554913,0.5046697044224921,1.5606594160385188
5,50,0.99,0.5,0.95,0.5,15,2,measurement_noise_xy_decreased,500,600,0,,,25.0,2.5,0.32,0.68,0.0,0.39067971868709817,0.7898361069115376,0.426090038928443,0.7678991445105428
5,50,0.99,0.5,0.95,0.5,15,3,truncated_gaussian_measurement_noise,700,800,0,,,28.0,2.8000000000000003,0.53,0.47,0.0,0.17531068418734577,0.712214584795969,0.45025991606422755,1.0166050254400036
5,50,0.99,0.5,0.95,0.5,15,4,coordinated_turn_model_mismatch,900,1000,1,41.0,4.1000000000000005,62.0,6.2,0.28,0.13,0.59,0.6543565767739971,0.9999999998455245,2.8307993511447704,4.059693731103213
5,50,0.99,0.5,0.95,0.5,15,5,process_noise_x_increased,1100,1300,1,104.0,10.4,0.0,0.0,0.57,0.215,0.215,0.328176089170011,0.9999996943336855,1.448040005830922,4.161415438859654
5,50,0.995,0.5,0.95,0.5,15,0,measurement_outliers,100,200,0,,,8.0,0.8,0.55,0.45,0.0,0.046655150416467873,0.16534006050671363,1.2531510447742344,3.430633275699088
5,50,0.995,0.5,0.95,0.5,15,1,measurement_noise_x_increased,300,400,0,,,30.0,3.0,0.78,0.22,0.0,0.037791210958019496,0.2305494002798384,0.5046697044224921,1.5606594160385188
5,50,0.995,0.5,0.95,0.5,15,2,measurement_noise_xy_decreased,500,600,0,,,29.0,2.9000000000000004,0.38,0.62,0.0,0.46723081941668626,0.9229725538847732,0.426090038928443,0.7678991445105428
5,50,0.995,0.5,0.95,0.5,15,3,truncated_gaussian_measurement_noise,700,800,0,,,29.0,2.9000000000000004,0.49,0.51,0.0,0.22117668001839597,0.7595149124745292,0.45025991606422755,1.0166050254400036
5,50,0.995,0.5,0.95,0.5,15,4,coordinated_turn_model_mismatch,900,1000,1,41.0,4.1000000000000005,62.0,6.2,0.29,0.12,0.59,0.6615733512078079,0.9999999998422996,2.8307993511447704,4.059693731103213
5,50,0.995,0.5,0.95,0.5,15,5,process_noise_x_increased,1100,1300,1,105.0,10.5,0.0,0.0,0.53,0.25,0.22,0.3199083515899808,0.999999876269418,1.448040005830922,4.161415438859654
5,70,0.95,0.5,0.95,0.5,15,0,measurement_outliers,100,200,0,,,0.0,0.0,0.76,0.24,0.0,0.023668967538437103,0.09475899206927192,1.2531510447742344,3.430633275699088
5,70,0.95,0.5,0.95,0.5,15,1,measurement_noise_x_increased,300,400,0,,,37.0,3.7,0.72,0.28,0.0,0.054318450261569194,0.29585465743923556,0.5046697044224921,1.5606594160385188
5,70,0.95,0.5,0.95,0.5,15,2,measurement_noise_xy_decreased,500,600,0,,,27.0,2.7,0.38,0.62,0.0,0.3277069900878833,0.8202388866726531,0.426090038928443,0.7678991445105428
5,70,0.95,0.5,0.95,0.5,15,3,truncated_gaussian_measurement_noise,700,800,0,,,32.0,3.2,0.61,0.39,0.0,0.15437806364190937,0.7046025605094247,0.45025991606422755,1.0166050254400036
5,70,0.95,0.5,0.95,0.5,15,4,coordinated_turn_model_mismatch,900,1000,1,55.0,5.5,78.0,7.800000000000001,0.36,0.19,0.45,0.540557809601099,0.9999999998254612,2.8307993511447704,4.059693731103213
5,70,0.95,0.5,0.95,0.5,15,5,process_noise_x_increased,1100,1300,1,117.0,11.700000000000001,0.0,0.0,0.545,0.275,0.18,0.3230304935779881,0.9995611461809527,1.448040005830922,4.161415438859654
5,70,0.98,0.5,0.95,0.5,15,0,measurement_outliers,100,200,0,,,0.0,0.0,0.9,0.1,0.0,0.013748113298279067,0.0648233889342776,1.2531510447742344,3.430633275699088
5,70,0.98,0.5,0.95,0.5,15,1,measurement_noise_x_increased,300,400,0,,,38.0,3.8000000000000003,0.79,0.21,0.0,0.03627165230456642,0.2268047002343441,0.5046697044224921,1.5606594160385188
5,70,0.98,0.5,0.95,0.5,15,2,measurement_noise_xy_decreased,500,600,0,,,29.0,2.9000000000000004,0.42,0.58,0.0,0.30678206551594434,0.8097516326000546,0.426090038928443,0.7678991445105428
5,70,0.98,0.5,0.95,0.5,15,3,truncated_gaussian_measurement_noise,700,800,0,,,32.0,3.2,0.65,0.35,0.0,0.11342013987879149,0.6089416835029277,0.45025991606422755,1.0166050254400036
5,70,0.98,0.5,0.95,0.5,15,4,coordinated_turn_model_mismatch,900,1000,1,53.0,5.300000000000001,82.0,8.200000000000001,0.39,0.14,0.47,0.5408742086287414,0.9999999996733832,2.8307993511447704,4.059693731103213
5,70,0.98,0.5,0.95,0.5,15,5,process_noise_x_increased,1100,1300,1,118.0,11.8,0.0,0.0,0.55,0.28,0.17,0.3263124273235202,0.9998534443213023,1.448040005830922,4.161415438859654
5,70,0.99,0.5,0.95,0.5,15,0,measurement_outliers,100,200,0,,,0.0,0.0,1.0,0.0,0.0,0.008921192214676415,0.045110193167638854,1.2531510447742344,3.430633275699088
5,70,0.99,0.5,0.95,0.5,15,1,measurement_noise_x_increased,300,400,0,,,37.0,3.7,0.82,0.18,0.0,0.021790829703776576,0.1537307430018282,0.5046697044224921,1.5606594160385188
5,70,0.99,0.5,0.95,0.5,15,2,measurement_noise_xy_decreased,500,600,0,,,30.0,3.0,0.46,0.54,0.0,0.29361471426276564,0.7951013329644548,0.426090038928443,0.7678991445105428
5,70,0.99,0.5,0.95,0.5,15,3,truncated_gaussian_measurement_noise,700,800,0,,,30.0,3.0,0.66,0.34,0.0,0.10328575597741044,0.5299159180428801,0.45025991606422755,1.0166050254400036
5,70,0.99,0.5,0.95,0.5,15,4,coordinated_turn_model_mismatch,900,1000,1,53.0,5.300000000000001,76.0,7.6000000000000005,0.38,0.15,0.47,0.549177841361019,0.9999999999325575,2.8307993511447704,4.059693731103213
5,70,0.99,0.5,0.95,0.5,15,5,process_noise_x_increased,1100,1300,1,118.0,11.8,0.0,0.0,0.58,0.255,0.165,0.32752328373347894,0.9997504832682389,1.448040005830922,4.161415438859654
5,70,0.995,0.5,0.95,0.5,15,0,measurement_outliers,100,200,0,,,0.0,0.0,0.99,0.01,0.0,0.01200065116887208,0.05296493405323645,1.2531510447742344,3.430633275699088
5,70,0.995,0.5,0.95,0.5,15,1,measurement_noise_x_increased,300,400,0,,,31.0,3.1,0.81,0.19,0.0,0.022158642216461612,0.12537351468425603,0.5046697044224921,1.5606594160385188
5,70,0.995,0.5,0.95,0.5,15,2,measurement_noise_xy_decreased,500,600,0,,,32.0,3.2,0.48,0.52,0.0,0.2682847268700232,0.865917858804157,0.426090038928443,0.7678991445105428
5,70,0.995,0.5,0.95,0.5,15,3,truncated_gaussian_measurement_noise,700,800,0,,,32.0,3.2,0.57,0.43,0.0,0.10594548291670881,0.5980790194663272,0.45025991606422755,1.0166050254400036
5,70,0.995,0.5,0.95,0.5,15,4,coordinated_turn_model_mismatch,900,1000,1,52.0,5.2,82.0,8.200000000000001,0.36,0.16,0.48,0.5593288844522287,0.9999999999670763,2.8307993511447704,4.059693731103213
5,70,0.995,0.5,0.95,0.5,15,5,process_noise_x_increased,1100,1300,1,116.0,11.600000000000001,0.0,0.0,0.565,0.24,0.195,0.33214203578165324,0.9997957817401854,1.448040005830922,4.161415438859654
7,35,0.95,0.5,0.95,0.5,15,0,measurement_outliers,100,200,0,,,29.0,2.9000000000000004,0.15,0.85,0.0,0.2022931864067594,0.37907079861887577,1.2531510447742344,3.430633275699088
7,35,0.95,0.5,0.95,0.5,15,1,measurement_noise_x_increased,300,400,0,,,80.0,8.0,0.0,1.0,0.0,0.2670523875450482,0.6888969882154568,0.5046697044224921,1.5606594160385188
7,35,0.95,0.5,0.95,0.5,15,2,measurement_noise_xy_decreased,500,600,0,,,51.0,5.1000000000000005,0.13,0.87,0.0,0.49791656937668693,0.7887688276285072,0.426090038928443,0.7678991445105428
7,35,0.95,0.5,0.95,0.5,15,3,truncated_gaussian_measurement_noise,700,800,0,,,27.0,2.7,0.29,0.71,0.0,0.4027505373336963,0.7432856446923715,0.45025991606422755,1.0166050254400036
7,35,0.95,0.5,0.95,0.5,15,4,coordinated_turn_model_mismatch,900,1000,1,35.0,3.5,54.0,5.4,0.0,0.35,0.65,0.7556857698876586,0.9999988416782649,2.8307993511447704,4.059693731103213
7,35,0.95,0.5,0.95,0.5,15,5,process_noise_x_increased,1100,1300,1,94.0,9.4,0.0,0.0,0.325,0.465,0.21,0.3738702257057172,0.9999821011033397,1.448040005830922,4.161415438859654
7,35,0.98,0.5,0.95,0.5,15,0,measurement_outliers,100,200,0,,,20.0,2.0,0.2,0.8,0.0,0.13380605664073986,0.30331075309400274,1.2531510447742344,3.430633275699088
7,35,0.98,0.5,0.95,0.5,15,1,measurement_noise_x_increased,300,400,0,,,76.0,7.6000000000000005,0.05,0.95,0.0,0.2075444418833858,0.6004804198383586,0.5046697044224921,1.5606594160385188
7,35,0.98,0.5,0.95,0.5,15,2,measurement_noise_xy_decreased,500,600,0,,,51.0,5.1000000000000005,0.18,0.82,0.0,0.4497370227409268,0.7665043244488122,0.426090038928443,0.7678991445105428
7,35,0.98,0.5,0.95,0.5,15,3,truncated_gaussian_measurement_noise,700,800,0,,,27.0,2.7,0.31,0.69,0.0,0.35895747178450427,0.6798445495884902,0.45025991606422755,1.0166050254400036
7,35,0.98,0.5,0.95,0.5,15,4,coordinated_turn_model_mismatch,900,1000,1,36.0,3.6,54.0,5.4,0.16,0.2,0.64,0.7408313816469739,0.9999995008429494,2.8307993511447704,4.059693731103213
7,35,0.98,0.5,0.95,0.5,15,5,process_noise_x_increased,1100,1300,1,95.0,9.5,0.0,0.0,0.38,0.405,0.215,0.3588585270081336,0.9999870646117045,1.448040005830922,4.161415438859654
7,35,0.99,0.5,0.95,0.5,15,0,measurement_outliers,100,200,0,,,18.0,1.8,0.41,0.59,0.0,0.09511827575278865,0.22951763742697256,1.2531510447742344,3.430633275699088
7,35,0.99,0.5,0.95,0.5,15,1,measurement_noise_x_increased,300,400,0,,,40.0,4.0,0.34,0.66,0.0,0.15927543108295747,0.5130821206560017,0.5046697044224921,1.5606594160385188
7,35,0.99,0.5,0.95,0.5,15,2,measurement_noise_xy_decreased,500,600,0,,,51.0,5.1000000000000005,0.21,0.79,0.0,0.42431968129763137,0.7575224874763883,0.426090038928443,0.7678991445105428
7,35,0.99,0.5,0.95,0.5,15,3,truncated_gaussian_measurement_noise,700,800,0,,,28.0,2.8000000000000003,0.31,0.69,0.0,0.31967095666629913,0.6293774687122987,0.45025991606422755,1.0166050254400036
7,35,0.99,0.5,0.95,0.5,15,4,coordinated_turn_model_mismatch,900,1000,1,36.0,3.6,53.0,5.300000000000001,0.18,0.18,0.64,0.7303325964825212,0.9999996334088334,2.8307993511447704,4.059693731103213
7,35,0.99,0.5,0.95,0.5,15,5,process_noise_x_increased,1100,1300,1,96.0,9.600000000000001,0.0,0.0,0.415,0.37,0.215,0.3485629028794292,0.9999757378133112,1.448040005830922,4.161415438859654
7,35,0.995,0.5,0.95,0.5,15,0,measurement_outliers,100,200,0,,,13.0,1.3,0.18,0.82,0.0,0.10857837688282768,0.24439186406914576,1.2531510447742344,3.430633275699088
7,35,0.995,0.5,0.95,0.5,15,1,measurement_noise_x_increased,300,400,0,,,33.0,3.3000000000000003,0.6,0.4,0.0,0.1701286435107602,0.526827657650403,0.5046697044224921,1.5606594160385188
7,35,0.995,0.5,0.95,0.5,15,2,measurement_noise_xy_decreased,500,600,0,,,50.0,5.0,0.23,0.77,0.0,0.3971358725118538,0.7223331144627451,0.426090038928443,0.7678991445105428
7,35,0.995,0.5,0.95,0.5,15,3,truncated_gaussian_measurement_noise,700,800,0,,,28.0,2.8000000000000003,0.31,0.69,0.0,0.312217594163538,0.8101107804137938,0.45025991606422755,1.0166050254400036
7,35,0.995,0.5,0.95,0.5,15,4,coordinated_turn_model_mismatch,900,1000,1,36.0,3.6,54.0,5.4,0.19,0.17,0.64,0.7347166368030917,0.9999997711613121,2.8307993511447704,4.059693731103213
7,35,0.995,0.5,0.95,0.5,15,5,process_noise_x_increased,1100,1300,1,95.0,9.5,0.0,0.0,0.42,0.35,0.23,0.34608985815185345,0.9999879442358017,1.448040005830922,4.161415438859654
7,50,0.95,0.5,0.95,0.5,15,0,measurement_outliers,100,200,0,,,19.0,1.9000000000000001,0.27,0.73,0.0,0.10585972106437586,0.2822611545146157,1.2531510447742344,3.430633275699088
7,50,0.95,0.5,0.95,0.5,15,1,measurement_noise_x_increased,300,400,0,,,34.0,3.4000000000000004,0.33,0.67,0.0,0.15965526961571966,0.6310146739938888,0.5046697044224921,1.5606594160385188
7,50,0.95,0.5,0.95,0.5,15,2,measurement_noise_xy_decreased,500,600,0,,,50.0,5.0,0.21,0.79,0.0,0.4027212969325986,0.7443085242054907,0.426090038928443,0.7678991445105428
7,50,0.95,0.5,0.95,0.5,15,3,truncated_gaussian_measurement_noise,700,800,0,,,28.0,2.8000000000000003,0.37,0.63,0.0,0.3145135412027924,0.7250127136485991,0.45025991606422755,1.0166050254400036
7,50,0.95,0.5,0.95,0.5,15,4,coordinated_turn_model_mismatch,900,1000,1,44.0,4.4,61.0,6.1000000000000005,0.21,0.23,0.56,0.6812941818108148,0.9999997157974927,2.8307993511447704,4.059693731103213
7,50,0.95,0.5,0.95,0.5,15,5,process_noise_x_increased,1100,1300,1,104.0,10.4,0.0,0.0,0.425,0.385,0.19,0.3483498752961694,0.9999816011003981,1.448040005830922,4.161415438859654
7,50,0.98,0.5,0.95,0.5,15,0,measurement_outliers,100,200,0,,,18.0,1.8,0.4,0.6,0.0,0.08885331465374623,0.23977624395336683,1.2531510447742344,3.430633275699088
7,50,0.98,0.5,0.95,0.5,15,1,measurement_noise_x_increased,300,400,0,,,33.0,3.3000000000000003,0.61,0.39,0.0,0.10759049027199534,0.47209115237493354,0.5046697044224921,1.5606594160385188
7,50,0.98,0.5,0.95,0.5,15,2,measurement_noise_xy_decreased,500,600,0,,,36.0,3.6,0.26,0.74,0.0,0.3718298264319889,0.6967998412352697,0.426090038928443,0.7678991445105428
7,50,0.98,0.5,0.95,0.5,15,3,truncated_gaussian_measurement_noise,700,800,0,,,29.0,2.9000000000000004,0.43,0.57,0.0,0.271148379665132,0.7263845027113953,0.45025991606422755,1.0166050254400036
7,50,0.98,0.5,0.95,0.5,15,4,coordinated_turn_model_mismatch,900,1000,1,45.0,4.5,63.0,6.300000000000001,0.23,0.22,0.55,0.6686441920719177,0.9999997736195257,2.8307993511447704,4.059693731103213
7,50,0.98,0.5,0.95,0.5,15,5,process_noise_x_increased,1100,1300,1,105.0,10.5,0.0,0.0,0.445,0.36,0.195,0.34216366272506255,0.9999717846166736,1.448040005830922,4.161415438859654
7,50,0.99,0.5,0.95,0.5,15,0,measurement_outliers,100,200,0,,,16.0,1.6,0.55,0.45,0.0,0.06448514388297107,0.24537388073049,1.2531510447742344,3.430633275699088
7,50,0.99,0.5,0.95,0.5,15,1,measurement_noise_x_increased,300,400,0,,,31.0,3.1,0.66,0.34,0.0,0.073897237367425,0.39436722150160963,0.5046697044224921,1.5606594160385188
7,50,0.99,0.5,0.95,0.5,15,2,measurement_noise_xy_decreased,500,600,0,,,34.0,3.4000000000000004,0.33,0.67,0.0,0.3520351590107483,0.6687540013595067,0.426090038928443,0.7678991445105428
7,50,0.99,0.5,0.95,0.5,15,3,truncated_gaussian_measurement_noise,700,800,0,,,32.0,3.2,0.43,0.57,0.0,0.23874176870194672,0.707110549358273,0.45025991606422755,1.0166050254400036
7,50,0.99,0.5,0.95,0.5,15,4,coordinated_turn_model_mismatch,900,1000,1,45.0,4.5,62.0,6.2,0.24,0.21,0.55,0.6609687532049944,0.9999998854993901,2.8307993511447704,4.059693731103213
7,50,0.99,0.5,0.95,0.5,15,5,process_noise_x_increased,1100,1300,1,104.0,10.4,0.0,0.0,0.455,0.34,0.205,0.33955176611730614,0.9999508882037661,1.448040005830922,4.161415438859654
7,50,0.995,0.5,0.95,0.5,15,0,measurement_outliers,100,200,0,,,14.0,1.4000000000000001,0.41,0.59,0.0,0.06053252578526897,0.2219449305750783,1.2531510447742344,3.430633275699088
7,50,0.995,0.5,0.95,0.5,15,1,measurement_noise_x_increased,300,400,0,,,29.0,2.9000000000000004,0.72,0.28,0.0,0.05862690993826836,0.24100727561546137,0.5046697044224921,1.5606594160385188
7,50,0.995,0.5,0.95,0.5,15,2,measurement_noise_xy_decreased,500,600,0,,,51.0,5.1000000000000005,0.26,0.74,0.0,0.39451941919788225,0.7325574612272481,0.426090038928443,0.7678991445105428
7,50,0.995,0.5,0.95,0.5,15,3,truncated_gaussian_measurement_noise,700,800,0,,,34.0,3.4000000000000004,0.42,0.58,0.0,0.24359190484539173,0.7433929842613866,0.45025991606422755,1.0166050254400036
7,50,0.995,0.5,0.95,0.5,15,4,coordinated_turn_model_mismatch,900,1000,1,45.0,4.5,63.0,6.300000000000001,0.27,0.18,0.55,0.6618219974162862,0.9999999135094739,2.8307993511447704,4.059693731103213
7,50,0.995,0.5,0.95,0.5,15,5,process_noise_x_increased,1100,1300,1,106.0,10.600000000000001,0.0,0.0,0.48,0.315,0.205,0.3339532852662695,0.999960109620618,1.448040005830922,4.161415438859654
7,70,0.95,0.5,0.95,0.5,15,0,measurement_outliers,100,200,0,,,2.0,0.2,0.58,0.42,0.0,0.044158364240267554,0.13707446912569915,1.2531510447742344,3.430633275699088
7,70,0.95,0.5,0.95,0.5,15,1,measurement_noise_x_increased,300,400,0,,,37.0,3.7,0.66,0.34,0.0,0.059723633114008384,0.22723799206617576,0.5046697044224921,1.5606594160385188
7,70,0.95,0.5,0.95,0.5,15,2,measurement_noise_xy_decreased,500,600,0,,,32.0,3.2,0.37,0.63,0.0,0.30398467531800777,0.6920436626555989,0.426090038928443,0.7678991445105428
7,70,0.95,0.5,0.95,0.5,15,3,truncated_gaussian_measurement_noise,700,800,0,,,37.0,3.7,0.51,0.49,0.0,0.19731071997546462,0.6859146829936492,0.45025991606422755,1.0166050254400036
7,70,0.95,0.5,0.95,0.5,15,4,coordinated_turn_model_mismatch,900,1000,1,55.0,5.5,73.0,7.300000000000001,0.32,0.23,0.45,0.5721569746782613,0.9999999326195615,2.8307993511447704,4.059693731103213
7,70,0.95,0.5,0.95,0.5,15,5,process_noise_x_increased,1100,1300,1,120.0,12.0,0.0,0.0,0.5,0.335,0.165,0.34562272073051326,0.9974687251594629,1.448040005830922,4.161415438859654
7,70,0.98,0.5,0.95,0.5,15,0,measurement_outliers,100,200,0,,,0.0,0.0,0.67,0.33,0.0,0.030529513090359804,0.10495914724024052,1.2531510447742344,3.430633275699088
7,70,0.98,0.5,0.95,0.5,15,1,measurement_noise_x_increased,300,400,0,,,37.0,3.7,0.69,0.31,0.0,0.03579339142036669,0.13297716735768697,0.5046697044224921,1.5606594160385188
7,70,0.98,0.5,0.95,0.5,15,2,measurement_noise_xy_decreased,500,600,0,,,32.0,3.2,0.42,0.58,0.0,0.28312781448300073,0.6525959077514141,0.426090038928443,0.7678991445105428
7,70,0.98,0.5,0.95,0.5,15,3,truncated_gaussian_measurement_noise,700,800,0,,,34.0,3.4000000000000004,0.59,0.41,0.0,0.15682241532006042,0.5891677807396132,0.45025991606422755,1.0166050254400036
7,70,0.98,0.5,0.95,0.5,15,4,coordinated_turn_model_mismatch,900,1000,1,55.0,5.5,71.0,7.1000000000000005,0.33,0.22,0.45,0.5615926053134381,0.9999999526361333,2.8307993511447704,4.059693731103213
7,70,0.98,0.5,0.95,0.5,15,5,process_noise_x_increased,1100,1300,1,119.0,11.9,0.0,0.0,0.505,0.34,0.155,0.3429820341694589,0.9975064738664117,1.448040005830922,4.161415438859654
7,70,0.99,0.5,0.95,0.5,15,0,measurement_outliers,100,200,0,,,0.0,0.0,0.83,0.17,0.0,0.020279784566351905,0.07484333079204174,1.2531510447742344,3.430633275699088
7,70,0.99,0.5,0.95,0.5,15,1,measurement_noise_x_increased,300,400,0,,,30.0,3.0,0.76,0.24,0.0,0.03015587010390836,0.12964074890162883,0.5046697044224921,1.5606594160385188
7,70,0.99,0.5,0.95,0.5,15,2,measurement_noise_xy_decreased,500,600,0,,,33.0,3.3000000000000003,0.44,0.56,0.0,0.26605785050727637,0.6096135727933891,0.426090038928443,0.7678991445105428
7,70,0.99,0.5,0.95,0.5,15,3,truncated_gaussian_measurement_noise,700,800,0,,,34.0,3.4000000000000004,0.56,0.44,0.0,0.1415153082777204,0.5739417061955077,0.45025991606422755,1.0166050254400036
7,70,0.99,0.5,0.95,0.5,15,4,coordinated_turn_model_mismatch,900,1000,1,55.0,5.5,71.0,7.1000000000000005,0.34,0.21,0.45,0.5550964239901944,0.9999999293805263,2.8307993511447704,4.059693731103213
7,70,0.99,0.5,0.95,0.5,15,5,process_noise_x_increased,1100,1300,1,120.0,12.0,0.0,0.0,0.51,0.345,0.145,0.3420413551371804,0.9978393471760261,1.448040005830922,4.161415438859654
7,70,0.995,0.5,0.95,0.5,15,0,measurement_outliers,100,200,0,,,0.0,0.0,0.71,0.29,0.0,0.02928442496914234,0.1055010488568269,1.2531510447742344,3.430633275699088
7,70,0.995,0.5,0.95,0.5,15,1,measurement_noise_x_increased,300,400,0,,,30.0,3.0,0.8,0.2,0.0,0.03582405431242333,0.20714105170073827,0.5046697044224921,1.5606594160385188
7,70,0.995,0.5,0.95,0.5,15,2,measurement_noise_xy_decreased,500,600,0,,,34.0,3.4000000000000004,0.41,0.59,0.0,0.2458089848428139,0.5674193963945582,0.426090038928443,0.7678991445105428
7,70,0.995,0.5,0.95,0.5,15,3,truncated_gaussian_measurement_noise,700,800,0,,,34.0,3.4000000000000004,0.52,0.48,0.0,0.12975825848774056,0.5964835390022574,0.45025991606422755,1.0166050254400036
7,70,0.995,0.5,0.95,0.5,15,4,coordinated_turn_model_mismatch,900,1000,1,57.0,5.7,71.0,7.1000000000000005,0.33,0.24,0.43,0.5580698556808673,0.9999999447028086,2.8307993511447704,4.059693731103213
7,70,0.995,0.5,0.95,0.5,15,5,process_noise_x_increased,1100,1300,1,119.0,11.9,0.0,0.0,0.54,0.31,0.15,0.33931120791087493,0.9973939177384016,1.448040005830922,4.161415438859654
10,50,0.95,0.5,0.95,0.5,15,0,measurement_outliers,100,200,0,,,36.0,3.6,0.14,0.86,0.0,0.1456496203497414,0.31137687766686056,1.2531510447742344,3.430633275699088
10,50,0.95,0.5,0.95,0.5,15,1,measurement_noise_x_increased,300,400,0,,,,,0.15,0.85,0.0,0.16571563438183123,0.42691230695474747,0.5046697044224921,1.5606594160385188
10,50,0.95,0.5,0.95,0.5,15,2,measurement_noise_xy_decreased,500,600,0,,,50.0,5.0,0.06,0.94,0.0,0.3707463752084721,0.6475474426435943,0.426090038928443,0.7678991445105428
10,50,0.95,0.5,0.95,0.5,15,3,truncated_gaussian_measurement_noise,700,800,0,,,39.0,3.9000000000000004,0.3,0.7,0.0,0.2782932680604075,0.6526378264647266,0.45025991606422755,1.0166050254400036
10,50,0.95,0.5,0.95,0.5,15,4,coordinated_turn_model_mismatch,900,1000,1,54.0,5.4,,,0.11,0.43,0.46,0.6243360535050492,0.9998118821586427,2.8307993511447704,4.059693731103213
10,50,0.95,0.5,0.95,0.5,15,5,process_noise_x_increased,1100,1300,1,113.0,11.3,0.0,0.0,0.315,0.56,0.125,0.36043280004535816,0.9948022529732037,1.448040005830922,4.161415438859654
10,50,0.98,0.5,0.95,0.5,15,0,measurement_outliers,100,200,0,,,27.0,2.7,0.36,0.64,0.0,0.09698532559706846,0.2083945151411674,1.2531510447742344,3.430633275699088
10,50,0.98,0.5,0.95,0.5,15,1,measurement_noise_x_increased,300,400,0,,,81.0,8.1,0.46,0.54,0.0,0.11460978088568292,0.32015947812120393,0.5046697044224921,1.5606594160385188
10,50,0.98,0.5,0.95,0.5,15,2,measurement_noise_xy_decreased,500,600,0,,,49.0,4.9,0.18,0.82,0.0,0.3054781193461555,0.5776925355713352,0.426090038928443,0.7678991445105428
10,50,0.98,0.5,0.95,0.5,15,3,truncated_gaussian_measurement_noise,700,800,0,,,37.0,3.7,0.38,0.62,0.0,0.20556442713392936,0.5722458516991793,0.45025991606422755,1.0166050254400036
10,50,0.98,0.5,0.95,0.5,15,4,coordinated_turn_model_mismatch,900,1000,1,61.0,6.1000000000000005,,,0.25,0.36,0.39,0.5733295766297453,0.9994675819078728,2.8307993511447704,4.059693731103213
10,50,0.98,0.5,0.95,0.5,15,5,process_noise_x_increased,1100,1300,1,120.0,12.0,0.0,0.0,0.375,0.545,0.08,0.338712655369966,0.9774984806971901,1.448040005830922,4.161415438859654
10,50,0.99,0.5,0.95,0.5,15,0,measurement_outliers,100,200,0,,,18.0,1.8,0.53,0.47,0.0,0.05814035574102508,0.1403611818987058,1.2531510447742344,3.430633275699088
10,50,0.99,0.5,0.95,0.5,15,1,measurement_noise_x_increased,300,400,0,,,58.0,5.800000000000001,0.58,0.42,0.0,0.07401106710417142,0.22224450766874734,0.5046697044224921,1.5606594160385188
10,50,0.99,0.5,0.95,0.5,15,2,measurement_noise_xy_decreased,500,600,0,,,48.0,4.800000000000001,0.26,0.74,0.0,0.23077575479177193,0.5129980456253495,0.426090038928443,0.7678991445105428
10,50,0.99,0.5,0.95,0.5,15,3,truncated_gaussian_measurement_noise,700,800,0,,,37.0,3.7,0.48,0.52,0.0,0.13915252006489498,0.4551641804652514,0.45025991606422755,1.0166050254400036
10,50,0.99,0.5,0.95,0.5,15,4,coordinated_turn_model_mismatch,900,1000,1,71.0,7.1000000000000005,,,0.31,0.4,0.29,0.5141533592990983,0.9979210483253702,2.8307993511447704,4.059693731103213
10,50,0.99,0.5,0.95,0.5,15,5,process_noise_x_increased,1100,1300,0,,,0.0,0.0,0.405,0.595,0.0,0.3059222400122615,0.9343246065955194,1.448040005830922,4.161415438859654
10,50,0.995,0.5,0.95,0.5,15,0,measurement_outliers,100,200,0,,,2.0,0.2,0.83,0.17,0.0,0.027362770434399653,0.07663128686396713,1.2531510447742344,3.430633275699088
10,50,0.995,0.5,0.95,0.5,15,1,measurement_noise_x_increased,300,400,0,,,43.0,4.3,0.66,0.34,0.0,0.03943066438891614,0.13355184690809216,0.5046697044224921,1.5606594160385188
10,50,0.995,0.5,0.95,0.5,15,2,measurement_noise_xy_decreased,500,600,0,,,46.0,4.6000000000000005,0.42,0.58,0.0,0.13986225675458377,0.3914984423109436,0.426090038928443,0.7678991445105428
10,50,0.995,0.5,0.95,0.5,15,3,truncated_gaussian_measurement_noise,700,800,0,,,32.0,3.2,0.57,0.43,0.0,0.07769990529478016,0.3043925385449101,0.45025991606422755,1.0166050254400036
10,50,0.995,0.5,0.95,0.5,15,4,coordinated_turn_model_mismatch,900,1000,1,83.0,8.3,,,0.36,0.47,0.17,0.426127612698218,0.9901348930644084,2.8307993511447704,4.059693731103213
10,50,0.995,0.5,0.95,0.5,15,5,process_noise_x_increased,1100,1300,0,,,0.0,0.0,0.41,0.59,0.0,0.24901802271890847,0.8149394984817133,1.448040005830922,4.161415438859654
10,70,0.95,0.5,0.95,0.5,15,0,measurement_outliers,100,200,0,,,27.0,2.7,0.51,0.49,0.0,0.0682393302257396,0.1583111910067824,1.2531510447742344,3.430633275699088
10,70,0.95,0.5,0.95,0.5,15,1,measurement_noise_x_increased,300,400,0,,,58.0,5.800000000000001,0.56,0.44,0.0,0.07790185983590035,0.23811881484049455,0.5046697044224921,1.5606594160385188
10,70,0.95,0.5,0.95,0.5,15,2,measurement_noise_xy_decreased,500,600,0,,,50.0,5.0,0.23,0.77,0.0,0.2615316528958596,0.5648810162204663,0.426090038928443,0.7678991445105428
10,70,0.95,0.5,0.95,0.5,15,3,truncated_gaussian_measurement_noise,700,800,0,,,39.0,3.9000000000000004,0.5,0.5,0.0,0.14688355053278807,0.504342839626354,0.45025991606422755,1.0166050254400036
10,70,0.95,0.5,0.95,0.5,15,4,coordinated_turn_model_mismatch,900,1000,1,71.0,7.1000000000000005,88.0,8.8,0.32,0.39,0.29,0.5039875485043825,0.9998338427399537,2.8307993511447704,4.059693731103213
10,70,0.95,0.5,0.95,0.5,15,5,process_noise_x_increased,1100,1300,0,,,0.0,0.0,0.425,0.575,0.0,0.3323784525113653,0.9424590694101329,1.448040005830922,4.161415438859654
10,70,0.98,0.5,0.95,0.5,15,0,measurement_outliers,100,200,0,,,19.0,1.9000000000000001,0.61,0.39,0.0,0.043710962084174,0.12116619857336478,1.2531510447742344,3.430633275699088
10,70,0.98,0.5,0.95,0.5,15,1,measurement_noise_x_increased,300,400,0,,,48.0,4.800000000000001,0.63,0.37,0.0,0.052137896841512446,0.17188357957131503,0.5046697044224921,1.5606594160385188
10,70,0.98,0.5,0.95,0.5,15,2,measurement_noise_xy_decreased,500,600,0,,,49.0,4.9,0.31,0.69,0.0,0.20405436463299156,0.5190825103546132,0.426090038928443,0.7678991445105428
10,70,0.98,0.5,0.95,0.5,15,3,truncated_gaussian_measurement_noise,700,800,0,,,39.0,3.9000000000000004,0.56,0.44,0.0,0.09972274812434417,0.3989206366507062,0.45025991606422755,1.0166050254400036
10,70,0.98,0.5,0.95,0.5,15,4,coordinated_turn_model_mismatch,900,1000,1,78.0,7.800000000000001,,,0.35,0.43,0.22,0.45272479749753286,0.9993457732836779,2.8307993511447704,4.059693731103213
10,70,0.98,0.5,0.95,0.5,15,5,process_noise_x_increased,1100,1300,0,,,0.0,0.0,0.43,0.57,0.0,0.30304997687176277,0.8726571284782347,1.448040005830922,4.161415438859654
10,70,0.99,0.5,0.95,0.5,15,0,measurement_outliers,100,200,0,,,0.0,0.0,0.82,0.18,0.0,0.02528647918685484,0.0819457504847484,1.2531510447742344,3.430633275699088
10,70,0.99,0.5,0.95,0.5,15,1,measurement_noise_x_increased,300,400,0,,,44.0,4.4,0.75,0.25,0.0,0.032463319334021606,0.1185384803464769,0.5046697044224921,1.5606594160385188
10,70,0.99,0.5,0.95,0.5,15,2,measurement_noise_xy_decreased,500,600,0,,,48.0,4.800000000000001,0.44,0.56,0.0,0.14535401633516767,0.43497857334091294,0.426090038928443,0.7678991445105428
10,70,0.99,0.5,0.95,0.5,15,3,truncated_gaussian_measurement_noise,700,800,0,,,37.0,3.7,0.65,0.35,0.0,0.0626657195798806,0.2850207900365521,0.45025991606422755,1.0166050254400036
10,70,0.99,0.5,0.95,0.5,15,4,coordinated_turn_model_mismatch,900,1000,1,83.0,8.3,,,0.4,0.43,0.17,0.39333595335619365,0.9966782516743765,2.8307993511447704,4.059693731103213
10,70,0.99,0.5,0.95,0.5,15,5,process_noise_x_increased,1100,1300,0,,,1.0,0.1,0.435,0.565,0.0,0.26005474223889347,0.7582846769301422,1.448040005830922,4.161415438859654
10,70,0.995,0.5,0.95,0.5,15,0,measurement_outliers,100,200,0,,,0.0,0.0,1.0,0.0,0.0,0.011597808831779119,0.040788265857106466,1.2531510447742344,3.430633275699088
10,70,0.995,0.5,0.95,0.5,15,1,measurement_noise_x_increased,300,400,0,,,35.0,3.5,0.86,0.14,0.0,0.01654030067359621,0.06839580718954949,0.5046697044224921,1.5606594160385188
10,70,0.995,0.5,0.95,0.5,15,2,measurement_noise_xy_decreased,500,600,0,,,45.0,4.5,0.54,0.46,0.0,0.08049151541275291,0.30083284168667274,0.426090038928443,0.7678991445105428
10,70,0.995,0.5,0.95,0.5,15,3,truncated_gaussian_measurement_noise,700,800,0,,,30.0,3.0,0.75,0.25,0.0,0.03278795903528771,0.16637475474335378,0.45025991606422755,1.0166050254400036
10,70,0.995,0.5,0.95,0.5,15,4,coordinated_turn_model_mismatch,900,1000,1,92.0,9.200000000000001,,,0.45,0.47,0.08,0.30836535358526046,0.97833792516441,2.8307993511447704,4.059693731103213
10,70,0.995,0.5,0.95,0.5,15,5,process_noise_x_increased,1100,1300,0,,,1.0,0.1,0.455,0.545,0.0,0.1964004074482656,0.5710637139332216,1.448040005830922,4.161415438859654
5,25,0.95,0.5,0.95,0.5,16,0,measurement_outliers,100,200,0,,,14.0,1.4000000000000001,0.19,0.81,0.0,0.18880310979834078,0.4923450080497678,1.445572582479934,4.637370111637875
5,25,0.95,0.5,0.95,0.5,16,1,measurement_noise_x_increased,300,400,0,,,15.0,1.5,0.14,0.86,0.0,0.16837472766073452,0.36637873648298863,0.6638685188387373,1.6316147668688372
5,25,0.95,0.5,0.95,0.5,16,2,measurement_noise_xy_decreased,500,600,0,,,19.0,1.9000000000000001,0.0,1.0,0.0,0.6178010044085858,0.8895555092205826,0.3534620972744834,0.728017448580773
5,25,0.95,0.5,0.95,0.5,16,3,truncated_gaussian_measurement_noise,700,800,0,,,18.0,1.8,0.17,0.83,0.0,0.492914560977216,0.8990616679318014,0.3961507158991756,0.9023487947637837
5,25,0.95,0.5,0.95,0.5,16,4,coordinated_turn_model_mismatch,900,1000,1,30.0,3.0,47.0,4.7,0.15,0.15,0.7,0.750291914262461,0.9999876793261882,2.298586838789751,3.4629566985868534
5,25,0.95,0.5,0.95,0.5,16,5,process_noise_x_increased,1100,1300,0,,,17.0,1.7000000000000002,0.31,0.69,0.0,0.2302046681261021,0.8516832066837233,0.79103947811742,2.2193753490950154
5,25,0.98,0.5,0.95,0.5,16,0,measurement_outliers,100,200,0,,,0.0,0.0,0.36,0.64,0.0,0.12860435101255296,0.38322214335556454,1.445572582479934,4.637370111637875
5,25,0.98,0.5,0.95,0.5,16,1,measurement_noise_x_increased,300,400,0,,,14.0,1.4000000000000001,0.24,0.76,0.0,0.11995747066656753,0.24655433238610336,0.6638685188387373,1.6316147668688372
5,25,0.98,0.5,0.95,0.5,16,2,measurement_noise_xy_decreased,500,600,0,,,19.0,1.9000000000000001,0.06,0.94,0.0,0.56118647606455,0.8800229110385465,0.3534620972744834,0.728017448580773
5,25,0.98,0.5,0.95,0.5,16,3,truncated_gaussian_measurement_noise,700,800,0,,,12.0,1.2000000000000002,0.2,0.8,0.0,0.46660188244245276,0.8473266493723678,0.3961507158991756,0.9023487947637837
5,25,0.98,0.5,0.95,0.5,16,4,coordinated_turn_model_mismatch,900,1000,1,35.0,3.5,49.0,4.9,0.2,0.15,0.65,0.7330244578059733,0.9999979881711715,2.298586838789751,3.4629566985868534
5,25,0.98,0.5,0.95,0.5,16,5,process_noise_x_increased,1100,1300,0,,,17.0,1.7000000000000002,0.48,0.52,0.0,0.20477619905219688,0.7748230285173526,0.79103947811742,2.2193753490950154
5,25,0.99,0.5,0.95,0.5,16,0,measurement_outliers,100,200,0,,,0.0,0.0,0.42,0.58,0.0,0.07938517895080563,0.24869407491402037,1.445572582479934,4.637370111637875
5,25,0.99,0.5,0.95,0.5,16,1,measurement_noise_x_increased,300,400,0,,,11.0,1.1,0.29,0.71,0.0,0.07597641980588293,0.16799960865297006,0.6638685188387373,1.6316147668688372
5,25,0.99,0.5,0.95,0.5,16,2,measurement_noise_xy_decreased,500,600,0,,,19.0,1.9000000000000001,0.17,0.83,0.0,0.5500438879942839,0.8743287353472127,0.3534620972744834,0.728017448580773
5,25,0.99,0.5,0.95,0.5,16,3,truncated_gaussian_measurement_noise,700,800,0,,,12.0,1.2000000000000002,0.17,0.83,0.0,0.4789380985892901,0.8278372470478684,0.3961507158991756,0.9023487947637837
5,25,0.99,0.5,0.95,0.5,16,4,coordinated_turn_model_mismatch,900,1000,1,31.0,3.1,48.0,4.800000000000001,0.23,0.08,0.69,0.7339086650945899,0.9999998997734711,2.298586838789751,3.4629566985868534
5,25,0.99,0.5,0.95,0.5,16,5,process_noise_x_increased,1100,1300,0,,,0.0,0.0,0.54,0.46,0.0,0.1842410769305989,0.7818099516264211,0.79103947811742,2.2193753490950154
5,25,0.995,0.5,0.95,0.5,16,0,measurement_outliers,100,200,0,,,0.0,0.0,0.39,0.61,0.0,0.16307402736218954,0.5679436737750985,1.445572582479934,4.637370111637875
5,25,0.995,0.5,0.95,0.5,16,1,measurement_noise_x_increased,300,400,0,,,8.0,0.8,0.67,0.33,0.0,0.0348614853430776,0.08533597181770401,0.6638685188387373,1.6316147668688372
5,25,0.995,0.5,0.95,0.5,16,2,measurement_noise_xy_decreased,500,600,0,,,21.0,2.1,0.19,0.81,0.0,0.5331176704935965,0.8521211764229968,0.3534620972744834,0.728017448580773
5,25,0.995,0.5,0.95,0.5,16,3,truncated_gaussian_measurement_noise,700,800,0,,,29.0,2.9000000000000004,0.17,0.83,0.0,0.5622525796565465,0.9253019027578048,0.3961507158991756,0.9023487947637837
5,25,0.995,0.5,0.95,0.5,16,4,coordinated_turn_model_mismatch,900,1000,1,32.0,3.2,51.0,5.1000000000000005,0.21,0.11,0.68,0.7401153483587776,0.9999999512151206,2.298586838789751,3.4629566985868534
5,25,0.995,0.5,0.95,0.5,16,5,process_noise_x_increased,1100,1300,0,,,0.0,0.0,0.455,0.545,0.0,0.18622496767107907,0.7164561450691878,0.79103947811742,2.2193753490950154
5,35,0.95,0.5,0.95,0.5,16,0,measurement_outliers,100,200,0,,,0.0,0.0,0.37,0.63,0.0,0.12854721945517025,0.4704793249684239,1.445572582479934,4.637370111637875
5,35,0.95,0.5,0.95,0.5,16,1,measurement_noise_x_increased,300,400,0,,,13.0,1.3,0.28,0.72,0.0,0.11516335222592694,0.2567644710782799,0.6638685188387373,1.6316147668688372
5,35,0.95,0.5,0.95,0.5,16,2,measurement_noise_xy_decreased,500,600,0,,,19.0,1.9000000000000001,0.09,0.91,0.0,0.5703305290146471,0.9185810089951735,0.3534620972744834,0.728017448580773
5,35,0.95,0.5,0.95,0.5,16,3,truncated_gaussian_measurement_noise,700,800,0,,,12.0,1.2000000000000002,0.23,0.77,0.0,0.43235304863678137,0.8440971792021161,0.3961507158991756,0.9023487947637837
5,35,0.95,0.5,0.95,0.5,16,4,coordinated_turn_model_mismatch,900,1000,1,39.0,3.9000000000000004,49.0,4.9,0.22,0.17,0.61,0.6938815443640687,0.9999990434575265,2.298586838789751,3.4629566985868534
5,35,0.95,0.5,0.95,0.5,16,5,process_noise_x_increased,1100,1300,0,,,0.0,0.0,0.545,0.455,0.0,0.1922340430686567,0.8462215919317239,0.79103947811742,2.2193753490950154
5,35,0.98,0.5,0.95,0.5,16,0,measurement_outliers,100,200,0,,,0.0,0.0,0.47,0.53,0.0,0.08692646215317279,0.30282906987948016,1.445572582479934,4.637370111637875
5,35,0.98,0.5,0.95,0.5,16,1,measurement_noise_x_increased,300,400,0,,,9.0,0.9,0.3,0.7,0.0,0.07951177496467585,0.18865676247961746,0.6638685188387373,1.6316147668688372
5,35,0.98,0.5,0.95,0.5,16,2,measurement_noise_xy_decreased,500,600,0,,,20.0,2.0,0.18,0.82,0.0,0.5452109118084644,0.9158016857739899,0.3534620972744834,0.728017448580773
5,35,0.98,0.5,0.95,0.5,16,3,truncated_gaussian_measurement_noise,700,800,0,,,12.0,1.2000000000000002,0.27,0.73,0.0,0.40587280630445344,0.788998889791916,0.3961507158991756,0.9023487947637837
5,35,0.98,0.5,0.95,0.5,16,4,coordinated_turn_model_mismatch,900,1000,1,39.0,3.9000000000000004,51.0,5.1000000000000005,0.25,0.14,0.61,0.6794244369600605,0.9999998567437344,2.298586838789751,3.4629566985868534
5,35,0.98,0.5,0.95,0.5,16,5,process_noise_x_increased,1100,1300,0,,,0.0,0.0,0.545,0.455,0.0,0.16384677932184621,0.7505288628401666,0.79103947811742,2.2193753490950154
5,35,0.99,0.5,0.95,0.5,16,0,measurement_outliers,100,200,0,,,0.0,0.0,0.57,0.43,0.0,0.05126062663036182,0.17957247924834982,1.445572582479934,4.637370111637875
5,35,0.99,0.5,0.95,0.5,16,1,measurement_noise_x_increased,300,400,0,,,9.0,0.9,0.47,0.53,0.0,0.048327781677900104,0.1231826548197348,0.6638685188387373,1.6316147668688372
5,35,0.99,0.5,0.95,0.5,16,2,measurement_noise_xy_decreased,500,600,0,,,29.0,2.9000000000000004,0.23,0.77,0.0,0.5598002975301825,0.9147735537981352,0.3534620972744834,0.728017448580773
5,35,0.99,0.5,0.95,0.5,16,3,truncated_gaussian_measurement_noise,700,800,0,,,12.0,1.2000000000000002,0.24,0.76,0.0,0.47812558380664777,0.9064378733021249,0.3961507158991756,0.9023487947637837
5,35,0.99,0.5,0.95,0.5,16,4,coordinated_turn_model_mismatch,900,1000,1,35.0,3.5,50.0,5.0,0.28,0.07,0.65,0.6743421316505579,0.9999998108910866,2.298586838789751,3.4629566985868534
5,35,0.99,0.5,0.95,0.5,16,5,process_noise_x_increased,1100,1300,0,,,0.0,0.0,0.555,0.445,0.0,0.17173215357119645,0.7668250974936102,0.79103947811742,2.2193753490950154
5,35,0.995,0.5,0.95,0.5,16,0,measurement_outliers,100,200,0,,,0.0,0.0,0.64,0.36,0.0,0.037801235959772195,0.11532487348740736,1.445572582479934,4.637370111637875
5,35,0.995,0.5,0.95,0.5,16,1,measurement_noise_x_increased,300,400,0,,,8.0,0.8,0.34,0.66,0.0,0.049041532098177895,0.10640081039008885,0.6638685188387373,1.6316147668688372
5,35,0.995,0.5,0.95,0.5,16,2,measurement_noise_xy_decreased,500,600,0,,,29.0,2.9000000000000004,0.22,0.78,0.0,0.5960094727766719,0.9318984200640308,0.3534620972744834,0.728017448580773
5,35,0.995,0.5,0.95,0.5,16,3,truncated_gaussian_measurement_noise,700,800,0,,,12.0,1.2000000000000002,0.25,0.75,0.0,0.48318124534047224,0.8788598945926702,0.3961507158991756,0.9023487947637837
5,35,0.995,0.5,0.95,0.5,16,4,coordinated_turn_model_mismatch,900,1000,1,37.0,3.7,50.0,5.0,0.28,0.09,0.63,0.6718707100145691,0.9999999575511519,2.298586838789751,3.4629566985868534
5,35,0.995,0.5,0.95,0.5,16,5,process_noise_x_increased,1100,1300,0,,,0.0,0.0,0.605,0.395,0.0,0.14024595257019234,0.6272678526962829,0.79103947811742,2.2193753490950154
5,50,0.95,0.5,0.95,0.5,16,0,measurement_outliers,100,200,0,,,0.0,0.0,0.58,0.42,0.0,0.06577336467090363,0.2823454512885835,1.445572582479934,4.637370111637875
5,50,0.95,0.5,0.95,0.5,16,1,measurement_noise_x_increased,300,400,0,,,9.0,0.9,0.44,0.56,0.0,0.05898303039816034,0.1617031360481139,0.6638685188387373,1.6316147668688372
5,50,0.95,0.5,0.95,0.5,16,2,measurement_noise_xy_decreased,500,600,0,,,29.0,2.9000000000000004,0.23,0.77,0.0,0.47736987717928114,0.9371073780265256,0.3534620972744834,0.728017448580773
5,50,0.95,0.5,0.95,0.5,16,3,truncated_gaussian_measurement_noise,700,800,0,,,12.0,1.2000000000000002,0.34,0.66,0.0,0.34579040736684924,0.8006942434204233,0.3961507158991756,0.9023487947637837
5,50,0.95,0.5,0.95,0.5,16,4,coordinated_turn_model_mismatch,900,1000,1,49.0,4.9,57.0,5.7,0.29,0.2,0.51,0.600517938352764,0.9999973195874595,2.298586838789751,3.4629566985868534
5,50,0.95,0.5,0.95,0.5,16,5,process_noise_x_increased,1100,1300,0,,,0.0,0.0,0.645,0.355,0.0,0.13438729544040492,0.7778382314310633,0.79103947811742,2.2193753490950154
5,50,0.98,0.5,0.95,0.5,16,0,measurement_outliers,100,200,0,,,0.0,0.0,0.64,0.36,0.0,0.04068499363221411,0.15586681886815096,1.445572582479934,4.637370111637875
5,50,0.98,0.5,0.95,0.5,16,1,measurement_noise_x_increased,300,400,0,,,8.0,0.8,0.54,0.46,0.0,0.039069297118038825,0.10556805875566491,0.6638685188387373,1.6316147668688372
5,50,0.98,0.5,0.95,0.5,16,2,measurement_noise_xy_decreased,500,600,0,,,31.0,3.1,0.29,0.71,0.0,0.44453429089307295,0.9069811156068756,0.3534620972744834,0.728017448580773
5,50,0.98,0.5,0.95,0.5,16,3,truncated_gaussian_measurement_noise,700,800,0,,,12.0,1.2000000000000002,0.38,0.62,0.0,0.3649953395527678,0.8429295932374189,0.3961507158991756,0.9023487947637837
5,50,0.98,0.5,0.95,0.5,16,4,coordinated_turn_model_mismatch,900,1000,1,50.0,5.0,59.0,5.9,0.31,0.19,0.5,0.5821127632169594,0.9999996607635065,2.298586838789751,3.4629566985868534
5,50,0.98,0.5,0.95,0.5,16,5,process_noise_x_increased,1100,1300,0,,,0.0,0.0,0.655,0.345,0.0,0.11877671941004378,0.7273139403753819,0.79103947811742,2.2193753490950154
5,50,0.99,0.5,0.95,0.5,16,0,measurement_outliers,100,200,0,,,0.0,0.0,0.74,0.26,0.0,0.037227340669463996,0.20632174648726387,1.445572582479934,4.637370111637875
5,50,0.99,0.5,0.95,0.5,16,1,measurement_noise_x_increased,300,400,0,,,8.0,0.8,0.86,0.14,0.0,0.022396397571965942,0.06727136700731645,0.6638685188387373,1.6316147668688372
5,50,0.99,0.5,0.95,0.5,16,2,measurement_noise_xy_decreased,500,600,0,,,32.0,3.2,0.32,0.68,0.0,0.48375160925135385,0.9183739449100738,0.3534620972744834,0.728017448580773
5,50,0.99,0.5,0.95,0.5,16,3,truncated_gaussian_measurement_noise,700,800,0,,,13.0,1.3,0.37,0.63,0.0,0.36576249056088694,0.7696755579594665,0.3961507158991756,0.9023487947637837
5,50,0.99,0.5,0.95,0.5,16,4,coordinated_turn_model_mismatch,900,1000,1,50.0,5.0,55.0,5.5,0.33,0.17,0.5,0.5881204930176589,0.9999997948746592,2.298586838789751,3.4629566985868534
5,50,0.99,0.5,0.95,0.5,16,5,process_noise_x_increased,1100,1300,0,,,0.0,0.0,0.68,0.32,0.0,0.10745469414931398,0.6317063799730097,0.79103947811742,2.2193753490950154
5,50,0.995,0.5,0.95,0.5,16,0,measurement_outliers,100,200,0,,,0.0,0.0,0.74,0.26,0.0,0.029388677016393906,0.1614663476085954,1.445572582479934,4.637370111637875
5,50,0.995,0.5,0.95,0.5,16,1,measurement_noise_x_increased,300,400,0,,,0.0,0.0,1.0,0.0,0.0,0.01587615785002485,0.04714670296497945,0.6638685188387373,1.6316147668688372
5,50,0.995,0.5,0.95,0.5,16,2,measurement_noise_xy_decreased,500,600,0,,,34.0,3.4000000000000004,0.25,0.75,0.0,0.5210466210701421,0.9440454569502607,0.3534620972744834,0.728017448580773
5,50,0.995,0.5,0.95,0.5,16,3,truncated_gaussian_measurement_noise,700,800,0,,,14.0,1.4000000000000001,0.39,0.61,0.0,0.39179785628465974,0.83233277898036,0.3961507158991756,0.9023487947637837
5,50,0.995,0.5,0.95,0.5,16,4,coordinated_turn_model_mismatch,900,1000,1,50.0,5.0,57.0,5.7,0.33,0.17,0.5,0.5942420557297409,0.9999998941386264,2.298586838789751,3.4629566985868534
5,50,0.995,0.5,0.95,0.5,16,5,process_noise_x_increased,1100,1300,0,,,0.0,0.0,0.665,0.335,0.0,0.10094301674207935,0.6407706616875299,0.79103947811742,2.2193753490950154
5,70,0.95,0.5,0.95,0.5,16,0,measurement_outliers,100,200,0,,,0.0,0.0,0.87,0.13,0.0,0.017184212227490694,0.12813658339499812,1.445572582479934,4.637370111637875
5,70,0.95,0.5,0.95,0.5,16,1,measurement_noise_x_increased,300,400,0,,,6.0,0.6000000000000001,0.77,0.23,0.0,0.022138518162437493,0.08041872843271489,0.6638685188387373,1.6316147668688372
5,70,0.95,0.5,0.95,0.5,16,2,measurement_noise_xy_decreased,500,600,0,,,33.0,3.3000000000000003,0.43,0.57,0.0,0.3437359455804108,0.8652922939412832,0.3534620972744834,0.728017448580773
5,70,0.95,0.5,0.95,0.5,16,3,truncated_gaussian_measurement_noise,700,800,0,,,13.0,1.3,0.51,0.49,0.0,0.22513615057795214,0.7618971634652758,0.3961507158991756,0.9023487947637837
5,70,0.95,0.5,0.95,0.5,16,4,coordinated_turn_model_mismatch,900,1000,1,63.0,6.300000000000001,71.0,7.1000000000000005,0.4,0.23,0.37,0.475673168464418,0.9999764762614235,2.298586838789751,3.4629566985868534
5,70,0.95,0.5,0.95,0.5,16,5,process_noise_x_increased,1100,1300,0,,,0.0,0.0,0.725,0.275,0.0,0.06186769840620023,0.45285290146412793,0.79103947811742,2.2193753490950154
5,70,0.98,0.5,0.95,0.5,16,0,measurement_outliers,100,200,0,,,0.0,0.0,0.94,0.06,0.0,0.008861088290358966,0.07203435607731583,1.445572582479934,4.637370111637875
5,70,0.98,0.5,0.95,0.5,16,1,measurement_noise_x_increased,300,400,0,,,2.0,0.2,0.96,0.04,0.0,0.013445224655518541,0.0599752865749577,0.6638685188387373,1.6316147668688372
5,70,0.98,0.5,0.95,0.5,16,2,measurement_noise_xy_decreased,500,600,0,,,34.0,3.4000000000000004,0.49,0.51,0.0,0.30551995692884004,0.835963542764108,0.3534620972744834,0.728017448580773
5,70,0.98,0.5,0.95,0.5,16,3,truncated_gaussian_measurement_noise,700,800,0,,,14.0,1.4000000000000001,0.56,0.44,0.0,0.23965734743757142,0.7776141033453987,0.3961507158991756,0.9023487947637837
5,70,0.98,0.5,0.95,0.5,16,4,coordinated_turn_model_mismatch,900,1000,1,65.0,6.5,72.0,7.2,0.43,0.22,0.35,0.4602497283823335,0.9999873739292506,2.298586838789751,3.4629566985868534
5,70,0.98,0.5,0.95,0.5,16,5,process_noise_x_increased,1100,1300,0,,,0.0,0.0,0.76,0.24,0.0,0.04921157117023062,0.38726480711933836,0.79103947811742,2.2193753490950154
5,70,0.99,0.5,0.95,0.5,16,0,measurement_outliers,100,200,0,,,0.0,0.0,0.98,0.02,0.0,0.008525564344980143,0.05783469669162463,1.445572582479934,4.637370111637875
5,70,0.99,0.5,0.95,0.5,16,1,measurement_noise_x_increased,300,400,0,,,0.0,0.0,1.0,0.0,0.0,0.006795894083773081,0.038465569680593156,0.6638685188387373,1.6316147668688372
5,70,0.99,0.5,0.95,0.5,16,2,measurement_noise_xy_decreased,500,600,0,,,37.0,3.7,0.47,0.53,0.0,0.337818725297601,0.8747388134114269,0.3534620972744834,0.728017448580773
5,70,0.99,0.5,0.95,0.5,16,3,truncated_gaussian_measurement_noise,700,800,0,,,15.0,1.5,0.57,0.43,0.0,0.24708361589478234,0.7916311314274588,0.3961507158991756,0.9023487947637837
5,70,0.99,0.5,0.95,0.5,16,4,coordinated_turn_model_mismatch,900,1000,1,64.0,6.4,65.0,6.5,0.45,0.19,0.36,0.46450349758357573,0.9999916501657613,2.298586838789751,3.4629566985868534
5,70,0.99,0.5,0.95,0.5,16,5,process_noise_x_increased,1100,1300,0,,,0.0,0.0,0.79,0.21,0.0,0.05417602464989797,0.4466291083826661,0.79103947811742,2.2193753490950154
5,70,0.995,0.5,0.95,0.5,16,0,measurement_outliers,100,200,0,,,0.0,0.0,1.0,0.0,0.0,0.002905242773668734,0.020514283667885158,1.445572582479934,4.637370111637875
5,70,0.995,0.5,0.95,0.5,16,1,measurement_noise_x_increased,300,400,0,,,0.0,0.0,1.0,0.0,0.0,0.010548232899205773,0.047285869492431104,0.6638685188387373,1.6316147668688372
5,70,0.995,0.5,0.95,0.5,16,2,measurement_noise_xy_decreased,500,600,0,,,43.0,4.3,0.49,0.51,0.0,0.3655639234185425,0.9309859526545187,0.3534620972744834,0.728017448580773
5,70,0.995,0.5,0.95,0.5,16,3,truncated_gaussian_measurement_noise,700,800,0,,,20.0,2.0,0.5,0.5,0.0,0.23939980887562087,0.733354135496167,0.3961507158991756,0.9023487947637837
5,70,0.995,0.5,0.95,0.5,16,4,coordinated_turn_model_mismatch,900,1000,1,63.0,6.300000000000001,71.0,7.1000000000000005,0.47,0.16,0.37,0.46732187596037306,0.9999930521456082,2.298586838789751,3.4629566985868534
5,70,0.995,0.5,0.95,0.5,16,5,process_noise_x_increased,1100,1300,0,,,0.0,0.0,0.785,0.215,0.0,0.040107081506798606,0.3389064410515068,0.79103947811742,2.2193753490950154
7,35,0.95,0.5,0.95,0.5,16,0,measurement_outliers,100,200,0,,,47.0,4.7,0.24,0.76,0.0,0.309012975526133,0.7593635037470031,1.445572582479934,4.637370111637875
7,35,0.95,0.5,0.95,0.5,16,1,measurement_noise_x_increased,300,400,0,,,27.0,2.7,0.09,0.91,0.0,0.16683199901059936,0.3121426621613524,0.6638685188387373,1.6316147668688372
7,35,0.95,0.5,0.95,0.5,16,2,measurement_noise_xy_decreased,500,600,0,,,28.0,2.8000000000000003,0.0,1.0,0.0,0.5611091078072756,0.8086481237617787,0.3534620972744834,0.728017448580773
7,35,0.95,0.5,0.95,0.5,16,3,truncated_gaussian_measurement_noise,700,800,0,,,20.0,2.0,0.22,0.78,0.0,0.42156610659163646,0.7195579945742451,0.3961507158991756,0.9023487947637837
7,35,0.95,0.5,0.95,0.5,16,4,coordinated_turn_model_mismatch,900,1000,1,39.0,3.9000000000000004,50.0,5.0,0.0,0.39,0.61,0.732518644191806,0.9999277964855551,2.298586838789751,3.4629566985868534
7,35,0.95,0.5,0.95,0.5,16,5,process_noise_x_increased,1100,1300,0,,,0.0,0.0,0.44,0.56,0.0,0.20302581750510434,0.7925489692657433,0.79103947811742,2.2193753490950154
7,35,0.98,0.5,0.95,0.5,16,0,measurement_outliers,100,200,0,,,36.0,3.6,0.29,0.71,0.0,0.2419771874761156,0.5587530149635344,1.445572582479934,4.637370111637875
7,35,0.98,0.5,0.95,0.5,16,1,measurement_noise_x_increased,300,400,0,,,21.0,2.1,0.27,0.73,0.0,0.12357377170680726,0.24355223811651006,0.6638685188387373,1.6316147668688372
7,35,0.98,0.5,0.95,0.5,16,2,measurement_noise_xy_decreased,500,600,0,,,28.0,2.8000000000000003,0.0,1.0,0.0,0.5462718569263919,0.8259455936123581,0.3534620972744834,0.728017448580773
7,35,0.98,0.5,0.95,0.5,16,3,truncated_gaussian_measurement_noise,700,800,0,,,20.0,2.0,0.24,0.76,0.0,0.39937822029027154,0.7299903069139239,0.3961507158991756,0.9023487947637837
7,35,0.98,0.5,0.95,0.5,16,4,coordinated_turn_model_mismatch,900,1000,1,39.0,3.9000000000000004,52.0,5.2,0.07,0.32,0.61,0.7117609535811753,0.9999780630062933,2.298586838789751,3.4629566985868534
7,35,0.98,0.5,0.95,0.5,16,5,process_noise_x_increased,1100,1300,0,,,0.0,0.0,0.545,0.455,0.0,0.18965189855032022,0.844603754974135,0.79103947811742,2.2193753490950154
7,35,0.99,0.5,0.95,0.5,16,0,measurement_outliers,100,200,0,,,38.0,3.8000000000000003,0.31,0.69,0.0,0.21664406843649028,0.528542060431492,1.445572582479934,4.637370111637875
7,35,0.99,0.5,0.95,0.5,16,1,measurement_noise_x_increased,300,400,0,,,13.0,1.3,0.44,0.56,0.0,0.08414007850352,0.1788312237093937,0.6638685188387373,1.6316147668688372
7,35,0.99,0.5,0.95,0.5,16,2,measurement_noise_xy_decreased,500,600,0,,,29.0,2.9000000000000004,0.19,0.81,0.0,0.5169714158855961,0.8259455936123581,0.3534620972744834,0.728017448580773
7,35,0.99,0.5,0.95,0.5,16,3,truncated_gaussian_measurement_noise,700,800,0,,,20.0,2.0,0.24,0.76,0.0,0.3920382770118096,0.748880828117905,0.3961507158991756,0.9023487947637837
7,35,0.99,0.5,0.95,0.5,16,4,coordinated_turn_model_mismatch,900,1000,1,39.0,3.9000000000000004,55.0,5.5,0.21,0.18,0.61,0.7014408124519972,0.9999910582482864,2.298586838789751,3.4629566985868534
7,35,0.99,0.5,0.95,0.5,16,5,process_noise_x_increased,1100,1300,0,,,0.0,0.0,0.575,0.425,0.0,0.16593044568129106,0.7065698882939518,0.79103947811742,2.2193753490950154
7,35,0.995,0.5,0.95,0.5,16,0,measurement_outliers,100,200,0,,,35.0,3.5,0.3,0.7,0.0,0.2507629456511557,0.7448657425695848,1.445572582479934,4.637370111637875
7,35,0.995,0.5,0.95,0.5,16,1,measurement_noise_x_increased,300,400,0,,,9.0,0.9,0.45,0.55,0.0,0.046393907896411554,0.10707917762425653,0.6638685188387373,1.6316147668688372
7,35,0.995,0.5,0.95,0.5,16,2,measurement_noise_xy_decreased,500,600,0,,,31.0,3.1,0.11,0.89,0.0,0.5279517431306285,0.8083093113783235,0.3534620972744834,0.728017448580773
7,35,0.995,0.5,0.95,0.5,16,3,truncated_gaussian_measurement_noise,700,800,0,,,40.0,4.0,0.24,0.76,0.0,0.3882758454322988,0.6723680987441559,0.3961507158991756,0.9023487947637837
7,35,0.995,0.5,0.95,0.5,16,4,coordinated_turn_model_mismatch,900,1000,1,39.0,3.9000000000000004,50.0,5.0,0.21,0.17,0.62,0.6952770856313307,0.9999930058193607,2.298586838789751,3.4629566985868534
7,35,0.995,0.5,0.95,0.5,16,5,process_noise_x_increased,1100,1300,0,,,0.0,0.0,0.595,0.405,0.0,0.15106988634546462,0.6515102473975882,0.79103947811742,2.2193753490950154
7,50,0.95,0.5,0.95,0.5,16,0,measurement_outliers,100,200,0,,,12.0,1.2000000000000002,0.34,0.66,0.0,0.20033477573312974,0.589569034568198,1.445572582479934,4.637370111637875
7,50,0.95,0.5,0.95,0.5,16,1,measurement_noise_x_increased,300,400,0,,,15.0,1.5,0.44,0.56,0.0,0.10008462128346737,0.24015638884462223,0.6638685188387373,1.6316147668688372
7,50,0.95,0.5,0.95,0.5,16,2,measurement_noise_xy_decreased,500,600,0,,,28.0,2.8000000000000003,0.06,0.94,0.0,0.4708643438311501,0.8063775859673823,0.3534620972744834,0.728017448580773
7,50,0.95,0.5,0.95,0.5,16,3,truncated_gaussian_measurement_noise,700,800,0,,,20.0,2.0,0.29,0.71,0.0,0.3188832263531932,0.6655401157305397,0.3961507158991756,0.9023487947637837
7,50,0.95,0.5,0.95,0.5,16,4,coordinated_turn_model_mismatch,900,1000,1,51.0,5.1000000000000005,57.0,5.7,0.22,0.29,0.49,0.6371045897485754,0.9999642103404202,2.298586838789751,3.4629566985868534
7,50,0.95,0.5,0.95,0.5,16,5,process_noise_x_increased,1100,1300,0,,,0.0,0.0,0.615,0.385,0.0,0.1515387816638752,0.6968684002189061,0.79103947811742,2.2193753490950154
7,50,0.98,0.5,0.95,0.5,16,0,measurement_outliers,100,200,0,,,8.0,0.8,0.38,0.62,0.0,0.1519735231602141,0.41215039012509047,1.445572582479934,4.637370111637875
7,50,0.98,0.5,0.95,0.5,16,1,measurement_noise_x_increased,300,400,0,,,13.0,1.3,0.49,0.51,0.0,0.06374630010590032,0.17615034328019094,0.6638685188387373,1.6316147668688372
7,50,0.98,0.5,0.95,0.5,16,2,measurement_noise_xy_decreased,500,600,0,,,29.0,2.9000000000000004,0.18,0.82,0.0,0.44705658036745605,0.7952196628598611,0.3534620972744834,0.728017448580773
7,50,0.98,0.5,0.95,0.5,16,3,truncated_gaussian_measurement_noise,700,800,0,,,20.0,2.0,0.33,0.67,0.0,0.31427305420851637,0.6681081457644809,0.3961507158991756,0.9023487947637837
7,50,0.98,0.5,0.95,0.5,16,4,coordinated_turn_model_mismatch,900,1000,1,51.0,5.1000000000000005,59.0,5.9,0.23,0.28,0.49,0.6267377906550853,0.9999755276541893,2.298586838789751,3.4629566985868534
7,50,0.98,0.5,0.95,0.5,16,5,process_noise_x_increased,1100,1300,0,,,0.0,0.0,0.645,0.355,0.0,0.12718167628216634,0.5967430025730731,0.79103947811742,2.2193753490950154
7,50,0.99,0.5,0.95,0.5,16,0,measurement_outliers,100,200,0,,,10.0,1.0,0.38,0.62,0.0,0.1274549852773264,0.3755422161381526,1.445572582479934,4.637370111637875
7,50,0.99,0.5,0.95,0.5,16,1,measurement_noise_x_increased,300,400,0,,,10.0,1.0,0.59,0.41,0.0,0.03355308260390553,0.10245822462758551,0.6638685188387373,1.6316147668688372
7,50,0.99,0.5,0.95,0.5,16,2,measurement_noise_xy_decreased,500,600,0,,,33.0,3.3000000000000003,0.2,0.8,0.0,0.41643820051660363,0.7466275362396929,0.3534620972744834,0.728017448580773
7,50,0.99,0.5,0.95,0.5,16,3,truncated_gaussian_measurement_noise,700,800,0,,,20.0,2.0,0.35,0.65,0.0,0.2704578427976093,0.6205743626134732,0.3961507158991756,0.9023487947637837
7,50,0.99,0.5,0.95,0.5,16,4,coordinated_turn_model_mismatch,900,1000,1,50.0,5.0,57.0,5.7,0.23,0.27,0.5,0.6193426086238206,0.9999878044243186,2.298586838789751,3.4629566985868534
7,50,0.99,0.5,0.95,0.5,16,5,process_noise_x_increased,1100,1300,0,,,0.0,0.0,0.655,0.345,0.0,0.11701200244278348,0.5557688432265332,0.79103947811742,2.2193753490950154
7,50,0.995,0.5,0.95,0.5,16,0,measurement_outliers,100,200,0,,,10.0,1.0,0.37,0.63,0.0,0.09678322975809957,0.30480686361093623,1.445572582479934,4.637370111637875
7,50,0.995,0.5,0.95,0.5,16,1,measurement_noise_x_increased,300,400,0,,,9.0,0.9,0.49,0.51,0.0,0.05695628502912788,0.1897087570275374,0.6638685188387373,1.6316147668688372
7,50,0.995,0.5,0.95,0.5,16,2,measurement_noise_xy_decreased,500,600,0,,,34.0,3.4000000000000004,0.22,0.78,0.0,0.4507741890185818,0.8014294891293149,0.3534620972744834,0.728017448580773
7,50,0.995,0.5,0.95,0.5,16,3,truncated_gaussian_measurement_noise,700,800,0,,,28.0,2.8000000000000003,0.38,0.62,0.0,0.30752374825700884,0.6571621012868771,0.3961507158991756,0.9023487947637837
7,50,0.995,0.5,0.95,0.5,16,4,coordinated_turn_model_mismatch,900,1000,1,51.0,5.1000000000000005,59.0,5.9,0.3,0.21,0.49,0.614358730423803,0.9999941649481037,2.298586838789751,3.4629566985868534
7,50,0.995,0.5,0.95,0.5,16,5,process_noise_x_increased,1100,1300,0,,,0.0,0.0,0.655,0.345,0.0,0.1026953545449191,0.4728494628778174,0.79103947811742,2.2193753490950154
7,70,0.95,0.5,0.95,0.5,16,0,measurement_outliers,100,200,0,,,13.0,1.3,0.53,0.47,0.0,0.08957530953161635,0.35253919263705924,1.445572582479934,4.637370111637875
7,70,0.95,0.5,0.95,0.5,16,1,measurement_noise_x_increased,300,400,0,,,14.0,1.4000000000000001,0.58,0.42,0.0,0.039217303074776104,0.11016829569870527,0.6638685188387373,1.6316147668688372
7,70,0.95,0.5,0.95,0.5,16,2,measurement_noise_xy_decreased,500,600,0,,,37.0,3.7,0.33,0.67,0.0,0.33412947833687767,0.755460401790599,0.3534620972744834,0.728017448580773
7,70,0.95,0.5,0.95,0.5,16,3,truncated_gaussian_measurement_noise,700,800,0,,,14.0,1.4000000000000001,0.46,0.54,0.0,0.2034912727150523,0.5857963034575882,0.3961507158991756,0.9023487947637837
7,70,0.95,0.5,0.95,0.5,16,4,coordinated_turn_model_mismatch,900,1000,1,66.0,6.6000000000000005,66.0,6.6000000000000005,0.29,0.37,0.34,0.5095380959125554,0.9997071549805325,2.298586838789751,3.4629566985868534
7,70,0.95,0.5,0.95,0.5,16,5,process_noise_x_increased,1100,1300,0,,,0.0,0.0,0.665,0.335,0.0,0.084963200970203,0.4158560296116391,0.79103947811742,2.2193753490950154
7,70,0.98,0.5,0.95,0.5,16,0,measurement_outliers,100,200,0,,,13.0,1.3,0.53,0.47,0.0,0.06761597228345223,0.2827215224681317,1.445572582479934,4.637370111637875
7,70,0.98,0.5,0.95,0.5,16,1,measurement_noise_x_increased,300,400,0,,,9.0,0.9,0.85,0.15,0.0,0.0206380652890796,0.0806613712505779,0.6638685188387373,1.6316147668688372
7,70,0.98,0.5,0.95,0.5,16,2,measurement_noise_xy_decreased,500,600,0,,,37.0,3.7,0.31,0.69,0.0,0.3213714226828161,0.7423232126259113,0.3534620972744834,0.728017448580773
7,70,0.98,0.5,0.95,0.5,16,3,truncated_gaussian_measurement_noise,700,800,0,,,15.0,1.5,0.47,0.53,0.0,0.20307660740970626,0.6314654905779626,0.3961507158991756,0.9023487947637837
7,70,0.98,0.5,0.95,0.5,16,4,coordinated_turn_model_mismatch,900,1000,1,65.0,6.5,72.0,7.2,0.33,0.32,0.35,0.5022548305309188,0.999808189095757,2.298586838789751,3.4629566985868534
7,70,0.98,0.5,0.95,0.5,16,5,process_noise_x_increased,1100,1300,0,,,0.0,0.0,0.685,0.315,0.0,0.07327501524752585,0.36610236564502324,0.79103947811742,2.2193753490950154
7,70,0.99,0.5,0.95,0.5,16,0,measurement_outliers,100,200,0,,,12.0,1.2000000000000002,0.56,0.44,0.0,0.05223273865191474,0.19281203152984708,1.445572582479934,4.637370111637875
7,70,0.99,0.5,0.95,0.5,16,1,measurement_noise_x_increased,300,400,0,,,0.0,0.0,0.99,0.01,0.0,0.010946728050637384,0.050978652539724556,0.6638685188387373,1.6316147668688372
7,70,0.99,0.5,0.95,0.5,16,2,measurement_noise_xy_decreased,500,600,0,,,39.0,3.9000000000000004,0.48,0.52,0.0,0.30803249608096317,0.7728004804179289,0.3534620972744834,0.728017448580773
7,70,0.99,0.5,0.95,0.5,16,3,truncated_gaussian_measurement_noise,700,800,0,,,20.0,2.0,0.48,0.52,0.0,0.20370464533482324,0.6604811561543263,0.3961507158991756,0.9023487947637837
7,70,0.99,0.5,0.95,0.5,16,4,coordinated_turn_model_mismatch,900,1000,1,65.0,6.5,71.0,7.1000000000000005,0.34,0.31,0.35,0.5037812729384578,0.9997926144004027,2.298586838789751,3.4629566985868534
7,70,0.99,0.5,0.95,0.5,16,5,process_noise_x_increased,1100,1300,0,,,0.0,0.0,0.69,0.31,0.0,0.06647009796006297,0.37773586020882893,0.79103947811742,2.2193753490950154
7,70,0.995,0.5,0.95,0.5,16,0,measurement_outliers,100,200,0,,,10.0,1.0,0.65,0.35,0.0,0.04589588937407371,0.30551347978421467,1.445572582479934,4.637370111637875
7,70,0.995,0.5,0.95,0.5,16,1,measurement_noise_x_increased,300,400,0,,,0.0,0.0,1.0,0.0,0.0,0.010577269159452906,0.03936084772481373,0.6638685188387373,1.6316147668688372
7,70,0.995,0.5,0.95,0.5,16,2,measurement_noise_xy_decreased,500,600,0,,,43.0,4.3,0.37,0.63,0.0,0.3103924442255464,0.7364124669507672,0.3534620972744834,0.728017448580773
7,70,0.995,0.5,0.95,0.5,16,3,truncated_gaussian_measurement_noise,700,800,0,,,22.0,2.2,0.54,0.46,0.0,0.19332017683863473,0.6121547304124633,0.3961507158991756,0.9023487947637837
7,70,0.995,0.5,0.95,0.5,16,4,coordinated_turn_model_mismatch,900,1000,1,66.0,6.6000000000000005,67.0,6.7,0.36,0.3,0.34,0.4990319244019379,0.9998476031053545,2.298586838789751,3.4629566985868534
7,70,0.995,0.5,0.95,0.5,16,5,process_noise_x_increased,1100,1300,0,,,0.0,0.0,0.685,0.315,0.0,0.06407232740218925,0.3217338352680867,0.79103947811742,2.2193753490950154
10,50,0.95,0.5,0.95,0.5,16,0,measurement_outliers,100,200,0,,,90.0,9.0,0.25,0.75,0.0,0.16270356538016828,0.3821531921770029,1.445572582479934,4.637370111637875
10,50,0.95,0.5,0.95,0.5,16,1,measurement_noise_x_increased,300,400,0,,,28.0,2.8000000000000003,0.26,0.74,0.0,0.14893727010728638,0.2812956031592199,0.6638685188387373,1.6316147668688372
10,50,0.95,0.5,0.95,0.5,16,2,measurement_noise_xy_decreased,500,600,0,,,40.0,4.0,0.0,1.0,0.0,0.4184582022957399,0.7780029339855532,0.3534620972744834,0.728017448580773
10,50,0.95,0.5,0.95,0.5,16,3,truncated_gaussian_measurement_noise,700,800,0,,,58.0,5.800000000000001,0.3,0.7,0.0,0.3126679459217158,0.6795969614627695,0.3961507158991756,0.9023487947637837
10,50,0.95,0.5,0.95,0.5,16,4,coordinated_turn_model_mismatch,900,1000,1,64.0,6.4,67.0,6.7,0.18,0.46,0.36,0.5740774223358824,0.9917601928108271,2.298586838789751,3.4629566985868534
10,50,0.95,0.5,0.95,0.5,16,5,process_noise_x_increased,1100,1300,0,,,14.0,1.4000000000000001,0.445,0.555,0.0,0.14520587356606376,0.5569076850160906,0.79103947811742,2.2193753490950154
10,50,0.98,0.5,0.95,0.5,16,0,measurement_outliers,100,200,0,,,51.0,5.1000000000000005,0.36,0.64,0.0,0.11394373049536365,0.25801243117548583,1.445572582479934,4.637370111637875
10,50,0.98,0.5,0.95,0.5,16,1,measurement_noise_x_increased,300,400,0,,,27.0,2.7,0.31,0.69,0.0,0.10730322502160196,0.21590811692899342,0.6638685188387373,1.6316147668688372
10,50,0.98,0.5,0.95,0.5,16,2,measurement_noise_xy_decreased,500,600,0,,,43.0,4.3,0.22,0.78,0.0,0.3366679979928686,0.6745773898499812,0.3534620972744834,0.728017448580773
10,50,0.98,0.5,0.95,0.5,16,3,truncated_gaussian_measurement_noise,700,800,0,,,54.0,5.4,0.34,0.66,0.0,0.24408403004294565,0.5869916541805765,0.3961507158991756,0.9023487947637837
10,50,0.98,0.5,0.95,0.5,16,4,coordinated_turn_model_mismatch,900,1000,1,70.0,7.0,74.0,7.4,0.25,0.45,0.3,0.5124090577795767,0.9856388174502875,2.298586838789751,3.4629566985868534
10,50,0.98,0.5,0.95,0.5,16,5,process_noise_x_increased,1100,1300,0,,,3.0,0.30000000000000004,0.535,0.465,0.0,0.10549521798232099,0.4188253380728676,0.79103947811742,2.2193753490950154
10,50,0.99,0.5,0.95,0.5,16,0,measurement_outliers,100,200,0,,,14.0,1.4000000000000001,0.48,0.52,0.0,0.07154338248223067,0.1869664035769572,1.445572582479934,4.637370111637875
10,50,0.99,0.5,0.95,0.5,16,1,measurement_noise_x_increased,300,400,0,,,24.0,2.4000000000000004,0.45,0.55,0.0,0.0704334857423521,0.1567414181105299,0.6638685188387373,1.6316147668688372
10,50,0.99,0.5,0.95,0.5,16,2,measurement_noise_xy_decreased,500,600,0,,,43.0,4.3,0.3,0.7,0.0,0.2466618818751761,0.5847838865370423,0.3534620972744834,0.728017448580773
10,50,0.99,0.5,0.95,0.5,16,3,truncated_gaussian_measurement_noise,700,800,0,,,44.0,4.4,0.4,0.6,0.0,0.1745635904170789,0.4505152327400269,0.3961507158991756,0.9023487947637837
10,50,0.99,0.5,0.95,0.5,16,4,coordinated_turn_model_mismatch,900,1000,1,89.0,8.9,80.0,8.0,0.29,0.6,0.11,0.4421690746687465,0.9697385526776469,2.298586838789751,3.4629566985868534
10,50,0.99,0.5,0.95,0.5,16,5,process_noise_x_increased,1100,1300,0,,,1.0,0.1,0.575,0.425,0.0,0.07067918962314067,0.2868292173925533,0.79103947811742,2.2193753490950154
10,50,0.995,0.5,0.95,0.5,16,0,measurement_outliers,100,200,0,,,0.0,0.0,0.67,0.33,0.0,0.03486028917519335,0.10441492799293613,1.445572582479934,4.637370111637875
10,50,0.995,0.5,0.95,0.5,16,1,measurement_noise_x_increased,300,400,0,,,14.0,1.4000000000000001,0.61,0.39,0.0,0.03714179574400902,0.09025910969756101,0.6638685188387373,1.6316147668688372
10,50,0.995,0.5,0.95,0.5,16,2,measurement_noise_xy_decreased,500,600,0,,,39.0,3.9000000000000004,0.48,0.52,0.0,0.14371852542145738,0.437341690059513,0.3534620972744834,0.728017448580773
10,50,0.995,0.5,0.95,0.5,16,3,truncated_gaussian_measurement_noise,700,800,0,,,27.0,2.7,0.5,0.5,0.0,0.10406749657989355,0.2842568653676039,0.3961507158991756,0.9023487947637837
10,50,0.995,0.5,0.95,0.5,16,4,coordinated_turn_model_mismatch,900,1000,0,,,81.0,8.1,0.39,0.61,0.0,0.34228801214905075,0.9154765787017611,2.298586838789751,3.4629566985868534
10,50,0.995,0.5,0.95,0.5,16,5,process_noise_x_increased,1100,1300,0,,,0.0,0.0,0.7,0.3,0.0,0.038758001124943105,0.16374891052859422,0.79103947811742,2.2193753490950154
10,70,0.95,0.5,0.95,0.5,16,0,measurement_outliers,100,200,0,,,27.0,2.7,0.48,0.52,0.0,0.08059527131947193,0.26819460454366584,1.445572582479934,4.637370111637875
10,70,0.95,0.5,0.95,0.5,16,1,measurement_noise_x_increased,300,400,0,,,27.0,2.7,0.49,0.51,0.0,0.07960184212418872,0.18043353348517563,0.6638685188387373,1.6316147668688372
10,70,0.95,0.5,0.95,0.5,16,2,measurement_noise_xy_decreased,500,600,0,,,43.0,4.3,0.3,0.7,0.0,0.2856579751777196,0.6879923286147445,0.3534620972744834,0.728017448580773
10,70,0.95,0.5,0.95,0.5,16,3,truncated_gaussian_measurement_noise,700,800,0,,,56.0,5.6000000000000005,0.49,0.51,0.0,0.20093655471707628,0.5520409268639516,0.3961507158991756,0.9023487947637837
10,70,0.95,0.5,0.95,0.5,16,4,coordinated_turn_model_mismatch,900,1000,1,76.0,7.6000000000000005,79.0,7.9,0.28,0.48,0.24,0.4407172678360467,0.9846678115183504,2.298586838789751,3.4629566985868534
10,70,0.95,0.5,0.95,0.5,16,5,process_noise_x_increased,1100,1300,0,,,1.0,0.1,0.595,0.405,0.0,0.083026105486606,0.32767188952986404,0.79103947811742,2.2193753490950154
10,70,0.98,0.5,0.95,0.5,16,0,measurement_outliers,100,200,0,,,17.0,1.7000000000000002,0.59,0.41,0.0,0.051435666004306616,0.18169684868807648,1.445572582479934,4.637370111637875
10,70,0.98,0.5,0.95,0.5,16,1,measurement_noise_x_increased,300,400,0,,,26.0,2.6,0.57,0.43,0.0,0.05343633476996836,0.13422179814869176,0.6638685188387373,1.6316147668688372
10,70,0.98,0.5,0.95,0.5,16,2,measurement_noise_xy_decreased,500,600,0,,,44.0,4.4,0.42,0.58,0.0,0.21476881928320327,0.6256150000251272,0.3534620972744834,0.728017448580773
10,70,0.98,0.5,0.95,0.5,16,3,truncated_gaussian_measurement_noise,700,800,0,,,44.0,4.4,0.52,0.48,0.0,0.14321392168531968,0.42242680580023856,0.3961507158991756,0.9023487947637837
10,70,0.98,0.5,0.95,0.5,16,4,coordinated_turn_model_mismatch,900,1000,1,90.0,9.0,81.0,8.1,0.34,0.56,0.1,0.38661136215813485,0.9698319665597449,2.298586838789751,3.4629566985868534
10,70,0.98,0.5,0.95,0.5,16,5,process_noise_x_increased,1100,1300,0,,,1.0,0.1,0.615,0.385,0.0,0.05859003004213896,0.24175115302239997,0.79103947811742,2.2193753490950154
10,70,0.99,0.5,0.95,0.5,16,0,measurement_outliers,100,200,0,,,7.0,0.7000000000000001,0.76,0.24,0.0,0.029634416192457203,0.11001173517847859,1.445572582479934,4.637370111637875
10,70,0.99,0.5,0.95,0.5,16,1,measurement_noise_x_increased,300,400,0,,,22.0,2.2,0.65,0.35,0.0,0.03275157882874015,0.08955120919481874,0.6638685188387373,1.6316147668688372
10,70,0.99,0.5,0.95,0.5,16,2,measurement_noise_xy_decreased,500,600,0,,,44.0,4.4,0.54,0.46,0.0,0.14529824234594366,0.5094319842434997,0.3534620972744834,0.728017448580773
10,70,0.99,0.5,0.95,0.5,16,3,truncated_gaussian_measurement_noise,700,800,0,,,34.0,3.4000000000000004,0.58,0.42,0.0,0.0928357748496633,0.3166754268004767,0.3961507158991756,0.9023487947637837
10,70,0.99,0.5,0.95,0.5,16,4,coordinated_turn_model_mismatch,900,1000,0,,,83.0,8.3,0.45,0.55,0.0,0.3236443671932447,0.9327344125925643,2.298586838789751,3.4629566985868534
10,70,0.99,0.5,0.95,0.5,16,5,process_noise_x_increased,1100,1300,0,,,0.0,0.0,0.715,0.285,0.0,0.03741938217391733,0.15534145953562542,0.79103947811742,2.2193753490950154
10,70,0.995,0.5,0.95,0.5,16,0,measurement_outliers,100,200,0,,,0.0,0.0,0.99,0.01,0.0,0.013269488288225524,0.050262736086239705,1.445572582479934,4.637370111637875
10,70,0.995,0.5,0.95,0.5,16,1,measurement_noise_x_increased,300,400,0,,,0.0,0.0,1.0,0.0,0.0,0.01627748378211796,0.047548701712557866,0.6638685188387373,1.6316147668688372
10,70,0.995,0.5,0.95,0.5,16,2,measurement_noise_xy_decreased,500,600,0,,,39.0,3.9000000000000004,0.6,0.4,0.0,0.07520761776233273,0.3268298768731891,0.3534620972744834,0.728017448580773
10,70,0.995,0.5,0.95,0.5,16,3,truncated_gaussian_measurement_noise,700,800,0,,,22.0,2.2,0.66,0.34,0.0,0.04994382955663816,0.1890055718721726,0.3961507158991756,0.9023487947637837
10,70,0.995,0.5,0.95,0.5,16,4,coordinated_turn_model_mismatch,900,1000,0,,,87.0,8.700000000000001,0.53,0.47,0.0,0.23430966506669018,0.8271071188259479,2.298586838789751,3.4629566985868534
10,70,0.995,0.5,0.95,0.5,16,5,process_noise_x_increased,1100,1300,0,,,0.0,0.0,0.84,0.16,0.0,0.019316643504641785,0.08030213040794022,0.79103947811742,2.2193753490950154
5,25,0.95,0.5,0.95,0.5,17,0,measurement_outliers,100,200,0,,,40.0,4.0,0.18,0.82,0.0,0.35950931736236363,0.6787555072087256,1.1995991065411402,3.70865819919387
5,25,0.95,0.5,0.95,0.5,17,1,measurement_noise_x_increased,300,400,0,,,32.0,3.2,0.06,0.94,0.0,0.22231680556419575,0.7042067784860289,0.94689208603618,2.083367226623665
5,25,0.95,0.5,0.95,0.5,17,2,measurement_noise_xy_decreased,500,600,0,,,28.0,2.8000000000000003,0.13,0.87,0.0,0.5536143746593052,0.860527518492867,0.3297480335747584,0.6884106546610436
5,25,0.95,0.5,0.95,0.5,17,3,truncated_gaussian_measurement_noise,700,800,0,,,23.0,2.3000000000000003,0.04,0.96,0.0,0.43981736211661293,0.6945532565626715,0.24063011908604584,0.49898439990519106
5,25,0.95,0.5,0.95,0.5,17,4,coordinated_turn_model_mismatch,900,1000,0,,,44.0,4.4,0.13,0.87,0.0,0.37455820687789015,0.7930931418148147,1.1735061316316613,2.098578209745255
5,25,0.95,0.5,0.95,0.5,17,5,process_noise_x_increased,1100,1300,0,,,24.0,2.4000000000000004,0.31,0.69,0.0,0.22948770586737266,0.7511998970935905,1.0214381787250515,2.701526030460702
5,25,0.98,0.5,0.95,0.5,17,0,measurement_outliers,100,200,0,,,19.0,1.9000000000000001,0.2,0.8,0.0,0.355435819593685,0.7715631696530453,1.1995991065411402,3.70865819919387
5,25,0.98,0.5,0.95,0.5,17,1,measurement_noise_x_increased,300,400,0,,,26.0,2.6,0.21,0.79,0.0,0.19430953900732073,0.6865032001214548,0.94689208603618,2.083367226623665
5,25,0.98,0.5,0.95,0.5,17,2,measurement_noise_xy_decreased,500,600,0,,,29.0,2.9000000000000004,0.15,0.85,0.0,0.502385969195257,0.8259602047355514,0.3297480335747584,0.6884106546610436
5,25,0.98,0.5,0.95,0.5,17,3,truncated_gaussian_measurement_noise,700,800,0,,,27.0,2.7,0.13,0.87,0.0,0.3634209156481272,0.6390985549810165,0.24063011908604584,0.49898439990519106
5,25,0.98,0.5,0.95,0.5,17,4,coordinated_turn_model_mismatch,900,1000,0,,,43.0,4.3,0.23,0.77,0.0,0.2879828700211925,0.6865851138874834,1.1735061316316613,2.098578209745255
5,25,0.98,0.5,0.95,0.5,17,5,process_noise_x_increased,1100,1300,0,,,20.0,2.0,0.505,0.495,0.0,0.19501971939603208,0.8203629096221028,1.0214381787250515,2.701526030460702
5,25,0.99,0.5,0.95,0.5,17,0,measurement_outliers,100,200,0,,,8.0,0.8,0.26,0.74,0.0,0.33515769777568266,0.7465112546578861,1.1995991065411402,3.70865819919387
5,25,0.99,0.5,0.95,0.5,17,1,measurement_noise_x_increased,300,400,0,,,17.0,1.7000000000000002,0.25,0.75,0.0,0.1474795604898277,0.526072474761218,0.94689208603618,2.083367226623665
5,25,0.99,0.5,0.95,0.5,17,2,measurement_noise_xy_decreased,500,600,0,,,29.0,2.9000000000000004,0.19,0.81,0.0,0.4889191636546699,0.8024005193896274,0.3297480335747584,0.6884106546610436
5,25,0.99,0.5,0.95,0.5,17,3,truncated_gaussian_measurement_noise,700,800,0,,,27.0,2.7,0.24,0.76,0.0,0.41646614133665444,0.6324525810453648,0.24063011908604584,0.49898439990519106
5,25,0.99,0.5,0.95,0.5,17,4,coordinated_turn_model_mismatch,900,1000,0,,,44.0,4.4,0.3,0.7,0.0,0.3019376324786222,0.7841842569124985,1.1735061316316613,2.098578209745255
5,25,0.99,0.5,0.95,0.5,17,5,process_noise_x_increased,1100,1300,0,,,15.0,1.5,0.5,0.5,0.0,0.18116685715691772,0.6919869060085865,1.0214381787250515,2.701526030460702
5,25,0.995,0.5,0.95,0.5,17,0,measurement_outliers,100,200,0,,,10.0,1.0,0.2,0.8,0.0,0.3185097457964233,0.7423680593647979,1.1995991065411402,3.70865819919387
5,25,0.995,0.5,0.95,0.5,17,1,measurement_noise_x_increased,300,400,0,,,9.0,0.9,0.24,0.76,0.0,0.21972087512369307,0.7819702371145767,0.94689208603618,2.083367226623665
5,25,0.995,0.5,0.95,0.5,17,2,measurement_noise_xy_decreased,500,600,0,,,29.0,2.9000000000000004,0.17,0.83,0.0,0.45172413240511633,0.7608657480938373,0.3297480335747584,0.6884106546610436
5,25,0.995,0.5,0.95,0.5,17,3,truncated_gaussian_measurement_noise,700,800,0,,,27.0,2.7,0.12,0.88,0.0,0.39677974555325785,0.5739101853065872,0.24063011908604584,0.49898439990519106
5,25,0.995,0.5,0.95,0.5,17,4,coordinated_turn_model_mismatch,900,1000,0,,,37.0,3.7,0.43,0.57,0.0,0.22588825639810672,0.6209526144326633,1.1735061316316613,2.098578209745255
5,25,0.995,0.5,0.95,0.5,17,5,process_noise_x_increased,1100,1300,0,,,14.0,1.4000000000000001,0.565,0.435,0.0,0.14716153511540456,0.5882532049881224,1.0214381787250515,2.701526030460702
5,35,0.95,0.5,0.95,0.5,17,0,measurement_outliers,100,200,0,,,7.0,0.7000000000000001,0.23,0.77,0.0,0.2843448187914397,0.6022879823964128,1.1995991065411402,3.70865819919387
5,35,0.95,0.5,0.95,0.5,17,1,measurement_noise_x_increased,300,400,0,,,25.0,2.5,0.24,0.76,0.0,0.1491861059565868,0.3933793078994796,0.94689208603618,2.083367226623665
5,35,0.95,0.5,0.95,0.5,17,2,measurement_noise_xy_decreased,500,600,0,,,29.0,2.9000000000000004,0.15,0.85,0.0,0.5026553830565283,0.8424896717485125,0.3297480335747584,0.6884106546610436
5,35,0.95,0.5,0.95,0.5,17,3,truncated_gaussian_measurement_noise,700,800,0,,,29.0,2.9000000000000004,0.16,0.84,0.0,0.37818494730312296,0.6809480408059172,0.24063011908604584,0.49898439990519106
5,35,0.95,0.5,0.95,0.5,17,4,coordinated_turn_model_mismatch,900,1000,0,,,36.0,3.6,0.27,0.73,0.0,0.28534855650764035,0.6625297647147415,1.1735061316316613,2.098578209745255
5,35,0.95,0.5,0.95,0.5,17,5,process_noise_x_increased,1100,1300,0,,,20.0,2.0,0.52,0.48,0.0,0.17163602102085967,0.6392348119727285,1.0214381787250515,2.701526030460702
5,35,0.98,0.5,0.95,0.5,17,0,measurement_outliers,100,200,0,,,8.0,0.8,0.27,0.73,0.0,0.24373323591700102,0.5572930271303898,1.1995991065411402,3.70865819919387
5,35,0.98,0.5,0.95,0.5,17,1,measurement_noise_x_increased,300,400,0,,,17.0,1.7000000000000002,0.28,0.72,0.0,0.12625841357894926,0.48304278604466155,0.94689208603618,2.083367226623665
5,35,0.98,0.5,0.95,0.5,17,2,measurement_noise_xy_decreased,500,600,0,,,29.0,2.9000000000000004,0.19,0.81,0.0,0.45464459235354093,0.8173981503013362,0.3297480335747584,0.6884106546610436
5,35,0.98,0.5,0.95,0.5,17,3,truncated_gaussian_measurement_noise,700,800,0,,,29.0,2.9000000000000004,0.29,0.71,0.0,0.3087693232044908,0.6370037981421707,0.24063011908604584,0.49898439990519106
5,35,0.98,0.5,0.95,0.5,17,4,coordinated_turn_model_mismatch,900,1000,0,,,36.0,3.6,0.32,0.68,0.0,0.2416677449952043,0.6555181825427319,1.1735061316316613,2.098578209745255
5,35,0.98,0.5,0.95,0.5,17,5,process_noise_x_increased,1100,1300,0,,,20.0,2.0,0.56,0.44,0.0,0.15634011623607222,0.67599643385133,1.0214381787250515,2.701526030460702
5,35,0.99,0.5,0.95,0.5,17,0,measurement_outliers,100,200,0,,,9.0,0.9,0.26,0.74,0.0,0.26511922439331936,0.6157286707512056,1.1995991065411402,3.70865819919387
5,35,0.99,0.5,0.95,0.5,17,1,measurement_noise_x_increased,300,400,0,,,1.0,0.1,0.34,0.66,0.0,0.1312603237660121,0.6421168314732462,0.94689208603618,2.083367226623665
5,35,0.99,0.5,0.95,0.5,17,2,measurement_noise_xy_decreased,500,600,0,,,30.0,3.0,0.26,0.74,0.0,0.4426296842880357,0.8030747829543405,0.3297480335747584,0.6884106546610436
5,35,0.99,0.5,0.95,0.5,17,3,truncated_gaussian_measurement_noise,700,800,0,,,29.0,2.9000000000000004,0.3,0.7,0.0,0.33985300923961986,0.5923711953511068,0.24063011908604584,0.49898439990519106
5,35,0.99,0.5,0.95,0.5,17,4,coordinated_turn_model_mismatch,900,1000,0,,,27.0,2.7,0.47,0.53,0.0,0.2078023066084891,0.5901040197812832,1.1735061316316613,2.098578209745255
5,35,0.99,0.5,0.95,0.5,17,5,process_noise_x_increased,1100,1300,0,,,19.0,1.9000000000000001,0.57,0.43,0.0,0.12627099453282337,0.5677804052266497,1.0214381787250515,2.701526030460702
5,35,0.995,0.5,0.95,0.5,17,0,measurement_outliers,100,200,0,,,10.0,1.0,0.26,0.74,0.0,0.2089443790637434,0.6317361845276789,1.1995991065411402,3.70865819919387
5,35,0.995,0.5,0.95,0.5,17,1,measurement_noise_x_increased,300,400,0,,,0.0,0.0,0.3,0.7,0.0,0.13425765530851852,0.5727756065531572,0.94689208603618,2.083367226623665
5,35,0.995,0.5,0.95,0.5,17,2,measurement_noise_xy_decreased,500,600,0,,,30.0,3.0,0.27,0.73,0.0,0.40895386139303974,0.7733891921277809,0.3297480335747584,0.6884106546610436
5,35,0.995,0.5,0.95,0.5,17,3,truncated_gaussian_measurement_noise,700,800,0,,,29.0,2.9000000000000004,0.22,0.78,0.0,0.31756418772944833,0.5338631743215093,0.24063011908604584,0.49898439990519106
5,35,0.995,0.5,0.95,0.5,17,4,coordinated_turn_model_mismatch,900,1000,0,,,36.0,3.6,0.49,0.51,0.0,0.1633010615289691,0.5428413260022906,1.1735061316316613,2.098578209745255
5,35,0.995,0.5,0.95,0.5,17,5,process_noise_x_increased,1100,1300,0,,,19.0,1.9000000000000001,0.605,0.395,0.0,0.1097745551195112,0.5131488502707238,1.0214381787250515,2.701526030460702
5,50,0.95,0.5,0.95,0.5,17,0,measurement_outliers,100,200,0,,,9.0,0.9,0.38,0.62,0.0,0.2049464942325542,0.6378503887111572,1.1995991065411402,3.70865819919387
5,50,0.95,0.5,0.95,0.5,17,1,measurement_noise_x_increased,300,400,0,,,8.0,0.8,0.4,0.6,0.0,0.07260485240635112,0.29188019451143615,0.94689208603618,2.083367226623665
5,50,0.95,0.5,0.95,0.5,17,2,measurement_noise_xy_decreased,500,600,0,,,35.0,3.5,0.23,0.77,0.0,0.41914853910653865,0.8335753906743879,0.3297480335747584,0.6884106546610436
5,50,0.95,0.5,0.95,0.5,17,3,truncated_gaussian_measurement_noise,700,800,0,,,29.0,2.9000000000000004,0.36,0.64,0.0,0.28198788935461105,0.5962524486196136,0.24063011908604584,0.49898439990519106
5,50,0.95,0.5,0.95,0.5,17,4,coordinated_turn_model_mismatch,900,1000,0,,,33.0,3.3000000000000003,0.48,0.52,0.0,0.16308968036788699,0.5324007672761593,1.1735061316316613,2.098578209745255
5,50,0.95,0.5,0.95,0.5,17,5,process_noise_x_increased,1100,1300,0,,,21.0,2.1,0.605,0.395,0.0,0.1020329506987752,0.516778674209392,1.0214381787250515,2.701526030460702
5,50,0.98,0.5,0.95,0.5,17,0,measurement_outliers,100,200,0,,,8.0,0.8,0.52,0.48,0.0,0.16818265063824842,0.5475107211704043,1.1995991065411402,3.70865819919387
5,50,0.98,0.5,0.95,0.5,17,1,measurement_noise_x_increased,300,400,0,,,8.0,0.8,0.54,0.46,0.0,0.06189057990807397,0.29752126277910074,0.94689208603618,2.083367226623665
5,50,0.98,0.5,0.95,0.5,17,2,measurement_noise_xy_decreased,500,600,0,,,35.0,3.5,0.31,0.69,0.0,0.3727019156607379,0.8134304565765038,0.3297480335747584,0.6884106546610436
5,50,0.98,0.5,0.95,0.5,17,3,truncated_gaussian_measurement_noise,700,800,0,,,29.0,2.9000000000000004,0.43,0.57,0.0,0.22547163201065093,0.5548594297143417,0.24063011908604584,0.49898439990519106
5,50,0.98,0.5,0.95,0.5,17,4,coordinated_turn_model_mismatch,900,1000,0,,,33.0,3.3000000000000003,0.56,0.44,0.0,0.13215954546176228,0.5598842612664752,1.1735061316316613,2.098578209745255
5,50,0.98,0.5,0.95,0.5,17,5,process_noise_x_increased,1100,1300,0,,,19.0,1.9000000000000001,0.67,0.33,0.0,0.08264120066316628,0.4241220200788454,1.0214381787250515,2.701526030460702
5,50,0.99,0.5,0.95,0.5,17,0,measurement_outliers,100,200,0,,,8.0,0.8,0.46,0.54,0.0,0.18523314637227542,0.5767592744908607,1.1995991065411402,3.70865819919387
5,50,0.99,0.5,0.95,0.5,17,1,measurement_noise_x_increased,300,400,0,,,0.0,0.0,0.58,0.42,0.0,0.04252639681961609,0.17270000318063372,0.94689208603618,2.083367226623665
5,50,0.99,0.5,0.95,0.5,17,2,measurement_noise_xy_decreased,500,600,0,,,36.0,3.6,0.39,0.61,0.0,0.3147876077622743,0.7692027440856278,0.3297480335747584,0.6884106546610436
5,50,0.99,0.5,0.95,0.5,17,3,truncated_gaussian_measurement_noise,700,800,0,,,35.0,3.5,0.41,0.59,0.0,0.23560628470017125,0.5279478719257995,0.24063011908604584,0.49898439990519106
5,50,0.99,0.5,0.95,0.5,17,4,coordinated_turn_model_mismatch,900,1000,0,,,35.0,3.5,0.62,0.38,0.0,0.12504321971751986,0.5267036091336923,1.1735061316316613,2.098578209745255
5,50,0.99,0.5,0.95,0.5,17,5,process_noise_x_increased,1100,1300,0,,,17.0,1.7000000000000002,0.67,0.33,0.0,0.0679506950553879,0.3450191001994074,1.0214381787250515,2.701526030460702
5,50,0.995,0.5,0.95,0.5,17,0,measurement_outliers,100,200,0,,,8.0,0.8,0.52,0.48,0.0,0.15163685913750644,0.46533110062907634,1.1995991065411402,3.70865819919387
5,50,0.995,0.5,0.95,0.5,17,1,measurement_noise_x_increased,300,400,0,,,0.0,0.0,0.73,0.27,0.0,0.03340706943795591,0.11894342545220098,0.94689208603618,2.083367226623665
5,50,0.995,0.5,0.95,0.5,17,2,measurement_noise_xy_decreased,500,600,0,,,36.0,3.6,0.42,0.58,0.0,0.3660014725813289,0.7984249077407121,0.3297480335747584,0.6884106546610436
5,50,0.995,0.5,0.95,0.5,17,3,truncated_gaussian_measurement_noise,700,800,0,,,36.0,3.6,0.38,0.62,0.0,0.2501479797245549,0.5187557538525633,0.24063011908604584,0.49898439990519106
5,50,0.995,0.5,0.95,0.5,17,4,coordinated_turn_model_mismatch,900,1000,0,,,27.0,2.7,0.64,0.36,0.0,0.09427511135785169,0.46275717264734184,1.1735061316316613,2.098578209745255
5,50,0.995,0.5,0.95,0.5,17,5,process_noise_x_increased,1100,1300,0,,,17.0,1.7000000000000002,0.67,0.33,0.0,0.05943239253342791,0.30366322428117376,1.0214381787250515,2.701526030460702
5,70,0.95,0.5,0.95,0.5,17,0,measurement_outliers,100,200,0,,,5.0,0.5,0.59,0.41,0.0,0.12913548105133832,0.5236536510287968,1.1995991065411402,3.70865819919387
5,70,0.95,0.5,0.95,0.5,17,1,measurement_noise_x_increased,300,400,0,,,0.0,0.0,0.81,0.19,0.0,0.023250694804868178,0.10702264257296473,0.94689208603618,2.083367226623665
5,70,0.95,0.5,0.95,0.5,17,2,measurement_noise_xy_decreased,500,600,0,,,36.0,3.6,0.43,0.57,0.0,0.29600262275282174,0.8319409579665302,0.3297480335747584,0.6884106546610436
5,70,0.95,0.5,0.95,0.5,17,3,truncated_gaussian_measurement_noise,700,800,0,,,36.0,3.6,0.55,0.45,0.0,0.1796396928609925,0.5315899732019689,0.24063011908604584,0.49898439990519106
5,70,0.95,0.5,0.95,0.5,17,4,coordinated_turn_model_mismatch,900,1000,0,,,23.0,2.3000000000000003,0.66,0.34,0.0,0.05613186671351313,0.24872247150682078,1.1735061316316613,2.098578209745255
5,70,0.95,0.5,0.95,0.5,17,5,process_noise_x_increased,1100,1300,0,,,0.0,0.0,0.735,0.265,0.0,0.03893319814624703,0.2533984077413891,1.0214381787250515,2.701526030460702
5,70,0.98,0.5,0.95,0.5,17,0,measurement_outliers,100,200,0,,,6.0,0.6000000000000001,0.62,0.38,0.0,0.09390201886401767,0.39957046937917357,1.1995991065411402,3.70865819919387
5,70,0.98,0.5,0.95,0.5,17,1,measurement_noise_x_increased,300,400,0,,,0.0,0.0,0.92,0.08,0.0,0.012821578896340072,0.06647036842488015,0.94689208603618,2.083367226623665
5,70,0.98,0.5,0.95,0.5,17,2,measurement_noise_xy_decreased,500,600,0,,,37.0,3.7,0.47,0.53,0.0,0.25157534188355074,0.7800945793558861,0.3297480335747584,0.6884106546610436
5,70,0.98,0.5,0.95,0.5,17,3,truncated_gaussian_measurement_noise,700,800,0,,,36.0,3.6,0.57,0.43,0.0,0.16900981764008458,0.5142190083356604,0.24063011908604584,0.49898439990519106
5,70,0.98,0.5,0.95,0.5,17,4,coordinated_turn_model_mismatch,900,1000,0,,,21.0,2.1,0.71,0.29,0.0,0.03809118287736791,0.25968921361335523,1.1735061316316613,2.098578209745255
5,70,0.98,0.5,0.95,0.5,17,5,process_noise_x_increased,1100,1300,0,,,0.0,0.0,0.805,0.195,0.0,0.032824598701737366,0.22916672774516728,1.0214381787250515,2.701526030460702
5,70,0.99,0.5,0.95,0.5,17,0,measurement_outliers,100,200,0,,,8.0,0.8,0.59,0.41,0.0,0.10206674999147683,0.42713960380198074,1.1995991065411402,3.70865819919387
5,70,0.99,0.5,0.95,0.5,17,1,measurement_noise_x_increased,300,400,0,,,0.0,0.0,0.92,0.08,0.0,0.012975116616267046,0.06777073430186026,0.94689208603618,2.083367226623665
5,70,0.99,0.5,0.95,0.5,17,2,measurement_noise_xy_decreased,500,600,0,,,37.0,3.7,0.52,0.48,0.0,0.2335546385667092,0.7533918268068064,0.3297480335747584,0.6884106546610436
5,70,0.99,0.5,0.95,0.5,17,3,truncated_gaussian_measurement_noise,700,800,0,,,37.0,3.7,0.55,0.45,0.0,0.1818038450919652,0.5635430425668028,0.24063011908604584,0.49898439990519106
5,70,0.99,0.5,0.95,0.5,17,4,coordinated_turn_model_mismatch,900,1000,0,,,20.0,2.0,0.83,0.17,0.0,0.024696900980969202,0.20050690520670286,1.1735061316316613,2.098578209745255
5,70,0.99,0.5,0.95,0.5,17,5,process_noise_x_increased,1100,1300,0,,,0.0,0.0,0.825,0.175,0.0,0.027095022935208667,0.1931328182730649,1.0214381787250515,2.701526030460702
5,70,0.995,0.5,0.95,0.5,17,0,measurement_outliers,100,200,0,,,8.0,0.8,0.62,0.38,0.0,0.08034504647418636,0.32155004806866266,1.1995991065411402,3.70865819919387
5,70,0.995,0.5,0.95,0.5,17,1,measurement_noise_x_increased,300,400,0,,,0.0,0.0,1.0,0.0,0.0,0.007426047477159886,0.03656572192738707,0.94689208603618,2.083367226623665
5,70,0.995,0.5,0.95,0.5,17,2,measurement_noise_xy_decreased,500,600,0,,,39.0,3.9000000000000004,0.56,0.44,0.0,0.2266463632149452,0.7374738883111396,0.3297480335747584,0.6884106546610436
5,70,0.995,0.5,0.95,0.5,17,3,truncated_gaussian_measurement_noise,700,800,0,,,38.0,3.8000000000000003,0.56,0.44,0.0,0.1952972190299126,0.5956928917257058,0.24063011908604584,0.49898439990519106
5,70,0.995,0.5,0.95,0.5,17,4,coordinated_turn_model_mismatch,900,1000,0,,,19.0,1.9000000000000001,0.86,0.14,0.0,0.01838201597740297,0.13417087820949078,1.1735061316316613,2.098578209745255
5,70,0.995,0.5,0.95,0.5,17,5,process_noise_x_increased,1100,1300,0,,,0.0,0.0,0.87,0.13,0.0,0.020505951881667758,0.15758997397856292,1.0214381787250515,2.701526030460702
7,35,0.95,0.5,0.95,0.5,17,0,measurement_outliers,100,200,0,,,50.0,5.0,0.16,0.84,0.0,0.3392990676722833,0.73005420261578,1.1995991065411402,3.70865819919387
7,35,0.95,0.5,0.95,0.5,17,1,measurement_noise_x_increased,300,400,0,,,32.0,3.2,0.16,0.84,0.0,0.24739164583589368,0.6167182000927391,0.94689208603618,2.083367226623665
7,35,0.95,0.5,0.95,0.5,17,2,measurement_noise_xy_decreased,500,600,0,,,35.0,3.5,0.12,0.88,0.0,0.46488135975457523,0.7182242271722301,0.3297480335747584,0.6884106546610436
7,35,0.95,0.5,0.95,0.5,17,3,truncated_gaussian_measurement_noise,700,800,0,,,39.0,3.9000000000000004,0.05,0.95,0.0,0.4076747904124922,0.6532699423921744,0.24063011908604584,0.49898439990519106
7,35,0.95,0.5,0.95,0.5,17,4,coordinated_turn_model_mismatch,900,1000,0,,,62.0,6.2,0.3,0.7,0.0,0.26232933311152545,0.5656947319661665,1.1735061316316613,2.098578209745255
7,35,0.95,0.5,0.95,0.5,17,5,process_noise_x_increased,1100,1300,0,,,43.0,4.3,0.37,0.63,0.0,0.22255852759075956,0.915862580754569,1.0214381787250515,2.701526030460702
7,35,0.98,0.5,0.95,0.5,17,0,measurement_outliers,100,200,0,,,36.0,3.6,0.25,0.75,0.0,0.29333827404462454,0.5904197776698289,1.1995991065411402,3.70865819919387
7,35,0.98,0.5,0.95,0.5,17,1,measurement_noise_x_increased,300,400,0,,,28.0,2.8000000000000003,0.22,0.78,0.0,0.2104315281468666,0.5651192193668412,0.94689208603618,2.083367226623665
7,35,0.98,0.5,0.95,0.5,17,2,measurement_noise_xy_decreased,500,600,0,,,35.0,3.5,0.15,0.85,0.0,0.43404370085762295,0.6934676398478093,0.3297480335747584,0.6884106546610436
7,35,0.98,0.5,0.95,0.5,17,3,truncated_gaussian_measurement_noise,700,800,0,,,38.0,3.8000000000000003,0.12,0.88,0.0,0.36916598565636066,0.5928159808709051,0.24063011908604584,0.49898439990519106
7,35,0.98,0.5,0.95,0.5,17,4,coordinated_turn_model_mismatch,900,1000,0,,,62.0,6.2,0.36,0.64,0.0,0.20992160320914166,0.5199138038172314,1.1735061316316613,2.098578209745255
7,35,0.98,0.5,0.95,0.5,17,5,process_noise_x_increased,1100,1300,0,,,38.0,3.8000000000000003,0.45,0.55,0.0,0.18199931730816465,0.7268836034486287,1.0214381787250515,2.701526030460702
7,35,0.99,0.5,0.95,0.5,17,0,measurement_outliers,100,200,0,,,33.0,3.3000000000000003,0.27,0.73,0.0,0.24951802373349807,0.5282796999908435,1.1995991065411402,3.70865819919387
7,35,0.99,0.5,0.95,0.5,17,1,measurement_noise_x_increased,300,400,0,,,24.0,2.4000000000000004,0.27,0.73,0.0,0.19230007731139076,0.5339795617016947,0.94689208603618,2.083367226623665
7,35,0.99,0.5,0.95,0.5,17,2,measurement_noise_xy_decreased,500,600,0,,,35.0,3.5,0.19,0.81,0.0,0.39996430461527716,0.7328183566547395,0.3297480335747584,0.6884106546610436
7,35,0.99,0.5,0.95,0.5,17,3,truncated_gaussian_measurement_noise,700,800,0,,,38.0,3.8000000000000003,0.13,0.87,0.0,0.35000493342332173,0.590312652945462,0.24063011908604584,0.49898439990519106
7,35,0.99,0.5,0.95,0.5,17,4,coordinated_turn_model_mismatch,900,1000,0,,,33.0,3.3000000000000003,0.37,0.63,0.0,0.17479415064071585,0.5215811351691517,1.1735061316316613,2.098578209745255
7,35,0.99,0.5,0.95,0.5,17,5,process_noise_x_increased,1100,1300,0,,,39.0,3.9000000000000004,0.505,0.495,0.0,0.1472298366789753,0.7067768036459614,1.0214381787250515,2.701526030460702
7,35,0.995,0.5,0.95,0.5,17,0,measurement_outliers,100,200,0,,,12.0,1.2000000000000002,0.26,0.74,0.0,0.20084639276668753,0.4919581132965786,1.1995991065411402,3.70865819919387
7,35,0.995,0.5,0.95,0.5,17,1,measurement_noise_x_increased,300,400,0,,,18.0,1.8,0.26,0.74,0.0,0.21258147316828246,0.6276135521596808,0.94689208603618,2.083367226623665
7,35,0.995,0.5,0.95,0.5,17,2,measurement_noise_xy_decreased,500,600,0,,,48.0,4.800000000000001,0.24,0.76,0.0,0.3471567191384109,0.6326347926087226,0.3297480335747584,0.6884106546610436
7,35,0.995,0.5,0.95,0.5,17,3,truncated_gaussian_measurement_noise,700,800,0,,,39.0,3.9000000000000004,0.12,0.88,0.0,0.36376659810844314,0.6189979940710292,0.24063011908604584,0.49898439990519106
7,35,0.995,0.5,0.95,0.5,17,4,coordinated_turn_model_mismatch,900,1000,0,,,28.0,2.8000000000000003,0.44,0.56,0.0,0.11618792775149243,0.3703855533216381,1.1735061316316613,2.098578209745255
7,35,0.995,0.5,0.95,0.5,17,5,process_noise_x_increased,1100,1300,0,,,20.0,2.0,0.57,0.43,0.0,0.14835094901204585,0.654691321822111,1.0214381787250515,2.701526030460702
7,50,0.95,0.5,0.95,0.5,17,0,measurement_outliers,100,200,0,,,21.0,2.1,0.33,0.67,0.0,0.24105920439437584,0.6315891249462201,1.1995991065411402,3.70865819919387
7,50,0.95,0.5,0.95,0.5,17,1,measurement_noise_x_increased,300,400,0,,,17.0,1.7000000000000002,0.24,0.76,0.0,0.16281899835497404,0.48242187444920925,0.94689208603618,2.083367226623665
7,50,0.95,0.5,0.95,0.5,17,2,measurement_noise_xy_decreased,500,600,0,,,40.0,4.0,0.17,0.83,0.0,0.3893050627903256,0.7334782802265524,0.3297480335747584,0.6884106546610436
7,50,0.95,0.5,0.95,0.5,17,3,truncated_gaussian_measurement_noise,700,800,0,,,39.0,3.9000000000000004,0.22,0.78,0.0,0.2862951112414884,0.5817710044268802,0.24063011908604584,0.49898439990519106
7,50,0.95,0.5,0.95,0.5,17,4,coordinated_turn_model_mismatch,900,1000,0,,,62.0,6.2,0.48,0.52,0.0,0.162224430818501,0.48032455394189505,1.1735061316316613,2.098578209745255
7,50,0.95,0.5,0.95,0.5,17,5,process_noise_x_increased,1100,1300,0,,,25.0,2.5,0.54,0.46,0.0,0.1349590777924477,0.5389294889588339,1.0214381787250515,2.701526030460702
7,50,0.98,0.5,0.95,0.5,17,0,measurement_outliers,100,200,0,,,21.0,2.1,0.37,0.63,0.0,0.20026633898020582,0.5427910309289907,1.1995991065411402,3.70865819919387
7,50,0.98,0.5,0.95,0.5,17,1,measurement_noise_x_increased,300,400,0,,,16.0,1.6,0.34,0.66,0.0,0.13973046249928486,0.47088767074409976,0.94689208603618,2.083367226623665
7,50,0.98,0.5,0.95,0.5,17,2,measurement_noise_xy_decreased,500,600,0,,,37.0,3.7,0.22,0.78,0.0,0.33720216766674127,0.6354389345144915,0.3297480335747584,0.6884106546610436
7,50,0.98,0.5,0.95,0.5,17,3,truncated_gaussian_measurement_noise,700,800,0,,,39.0,3.9000000000000004,0.22,0.78,0.0,0.25050401674563577,0.5372020843616875,0.24063011908604584,0.49898439990519106
7,50,0.98,0.5,0.95,0.5,17,4,coordinated_turn_model_mismatch,900,1000,0,,,42.0,4.2,0.56,0.44,0.0,0.12283610889000181,0.4405363782976596,1.1735061316316613,2.098578209745255
7,50,0.98,0.5,0.95,0.5,17,5,process_noise_x_increased,1100,1300,0,,,25.0,2.5,0.585,0.415,0.0,0.11732293522959289,0.45117391082404684,1.0214381787250515,2.701526030460702
7,50,0.99,0.5,0.95,0.5,17,0,measurement_outliers,100,200,0,,,26.0,2.6,0.44,0.56,0.0,0.17608591184209882,0.4908845980008345,1.1995991065411402,3.70865819919387
7,50,0.99,0.5,0.95,0.5,17,1,measurement_noise_x_increased,300,400,0,,,16.0,1.6,0.35,0.65,0.0,0.12547146746576016,0.4459184077521418,0.94689208603618,2.083367226623665
7,50,0.99,0.5,0.95,0.5,17,2,measurement_noise_xy_decreased,500,600,0,,,39.0,3.9000000000000004,0.32,0.68,0.0,0.2831829948011311,0.572877433390567,0.3297480335747584,0.6884106546610436
7,50,0.99,0.5,0.95,0.5,17,3,truncated_gaussian_measurement_noise,700,800,0,,,39.0,3.9000000000000004,0.26,0.74,0.0,0.2354818661030983,0.5098277370483884,0.24063011908604584,0.49898439990519106
7,50,0.99,0.5,0.95,0.5,17,4,coordinated_turn_model_mismatch,900,1000,0,,,36.0,3.6,0.56,0.44,0.0,0.09404077270025324,0.3893055606694753,1.1735061316316613,2.098578209745255
7,50,0.99,0.5,0.95,0.5,17,5,process_noise_x_increased,1100,1300,0,,,24.0,2.4000000000000004,0.61,0.39,0.0,0.10631509917967787,0.40994776542209593,1.0214381787250515,2.701526030460702
7,50,0.995,0.5,0.95,0.5,17,0,measurement_outliers,100,200,0,,,28.0,2.8000000000000003,0.54,0.46,0.0,0.13434582867764017,0.3730299110913629,1.1995991065411402,3.70865819919387
7,50,0.995,0.5,0.95,0.5,17,1,measurement_noise_x_increased,300,400,0,,,17.0,1.7000000000000002,0.28,0.72,0.0,0.17671365761681185,0.5310872193268114,0.94689208603618,2.083367226623665
7,50,0.995,0.5,0.95,0.5,17,2,measurement_noise_xy_decreased,500,600,0,,,43.0,4.3,0.18,0.82,0.0,0.33233020011155967,0.688532116662861,0.3297480335747584,0.6884106546610436
7,50,0.995,0.5,0.95,0.5,17,3,truncated_gaussian_measurement_noise,700,800,0,,,39.0,3.9000000000000004,0.22,0.78,0.0,0.2621600924448428,0.5456908798613062,0.24063011908604584,0.49898439990519106
7,50,0.995,0.5,0.95,0.5,17,4,coordinated_turn_model_mismatch,900,1000,0,,,31.0,3.1,0.62,0.38,0.0,0.12429546067478604,0.4650963699146833,1.1735061316316613,2.098578209745255
7,50,0.995,0.5,0.95,0.5,17,5,process_noise_x_increased,1100,1300,0,,,21.0,2.1,0.625,0.375,0.0,0.08986977999067598,0.3561428031853282,1.0214381787250515,2.701526030460702
7,70,0.95,0.5,0.95,0.5,17,0,measurement_outliers,100,200,0,,,16.0,1.6,0.54,0.46,0.0,0.16428242105982793,0.5494839219672036,1.1995991065411402,3.70865819919387
7,70,0.95,0.5,0.95,0.5,17,1,measurement_noise_x_increased,300,400,0,,,9.0,0.9,0.53,0.47,0.0,0.06964943825884555,0.18632220316569886,0.94689208603618,2.083367226623665
7,70,0.95,0.5,0.95,0.5,17,2,measurement_noise_xy_decreased,500,600,0,,,39.0,3.9000000000000004,0.29,0.71,0.0,0.28575265244952125,0.6809976442012728,0.3297480335747584,0.6884106546610436
7,70,0.95,0.5,0.95,0.5,17,3,truncated_gaussian_measurement_noise,700,800,0,,,40.0,4.0,0.47,0.53,0.0,0.1845465368840365,0.5215710341583937,0.24063011908604584,0.49898439990519106
7,70,0.95,0.5,0.95,0.5,17,4,coordinated_turn_model_mismatch,900,1000,0,,,23.0,2.3000000000000003,0.65,0.35,0.0,0.06146190979587656,0.33087579829147645,1.1735061316316613,2.098578209745255
7,70,0.95,0.5,0.95,0.5,17,5,process_noise_x_increased,1100,1300,0,,,27.0,2.7,0.635,0.365,0.0,0.052191108312153754,0.2623336872838053,1.0214381787250515,2.701526030460702
7,70,0.98,0.5,0.95,0.5,17,0,measurement_outliers,100,200,0,,,16.0,1.6,0.55,0.45,0.0,0.133551861167656,0.4599929227564879,1.1995991065411402,3.70865819919387
7,70,0.98,0.5,0.95,0.5,17,1,measurement_noise_x_increased,300,400,0,,,10.0,1.0,0.58,0.42,0.0,0.05982144003574708,0.17738934062652278,0.94689208603618,2.083367226623665
7,70,0.98,0.5,0.95,0.5,17,2,measurement_noise_xy_decreased,500,600,0,,,40.0,4.0,0.33,0.67,0.0,0.23241340108609798,0.574124799769357,0.3297480335747584,0.6884106546610436
7,70,0.98,0.5,0.95,0.5,17,3,truncated_gaussian_measurement_noise,700,800,0,,,40.0,4.0,0.53,0.47,0.0,0.14907221617277847,0.49422536171406495,0.24063011908604584,0.49898439990519106
7,70,0.98,0.5,0.95,0.5,17,4,coordinated_turn_model_mismatch,900,1000,0,,,21.0,2.1,0.66,0.34,0.0,0.03704037817014463,0.1725643410184597,1.1735061316316613,2.098578209745255
7,70,0.98,0.5,0.95,0.5,17,5,process_noise_x_increased,1100,1300,0,,,21.0,2.1,0.67,0.33,0.0,0.040216545044585626,0.19640686977794242,1.0214381787250515,2.701526030460702
7,70,0.99,0.5,0.95,0.5,17,0,measurement_outliers,100,200,0,,,16.0,1.6,0.56,0.44,0.0,0.10141159152875541,0.389257807373856,1.1995991065411402,3.70865819919387
7,70,0.99,0.5,0.95,0.5,17,1,measurement_noise_x_increased,300,400,0,,,10.0,1.0,0.58,0.42,0.0,0.04494728664092775,0.15420092996649218,0.94689208603618,2.083367226623665
7,70,0.99,0.5,0.95,0.5,17,2,measurement_noise_xy_decreased,500,600,0,,,40.0,4.0,0.43,0.57,0.0,0.19024060146859528,0.5175885312700084,0.3297480335747584,0.6884106546610436
7,70,0.99,0.5,0.95,0.5,17,3,truncated_gaussian_measurement_noise,700,800,0,,,43.0,4.3,0.56,0.44,0.0,0.1327813158090031,0.4528153318113975,0.24063011908604584,0.49898439990519106
7,70,0.99,0.5,0.95,0.5,17,4,coordinated_turn_model_mismatch,900,1000,0,,,20.0,2.0,0.76,0.24,0.0,0.022873467383622403,0.13422510518823738,1.1735061316316613,2.098578209745255
7,70,0.99,0.5,0.95,0.5,17,5,process_noise_x_increased,1100,1300,0,,,6.0,0.6000000000000001,0.73,0.27,0.0,0.03513366958541598,0.18665062683701927,1.0214381787250515,2.701526030460702
7,70,0.995,0.5,0.95,0.5,17,0,measurement_outliers,100,200,0,,,12.0,1.2000000000000002,0.61,0.39,0.0,0.08064941056419134,0.3077293474313859,1.1995991065411402,3.70865819919387
7,70,0.995,0.5,0.95,0.5,17,1,measurement_noise_x_increased,300,400,0,,,10.0,1.0,0.54,0.46,0.0,0.054648108184208094,0.17913800514965403,0.94689208603618,2.083367226623665
7,70,0.995,0.5,0.95,0.5,17,2,measurement_noise_xy_decreased,500,600,0,,,41.0,4.1000000000000005,0.42,0.58,0.0,0.22545802106558047,0.5602906715598021,0.3297480335747584,0.6884106546610436
7,70,0.995,0.5,0.95,0.5,17,3,truncated_gaussian_measurement_noise,700,800,0,,,45.0,4.5,0.51,0.49,0.0,0.15688696444320843,0.48076711445574666,0.24063011908604584,0.49898439990519106
7,70,0.995,0.5,0.95,0.5,17,4,coordinated_turn_model_mismatch,900,1000,0,,,17.0,1.7000000000000002,0.76,0.24,0.0,0.02533279407287823,0.1133988287548099,1.1735061316316613,2.098578209745255
7,70,0.995,0.5,0.95,0.5,17,5,process_noise_x_increased,1100,1300,0,,,3.0,0.30000000000000004,0.725,0.275,0.0,0.03072389761998694,0.16914152100462856,1.0214381787250515,2.701526030460702
10,50,0.95,0.5,0.95,0.5,17,0,measurement_outliers,100,200,0,,,44.0,4.4,0.19,0.81,0.0,0.26360889599613857,0.5923566165540821,1.1995991065411402,3.70865819919387
10,50,0.95,0.5,0.95,0.5,17,1,measurement_noise_x_increased,300,400,0,,,30.0,3.0,0.21,0.79,0.0,0.16188180437429525,0.3715156267717559,0.94689208603618,2.083367226623665
10,50,0.95,0.5,0.95,0.5,17,2,measurement_noise_xy_decreased,500,600,0,,,,,0.12,0.88,0.0,0.37104954491836123,0.661288120397317,0.3297480335747584,0.6884106546610436
10,50,0.95,0.5,0.95,0.5,17,3,truncated_gaussian_measurement_noise,700,800,0,,,45.0,4.5,0.22,0.78,0.0,0.2560525086677724,0.5252420604109894,0.24063011908604584,0.49898439990519106
10,50,0.95,0.5,0.95,0.5,17,4,coordinated_turn_model_mismatch,900,1000,0,,,63.0,6.300000000000001,0.19,0.81,0.0,0.18545637183595115,0.42070615220715096,1.1735061316316613,2.098578209745255
10,50,0.95,0.5,0.95,0.5,17,5,process_noise_x_increased,1100,1300,0,,,37.0,3.7,0.295,0.705,0.0,0.13565700862488497,0.395569241779058,1.0214381787250515,2.701526030460702
10,50,0.98,0.5,0.95,0.5,17,0,measurement_outliers,100,200,0,,,36.0,3.6,0.24,0.76,0.0,0.20262433376859648,0.48397088933823446,1.1995991065411402,3.70865819919387
10,50,0.98,0.5,0.95,0.5,17,1,measurement_noise_x_increased,300,400,0,,,26.0,2.6,0.3,0.7,0.0,0.10641683355677908,0.24096414633802946,0.94689208603618,2.083367226623665
10,50,0.98,0.5,0.95,0.5,17,2,measurement_noise_xy_decreased,500,600,0,,,56.0,5.6000000000000005,0.16,0.84,0.0,0.3013602607032643,0.5976682216182441,0.3297480335747584,0.6884106546610436
10,50,0.98,0.5,0.95,0.5,17,3,truncated_gaussian_measurement_noise,700,800,0,,,45.0,4.5,0.41,0.59,0.0,0.19078599158250742,0.4649040121038505,0.24063011908604584,0.49898439990519106
10,50,0.98,0.5,0.95,0.5,17,4,coordinated_turn_model_mismatch,900,1000,0,,,61.0,6.1000000000000005,0.31,0.69,0.0,0.12891540642369714,0.33840115522607667,1.1735061316316613,2.098578209745255
10,50,0.98,0.5,0.95,0.5,17,5,process_noise_x_increased,1100,1300,0,,,31.0,3.1,0.42,0.58,0.0,0.09352501612787437,0.278147924660563,1.0214381787250515,2.701526030460702
10,50,0.99,0.5,0.95,0.5,17,0,measurement_outliers,100,200,0,,,29.0,2.9000000000000004,0.36,0.64,0.0,0.14290514923667305,0.3584680412972984,1.1995991065411402,3.70865819919387
10,50,0.99,0.5,0.95,0.5,17,1,measurement_noise_x_increased,300,400,0,,,17.0,1.7000000000000002,0.47,0.53,0.0,0.061962902594274116,0.13453839691124544,0.94689208603618,2.083367226623665
10,50,0.99,0.5,0.95,0.5,17,2,measurement_noise_xy_decreased,500,600,0,,,52.0,5.2,0.24,0.76,0.0,0.2252159911926986,0.5231336990279891,0.3297480335747584,0.6884106546610436
10,50,0.99,0.5,0.95,0.5,17,3,truncated_gaussian_measurement_noise,700,800,0,,,45.0,4.5,0.5,0.5,0.0,0.12826378658162313,0.38012467413716794,0.24063011908604584,0.49898439990519106
10,50,0.99,0.5,0.95,0.5,17,4,coordinated_turn_model_mismatch,900,1000,0,,,43.0,4.3,0.55,0.45,0.0,0.08013518557266024,0.24461534964959916,1.1735061316316613,2.098578209745255
10,50,0.99,0.5,0.95,0.5,17,5,process_noise_x_increased,1100,1300,0,,,25.0,2.5,0.54,0.46,0.0,0.05941235768999449,0.17819246186805698,1.0214381787250515,2.701526030460702
10,50,0.995,0.5,0.95,0.5,17,0,measurement_outliers,100,200,0,,,21.0,2.1,0.54,0.46,0.0,0.08242460735578144,0.22317979226924353,1.1995991065411402,3.70865819919387
10,50,0.995,0.5,0.95,0.5,17,1,measurement_noise_x_increased,300,400,0,,,1.0,0.1,0.74,0.26,0.0,0.028153942487582947,0.06971447616372622,0.94689208603618,2.083367226623665
10,50,0.995,0.5,0.95,0.5,17,2,measurement_noise_xy_decreased,500,600,0,,,48.0,4.800000000000001,0.44,0.56,0.0,0.1347419507365817,0.395735405804233,0.3297480335747584,0.6884106546610436
10,50,0.995,0.5,0.95,0.5,17,3,truncated_gaussian_measurement_noise,700,800,0,,,40.0,4.0,0.6,0.4,0.0,0.06975622979335475,0.2550320586440631,0.24063011908604584,0.49898439990519106
10,50,0.995,0.5,0.95,0.5,17,4,coordinated_turn_model_mismatch,900,1000,0,,,23.0,2.3000000000000003,0.67,0.33,0.0,0.036059012741489156,0.13204612024267331,1.1735061316316613,2.098578209745255
10,50,0.995,0.5,0.95,0.5,17,5,process_noise_x_increased,1100,1300,0,,,11.0,1.1,0.8,0.2,0.0,0.030592108572873155,0.09551054079013024,1.0214381787250515,2.701526030460702
10,70,0.95,0.5,0.95,0.5,17,0,measurement_outliers,100,200,0,,,34.0,3.4000000000000004,0.36,0.64,0.0,0.16453927541563387,0.47973125140392664,1.1995991065411402,3.70865819919387
10,70,0.95,0.5,0.95,0.5,17,1,measurement_noise_x_increased,300,400,0,,,23.0,2.3000000000000003,0.49,0.51,0.0,0.0801790594480058,0.22542280187030891,0.94689208603618,2.083367226623665
10,70,0.95,0.5,0.95,0.5,17,2,measurement_noise_xy_decreased,500,600,0,,,57.0,5.7,0.23,0.77,0.0,0.2465951587104382,0.5789072973083556,0.3297480335747584,0.6884106546610436
10,70,0.95,0.5,0.95,0.5,17,3,truncated_gaussian_measurement_noise,700,800,0,,,45.0,4.5,0.51,0.49,0.0,0.1588514524280211,0.4530579432000911,0.24063011908604584,0.49898439990519106
10,70,0.95,0.5,0.95,0.5,17,4,coordinated_turn_model_mismatch,900,1000,0,,,46.0,4.6000000000000005,0.48,0.52,0.0,0.0865253195899025,0.2668089673611607,1.1735061316316613,2.098578209745255
10,70,0.95,0.5,0.95,0.5,17,5,process_noise_x_increased,1100,1300,0,,,32.0,3.2,0.525,0.475,0.0,0.0636385378647303,0.20349032785954801,1.0214381787250515,2.701526030460702
10,70,0.98,0.5,0.95,0.5,17,0,measurement_outliers,100,200,0,,,31.0,3.1,0.53,0.47,0.0,0.11730128657401431,0.36286279382888376,1.1995991065411402,3.70865819919387
10,70,0.98,0.5,0.95,0.5,17,1,measurement_noise_x_increased,300,400,0,,,17.0,1.7000000000000002,0.56,0.44,0.0,0.04815618486468599,0.14959557871586696,0.94689208603618,2.083367226623665
10,70,0.98,0.5,0.95,0.5,17,2,measurement_noise_xy_decreased,500,600,0,,,56.0,5.6000000000000005,0.37,0.63,0.0,0.18932106288431685,0.5215807546131492,0.3297480335747584,0.6884106546610436
10,70,0.98,0.5,0.95,0.5,17,3,truncated_gaussian_measurement_noise,700,800,0,,,47.0,4.7,0.58,0.42,0.0,0.10852938449752017,0.3826501474738256,0.24063011908604584,0.49898439990519106
10,70,0.98,0.5,0.95,0.5,17,4,coordinated_turn_model_mismatch,900,1000,0,,,40.0,4.0,0.63,0.37,0.0,0.05699850138970204,0.19835177863979078,1.1735061316316613,2.098578209745255
10,70,0.98,0.5,0.95,0.5,17,5,process_noise_x_increased,1100,1300,0,,,21.0,2.1,0.645,0.355,0.0,0.042507826264104924,0.13490934700346077,1.0214381787250515,2.701526030460702
10,70,0.99,0.5,0.95,0.5,17,0,measurement_outliers,100,200,0,,,24.0,2.4000000000000004,0.59,0.41,0.0,0.07686106633036174,0.25019861207892663,1.1995991065411402,3.70865819919387
10,70,0.99,0.5,0.95,0.5,17,1,measurement_noise_x_increased,300,400,0,,,8.0,0.8,0.78,0.22,0.0,0.025928924387571436,0.08670120517667214,0.94689208603618,2.083367226623665
10,70,0.99,0.5,0.95,0.5,17,2,measurement_noise_xy_decreased,500,600,0,,,52.0,5.2,0.45,0.55,0.0,0.13226256954950608,0.431332407685477,0.3297480335747584,0.6884106546610436
10,70,0.99,0.5,0.95,0.5,17,3,truncated_gaussian_measurement_noise,700,800,0,,,45.0,4.5,0.66,0.34,0.0,0.06601839904498724,0.2816258003012767,0.24063011908604584,0.49898439990519106
10,70,0.99,0.5,0.95,0.5,17,4,coordinated_turn_model_mismatch,900,1000,0,,,26.0,2.6,0.69,0.31,0.0,0.032506392372382974,0.12849889929188751,1.1735061316316613,2.098578209745255
10,70,0.99,0.5,0.95,0.5,17,5,process_noise_x_increased,1100,1300,0,,,1.0,0.1,0.82,0.18,0.0,0.026675858730250124,0.08286816185205499,1.0214381787250515,2.701526030460702
10,70,0.995,0.5,0.95,0.5,17,0,measurement_outliers,100,200,0,,,11.0,1.1,0.68,0.32,0.0,0.04114515201299713,0.14261231321037798,1.1995991065411402,3.70865819919387
10,70,0.995,0.5,0.95,0.5,17,1,measurement_noise_x_increased,300,400,0,,,0.0,0.0,1.0,0.0,0.0,0.010933927897124855,0.04011260525051248,0.94689208603618,2.083367226623665
10,70,0.995,0.5,0.95,0.5,17,2,measurement_noise_xy_decreased,500,600,0,,,48.0,4.800000000000001,0.59,0.41,0.0,0.07114691971879866,0.29084253638428026,0.3297480335747584,0.6884106546610436
10,70,0.995,0.5,0.95,0.5,17,3,truncated_gaussian_measurement_noise,700,800,0,,,43.0,4.3,0.74,0.26,0.0,0.03228078482267876,0.16231341632352736,0.24063011908604584,0.49898439990519106
10,70,0.995,0.5,0.95,0.5,17,4,coordinated_turn_model_mismatch,900,1000,0,,,4.0,0.4,0.97,0.03,0.0,0.012771830120049437,0.057091012632573726,1.1735061316316613,2.098578209745255
10,70,0.995,0.5,0.95,0.5,17,5,process_noise_x_increased,1100,1300,0,,,0.0,0.0,1.0,0.0,0.0,0.013530511097192204,0.04056225515496337,1.0214381787250515,2.701526030460702
5,25,0.95,0.5,0.95,0.5,18,0,measurement_outliers,100,200,0,,,0.0,0.0,0.4,0.6,0.0,0.07667475875582272,0.22952329834343188,1.0809003668780748,2.621126615605004
5,25,0.95,0.5,0.95,0.5,18,1,measurement_noise_x_increased,300,400,0,,,7.0,0.7000000000000001,0.24,0.76,0.0,0.1524328576421733,0.3913325517823302,0.8966079387818067,1.892514859649954
5,25,0.95,0.5,0.95,0.5,18,2,measurement_noise_xy_decreased,500,600,0,,,31.0,3.1,0.11,0.89,0.0,0.6621819104578408,0.9141885132078509,0.2929033027060706,0.7071778437081966
5,25,0.95,0.5,0.95,0.5,18,3,truncated_gaussian_measurement_noise,700,800,0,,,20.0,2.0,0.1,0.9,0.0,0.3544580363541349,0.6350901461917651,0.34325054150880946,0.876505491728147
5,25,0.95,0.5,0.95,0.5,18,4,coordinated_turn_model_mismatch,900,1000,1,39.0,3.9000000000000004,51.0,5.1000000000000005,0.02,0.37,0.61,0.7012111813452023,0.999988616095123,2.156147237505048,3.4217348005542916
5,25,0.95,0.5,0.95,0.5,18,5,process_noise_x_increased,1100,1300,0,,,31.0,3.1,0.265,0.735,0.0,0.1934317152747019,0.7095080936719402,0.8654499890681366,2.73855061107748
5,25,0.98,0.5,0.95,0.5,18,0,measurement_outliers,100,200,0,,,0.0,0.0,0.7,0.3,0.0,0.041766355966777614,0.12300861760587774,1.0809003668780748,2.621126615605004
5,25,0.98,0.5,0.95,0.5,18,1,measurement_noise_x_increased,300,400,0,,,7.0,0.7000000000000001,0.28,0.72,0.0,0.10343826330971602,0.3093615828633275,0.8966079387818067,1.892514859649954
5,25,0.98,0.5,0.95,0.5,18,2,measurement_noise_xy_decreased,500,600,0,,,25.0,2.5,0.15,0.85,0.0,0.6607617418729437,0.9268509215656752,0.2929033027060706,0.7071778437081966
5,25,0.98,0.5,0.95,0.5,18,3,truncated_gaussian_measurement_noise,700,800,0,,,20.0,2.0,0.2,0.8,0.0,0.27972472955450334,0.514280705793707,0.34325054150880946,0.876505491728147
5,25,0.98,0.5,0.95,0.5,18,4,coordinated_turn_model_mismatch,900,1000,1,43.0,4.3,51.0,5.1000000000000005,0.22,0.21,0.57,0.6689430737094685,0.9999955429980031,2.156147237505048,3.4217348005542916
5,25,0.98,0.5,0.95,0.5,18,5,process_noise_x_increased,1100,1300,0,,,30.0,3.0,0.335,0.665,0.0,0.15197296472519561,0.6744784399782789,0.8654499890681366,2.73855061107748
5,25,0.99,0.5,0.95,0.5,18,0,measurement_outliers,100,200,0,,,0.0,0.0,0.94,0.06,0.0,0.023654324323820773,0.11395564314886898,1.0809003668780748,2.621126615605004
5,25,0.99,0.5,0.95,0.5,18,1,measurement_noise_x_increased,300,400,0,,,5.0,0.5,0.56,0.44,0.0,0.06532281322435944,0.23144813899666566,0.8966079387818067,1.892514859649954
5,25,0.99,0.5,0.95,0.5,18,2,measurement_noise_xy_decreased,500,600,0,,,26.0,2.6,0.2,0.8,0.0,0.6771091505636061,0.929808817795047,0.2929033027060706,0.7071778437081966
5,25,0.99,0.5,0.95,0.5,18,3,truncated_gaussian_measurement_noise,700,800,0,,,20.0,2.0,0.21,0.79,0.0,0.2624943020139452,0.46714569701237313,0.34325054150880946,0.876505491728147
5,25,0.99,0.5,0.95,0.5,18,4,coordinated_turn_model_mismatch,900,1000,1,38.0,3.8000000000000003,49.0,4.9,0.25,0.13,0.62,0.6635487753435438,0.9999986993065891,2.156147237505048,3.4217348005542916
5,25,0.99,0.5,0.95,0.5,18,5,process_noise_x_increased,1100,1300,0,,,27.0,2.7,0.34,0.66,0.0,0.11919991823661821,0.5051743779264548,0.8654499890681366,2.73855061107748
5,25,0.995,0.5,0.95,0.5,18,0,measurement_outliers,100,200,0,,,0.0,0.0,0.99,0.01,0.0,0.008169713138587735,0.05553818737918599,1.0809003668780748,2.621126615605004
5,25,0.995,0.5,0.95,0.5,18,1,measurement_noise_x_increased,300,400,0,,,0.0,0.0,0.76,0.24,0.0,0.03183927378106761,0.13721666808985916,0.8966079387818067,1.892514859649954
5,25,0.995,0.5,0.95,0.5,18,2,measurement_noise_xy_decreased,500,600,0,,,34.0,3.4000000000000004,0.19,0.81,0.0,0.6690362835219252,0.9155439547246574,0.2929033027060706,0.7071778437081966
5,25,0.995,0.5,0.95,0.5,18,3,truncated_gaussian_measurement_noise,700,800,0,,,20.0,2.0,0.15,0.85,0.0,0.27378286174121275,0.4106495539706412,0.34325054150880946,0.876505491728147
5,25,0.995,0.5,0.95,0.5,18,4,coordinated_turn_model_mismatch,900,1000,1,37.0,3.7,48.0,4.800000000000001,0.25,0.12,0.63,0.6757431204793966,0.9999995858272467,2.156147237505048,3.4217348005542916
5,25,0.995,0.5,0.95,0.5,18,5,process_noise_x_increased,1100,1300,0,,,27.0,2.7,0.46,0.54,0.0,0.08703189630399447,0.44105340314333225,0.8654499890681366,2.73855061107748
5,35,0.95,0.5,0.95,0.5,18,0,measurement_outliers,100,200,0,,,0.0,0.0,0.82,0.18,0.0,0.03396241683253419,0.10322450336154512,1.0809003668780748,2.621126615605004
5,35,0.95,0.5,0.95,0.5,18,1,measurement_noise_x_increased,300,400,0,,,7.0,0.7000000000000001,0.33,0.67,0.0,0.08979301074639989,0.3643698238811795,0.8966079387818067,1.892514859649954
5,35,0.95,0.5,0.95,0.5,18,2,measurement_noise_xy_decreased,500,600,0,,,26.0,2.6,0.18,0.82,0.0,0.603948726797336,0.9263758542042206,0.2929033027060706,0.7071778437081966
5,35,0.95,0.5,0.95,0.5,18,3,truncated_gaussian_measurement_noise,700,800,0,,,20.0,2.0,0.21,0.79,0.0,0.2852460212668294,0.5378612238991056,0.34325054150880946,0.876505491728147
5,35,0.95,0.5,0.95,0.5,18,4,coordinated_turn_model_mismatch,900,1000,1,44.0,4.4,51.0,5.1000000000000005,0.22,0.22,0.56,0.6534292608078577,0.999999177132374,2.156147237505048,3.4217348005542916
5,35,0.95,0.5,0.95,0.5,18,5,process_noise_x_increased,1100,1300,0,,,30.0,3.0,0.37,0.63,0.0,0.11826929581929534,0.47561149561548655,0.8654499890681366,2.73855061107748
5,35,0.98,0.5,0.95,0.5,18,0,measurement_outliers,100,200,0,,,0.0,0.0,0.99,0.01,0.0,0.017202205847130364,0.051036049328863305,1.0809003668780748,2.621126615605004
5,35,0.98,0.5,0.95,0.5,18,1,measurement_noise_x_increased,300,400,0,,,5.0,0.5,0.55,0.45,0.0,0.06043315541322416,0.2559863803684034,0.8966079387818067,1.892514859649954
5,35,0.98,0.5,0.95,0.5,18,2,measurement_noise_xy_decreased,500,600,0,,,26.0,2.6,0.24,0.76,0.0,0.5931557888963273,0.9331621125916381,0.2929033027060706,0.7071778437081966
5,35,0.98,0.5,0.95,0.5,18,3,truncated_gaussian_measurement_noise,700,800,0,,,20.0,2.0,0.28,0.72,0.0,0.22174046051510543,0.4311521671288074,0.34325054150880946,0.876505491728147
5,35,0.98,0.5,0.95,0.5,18,4,coordinated_turn_model_mismatch,900,1000,1,44.0,4.4,54.0,5.4,0.26,0.18,0.56,0.6346148612548463,0.9999993993030478,2.156147237505048,3.4217348005542916
5,35,0.98,0.5,0.95,0.5,18,5,process_noise_x_increased,1100,1300,0,,,27.0,2.7,0.48,0.52,0.0,0.08814578939295496,0.5465428935085335,0.8654499890681366,2.73855061107748
5,35,0.99,0.5,0.95,0.5,18,0,measurement_outliers,100,200,0,,,0.0,0.0,1.0,0.0,0.0,0.007514182731427264,0.02166570147096112,1.0809003668780748,2.621126615605004
5,35,0.99,0.5,0.95,0.5,18,1,measurement_noise_x_increased,300,400,0,,,0.0,0.0,0.7,0.3,0.0,0.03771312405691501,0.17307812404300432,0.8966079387818067,1.892514859649954
5,35,0.99,0.5,0.95,0.5,18,2,measurement_noise_xy_decreased,500,600,0,,,28.0,2.8000000000000003,0.29,0.71,0.0,0.6214449162115188,0.944119597479333,0.2929033027060706,0.7071778437081966
5,35,0.99,0.5,0.95,0.5,18,3,truncated_gaussian_measurement_noise,700,800,0,,,20.0,2.0,0.25,0.75,0.0,0.25271861404553386,0.43147592491540343,0.34325054150880946,0.876505491728147
5,35,0.99,0.5,0.95,0.5,18,4,coordinated_turn_model_mismatch,900,1000,1,44.0,4.4,54.0,5.4,0.25,0.19,0.56,0.6321991924425975,0.999998955903938,2.156147237505048,3.4217348005542916
5,35,0.99,0.5,0.95,0.5,18,5,process_noise_x_increased,1100,1300,0,,,27.0,2.7,0.595,0.405,0.0,0.057273640198893846,0.3578518943549407,0.8654499890681366,2.73855061107748
5,35,0.995,0.5,0.95,0.5,18,0,measurement_outliers,100,200,0,,,0.0,0.0,1.0,0.0,0.0,0.0019358178301704092,0.006169797909752524,1.0809003668780748,2.621126615605004
5,35,0.995,0.5,0.95,0.5,18,1,measurement_noise_x_increased,300,400,0,,,0.0,0.0,0.87,0.13,0.0,0.017860126507594228,0.09631467401262973,0.8966079387818067,1.892514859649954
5,35,0.995,0.5,0.95,0.5,18,2,measurement_noise_xy_decreased,500,600,0,,,36.0,3.6,0.19,0.81,0.0,0.6277131471168339,0.9347339805668338,0.2929033027060706,0.7071778437081966
5,35,0.995,0.5,0.95,0.5,18,3,truncated_gaussian_measurement_noise,700,800,0,,,19.0,1.9000000000000001,0.21,0.79,0.0,0.18042157608483383,0.30533120812271014,0.34325054150880946,0.876505491728147
5,35,0.995,0.5,0.95,0.5,18,4,coordinated_turn_model_mismatch,900,1000,1,43.0,4.3,51.0,5.1000000000000005,0.29,0.14,0.57,0.6193561221868059,0.9999991251415679,2.156147237505048,3.4217348005542916
5,35,0.995,0.5,0.95,0.5,18,5,process_noise_x_increased,1100,1300,0,,,28.0,2.8000000000000003,0.515,0.485,0.0,0.08273283109005175,0.7341727144550929,0.8654499890681366,2.73855061107748
5,50,0.95,0.5,0.95,0.5,18,0,measurement_outliers,100,200,0,,,0.0,0.0,1.0,0.0,0.0,0.0076620367801107925,0.01687444030620004,1.0809003668780748,2.621126615605004
5,50,0.95,0.5,0.95,0.5,18,1,measurement_noise_x_increased,300,400,0,,,7.0,0.7000000000000001,0.61,0.39,0.0,0.03683214597919371,0.11623919566387506,0.8966079387818067,1.892514859649954
5,50,0.95,0.5,0.95,0.5,18,2,measurement_noise_xy_decreased,500,600,0,,,34.0,3.4000000000000004,0.31,0.69,0.0,0.527311544251596,0.9466208710713119,0.2929033027060706,0.7071778437081966
5,50,0.95,0.5,0.95,0.5,18,3,truncated_gaussian_measurement_noise,700,800,0,,,20.0,2.0,0.35,0.65,0.0,0.1951409865962309,0.42513400197918305,0.34325054150880946,0.876505491728147
5,50,0.95,0.5,0.95,0.5,18,4,coordinated_turn_model_mismatch,900,1000,1,53.0,5.300000000000001,59.0,5.9,0.29,0.24,0.47,0.5899881616008642,0.9999992028409781,2.156147237505048,3.4217348005542916
5,50,0.95,0.5,0.95,0.5,18,5,process_noise_x_increased,1100,1300,0,,,28.0,2.8000000000000003,0.61,0.39,0.0,0.04549523405038932,0.24964603342960784,0.8654499890681366,2.73855061107748
5,50,0.98,0.5,0.95,0.5,18,0,measurement_outliers,100,200,0,,,0.0,0.0,1.0,0.0,0.0,0.003661931723896381,0.007596690671091218,1.0809003668780748,2.621126615605004
5,50,0.98,0.5,0.95,0.5,18,1,measurement_noise_x_increased,300,400,0,,,0.0,0.0,0.74,0.26,0.0,0.025005964256079607,0.0905723367625284,0.8966079387818067,1.892514859649954
5,50,0.98,0.5,0.95,0.5,18,2,measurement_noise_xy_decreased,500,600,0,,,34.0,3.4000000000000004,0.35,0.65,0.0,0.4939427900237353,0.9429316877799258,0.2929033027060706,0.7071778437081966
5,50,0.98,0.5,0.95,0.5,18,3,truncated_gaussian_measurement_noise,700,800,0,,,20.0,2.0,0.41,0.59,0.0,0.14483832006004155,0.3645684473348636,0.34325054150880946,0.876505491728147
5,50,0.98,0.5,0.95,0.5,18,4,coordinated_turn_model_mismatch,900,1000,1,55.0,5.5,61.0,6.1000000000000005,0.32,0.23,0.45,0.5791772305928635,0.9999989811941085,2.156147237505048,3.4217348005542916
5,50,0.98,0.5,0.95,0.5,18,5,process_noise_x_increased,1100,1300,0,,,2.0,0.2,0.795,0.205,0.0,0.026916351014517236,0.16167835454796742,0.8654499890681366,2.73855061107748
5,50,0.99,0.5,0.95,0.5,18,0,measurement_outliers,100,200,0,,,0.0,0.0,1.0,0.0,0.0,0.0015278713470492484,0.003158673730894167,1.0809003668780748,2.621126615605004
5,50,0.99,0.5,0.95,0.5,18,1,measurement_noise_x_increased,300,400,0,,,0.0,0.0,0.95,0.05,0.0,0.015056095161012811,0.06575857509144824,0.8966079387818067,1.892514859649954
5,50,0.99,0.5,0.95,0.5,18,2,measurement_noise_xy_decreased,500,600,0,,,35.0,3.5,0.33,0.63,0.04,0.5166017541531303,0.9544860033247818,0.2929033027060706,0.7071778437081966
5,50,0.99,0.5,0.95,0.5,18,3,truncated_gaussian_measurement_noise,700,800,0,,,20.0,2.0,0.37,0.63,0.0,0.15884250264402724,0.3366871156890564,0.34325054150880946,0.876505491728147
5,50,0.99,0.5,0.95,0.5,18,4,coordinated_turn_model_mismatch,900,1000,1,52.0,5.2,57.0,5.7,0.35,0.17,0.48,0.5761629295600599,0.9999993979490669,2.156147237505048,3.4217348005542916
5,50,0.99,0.5,0.95,0.5,18,5,process_noise_x_increased,1100,1300,0,,,28.0,2.8000000000000003,0.84,0.16,0.0,0.02451327934919064,0.18318693809967365,0.8654499890681366,2.73855061107748
5,50,0.995,0.5,0.95,0.5,18,0,measurement_outliers,100,200,0,,,0.0,0.0,1.0,0.0,0.0,0.0009188211593696399,0.003880029376056104,1.0809003668780748,2.621126615605004
5,50,0.995,0.5,0.95,0.5,18,1,measurement_noise_x_increased,300,400,0,,,0.0,0.0,1.0,0.0,0.0,0.006557979871927433,0.03524271181802268,0.8966079387818067,1.892514859649954
5,50,0.995,0.5,0.95,0.5,18,2,measurement_noise_xy_decreased,500,600,0,,,40.0,4.0,0.37,0.63,0.0,0.5128238672831693,0.9498325297353345,0.2929033027060706,0.7071778437081966
5,50,0.995,0.5,0.95,0.5,18,3,truncated_gaussian_measurement_noise,700,800,0,,,20.0,2.0,0.3,0.7,0.0,0.1668338977648109,0.35982230822824685,0.34325054150880946,0.876505491728147
5,50,0.995,0.5,0.95,0.5,18,4,coordinated_turn_model_mismatch,900,1000,1,55.0,5.5,61.0,6.1000000000000005,0.33,0.22,0.45,0.5905812513504696,0.9999996413829185,2.156147237505048,3.4217348005542916
5,50,0.995,0.5,0.95,0.5,18,5,process_noise_x_increased,1100,1300,0,,,0.0,0.0,0.91,0.09,0.0,0.016068144138987432,0.11986013798527845,0.8654499890681366,2.73855061107748
5,70,0.95,0.5,0.95,0.5,18,0,measurement_outliers,100,200,0,,,0.0,0.0,1.0,0.0,0.0,0.0008827949281988525,0.002074935895659656,1.0809003668780748,2.621126615605004
5,70,0.95,0.5,0.95,0.5,18,1,measurement_noise_x_increased,300,400,0,,,0.0,0.0,0.91,0.09,0.0,0.014035417869306345,0.07497059955630846,0.8966079387818067,1.892514859649954
5,70,0.95,0.5,0.95,0.5,18,2,measurement_noise_xy_decreased,500,600,1,82.0,8.200000000000001,40.0,4.0,0.45,0.4,0.15,0.3883620269311798,0.9629757029213116,0.2929033027060706,0.7071778437081966
5,70,0.95,0.5,0.95,0.5,18,3,truncated_gaussian_measurement_noise,700,800,0,,,20.0,2.0,0.56,0.44,0.0,0.10585374100785654,0.3409759777166899,0.34325054150880946,0.876505491728147
5,70,0.95,0.5,0.95,0.5,18,4,coordinated_turn_model_mismatch,900,1000,1,66.0,6.6000000000000005,70.0,7.0,0.37,0.29,0.34,0.49771754875784135,0.9999975595416287,2.156147237505048,3.4217348005542916
5,70,0.95,0.5,0.95,0.5,18,5,process_noise_x_increased,1100,1300,0,,,0.0,0.0,0.99,0.01,0.0,0.009896707143214882,0.0545342655962452,0.8654499890681366,2.73855061107748
5,70,0.98,0.5,0.95,0.5,18,0,measurement_outliers,100,200,0,,,0.0,0.0,1.0,0.0,0.0,0.00039003486756819007,0.0008601810116273166,1.0809003668780748,2.621126615605004
5,70,0.98,0.5,0.95,0.5,18,1,measurement_noise_x_increased,300,400,0,,,0.0,0.0,0.99,0.01,0.0,0.008515984049598118,0.053082843106205146,0.8966079387818067,1.892514859649954
5,70,0.98,0.5,0.95,0.5,18,2,measurement_noise_xy_decreased,500,600,1,84.0,8.4,41.0,4.1000000000000005,0.48,0.39,0.13,0.37145529136792016,0.9621875335214695,0.2929033027060706,0.7071778437081966
5,70,0.98,0.5,0.95,0.5,18,3,truncated_gaussian_measurement_noise,700,800,0,,,20.0,2.0,0.64,0.36,0.0,0.07399262113551694,0.2899147591544447,0.34325054150880946,0.876505491728147
5,70,0.98,0.5,0.95,0.5,18,4,coordinated_turn_model_mismatch,900,1000,1,66.0,6.6000000000000005,73.0,7.300000000000001,0.39,0.27,0.34,0.47061323751246936,0.9999967148213625,2.156147237505048,3.4217348005542916
5,70,0.98,0.5,0.95,0.5,18,5,process_noise_x_increased,1100,1300,0,,,0.0,0.0,1.0,0.0,0.0,0.005820951728114047,0.03367766766808717,0.8654499890681366,2.73855061107748
5,70,0.99,0.5,0.95,0.5,18,0,measurement_outliers,100,200,0,,,0.0,0.0,1.0,0.0,0.0,0.00015824158070585189,0.00039390034712573704,1.0809003668780748,2.621126615605004
5,70,0.99,0.5,0.95,0.5,18,1,measurement_noise_x_increased,300,400,0,,,0.0,0.0,1.0,0.0,0.0,0.004445455830254242,0.031048538660834454,0.8966079387818067,1.892514859649954
5,70,0.99,0.5,0.95,0.5,18,2,measurement_noise_xy_decreased,500,600,1,83.0,8.3,41.0,4.1000000000000005,0.46,0.38,0.16,0.36458498394795086,0.9635448274901222,0.2929033027060706,0.7071778437081966
5,70,0.99,0.5,0.95,0.5,18,3,truncated_gaussian_measurement_noise,700,800,0,,,20.0,2.0,0.5,0.5,0.0,0.07082576891414201,0.24348595107634052,0.34325054150880946,0.876505491728147
5,70,0.99,0.5,0.95,0.5,18,4,coordinated_turn_model_mismatch,900,1000,1,64.0,6.4,69.0,6.9,0.39,0.25,0.36,0.4826889468671646,0.9999992289535355,2.156147237505048,3.4217348005542916
5,70,0.99,0.5,0.95,0.5,18,5,process_noise_x_increased,1100,1300,0,,,0.0,0.0,1.0,0.0,0.0,0.005239319411789009,0.04036030248246888,0.8654499890681366,2.73855061107748
5,70,0.995,0.5,0.95,0.5,18,0,measurement_outliers,100,200,0,,,0.0,0.0,1.0,0.0,0.0,0.00012535191584826038,0.000896095481021351,1.0809003668780748,2.621126615605004
5,70,0.995,0.5,0.95,0.5,18,1,measurement_noise_x_increased,300,400,0,,,0.0,0.0,1.0,0.0,0.0,0.0015834305215779768,0.012332679650489587,0.8966079387818067,1.892514859649954
5,70,0.995,0.5,0.95,0.5,18,2,measurement_noise_xy_decreased,500,600,1,80.0,8.0,43.0,4.3,0.48,0.3,0.22,0.411893174569591,0.9703219245738035,0.2929033027060706,0.7071778437081966
5,70,0.995,0.5,0.95,0.5,18,3,truncated_gaussian_measurement_noise,700,800,0,,,18.0,1.8,0.53,0.47,0.0,0.06002547840724616,0.19451802289299489,0.34325054150880946,0.876505491728147
5,70,0.995,0.5,0.95,0.5,18,4,coordinated_turn_model_mismatch,900,1000,1,63.0,6.300000000000001,68.0,6.800000000000001,0.43,0.2,0.37,0.47173710697410726,0.9999991065182307,2.156147237505048,3.4217348005542916
5,70,0.995,0.5,0.95,0.5,18,5,process_noise_x_increased,1100,1300,0,,,0.0,0.0,1.0,0.0,0.0,0.003423264032298281,0.02741361104991035,0.8654499890681366,2.73855061107748
7,35,0.95,0.5,0.95,0.5,18,0,measurement_outliers,100,200,0,,,12.0,1.2000000000000002,0.21,0.79,0.0,0.09598339980141263,0.2778207919973021,1.0809003668780748,2.621126615605004
7,35,0.95,0.5,0.95,0.5,18,1,measurement_noise_x_increased,300,400,0,,,7.0,0.7000000000000001,0.02,0.98,0.0,0.12600880735163578,0.3318907725435213,0.8966079387818067,1.892514859649954
7,35,0.95,0.5,0.95,0.5,18,2,measurement_noise_xy_decreased,500,600,0,,,32.0,3.2,0.12,0.88,0.0,0.6047909475869678,0.9191837230232233,0.2929033027060706,0.7071778437081966
7,35,0.95,0.5,0.95,0.5,18,3,truncated_gaussian_measurement_noise,700,800,0,,,22.0,2.2,0.08,0.92,0.0,0.3661281674649963,0.626753828080108,0.34325054150880946,0.876505491728147
7,35,0.95,0.5,0.95,0.5,18,4,coordinated_turn_model_mismatch,900,1000,1,45.0,4.5,53.0,5.300000000000001,0.15,0.3,0.55,0.6675505420288634,0.9998621684801414,2.156147237505048,3.4217348005542916
7,35,0.95,0.5,0.95,0.5,18,5,process_noise_x_increased,1100,1300,0,,,59.0,5.9,0.29,0.71,0.0,0.16772212433063696,0.6306656283268531,0.8654499890681366,2.73855061107748
7,35,0.98,0.5,0.95,0.5,18,0,measurement_outliers,100,200,0,,,10.0,1.0,0.6,0.4,0.0,0.05697210636325031,0.18541600981742964,1.0809003668780748,2.621126615605004
7,35,0.98,0.5,0.95,0.5,18,1,measurement_noise_x_increased,300,400,0,,,7.0,0.7000000000000001,0.24,0.76,0.0,0.09239106783902383,0.24382457884455938,0.8966079387818067,1.892514859649954
7,35,0.98,0.5,0.95,0.5,18,2,measurement_noise_xy_decreased,500,600,0,,,32.0,3.2,0.14,0.86,0.0,0.5914205325818607,0.8845806344305014,0.2929033027060706,0.7071778437081966
7,35,0.98,0.5,0.95,0.5,18,3,truncated_gaussian_measurement_noise,700,800,0,,,22.0,2.2,0.15,0.85,0.0,0.2981895532588342,0.5617315917680009,0.34325054150880946,0.876505491728147
7,35,0.98,0.5,0.95,0.5,18,4,coordinated_turn_model_mismatch,900,1000,1,45.0,4.5,54.0,5.4,0.23,0.22,0.55,0.6490174296193861,0.999846462378684,2.156147237505048,3.4217348005542916
7,35,0.98,0.5,0.95,0.5,18,5,process_noise_x_increased,1100,1300,0,,,59.0,5.9,0.37,0.63,0.0,0.1295663877786323,0.5410334329055755,0.8654499890681366,2.73855061107748
7,35,0.99,0.5,0.95,0.5,18,0,measurement_outliers,100,200,0,,,7.0,0.7000000000000001,0.81,0.19,0.0,0.03308367990466834,0.10684975531897237,1.0809003668780748,2.621126615605004
7,35,0.99,0.5,0.95,0.5,18,1,measurement_noise_x_increased,300,400,0,,,5.0,0.5,0.41,0.59,0.0,0.06419057454256862,0.17468555370354324,0.8966079387818067,1.892514859649954
7,35,0.99,0.5,0.95,0.5,18,2,measurement_noise_xy_decreased,500,600,0,,,31.0,3.1,0.14,0.86,0.0,0.5929358311322945,0.8880151547583884,0.2929033027060706,0.7071778437081966
7,35,0.99,0.5,0.95,0.5,18,3,truncated_gaussian_measurement_noise,700,800,0,,,22.0,2.2,0.15,0.85,0.0,0.2549333984112258,0.4871201695266628,0.34325054150880946,0.876505491728147
7,35,0.99,0.5,0.95,0.5,18,4,coordinated_turn_model_mismatch,900,1000,1,44.0,4.4,54.0,5.4,0.23,0.21,0.56,0.633976531259344,0.9998174234647746,2.156147237505048,3.4217348005542916
7,35,0.99,0.5,0.95,0.5,18,5,process_noise_x_increased,1100,1300,0,,,59.0,5.9,0.415,0.585,0.0,0.09361203534647827,0.5808680743126983,0.8654499890681366,2.73855061107748
7,35,0.995,0.5,0.95,0.5,18,0,measurement_outliers,100,200,0,,,5.0,0.5,1.0,0.0,0.0,0.015114112832730278,0.04938633695916752,1.0809003668780748,2.621126615605004
7,35,0.995,0.5,0.95,0.5,18,1,measurement_noise_x_increased,300,400,0,,,0.0,0.0,0.65,0.35,0.0,0.037064998503606394,0.10753694520382259,0.8966079387818067,1.892514859649954
7,35,0.995,0.5,0.95,0.5,18,2,measurement_noise_xy_decreased,500,600,0,,,36.0,3.6,0.14,0.86,0.0,0.5900784453656387,0.8924764625200904,0.2929033027060706,0.7071778437081966
7,35,0.995,0.5,0.95,0.5,18,3,truncated_gaussian_measurement_noise,700,800,0,,,22.0,2.2,0.29,0.71,0.0,0.30195453359948243,0.5656023832585486,0.34325054150880946,0.876505491728147
7,35,0.995,0.5,0.95,0.5,18,4,coordinated_turn_model_mismatch,900,1000,1,46.0,4.6000000000000005,51.0,5.1000000000000005,0.29,0.17,0.54,0.6217885178656246,0.9998697771722636,2.156147237505048,3.4217348005542916
7,35,0.995,0.5,0.95,0.5,18,5,process_noise_x_increased,1100,1300,0,,,55.0,5.5,0.405,0.595,0.0,0.1006158118417583,0.5374486691943848,0.8654499890681366,2.73855061107748
7,50,0.95,0.5,0.95,0.5,18,0,measurement_outliers,100,200,0,,,0.0,0.0,0.73,0.27,0.0,0.03689718202263963,0.12054402502912702,1.0809003668780748,2.621126615605004
7,50,0.95,0.5,0.95,0.5,18,1,measurement_noise_x_increased,300,400,0,,,11.0,1.1,0.53,0.47,0.0,0.06114223060269944,0.1343924121452355,0.8966079387818067,1.892514859649954
7,50,0.95,0.5,0.95,0.5,18,2,measurement_noise_xy_decreased,500,600,0,,,34.0,3.4000000000000004,0.18,0.82,0.0,0.524218551627917,0.8567975358603614,0.2929033027060706,0.7071778437081966
7,50,0.95,0.5,0.95,0.5,18,3,truncated_gaussian_measurement_noise,700,800,0,,,26.0,2.6,0.25,0.75,0.0,0.26273033770788345,0.571993019380409,0.34325054150880946,0.876505491728147
7,50,0.95,0.5,0.95,0.5,18,4,coordinated_turn_model_mismatch,900,1000,1,53.0,5.300000000000001,59.0,5.9,0.25,0.28,0.47,0.6027457495553294,0.9999468392177421,2.156147237505048,3.4217348005542916
7,50,0.95,0.5,0.95,0.5,18,5,process_noise_x_increased,1100,1300,0,,,59.0,5.9,0.455,0.545,0.0,0.07662439895798938,0.3192596335202622,0.8654499890681366,2.73855061107748
7,50,0.98,0.5,0.95,0.5,18,0,measurement_outliers,100,200,0,,,0.0,0.0,0.91,0.09,0.0,0.020616825160290887,0.06923049501159126,1.0809003668780748,2.621126615605004
7,50,0.98,0.5,0.95,0.5,18,1,measurement_noise_x_increased,300,400,0,,,4.0,0.4,0.58,0.42,0.0,0.04385667313182386,0.10862831292720981,0.8966079387818067,1.892514859649954
7,50,0.98,0.5,0.95,0.5,18,2,measurement_noise_xy_decreased,500,600,0,,,34.0,3.4000000000000004,0.2,0.8,0.0,0.49281514540709054,0.8506442042248104,0.2929033027060706,0.7071778437081966
7,50,0.98,0.5,0.95,0.5,18,3,truncated_gaussian_measurement_noise,700,800,0,,,23.0,2.3000000000000003,0.25,0.75,0.0,0.23278041853485243,0.48868664111477933,0.34325054150880946,0.876505491728147
7,50,0.98,0.5,0.95,0.5,18,4,coordinated_turn_model_mismatch,900,1000,1,54.0,5.4,61.0,6.1000000000000005,0.32,0.22,0.46,0.5770677050549847,0.9999386370711237,2.156147237505048,3.4217348005542916
7,50,0.98,0.5,0.95,0.5,18,5,process_noise_x_increased,1100,1300,0,,,51.0,5.1000000000000005,0.535,0.465,0.0,0.05065438834892728,0.2082094185913036,0.8654499890681366,2.73855061107748
7,50,0.99,0.5,0.95,0.5,18,0,measurement_outliers,100,200,0,,,0.0,0.0,1.0,0.0,0.0,0.010697492422425306,0.03719008377100083,1.0809003668780748,2.621126615605004
7,50,0.99,0.5,0.95,0.5,18,1,measurement_noise_x_increased,300,400,0,,,0.0,0.0,0.92,0.08,0.0,0.02377541923948786,0.07708722394889328,0.8966079387818067,1.892514859649954
7,50,0.99,0.5,0.95,0.5,18,2,measurement_noise_xy_decreased,500,600,0,,,34.0,3.4000000000000004,0.27,0.73,0.0,0.4865939254477839,0.885831328979993,0.2929033027060706,0.7071778437081966
7,50,0.99,0.5,0.95,0.5,18,3,truncated_gaussian_measurement_noise,700,800,0,,,22.0,2.2,0.35,0.65,0.0,0.1960401881135317,0.4351888441422496,0.34325054150880946,0.876505491728147
7,50,0.99,0.5,0.95,0.5,18,4,coordinated_turn_model_mismatch,900,1000,1,53.0,5.300000000000001,64.0,6.4,0.33,0.2,0.47,0.5784051291804445,0.999903244937607,2.156147237505048,3.4217348005542916
7,50,0.99,0.5,0.95,0.5,18,5,process_noise_x_increased,1100,1300,0,,,49.0,4.9,0.655,0.345,0.0,0.040028421413871126,0.20914740099279483,0.8654499890681366,2.73855061107748
7,50,0.995,0.5,0.95,0.5,18,0,measurement_outliers,100,200,0,,,0.0,0.0,1.0,0.0,0.0,0.004490338587746375,0.01289024683487846,1.0809003668780748,2.621126615605004
7,50,0.995,0.5,0.95,0.5,18,1,measurement_noise_x_increased,300,400,0,,,0.0,0.0,0.99,0.01,0.0,0.01791798595439814,0.05857375557558463,0.8966079387818067,1.892514859649954
7,50,0.995,0.5,0.95,0.5,18,2,measurement_noise_xy_decreased,500,600,0,,,37.0,3.7,0.21,0.79,0.0,0.48411572284513205,0.797689573996046,0.2929033027060706,0.7071778437081966
7,50,0.995,0.5,0.95,0.5,18,3,truncated_gaussian_measurement_noise,700,800,0,,,22.0,2.2,0.25,0.75,0.0,0.20760436134880475,0.47338448302897024,0.34325054150880946,0.876505491728147
7,50,0.995,0.5,0.95,0.5,18,4,coordinated_turn_model_mismatch,900,1000,1,51.0,5.1000000000000005,63.0,6.300000000000001,0.33,0.18,0.49,0.580229542636377,0.9999455301964196,2.156147237505048,3.4217348005542916
7,50,0.995,0.5,0.95,0.5,18,5,process_noise_x_increased,1100,1300,0,,,0.0,0.0,0.82,0.18,0.0,0.029172846351031966,0.17602446759305737,0.8654499890681366,2.73855061107748
7,70,0.95,0.5,0.95,0.5,18,0,measurement_outliers,100,200,0,,,0.0,0.0,1.0,0.0,0.0,0.00896481806758027,0.02758102468734599,1.0809003668780748,2.621126615605004
7,70,0.95,0.5,0.95,0.5,18,1,measurement_noise_x_increased,300,400,0,,,0.0,0.0,0.81,0.19,0.0,0.025922397244746317,0.08747273765484682,0.8966079387818067,1.892514859649954
7,70,0.95,0.5,0.95,0.5,18,2,measurement_noise_xy_decreased,500,600,0,,,35.0,3.5,0.35,0.65,0.0,0.3847561505761259,0.8592523079098429,0.2929033027060706,0.7071778437081966
7,70,0.95,0.5,0.95,0.5,18,3,truncated_gaussian_measurement_noise,700,800,0,,,22.0,2.2,0.41,0.59,0.0,0.15367454664769473,0.37106230832037,0.34325054150880946,0.876505491728147
7,70,0.95,0.5,0.95,0.5,18,4,coordinated_turn_model_mismatch,900,1000,1,69.0,6.9,72.0,7.2,0.34,0.35,0.31,0.49608847266742884,0.9998401877266689,2.156147237505048,3.4217348005542916
7,70,0.95,0.5,0.95,0.5,18,5,process_noise_x_increased,1100,1300,0,,,2.0,0.2,0.84,0.16,0.0,0.022282134914566657,0.10713209636718742,0.8654499890681366,2.73855061107748
7,70,0.98,0.5,0.95,0.5,18,0,measurement_outliers,100,200,0,,,0.0,0.0,1.0,0.0,0.0,0.0046003173809378,0.014102363096308078,1.0809003668780748,2.621126615605004
7,70,0.98,0.5,0.95,0.5,18,1,measurement_noise_x_increased,300,400,0,,,0.0,0.0,0.94,0.06,0.0,0.019344763254606767,0.06908499889537044,0.8966079387818067,1.892514859649954
7,70,0.98,0.5,0.95,0.5,18,2,measurement_noise_xy_decreased,500,600,0,,,37.0,3.7,0.38,0.62,0.0,0.3575394404910387,0.8590527553570779,0.2929033027060706,0.7071778437081966
7,70,0.98,0.5,0.95,0.5,18,3,truncated_gaussian_measurement_noise,700,800,0,,,22.0,2.2,0.41,0.59,0.0,0.13381717120239167,0.35449938571628614,0.34325054150880946,0.876505491728147
7,70,0.98,0.5,0.95,0.5,18,4,coordinated_turn_model_mismatch,900,1000,1,70.0,7.0,71.0,7.1000000000000005,0.38,0.32,0.3,0.4787308781943516,0.9997535861939475,2.156147237505048,3.4217348005542916
7,70,0.98,0.5,0.95,0.5,18,5,process_noise_x_increased,1100,1300,0,,,0.0,0.0,1.0,0.0,0.0,0.01229643993724606,0.04654883972194577,0.8654499890681366,2.73855061107748
7,70,0.99,0.5,0.95,0.5,18,0,measurement_outliers,100,200,0,,,0.0,0.0,1.0,0.0,0.0,0.002358242780279808,0.00675831529141364,1.0809003668780748,2.621126615605004
7,70,0.99,0.5,0.95,0.5,18,1,measurement_noise_x_increased,300,400,0,,,0.0,0.0,1.0,0.0,0.0,0.01045583809439789,0.04221859049043046,0.8966079387818067,1.892514859649954
7,70,0.99,0.5,0.95,0.5,18,2,measurement_noise_xy_decreased,500,600,0,,,40.0,4.0,0.39,0.61,0.0,0.3448551538962835,0.831817367853851,0.2929033027060706,0.7071778437081966
7,70,0.99,0.5,0.95,0.5,18,3,truncated_gaussian_measurement_noise,700,800,0,,,22.0,2.2,0.52,0.48,0.0,0.09782169362891514,0.2569933102115768,0.34325054150880946,0.876505491728147
7,70,0.99,0.5,0.95,0.5,18,4,coordinated_turn_model_mismatch,900,1000,1,69.0,6.9,69.0,6.9,0.4,0.29,0.31,0.46749927073293207,0.999810233839808,2.156147237505048,3.4217348005542916
7,70,0.99,0.5,0.95,0.5,18,5,process_noise_x_increased,1100,1300,0,,,0.0,0.0,1.0,0.0,0.0,0.007794913377719468,0.03290714045845517,0.8654499890681366,2.73855061107748
7,70,0.995,0.5,0.95,0.5,18,0,measurement_outliers,100,200,0,,,0.0,0.0,1.0,0.0,0.0,0.00130662706616135,0.003550170072357889,1.0809003668780748,2.621126615605004
7,70,0.995,0.5,0.95,0.5,18,1,measurement_noise_x_increased,300,400,0,,,0.0,0.0,1.0,0.0,0.0,0.009911485406395573,0.037735931240954305,0.8966079387818067,1.892514859649954
7,70,0.995,0.5,0.95,0.5,18,2,measurement_noise_xy_decreased,500,600,0,,,41.0,4.1000000000000005,0.39,0.61,0.0,0.3526192151682096,0.8239374368166222,0.2929033027060706,0.7071778437081966
7,70,0.995,0.5,0.95,0.5,18,3,truncated_gaussian_measurement_noise,700,800,0,,,22.0,2.2,0.44,0.56,0.0,0.11591276064153715,0.3358650480251436,0.34325054150880946,0.876505491728147
7,70,0.995,0.5,0.95,0.5,18,4,coordinated_turn_model_mismatch,900,1000,1,71.0,7.1000000000000005,70.0,7.0,0.41,0.3,0.29,0.46036381186847763,0.9997097093588657,2.156147237505048,3.4217348005542916
7,70,0.995,0.5,0.95,0.5,18,5,process_noise_x_increased,1100,1300,0,,,0.0,0.0,1.0,0.0,0.0,0.004043430986980061,0.016443366209673675,0.8654499890681366,2.73855061107748
10,50,0.95,0.5,0.95,0.5,18,0,measurement_outliers,100,200,0,,,12.0,1.2000000000000002,0.29,0.71,0.0,0.08475550033712632,0.17136463428002366,1.0809003668780748,2.621126615605004
10,50,0.95,0.5,0.95,0.5,18,1,measurement_noise_x_increased,300,400,0,,,15.0,1.5,0.0,1.0,0.0,0.12711583343227034,0.21052212051436425,0.8966079387818067,1.892514859649954
10,50,0.95,0.5,0.95,0.5,18,2,measurement_noise_xy_decreased,500,600,0,,,53.0,5.300000000000001,0.18,0.82,0.0,0.44954525861379646,0.759254811238648,0.2929033027060706,0.7071778437081966
10,50,0.95,0.5,0.95,0.5,18,3,truncated_gaussian_measurement_noise,700,800,0,,,38.0,3.8000000000000003,0.24,0.76,0.0,0.2530157128965531,0.4597643312681281,0.34325054150880946,0.876505491728147
10,50,0.95,0.5,0.95,0.5,18,4,coordinated_turn_model_mismatch,900,1000,1,68.0,6.800000000000001,69.0,6.9,0.02,0.66,0.32,0.5671080696154328,0.9964270818851038,2.156147237505048,3.4217348005542916
10,50,0.95,0.5,0.95,0.5,18,5,process_noise_x_increased,1100,1300,0,,,59.0,5.9,0.3,0.7,0.0,0.11281061092445112,0.3447823596094922,0.8654499890681366,2.73855061107748
10,50,0.98,0.5,0.95,0.5,18,0,measurement_outliers,100,200,0,,,0.0,0.0,0.55,0.45,0.0,0.05256472556607699,0.10475984760771273,1.0809003668780748,2.621126615605004
10,50,0.98,0.5,0.95,0.5,18,1,measurement_noise_x_increased,300,400,0,,,13.0,1.3,0.03,0.97,0.0,0.08872223716908835,0.16004141238709596,0.8966079387818067,1.892514859649954
10,50,0.98,0.5,0.95,0.5,18,2,measurement_noise_xy_decreased,500,600,0,,,48.0,4.800000000000001,0.25,0.75,0.0,0.37292449258052685,0.7228041766559329,0.2929033027060706,0.7071778437081966
10,50,0.98,0.5,0.95,0.5,18,3,truncated_gaussian_measurement_noise,700,800,0,,,38.0,3.8000000000000003,0.31,0.69,0.0,0.1853454572094186,0.3589977517621974,0.34325054150880946,0.876505491728147
10,50,0.98,0.5,0.95,0.5,18,4,coordinated_turn_model_mismatch,900,1000,1,74.0,7.4,75.0,7.5,0.22,0.52,0.26,0.517475513675427,0.9933772771125414,2.156147237505048,3.4217348005542916
10,50,0.98,0.5,0.95,0.5,18,5,process_noise_x_increased,1100,1300,0,,,55.0,5.5,0.515,0.485,0.0,0.07228760724054592,0.2203537947361698,0.8654499890681366,2.73855061107748
10,50,0.99,0.5,0.95,0.5,18,0,measurement_outliers,100,200,0,,,0.0,0.0,0.84,0.16,0.0,0.02970065828650494,0.06023419046893037,1.0809003668780748,2.621126615605004
10,50,0.99,0.5,0.95,0.5,18,1,measurement_noise_x_increased,300,400,0,,,11.0,1.1,0.56,0.44,0.0,0.0560522256014377,0.11342864458978015,0.8966079387818067,1.892514859649954
10,50,0.99,0.5,0.95,0.5,18,2,measurement_noise_xy_decreased,500,600,0,,,46.0,4.6000000000000005,0.33,0.67,0.0,0.2848731691900974,0.6657247266875103,0.2929033027060706,0.7071778437081966
10,50,0.99,0.5,0.95,0.5,18,3,truncated_gaussian_measurement_noise,700,800,0,,,38.0,3.8000000000000003,0.38,0.62,0.0,0.12400800037845791,0.2945122632595652,0.34325054150880946,0.876505491728147
10,50,0.99,0.5,0.95,0.5,18,4,coordinated_turn_model_mismatch,900,1000,1,82.0,8.200000000000001,86.0,8.6,0.29,0.53,0.18,0.45716757067353697,0.9848779749486026,2.156147237505048,3.4217348005542916
10,50,0.99,0.5,0.95,0.5,18,5,process_noise_x_increased,1100,1300,0,,,28.0,2.8000000000000003,0.665,0.335,0.0,0.04297380049209575,0.12000649618263579,0.8654499890681366,2.73855061107748
10,50,0.995,0.5,0.95,0.5,18,0,measurement_outliers,100,200,0,,,0.0,0.0,1.0,0.0,0.0,0.013458181374402432,0.0278527172459779,1.0809003668780748,2.621126615605004
10,50,0.995,0.5,0.95,0.5,18,1,measurement_noise_x_increased,300,400,0,,,0.0,0.0,0.95,0.05,0.0,0.027673644343068196,0.06373768901049581,0.8966079387818067,1.892514859649954
10,50,0.995,0.5,0.95,0.5,18,2,measurement_noise_xy_decreased,500,600,0,,,45.0,4.5,0.4,0.6,0.0,0.17626051259183675,0.5305902618862508,0.2929033027060706,0.7071778437081966
10,50,0.995,0.5,0.95,0.5,18,3,truncated_gaussian_measurement_noise,700,800,0,,,30.0,3.0,0.5,0.5,0.0,0.06895797081872893,0.2008298520669308,0.34325054150880946,0.876505491728147
10,50,0.995,0.5,0.95,0.5,18,4,coordinated_turn_model_mismatch,900,1000,1,96.0,9.600000000000001,90.0,9.0,0.37,0.59,0.04,0.36673080580704076,0.9543324344369033,2.156147237505048,3.4217348005542916
10,50,0.995,0.5,0.95,0.5,18,5,process_noise_x_increased,1100,1300,0,,,2.0,0.2,0.945,0.055,0.0,0.0216872997488192,0.06448422921473977,0.8654499890681366,2.73855061107748
10,70,0.95,0.5,0.95,0.5,18,0,measurement_outliers,100,200,0,,,0.0,0.0,0.77,0.23,0.0,0.032265439024999974,0.06583635298092536,1.0809003668780748,2.621126615605004
10,70,0.95,0.5,0.95,0.5,18,1,measurement_noise_x_increased,300,400,0,,,7.0,0.7000000000000001,0.45,0.55,0.0,0.06469605603612859,0.14234468272088963,0.8966079387818067,1.892514859649954
10,70,0.95,0.5,0.95,0.5,18,2,measurement_noise_xy_decreased,500,600,0,,,48.0,4.800000000000001,0.34,0.66,0.0,0.31806426042598684,0.7622970888862498,0.2929033027060706,0.7071778437081966
10,70,0.95,0.5,0.95,0.5,18,3,truncated_gaussian_measurement_noise,700,800,0,,,38.0,3.8000000000000003,0.42,0.58,0.0,0.14963328919203783,0.3856206763230211,0.34325054150880946,0.876505491728147
10,70,0.95,0.5,0.95,0.5,18,4,coordinated_turn_model_mismatch,900,1000,1,82.0,8.200000000000001,79.0,7.9,0.27,0.55,0.18,0.4560267962303024,0.9950890535374638,2.156147237505048,3.4217348005542916
10,70,0.95,0.5,0.95,0.5,18,5,process_noise_x_increased,1100,1300,0,,,29.0,2.9000000000000004,0.66,0.34,0.0,0.04702779613456908,0.14044872932722843,0.8654499890681366,2.73855061107748
10,70,0.98,0.5,0.95,0.5,18,0,measurement_outliers,100,200,0,,,0.0,0.0,1.0,0.0,0.0,0.018455745581800444,0.040661222374833925,1.0809003668780748,2.621126615605004
10,70,0.98,0.5,0.95,0.5,18,1,measurement_noise_x_increased,300,400,0,,,0.0,0.0,0.64,0.36,0.0,0.042476819828629504,0.1042821046700533,0.8966079387818067,1.892514859649954
10,70,0.98,0.5,0.95,0.5,18,2,measurement_noise_xy_decreased,500,600,0,,,48.0,4.800000000000001,0.39,0.61,0.0,0.2502815492155301,0.7132350873633192,0.2929033027060706,0.7071778437081966
10,70,0.98,0.5,0.95,0.5,18,3,truncated_gaussian_measurement_noise,700,800,0,,,35.0,3.5,0.5,0.5,0.0,0.10302515777179666,0.31540930578408843,0.34325054150880946,0.876505491728147
10,70,0.98,0.5,0.95,0.5,18,4,coordinated_turn_model_mismatch,900,1000,1,87.0,8.700000000000001,85.0,8.5,0.33,0.54,0.13,0.4054831645372903,0.9867490673017688,2.156147237505048,3.4217348005542916
10,70,0.98,0.5,0.95,0.5,18,5,process_noise_x_increased,1100,1300,0,,,26.0,2.6,0.72,0.28,0.0,0.028752195431486566,0.08842692033085968,0.8654499890681366,2.73855061107748
10,70,0.99,0.5,0.95,0.5,18,0,measurement_outliers,100,200,0,,,0.0,0.0,1.0,0.0,0.0,0.009907544593260622,0.022414418080440975,1.0809003668780748,2.621126615605004
10,70,0.99,0.5,0.95,0.5,18,1,measurement_noise_x_increased,300,400,0,,,0.0,0.0,0.92,0.08,0.0,0.02524119332070277,0.06698879091235806,0.8966079387818067,1.892514859649954
10,70,0.99,0.5,0.95,0.5,18,2,measurement_noise_xy_decreased,500,600,0,,,48.0,4.800000000000001,0.46,0.54,0.0,0.1801082646544748,0.6164920969931243,0.2929033027060706,0.7071778437081966
10,70,0.99,0.5,0.95,0.5,18,3,truncated_gaussian_measurement_noise,700,800,0,,,31.0,3.1,0.58,0.42,0.0,0.06437661791045735,0.2328451970892165,0.34325054150880946,0.876505491728147
10,70,0.99,0.5,0.95,0.5,18,4,coordinated_turn_model_mismatch,900,1000,1,94.0,9.4,89.0,8.9,0.37,0.57,0.06,0.345506431185934,0.9653098010962824,2.156147237505048,3.4217348005542916
10,70,0.99,0.5,0.95,0.5,18,5,process_noise_x_increased,1100,1300,0,,,0.0,0.0,0.975,0.025,0.0,0.016871784570041005,0.055576399239143655,0.8654499890681366,2.73855061107748
10,70,0.995,0.5,0.95,0.5,18,0,measurement_outliers,100,200,0,,,0.0,0.0,1.0,0.0,0.0,0.004642944819741248,0.009625816802599683,1.0809003668780748,2.621126615605004
10,70,0.995,0.5,0.95,0.5,18,1,measurement_noise_x_increased,300,400,0,,,0.0,0.0,1.0,0.0,0.0,0.011682595821651763,0.03206853465399557,0.8966079387818067,1.892514859649954
10,70,0.995,0.5,0.95,0.5,18,2,measurement_noise_xy_decreased,500,600,0,,,45.0,4.5,0.59,0.41,0.0,0.1020369089859907,0.4380659412384801,0.2929033027060706,0.7071778437081966
10,70,0.995,0.5,0.95,0.5,18,3,truncated_gaussian_measurement_noise,700,800,0,,,22.0,2.2,0.74,0.26,0.0,0.033446881728048876,0.14104005170602313,0.34325054150880946,0.876505491728147
10,70,0.995,0.5,0.95,0.5,18,4,coordinated_turn_model_mismatch,900,1000,0,,,92.0,9.200000000000001,0.44,0.56,0.0,0.2602502487403466,0.8985599335159615,2.156147237505048,3.4217348005542916
10,70,0.995,0.5,0.95,0.5,18,5,process_noise_x_increased,1100,1300,0,,,0.0,0.0,1.0,0.0,0.0,0.009104486526260003,0.030101916491763997,0.8654499890681366,2.73855061107748
5,25,0.95,0.5,0.95,0.5,19,0,measurement_outliers,100,200,0,,,11.0,1.1,0.29,0.71,0.0,0.15045594071570673,0.3958435835107417,1.1357384639764654,2.703345332343708
5,25,0.95,0.5,0.95,0.5,19,1,measurement_noise_x_increased,300,400,0,,,20.0,2.0,0.06,0.94,0.0,0.3941689358216562,0.8169198373080818,0.83736603897614,1.6673535582494732
5,25,0.95,0.5,0.95,0.5,19,2,measurement_noise_xy_decreased,500,600,0,,,26.0,2.6,0.12,0.88,0.0,0.5109726241281863,0.8492095987126564,0.321126118337136,0.7773116831549712
5,25,0.95,0.5,0.95,0.5,19,3,truncated_gaussian_measurement_noise,700,800,0,,,19.0,1.9000000000000001,0.04,0.96,0.0,0.55208556732933,0.7659443384679011,0.3211776390656653,0.7849484804537615
5,25,0.95,0.5,0.95,0.5,19,4,coordinated_turn_model_mismatch,900,1000,0,,,53.0,5.300000000000001,0.12,0.88,0.0,0.23128814599883848,0.4818660102532699,1.027631394946048,2.2349164671502217
5,25,0.95,0.5,0.95,0.5,19,5,process_noise_x_increased,1100,1300,1,104.0,10.4,0.0,0.0,0.355,0.59,0.055,0.1883108770636777,0.9891085944038089,0.8734546782942781,3.046237938313475
5,25,0.98,0.5,0.95,0.5,19,0,measurement_outliers,100,200,0,,,0.0,0.0,0.37,0.63,0.0,0.08618726034676845,0.2731430674516941,1.1357384639764654,2.703345332343708
5,25,0.98,0.5,0.95,0.5,19,1,measurement_noise_x_increased,300,400,0,,,18.0,1.8,0.15,0.85,0.0,0.3468822384305231,0.732690315989677,0.83736603897614,1.6673535582494732
5,25,0.98,0.5,0.95,0.5,19,2,measurement_noise_xy_decreased,500,600,0,,,27.0,2.7,0.2,0.8,0.0,0.4358106957552898,0.8391604978553878,0.321126118337136,0.7773116831549712
5,25,0.98,0.5,0.95,0.5,19,3,truncated_gaussian_measurement_noise,700,800,0,,,19.0,1.9000000000000001,0.08,0.92,0.0,0.5078594861931056,0.730480542501156,0.3211776390656653,0.7849484804537615
5,25,0.98,0.5,0.95,0.5,19,4,coordinated_turn_model_mismatch,900,1000,0,,,34.0,3.4000000000000004,0.24,0.76,0.0,0.15304105561740017,0.36313159110790066,1.027631394946048,2.2349164671502217
5,25,0.98,0.5,0.95,0.5,19,5,process_noise_x_increased,1100,1300,1,103.0,10.3,0.0,0.0,0.555,0.375,0.07,0.1645716033347982,0.9959891092719277,0.8734546782942781,3.046237938313475
5,25,0.99,0.5,0.95,0.5,19,0,measurement_outliers,100,200,0,,,0.0,0.0,0.66,0.34,0.0,0.044379713434987,0.16307138508254976,1.1357384639764654,2.703345332343708
5,25,0.99,0.5,0.95,0.5,19,1,measurement_noise_x_increased,300,400,0,,,18.0,1.8,0.17,0.83,0.0,0.2875417841821968,0.598332743584765,0.83736603897614,1.6673535582494732
5,25,0.99,0.5,0.95,0.5,19,2,measurement_noise_xy_decreased,500,600,0,,,30.0,3.0,0.23,0.77,0.0,0.4800413738370527,0.8302197095988327,0.321126118337136,0.7773116831549712
5,25,0.99,0.5,0.95,0.5,19,3,truncated_gaussian_measurement_noise,700,800,0,,,22.0,2.2,0.11,0.89,0.0,0.5190364331435249,0.7790474906335005,0.3211776390656653,0.7849484804537615
5,25,0.99,0.5,0.95,0.5,19,4,coordinated_turn_model_mismatch,900,1000,0,,,32.0,3.2,0.37,0.63,0.0,0.13937601246074602,0.46465666744723816,1.027631394946048,2.2349164671502217
5,25,0.99,0.5,0.95,0.5,19,5,process_noise_x_increased,1100,1300,1,102.0,10.200000000000001,0.0,0.0,0.65,0.285,0.065,0.15420912335623033,0.9845831302400614,0.8734546782942781,3.046237938313475
5,25,0.995,0.5,0.95,0.5,19,0,measurement_outliers,100,200,0,,,0.0,0.0,0.6,0.4,0.0,0.054686479314177756,0.19228918274611553,1.1357384639764654,2.703345332343708
5,25,0.995,0.5,0.95,0.5,19,1,measurement_noise_x_increased,300,400,0,,,20.0,2.0,0.22,0.78,0.0,0.3755101781237584,0.8001236390211284,0.83736603897614,1.6673535582494732
5,25,0.995,0.5,0.95,0.5,19,2,measurement_noise_xy_decreased,500,600,0,,,30.0,3.0,0.22,0.78,0.0,0.4711020907821829,0.8743486715997051,0.321126118337136,0.7773116831549712
5,25,0.995,0.5,0.95,0.5,19,3,truncated_gaussian_measurement_noise,700,800,0,,,26.0,2.6,0.15,0.85,0.0,0.46728239916895775,0.6929345697156986,0.3211776390656653,0.7849484804537615
5,25,0.995,0.5,0.95,0.5,19,4,coordinated_turn_model_mismatch,900,1000,0,,,28.0,2.8000000000000003,0.4,0.6,0.0,0.1484898610641054,0.5126147803553263,1.027631394946048,2.2349164671502217
5,25,0.995,0.5,0.95,0.5,19,5,process_noise_x_increased,1100,1300,1,103.0,10.3,0.0,0.0,0.7,0.235,0.065,0.14752850890980299,0.9926870950825992,0.8734546782942781,3.046237938313475
5,35,0.95,0.5,0.95,0.5,19,0,measurement_outliers,100,200,0,,,0.0,0.0,0.41,0.59,0.0,0.08025182808321961,0.24397231144525727,1.1357384639764654,2.703345332343708
5,35,0.95,0.5,0.95,0.5,19,1,measurement_noise_x_increased,300,400,0,,,18.0,1.8,0.17,0.83,0.0,0.34592263596454714,0.7302769864337558,0.83736603897614,1.6673535582494732
5,35,0.95,0.5,0.95,0.5,19,2,measurement_noise_xy_decreased,500,600,0,,,29.0,2.9000000000000004,0.23,0.77,0.0,0.442856721563796,0.8671121383562725,0.321126118337136,0.7773116831549712
5,35,0.95,0.5,0.95,0.5,19,3,truncated_gaussian_measurement_noise,700,800,0,,,24.0,2.4000000000000004,0.1,0.9,0.0,0.5070000756801506,0.8058320824380584,0.3211776390656653,0.7849484804537615
5,35,0.95,0.5,0.95,0.5,19,4,coordinated_turn_model_mismatch,900,1000,0,,,33.0,3.3000000000000003,0.29,0.71,0.0,0.14500501374954614,0.3680358338347015,1.027631394946048,2.2349164671502217
5,35,0.95,0.5,0.95,0.5,19,5,process_noise_x_increased,1100,1300,0,,,0.0,0.0,0.625,0.375,0.0,0.13728610148229892,0.8683197339895404,0.8734546782942781,3.046237938313475
5,35,0.98,0.5,0.95,0.5,19,0,measurement_outliers,100,200,0,,,0.0,0.0,0.64,0.36,0.0,0.045614487367349195,0.15398120111508146,1.1357384639764654,2.703345332343708
5,35,0.98,0.5,0.95,0.5,19,1,measurement_noise_x_increased,300,400,0,,,18.0,1.8,0.21,0.79,0.0,0.3016765449556074,0.6182446044761662,0.83736603897614,1.6673535582494732
5,35,0.98,0.5,0.95,0.5,19,2,measurement_noise_xy_decreased,500,600,0,,,29.0,2.9000000000000004,0.32,0.68,0.0,0.3727677544495885,0.8563703478712175,0.321126118337136,0.7773116831549712
5,35,0.98,0.5,0.95,0.5,19,3,truncated_gaussian_measurement_noise,700,800,0,,,24.0,2.4000000000000004,0.12,0.88,0.0,0.4633256160042693,0.7118918726927412,0.3211776390656653,0.7849484804537615
5,35,0.98,0.5,0.95,0.5,19,4,coordinated_turn_model_mismatch,900,1000,0,,,33.0,3.3000000000000003,0.37,0.63,0.0,0.09129250857078387,0.23670537800185834,1.027631394946048,2.2349164671502217
5,35,0.98,0.5,0.95,0.5,19,5,process_noise_x_increased,1100,1300,1,111.0,11.100000000000001,0.0,0.0,0.71,0.27,0.02,0.13099683253709485,0.9706016346084081,0.8734546782942781,3.046237938313475
5,35,0.99,0.5,0.95,0.5,19,0,measurement_outliers,100,200,0,,,0.0,0.0,0.8,0.2,0.0,0.022911582496466604,0.09129219637245789,1.1357384639764654,2.703345332343708
5,35,0.99,0.5,0.95,0.5,19,1,measurement_noise_x_increased,300,400,0,,,18.0,1.8,0.3,0.7,0.0,0.2977447447062583,0.6230297598736064,0.83736603897614,1.6673535582494732
5,35,0.99,0.5,0.95,0.5,19,2,measurement_noise_xy_decreased,500,600,0,,,30.0,3.0,0.32,0.68,0.0,0.4019488891879751,0.8362581907181663,0.321126118337136,0.7773116831549712
5,35,0.99,0.5,0.95,0.5,19,3,truncated_gaussian_measurement_noise,700,800,0,,,25.0,2.5,0.16,0.84,0.0,0.4656769898697973,0.7794638207899501,0.3211776390656653,0.7849484804537615
5,35,0.99,0.5,0.95,0.5,19,4,coordinated_turn_model_mismatch,900,1000,0,,,32.0,3.2,0.54,0.46,0.0,0.054432820725464584,0.18287336464727813,1.027631394946048,2.2349164671502217
5,35,0.99,0.5,0.95,0.5,19,5,process_noise_x_increased,1100,1300,0,,,0.0,0.0,0.755,0.235,0.01,0.12301363112703939,0.9556469249286124,0.8734546782942781,3.046237938313475
5,35,0.995,0.5,0.95,0.5,19,0,measurement_outliers,100,200,0,,,0.0,0.0,0.87,0.13,0.0,0.019210052345328976,0.09001696155674904,1.1357384639764654,2.703345332343708
5,35,0.995,0.5,0.95,0.5,19,1,measurement_noise_x_increased,300,400,0,,,20.0,2.0,0.32,0.68,0.0,0.34705578705994694,0.7396295774262788,0.83736603897614,1.6673535582494732
5,35,0.995,0.5,0.95,0.5,19,2,measurement_noise_xy_decreased,500,600,0,,,30.0,3.0,0.22,0.78,0.0,0.3552385896130072,0.8418522333580963,0.321126118337136,0.7773116831549712
5,35,0.995,0.5,0.95,0.5,19,3,truncated_gaussian_measurement_noise,700,800,0,,,25.0,2.5,0.15,0.85,0.0,0.4534816322053505,0.7074173433819472,0.3211776390656653,0.7849484804537615
5,35,0.995,0.5,0.95,0.5,19,4,coordinated_turn_model_mismatch,900,1000,0,,,32.0,3.2,0.57,0.43,0.0,0.05285395676634157,0.18884689312546282,1.027631394946048,2.2349164671502217
5,35,0.995,0.5,0.95,0.5,19,5,process_noise_x_increased,1100,1300,0,,,0.0,0.0,0.755,0.23,0.015,0.12653751381924538,0.9657091899391451,0.8734546782942781,3.046237938313475
5,50,0.95,0.5,0.95,0.5,19,0,measurement_outliers,100,200,0,,,0.0,0.0,0.76,0.24,0.0,0.027696113715560355,0.10847621886376257,1.1357384639764654,2.703345332343708
5,50,0.95,0.5,0.95,0.5,19,1,measurement_noise_x_increased,300,400,0,,,18.0,1.8,0.31,0.69,0.0,0.2754529830737459,0.6126319458769308,0.83736603897614,1.6673535582494732
5,50,0.95,0.5,0.95,0.5,19,2,measurement_noise_xy_decreased,500,600,0,,,36.0,3.6,0.38,0.62,0.0,0.3330034963595381,0.8823180361294497,0.321126118337136,0.7773116831549712
5,50,0.95,0.5,0.95,0.5,19,3,truncated_gaussian_measurement_noise,700,800,0,,,25.0,2.5,0.14,0.86,0.0,0.4336710750566734,0.7705455633440215,0.3211776390656653,0.7849484804537615
5,50,0.95,0.5,0.95,0.5,19,4,coordinated_turn_model_mismatch,900,1000,0,,,33.0,3.3000000000000003,0.52,0.48,0.0,0.061404718870895554,0.1829463046706179,1.027631394946048,2.2349164671502217
5,50,0.95,0.5,0.95,0.5,19,5,process_noise_x_increased,1100,1300,0,,,0.0,0.0,0.75,0.25,0.0,0.05891613668142214,0.3423241714694124,0.8734546782942781,3.046237938313475
5,50,0.98,0.5,0.95,0.5,19,0,measurement_outliers,100,200,0,,,0.0,0.0,0.93,0.07,0.0,0.01479188498044822,0.06582524505290983,1.1357384639764654,2.703345332343708
5,50,0.98,0.5,0.95,0.5,19,1,measurement_noise_x_increased,300,400,0,,,18.0,1.8,0.33,0.67,0.0,0.2301032143786065,0.5547816979397873,0.83736603897614,1.6673535582494732
5,50,0.98,0.5,0.95,0.5,19,2,measurement_noise_xy_decreased,500,600,0,,,36.0,3.6,0.44,0.56,0.0,0.3041519062540539,0.846030112858172,0.321126118337136,0.7773116831549712
5,50,0.98,0.5,0.95,0.5,19,3,truncated_gaussian_measurement_noise,700,800,0,,,25.0,2.5,0.18,0.82,0.0,0.3859096379081789,0.7034053440999133,0.3211776390656653,0.7849484804537615
5,50,0.98,0.5,0.95,0.5,19,4,coordinated_turn_model_mismatch,900,1000,0,,,32.0,3.2,0.56,0.44,0.0,0.036090843159360515,0.10617958064274152,1.027631394946048,2.2349164671502217
5,50,0.98,0.5,0.95,0.5,19,5,process_noise_x_increased,1100,1300,0,,,0.0,0.0,0.76,0.24,0.0,0.05025249203609847,0.3302595017774645,0.8734546782942781,3.046237938313475
5,50,0.99,0.5,0.95,0.5,19,0,measurement_outliers,100,200,0,,,0.0,0.0,1.0,0.0,0.0,0.006543178824046759,0.031291029956664655,1.1357384639764654,2.703345332343708
5,50,0.99,0.5,0.95,0.5,19,1,measurement_noise_x_increased,300,400,0,,,20.0,2.0,0.36,0.64,0.0,0.22162179101178114,0.5421938531144185,0.83736603897614,1.6673535582494732
5,50,0.99,0.5,0.95,0.5,19,2,measurement_noise_xy_decreased,500,600,0,,,36.0,3.6,0.33,0.67,0.0,0.28170562755406137,0.8553977622070024,0.321126118337136,0.7773116831549712
5,50,0.99,0.5,0.95,0.5,19,3,truncated_gaussian_measurement_noise,700,800,0,,,25.0,2.5,0.25,0.75,0.0,0.3755326986554489,0.7085575903259138,0.3211776390656653,0.7849484804537615
5,50,0.99,0.5,0.95,0.5,19,4,coordinated_turn_model_mismatch,900,1000,0,,,32.0,3.2,0.8,0.2,0.0,0.025600456417508462,0.12030146264732043,1.027631394946048,2.2349164671502217
5,50,0.99,0.5,0.95,0.5,19,5,process_noise_x_increased,1100,1300,0,,,0.0,0.0,0.775,0.225,0.0,0.03788245962752515,0.3366981783086386,0.8734546782942781,3.046237938313475
5,50,0.995,0.5,0.95,0.5,19,0,measurement_outliers,100,200,0,,,0.0,0.0,1.0,0.0,0.0,0.003802111579457847,0.01743689929363518,1.1357384639764654,2.703345332343708
5,50,0.995,0.5,0.95,0.5,19,1,measurement_noise_x_increased,300,400,0,,,20.0,2.0,0.38,0.62,0.0,0.239745898555894,0.5495497252417358,0.83736603897614,1.6673535582494732
5,50,0.995,0.5,0.95,0.5,19,2,measurement_noise_xy_decreased,500,600,0,,,36.0,3.6,0.39,0.61,0.0,0.3206547029193286,0.8531372349030666,0.321126118337136,0.7773116831549712
5,50,0.995,0.5,0.95,0.5,19,3,truncated_gaussian_measurement_noise,700,800,0,,,26.0,2.6,0.3,0.7,0.0,0.36079477166975493,0.691143963786911,0.3211776390656653,0.7849484804537615
5,50,0.995,0.5,0.95,0.5,19,4,coordinated_turn_model_mismatch,900,1000,0,,,28.0,2.8000000000000003,0.8,0.2,0.0,0.02158122581657318,0.08615406420119899,1.027631394946048,2.2349164671502217
5,50,0.995,0.5,0.95,0.5,19,5,process_noise_x_increased,1100,1300,0,,,0.0,0.0,0.775,0.225,0.0,0.05651536384810339,0.5633275417447948,0.8734546782942781,3.046237938313475
5,70,0.95,0.5,0.95,0.5,19,0,measurement_outliers,100,200,0,,,0.0,0.0,1.0,0.0,0.0,0.004433572563018566,0.019959562455544207,1.1357384639764654,2.703345332343708
5,70,0.95,0.5,0.95,0.5,19,1,measurement_noise_x_increased,300,400,0,,,20.0,2.0,0.43,0.57,0.0,0.17627327076212712,0.5140461793532644,0.83736603897614,1.6673535582494732
5,70,0.95,0.5,0.95,0.5,19,2,measurement_noise_xy_decreased,500,600,0,,,36.0,3.6,0.55,0.45,0.0,0.19528262081617817,0.7861472570298044,0.321126118337136,0.7773116831549712
5,70,0.95,0.5,0.95,0.5,19,3,truncated_gaussian_measurement_noise,700,800,0,,,26.0,2.6,0.29,0.71,0.0,0.31269535811086757,0.7050054998734208,0.3211776390656653,0.7849484804537615
5,70,0.95,0.5,0.95,0.5,19,4,coordinated_turn_model_mismatch,900,1000,0,,,13.0,1.3,0.97,0.03,0.0,0.013767334106367863,0.05397024300918268,1.027631394946048,2.2349164671502217
5,70,0.95,0.5,0.95,0.5,19,5,process_noise_x_increased,1100,1300,0,,,0.0,0.0,0.87,0.13,0.0,0.015286021546853561,0.09625245600255017,0.8734546782942781,3.046237938313475
5,70,0.98,0.5,0.95,0.5,19,0,measurement_outliers,100,200,0,,,0.0,0.0,1.0,0.0,0.0,0.0019591003389243895,0.009110982434903412,1.1357384639764654,2.703345332343708
5,70,0.98,0.5,0.95,0.5,19,1,measurement_noise_x_increased,300,400,0,,,22.0,2.2,0.44,0.56,0.0,0.1364164086463803,0.4145688998019322,0.83736603897614,1.6673535582494732
5,70,0.98,0.5,0.95,0.5,19,2,measurement_noise_xy_decreased,500,600,0,,,37.0,3.7,0.55,0.45,0.0,0.15855327221547535,0.7246518562435439,0.321126118337136,0.7773116831549712
5,70,0.98,0.5,0.95,0.5,19,3,truncated_gaussian_measurement_noise,700,800,0,,,27.0,2.7,0.34,0.66,0.0,0.2669335873501488,0.7017440436040607,0.3211776390656653,0.7849484804537615
5,70,0.98,0.5,0.95,0.5,19,4,coordinated_turn_model_mismatch,900,1000,0,,,0.0,0.0,1.0,0.0,0.0,0.0070245206073643995,0.03246317140253057,1.027631394946048,2.2349164671502217
5,70,0.98,0.5,0.95,0.5,19,5,process_noise_x_increased,1100,1300,0,,,0.0,0.0,0.995,0.005,0.0,0.00985805410396313,0.05937273051895829,0.8734546782942781,3.046237938313475
5,70,0.99,0.5,0.95,0.5,19,0,measurement_outliers,100,200,0,,,0.0,0.0,1.0,0.0,0.0,0.0006937679318945285,0.003246330015961835,1.1357384639764654,2.703345332343708
5,70,0.99,0.5,0.95,0.5,19,1,measurement_noise_x_increased,300,400,0,,,22.0,2.2,0.52,0.48,0.0,0.0966334826293046,0.3537758828645235,0.83736603897614,1.6673535582494732
5,70,0.99,0.5,0.95,0.5,19,2,measurement_noise_xy_decreased,500,600,0,,,37.0,3.7,0.52,0.48,0.0,0.171487102558104,0.6952183813044277,0.321126118337136,0.7773116831549712
5,70,0.99,0.5,0.95,0.5,19,3,truncated_gaussian_measurement_noise,700,800,0,,,27.0,2.7,0.37,0.63,0.0,0.25776453044648795,0.7293274926012763,0.3211776390656653,0.7849484804537615
5,70,0.99,0.5,0.95,0.5,19,4,coordinated_turn_model_mismatch,900,1000,0,,,0.0,0.0,1.0,0.0,0.0,0.005814965379764372,0.03670514826415452,1.027631394946048,2.2349164671502217
5,70,0.99,0.5,0.95,0.5,19,5,process_noise_x_increased,1100,1300,0,,,0.0,0.0,1.0,0.0,0.0,0.005909725737136811,0.0349628008517343,0.8734546782942781,3.046237938313475
5,70,0.995,0.5,0.95,0.5,19,0,measurement_outliers,100,200,0,,,0.0,0.0,1.0,0.0,0.0,0.00014722097137254053,0.0006792463342720835,1.1357384639764654,2.703345332343708
5,70,0.995,0.5,0.95,0.5,19,1,measurement_noise_x_increased,300,400,0,,,22.0,2.2,0.5,0.5,0.0,0.13120861679540638,0.4186452957865766,0.83736603897614,1.6673535582494732
5,70,0.995,0.5,0.95,0.5,19,2,measurement_noise_xy_decreased,500,600,0,,,39.0,3.9000000000000004,0.53,0.47,0.0,0.19491580228882427,0.7148371634465982,0.321126118337136,0.7773116831549712
5,70,0.995,0.5,0.95,0.5,19,3,truncated_gaussian_measurement_noise,700,800,0,,,28.0,2.8000000000000003,0.43,0.57,0.0,0.24369836688960614,0.6870951549139059,0.3211776390656653,0.7849484804537615
5,70,0.995,0.5,0.95,0.5,19,4,coordinated_turn_model_mismatch,900,1000,0,,,0.0,0.0,1.0,0.0,0.0,0.0032216581782726493,0.02177912136457697,1.027631394946048,2.2349164671502217
5,70,0.995,0.5,0.95,0.5,19,5,process_noise_x_increased,1100,1300,0,,,0.0,0.0,1.0,0.0,0.0,0.0037337270237689903,0.032698237579518,0.8734546782942781,3.046237938313475
7,35,0.95,0.5,0.95,0.5,19,0,measurement_outliers,100,200,0,,,28.0,2.8000000000000003,0.3,0.7,0.0,0.14999951991859123,0.40119424668650244,1.1357384639764654,2.703345332343708
7,35,0.95,0.5,0.95,0.5,19,1,measurement_noise_x_increased,300,400,0,,,26.0,2.6,0.13,0.87,0.0,0.38585404498484827,0.7482917510105158,0.83736603897614,1.6673535582494732
7,35,0.95,0.5,0.95,0.5,19,2,measurement_noise_xy_decreased,500,600,0,,,38.0,3.8000000000000003,0.0,1.0,0.0,0.424743611403399,0.8735781357283664,0.321126118337136,0.7773116831549712
7,35,0.95,0.5,0.95,0.5,19,3,truncated_gaussian_measurement_noise,700,800,0,,,28.0,2.8000000000000003,0.03,0.97,0.0,0.48613024517508197,0.7102116309492615,0.3211776390656653,0.7849484804537615
7,35,0.95,0.5,0.95,0.5,19,4,coordinated_turn_model_mismatch,900,1000,0,,,51.0,5.1000000000000005,0.06,0.94,0.0,0.26461408624159466,0.5834360094452097,1.027631394946048,2.2349164671502217
7,35,0.95,0.5,0.95,0.5,19,5,process_noise_x_increased,1100,1300,0,,,1.0,0.1,0.25,0.75,0.0,0.19432533456521778,0.910195157360784,0.8734546782942781,3.046237938313475
7,35,0.98,0.5,0.95,0.5,19,0,measurement_outliers,100,200,0,,,23.0,2.3000000000000003,0.44,0.56,0.0,0.10541803161353251,0.28788244584655615,1.1357384639764654,2.703345332343708
7,35,0.98,0.5,0.95,0.5,19,1,measurement_noise_x_increased,300,400,0,,,21.0,2.1,0.17,0.83,0.0,0.36085832403319856,0.7257408448503816,0.83736603897614,1.6673535582494732
7,35,0.98,0.5,0.95,0.5,19,2,measurement_noise_xy_decreased,500,600,0,,,36.0,3.6,0.2,0.8,0.0,0.3231495718724902,0.7266086620237108,0.321126118337136,0.7773116831549712
7,35,0.98,0.5,0.95,0.5,19,3,truncated_gaussian_measurement_noise,700,800,0,,,28.0,2.8000000000000003,0.08,0.92,0.0,0.4442595138969166,0.6709239664334498,0.3211776390656653,0.7849484804537615
7,35,0.98,0.5,0.95,0.5,19,4,coordinated_turn_model_mismatch,900,1000,0,,,37.0,3.7,0.25,0.75,0.0,0.21489536608993945,0.4915248874508453,1.027631394946048,2.2349164671502217
7,35,0.98,0.5,0.95,0.5,19,5,process_noise_x_increased,1100,1300,0,,,0.0,0.0,0.39,0.61,0.0,0.1633770200663981,0.9109673353121303,0.8734546782942781,3.046237938313475
7,35,0.99,0.5,0.95,0.5,19,0,measurement_outliers,100,200,0,,,20.0,2.0,0.44,0.56,0.0,0.06160333681599095,0.18098673477301708,1.1357384639764654,2.703345332343708
7,35,0.99,0.5,0.95,0.5,19,1,measurement_noise_x_increased,300,400,0,,,21.0,2.1,0.23,0.77,0.0,0.3452930964261906,0.7304822265872162,0.83736603897614,1.6673535582494732
7,35,0.99,0.5,0.95,0.5,19,2,measurement_noise_xy_decreased,500,600,0,,,36.0,3.6,0.22,0.78,0.0,0.30170017740618615,0.6982168285900311,0.321126118337136,0.7773116831549712
7,35,0.99,0.5,0.95,0.5,19,3,truncated_gaussian_measurement_noise,700,800,0,,,34.0,3.4000000000000004,0.14,0.86,0.0,0.3944707061288607,0.6270056771733936,0.3211776390656653,0.7849484804537615
7,35,0.99,0.5,0.95,0.5,19,4,coordinated_turn_model_mismatch,900,1000,0,,,32.0,3.2,0.36,0.64,0.0,0.18674902744289107,0.48030771496057223,1.027631394946048,2.2349164671502217
7,35,0.99,0.5,0.95,0.5,19,5,process_noise_x_increased,1100,1300,0,,,0.0,0.0,0.61,0.39,0.0,0.14825084789988613,0.925114286239234,0.8734546782942781,3.046237938313475
7,35,0.995,0.5,0.95,0.5,19,0,measurement_outliers,100,200,0,,,0.0,0.0,0.66,0.34,0.0,0.03624868018305787,0.12851732733248147,1.1357384639764654,2.703345332343708
7,35,0.995,0.5,0.95,0.5,19,1,measurement_noise_x_increased,300,400,0,,,22.0,2.2,0.29,0.71,0.0,0.3229856064335063,0.6991918645609108,0.83736603897614,1.6673535582494732
7,35,0.995,0.5,0.95,0.5,19,2,measurement_noise_xy_decreased,500,600,0,,,35.0,3.5,0.18,0.82,0.0,0.29981326654538776,0.7222398116510993,0.321126118337136,0.7773116831549712
7,35,0.995,0.5,0.95,0.5,19,3,truncated_gaussian_measurement_noise,700,800,0,,,28.0,2.8000000000000003,0.15,0.85,0.0,0.3735928403944918,0.6212614545579345,0.3211776390656653,0.7849484804537615
7,35,0.995,0.5,0.95,0.5,19,4,coordinated_turn_model_mismatch,900,1000,0,,,31.0,3.1,0.38,0.62,0.0,0.21476570764751454,0.6239288739684485,1.027631394946048,2.2349164671502217
7,35,0.995,0.5,0.95,0.5,19,5,process_noise_x_increased,1100,1300,0,,,0.0,0.0,0.685,0.315,0.0,0.1419929922120239,0.8924476994546031,0.8734546782942781,3.046237938313475
7,50,0.95,0.5,0.95,0.5,19,0,measurement_outliers,100,200,0,,,14.0,1.4000000000000001,0.55,0.45,0.0,0.057377720174133964,0.17045689661601704,1.1357384639764654,2.703345332343708
7,50,0.95,0.5,0.95,0.5,19,1,measurement_noise_x_increased,300,400,0,,,22.0,2.2,0.18,0.82,0.0,0.312297723197666,0.6603349713810154,0.83736603897614,1.6673535582494732
7,50,0.95,0.5,0.95,0.5,19,2,measurement_noise_xy_decreased,500,600,0,,,37.0,3.7,0.3,0.7,0.0,0.2989834835689469,0.7791920125611955,0.321126118337136,0.7773116831549712
7,50,0.95,0.5,0.95,0.5,19,3,truncated_gaussian_measurement_noise,700,800,0,,,27.0,2.7,0.1,0.9,0.0,0.4141539621494823,0.7048404759353628,0.3211776390656653,0.7849484804537615
7,50,0.95,0.5,0.95,0.5,19,4,coordinated_turn_model_mismatch,900,1000,0,,,44.0,4.4,0.33,0.67,0.0,0.14772740920066801,0.35070990171562866,1.027631394946048,2.2349164671502217
7,50,0.95,0.5,0.95,0.5,19,5,process_noise_x_increased,1100,1300,0,,,0.0,0.0,0.64,0.36,0.0,0.10131329241983796,0.4992919261450157,0.8734546782942781,3.046237938313475
7,50,0.98,0.5,0.95,0.5,19,0,measurement_outliers,100,200,0,,,11.0,1.1,0.67,0.33,0.0,0.030556092557711845,0.09463723696283974,1.1357384639764654,2.703345332343708
7,50,0.98,0.5,0.95,0.5,19,1,measurement_noise_x_increased,300,400,0,,,22.0,2.2,0.29,0.71,0.0,0.28137021316752814,0.5962485127567756,0.83736603897614,1.6673535582494732
7,50,0.98,0.5,0.95,0.5,19,2,measurement_noise_xy_decreased,500,600,0,,,39.0,3.9000000000000004,0.31,0.69,0.0,0.2676408481994982,0.7899466942115916,0.321126118337136,0.7773116831549712
7,50,0.98,0.5,0.95,0.5,19,3,truncated_gaussian_measurement_noise,700,800,0,,,27.0,2.7,0.16,0.84,0.0,0.3477930274222883,0.6281822488104097,0.3211776390656653,0.7849484804537615
7,50,0.98,0.5,0.95,0.5,19,4,coordinated_turn_model_mismatch,900,1000,0,,,39.0,3.9000000000000004,0.4,0.6,0.0,0.10893429696084658,0.2742614173760931,1.027631394946048,2.2349164671502217
7,50,0.98,0.5,0.95,0.5,19,5,process_noise_x_increased,1100,1300,0,,,0.0,0.0,0.695,0.305,0.0,0.08225536808271952,0.5279105873223081,0.8734546782942781,3.046237938313475
7,50,0.99,0.5,0.95,0.5,19,0,measurement_outliers,100,200,0,,,0.0,0.0,1.0,0.0,0.0,0.0155467327704137,0.04866799409306033,1.1357384639764654,2.703345332343708
7,50,0.99,0.5,0.95,0.5,19,1,measurement_noise_x_increased,300,400,0,,,22.0,2.2,0.34,0.66,0.0,0.24105301575745194,0.5613309441076257,0.83736603897614,1.6673535582494732
7,50,0.99,0.5,0.95,0.5,19,2,measurement_noise_xy_decreased,500,600,0,,,39.0,3.9000000000000004,0.32,0.68,0.0,0.23695280762866108,0.8116945647239125,0.321126118337136,0.7773116831549712
7,50,0.99,0.5,0.95,0.5,19,3,truncated_gaussian_measurement_noise,700,800,0,,,27.0,2.7,0.23,0.77,0.0,0.2995665706029189,0.6054728357496055,0.3211776390656653,0.7849484804537615
7,50,0.99,0.5,0.95,0.5,19,4,coordinated_turn_model_mismatch,900,1000,0,,,37.0,3.7,0.4,0.6,0.0,0.09438631233349022,0.2882651255610786,1.027631394946048,2.2349164671502217
7,50,0.99,0.5,0.95,0.5,19,5,process_noise_x_increased,1100,1300,0,,,0.0,0.0,0.71,0.29,0.0,0.07622924201118658,0.5354814821639405,0.8734546782942781,3.046237938313475
7,50,0.995,0.5,0.95,0.5,19,0,measurement_outliers,100,200,0,,,0.0,0.0,0.73,0.27,0.0,0.03402044899498516,0.13121514606876655,1.1357384639764654,2.703345332343708
7,50,0.995,0.5,0.95,0.5,19,1,measurement_noise_x_increased,300,400,0,,,24.0,2.4000000000000004,0.39,0.61,0.0,0.2453787832454223,0.5391759116805497,0.83736603897614,1.6673535582494732
7,50,0.995,0.5,0.95,0.5,19,2,measurement_noise_xy_decreased,500,600,0,,,37.0,3.7,0.33,0.67,0.0,0.2314208742629348,0.7438007343826374,0.321126118337136,0.7773116831549712
7,50,0.995,0.5,0.95,0.5,19,3,truncated_gaussian_measurement_noise,700,800,0,,,28.0,2.8000000000000003,0.29,0.71,0.0,0.33894531047874027,0.6202502144337364,0.3211776390656653,0.7849484804537615
7,50,0.995,0.5,0.95,0.5,19,4,coordinated_turn_model_mismatch,900,1000,0,,,35.0,3.5,0.39,0.61,0.0,0.12618845892239092,0.39449931062995236,1.027631394946048,2.2349164671502217
7,50,0.995,0.5,0.95,0.5,19,5,process_noise_x_increased,1100,1300,0,,,0.0,0.0,0.72,0.28,0.0,0.07537033770357308,0.5284117832575824,0.8734546782942781,3.046237938313475
7,70,0.95,0.5,0.95,0.5,19,0,measurement_outliers,100,200,0,,,0.0,0.0,1.0,0.0,0.0,0.012822977874050876,0.04901201877482739,1.1357384639764654,2.703345332343708
7,70,0.95,0.5,0.95,0.5,19,1,measurement_noise_x_increased,300,400,0,,,22.0,2.2,0.32,0.68,0.0,0.19923849512639105,0.48971616142522945,0.83736603897614,1.6673535582494732
7,70,0.95,0.5,0.95,0.5,19,2,measurement_noise_xy_decreased,500,600,0,,,36.0,3.6,0.52,0.48,0.0,0.15633416378147705,0.5955188722763637,0.321126118337136,0.7773116831549712
7,70,0.95,0.5,0.95,0.5,19,3,truncated_gaussian_measurement_noise,700,800,0,,,27.0,2.7,0.27,0.73,0.0,0.2867079770139371,0.6493556454659993,0.3211776390656653,0.7849484804537615
7,70,0.95,0.5,0.95,0.5,19,4,coordinated_turn_model_mismatch,900,1000,0,,,40.0,4.0,0.72,0.28,0.0,0.036222655441113694,0.12678932571689888,1.027631394946048,2.2349164671502217
7,70,0.95,0.5,0.95,0.5,19,5,process_noise_x_increased,1100,1300,0,,,0.0,0.0,0.7,0.3,0.0,0.03703013302356226,0.1724941346942024,0.8734546782942781,3.046237938313475
7,70,0.98,0.5,0.95,0.5,19,0,measurement_outliers,100,200,0,,,0.0,0.0,1.0,0.0,0.0,0.009736063768443002,0.04218853159111785,1.1357384639764654,2.703345332343708
7,70,0.98,0.5,0.95,0.5,19,1,measurement_noise_x_increased,300,400,0,,,24.0,2.4000000000000004,0.37,0.63,0.0,0.17422728267346393,0.48122672863800603,0.83736603897614,1.6673535582494732
7,70,0.98,0.5,0.95,0.5,19,2,measurement_noise_xy_decreased,500,600,0,,,35.0,3.5,0.52,0.48,0.0,0.13653673440472044,0.5903789328206703,0.321126118337136,0.7773116831549712
7,70,0.98,0.5,0.95,0.5,19,3,truncated_gaussian_measurement_noise,700,800,0,,,27.0,2.7,0.32,0.68,0.0,0.25036754435499786,0.6302686838772802,0.3211776390656653,0.7849484804537615
7,70,0.98,0.5,0.95,0.5,19,4,coordinated_turn_model_mismatch,900,1000,0,,,37.0,3.7,0.77,0.23,0.0,0.028202416021015447,0.11462039768076397,1.027631394946048,2.2349164671502217
7,70,0.98,0.5,0.95,0.5,19,5,process_noise_x_increased,1100,1300,0,,,0.0,0.0,0.705,0.295,0.0,0.03031987409064526,0.16751854014159853,0.8734546782942781,3.046237938313475
7,70,0.99,0.5,0.95,0.5,19,0,measurement_outliers,100,200,0,,,0.0,0.0,1.0,0.0,0.0,0.008005945835039855,0.04086718556005863,1.1357384639764654,2.703345332343708
7,70,0.99,0.5,0.95,0.5,19,1,measurement_noise_x_increased,300,400,0,,,24.0,2.4000000000000004,0.45,0.55,0.0,0.15608092329871495,0.46973357813639394,0.83736603897614,1.6673535582494732
7,70,0.99,0.5,0.95,0.5,19,2,measurement_noise_xy_decreased,500,600,0,,,35.0,3.5,0.56,0.44,0.0,0.11229648306974557,0.5623289579125792,0.321126118337136,0.7773116831549712
7,70,0.99,0.5,0.95,0.5,19,3,truncated_gaussian_measurement_noise,700,800,0,,,28.0,2.8000000000000003,0.36,0.64,0.0,0.20432983071206323,0.5712143529145797,0.3211776390656653,0.7849484804537615
7,70,0.99,0.5,0.95,0.5,19,4,coordinated_turn_model_mismatch,900,1000,0,,,37.0,3.7,0.79,0.21,0.0,0.020435552729008717,0.10421435553386764,1.027631394946048,2.2349164671502217
7,70,0.99,0.5,0.95,0.5,19,5,process_noise_x_increased,1100,1300,0,,,0.0,0.0,0.7,0.3,0.0,0.027920845778888502,0.1802710855833165,0.8734546782942781,3.046237938313475
7,70,0.995,0.5,0.95,0.5,19,0,measurement_outliers,100,200,0,,,0.0,0.0,1.0,0.0,0.0,0.005560910533400593,0.02410886630728196,1.1357384639764654,2.703345332343708
7,70,0.995,0.5,0.95,0.5,19,1,measurement_noise_x_increased,300,400,0,,,25.0,2.5,0.44,0.56,0.0,0.17223899646561905,0.4594736775305171,0.83736603897614,1.6673535582494732
7,70,0.995,0.5,0.95,0.5,19,2,measurement_noise_xy_decreased,500,600,0,,,35.0,3.5,0.56,0.44,0.0,0.11266879769764962,0.5252740488780132,0.321126118337136,0.7773116831549712
7,70,0.995,0.5,0.95,0.5,19,3,truncated_gaussian_measurement_noise,700,800,0,,,28.0,2.8000000000000003,0.34,0.66,0.0,0.20547030291483392,0.5763315922474561,0.3211776390656653,0.7849484804537615
7,70,0.995,0.5,0.95,0.5,19,4,coordinated_turn_model_mismatch,900,1000,0,,,32.0,3.2,0.72,0.28,0.0,0.033568739264594256,0.15904540525807487,1.027631394946048,2.2349164671502217
7,70,0.995,0.5,0.95,0.5,19,5,process_noise_x_increased,1100,1300,0,,,0.0,0.0,0.845,0.155,0.0,0.02067603266348436,0.17981605514050428,0.8734546782942781,3.046237938313475
10,50,0.95,0.5,0.95,0.5,19,0,measurement_outliers,100,200,0,,,28.0,2.8000000000000003,0.41,0.59,0.0,0.0946184973070793,0.18552545209884908,1.1357384639764654,2.703345332343708
10,50,0.95,0.5,0.95,0.5,19,1,measurement_noise_x_increased,300,400,0,,,55.0,5.5,0.1,0.9,0.0,0.27748117675271994,0.5284684156738698,0.83736603897614,1.6673535582494732
10,50,0.95,0.5,0.95,0.5,19,2,measurement_noise_xy_decreased,500,600,0,,,47.0,4.7,0.27,0.73,0.0,0.27783189315780066,0.6899182711001403,0.321126118337136,0.7773116831549712
10,50,0.95,0.5,0.95,0.5,19,3,truncated_gaussian_measurement_noise,700,800,0,,,37.0,3.7,0.01,0.99,0.0,0.3811091004968203,0.6489864498761954,0.3211776390656653,0.7849484804537615
10,50,0.95,0.5,0.95,0.5,19,4,coordinated_turn_model_mismatch,900,1000,0,,,53.0,5.300000000000001,0.23,0.77,0.0,0.1431122463095341,0.28682613433468973,1.027631394946048,2.2349164671502217
10,50,0.95,0.5,0.95,0.5,19,5,process_noise_x_increased,1100,1300,0,,,30.0,3.0,0.235,0.765,0.0,0.11737346988129231,0.33061604208478956,0.8734546782942781,3.046237938313475
10,50,0.98,0.5,0.95,0.5,19,0,measurement_outliers,100,200,0,,,23.0,2.3000000000000003,0.55,0.45,0.0,0.05630418853718575,0.12329089858720511,1.1357384639764654,2.703345332343708
10,50,0.98,0.5,0.95,0.5,19,1,measurement_noise_x_increased,300,400,0,,,46.0,4.6000000000000005,0.18,0.82,0.0,0.22375022153931787,0.44173709796676996,0.83736603897614,1.6673535582494732
10,50,0.98,0.5,0.95,0.5,19,2,measurement_noise_xy_decreased,500,600,0,,,40.0,4.0,0.39,0.61,0.0,0.20699968137484034,0.6237970806361617,0.321126118337136,0.7773116831549712
10,50,0.98,0.5,0.95,0.5,19,3,truncated_gaussian_measurement_noise,700,800,0,,,37.0,3.7,0.11,0.89,0.0,0.32172732563011364,0.6215622658194754,0.3211776390656653,0.7849484804537615
10,50,0.98,0.5,0.95,0.5,19,4,coordinated_turn_model_mismatch,900,1000,0,,,49.0,4.9,0.34,0.66,0.0,0.0900706457279565,0.18167517434908018,1.027631394946048,2.2349164671502217
10,50,0.98,0.5,0.95,0.5,19,5,process_noise_x_increased,1100,1300,0,,,0.0,0.0,0.505,0.495,0.0,0.08323299262496585,0.25015051696317847,0.8734546782942781,3.046237938313475
10,50,0.99,0.5,0.95,0.5,19,0,measurement_outliers,100,200,0,,,11.0,1.1,0.75,0.25,0.0,0.02912859872536817,0.07168993493461763,1.1357384639764654,2.703345332343708
10,50,0.99,0.5,0.95,0.5,19,1,measurement_noise_x_increased,300,400,0,,,45.0,4.5,0.28,0.72,0.0,0.16601711523546764,0.33965866523035604,0.83736603897614,1.6673535582494732
10,50,0.99,0.5,0.95,0.5,19,2,measurement_noise_xy_decreased,500,600,0,,,40.0,4.0,0.47,0.53,0.0,0.1394169184228673,0.5206796764929036,0.321126118337136,0.7773116831549712
10,50,0.99,0.5,0.95,0.5,19,3,truncated_gaussian_measurement_noise,700,800,0,,,36.0,3.6,0.14,0.86,0.0,0.2605506600431869,0.5774312827237456,0.3211776390656653,0.7849484804537615
10,50,0.99,0.5,0.95,0.5,19,4,coordinated_turn_model_mismatch,900,1000,0,,,38.0,3.8000000000000003,0.42,0.58,0.0,0.050495178022477466,0.09958142139852785,1.027631394946048,2.2349164671502217
10,50,0.99,0.5,0.95,0.5,19,5,process_noise_x_increased,1100,1300,0,,,0.0,0.0,0.59,0.41,0.0,0.0558464493137613,0.17629746755141332,0.8734546782942781,3.046237938313475
10,50,0.995,0.5,0.95,0.5,19,0,measurement_outliers,100,200,0,,,0.0,0.0,1.0,0.0,0.0,0.01118095813317864,0.029459698802100115,1.1357384639764654,2.703345332343708
10,50,0.995,0.5,0.95,0.5,19,1,measurement_noise_x_increased,300,400,0,,,43.0,4.3,0.35,0.65,0.0,0.10179728501205104,0.21702155425527198,0.83736603897614,1.6673535582494732
10,50,0.995,0.5,0.95,0.5,19,2,measurement_noise_xy_decreased,500,600,0,,,36.0,3.6,0.6,0.4,0.0,0.07080651168907362,0.34735728542405564,0.321126118337136,0.7773116831549712
10,50,0.995,0.5,0.95,0.5,19,3,truncated_gaussian_measurement_noise,700,800,0,,,36.0,3.6,0.21,0.79,0.0,0.19099837466540415,0.49581860901692976,0.3211776390656653,0.7849484804537615
10,50,0.995,0.5,0.95,0.5,19,4,coordinated_turn_model_mismatch,900,1000,0,,,0.0,0.0,1.0,0.0,0.0,0.020185911398325974,0.03969020200181841,1.027631394946048,2.2349164671502217
10,50,0.995,0.5,0.95,0.5,19,5,process_noise_x_increased,1100,1300,0,,,0.0,0.0,0.755,0.245,0.0,0.02990768034164777,0.10095202882672318,0.8734546782942781,3.046237938313475
10,70,0.95,0.5,0.95,0.5,19,0,measurement_outliers,100,200,0,,,24.0,2.4000000000000004,0.72,0.28,0.0,0.03364243903570142,0.09550262090340841,1.1357384639764654,2.703345332343708
10,70,0.95,0.5,0.95,0.5,19,1,measurement_noise_x_increased,300,400,0,,,46.0,4.6000000000000005,0.27,0.73,0.0,0.1867917512013734,0.36765778361724755,0.83736603897614,1.6673535582494732
10,70,0.95,0.5,0.95,0.5,19,2,measurement_noise_xy_decreased,500,600,0,,,40.0,4.0,0.51,0.49,0.0,0.1607011907007706,0.5733342936100204,0.321126118337136,0.7773116831549712
10,70,0.95,0.5,0.95,0.5,19,3,truncated_gaussian_measurement_noise,700,800,0,,,40.0,4.0,0.18,0.82,0.0,0.2726119824831933,0.6103270408894793,0.3211776390656653,0.7849484804537615
10,70,0.95,0.5,0.95,0.5,19,4,coordinated_turn_model_mismatch,900,1000,0,,,48.0,4.800000000000001,0.43,0.57,0.0,0.05529648226015389,0.11586039006085315,1.027631394946048,2.2349164671502217
10,70,0.95,0.5,0.95,0.5,19,5,process_noise_x_increased,1100,1300,0,,,0.0,0.0,0.57,0.43,0.0,0.062445150943841565,0.18557461118744953,0.8734546782942781,3.046237938313475
10,70,0.98,0.5,0.95,0.5,19,0,measurement_outliers,100,200,0,,,0.0,0.0,0.96,0.04,0.0,0.017653571565142773,0.05572315179350657,1.1357384639764654,2.703345332343708
10,70,0.98,0.5,0.95,0.5,19,1,measurement_noise_x_increased,300,400,0,,,45.0,4.5,0.32,0.68,0.0,0.1409018298818743,0.29540418331503393,0.83736603897614,1.6673535582494732
10,70,0.98,0.5,0.95,0.5,19,2,measurement_noise_xy_decreased,500,600,0,,,41.0,4.1000000000000005,0.56,0.44,0.0,0.11234260193490637,0.4880459223415355,0.321126118337136,0.7773116831549712
10,70,0.98,0.5,0.95,0.5,19,3,truncated_gaussian_measurement_noise,700,800,0,,,39.0,3.9000000000000004,0.23,0.77,0.0,0.22458105948012094,0.577734673169379,0.3211776390656653,0.7849484804537615
10,70,0.98,0.5,0.95,0.5,19,4,coordinated_turn_model_mismatch,900,1000,0,,,17.0,1.7000000000000002,0.67,0.33,0.0,0.03232809708746843,0.0753757797942259,1.027631394946048,2.2349164671502217
10,70,0.98,0.5,0.95,0.5,19,5,process_noise_x_increased,1100,1300,0,,,0.0,0.0,0.605,0.395,0.0,0.044904990885396054,0.14161599844515002,0.8734546782942781,3.046237938313475
10,70,0.99,0.5,0.95,0.5,19,0,measurement_outliers,100,200,0,,,0.0,0.0,1.0,0.0,0.0,0.008274882898621048,0.02697702845304853,1.1357384639764654,2.703345332343708
10,70,0.99,0.5,0.95,0.5,19,1,measurement_noise_x_increased,300,400,0,,,44.0,4.4,0.42,0.58,0.0,0.09751205140148876,0.21800288900973663,0.83736603897614,1.6673535582494732
10,70,0.99,0.5,0.95,0.5,19,2,measurement_noise_xy_decreased,500,600,0,,,40.0,4.0,0.64,0.36,0.0,0.0695920896670021,0.3645077408955762,0.321126118337136,0.7773116831549712
10,70,0.99,0.5,0.95,0.5,19,3,truncated_gaussian_measurement_noise,700,800,0,,,38.0,3.8000000000000003,0.29,0.71,0.0,0.17809570510385012,0.5178525391439324,0.3211776390656653,0.7849484804537615
10,70,0.99,0.5,0.95,0.5,19,4,coordinated_turn_model_mismatch,900,1000,0,,,0.0,0.0,1.0,0.0,0.0,0.016586500193851286,0.04244217318668044,1.027631394946048,2.2349164671502217
10,70,0.99,0.5,0.95,0.5,19,5,process_noise_x_increased,1100,1300,0,,,0.0,0.0,0.73,0.27,0.0,0.029248887814439763,0.09539161460616212,0.8734546782942781,3.046237938313475
10,70,0.995,0.5,0.95,0.5,19,0,measurement_outliers,100,200,0,,,0.0,0.0,1.0,0.0,0.0,0.003030401534169604,0.008958502319720318,1.1357384639764654,2.703345332343708
10,70,0.995,0.5,0.95,0.5,19,1,measurement_noise_x_increased,300,400,0,,,25.0,2.5,0.48,0.52,0.0,0.05496299894881717,0.1331850065367213,0.83736603897614,1.6673535582494732
10,70,0.995,0.5,0.95,0.5,19,2,measurement_noise_xy_decreased,500,600,0,,,36.0,3.6,0.77,0.23,0.0,0.030847367362570245,0.20127021535440423,0.321126118337136,0.7773116831549712
10,70,0.995,0.5,0.95,0.5,19,3,truncated_gaussian_measurement_noise,700,800,0,,,37.0,3.7,0.37,0.63,0.0,0.12795855173745538,0.4214888579669545,0.3211776390656653,0.7849484804537615
10,70,0.995,0.5,0.95,0.5,19,4,coordinated_turn_model_mismatch,900,1000,0,,,0.0,0.0,1.0,0.0,0.0,0.005799931029285487,0.01692444782208643,1.027631394946048,2.2349164671502217
10,70,0.995,0.5,0.95,0.5,19,5,process_noise_x_increased,1100,1300,0,,,0.0,0.0,1.0,0.0,0.0,0.01462362465120556,0.049248110385301566,0.8734546782942781,3.046237938313475
