k,p_ok_griebel_innovation_mean,p_ok_griebel_innovation_q05,p_ok_griebel_innovation_q50,p_ok_griebel_innovation_q95,p_ok_radial_mean,p_ok_radial_q05,p_ok_radial_q50,p_ok_radial_q95,p_ok_x_mean,p_ok_x_q05,p_ok_x_q50,p_ok_x_q95,p_ok_y_mean,p_ok_y_q05,p_ok_y_q50,p_ok_y_q95,p_ok_comp_mean,p_ok_comp_q05,p_ok_comp_q50,p_ok_comp_q95,p_ok_overall_mean,p_ok_overall_q05,p_ok_overall_q50,p_ok_overall_q95,griebel_multinomial_dc_mean,griebel_multinomial_dc_q05,griebel_multinomial_dc_q50,griebel_multinomial_dc_q95,griebel_multinomial_threshold_mean,griebel_multinomial_threshold_q05,griebel_multinomial_threshold_q50,griebel_multinomial_threshold_q95
0,0.963333333333335,0.9666666666666668,0.9666666666666668,0.9666666666666668,0.4375,0.4375,0.4375,0.4375,0.6187184335382284,0.6187184335382291,0.6187184335382291,0.6187184335382291,0.6187184335382284,0.6187184335382291,0.6187184335382291,0.6187184335382291,0.38281250000000006,0.3828125000000001,0.3828125000000001,0.3828125000000001,0.40833333333333355,0.4083333333333333,0.4083333333333333,0.4083333333333333,0.012045693382900118,0.011199117432779621,0.011243151667966163,0.013748789743267298,0.22512218025368366,0.22512218025368355,0.22512218025368355,0.22512218025368355
1,0.9699999999999988,0.975,0.975,0.975,0.4207407407407407,0.38888888888888895,0.425925925925926,0.425925925925926,0.5818237927747212,0.5499719409228704,0.5870089779599075,0.5870089779599075,0.5829349038858322,0.5499719409228704,0.5870089779599075,0.5870089779599075,0.33918542415446656,0.3228384669477607,0.34457954020553505,0.3445795402055351,0.37580429137526244,0.3521834751625949,0.381258808605465,0.38125880860546507,0.029668791310285773,0.021545936910999087,0.02946499058108657,0.040144553110353066,0.22512218025368366,0.22512218025368355,0.22512218025368355,0.22512218025368355
2,0.9680000000000004,0.7799999999999999,0.98,0.98,0.43149999999999983,0.4,0.45,0.45000000000000007,0.5724747468305825,0.5449747468305833,0.5949747468305833,0.5949747468305834,0.5769747468305825,0.5449747468305833,0.5949747468305833,0.5949747468305834,0.3303234721194783,0.29699747468305837,0.3242462120245876,0.3539949493661168,0.3749801885106973,0.3413574561008612,0.3796627097795151,0.3971674514402528,0.04353948867134882,0.02243091806391441,0.04286384129484008,0.06476055360748502,0.3119384432880467,0.3119384432880472,0.3119384432880472,0.3119384432880472
3,0.9700000000000005,0.8166666666666667,0.9833333333333334,0.9833333333333334,0.45272727272727226,0.37878787878787884,0.43939393939393945,0.5,0.5899770425732572,0.5105831031793182,0.5711891637853788,0.6317952243914393,0.5905831031793177,0.5105831031793182,0.5711891637853788,0.6317952243914393,0.3483966801373147,0.29163953574793855,0.360874585903742,0.3991652055638293,0.3945671966978469,0.34924917480081086,0.3961057484072295,0.4454763411518987,0.05709537982024331,0.029491091132178456,0.057693252555071885,0.08387823572086268,0.32745044400535767,0.3274504440053579,0.3274504440053579,0.3274504440053579
4,0.9699999999999992,0.842857142857143,0.9857142857142858,0.9857142857142858,0.4805555555555558,0.36111111111111116,0.5,0.5694444444444444,0.6090067334699313,0.5513678445810417,0.6208122890254861,0.6902567334699306,0.6117845112477089,0.5513678445810417,0.6208122890254861,0.6902567334699306,0.3727154353935762,0.30400650003794377,0.38058536734086623,0.4285198627207224,0.4207847776989277,0.35807829206847497,0.4206009169135204,0.48798160570934074,0.06657789288421298,0.036852524522742194,0.06886563528941035,0.09979919125659818,0.3355923321934642,0.3355923321934648,0.3355923321934648,0.3355923321934648
5,0.9724999999999983,0.8625,0.9875,0.9875,0.5138461538461541,0.42307692307692313,0.5000000000000001,0.5769230769230769,0.6361344206389101,0.5345959591004488,0.6115190360235256,0.6884421129466025,0.6438267283312178,0.5345959591004488,0.6115190360235256,0.6922882667927561,0.40923844932770004,0.3269156055711786,0.4209954572671055,0.4739525428783827,0.45648863204275036,0.3926491225209613,0.4573843347752966,0.5226979640694118,0.07582813787022101,0.048053764018290104,0.07491606703271822,0.1084782161603081,0.3381436635665123,0.3355923321934648,0.33934429009500533,0.33934429009500533
6,0.971111111111112,0.8777777777777778,0.9888888888888889,0.9888888888888889,0.5500000000000004,0.4166666666666668,0.5833333333333333,0.6666666666666665,0.6635533905932739,0.5202200572599406,0.686886723926607,0.7702200572599405,0.6752200572599402,0.5202200572599406,0.6868867239266072,0.7702200572599405,0.4481890028358629,0.35733225085219256,0.46486892706218264,0.5862944921610614,0.4946033703464682,0.39304741489621475,0.49170075480000813,0.5849973788645373,0.07788666433155093,0.039832899783707784,0.07844249115116383,0.1137177837892586,0.34022164576585695,0.33934429009500533,0.340352744889087,0.340352744889087
7,0.9739999999999992,0.89,0.99,0.99,0.5503333333333338,0.4111111111111112,0.5555555555555556,0.6333333333333333,0.6567609423314997,0.5744276089981667,0.6633164978870556,0.7299831645537223,0.6705387201092773,0.5744276089981667,0.6633164978870556,0.7966498312203889,0.4402458021825542,0.33634960696821925,0.43630368471422015,0.5328754205318667,0.49035416038743984,0.39725299005455794,0.4938979678708426,0.5501288574002705,0.08516700359698795,0.045062309057786756,0.08294683408906343,0.12673445372020756,0.33984543316151494,0.3395955632061438,0.3395955632061438,0.340352744889087
8,0.9736363636363631,0.9,0.990909090909091,0.990909090909091,0.5547916666666665,0.4583333333333334,0.5520833333333334,0.65625,0.6570675501024481,0.548942550102448,0.6426925501024479,0.7676925501024479,0.670296716769115,0.5697758834357813,0.6635258834357813,0.7676925501024479,0.44069096371669664,0.35222947222872625,0.44652728427502336,0.5196234970114961,0.4925470209500029,0.4096796184768975,0.4958321749403957,0.5562967628668626,0.09318654632962384,0.05613027049238732,0.09325272559213921,0.13817422262794862,0.3377406391652945,0.3376832703805253,0.3376832703805253,0.3376832703805253
9,0.9699999999999985,0.9083333333333334,0.9916666666666667,0.9916666666666667,0.5622549019607845,0.47058823529411764,0.5686274509803921,0.6470588235294117,0.6660635765670097,0.5558674981356373,0.6637106353905392,0.7617498510768137,0.6729263216650488,0.5852792628415198,0.6931224000964216,0.7617498510768137,0.4480516203021017,0.3646401949633587,0.4532373909234073,0.5223521325938074,0.5001246016599562,0.42523285346622136,0.4932664953025445,0.5664308641168968,0.09928621667946429,0.05163751658559923,0.10437595872240113,0.14704025807029977,0.33543874763579345,0.33501121949393997,0.33501121949393997,0.3376832703805253
10,0.9653846153846142,0.9153846153846154,0.9923076923076923,0.9923076923076923,0.5770370370370371,0.49074074074074076,0.5925925925925926,0.6574074074074074,0.6757267112021758,0.5698933778688426,0.6731341186095834,0.7749859704614351,0.6852637482392123,0.6083193037947685,0.6916526371281018,0.7749859704614351,0.462889256215145,0.3658514151498732,0.47143892600181325,0.543196886229724,0.5151408320261954,0.44373488663399957,0.5185855478535961,0.574337350815477,0.09848163467583776,0.05783119218116463,0.09192841232999387,0.14831134822586983,0.33250799390337066,0.3318425795058772,0.3318425795058772,0.33501121949393997
11,0.9628571428571436,0.9178571428571429,0.9928571428571429,0.9928571428571429,0.5944736842105268,0.5175438596491229,0.5789473684210527,0.6666666666666667,0.6920919720160971,0.5938463579810087,0.6991095158757457,0.7627060071038156,0.6976182878055708,0.5938463579810087,0.6991095158757457,0.7605130246476755,0.4829171245550911,0.3786993897812123,0.48844632817663125,0.57645639183758,0.5342092194599211,0.46911148569327793,0.5368903935719029,0.5936695584309177,0.10540722810417184,0.06605004689019864,0.10522529587081908,0.16276723580065722,0.32898379430705704,0.3283562560926812,0.3283562560926812,0.3318425795058772
12,0.9626666666666671,0.9233333333333333,0.9933333333333333,0.9933333333333333,0.6126666666666665,0.5083333333333334,0.6166666666666667,0.6770833333333334,0.7063207067486252,0.630820706748625,0.6891540400819585,0.7974873734152916,0.7139040400819584,0.6308207067486249,0.6974873734152918,0.7974873734152916,0.5042668589191653,0.3979347640628348,0.509717276632733,0.5961117420860562,0.5544593251372811,0.49138695682687017,0.5578236514022515,0.6269559805362668,0.10716822134179965,0.06371292965696755,0.10342011129405324,0.1548080546038471,0.3250438687028732,0.3246758256595611,0.3246758256595611,0.3283562560926812
13,0.9631250000000012,0.8687499999999999,0.99375,0.99375,0.6350000000000001,0.5555555555555556,0.6388888888888888,0.7222222222222223,0.7229244826177376,0.6245911492844047,0.7357022603955158,0.7940355937288491,0.7301467048399595,0.6245911492844047,0.7357022603955158,0.7912578159510715,0.5281094473499934,0.4172144391124486,0.538171396197985,0.6231568325382275,0.5779644090192997,0.5102757354062528,0.5747124995095598,0.6405509543562129,0.10720593650917772,0.06820168194352055,0.09957701737953055,0.16244281619338574,0.3213043450582984,0.32088764520870466,0.32088764520870466,0.3246758256595611
14,0.9617647058823536,0.8764705882352941,0.9941176470588234,0.9941176470588234,0.6410606060606058,0.5450757575757575,0.643939393939394,0.7064393939393939,0.722564278862386,0.6545339758320833,0.7174127637108713,0.8158976121957198,0.730746097044204,0.6113521576502652,0.7174127637108713,0.8158976121957198,0.5280301496909177,0.43315689584085326,0.5303085953006136,0.6224216159702374,0.5808600501796304,0.5222841661983041,0.5790237022446677,0.6398410608541267,0.10788058982950341,0.06167820593476744,0.10641917612848002,0.16788758875240814,0.31751274302005955,0.31705252908524384,0.31705252908524384,0.32088764520870466
15,0.9594444444444439,0.8833333333333333,0.9388888888888889,0.9944444444444444,0.6442753623188406,0.5713768115942028,0.6376811594202899,0.7253623188405798,0.7264382957234424,0.6354962667379349,0.7260759768828624,0.8032498899263405,0.7320904696364857,0.6492643826799639,0.7369455421002536,0.8021629334046014,0.5315984575099452,0.4309638442468968,0.5366983473958415,0.630093865237009,0.5843574536018934,0.5185064409123886,0.5833570475548944,0.6519080790908166,0.10946946836715472,0.06360228281551572,0.10778953283907777,0.16777311784226187,0.31321346817903883,0.313213468179038,0.313213468179038,0.313213468179038
16,0.9578947368421064,0.8894736842105264,0.9421052631578948,0.9947368421052631,0.6511111111111113,0.5555555555555556,0.6527777777777778,0.7430555555555555,0.7255450334016321,0.6357533667349653,0.7340172556238541,0.8104061445127431,0.7313089222905212,0.6367950334016319,0.7340172556238541,0.8312394778460763,0.5307559380088295,0.42218393401132714,0.5364182914301177,0.6132548828681561,0.5869920903897667,0.5321908721471206,0.5848627986096779,0.6613356246905078,0.11105799419761618,0.06511798576585034,0.10846704779508337,0.1673793632635028,0.3094008426184258,0.30940084261842515,0.30940084261842515,0.30940084261842515
17,0.9589999999999992,0.895,0.945,0.995,0.6629999999999997,0.5666666666666667,0.66,0.7343333333333332,0.7308565653988996,0.6436565653988999,0.7446565653988999,0.8113232320655666,0.7363898987322328,0.6499898987322333,0.7446565653988999,0.8179898987322333,0.5380155344041061,0.4371861950474251,0.5411469020794824,0.6161756966671975,0.5967029034043322,0.5440818579791314,0.5937070218625435,0.663600008164986,0.11132564294656304,0.05978314014160591,0.10965085414474238,0.16531168512401484,0.3058242486721739,0.30563600688552944,0.30563600688552944,0.3058242486721742
18,0.9609523809523799,0.9,0.9476190476190476,0.9952380952380951,0.6733333333333339,0.5897435897435899,0.6794871794871795,0.7692307692307694,0.737490287242532,0.6439005436527885,0.7480672103194551,0.8121697744220193,0.7420415692938139,0.6455031077553526,0.7480672103194551,0.8249902872425321,0.5469989842724283,0.4505671169380382,0.548575747341043,0.6335886599711874,0.60650315183654,0.5482231131936567,0.6105701701509431,0.6602912766678483,0.1127258794454831,0.06856161855142995,0.1066145559166641,0.16327058864253247,0.3027112594778163,0.3019337949770321,0.3019337949770321,0.30563600688552944
19,0.9609090909090918,0.9045454545454545,0.95,0.9954545454545454,0.6854938271604937,0.6277777777777777,0.6790123456790123,0.7608024691358023,0.7436943506779943,0.6459783012952778,0.7635708938878703,0.8129536099372531,0.7519659556162657,0.6462869432705864,0.7697437333940431,0.8499906469742899,0.5588886172732365,0.44162336649650435,0.5608909162097866,0.6508952115373673,0.6187659433528733,0.5600593533634307,0.6170574711738936,0.6738722128450021,0.11101986543428537,0.06542977442558567,0.11143585316509014,0.15737902018584068,0.29950203018208443,0.29830429528307983,0.29830429528307983,0.3019337949770321
20,0.9617391304347835,0.908695652173913,0.9521739130434782,0.9956521739130434,0.6958333333333332,0.6229166666666665,0.7083333333333329,0.7916666666666662,0.7542766952966367,0.6746933619633035,0.7601100286299701,0.8434433619633034,0.7584433619633034,0.6746933619633035,0.7601100286299701,0.8434433619633034,0.5720317081869069,0.458026695296637,0.576031144512743,0.6762532314248224,0.6307121922092174,0.5681819086522256,0.6348327975857523,0.6968163324294776,0.11227585978598525,0.06734186494955965,0.11089436442665518,0.1653021808684468,0.29581917491012333,0.29475412332171363,0.29475412332171363,0.29830429528307983
21,0.9616666666666661,0.9124999999999999,0.9541666666666666,0.9958333333333333,0.6977586206896552,0.6149425287356323,0.6954022988505748,0.7775862068965519,0.7549338207461783,0.6649338207461781,0.7511407172979023,0.8258533609760632,0.7585545104013504,0.6591866943093966,0.7511407172979023,0.8548763494818103,0.5725712107598708,0.46869612421455853,0.5796963889161717,0.6725742359301993,0.6320641501723433,0.569819206085624,0.6304396594722503,0.7054093813976422,0.11208570373680461,0.06531734053981114,0.10766714530452906,0.16254080682152375,0.2930554014740374,0.2912873440407415,0.29475412332171363,0.29475412332171363
22,0.9619999999999999,0.9159999999999999,0.956,0.996,0.7024999999999996,0.6166666666666665,0.6944444444444442,0.7999999999999995,0.7521582489435279,0.6649915822768612,0.7594360267213055,0.8372138044990831,0.7587693600546388,0.6538804711657501,0.7705471378324165,0.8372138044990831,0.5707384850625502,0.4604913484512185,0.5723388044597175,0.6557284953272589,0.6333317909036735,0.5682140291683028,0.6318864063449987,0.6969803985763657,0.11170282948046646,0.06543082192262042,0.10987462690283822,0.16122744243122472,0.2894276852881012,0.2879061463086676,0.2879061463086676,0.2912873440407415
23,0.9626923076923076,0.9192307692307692,0.9576923076923076,0.9961538461538462,0.7073118279569893,0.6344086021505375,0.7096774193548386,0.8010752688172041,0.7547768000528765,0.6650456172571775,0.756443466719543,0.831712283923844,0.7614434667195431,0.6647768000528764,0.7725724989776075,0.8317122839238441,0.5749712882519792,0.472719433100286,0.5760813780494312,0.6604443232971993,0.6378980844968756,0.563592600293456,0.6368254754315668,0.7058598976677929,0.11182587399070971,0.06441821664220816,0.10897885727476536,0.16480282423805095,0.285962210633566,0.28461134007968186,0.28461134007968186,0.2879061463086676
24,0.9618518518518505,0.9222222222222222,0.9592592592592593,0.9962962962962962,0.7131249999999997,0.6447916666666663,0.7161458333333328,0.7919270833333326,0.760148358384557,0.6703046083845574,0.779679608384557,0.8369712750512237,0.7680129417178901,0.690877525051224,0.779679608384557,0.8369712750512237,0.5841507278198101,0.48421355254489545,0.5858193340470708,0.6662773997921703,0.6456519716906964,0.5774211277507436,0.6464358584037726,0.7163669368738874,0.11023621982404,0.06175045936116551,0.10889311893578796,0.16860942424276515,0.2822690513030001,0.2814027253171044,0.2814027253171044,0.28461134007968186
25,0.9621428571428571,0.9249999999999999,0.9607142857142856,0.9964285714285713,0.7194444444444453,0.6414141414141418,0.7222222222222229,0.8080808080808091,0.7647903273223997,0.6853458828779545,0.7661539636860355,0.8520125495446216,0.7741842667163391,0.6949418424739141,0.7914064889385608,0.8368610343931064,0.5925133224555842,0.48788933273728163,0.6036609202542835,0.6823396574083206,0.653162474474004,0.5851699472951898,0.6499029656887854,0.7183667837565622,0.11098335221517369,0.06613886237760072,0.108098775549624,0.1620568686794065,0.27952871049863576,0.2782793672863235,0.2782793672863235,0.2814027253171044
26,0.9606896551724137,0.9275862068965516,0.9620689655172413,0.996551724137931,0.7252450980392168,0.6372549019607848,0.7352941176470598,0.8088235294117658,0.7681298274991916,0.6845513961266421,0.7779337490678189,0.8468062980874269,0.7816592392638975,0.7127376706364461,0.7828357098521327,0.8514631608325252,0.600827397149492,0.49227631506132385,0.6116543168626758,0.6896812703468337,0.6604324576596389,0.5889140418974962,0.6624855068171809,0.731308726446721,0.11082835190521548,0.06877903663354822,0.10945059156554823,0.16493277673122025,0.2764556286552604,0.27523980290121813,0.27523980290121813,0.2782793672863235
27,0.960333333333335,0.9283333333333332,0.9633333333333333,0.9966666666666666,0.7343333333333335,0.6333333333333335,0.7333333333333336,0.8333333333333337,0.7764213562373093,0.7064213562373094,0.774754689570643,0.8414213562373097,0.7894213562373094,0.7080880229039762,0.8080880229039763,0.8414213562373097,0.6134658222746906,0.5013330926245063,0.6249588742196137,0.7079898987322337,0.671565170158285,0.6031221318907544,0.6757174767187168,0.7371605631887612,0.10857168072036061,0.06487084329949855,0.10525770172108478,0.15642579582433042,0.27373142333634465,0.2722821959112696,0.2722821959112696,0.27523980290121813
28,0.9603225806451623,0.9306451612903225,0.964516129032258,0.996774193548387,0.7356481481481488,0.6560185185185188,0.7245370370370373,0.8194444444444449,0.7789281704159029,0.6976781704159027,0.7902707630084955,0.8553170593047918,0.7874003926381252,0.6976781704159027,0.7949003926381252,0.8550855778233104,0.6136620877916514,0.5287924169518491,0.62347763881116,0.7076104746748618,0.6723918382138347,0.6029568601995499,0.6774671069493492,0.7336025853051453,0.10909730134142383,0.06362438257367754,0.10918421399355804,0.16051365316845023,0.27064188294679975,0.26940445386833933,0.26940445386833933,0.2722821959112696
29,0.9603125000000017,0.9031249999999998,0.965625,0.9968750000000001,0.7390090090090089,0.6572072072072069,0.743243243243243,0.8292792792792789,0.7781463279722297,0.7096778595037612,0.7824256072515089,0.8544976793235809,0.787380562206464,0.6878310126569145,0.8004436252695268,0.846614796440698,0.612985114803059,0.5226849082902518,0.6121492497612304,0.7000395079366426,0.6737404005194407,0.600527528515712,0.6738695388251698,0.7361978671344593,0.10842944877047296,0.06263756877548438,0.10563289599953272,0.1542795431218169,0.26713634249216556,0.26660431636688986,0.26660431636688986,0.26940445386833933
30,0.9596969696969708,0.906060606060606,0.9666666666666667,0.996969696969697,0.7415350877192985,0.6528508771929825,0.7456140350877192,0.8245614035087719,0.7796424772361179,0.7092038807448904,0.7771863368852412,0.8502126526747149,0.7895986175869951,0.7043793193413815,0.8013091439027851,0.8495547579378728,0.6158094968145327,0.5270958938141472,0.6161289427158485,0.7033519066985456,0.6765319487543825,0.6007304707626823,0.679031997577338,0.7441290313676108,0.10771134477336623,0.06012474849049215,0.10319088469262497,0.1513345139847046,0.2643426536927329,0.26387942157874855,0.26387942157874855,0.26660431636688986
31,0.9582352941176474,0.9088235294117646,0.9676470588235294,0.9970588235294118,0.7452136752136752,0.6617521367521364,0.7393162393162389,0.8418803418803412,0.7817883966232254,0.716446516281346,0.7764892513240811,0.8540533538881835,0.7926003624351915,0.6995661744010042,0.8064037812386108,0.8619593367941664,0.6198158885069599,0.5222784217609752,0.6248672068058052,0.6996229039664451,0.6804630446386145,0.6093724818506178,0.684676450398277,0.7438646989933063,0.1070313565666426,0.049873232497745966,0.10789251211561861,0.15508156429578285,0.26196993458699047,0.2612273563124183,0.2612273563124183,0.26387942157874855
32,0.9579999999999993,0.9114285714285713,0.9685714285714285,0.9971428571428571,0.7505833333333329,0.6541666666666663,0.7583333333333326,0.8302083333333325,0.7842436867076458,0.7195770200409791,0.7779103533743124,0.8654103533743122,0.7964520200409793,0.7191603533743125,0.7987436867076456,0.8654103533743122,0.6248028504271335,0.5261285996062646,0.6237415822768608,0.7095829385311293,0.6857272419819489,0.612933465144508,0.6902592658777311,0.7578378305170163,0.10596837500607224,0.05698567117612542,0.10671167466488309,0.16058920736550397,0.2589554930537724,0.2586456935185023,0.2586456935185023,0.2612273563124183
33,0.9572222222222223,0.9125,0.9694444444444444,0.9972222222222222,0.7572357723577248,0.670731707317074,0.7560975609756111,0.8414634146341482,0.787351564267622,0.7101564423164024,0.7914572553245329,0.8688962797147772,0.8023109138611182,0.7101564423164024,0.7955222959749395,0.8768231089830699,0.6318560293481051,0.5326723959879737,0.6296218929217964,0.7189182623094884,0.692708466603074,0.6191832731702875,0.6927728821008846,0.7572536362714276,0.10585307604309467,0.056997165478966494,0.10130835687508911,0.1676512188528689,0.25648393446407336,0.25613202019939924,0.25613202019939924,0.2586456935185023
34,0.9575675675675681,0.914864864864865,0.9702702702702702,0.9972972972972972,0.7624999999999997,0.6666666666666663,0.7499999999999996,0.8347222222222214,0.7914622413088687,0.7275733524199801,0.7845177968644245,0.8678511301977575,0.8047955746422022,0.728962241308869,0.8122955746422021,0.8678511301977575,0.637040540783258,0.5313859492540498,0.637260334621022,0.7290586083466986,0.6980109252253704,0.626197773523791,0.7022007339642777,0.7659983508042908,0.10567703875705525,0.05757723004350906,0.10353197469669048,0.167381252688535,0.25395324481245823,0.2536839579668809,0.2536839579668809,0.25613202019939924
35,0.9564864864864872,0.8891891891891893,0.9702702702702702,0.9972972972972972,0.7618604651162789,0.6589147286821702,0.7635658914728678,0.8488372093023245,0.7936375380226162,0.7234437395730038,0.7992189333714532,0.8602654449993602,0.803560018642771,0.719761569030368,0.8011569178675775,0.8786762977125382,0.6376232140906886,0.5486144296709143,0.6418448954792617,0.7256944100797297,0.6980705903736261,0.630531810959187,0.6975910706996201,0.7623832083147832,0.10534111817267738,0.0571847926699494,0.10115662849898317,0.16684822243914185,0.2515853515587144,0.2512991779576002,0.2512991779576002,0.2536839579668809
36,0.9554054054054059,0.8891891891891893,0.9702702702702702,0.9972972972972972,0.7650450771825131,0.6702825701560947,0.765220305270895,0.8447863968521632,0.7952779102979971,0.7294003645722227,0.7906431760047472,0.8702092675860152,0.8055431306032689,0.728827711396281,0.8168625300065633,0.8702092675860154,0.6406540907690919,0.5428815119736307,0.647785137483956,0.7122584359037835,0.7012773471016169,0.6318300128150264,0.7068977285422134,0.7614286482445863,0.10376596881675793,0.055003811295307195,0.09811464927309488,0.16309792097027637,0.2490451244119218,0.2489754114156633,0.2489754114156633,0.2489754114156633
37,0.9551351351351357,0.8891891891891893,0.9702702702702702,0.9972972972972972,0.766408060127886,0.669689976168701,0.773478729147613,0.8513369058739294,0.7974234352692126,0.7281958240931906,0.7953627882820031,0.8697242564779414,0.8070814378631949,0.7288203885966363,0.8081902200739702,0.8692408511601881,0.64361266315315,0.5472661968456766,0.6516190706167335,0.7152596301500771,0.7035275492167582,0.6386656221472988,0.7055412848346885,0.7647566854786135,0.10408558184747287,0.06016284826242837,0.09802537073135541,0.1566127852995467,0.2468916533057748,0.2467104569483934,0.2467104569483934,0.2489754114156633
38,0.9548648648648652,0.914864864864865,0.9567567567567568,0.9972972972972972,0.768583451547075,0.6734452018426639,0.7650532496156801,0.8450485454876635,0.8000179314819446,0.7302388503313436,0.8022756401028079,0.8754314668980208,0.8107917714205398,0.734105848357368,0.8103735446346402,0.8763838943689575,0.6486052637142455,0.5539446849584695,0.6526268729892377,0.7189215887204691,0.7072600421254139,0.6451911479372232,0.7074898226530743,0.7712850382085434,0.10377472352131488,0.05670535508900095,0.09633983598247531,0.162718012150571,0.2448775914231134,0.24450218523118905,0.24450218523118905,0.2467104569483934
39,0.9551351351351357,0.914864864864865,0.9567567567567568,0.9972972972972972,0.7719470611773089,0.6803746890173128,0.773863700628193,0.848186849097547,0.800818641023787,0.7358597102698976,0.8036221937312148,0.8721902656105149,0.8150514830380964,0.7363500801091063,0.8158774112850473,0.8790203966737506,0.6526557832308696,0.5599048008920918,0.6583564858382986,0.7273943474847082,0.7110240090499296,0.646264693518083,0.7145725123194343,0.772796456556669,0.10222668492476156,0.053214200117803645,0.09232142818256486,0.16575296832981173,0.24252083323914259,0.2423485417615736,0.2423485417615736,0.24450218523118905
40,0.954324324324325,0.8891891891891893,0.9567567567567568,0.9972972972972972,0.7744627339701036,0.6728878399960397,0.7716672531056024,0.842758575752709,0.8044038006460067,0.7291348560539532,0.8015261888715899,0.8705471802047529,0.8191339936476304,0.7467393684114965,0.821460182972116,0.8915908723569527,0.6590111896219413,0.5620630300917664,0.6707931804398354,0.7357985318279113,0.7155807462552659,0.6463165829443301,0.7204872586271988,0.7830702120996847,0.10177958001230464,0.05370187719022813,0.09443449438190869,0.16146968126208058,0.24094087602686556,0.24024754812768132,0.24024754812768132,0.2423485417615736
41,0.9545945945945953,0.8891891891891893,0.9702702702702702,0.9972972972972972,0.7794825108989228,0.6865192774299438,0.7856099659134088,0.8528555228758027,0.8067205054032972,0.7215336616209821,0.8143515773297608,0.8835057107445149,0.8227202372171198,0.7441217964900897,0.8353145620584818,0.8866431480639141,0.6638064431288795,0.5716407977662327,0.6640912877277864,0.741077204193605,0.720560953798781,0.6543083260356547,0.7251081504704295,0.7871426711143028,0.09931316261110754,0.0506401771822624,0.09139143139273888,0.16357968103732665,0.23825880953180248,0.23819730215254814,0.23819730215254814,0.23819730215254814
42,0.9529729729729733,0.8891891891891893,0.9567567567567568,0.9972972972972972,0.7815186779584369,0.6818852995077627,0.7789411832730005,0.8486283927352553,0.8095123966032014,0.7339729714686579,0.8081727292607201,0.8734391677523754,0.824692869456237,0.759401683641559,0.8275806081544143,0.8935888131109532,0.6676568332556273,0.5800024265521982,0.6702153303086213,0.7443717848487879,0.7236050813162312,0.6638668591549707,0.7284954862501005,0.7772598279251499,0.09816900043551749,0.0519639283854442,0.09088118283766372,0.162944234335121,0.2362960434431229,0.2361959771952582,0.2361959771952582,0.2362960434431227
43,0.9524324324324328,0.8891891891891893,0.9702702702702702,0.9972972972972972,0.7809704598263477,0.6945575022310199,0.7832422947848402,0.8587041288724654,0.8095298007117028,0.7325234670697213,0.8106503409014318,0.8736075318155567,0.824440532994602,0.7540934900171844,0.8340223724039896,0.8875864968514544,0.6673978824356959,0.5814918670626802,0.6679070407323562,0.7483326603828363,0.7232041208512118,0.6673499768361103,0.7262813050724601,0.7847909436913799,0.0983205500284849,0.04877120542375257,0.08980320306749648,0.1545256464824016,0.23473035991957297,0.234241820827678,0.234241820827678,0.2361959771952582
44,0.9521621621621625,0.8891891891891893,0.9702702702702702,0.9972972972972972,0.7831255890032928,0.7013827040986031,0.7867783344169632,0.8589562545194626,0.808553325089521,0.7398390666109537,0.8126328672233225,0.8736902460237312,0.8249854663854095,0.7544557640566161,0.8314330755715331,0.8867812267658672,0.6671468323338898,0.5831217567770328,0.6725939349555881,0.7466533628625697,0.7241130544779452,0.6702231294730269,0.7265678416550303,0.7834360750550475,0.09833028439666991,0.04972524508172204,0.09198160637494215,0.15876426460823706,0.23248584647866705,0.23233315305701416,0.23233315305701416,0.234241820827678
45,0.9540540540540544,0.8891891891891893,0.9702702702702702,0.9972972972972972,0.7843279547926453,0.6964710727545135,0.7917862983869675,0.8558153098205782,0.809693200110367,0.7420462171465408,0.8148987861251977,0.8799067404888615,0.8279637600004917,0.757144747478916,0.8339867370438423,0.886669332979458,0.6704739924264561,0.5913425091814865,0.6724051664515774,0.7361777421937857,0.7264462435637037,0.6610061084755786,0.7273578339386879,0.7847040772082603,0.09805951118349167,0.050334340445747756,0.08938828327733657,0.15470220390348494,0.23078537832775303,0.2304683642265795,0.2304683642265795,0.23233315305701416
46,0.9545945945945953,0.914864864864865,0.9702702702702702,0.9972972972972972,0.7855733193282701,0.6945249343012251,0.7952151921245849,0.859038414775903,0.8103763759452707,0.7406596767005272,0.8109385893648122,0.8760409158815694,0.8294318890572172,0.7597363757889084,0.8349640754921333,0.8892320569600364,0.6723508832597979,0.5887430267204004,0.6732566252784639,0.7458559827175962,0.7280003066893274,0.6639603384626823,0.728490700608478,0.7877868073986866,0.09785245855842152,0.054823217121310865,0.08930823462616445,0.15649943491014445,0.22904685203393796,0.2286459126975524,0.2286459126975524,0.2304683642265795
47,0.9554054054054061,0.914864864864865,0.9702702702702702,0.9972972972972972,0.7872297671270623,0.6968489636577337,0.7911355910874074,0.856062954856963,0.8148193088512365,0.739037411533769,0.8193097009576462,0.8894262255891306,0.8300710695794133,0.759870906748736,0.8385600977116209,0.8854956437906856,0.6764732306784816,0.5917829123781434,0.6751277076785597,0.7517712552963282,0.7310105715984726,0.6641004288110611,0.7296031514506328,0.788659801742008,0.09875673562239698,0.05221260919016989,0.09410832816200507,0.15331101405461833,0.2268999541974322,0.22686432239130702,0.22686432239130702,0.22686432239130702
48,0.9545945945945953,0.8891891891891893,0.9702702702702702,0.9972972972972972,0.7890940159355988,0.7061337561225202,0.7931826609489737,0.8652225486503664,0.8168004169497664,0.7443714098892675,0.8169610714845434,0.8939950895820408,0.8312606632326971,0.7563034521378421,0.8331145603925549,0.8953161986600203,0.6790409242793929,0.600009699346299,0.6765303647797314,0.7607455004158337,0.7332796782466922,0.6740426769902748,0.7341902640023232,0.7931990315443704,0.09820586144134502,0.05457081118344572,0.09375997609226971,0.1475507693474246,0.22520928736056486,0.22512218025368355,0.22512218025368355,0.22520928736056472
49,0.9540540540540547,0.8891891891891893,0.9702702702702702,0.9972972972972972,0.7908921900650765,0.7079789871172334,0.7931029505909704,0.8597508290649603,0.8181263425582653,0.7429885180087961,0.8189363613192447,0.8905316747771409,0.8327673764843404,0.7653852391283171,0.8332901554276847,0.893384694636037,0.6813626750165203,0.6017119705448648,0.6832529453954983,0.758088087805803,0.735396320806468,0.6692807607571616,0.7345132458827295,0.7960501286630324,0.09670445397581107,0.04964536952758591,0.09261927672583811,0.14903332401294167,0.22343517415390654,0.22341813368825253,0.22341813368825253,0.22341813368825253
50,0.9554054054054061,0.8891891891891893,0.9702702702702702,0.9972972972972972,0.7927520681251853,0.7132807720286661,0.7929459346966468,0.8619434238373442,0.8175759300125657,0.7382146046442276,0.8165983104219292,0.88940031714399,0.8328323173201301,0.7647172496734723,0.8337710023501395,0.8860614082641837,0.6809390197275408,0.6096977146600491,0.6831853634513294,0.753705121364415,0.7361120257642295,0.6682444125287633,0.7367356083792489,0.8011434663084668,0.09701232384892196,0.05505323262343656,0.0934767335661521,0.1454608881118238,0.22186759519294427,0.22175088799437292,0.22175088799437292,0.22341813368825253
51,0.9554054054054059,0.914864864864865,0.9702702702702702,0.9972972972972972,0.7937492511753406,0.7233931397571004,0.7933429752154177,0.8642229056366001,0.8174421322391312,0.7302271649909394,0.8188921524182379,0.8814635519384515,0.834136218913087,0.7745128027502872,0.8327796644894747,0.8964605935049389,0.6819471446378067,0.6035573803093124,0.6848728912172803,0.7564687433663958,0.7371126184520862,0.6776041594769665,0.739628063155723,0.7930082640104753,0.0969350312447403,0.05146813070178443,0.09220229335854646,0.15057095385019056,0.22018447120328566,0.22011920383699057,0.22011920383699057,0.22011920383699057
52,0.9543243243243249,0.8891891891891893,0.9702702702702702,0.9972972972972972,0.7946222952841591,0.715598693666548,0.7979911733785631,0.8601286944755301,0.8199983587961145,0.7318885712780199,0.8242625744057497,0.8883591514393915,0.8361272756180881,0.7674066639992465,0.8331031373207636,0.9018492655438376,0.6857081156963075,0.6045422357938424,0.6880944727912248,0.7602398505368966,0.7395964057520311,0.6704019347433038,0.7407965834320442,0.797903912611508,0.09604918356205752,0.04744189452134193,0.09459495851876515,0.15282750984866614,0.21856981404022874,0.2185218947681644,0.2185218947681644,0.2185218947681644
53,0.9529729729729737,0.8891891891891893,0.9702702702702702,0.9972972972972972,0.79684464341086,0.7280953807642778,0.8015656892203709,0.8652770989963425,0.8233752055485372,0.7376542587981535,0.8264045367039965,0.886395630092426,0.8363212198714381,0.7602277632691847,0.8353215220029286,0.8980133184941784,0.6887202834004946,0.6082177584476939,0.6935696084178111,0.7643718563919351,0.742344801052608,0.6756318528262486,0.7450801200304313,0.8015481965339748,0.09486290219475978,0.04745815386811958,0.0926524433225411,0.14763463759429923,0.21736448300270417,0.2169578248148394,0.2169578248148394,0.2185218947681644
54,0.953243243243244,0.8891891891891893,0.9702702702702702,0.9972972972972972,0.7990488920600796,0.7244293648436632,0.8060062269145803,0.8652620730927344,0.8251485515632305,0.7527958460857103,0.8263886478963263,0.8883041407701303,0.836500026929518,0.7654202916096102,0.8346695096269476,0.9015178537673546,0.6903440322945434,0.6087320488279074,0.6965490163500585,0.7633198957412799,0.7443415014038015,0.683640953305419,0.745492982367217,0.8008143824745297,0.09296143533965823,0.049308641485329686,0.08969555380388824,0.14906497716731124,0.21548718288997257,0.21542590614310256,0.21542590614310256,0.21542590614310256
55,0.9529729729729738,0.8891891891891893,0.9702702702702702,0.9972972972972972,0.8000180261593435,0.7300612013191965,0.8028949367860096,0.8689881195956387,0.8269157204141383,0.7617320098228647,0.8293108063137975,0.8854960953559826,0.8370203223662483,0.7749913864509396,0.8376449729095845,0.8980497368222555,0.6922859738795286,0.6051499403330939,0.6948606604810766,0.7649518714947422,0.745835217934151,0.689319490819409,0.7456859072048674,0.8029972305296176,0.09271655149894599,0.04744552297183326,0.08800418569738427,0.1414369698618859,0.21407517773953258,0.21392509680580307,0.21392509680580307,0.21542590614310256
56,0.9524324324324333,0.8891891891891893,0.9702702702702702,0.9972972972972972,0.8010910241277743,0.7234829302261617,0.8049025460030939,0.8661443805932679,0.8289765933348735,0.754936762855513,0.8305020021899638,0.8921382935154102,0.8353758751617916,0.7656095748807628,0.8361881171883223,0.8970081594736448,0.6926292626232481,0.6093966969994101,0.692874347036305,0.7639962185044439,0.7465745837460974,0.6851948149147885,0.7453454719338977,0.8037349960904677,0.0917933554124304,0.03868994900302043,0.0882400811962393,0.14458546568141376,0.21264558934745037,0.21245439857781112,0.21245439857781112,0.21392509680580307
57,0.9513513513513517,0.8891891891891893,0.9702702702702702,0.9972972972972972,0.8016269702136332,0.7210295209614643,0.8087333481665098,0.8717754745890058,0.829520049484908,0.7518511318323478,0.8316416753638963,0.892724003290211,0.8342885369947156,0.7649246753407788,0.8372883829330859,0.8923059001269507,0.6922038259273618,0.608652905982241,0.6929389480071246,0.7636195046748555,0.7466760860571058,0.6916985483788353,0.7465310607462676,0.8028534749572138,0.09183251623330219,0.045196023843326744,0.08923076923076922,0.14346093682148098,0.21107051662902884,0.2110128548811631,0.2110128548811631,0.2110128548811631
58,0.9510810810810816,0.8891891891891893,0.9702702702702702,0.9972972972972972,0.8024663747879295,0.7300885315061585,0.8079201225818873,0.8651837564346122,0.8319019997254311,0.7589911162271986,0.8346577923294083,0.8899979346486357,0.835596561162167,0.7730428632537605,0.8354462328198887,0.8957542372934786,0.6952770280146683,0.6130876771887382,0.6968558860963605,0.7699642157985169,0.7486640521507539,0.687735280605181,0.7470216971352057,0.8066421384237414,0.09106378852588852,0.0482485596926855,0.08958067759680974,0.1400427541250121,0.20989634307766555,0.20959954880078682,0.20959954880078682,0.2110128548811631
59,0.9508108108108114,0.8891891891891893,0.9702702702702702,0.9972972972972972,0.8034354608536539,0.7313847499841468,0.8114246905331468,0.8743886873362348,0.8333139655337318,0.7571862954937304,0.8344867850177646,0.8882055514343524,0.835190131445326,0.7750445469268377,0.8346367367622467,0.8967231548497818,0.6961239559875082,0.6208499521150481,0.6976893783909048,0.7682528319756832,0.7495268247405193,0.6960345895030122,0.7471638737196552,0.8060721418073679,0.08952581907450437,0.04467459450589473,0.08832951169937106,0.1424524609201948,0.20828289857083299,0.20821360119030938,0.20821360119030938,0.20828289857083324
60,0.9489189189189194,0.887837837837838,0.9702702702702702,0.9972972972972972,0.8027939190706737,0.7337718588737288,0.8125590252074351,0.8707697642624607,0.8343774369818645,0.7590993140224409,0.8351702260194036,0.8863879858018814,0.8358853046465171,0.7711560840778309,0.8335201274954,0.9024084878760049,0.6976009708263787,0.615412991004992,0.6991854987490268,0.7697220952402356,0.7500012457200234,0.6877553223707241,0.7497163797791063,0.808360065402019,0.08985997661827812,0.04863040849955835,0.086231858427431,0.14101551474079868,0.2069765177756942,0.20685416886655664,0.20685416886655664,0.20821360119030938
61,0.9500000000000004,0.887837837837838,0.9702702702702702,0.9972972972972972,0.8038891267336534,0.7322799029953062,0.8096030717929396,0.8677630982506034,0.837318492813113,0.7698426330674086,0.8383078982629677,0.8951046800388825,0.836261086496547,0.766770511879357,0.8336304703568853,0.9062902502630981,0.7003894875295231,0.6174023413323224,0.7067606781450924,0.7846446258900304,0.7519799346403316,0.6889469253491204,0.7496760324626013,0.8095831718902153,0.09000393789939286,0.04644022000056011,0.09040228054395573,0.13859853949717607,0.2060139215017613,0.20552044289069107,0.20552044289069107,0.20685416886655664
62,0.9505405405405408,0.887837837837838,0.9702702702702702,0.9972972972972972,0.8047559346537599,0.724861570324511,0.8131333352873222,0.8769328118376487,0.8393154725787416,0.7679960026497049,0.8406960067450042,0.8906904945794488,0.8367512779893096,0.7758364344401725,0.8318846145010398,0.9034805434906447,0.7025067823492924,0.621937207928864,0.7029853681543277,0.7852446916160953,0.7535139771841125,0.6922645740828682,0.7526222153172228,0.8109428746494864,0.0898540510581522,0.048069323994317965,0.08855655220408745,0.14397110732555865,0.2045257579631893,0.20421164693345223,0.20421164693345223,0.20552044289069107
63,0.9497297297297301,0.8621621621621623,0.9702702702702702,0.9972972972972972,0.807038744971329,0.723136590413574,0.8174558566017136,0.8769068049456678,0.8400629085618878,0.7551520494467562,0.8421071691571835,0.9007312000815907,0.8363179414745808,0.7717529245407271,0.841437626327979,0.8973573731967958,0.7027605321703644,0.6230952046323985,0.7076260732376192,0.7830368655733249,0.754933245266939,0.6889481151078343,0.758373046187423,0.8136328714051694,0.08802610972961157,0.04337231151952755,0.08554753343829266,0.139021644153829,0.20329957297305845,0.20292703572163026,0.20292703572163026,0.20421164693345223
64,0.9483783783783787,0.8621621621621623,0.9567567567567568,0.9972972972972972,0.8088566657834666,0.7213421060443674,0.8149598728496281,0.8708916983903625,0.838966283821548,0.7619962689956126,0.8401428892636249,0.8950641393958273,0.8376609418446415,0.7676577096396292,0.8398203212970425,0.8975178129583242,0.7030908005159391,0.6224352267878159,0.7055989958440312,0.7863257028451368,0.7559454119739741,0.6924180931888846,0.7582934277384452,0.8145113988252466,0.0872393296942237,0.045678312079794364,0.08402165700022501,0.14190619590846623,0.20169111640585913,0.2016658935626803,0.2016658935626803,0.2016658935626803
65,0.9470270270270272,0.8621621621621623,0.9432432432432433,0.9972972972972972,0.8084502659247441,0.7109122861462018,0.8191657930950478,0.8748836332035762,0.8409402934266258,0.7606956079128663,0.8462700114418154,0.8977025492104925,0.8398549522824582,0.7790364955126207,0.844740557030496,0.9077922360162983,0.7066062853945538,0.6262782623298596,0.7109435725993112,0.7812735503199476,0.7575824349836815,0.6921157912144061,0.7629834934123094,0.8169221448240457,0.08598563951880096,0.0459584797078677,0.08178041351566712,0.14040601750182546,0.2006009034308323,0.20042753294425253,0.20042753294425253,0.2016658935626803
66,0.9491891891891895,0.8621621621621623,0.9432432432432433,0.9972972972972972,0.8079382006251677,0.7013414215547437,0.8175268263096601,0.87590461788085,0.8398662171105593,0.7615045708031467,0.8427794950017572,0.8955775635628577,0.8399855621667242,0.7730519116582002,0.8434823112801935,0.9041778317797319,0.7059653347401962,0.6227056723085108,0.711515525964628,0.7881614229318968,0.7570793238908377,0.6916811835952467,0.7634341633188316,0.8179817555545407,0.0848991997062627,0.04332039839298832,0.08017586113392695,0.13794056307885288,0.19943021635834987,0.1992112932053468,0.1992112932053468,0.20042753294425253
67,0.94972972972973,0.887837837837838,0.9432432432432433,0.9972972972972972,0.8082361605577906,0.7100911175418028,0.8205533715242695,0.8704036039603114,0.8400912117686101,0.7646854877305106,0.8399986406895841,0.8990322040473187,0.8411611148033106,0.7789541249918897,0.8416570790303147,0.9105134592385954,0.7070940033581371,0.6290440627029995,0.709394698739429,0.7876746072563764,0.757817148077595,0.7028080892019162,0.7644533636870352,0.8184918291360179,0.08469220762339395,0.04219105901088904,0.08113950101247008,0.13456822833465765,0.1980762769722699,0.1980165392757921,0.1980165392757921,0.19807627697226984
68,0.9510810810810816,0.8891891891891893,0.9432432432432433,0.9972972972972972,0.8073892219582673,0.7184199657249557,0.8186365020876869,0.878111908158402,0.8396798202688077,0.7736946031574038,0.8417838959537186,0.9004556984650993,0.8422095825312406,0.7788940128398679,0.8432624486492755,0.9135766386805662,0.7075990314982776,0.6299899099875564,0.7086732564558436,0.78216110965618,0.7577794684918768,0.7059300255627553,0.7611862499115793,0.8056553697117516,0.08450509056854891,0.04310446833693251,0.08010903571407423,0.13998370913561467,0.1969835259361799,0.19684266048077814,0.19684266048077814,0.1980165392757921
69,0.9502702702702709,0.8891891891891893,0.9432432432432433,0.9972972972972972,0.8081950168798326,0.7068880623806759,0.8175251388163299,0.8813844514447217,0.8408737793541816,0.7737988042813837,0.8443070259031542,0.8982727550298114,0.8423357450635978,0.7759978593444635,0.8433282998057074,0.9117807781209635,0.7087588345421697,0.6252912806213824,0.7116510512489358,0.7902846214456429,0.7587450118231855,0.7066739136058106,0.7608275349065898,0.8135754334923575,0.08399899247131373,0.04318359716555949,0.07964702823093303,0.1430091950212198,0.19580442851458169,0.1956890694072268,0.1956890694072268,0.19684266048077814
70,0.9494594594594598,0.887837837837838,0.9432432432432433,0.9972972972972972,0.8101763416292268,0.7135060331546899,0.8160364781352573,0.879246048408846,0.8414153534764679,0.7689914604092422,0.842851176816322,0.9032372749640311,0.8416140913452588,0.7695421980381915,0.8413466466653026,0.9036621186592381,0.7086362685290406,0.6148235983655307,0.7124763333666935,0.7932292702299242,0.7595869699258248,0.7003850710169328,0.7627825272541024,0.8053334996718645,0.08531332414981911,0.04279266646226376,0.08087286061599377,0.14544465562364212,0.19793179083031467,0.19684266048077814,0.19684266048077814,0.19684266048077814
71,0.9491891891891894,0.887837837837838,0.9432432432432433,0.9972972972972972,0.8121358403002438,0.7239273914637699,0.8175778324872531,0.8817402027426411,0.8414871262716019,0.765170109466571,0.8467390066041012,0.8990905589490658,0.8428415310600289,0.7755468370247715,0.8485259299919314,0.9083860161956483,0.7097168690100034,0.6198137215209985,0.7158924497939811,0.798314230080508,0.7610861634417121,0.696746745311799,0.7644967679770879,0.8123149678735584,0.08469402963340932,0.043054635370162526,0.08111369698607795,0.14435483270119914,0.19903571671858958,0.1980165392757921,0.1980165392757921,0.1980165392757921
72,0.9483783783783786,0.887837837837838,0.9432432432432433,0.9972972972972972,0.8123817167385896,0.7332037404803518,0.8182591147127882,0.8794296093031754,0.8396830201433498,0.7732619884624318,0.843480674586123,0.9081060913250782,0.8422863223915623,0.777156166611335,0.8418246032036715,0.9107916681038993,0.707713949064804,0.6100417320927515,0.712661928186116,0.7953588279000899,0.7601915248478128,0.6959105663847334,0.7634506516969463,0.8109623168680404,0.08448751098623035,0.044057014591731516,0.08112764899860316,0.13868665815457268,0.20016127648020784,0.1992112932053468,0.1992112932053468,0.1992112932053468
73,0.9475675675675678,0.8891891891891893,0.9432432432432433,0.9972972972972972,0.8137422203494027,0.7280691605192035,0.8185849263093883,0.8779187364729489,0.8396132497163172,0.7673792969142789,0.8448057597618224,0.902929954613975,0.8398154355952525,0.7763054204160015,0.8405349511416376,0.9021023226677631,0.7054739813723978,0.6116072667500357,0.7065487940226205,0.7903281208085327,0.7597459868722103,0.7013303971563326,0.7608502288638834,0.8157653875564335,0.08431726939299265,0.04530801423050235,0.07956228327591182,0.14152130153811762,0.2013090259899912,0.20042753294425253,0.20042753294425253,0.20042753294425253
74,0.9459459459459464,0.8891891891891893,0.9432432432432433,0.9972972972972972,0.8143135478398602,0.7409199694686549,0.8169284602034321,0.8801841903905742,0.8396582538729882,0.7656954983383465,0.8419736895673005,0.908435888397306,0.8404659566800601,0.7816213645106516,0.845372659737205,0.9033671010910385,0.7059830318373252,0.6138603960467074,0.7067976965750526,0.787314134577325,0.7602761275508993,0.7012277145679002,0.7593571124143433,0.8097724291704008,0.08457823319755237,0.04665970850205248,0.0814351556818412,0.1408679579367795,0.202479546526658,0.2016658935626803,0.2016658935626803,0.2016658935626803
75,0.9456756756756761,0.8891891891891893,0.9432432432432433,0.9972972972972972,0.8150812324557875,0.7447267692068527,0.8199093274046334,0.8743483967589473,0.8404307218237327,0.7726570010994477,0.8484843054118758,0.902199524691073,0.8410663188829698,0.7790243239449033,0.8432998473449435,0.9020491698069852,0.7071185832654244,0.616886494738762,0.7098480161709735,0.7907440752549488,0.7610794603333312,0.6999651072646663,0.760255233616885,0.8141921520817569,0.08366434821975281,0.04437970935697145,0.07892511160712261,0.13432421536141076,0.20243752665398015,0.2016658935626803,0.2016658935626803,0.2016658935626803
76,0.9448648648648651,0.8891891891891893,0.9432432432432433,0.9972972972972972,0.8159062566713263,0.7399105735387539,0.8177886833075849,0.8795551370965611,0.8409485218964321,0.7721675459797991,0.8460153304188593,0.8998282053897939,0.8426539463304388,0.7778595466926006,0.8438405090827057,0.9019714023912578,0.7089227575826205,0.6157929840243067,0.7134077448105631,0.7851445204396433,0.7624189867813874,0.6924094896039433,0.7619111977999367,0.8133615534871947,0.08222886621319744,0.040403891462319756,0.07972925582223739,0.13065317667151935,0.2036324410502485,0.20292703572163026,0.20292703572163026,0.20292703572163026
77,0.9451351351351355,0.8891891891891893,0.9432432432432433,0.9972972972972972,0.8162778501776841,0.7366326251558455,0.8145013553255889,0.8790950897547788,0.8413737511822054,0.7743867812835126,0.8483539444803292,0.9026372335888404,0.8425984579483593,0.7743112134827873,0.8453142222670099,0.9071321628285396,0.7092251368897522,0.6113634029855688,0.7121422629728975,0.7870356228637034,0.7627449026621044,0.6997194067580432,0.7606996621971356,0.8181972904771802,0.08294768301869952,0.04343557741791642,0.08030628463666975,0.1315501602521817,0.20359241455110272,0.20292703572163026,0.20292703572163026,0.20292703572163026
78,0.9454054054054057,0.8891891891891893,0.9432432432432433,0.9972972972972972,0.815834465167757,0.7480017059751608,0.8150141301840451,0.8815616749697706,0.8423798760617138,0.7686753905933584,0.846227499005028,0.9048744922561427,0.8427605515579815,0.7801965625313013,0.8444497071756358,0.9039645074103726,0.7102895461885363,0.6116125847340881,0.7105065234170891,0.7811523841959807,0.7631171180063063,0.6986563957084169,0.7604695855758794,0.8228704913413049,0.08297367802171371,0.043638219979970846,0.08163578696177168,0.13327526210391386,0.20481225041133644,0.20421164693345223,0.20421164693345223,0.20421164693345223
79,0.9467567567567571,0.8891891891891893,0.9432432432432433,0.9972972972972972,0.8183568365721814,0.7568917627433388,0.8189285339725163,0.8781558764473448,0.8429075318321807,0.7720216748723839,0.8501230056586039,0.9045455627308887,0.842097294079266,0.7744769111578903,0.8385177999558118,0.9074778159372433,0.7101778734178247,0.6126518788660164,0.7094844249312623,0.7870631094778215,0.7643153701075974,0.6967362582351211,0.7629431002106009,0.8224018728646569,0.08126157539002418,0.044087602231428276,0.0779807135866442,0.1345301968413838,0.20477407705592315,0.20421164693345223,0.20421164693345223,0.20421164693345223
80,0.9456756756756762,0.8891891891891893,0.9432432432432433,0.9972972972972972,0.8169347583393443,0.7506159654218959,0.8169473017045328,0.8862701143057093,0.8429550058600118,0.7727921813648417,0.8480877207019031,0.9018874195984917,0.8433648618502367,0.7687835916330577,0.8459678878425114,0.9018882776403339,0.7112143262467113,0.6188329419511246,0.7112488385152262,0.7969734527315286,0.7642523140070518,0.6997177487459322,0.7671375873079107,0.8230208043818761,0.08108591710890138,0.04318912542718343,0.07665422028207078,0.12819693787426412,0.20473678127931447,0.20421164693345223,0.20421164693345223,0.20421164693345223
81,0.9462162162162167,0.8891891891891893,0.9432432432432433,0.9972972972972972,0.8173924559599982,0.7534213830291879,0.8166645732777553,0.877855811374919,0.8422563224476243,0.7758885643434799,0.8472765797685897,0.8991543941752332,0.8430136397880975,0.7772566667318773,0.8429549185110246,0.8991516290373576,0.7103348541950335,0.6172737895048137,0.7139182369930865,0.7901141476036332,0.7641052536712248,0.6998398265407779,0.7674072162317387,0.8215864415089175,0.0800673013194846,0.04076656109409621,0.07688941975359842,0.12802203584524877,0.20598295228682836,0.20552044289069107,0.20552044289069107,0.20552044289069107
82,0.9440540540540546,0.887837837837838,0.9432432432432433,0.9972972972972972,0.8180095195519383,0.7559751881845969,0.8185101615908017,0.8767615855442508,0.8430802280924881,0.7682414853163593,0.8496917397439475,0.900833952437677,0.844219460159384,0.7713337953685344,0.8432470903682953,0.9023800239281832,0.7119931148530902,0.6154027933711069,0.7165022174456568,0.7911615723877613,0.7652049914664013,0.7026383694025218,0.7690675059411494,0.8211804825686911,0.08027428704965428,0.04086255656418355,0.0765548658422852,0.127871725845229,0.20594732048070344,0.20552044289069107,0.20552044289069107,0.20552044289069107
83,0.9429729729729734,0.8621621621621623,0.9432432432432433,0.9972972972972972,0.8183206628482587,0.7559974913011007,0.8230265375293709,0.879803508771392,0.8429767517014155,0.7673820597638644,0.8485721015897718,0.8966800095148183,0.844119864678101,0.780016645466203,0.8444792989102681,0.9006648176079882,0.7118430708722301,0.6144180887531152,0.7138870425287265,0.7902463910538378,0.7652480638687564,0.7015075711500808,0.7665790930727563,0.8247851683762484,0.07986120597117106,0.04306774304674393,0.07425600226579084,0.13153238261945935,0.20591247763795095,0.20552044289069107,0.20552044289069107,0.20552044289069107
84,0.9445945945945949,0.8621621621621623,0.9432432432432433,0.9972972972972972,0.8183904924065435,0.753920364205995,0.8231195971921581,0.8808067451270625,0.8448459435192573,0.7632418676273044,0.8499997458011257,0.8993752533796895,0.8442116080820395,0.777656361600774,0.8453613532588492,0.8993398201296147,0.7134425737119559,0.6157124292716836,0.7171258909973924,0.7993398888828379,0.7660763658214139,0.7061297768909859,0.7690009216303998,0.8269155504803608,0.07934567548060856,0.04219314566855137,0.07551283880571107,0.13183518083421528,0.20718544816299037,0.20685416886655664,0.20685416886655664,0.20685416886655664
85,0.9435135135135141,0.8621621621621623,0.9432432432432433,0.9972972972972972,0.8172050743963873,0.7560127857743548,0.8210814627241385,0.8745596457090385,0.8431872971573362,0.7640944411843952,0.8465015918319159,0.8932948242544908,0.842160415958903,0.7782696410151069,0.8404575051923884,0.9018660824111374,0.7103027255618506,0.6161135470263159,0.7176069011678525,0.7932923681858264,0.7639399271093553,0.7009135456091012,0.7675516980991558,0.8226402867581905,0.08022376694280123,0.04315158917922819,0.07447212070290066,0.1352691630004368,0.2071521032491128,0.20685416886655664,0.20685416886655664,0.20685416886655664
86,0.943513513513514,0.8621621621621623,0.9432432432432433,0.9972972972972972,0.819021960291322,0.7566710025739992,0.825605040043008,0.871187028533033,0.8431669266647966,0.7658980429172364,0.8487936484046992,0.8993631806372356,0.8439198276981784,0.7876278535085569,0.8444919777628077,0.8998372507052969,0.7117900836589577,0.6206317865345837,0.7156278636418083,0.7932978018821306,0.7655882912536945,0.706562739759385,0.7682552375904784,0.8240313621697403,0.0794884444334259,0.04455345937939522,0.07427009722352663,0.1305670969064765,0.20711946956596514,0.20685416886655664,0.20685416886655664,0.20685416886655664
87,0.9435135135135142,0.8621621621621623,0.9432432432432433,0.9972972972972972,0.8196513719546067,0.7508508929716534,0.8255359246036289,0.8715227071690996,0.8440253764713921,0.7742554826671402,0.849113564649668,0.905982158062258,0.8432209842812081,0.7763185831221868,0.8443543031517284,0.9024902087365434,0.7119452041670626,0.6181061613914941,0.7161466483253958,0.7970376119247826,0.766008581097442,0.7065909048011104,0.7670765471142766,0.8216019000215273,0.07961289325537554,0.04565443881050036,0.07615909176767939,0.12517828388133373,0.2070875233845886,0.20685416886655664,0.20685416886655664,0.20685416886655664
88,0.9443243243243249,0.8621621621621623,0.9432432432432433,0.9972972972972972,0.8204668527718296,0.7452776105522352,0.8271180583398989,0.86783348922634,0.8443765526697143,0.7735753330291057,0.8499997876641066,0.8999435316229222,0.8433582446068891,0.7727037292179314,0.8483513920236874,0.8972919558676539,0.7122608535699451,0.6196739658458009,0.7139636365321591,0.7863465913174303,0.7666984841374243,0.7057956984743309,0.7677449404745893,0.8211729469603729,0.07962883523908394,0.04231373918760106,0.07305805298871013,0.1316960393073414,0.20838848566279974,0.20821360119030938,0.20821360119030938,0.20821360119030938
89,0.9440540540540547,0.8621621621621623,0.9432432432432433,0.9972972972972972,0.8188675154510285,0.7402537290446964,0.8290582374324224,0.8695122594917587,0.8445965552807785,0.766240209928598,0.854570252311837,0.9008518516564461,0.8416526116711058,0.7745329038036703,0.8429085973664584,0.898089347483386,0.7109240666260438,0.6212594647806392,0.719571170395187,0.7885458834114698,0.7653366684306931,0.7055708081622395,0.765949166525838,0.8181025330102344,0.08053220126243295,0.04359994704129002,0.07589465209828539,0.1280727452290042,0.20835784728936502,0.20821360119030938,0.20821360119030938,0.20821360119030938
90,0.9435135135135141,0.8621621621621623,0.9432432432432433,0.9972972972972972,0.8191792883660473,0.7480189589132856,0.8282151159213527,0.8646164170174898,0.8436586512273919,0.7594024913710827,0.8533322951877012,0.8976703494555781,0.8421660480795815,0.769910077680716,0.8497874798086402,0.8966064815896215,0.7105770492105775,0.6123291871122701,0.7133481245303763,0.7835331366391336,0.7652469330339561,0.7047666101543206,0.7639745114089925,0.823024246146024,0.08036978346567598,0.042121414360508785,0.07783482285278896,0.13098501912813937,0.208327831102619,0.20821360119030938,0.20821360119030938,0.20821360119030938
91,0.9437837837837841,0.8891891891891893,0.9432432432432433,0.9972972972972972,0.8180565786492108,0.7416283951887658,0.825592565570251,0.8685743741023806,0.8439438092655497,0.7573563870984442,0.8537718504569638,0.8960174030218788,0.8419229262423751,0.7759481820152851,0.8455505657210955,0.8980268954048157,0.7106080574355357,0.6137259466903583,0.714840181902083,0.7856535899191189,0.7646749158819168,0.7073201321873578,0.7640539488806747,0.8173033104860599,0.08096294015694694,0.0435109267437889,0.07768852177617377,0.13169339201578656,0.2082984171380592,0.20821360119030938,0.20821360119030938,0.20821360119030938
92,0.9445945945945953,0.8891891891891893,0.9432432432432433,0.9972972972972972,0.8185338330261094,0.7344931012592496,0.8292863504601657,0.870578119047748,0.8455652081973446,0.7588975191302642,0.856094848909873,0.9021316787863667,0.8418673380150667,0.7757968639175413,0.8495607835158503,0.8980214145866139,0.7120064156502915,0.6126268619858731,0.7137170405992685,0.7902053263426818,0.7655794152755653,0.7041545041793967,0.7658695981020225,0.8198778879689349,0.08057555468588241,0.039304193119549226,0.07496846661540868,0.12900766461523347,0.20826958626412623,0.20821360119030938,0.20821360119030938,0.20821360119030938
93,0.9429729729729734,0.887837837837838,0.9432432432432433,0.9972972972972972,0.8165985404944611,0.7277156397782503,0.8266923220817435,0.8725188666536731,0.846063099261366,0.7630967662270636,0.8494828337963488,0.8984872716758528,0.8424815627947544,0.7785495341706171,0.8426773376252372,0.8988701866955909,0.7130745424515288,0.6195519143782309,0.7113492171275153,0.7955259579505253,0.7652194101319074,0.7019552847560212,0.7663108328294439,0.822400677881107,0.0816230549811739,0.041964602974923534,0.07871606891206118,0.13592801742525848,0.2082413201425187,0.20821360119030938,0.20821360119030938,0.20821360119030938
94,0.9429729729729737,0.8621621621621623,0.9432432432432433,0.9972972972972972,0.8181121456496063,0.7423994169699818,0.8245154936987126,0.8752644748161025,0.8459647851301555,0.7670199428295057,0.8489366897363828,0.9001272101379596,0.8437116538265392,0.778688957459602,0.8467953351711603,0.9007474034520405,0.7139176255471463,0.6215424019844361,0.7085153432727459,0.7946550662083736,0.7663821388329997,0.7059420495638575,0.766795087951337,0.8211978801233623,0.08172067867268158,0.044251946557075865,0.07936528277969812,0.1326041103352007,0.20821360119030913,0.20821360119030938,0.20821360119030938,0.20821360119030938
95,0.9451351351351359,0.8621621621621623,0.9432432432432433,0.9972972972972972,0.8190384179095122,0.7472903471684171,0.8300977122836656,0.8682066391481902,0.8468799465548371,0.7600729865874687,0.8481459252734491,0.9018853070175318,0.8448483398071254,0.7790932272253224,0.8465898304238687,0.9004135247866917,0.7155952101160991,0.6320863338496207,0.7118006799175212,0.7960781025684524,0.7676971288565342,0.7089547363652227,0.769252800025569,0.8244833639537553,0.08096116728146693,0.04529787996582233,0.07870553860483946,0.12823817505194235,0.20954464120210187,0.20959954880078682,0.20959954880078682,0.20959954880078682
96,0.9443243243243253,0.8621621621621623,0.9432432432432433,0.9972972972972972,0.8183495497467732,0.7429588518776644,0.8257682769330918,0.8706064978961934,0.8469686853944939,0.7677427047403526,0.8515701780183189,0.9047131563548609,0.8437409899143546,0.7756357950767158,0.8461952003194256,0.9000112180034757,0.7147939226697764,0.638062314202353,0.7138716067653899,0.797838208869551,0.7668747029087313,0.7050371548578863,0.766992918281312,0.820722812090718,0.08089633128862514,0.037799415342786385,0.07694052977540469,0.13519191109357037,0.20951796668258457,0.20959954880078682,0.20959954880078682,0.20959954880078682
97,0.9443243243243252,0.8621621621621623,0.9432432432432433,0.9972972972972972,0.8181993792939778,0.7499553499332865,0.8242524396841906,0.8715116780072595,0.8466497354337172,0.7639387111779858,0.8519078061665228,0.9075376677112742,0.8444450890226982,0.7749794874380536,0.8464894722667499,0.9020781593003268,0.7150912051722872,0.6297067558313357,0.7153600415487538,0.799425451221678,0.7670365494076828,0.712630398647635,0.7654614081095183,0.8178721325116117,0.08147574398452159,0.04296766270245989,0.07639661232528033,0.13287858720443113,0.20949179076343977,0.20959954880078682,0.20959954880078682,0.20959954880078682
98,0.9448648648648655,0.887837837837838,0.9432432432432433,0.9972972972972972,0.8192619980892971,0.7469817030421713,0.8279718723589189,0.8748166386223901,0.8490729988306832,0.7696684042454478,0.8563363090930023,0.9023624161889804,0.8454104236610503,0.782197557019675,0.8503623023775613,0.9075476710578657,0.7179206329003417,0.6428193267436053,0.721933760921116,0.8042192096047361,0.7690035494644795,0.7087452876040093,0.7678990767889351,0.8166671399987258,0.0814855431910664,0.04356340182659614,0.07775038830432018,0.13680419580005967,0.20946609853920337,0.20959954880078682,0.20959954880078682,0.20959954880078682
99,0.9459459459459465,0.887837837837838,0.9432432432432433,0.9972972972972972,0.8175488594158483,0.7400551451104688,0.8268025891959554,0.8780106729774535,0.8480600308839702,0.7597165040881145,0.8576496984403261,0.8980046662488819,0.84581720218668,0.7750400575036025,0.8518924931379168,0.9012827882780983,0.717361476149597,0.6339000849002504,0.7230560466221734,0.7941813885526873,0.7679780459152381,0.6987701783047695,0.7679426802942415,0.8188601567591083,0.08185378771660463,0.04220006190065183,0.07786565230994559,0.13536943182357478,0.20944087569602435,0.20959954880078682,0.20959954880078682,0.20959954880078682
100,0.9470270270270276,0.8891891891891893,0.9432432432432433,0.9972972972972972,0.8168364153243275,0.7323802084226108,0.825691167037772,0.8726056706221673,0.8469625361921952,0.7578399986010927,0.8559033663965068,0.8989011379374663,0.8466002541190424,0.7785424251108427,0.854214625072176,0.8979258644258008,0.7170310838811821,0.638041418182348,0.7200396425247073,0.7896593138544353,0.767576461691775,0.7071909272864063,0.769526668762296,0.8146426529050351,0.08183468139021553,0.039890528187899975,0.07691925924151927,0.12943032190042972,0.20941610848365577,0.20959954880078682,0.20959954880078682,0.20959954880078682
101,0.9456756756756762,0.8891891891891893,0.9432432432432433,0.9972972972972972,0.8170125938121484,0.7428287930950793,0.8312720041220202,0.872609076710337,0.8489037949820905,0.76686527745045,0.8576888025127862,0.9008843022355223,0.8449091660311541,0.7705524230981295,0.8498475761595807,0.899962366883098,0.7172118160371019,0.6381724523554329,0.7204670309848306,0.7859728633055159,0.767706701522392,0.7113748469788564,0.7678905960468949,0.8171746334622296,0.0812537882100165,0.04362259683524132,0.07844350720369316,0.12861921871651835,0.20939178368887768,0.20959954880078682,0.20959954880078682,0.20959954880078682
102,0.9462162162162169,0.8891891891891893,0.9432432432432433,0.9972972972972972,0.8165798641361449,0.734411751808934,0.8286004992439646,0.8706926004218448,0.849521757832675,0.7753825289144775,0.8559650852650575,0.9048326369762613,0.8458021015957428,0.7737110210105029,0.8509345140571458,0.8998420985015595,0.7184785326860212,0.6392176191678385,0.7216720089736235,0.790369725155671,0.7680621625721858,0.7075708561016587,0.7723546408115085,0.8186797677315149,0.08119690476568861,0.04057373790906558,0.07643443246701433,0.124850033805994,0.2093678886102866,0.20959954880078682,0.20959954880078682,0.20959954880078682
103,0.9440540540540547,0.8891891891891893,0.9432432432432433,0.9972972972972972,0.8167443988397451,0.7474432360836121,0.8264210994082155,0.8700981150511327,0.8500543304288661,0.7738873873908827,0.8561905402680356,0.9016880011790226,0.8435477756226091,0.7693682923339557,0.8501275409141924,0.9004055573719023,0.7169798256886224,0.6228122523637442,0.7200025470927888,0.783028775012313,0.7673705450520082,0.7195238637981747,0.7715805124084367,0.818311832757144,0.0823565697163766,0.04153287496450773,0.08024582762047375,0.12978128988240314,0.2093444110343863,0.20959954880078682,0.20959954880078682,0.20959954880078682
104,0.9448648648648657,0.8891891891891893,0.9432432432432433,0.9972972972972972,0.8162328525500608,0.7409466689854791,0.8289841481165436,0.8735838291182552,0.8493229339346609,0.77520541323896,0.8531533233220896,0.9003828238942726,0.8425939261420855,0.7581790069923955,0.8499215240718129,0.8948953038029235,0.7155991064141621,0.6373857136401949,0.7191505765233643,0.7813297387105562,0.7663528519722236,0.7170546449028782,0.7691641353183276,0.8167782302657934,0.08212556757884075,0.043865647907525056,0.081241366969388,0.12337829819267901,0.20932133921291526,0.20959954880078682,0.20959954880078682,0.20959954880078682
105,0.9459459459459464,0.8891891891891893,0.9432432432432433,0.9972972972972972,0.8167705720401134,0.7518654408918489,0.8245453705190906,0.868716656956812,0.8491219687735616,0.774647004568257,0.8569117934003603,0.8994022689862466,0.843415107583398,0.7622845831494568,0.8475974324980067,0.899869482396475,0.716120073549994,0.6439134281467345,0.722121470557082,0.7893156887698263,0.7668607515643276,0.7224548542220354,0.7678753128668092,0.8153067765622362,0.08188590008479524,0.044290315023857156,0.07949619601064487,0.12765936248591214,0.2093444110343863,0.20959954880078682,0.20959954880078682,0.20959954880078682
106,0.9464864864864871,0.8891891891891893,0.9432432432432433,0.9972972972972972,0.8177131616058254,0.7527047735769584,0.8265036120411957,0.86911571536683,0.8490824335941392,0.7716669392943313,0.8589632797218849,0.8956594295713816,0.8425250895721806,0.7541152908557777,0.8498627559528458,0.8957683948425675,0.7153076273412813,0.6369357174214986,0.7192249749067154,0.7854923666859187,0.766868768920572,0.72220784518117,0.7700603341728851,0.8123416516709886,0.0809358744955645,0.04396135699280318,0.07689186687818778,0.1289073095428568,0.2093678886102866,0.20959954880078682,0.20959954880078682,0.20959954880078682
107,0.9483783783783791,0.8891891891891893,0.9432432432432433,0.9972972972972972,0.8169693681395457,0.7478115253324865,0.8208280679095314,0.8732869317063243,0.8495626386281905,0.7821730811012318,0.8550213264610125,0.8991974931728302,0.8431232786453989,0.7611032547866802,0.8488993535992133,0.9025159778436177,0.7161912998755534,0.6422185639016011,0.7202702513519228,0.786878650113594,0.7668996148832242,0.7262754312397933,0.7665349016327759,0.8129979816167362,0.08114305718200815,0.04292774455403573,0.07954876166585774,0.12583512849898598,0.20939178368887768,0.20959954880078682,0.20959954880078682,0.20959954880078682
108,0.9489189189189194,0.8891891891891893,0.9432432432432433,0.9972972972972972,0.8167541077919018,0.7426998280037425,0.8196695127383995,0.8684041502798145,0.8510588648485188,0.7876961547427266,0.8557543638664769,0.9003638436133923,0.8439181394183081,0.7665924137264986,0.847808548195745,0.9045581214012173,0.7181230548297545,0.6475526785780831,0.71910053014473,0.7838192140023805,0.7678691427949441,0.7246792369037978,0.7710203210301838,0.8156956616818279,0.08193442235309362,0.04446988394568049,0.07699279032074488,0.13150603319702878,0.20941610848365577,0.20959954880078682,0.20959954880078682,0.20959954880078682
109,0.9494594594594595,0.8891891891891893,0.9702702702702702,0.9972972972972972,0.8165484780845869,0.7421359061163099,0.8210233198158783,0.875889587942227,0.8511821473572563,0.7924298728334213,0.8557298355178025,0.9029221421626055,0.8433235318327891,0.7645713167736706,0.8502949946095186,0.9042088283215528,0.7177186638472464,0.642977233656341,0.718553316987911,0.784559552740658,0.7675976696831779,0.7112118747494754,0.7705828967730741,0.8117199145417987,0.0827054337638811,0.04519882553449097,0.07697906498660581,0.13617749644376767,0.20944087569602435,0.20959954880078682,0.20959954880078682,0.20959954880078682
110,0.9494594594594596,0.8891891891891893,0.9432432432432433,0.9972972972972972,0.8178380000662484,0.7550817099982929,0.8240043766635321,0.8718066161733267,0.8519319792840605,0.7893475786141411,0.858763362206341,0.9054615306131562,0.841983882327833,0.760294287303216,0.8457831679973897,0.9089924678188022,0.7172751659096194,0.6406722941087688,0.7182012182170991,0.787060555260335,0.7679241050042649,0.7123741759408343,0.7683560997368245,0.8086546728879289,0.08121192832232285,0.043550547509799135,0.07361170401203077,0.1336043920243294,0.20944087569602435,0.20959954880078682,0.20959954880078682,0.20959954880078682
111,0.9502702702702706,0.8891891891891893,0.9432432432432433,0.9972972972972972,0.819239833360537,0.745655012107825,0.8247142123580847,0.8733003761621719,0.8504441468437693,0.7855325739142083,0.852653872271819,0.9052582910262332,0.8421243411725512,0.7635393767500684,0.8437515857341085,0.9013437164222339,0.7161279784913911,0.6401764138400852,0.7168882147004592,0.7864916237582448,0.7680221787561813,0.707131866725028,0.7705799038577349,0.812465619444974,0.0820638866911077,0.04618469937287685,0.07707781503543554,0.13683343194683192,0.20946609853920337,0.20959954880078682,0.20959954880078682,0.20959954880078682
112,0.9500000000000006,0.8891891891891893,0.9432432432432433,0.9972972972972972,0.8190264142214798,0.7384086294022877,0.8239946087732264,0.8758427725783334,0.8508643110873166,0.7830559641568731,0.8530469201120539,0.9118511376228834,0.8434145241059428,0.7584009449863044,0.8442933022326158,0.9064102215493295,0.717623168157742,0.6331219243826234,0.7205959548906344,0.7985332414779216,0.7686324891769568,0.7139740586632177,0.774722719649706,0.8149995632693546,0.08191899693349244,0.04410190192109708,0.07791279640477154,0.13495017697809297,0.21085113849797224,0.2110128548811631,0.2110128548811631,0.2110128548811631
113,0.9497297297297302,0.8891891891891893,0.9432432432432433,0.9972972972972972,0.8176223830106205,0.7299360779241563,0.8207172429034332,0.8762387762363635,0.8516350913150603,0.7761946655410253,0.8550075376898111,0.9145275736500263,0.8418792790732423,0.7560349992498621,0.8441766170982241,0.9065500772693449,0.7169777040851835,0.6291920034320386,0.7229435781902609,0.7932236737693701,0.767556984918739,0.7066476911104739,0.7705040541903865,0.8125262787004344,0.08181855520449083,0.04378116881231384,0.07771531680006981,0.12896010244891382,0.21087683072220867,0.2110128548811631,0.2110128548811631,0.2110128548811631
114,0.9491891891891897,0.8891891891891893,0.9432432432432433,0.9972972972972972,0.8178006612929299,0.7359869343672568,0.8179299042125551,0.8766316938773504,0.8518560721250229,0.7853865160963932,0.8534494623281055,0.9117685999808706,0.8419327461203285,0.7601274753070463,0.8424687769975698,0.9085891521913266,0.7173338778395352,0.6279588238977715,0.7200882125285835,0.8005113958400845,0.7679033807167318,0.7048274696457059,0.7703443366360645,0.8196229026612443,0.08180858371640863,0.04195514376181482,0.07650316012312075,0.13520439919671365,0.21087683072220867,0.2110128548811631,0.2110128548811631,0.2110128548811631
115,0.9489189189189194,0.8891891891891893,0.9432432432432433,0.9972972972972972,0.8178764480274574,0.7440672668103118,0.819855542561062,0.8780099807576977,0.8521170487754894,0.7859603667907149,0.8537685810788551,0.9100646760357578,0.8419730823413054,0.7708779693933018,0.8452689386871273,0.9029427458978101,0.7177011632721217,0.630446664100728,0.7229991311315789,0.795277777092602,0.7680993822283264,0.7089304869887357,0.770752503234488,0.8219499386100327,0.08201963021772307,0.040489820503962326,0.07810126248870333,0.13241597996437396,0.21087683072220867,0.2110128548811631,0.2110128548811631,0.2110128548811631
116,0.9483783783783789,0.8891891891891893,0.9432432432432433,0.9972972972972972,0.8165891925710524,0.7349647097347226,0.8175821812521429,0.8728770972581937,0.8521206226787212,0.784451982090043,0.8505417712681087,0.9120754453647357,0.8419730924006857,0.7643713849761185,0.8470539164762785,0.8989584131481475,0.7176458730206161,0.6290389902012709,0.7230412249621728,0.7864158072740773,0.7673886459165797,0.7140134636826249,0.7714418382837436,0.8174048194545854,0.08232650476735676,0.040555246705016416,0.08015736297820476,0.13091060815249897,0.21090300664135345,0.2110128548811631,0.2110128548811631,0.2110128548811631
117,0.94945945945946,0.8891891891891893,0.9432432432432433,0.9972972972972972,0.8158042576911854,0.7285313057741504,0.8150113959103692,0.8750669251691151,0.8522380577080528,0.7953415194685816,0.8519564444444275,0.9129032384941886,0.8431477312751461,0.766798773151181,0.843663632724823,0.8976156591703045,0.7187666876746159,0.6375204646090676,0.7191030594035954,0.7978997984522758,0.7675142585584327,0.7200476315806198,0.7709196824329947,0.818651633578531,0.08211851960066237,0.03866653014861746,0.07825669455976239,0.13018372541832485,0.21090300664135345,0.2110128548811631,0.2110128548811631,0.2110128548811631
118,0.9510810810810816,0.8891891891891893,0.9432432432432433,0.9972972972972972,0.8162963040827671,0.7351627305315083,0.8190847329299443,0.8724404004046786,0.8518390478813069,0.787988627792152,0.8496250088024131,0.9117328595036412,0.8430211042558099,0.7673234836910323,0.8438752731962234,0.9011230611803759,0.7183335049596157,0.6434489631211059,0.7193226850922958,0.7942357393231005,0.7674836215112232,0.7160675029087724,0.7710512380306362,0.8213284951193488,0.08245940839340717,0.03721433613655182,0.07901237414470849,0.12741482423592293,0.21090300664135345,0.2110128548811631,0.2110128548811631,0.2110128548811631
119,0.9502702702702708,0.8891891891891893,0.9432432432432433,0.9972972972972972,0.8166602019858348,0.7439326500350711,0.8216175954106211,0.8767465422020465,0.8522723749529588,0.7919413918563687,0.8547360109681496,0.9087592406378594,0.8438467389613068,0.768385888535692,0.8469495350388205,0.8979060594086532,0.7193982123228969,0.6449235881803148,0.7263849653551546,0.7979477092827624,0.7681928068027899,0.7135227196210832,0.7721651936695646,0.8256536674197711,0.08227040656600307,0.04253266908836397,0.0826855475401223,0.12445527468240891,0.21092968116087074,0.2110128548811631,0.2110128548811631,0.2110128548811631
120,0.9508108108108112,0.8891891891891893,0.9432432432432433,0.9972972972972972,0.8161878895002279,0.7388338587731033,0.8199446106753934,0.8765519310850055,0.852354991970846,0.7898420326354018,0.8580217469843245,0.9107992900963628,0.8441709740896103,0.7783089936108865,0.8452632281742793,0.8986499830148262,0.719689316865471,0.6339376565459952,0.7239441166147058,0.7949943765355326,0.7681067848917071,0.7139043203050536,0.7712341080888792,0.8261879163011158,0.08274548870592541,0.04413496758323851,0.08102569798948872,0.1291867340552151,0.21092968116087074,0.2110128548811631,0.2110128548811631,0.2110128548811631
121,0.9510810810810816,0.8891891891891893,0.9432432432432433,0.9972972972972972,0.815469494236798,0.7381322723357121,0.8198608949995063,0.8732802969891486,0.8517416194768767,0.7930736958806728,0.8567808475931794,0.9116297231346995,0.8452260856676607,0.7729183335876882,0.8495992717968648,0.9063122541003783,0.7201293692747304,0.635643584832065,0.7235064880802824,0.7983508160356043,0.7679364341499684,0.7127021646386738,0.768869908463908,0.8280366670325108,0.08333960379261168,0.04255569762593479,0.08162445045046478,0.12997356660004547,0.21092968116087074,0.2110128548811631,0.2110128548811631,0.2110128548811631
122,0.9508108108108111,0.8891891891891893,0.9432432432432433,0.9972972972972972,0.81502672717399,0.737111250687772,0.8196642590034189,0.8686360740777057,0.8511096388407223,0.7922593538092096,0.8532201481173705,0.9114994388403165,0.845384842110966,0.7845572076800725,0.8480765916202206,0.9016983608299375,0.7197606766233647,0.638504523955946,0.7173957499532373,0.7996650400112834,0.7674997394213767,0.7146017407475039,0.7662064873801329,0.825962538828767,0.0838231076339115,0.046121916810576646,0.08188856301084813,0.128411684501818,0.21092968116087074,0.2110128548811631,0.2110128548811631,0.2110128548811631
123,0.9494594594594598,0.8891891891891893,0.9432432432432433,0.9972972972972972,0.8131345611158752,0.7302404084569839,0.8175821739282018,0.8778104742591304,0.8501220297131876,0.7813025525065233,0.8516125718501178,0.9057520945085342,0.8452733035582597,0.7815768398779622,0.8462097351331053,0.904363136061743,0.7188718550076465,0.6373783168257131,0.7164153479915525,0.7982734170434096,0.7663500978225717,0.7044332709344513,0.7687378569434942,0.828963197213366,0.0840299776065126,0.04754408652505831,0.08018728767310924,0.1289129222778265,0.2109568698073458,0.2110128548811631,0.2110128548811631,0.2110128548811631
124,0.9489189189189191,0.8891891891891893,0.9432432432432433,0.9972972972972972,0.812786920637799,0.7397288633559369,0.8160987263475289,0.873843261336584,0.8486492345481429,0.7881299455502369,0.8528017169641051,0.9068849982624028,0.8450361148998873,0.7829023338590001,0.8459440187679734,0.9017144712515021,0.7173950345938168,0.6392193081882651,0.7154328377646335,0.7914160302619714,0.76538685029845,0.7022588455825935,0.7643343147948074,0.8273489687264388,0.08491096792484283,0.04856785297989064,0.08422180004717808,0.12696231790396179,0.2109568698073458,0.2110128548811631,0.2110128548811631,0.2110128548811631
125,0.948648648648649,0.8891891891891893,0.9432432432432433,0.9972972972972972,0.8129149947302642,0.7348611106481279,0.8159681630896984,0.8724756752224202,0.8491029061536929,0.7872956534946074,0.8550256597139881,0.9060920792770125,0.8453083533577727,0.7851022405448917,0.8494662001966055,0.9027433756006381,0.7180630325554579,0.6288982869409807,0.7171866577671114,0.7951601893714744,0.7657126742980168,0.707912838271733,0.7678580070044494,0.8268781689504966,0.08608769277224988,0.04766409067439999,0.08710095612627158,0.12900606679732993,0.2109568698073458,0.2110128548811631,0.2110128548811631,0.2110128548811631
126,0.94945945945946,0.8891891891891893,0.9432432432432433,0.9972972972972972,0.8142781126678119,0.728982745392844,0.8186849803344761,0.8751224980904898,0.8481943314399277,0.7840499847899214,0.8539153473527518,0.9097148739594513,0.8442416049224697,0.7797553649081266,0.8461477749312811,0.9075073187864104,0.7165631505601113,0.6253984392305968,0.7158125306028529,0.8003394257375651,0.7657846776189412,0.7087379346829452,0.7676956652396494,0.8248951074064106,0.08543786079755251,0.04090442664057646,0.08302524823736024,0.12615289449343484,0.2109568698073458,0.2110128548811631,0.2110128548811631,0.2110128548811631
127,0.9491891891891899,0.8891891891891893,0.9432432432432433,0.9972972972972972,0.8144939454528357,0.7406294152886326,0.8171224437875041,0.869622520633683,0.8476888119269406,0.7815234665699455,0.8520923452678646,0.9095507396853736,0.8451007633319698,0.7755398733547444,0.8487737778398192,0.9101781130089444,0.7168643746880891,0.6272716545950745,0.7124706430568418,0.798364617066113,0.7660773713541603,0.7050565491838745,0.7684575032961758,0.8203603616376207,0.08538325419541387,0.044755173586716455,0.0864871755640085,0.12745738521858913,0.2109568698073458,0.2110128548811631,0.2110128548811631,0.2110128548811631
128,0.9500000000000007,0.8891891891891893,0.9432432432432433,0.9972972972972972,0.814003133580753,0.7463433863163588,0.8190314762575145,0.8665134820122712,0.8475965129059336,0.7733416876122927,0.8506710424979711,0.9121651056674205,0.8457325736007522,0.7853977303228407,0.8475514499318644,0.9027648466322288,0.7172597252482756,0.630789590651428,0.7162060228286675,0.7958789115829508,0.7659991869185707,0.7075080000810107,0.768518490956904,0.8174883322576256,0.08642651730098995,0.04892311993888621,0.08610747677896904,0.12659961464018077,0.2109568698073458,0.2110128548811631,0.2110128548811631,0.2110128548811631
129,0.9508108108108114,0.8891891891891893,0.9432432432432433,0.9972972972972972,0.8135343467024607,0.7489144779353374,0.8165125757327163,0.8657687349000059,0.8468387930641782,0.765506401464104,0.8496204508101055,0.912569867147336,0.8456437414908166,0.7833184297539079,0.8475082158369798,0.9025815919587,0.716408772117221,0.6324660450992082,0.7167172361990353,0.8033523556067748,0.765440254582087,0.710480726224918,0.7649777088528726,0.8176811825061268,0.08603423897818359,0.044614860776145,0.08819555894625147,0.1313887462618554,0.2109568698073458,0.2110128548811631,0.2110128548811631,0.2110128548811631
130,0.9491891891891896,0.8891891891891893,0.9432432432432433,0.9972972972972972,0.8124432691407076,0.7376251391012653,0.817829388582487,0.8657518540291462,0.8461819556709663,0.7728492562771652,0.852953509583857,0.9104306869862516,0.8452467944905354,0.7781153262465476,0.848508587122695,0.900433894586624,0.7154189747414514,0.6289308561295182,0.7172000471881836,0.7883006740201967,0.764334899923375,0.7027714969620222,0.7665663614053193,0.8154494827598749,0.08626325991879807,0.04762887245473812,0.08703341400708964,0.13308792043542253,0.21098458875955536,0.2110128548811631,0.2110128548811631,0.2110128548811631
131,0.94945945945946,0.8891891891891893,0.9432432432432433,0.9972972972972972,0.8117418518138757,0.7373162818988314,0.8150979484197913,0.868880100215578,0.8467548954391104,0.7706779084279882,0.8514457628715961,0.9106443439625828,0.8441795408368185,0.7765341302729926,0.8471288849425838,0.8971846240610182,0.7149909679499379,0.6241254358729227,0.7209851378840372,0.7843955321939184,0.7637689491806686,0.7013414878910457,0.7688674375156196,0.8122208058132433,0.08665339972093934,0.04556977802129717,0.08486858985930354,0.12729652848609374,0.21098458875955536,0.2110128548811631,0.2110128548811631,0.2110128548811631
132,0.9481081081081085,0.8891891891891893,0.9432432432432433,0.9972972972972972,0.811564351191083,0.7395410439127297,0.8118265539447644,0.8685991926552877,0.8467135766803985,0.7739138695912021,0.852536124876498,0.9065236709455723,0.8446829209994426,0.7819739165746334,0.8499910804659115,0.8999019403033034,0.7154045372488335,0.6357394058128353,0.7228273424594236,0.781446569730863,0.7638718396979003,0.7094791849626094,0.7656151812277854,0.8166633288405978,0.08606848612374227,0.042510111248023494,0.08479286859941032,0.1268166651921811,0.21098458875955536,0.2110128548811631,0.2110128548811631,0.2110128548811631
133,0.9481081081081085,0.8891891891891893,0.9432432432432433,0.9972972972972972,0.8123817752679204,0.744823210344069,0.8144431879197489,0.8687926170621489,0.8471782722384091,0.7797472079643453,0.8516736301364668,0.9081563148220204,0.845683138959092,0.7760759107008468,0.8491926293883864,0.9013170978270301,0.7166128760461572,0.6327688836559969,0.7260154669599972,0.7829321775493945,0.7648644038631801,0.7054266702954656,0.768020928950313,0.8166726619387069,0.0855509608717459,0.04438412562213704,0.08214813032212182,0.13096477288413788,0.21098458875955536,0.2110128548811631,0.2110128548811631,0.2110128548811631
134,0.9478378378378381,0.8891891891891893,0.9432432432432433,0.9972972972972972,0.8117487435391485,0.7502761629338153,0.8151490961617578,0.8672872452423602,0.8478626097624837,0.775001630273444,0.8532896427775931,0.9008241262450436,0.8430917955607289,0.7615604764961942,0.8497921492449632,0.9011182473895578,0.7150687776278005,0.6223919907075429,0.724502809503645,0.7829981128746274,0.7638432405139305,0.6971691177323412,0.766463283358628,0.8227462382849189,0.08608639173296836,0.045143361920598125,0.0869562876184751,0.12468453018838274,0.21098458875955536,0.2110128548811631,0.2110128548811631,0.2110128548811631
135,0.948648648648649,0.8891891891891893,0.9432432432432433,0.9972972972972972,0.8138392588296363,0.7443044974549067,0.8167260950552546,0.8734160788615395,0.8462688273639323,0.76436553334215,0.8500396239286581,0.9033628371515064,0.8438441340482684,0.7585446598679657,0.8535212968049182,0.9032789911124808,0.714281089321108,0.6060856478658142,0.7277404194664467,0.7849105909038144,0.7645439571430477,0.7024398714553747,0.7665772330127434,0.8253071204112318,0.08573003794002221,0.041981683701655545,0.08715309224201506,0.12460831377316481,0.21098458875955536,0.2110128548811631,0.2110128548811631,0.2110128548811631
136,0.9489189189189196,0.8891891891891893,0.9432432432432433,0.9972972972972972,0.8110681476676072,0.7306943059311267,0.8154799930725716,0.8710018850635066,0.8459505544494195,0.7669253503856238,0.8518606105255435,0.8976565566499953,0.8453154208542106,0.7710701431260858,0.8541419020488666,0.903190163692949,0.7153270512612228,0.6000573101986433,0.7258717202594791,0.7846287536356336,0.7638105755284736,0.7007404234212702,0.7699986781176327,0.8136517661232072,0.08588315802919157,0.045113716987383326,0.08770274747130698,0.12903613108080828,0.21098458875955536,0.2110128548811631,0.2110128548811631,0.2110128548811631
137,0.9478378378378385,0.8891891891891893,0.9432432432432433,0.9972972972972972,0.8128871019950564,0.7380906709912862,0.819766050872375,0.8721577637195209,0.8460682214490157,0.7777473905162164,0.8543346533958927,0.9026322025361156,0.8445273571901473,0.7714131283961541,0.8526219944304767,0.9032044608391122,0.7147343740837114,0.6029711298742251,0.7227837109684004,0.782752581808183,0.7643387601546788,0.6926166134909708,0.7705422290511825,0.8166133638550472,0.08581712600063235,0.04414840023882704,0.09050082812508249,0.12883218215739517,0.21098458875955536,0.2110128548811631,0.2110128548811631,0.2110128548811631
138,0.9500000000000004,0.8891891891891893,0.9432432432432433,0.9972972972972972,0.812371771930583,0.7439192499590235,0.8166905804513194,0.8772592053695477,0.8452939437925938,0.7765979610558248,0.8497576829292663,0.8996431764331726,0.8433802034475884,0.7639116157605136,0.8489697238540603,0.9030144009770983,0.7130805798788725,0.6193724640650077,0.7201822949245772,0.7841579281369542,0.7631871334790331,0.698245124300095,0.7689075519045875,0.8146526738222186,0.08546653236678868,0.045706534305658936,0.08546824800093156,0.12492512381431975,0.21098458875955536,0.2110128548811631,0.2110128548811631,0.2110128548811631
139,0.94945945945946,0.8891891891891893,0.9432432432432433,0.9972972972972972,0.8123245722722711,0.7395233407047552,0.81898331343936,0.8716683362643844,0.8453864183628906,0.7704615083135111,0.8512807411639769,0.900199197048643,0.8440290021724954,0.7710652416646705,0.8479341373157516,0.9030209884700807,0.7136474598297329,0.6198821920003997,0.7226865793855178,0.782159559662251,0.7634016202899646,0.7023160489530871,0.7698085973213806,0.8185565119262668,0.08480481416858647,0.041240731464234605,0.08468614495687529,0.12796040397048156,0.21098458875955536,0.2110128548811631,0.2110128548811631,0.2110128548811631
140,0.9494594594594601,0.8891891891891893,0.9432432432432433,0.9972972972972972,0.811275379015922,0.7305452777280795,0.8161127262201207,0.8708961585191937,0.846611854761963,0.7720795003841204,0.8525437968941427,0.903897809125643,0.843632144916781,0.780238927454711,0.8499900829077269,0.908458035703415,0.7143713667956548,0.6211050092355251,0.7168949981302386,0.7880775448330988,0.7632643331364405,0.7010948724331815,0.7653260053348593,0.8227381192271177,0.08508252360413841,0.045066365752056164,0.08580272291955224,0.12874035475808607,0.21098458875955536,0.2110128548811631,0.2110128548811631,0.2110128548811631
141,0.9486486486486493,0.8891891891891893,0.9432432432432433,0.9972972972972972,0.810642512752112,0.7291723269393212,0.8211458089600114,0.8673937516729597,0.8466678893250968,0.7749149027673323,0.8501665794657705,0.9055174614032043,0.8432039864135499,0.7583432730377336,0.8477895944665681,0.9005771652049949,0.7140610966828049,0.6198968835467568,0.7175428159968078,0.7853591878755167,0.7628818700837579,0.6990704581060041,0.765111300884882,0.8198901510006636,0.08529740494305856,0.040926102057247504,0.08428403429721804,0.13001245355007238,0.21098458875955536,0.2110128548811631,0.2110128548811631,0.2110128548811631
142,0.9467567567567573,0.8621621621621623,0.9432432432432433,0.9972972972972972,0.8116968901922185,0.7258240872701502,0.8191147334591504,0.8717334960352109,0.846735065703102,0.767506057056745,0.8512855848173733,0.9048455729676113,0.843970915432019,0.7688076371872928,0.8480372435152266,0.899349120693932,0.714771910213274,0.6176986010587653,0.7179959135807006,0.7855170513695172,0.7636953208355142,0.7028824197104593,0.765468517493691,0.821179169821702,0.08525404356756892,0.0427978594271515,0.08468662943065058,0.13200161568203375,0.21098458875955536,0.2110128548811631,0.2110128548811631,0.2110128548811631
143,0.9464864864864869,0.8621621621621623,0.9432432432432433,0.9972972972972972,0.8131423492970646,0.7205639131961014,0.8159998532783324,0.8783417759344655,0.8472690418028813,0.7765398513213402,0.8476129758520259,0.9069238900610832,0.8440621908746789,0.7799399695460245,0.8493637330016599,0.9024051279390519,0.7153201630202216,0.6238466560637348,0.7130633929772355,0.7840260470432822,0.7646191534080367,0.7006066177508166,0.7637497214465296,0.8217034318046681,0.08528941935844907,0.03872170843257528,0.08540338246864981,0.1296177046644259,0.21098458875955536,0.2110128548811631,0.2110128548811631,0.2110128548811631
144,0.9467567567567571,0.8621621621621623,0.9432432432432433,0.9972972972972972,0.8157286906596416,0.7333320231764318,0.8226317142865542,0.8761963161900016,0.8472885972471207,0.7801096709399438,0.8531646787789541,0.9115448467549995,0.8436458383677001,0.7725054653505361,0.8465463573912535,0.906606303568843,0.7149840258650825,0.626775866874473,0.7158322580245596,0.7851925224041315,0.7656461897114026,0.7126176824705878,0.7651937243383344,0.8194510273613008,0.0841091730729475,0.039447953837812036,0.08759374080568406,0.12504420649074563,0.21098458875955536,0.2110128548811631,0.2110128548811631,0.2110128548811631
145,0.945945945945946,0.8621621621621623,0.9432432432432433,0.9972972972972972,0.8158034443371233,0.7288252005412112,0.8239762478594667,0.8772424617268503,0.8479335204847205,0.7728825774720115,0.8546250370404985,0.9036529848126538,0.8440602249637174,0.7831652656807726,0.8479900673517713,0.9085128487389952,0.7158818604588795,0.6208151782364315,0.7160454646408887,0.788447127339815,0.7661534262821488,0.7028215642502624,0.7683198431928387,0.8181349771672553,0.08355984367436749,0.038063197878356596,0.08444096874689036,0.1284010396611406,0.21098458875955536,0.2110128548811631,0.2110128548811631,0.2110128548811631
146,0.9456756756756759,0.8621621621621623,0.9432432432432433,0.9972972972972972,0.8163199221158712,0.7281377765068318,0.8204557705066509,0.8784419381628198,0.8480071756923521,0.7782118411460999,0.855464379086092,0.9004908233320705,0.8443291393371074,0.7763466798730946,0.8493412446142832,0.9012058214521619,0.7161915092196317,0.6089734504313532,0.7170115152106176,0.7855913945893167,0.766526738233305,0.7026152176548088,0.7694881038002424,0.8203002081647282,0.08313952310380429,0.03887606476672641,0.08234435424522957,0.12449600449637407,0.21098458875955536,0.2110128548811631,0.2110128548811631,0.2110128548811631
147,0.9459459459459463,0.8621621621621623,0.9432432432432433,0.9972972972972972,0.8164631211094948,0.7378726852943912,0.8186295960503829,0.8813872075301022,0.8486174579797434,0.7795772413243002,0.8500923763377357,0.9042772680985326,0.8438054056326928,0.7698167354000681,0.8484490872882632,0.9013737043524165,0.7162365008492461,0.6147160001380816,0.7180361229879453,0.7847438329537565,0.766569842232563,0.696460390063758,0.7681034379875711,0.8197228321208512,0.08277825973918418,0.03183300950960355,0.08270184712072978,0.12881494811532287,0.2110128548811629,0.2110128548811631,0.2110128548811631,0.2110128548811631
148,0.9456756756756762,0.887837837837838,0.9432432432432433,0.9972972972972972,0.8157202785791812,0.7422709986335413,0.8224680036722558,0.8798276759714174,0.8497630046772936,0.7829023933095757,0.8543903292338512,0.9079919891781192,0.8429278064346364,0.7624943132663935,0.8470961793770088,0.9101261661717753,0.7165631627392005,0.6098476915482168,0.7165028644621952,0.7876015138813709,0.7664174503177119,0.6875506222630479,0.7700313430229564,0.8153329128428206,0.08304683339283223,0.03443360423136073,0.085058365093998,0.12984259462838008,0.2110128548811629,0.2110128548811631,0.2110128548811631,0.2110128548811631
149,0.946486486486487,0.8621621621621623,0.9432432432432433,0.9972972972972972,0.8166925445858549,0.7373231842284699,0.8265371815968907,0.876160565866782,0.8505292585655458,0.7803281415204667,0.8520457391859341,0.9044916098256552,0.8432770682078377,0.7616545856575968,0.8474478519254705,0.9047388771487149,0.7174743461651184,0.61742443382985,0.7215682507138284,0.7851623114181239,0.7673851839369905,0.6948667324252611,0.7711729273379797,0.8140081602649101,0.0826028379732699,0.03694759721797839,0.08467317030518237,0.13235919328272835,0.2110128548811629,0.2110128548811631,0.2110128548811631,0.2110128548811631
150,0.947297297297298,0.8621621621621623,0.9432432432432433,0.9972972972972972,0.8164929294460259,0.7411767547952958,0.826033428180964,0.8767022119494474,0.8508105959516961,0.7811010687815063,0.853640625128503,0.9074874875069486,0.8435805270942831,0.7572830575495332,0.8482104269060916,0.9020104115169636,0.7180311432184051,0.6136060522904316,0.7237792067077311,0.7868903116645204,0.767540639999393,0.701886703296833,0.7692428792963536,0.8191002434272424,0.08265693884116139,0.032858249822924894,0.08280382437189776,0.13410737624794106,0.2110128548811629,0.2110128548811631,0.2110128548811631,0.2110128548811631
151,0.9462162162162169,0.8891891891891893,0.9432432432432433,0.9972972972972972,0.8149761154972959,0.7373241664932779,0.8229348222239306,0.8747368858574016,0.8515617191748752,0.7841005741013967,0.8564868906006793,0.9048838720555321,0.8416642447368479,0.7632058076205178,0.8429765278316846,0.9056283939226556,0.7169668322172051,0.6240885069868977,0.7225420887937708,0.7883320961059096,0.7663293063381065,0.7017738362604309,0.767873696497383,0.8136999689895964,0.08330052935611906,0.04038974742373449,0.0794472185255655,0.13326244235584125,0.2110128548811629,0.2110128548811631,0.2110128548811631,0.2110128548811631
152,0.9462162162162169,0.8891891891891893,0.9432432432432433,0.9972972972972972,0.8138063060856535,0.740061683369893,0.8203684675995649,0.8796575498214777,0.8519330329155888,0.7829446779427309,0.8578175848575691,0.906821702695603,0.8412971250367461,0.7654079154466346,0.843885858856757,0.9043888737453871,0.7169906339137403,0.6233148614869665,0.7268876337528537,0.7952341735097276,0.7657049578625752,0.7024376663423731,0.7708171376683561,0.8168954229101985,0.08290372755415351,0.0391150302819467,0.08109158338717072,0.13312397040926163,0.2110128548811629,0.2110128548811631,0.2110128548811631,0.2110128548811631
153,0.9456756756756762,0.8891891891891893,0.9432432432432433,0.9972972972972972,0.814454975713008,0.7363126255178228,0.8250134340238713,0.8779394356548437,0.8511976114202455,0.789328963734809,0.8562284389562842,0.9047404855497618,0.8397237627478753,0.7649345858030959,0.8423832884885787,0.9060598732220597,0.7150475077726743,0.619750649940815,0.7199959484655525,0.7901027735352661,0.7649784409766061,0.7060210329712198,0.7707900414846836,0.8178993590446223,0.08403043448032482,0.03780255303956219,0.08221577468141637,0.1387325411904405,0.2110128548811629,0.2110128548811631,0.2110128548811631,0.2110128548811631
154,0.9443243243243247,0.887837837837838,0.9432432432432433,0.9972972972972972,0.8155475967452438,0.7370262781249559,0.8175170710602917,0.8840363503382604,0.8517181754770711,0.7889043124056646,0.8566564672905714,0.9027733740984204,0.8404790550051056,0.7711200072004863,0.8440469281345756,0.9087876206814655,0.716238767011157,0.6211798339939392,0.7197531630131624,0.7969549374284722,0.7660853130398263,0.7034130108410444,0.7705484372213707,0.8195906728869529,0.08316407964909633,0.03589374697983902,0.08191750262173342,0.13581993467486111,0.2110128548811629,0.2110128548811631,0.2110128548811631,0.2110128548811631
155,0.9437837837837842,0.8621621621621623,0.9432432432432433,0.9972972972972972,0.8162011389916632,0.7352512081627158,0.8225577077131183,0.8785595608434129,0.8506609190168841,0.7970128267532633,0.8565264004040811,0.8989748106206776,0.8406186811035368,0.7665864861574834,0.8448032468035731,0.9045824850893609,0.7154764622818913,0.6168291590204457,0.7144764075635834,0.7880455290716333,0.7659834119584342,0.693686735894279,0.7697958241725678,0.8229948055486013,0.08346830977891052,0.03688686339016173,0.08163592939637128,0.13973220935125408,0.2110128548811629,0.2110128548811631,0.2110128548811631,0.2110128548811631
156,0.9443243243243247,0.887837837837838,0.9432432432432433,0.9972972972972972,0.8170659950141602,0.7297677943100903,0.8261463341498932,0.8796818270076636,0.8500394841215947,0.7934424467413865,0.8548764202162663,0.8955549942686764,0.8391114863041857,0.7623844573700822,0.8429319088820462,0.9079677983182348,0.7136930208346739,0.6100629499197745,0.7164569838225887,0.7881209061347386,0.7656231032797649,0.7083723544032637,0.7717854068522229,0.8243580717583497,0.08353231677832655,0.03949435951047617,0.07970786024983817,0.13835634150948814,0.2110128548811629,0.2110128548811631,0.2110128548811631,0.2110128548811631
157,0.9454054054054059,0.887837837837838,0.9432432432432433,0.9972972972972972,0.8179287536319346,0.7350356515194929,0.8285433320304428,0.880752652747199,0.8497680862481727,0.7926336748526788,0.8562773346817618,0.8931043652996669,0.8390241346002812,0.7654834059459455,0.8466436584261747,0.9060536959881603,0.713343898018226,0.6115771621977357,0.7197777519124138,0.7822457654614815,0.7658500908294598,0.7093357391614591,0.769534911029278,0.8161216708067613,0.08363892643190401,0.038860830070022036,0.07701580370270007,0.13523295543235603,0.2110128548811629,0.2110128548811631,0.2110128548811631,0.2110128548811631
158,0.9462162162162167,0.8621621621621623,0.9432432432432433,0.9972972972972972,0.8190389673303347,0.7313768274245489,0.8264781079447401,0.8814967498036059,0.8487129582649885,0.7949981071155278,0.85428235933284,0.9064573754832151,0.8377172760460202,0.7587545230119932,0.8431566817913456,0.9026425161168943,0.7113721310212822,0.611982232802564,0.7221393426833361,0.7846876694075984,0.7654562660608916,0.7060822990465738,0.769329101141746,0.8155415934285577,0.08391298912512773,0.039150363298074836,0.0801973874807683,0.13547958694719595,0.2110128548811629,0.2110128548811631,0.2110128548811631,0.2110128548811631
159,0.9464864864864871,0.8621621621621623,0.9432432432432433,0.9972972972972972,0.8201429331882547,0.740721191017334,0.8297712970785012,0.8818104905689593,0.851763341521484,0.8003325073830054,0.8544112126378494,0.9008120476090941,0.8379738268697616,0.766557924826291,0.8446107892998358,0.8949994015008396,0.7141075790117486,0.6179774331383653,0.7228108024784574,0.7834261695329732,0.7674212182009853,0.7104408393330137,0.7721871324709921,0.8190111983910047,0.08274302735200312,0.04051554955289271,0.08068801834112069,0.14082423023424542,0.2110128548811629,0.2110128548811631,0.2110128548811631,0.2110128548811631
160,0.9470270270270278,0.8621621621621623,0.9432432432432433,0.9972972972972972,0.8213250734950749,0.7340696211146852,0.8290716704426271,0.8775836391504186,0.8528439710978253,0.80726037149992,0.85612615165716,0.8963885611529722,0.8393576753072358,0.7760524898421729,0.8440281735722095,0.8954925418145063,0.7161460106393605,0.6210273540471076,0.7218497533359102,0.7872989109235925,0.7690002396782545,0.7082229795450111,0.7763771259629488,0.8189193586054863,0.08295639841362112,0.03900627092491798,0.0779352161722054,0.13515693058299233,0.2110128548811629,0.2110128548811631,0.2110128548811631,0.2110128548811631
161,0.9462162162162171,0.8621621621621623,0.9432432432432433,0.9972972972972972,0.8195278324416312,0.724437033551566,0.8306526044391713,0.880828090206799,0.8544550861714022,0.8001524609719853,0.8531976476907,0.9047753570475497,0.8396384928042805,0.7680067143845427,0.8421724816250521,0.8991694936716196,0.7176710988029533,0.6239569889056499,0.725250194610268,0.7872479333090401,0.7688495779539979,0.7020963751049238,0.7739720883466437,0.8228634209017546,0.08396664526141433,0.040509395749554464,0.08063903787563634,0.13637813617682656,0.2110128548811629,0.2110128548811631,0.2110128548811631,0.2110128548811631
162,0.9456756756756765,0.887837837837838,0.9432432432432433,0.9972972972972972,0.8198447805851918,0.734488232417263,0.8326709897644748,0.8761685783578836,0.8543108280593285,0.797743536343206,0.8558255247983673,0.9024277952804449,0.8397565429557915,0.7725850354831603,0.842283548690375,0.8965505041567954,0.7176415085893783,0.6333458026585634,0.7231390135708496,0.787819468551084,0.7689848375235604,0.7001605439610563,0.7715425431442025,0.8203227956957795,0.08340481444021258,0.04275371069023172,0.07709222036624513,0.13688533046342258,0.2110128548811629,0.2110128548811631,0.2110128548811631,0.2110128548811631
163,0.9456756756756767,0.8621621621621623,0.9432432432432433,0.9972972972972972,0.8202105831214155,0.7350852492766375,0.8298045527732373,0.8758072586175901,0.8535948975626243,0.7999150553396767,0.8585679010535106,0.9043569407202291,0.8413015460882391,0.7688811617685379,0.8414947333988145,0.8991493259206106,0.7183057496048577,0.6355455708031837,0.7225181597460149,0.7881506123056792,0.7694422332300421,0.6966822461690605,0.7736730277207298,0.8179975288320527,0.08292816218292659,0.04234472177633421,0.08011621583083292,0.13912511915914738,0.2110128548811629,0.2110128548811631,0.2110128548811631,0.2110128548811631
164,0.9451351351351361,0.8621621621621623,0.9432432432432433,0.9972972972972972,0.8194854266743506,0.7378110314489343,0.8255006581330173,0.8771569576737315,0.8536473836396753,0.7969048934875377,0.8555535415327846,0.9043741467576422,0.8397068509469079,0.7736640105014795,0.8416347422883115,0.895806369426411,0.7168942346054401,0.6440841656423103,0.7214525456783182,0.7775450080945966,0.768387059164552,0.695790089786221,0.7702877337245474,0.8180037029922442,0.08367948140174854,0.03863174559052858,0.08104291898773278,0.1346305450180572,0.2110128548811629,0.2110128548811631,0.2110128548811631,0.2110128548811631
165,0.9467567567567577,0.887837837837838,0.9432432432432433,0.9972972972972972,0.8179315515093661,0.7370200182267939,0.828203676892699,0.8779700682928581,0.8545135004032005,0.8025909416014521,0.8554933340959942,0.9104320287012805,0.8403257370984203,0.7628182079402355,0.8416630136709535,0.8955757084837644,0.7182123814329738,0.637509471282608,0.7175899860060905,0.782063070055977,0.7682775686129212,0.6984844054216368,0.7701346504040513,0.816706825877274,0.08331506077909241,0.03814116854005811,0.08235179494359149,0.1338774542731731,0.2110128548811629,0.2110128548811631,0.2110128548811631,0.2110128548811631
166,0.947297297297298,0.887837837837838,0.9432432432432433,0.9972972972972972,0.8167558060655702,0.7356986165898131,0.822592059716039,0.8811807274023944,0.8541945445347784,0.795001917191326,0.8543435567418716,0.9121513583399014,0.8415779467651022,0.7695831226718769,0.8448716829582503,0.9021263994660113,0.7190651328794544,0.6394701303672582,0.7214148328119039,0.7906612962330413,0.76806323527066,0.6993453059884147,0.7715760549544619,0.816000227602705,0.0827248361194847,0.0367366016419034,0.08079556706544713,0.12788855799590906,0.2110128548811629,0.2110128548811631,0.2110128548811631,0.2110128548811631
167,0.9483783783783791,0.887837837837838,0.9567567567567568,0.9972972972972972,0.8163281278210904,0.7238251192220647,0.8227082877161602,0.8744993280089428,0.8536712449649054,0.8022495119513036,0.8563094378279408,0.91085860223478,0.8407889169675411,0.7687293665014736,0.8420252711115552,0.8989166199174131,0.718008802052428,0.6338285492511941,0.727108488794797,0.7820941927444577,0.7671925242784822,0.6946063944494564,0.7731632191018173,0.8151014699775642,0.08189721494210084,0.041144742823418456,0.07887141998760275,0.12522369237469536,0.2110128548811629,0.2110128548811631,0.2110128548811631,0.2110128548811631
168,0.9470270270270277,0.8621621621621623,0.9432432432432433,0.9972972972972972,0.8160450450391207,0.7305699716244174,0.8227434867019738,0.8710165279441415,0.852210300756503,0.7944622238394181,0.852771767094413,0.9017397379029743,0.840912199617803,0.7671782116483792,0.8457292690973188,0.9017996778532945,0.7168065996304354,0.6340501812348526,0.7253882589030803,0.781252837953169,0.7664647716114424,0.7018898220278821,0.7716946408234671,0.8112744400688489,0.08247149636643852,0.041525317614900026,0.08101072582416274,0.12843141601884822,0.2110128548811629,0.2110128548811631,0.2110128548811631,0.2110128548811631
169,0.9470270270270276,0.887837837837838,0.9432432432432433,0.9972972972972972,0.8174281169155185,0.7423272051754889,0.8252121062098159,0.8753719543221834,0.8522299990892749,0.800155605156933,0.8514141873244128,0.9043089115864674,0.840095195185024,0.7691709080960611,0.8417349043866155,0.8997249286067972,0.7160587872838794,0.6400774620976781,0.7261889788622551,0.7745613454068532,0.7667888966094057,0.7111984758478886,0.7719175867466892,0.8102934343710362,0.08199886519567373,0.0380176086426736,0.08011322515190776,0.12774997827263582,0.2110128548811629,0.2110128548811631,0.2110128548811631,0.2110128548811631
170,0.9470270270270273,0.887837837837838,0.9432432432432433,0.9972972972972972,0.8189051878400029,0.7481348534512792,0.8234985516534867,0.8831939159833461,0.8530231209278657,0.8032654224479269,0.8508601892266074,0.9044900916172061,0.8419203241829006,0.7694692065505413,0.8437284125814384,0.8950115253203587,0.7182451783966691,0.6414067160424506,0.7267960670150464,0.7791019799968641,0.7686715724306711,0.70935788089192,0.7748179176518041,0.8148768097104918,0.08138049569280029,0.04027236652983699,0.07636890237142506,0.12564440297044552,0.2110128548811629,0.2110128548811631,0.2110128548811631,0.2110128548811631
171,0.9475675675675679,0.887837837837838,0.9432432432432433,0.9972972972972972,0.8187835061388885,0.7529686419364925,0.8219815334499638,0.8776356719173762,0.8541283337801654,0.8000542467915842,0.8557321409441998,0.9057937865601923,0.8428348690081978,0.7780647340387457,0.8452171469052843,0.8930073891643471,0.7199766737407733,0.6324633690677811,0.726905189344534,0.7803565772049047,0.7694881553556471,0.7145818682981894,0.7742959630725095,0.8187008610782978,0.08142088807088715,0.03996199055059116,0.08068801587700651,0.12609316019493855,0.2110128548811629,0.2110128548811631,0.2110128548811631,0.2110128548811631
172,0.9475675675675679,0.887837837837838,0.9567567567567568,0.9972972972972972,0.8187107264665161,0.7554531035824619,0.8196529200614306,0.877644702399746,0.8528756649935534,0.8054767631057533,0.8505220175210475,0.901349736690688,0.8435804047229911,0.7783412184310465,0.8476821874323426,0.8964779471493445,0.7195474474622132,0.6359781516853041,0.7271654203944697,0.7799732591566131,0.7691988534492671,0.7160093116150398,0.774056248815033,0.8136707948552708,0.08212989494847195,0.04260018588951949,0.08250533367408439,0.1282803148646583,0.2110128548811629,0.2110128548811631,0.2110128548811631,0.2110128548811631
173,0.9472972972972978,0.887837837837838,0.9567567567567568,0.9972972972972972,0.8188439987918231,0.7554488312457235,0.8198484536096196,0.8763337791778835,0.8538006334772734,0.8059540278852231,0.8573183954148749,0.901462146935814,0.8447476697721932,0.7872325473788443,0.8504333269055054,0.8982280250203972,0.7212862727085799,0.6409167715230897,0.7275962112897909,0.775711064175858,0.7701079502278257,0.7219874598453062,0.7735271394443322,0.8125794698484681,0.0826409085909947,0.04068429844259881,0.08176702509487574,0.1258997869243522,0.2110128548811629,0.2110128548811631,0.2110128548811631,0.2110128548811631
174,0.947567567567568,0.8891891891891893,0.9432432432432433,0.9972972972972972,0.8179041723474825,0.7536850846455935,0.8190865857627043,0.8765464146070259,0.8532974678089196,0.8007098518596372,0.8508859672015541,0.9000850036495752,0.8444027813038167,0.7784998432659237,0.8504701096292298,0.8992935544295281,0.7205712504101601,0.6475522345198569,0.7245886242469524,0.7775228077130919,0.7692587757830996,0.7173750543255049,0.7691504120882344,0.8175999176565489,0.08214546512849069,0.04045576674254723,0.08128153560527565,0.132149978761388,0.2110128548811629,0.2110128548811631,0.2110128548811631,0.2110128548811631
175,0.9478378378378384,0.8891891891891893,0.9702702702702702,0.9972972972972972,0.8172957455950709,0.754398988810092,0.817915522488396,0.8812064265622929,0.8537326024019937,0.8051875780354697,0.8539688469362738,0.899403149744285,0.8449787494538987,0.7863418751147295,0.8504561732031368,0.899968122896833,0.7214414829029953,0.6556419452592313,0.7254121004718306,0.7880444308283522,0.7694019091105541,0.7149217834430739,0.7688956897382193,0.8196075586781942,0.08160230213898317,0.04194674187624869,0.07934297318221993,0.1287891321276347,0.2110128548811629,0.2110128548811631,0.2110128548811631,0.2110128548811631
176,0.9489189189189193,0.887837837837838,0.9702702702702702,0.9972972972972972,0.8189690109517977,0.7478803361219457,0.8207226973032845,0.8825667923809875,0.8522647088057371,0.7974921549058377,0.8574927449904123,0.9017690036616015,0.8446893593066099,0.7719767309817119,0.8484058908122498,0.905295250544773,0.719990009412991,0.6433821658730114,0.7235151817118504,0.7917511928448049,0.7697129247784308,0.7070858572620506,0.7739187342290572,0.814156346834798,0.08082561734300411,0.03820096767326265,0.07716574489880425,0.12936861216674284,0.2110128548811629,0.2110128548811631,0.2110128548811631,0.2110128548811631
177,0.9494594594594596,0.887837837837838,0.9702702702702702,0.9972972972972972,0.8205907060916612,0.7413752820220073,0.8285288284133643,0.8763086899120598,0.8519321938064998,0.8008975019599964,0.858425697085694,0.8949817647177956,0.8460004944655278,0.7838385038556308,0.8497586815254379,0.9056501420641132,0.7208903547233619,0.6427182400742079,0.7211752774440682,0.7936726603111239,0.7709325600525067,0.7091907901560356,0.7713253545468898,0.8200119719162083,0.08103571333886485,0.03892661307706274,0.07784603827973649,0.13557319099512274,0.2110128548811629,0.2110128548811631,0.2110128548811631,0.2110128548811631
178,0.9505405405405408,0.887837837837838,0.9702702702702702,0.9972972972972972,0.8209990573452712,0.750513031737158,0.8250914434953083,0.884008774864714,0.851568884461751,0.7931035780182281,0.855349646806234,0.8992639705745826,0.8462000692480645,0.7781227460359128,0.8497917859074189,0.9055405598000315,0.7207369868943616,0.6530511084201667,0.7192245174008789,0.7970291556140828,0.7710340073968155,0.7191566236899036,0.7728792909554044,0.8190358777461242,0.0805558736155667,0.04304593305481868,0.07567983519258703,0.13074678931924927,0.2110128548811629,0.2110128548811631,0.2110128548811631,0.2110128548811631
179,0.9505405405405409,0.887837837837838,0.9702702702702702,0.9972972972972972,0.8196445261752027,0.7599533508122119,0.8235113354307599,0.8871913838936387,0.8503939451976565,0.7846051149284895,0.8542523965166946,0.895371494455991,0.8464136172264562,0.7896931452752629,0.8493315127964416,0.9100600983538614,0.7198984361718281,0.6509122007400289,0.7200015568800902,0.789919455544177,0.769911024378636,0.7138249821968918,0.7737906432002473,0.8159491936705974,0.08095111954476744,0.043065787024918305,0.07372413889830859,0.12997263737069206,0.2110128548811629,0.2110128548811631,0.2110128548811631,0.2110128548811631
180,0.951621621621622,0.8891891891891893,0.9702702702702702,0.9972972972972972,0.8190203839711598,0.7541830557933692,0.8211228107080332,0.8833763165282924,0.8499549824243914,0.7871669283514037,0.8555928980200547,0.9045232928249298,0.8463671358930278,0.7861240451055034,0.850270032536238,0.9045956301339187,0.719463810681039,0.6398985041869246,0.7169691120540822,0.7977061250301122,0.7694443592239465,0.7133277476487633,0.7733485266128103,0.8170587062456064,0.08178162723337809,0.03626947428817103,0.0779635035508639,0.13022685116630592,0.2110128548811629,0.2110128548811631,0.2110128548811631,0.2110128548811631
181,0.9513513513513517,0.8891891891891893,0.9702702702702702,0.9972972972972972,0.8190622293181478,0.7612940450146143,0.8195685872608869,0.8840851964986228,0.8486743364527471,0.7928125023389365,0.8531027966086004,0.897237791995925,0.8457266927501864,0.7783910047731726,0.8494573796113964,0.9035382642179896,0.7177985804553008,0.6397746667351825,0.7128146496284807,0.792330287334462,0.7686635411614937,0.7074869956361609,0.7716980545690915,0.8175004212871331,0.08190805482820224,0.03881407798125203,0.07754493243869252,0.13471688110226746,0.2110128548811629,0.2110128548811631,0.2110128548811631,0.2110128548811631
182,0.9521621621621624,0.8891891891891893,0.9702702702702702,0.9972972972972972,0.8188366257102412,0.754008358262921,0.8185743766242289,0.886447926124158,0.8492195835380179,0.7846367780808291,0.8516006964565456,0.8976662230863731,0.8457170422358423,0.78337096553366,0.8506383498817256,0.9034313296756635,0.7182434456803537,0.6429402725064112,0.7216023501586963,0.790662349321283,0.7687586328223177,0.7103714311560198,0.7698282672757053,0.8190657665118879,0.08206078153431152,0.035945627586159525,0.07880009842019055,0.1313992463752525,0.2110128548811629,0.2110128548811631,0.2110128548811631,0.2110128548811631
183,0.9516216216216219,0.887837837837838,0.9702702702702702,0.9972972972972972,0.8195730997469766,0.7549969268418216,0.8199440865144348,0.8835297597890734,0.8478300558321108,0.7743155564570872,0.8526097816474693,0.8998900693156303,0.8468923899628283,0.7866332995055977,0.8527992710267855,0.901089419623881,0.7182002913789316,0.6487994719101429,0.7219708021396947,0.786147482290175,0.7690985591570464,0.7147579556393325,0.770217733422183,0.8178593607983746,0.08181702131424934,0.039926410723931806,0.07898478200038123,0.13567692533533637,0.2110128548811629,0.2110128548811631,0.2110128548811631,0.2110128548811631
184,0.9513513513513517,0.887837837837838,0.9702702702702702,0.9972972972972972,0.820327451352128,0.756950470142529,0.818424585665371,0.8790875559851058,0.8477149289239214,0.7782295250539796,0.8551477572557566,0.9025164018170655,0.8480075224374707,0.794474087812615,0.8492559583092631,0.9064713487603931,0.7190519111025558,0.6354249288799716,0.7237196508679207,0.7851105699657768,0.76991076420452,0.7148091252065862,0.7716690551275959,0.815777542809223,0.0818091398138481,0.03858739548203818,0.08293451318839107,0.13687278004138848,0.2110128548811629,0.2110128548811631,0.2110128548811631,0.2110128548811631
185,0.9516216216216222,0.8891891891891893,0.9702702702702702,0.9972972972972972,0.8213609299212599,0.75668880139403,0.8206375034173133,0.8766042767909461,0.8486348607719439,0.7870511361834331,0.8526911703308813,0.8975899669643687,0.848420682413918,0.7883018583066175,0.8507397956059526,0.9075089399862023,0.7201758160653462,0.6355622811667488,0.7237672745990988,0.7812003871754352,0.770956714079874,0.7188117263537949,0.7720907995714843,0.8185909902401586,0.08142035459020576,0.040275753520918424,0.0804569250860235,0.13858288666491086,0.2110128548811629,0.2110128548811631,0.2110128548811631,0.2110128548811631
186,0.9529729729729733,0.8891891891891893,0.9702702702702702,0.9972972972972972,0.8205300709237349,0.7523689052362496,0.8214432391904738,0.874552760794331,0.8475743292963521,0.7885311941528256,0.8495092631440898,0.9013915313490283,0.8491590727360593,0.7905972118026363,0.8548981420999702,0.9053655871171067,0.7198027559218519,0.646029437883394,0.7228024899580985,0.786746841344504,0.7703701178447351,0.7170766932358821,0.7725556688210113,0.8224352720032336,0.08070330555743623,0.03628956381374654,0.0774222802189477,0.13888473005926733,0.2110128548811629,0.2110128548811631,0.2110128548811631,0.2110128548811631
187,0.9532432432432436,0.8891891891891893,0.9702702702702702,0.9972972972972972,0.8200379029370685,0.7590664198282394,0.8223004956439677,0.8839485747947344,0.8467736210814556,0.7806529238361871,0.8517613844574131,0.8993733115461708,0.8489060795289586,0.7857741469025347,0.8512344623126975,0.9025418459683148,0.7188914612698494,0.6441082662756688,0.7216275277418738,0.7883945447275319,0.7697807310288752,0.7194958383303488,0.7722268185196627,0.8147719007872414,0.08074370675804725,0.034620928454852706,0.0796017323337479,0.13380998653129156,0.2110128548811629,0.2110128548811631,0.2110128548811631,0.2110128548811631
188,0.9540540540540544,0.8891891891891893,0.9702702702702702,0.9972972972972972,0.8210494229282339,0.7533465776733048,0.8243894296458488,0.8837487775163096,0.8459989367599294,0.7849670417159358,0.8484933429667578,0.8938273145590933,0.8483669857780671,0.7802663502247373,0.8522198683092062,0.9053569474957551,0.7177681726419611,0.644159823008074,0.7244920057904968,0.7896606867039005,0.7696471500532835,0.7120090873657748,0.7703998803267371,0.8167931077934957,0.08008124957382344,0.03413516158296638,0.0797897009380521,0.1412972329770371,0.2110128548811629,0.2110128548811631,0.2110128548811631,0.2110128548811631
189,0.9556756756756758,0.8891891891891893,0.9702702702702702,0.9972972972972972,0.8174282572417992,0.7435210514622371,0.8265451634802718,0.8841588420858766,0.8453973287302615,0.7824121961461643,0.8462088867966804,0.8991719130636565,0.8458975473671488,0.7756151034064556,0.8533998269725496,0.8998466180716049,0.7152163189628472,0.6304723799956865,0.7192357988484547,0.7823895131113772,0.7667190313268185,0.7066874505215281,0.7700646467323435,0.820831659180754,0.08107891839476021,0.03295888776389426,0.07720290431982418,0.13681738644873376,0.2110128548811629,0.2110128548811631,0.2110128548811631,0.2110128548811631
190,0.9567567567567569,0.9162162162162163,0.9702702702702702,0.9972972972972972,0.8156176337757287,0.7125815416739434,0.8240481375638617,0.8902674051443328,0.8456426667324708,0.77588566856652,0.845741205124663,0.8949701638511491,0.8435434768230834,0.7642510918317947,0.8477769186406511,0.900489703394836,0.7133344437174607,0.6254409418793809,0.7181495919470975,0.7814450458625574,0.7648993820165688,0.7019402843654734,0.7697677887151837,0.8176906282107768,0.08098108451528983,0.03230459255791241,0.08254154555404929,0.13137038439396695,0.2110128548811629,0.2110128548811631,0.2110128548811631,0.2110128548811631
191,0.9562162162162163,0.9162162162162163,0.9702702702702702,0.9972972972972972,0.816914508208199,0.72041517445001,0.8249670278640748,0.8863448930820135,0.8450882155681195,0.7794787934138719,0.843143873801202,0.8995022475178889,0.843317774711493,0.752409819419963,0.8479532257250005,0.9015455247134128,0.7126651284828089,0.6201058314901972,0.7137390971898867,0.7914017742738535,0.7650284361050959,0.7020544239852715,0.7706526119141629,0.8148556410141946,0.0810076332029004,0.03659184875529512,0.08199167232418131,0.13619371726412835,0.2110128548811629,0.2110128548811631,0.2110128548811631,0.2110128548811631
192,0.9562162162162163,0.9162162162162163,0.9702702702702702,0.9972972972972972,0.8174541833250641,0.731620178377334,0.8257437517062785,0.8812736239080156,0.8468159689908105,0.7699720398689076,0.8500865353103151,0.90040689648672,0.843277866601138,0.7586233696807994,0.8456408845086214,0.898252458673317,0.7141777742827641,0.6280737551243927,0.7180235057285922,0.7914559462580544,0.7659975998477444,0.7001937383723398,0.7696655698251502,0.816949142950034,0.08139358371447127,0.03566819075050882,0.08110509148414165,0.1296717227725396,0.2110128548811629,0.2110128548811631,0.2110128548811631,0.2110128548811631
193,0.9559459459459458,0.9162162162162163,0.9702702702702702,0.9972972972972972,0.815908797691566,0.7282260791209136,0.8225218947733196,0.8843622690520189,0.8446389160635108,0.7601895159670433,0.8496517408406725,0.9000530044969712,0.8447396709489938,0.7652963991009417,0.8531713086913789,0.9015100575482108,0.7135823703199532,0.615881250330054,0.7175305265074285,0.7928014891010988,0.7650780985461219,0.6889629127759921,0.7689588231383281,0.8156939177988201,0.08189947683068924,0.030501608538449985,0.07839492030869369,0.13700914848339796,0.2110128548811629,0.2110128548811631,0.2110128548811631,0.2110128548811631
194,0.9559459459459461,0.914864864864865,0.9702702702702702,0.9972972972972972,0.8157909902107108,0.7245006399082506,0.8243722065343697,0.8784519434132676,0.8441619235477986,0.7554209764361804,0.8482466747231461,0.9052264293886729,0.8445377521263818,0.7719449480927575,0.8488540765210086,0.901060052836071,0.7130838347530257,0.607775172368282,0.7132091914250316,0.793669815328712,0.7646910241427588,0.6894852615531862,0.7670873846368742,0.8170236803384193,0.08134852857000782,0.033316649037760174,0.07927900942357172,0.1355902568660059,0.2110128548811629,0.2110128548811631,0.2110128548811631,0.2110128548811631
195,0.9554054054054059,0.8891891891891893,0.9702702702702702,0.9972972972972972,0.8167137444346134,0.7298089097305015,0.8220562537269931,0.8777642293984801,0.8442624931502912,0.746119253025844,0.8488647910996898,0.8995714263139777,0.8441137409857583,0.7797379984335734,0.8487477594795625,0.903874598175345,0.7127286132253494,0.6098187530712275,0.7137952561641141,0.7896974178290803,0.7649088721689188,0.6933671154045884,0.7671336258405707,0.8137413672566093,0.08186626953702664,0.03338943207883609,0.08031927813183203,0.13565723004769634,0.2110128548811629,0.2110128548811631,0.2110128548811631,0.2110128548811631
196,0.9554054054054059,0.8891891891891893,0.9702702702702702,0.9972972972972972,0.8193944759683407,0.7377360489541916,0.8256911547229211,0.8790668077393073,0.844806389760123,0.7483661700558739,0.8488659552499606,0.9071354455197217,0.8457776185043031,0.783932479780422,0.8484341334050114,0.9008903553426554,0.7146163780445112,0.6207156088767731,0.720128144054772,0.7925610991466997,0.7671747944268982,0.7012171438698909,0.7706443751782609,0.818663610739906,0.08053347671111188,0.033333109706492406,0.08016201125875777,0.12876501838795942,0.2110128548811629,0.2110128548811631,0.2110128548811631,0.2110128548811631
197,0.9567567567567571,0.9162162162162163,0.9702702702702702,0.9972972972972972,0.8198936413476764,0.7353456101965326,0.8251772976966266,0.8792475724179857,0.8435680688980131,0.7583383697581892,0.8440903213201629,0.9028373787004544,0.8457574337654333,0.7797677114620486,0.8484838663359946,0.9016722456630195,0.7136125376541219,0.612262052110506,0.7159698853166637,0.7995863422788049,0.7668526391161056,0.7018607391445905,0.7720481337909817,0.8241160372061441,0.08031931901800371,0.03373218007642058,0.07705505934520866,0.13094690473706777,0.2110128548811629,0.2110128548811631,0.2110128548811631,0.2110128548811631
198,0.9575675675675679,0.914864864864865,0.9702702702702702,0.9972972972972972,0.8197776781790457,0.7349392142016987,0.8251018079863215,0.8791800897367789,0.8438029662361187,0.7676202073688455,0.8473461718689567,0.9027319402560898,0.8454440282263715,0.7802437884486245,0.850213402424498,0.9002586739736058,0.7135504013095941,0.6160616978234855,0.7196698091572917,0.7929088146514842,0.7667239857046624,0.7029351834709948,0.7699077554486977,0.8211855588749435,0.0797747712036568,0.03369126928766408,0.07603418520606522,0.13126968169452502,0.2110128548811629,0.2110128548811631,0.2110128548811631,0.2110128548811631
199,0.9572972972972975,0.8891891891891893,0.9702702702702702,0.9972972972972972,0.8196195230873491,0.7351888520521753,0.8273089894018267,0.8751413526781519,0.8448645716796475,0.7777419602625848,0.8486133371842495,0.9042597829283132,0.845129551177214,0.7749277786195785,0.8498487022981593,0.90695151756768,0.7142696048321434,0.6207871563288317,0.7181774284131266,0.7981424656197268,0.7669177597378806,0.7030695922647442,0.769433746472939,0.8237480027333615,0.07983901286100427,0.036756843348691184,0.07869099168323793,0.1325726130534855,0.2110128548811629,0.2110128548811631,0.2110128548811631,0.2110128548811631
200,0.9354054054054056,0.887837837837838,0.9432432432432433,0.9702702702702702,0.8202298391490129,0.7379435146976207,0.8276936080408857,0.8786704487081209,0.8450163759546646,0.7721570231228918,0.8484289305972181,0.9064023391255399,0.8459855228460245,0.7753819398662912,0.8494372589711265,0.9124590966051487,0.7151367623913828,0.6219248739590472,0.7191385362640159,0.8018029810904846,0.7676608849540568,0.7018580129701998,0.7696103697809358,0.8274998571396015,0.08213554930613055,0.03960675699258271,0.07891828193455845,0.1336557607494175,0.2110128548811629,0.2110128548811631,0.2110128548811631,0.2110128548811631
201,0.9148648648648654,0.8621621621621623,0.9162162162162163,0.9702702702702702,0.8193271956949657,0.7320912396592676,0.8254231310656048,0.8732296215556061,0.8437467076221055,0.7649881612275968,0.8459249570317708,0.9035443276869954,0.845504946734538,0.7689286971970467,0.8462007012088135,0.9072813550920057,0.7137516100165385,0.617096250156596,0.7135050284196067,0.7900262031081201,0.7664522255014243,0.6967452753547722,0.77179806482719,0.8269445836543261,0.08601819527836606,0.045880486063771195,0.0844410933086975,0.13728242823481995,0.2110128548811629,0.2110128548811631,0.2110128548811631,0.2110128548811631
202,0.8935135135135143,0.8351351351351354,0.8891891891891893,0.9432432432432433,0.8152145120641212,0.7247061252986263,0.8222269842293377,0.8740517654754165,0.8429686482465258,0.7645371548044544,0.8477834818629892,0.904335747060367,0.8452312394082555,0.7669297607831638,0.8474013527170464,0.9168001667136512,0.7128380005078391,0.6121028594714554,0.7188270530773431,0.8026784761447269,0.7640124556525143,0.6862871544678742,0.7724786607220667,0.8255101894572469,0.09097101792168522,0.0440961784110476,0.08952547239725114,0.14150468331247806,0.2110128548811629,0.2110128548811631,0.2110128548811631,0.2110128548811631
203,0.8754054054054056,0.8081081081081084,0.8891891891891893,0.9432432432432433,0.8094723897592382,0.7122314679662795,0.8177920859115877,0.876818508653339,0.8421185193281073,0.7591150868316345,0.8467391269207023,0.9063359663048893,0.8449504585839581,0.7630307625827955,0.8466920102532283,0.923149462510165,0.7118942843923078,0.6057818788603752,0.7168416918663283,0.7968612729297649,0.7607602688051882,0.6845034176891096,0.767624458802693,0.8231397720075738,0.09665432602250856,0.05210789024979537,0.09346232000383764,0.14852656063624445,0.2110128548811629,0.2110128548811631,0.2110128548811631,0.2110128548811631
204,0.8548648648648651,0.8067567567567571,0.8621621621621623,0.9162162162162163,0.8040169981240433,0.7053507347339236,0.8115136886784315,0.8701251575385655,0.8386854146439205,0.7516975752470537,0.8469743922862412,0.9026573659085826,0.841983364490375,0.7591899674171483,0.8426046353839116,0.907089777191174,0.7063256571122275,0.6042048472562621,0.7138682996215333,0.7908262509405862,0.7553150939608868,0.6826370729411111,0.7601653855617813,0.8199030018982885,0.10202278591952638,0.05758829774955192,0.10025157123223431,0.15476935476232204,0.2110128548811629,0.2110128548811631,0.2110128548811631,0.2110128548811631
205,0.8337837837837843,0.7810810810810813,0.8351351351351354,0.8891891891891893,0.7955626004742831,0.6949777474165444,0.8041042356193239,0.8634114231835188,0.8366341974400535,0.7423013539782097,0.8439858833643976,0.8990061684974218,0.8405511985740425,0.7632168693359345,0.839555118135554,0.9055830324864804,0.7032617734163771,0.6061750063446326,0.710420672506028,0.7931029496785085,0.7494649561852753,0.6777741122006199,0.7534376937832061,0.8119490972237784,0.1077658708324304,0.06430022172339778,0.10478127439170462,0.1604173505215329,0.2110128548811629,0.2110128548811631,0.2110128548811631,0.2110128548811631
206,0.8118918918918924,0.7540540540540543,0.8081081081081084,0.8621621621621623,0.787848772304941,0.687511842456533,0.7989767068584857,0.8553915232264672,0.8336679796873772,0.7370026536655763,0.841767212794077,0.8951042510938522,0.8372948904320868,0.75389176815695,0.8401962004911483,0.9047954062613176,0.6979079596299804,0.5967467268913174,0.7044407235725418,0.7816683342045986,0.7429824305674672,0.6707662784903069,0.7449514719573738,0.8106204194742588,0.11436734869475325,0.07090481606396908,0.11326914329556968,0.1673040214887751,0.2110128548811629,0.2110128548811631,0.2110128548811631,0.2110128548811631
207,0.7916216216216221,0.7270270270270274,0.7810810810810813,0.8621621621621623,0.7805444025053788,0.67740235253474,0.7914536287574544,0.8506917471620672,0.8316504331150704,0.7298660115321942,0.8380437392279976,0.9031634553345982,0.8347475827680343,0.7560104321441676,0.8388181586035127,0.9035603090758769,0.694090848008981,0.5951808142457229,0.6951429994872249,0.779759875839467,0.7373292214319398,0.6689264311294496,0.7374718860283217,0.8012204011030051,0.12142557745147388,0.08033785993075065,0.11688380091677206,0.1749007512025615,0.2110128548811629,0.2110128548811631,0.2110128548811631,0.2110128548811631
208,0.7716216216216221,0.7000000000000003,0.7810810810810813,0.8351351351351354,0.7717385404012199,0.6665509387548249,0.7818940050940713,0.8440821240177403,0.8277870868290672,0.7228962996389195,0.8355517560471191,0.8970185755410263,0.8332062524851997,0.7607998201590956,0.8355595425276007,0.9050601292855627,0.689509240459858,0.5916930689221126,0.6958346790461174,0.7710498967413608,0.7307793954820186,0.6486350355615835,0.7318212438799397,0.7957910870149331,0.12782661359954245,0.08576888355751007,0.12557664351661998,0.17634976562923035,0.2110128548811629,0.2110128548811631,0.2110128548811631,0.2110128548811631
209,0.7491891891891891,0.6729729729729734,0.7540540540540543,0.8351351351351354,0.7630615947767996,0.6566607147939046,0.7706548535094153,0.8345165298475179,0.8248147410367966,0.7165681585328822,0.837557602641499,0.890680171189309,0.8249228134815969,0.7410082550818584,0.8288392284208111,0.907945728551581,0.6799809440625033,0.5812097033289502,0.6864753505655499,0.7712534101192349,0.7217206122801236,0.6369083541110184,0.72353495284716,0.7900013760743263,0.13578824909370513,0.08961911346930093,0.13434485650711303,0.18327008348522203,0.2110128548811629,0.2110128548811631,0.2110128548811631,0.2110128548811631
210,0.7272972972972974,0.6459459459459463,0.7270270270270274,0.8081081081081084,0.7480018492762273,0.610302577339446,0.7588321389445447,0.8220666776184153,0.820507065313143,0.7094544312982262,0.8322073339738373,0.8920588555489828,0.821033985584947,0.7341323436786567,0.8230846587388477,0.9056065741009345,0.6731896717564496,0.5710762993147075,0.6779916872086336,0.770827746879816,0.7110490262247332,0.6294735287185961,0.7117119808808703,0.7853370705403431,0.14351708841525845,0.09934856487864205,0.14097291062773848,0.19054781865599008,0.2110128548811629,0.2110128548811631,0.2110128548811631,0.2110128548811631
211,0.7045945945945951,0.6189189189189195,0.7000000000000003,0.7810810810810813,0.729280402849087,0.5861805897302822,0.7476219906534938,0.8130170263189784,0.8174483967763482,0.7207304479345172,0.8294276389765658,0.8888578393934429,0.8129107484050258,0.7004694923205609,0.8166341606386402,0.897279330655416,0.6639045197328862,0.5597908803696625,0.6725900422884021,0.7543164347457738,0.6969660937189444,0.6178404041063515,0.7018267977474437,0.7743493692062826,0.15161714202434898,0.10382380244290569,0.15062588182174813,0.19595406591957332,0.2110128548811629,0.2110128548811631,0.2110128548811631,0.2110128548811631
212,0.6848648648648653,0.6175675675675681,0.6729729729729734,0.7540540540540543,0.7155158276066945,0.5832582349350358,0.7374814281572042,0.8032296317645222,0.8109163272573323,0.7188876459204702,0.8228152776876236,0.8834383139926238,0.8079943085949143,0.6919831338791682,0.8081163884329663,0.8893818379132278,0.6544469914626923,0.5432826834900044,0.6627165028441159,0.747890779684434,0.6854118513534669,0.5906158203603783,0.6925888414969423,0.7624791635355216,0.15935171197338746,0.11382285681716514,0.16063330679963064,0.20373548605800212,0.2110128548811629,0.2110128548811631,0.2110128548811631,0.2110128548811631
213,0.6635135135135138,0.5918918918918925,0.6729729729729734,0.7283783783783786,0.7032754370200877,0.5712630259004624,0.7257996607831534,0.7959961591415399,0.8036859410903523,0.7118184025250366,0.8161065760254873,0.8781405086330902,0.8009986627759156,0.6733604750621667,0.800160809323179,0.88706305273707,0.642978188570489,0.5305349455170463,0.6497835383100039,0.7358462295302616,0.673808550683405,0.5652747936169316,0.6826968942624075,0.7571558044496263,0.16745561754112512,0.12160952789722827,0.16668203142547416,0.21405674872934605,0.2110128548811629,0.2110128548811631,0.2110128548811631,0.2110128548811631
214,0.6437837837837843,0.5648648648648655,0.6459459459459463,0.7013513513513515,0.6710243028935963,0.5463827539512874,0.6930583459721563,0.7814919921384113,0.7983815960966131,0.7035711689283095,0.8073606015811317,0.8717064593060594,0.794086602377521,0.6615900555712075,0.7916168518209942,0.8768909590889785,0.633301755596595,0.5126602358228515,0.6370020457896959,0.7236844365593189,0.6536232313352255,0.5501095175162636,0.6590513866490764,0.744098191350953,0.17668885050950575,0.12915962173832723,0.1755316895583683,0.22390268830563623,0.21141571811192728,0.2110128548811631,0.2110128548811631,0.2110128548811631
215,0.6237837837837845,0.5635135135135142,0.6189189189189195,0.7000000000000003,0.6479899456223763,0.5271640826873384,0.6516505707695537,0.7697865905137992,0.7900789087395195,0.6726228688078493,0.8018220541355427,0.873463969245169,0.7858355188134712,0.6496043811825601,0.7891880919621668,0.8710439995628781,0.6203325263234054,0.4561579352748216,0.6276141492229863,0.7107847818098986,0.6359540008990567,0.5175884108171752,0.6450599334700765,0.7288209883519281,0.19065348813875146,0.14161156545024967,0.18399712080320807,0.2821023745424974,0.2134067966003298,0.2110128548811631,0.2110128548811631,0.24909159974276013
216,0.6024324324324335,0.5364864864864871,0.5918918918918925,0.6729729729729734,0.6179274288061043,0.49941860465116283,0.5939882206893641,0.7510766497299886,0.7808598377207552,0.6610594760068719,0.7936034616613088,0.8734890422725158,0.7767936904857362,0.6308599382689788,0.778163577010164,0.8707013392360746,0.6059442053182031,0.4465125817523993,0.6146843912925319,0.7035789827852774,0.6145252835015285,0.498315930983956,0.6169610780869099,0.7178796639216742,0.20801492943268346,0.15086046089734118,0.19631810340896444,0.31938039720723277,0.21691757560553243,0.2110128548811631,0.2110128548811631,0.2512991779576002
217,0.5816216216216226,0.5108108108108116,0.5918918918918925,0.6729729729729734,0.5924135736193801,0.48828034125221087,0.5706422307928163,0.7288924045258584,0.770955335757632,0.6442400190866471,0.7830093098063502,0.8717425873292769,0.768542228834872,0.6111033634334735,0.772040329675914,0.8671521099945341,0.591709179019917,0.4342187126488566,0.6046231121202077,0.6908049882529096,0.595049997391061,0.47427885739132064,0.5987416212146359,0.6961766757148717,0.22163504068743325,0.16108182339496493,0.20458923385224612,0.3342677871343979,0.21898967542613534,0.2110128548811631,0.2110128548811631,0.2512991779576002
218,0.5616216216216223,0.4837837837837846,0.5648648648648655,0.6459459459459463,0.574337171989465,0.47580631419162756,0.5571331470505388,0.7274827918271056,0.7579071393346629,0.6108223953832413,0.7706420678866037,0.8709622217396384,0.760675511008516,0.6044141502699937,0.7697405856820385,0.8633443476353123,0.5754881793673422,0.42717544743848684,0.5922581408187172,0.6764364038659104,0.5775047166598423,0.4617267443844197,0.5860983491931337,0.6832608027290087,0.2431368938843224,0.16893295672919992,0.21920032367496645,0.3431143626566938,0.2237510873901986,0.2110128548811631,0.2110128548811631,0.2512991779576002
219,0.5400000000000009,0.45675675675675775,0.5378378378378385,0.6189189189189195,0.5590261134228549,0.45510999091518156,0.544779300548014,0.706433731527644,0.7438630598742351,0.59273572912188,0.7592152676037419,0.8664269403945082,0.7493819416241853,0.5900650088710807,0.7590613816064433,0.858267574972862,0.5565437965897579,0.4198824294017625,0.5739137838973174,0.6713885085380367,0.5600643744742227,0.44808306884446186,0.568303396867399,0.6499224120292122,0.26719158320867664,0.18243087562264798,0.27437927633045944,0.35547134445905776,0.22943090877207176,0.2110128548811631,0.2256302015044222,0.2512991779576002
220,0.5178378378378392,0.4554054054054064,0.5108108108108116,0.5932432432432437,0.53631295018002,0.44433400568492687,0.5286317597567434,0.681071625637886,0.7298686118526586,0.5869446614029183,0.7462982667409189,0.8542581215149416,0.7336211647444522,0.5794461391449752,0.7469042286900744,0.8499099670979059,0.5342419408644692,0.40631089447165986,0.5512120843992658,0.6533001364279972,0.537048250805222,0.4233430301362589,0.5422473748777815,0.6360615000303441,0.28866017971866326,0.19569358030795223,0.3069284514498396,0.36885070687456406,0.2335494614053341,0.2110128548811631,0.2423485417615736,0.2512991779576002
221,0.4948648648648657,0.42837837837837944,0.4837837837837846,0.5662162162162168,0.521181782275171,0.41666666666666685,0.5174281705754189,0.6612568581715159,0.7217328885185134,0.5798730445999867,0.7348179684583573,0.8490612512719795,0.7192138615688299,0.5619792857974697,0.7352003636103277,0.838390543524254,0.5182936591623122,0.38915926943079343,0.5366512779256521,0.6409229458415345,0.5211549495001702,0.40729949351990624,0.5277268242790235,0.619857581300515,0.310746455565761,0.20209530018202962,0.32676160144955524,0.3775925538453374,0.23739376563490552,0.2110128548811631,0.24450218523118905,0.2512991779576002
222,0.47324324324324435,0.40270270270270375,0.4837837837837846,0.5648648648648655,0.49571348453206504,0.4053202036093177,0.4969613566482845,0.5784531704832475,0.7019489730585718,0.5622955746422027,0.7160950603248804,0.8313120939840152,0.7056881899726466,0.5527992009638457,0.7222890695666854,0.8271971557479298,0.4951568163829687,0.3549643560701744,0.49327903551973673,0.6252189431740389,0.4967720703353576,0.39512524504015545,0.4998358775284973,0.596361581144663,0.32323440483021626,0.22050928852631535,0.33713863546040623,0.3882847210780262,0.23732418819728862,0.2110128548811631,0.2423485417615736,0.2489754114156633
223,0.4513513513513525,0.3756756756756768,0.45675675675675775,0.5378378378378385,0.4699074330724253,0.3628375313599201,0.4757365995750041,0.5453441358356793,0.6839649603151375,0.5255787196470424,0.6982638985362406,0.8159166996155401,0.6760065115187766,0.5444104177568126,0.6860241009420298,0.8202459999364061,0.46231196834337346,0.3262731558227687,0.4496392562355679,0.6013130756550777,0.46661467206415674,0.36025101791353115,0.46553917253329413,0.5637602920200071,0.34103357461520795,0.23999115054650025,0.3471887308587996,0.39116549131466294,0.23964070981097912,0.2110128548811631,0.2423485417615736,0.2512991779576002
224,0.4294594594594606,0.3486486486486498,0.4297297297297308,0.5108108108108116,0.4508260907800173,0.35271317829457416,0.46001093619109146,0.5405420247730113,0.6691892006257842,0.5255442489822897,0.6828019931502225,0.7861856755979104,0.6554649652622598,0.5370968738028994,0.6464585802641734,0.7938268212888803,0.43884032537399625,0.3158452653091111,0.42241343157296557,0.5706315912678366,0.44467290739690085,0.34822396074228873,0.44555518722616483,0.5344282790159676,0.35505471429301755,0.30905071038865606,0.3589131422769849,0.3974241425927887,0.24015513958284704,0.23223991361549243,0.24024754812768132,0.2512991779576002
225,0.4075675675675686,0.3216216216216229,0.40270270270270375,0.4837837837837846,0.4278008334218907,0.3333333333333337,0.4219077384307858,0.5283250397683604,0.6505569892441588,0.5124257866126131,0.6583878659893398,0.7775633060553859,0.6443791956982912,0.5344718864003779,0.6333629223399417,0.7928760736253334,0.4194646665024848,0.31094993227729,0.40375983554151224,0.5574766897205584,0.4238519549316438,0.3374087930976249,0.41400461701036967,0.5229849292258062,0.36462339723976894,0.32274973213905245,0.36824709543131073,0.4054993566465393,0.23896480587429272,0.2304683642265795,0.23819730215254814,0.2489754114156633
226,0.38729729729729834,0.2945945945945959,0.3756756756756768,0.4837837837837846,0.3979881936842997,0.3055555555555559,0.37984496124031064,0.5083508766397689,0.6321670478169621,0.5016369165778972,0.6228694296798951,0.7751292859019646,0.6320293887477839,0.526811946590772,0.6160352083230107,0.7819229102772204,0.3994175853856383,0.2985661994821116,0.3941270106378948,0.5302702829940951,0.39953054254596215,0.31411692225097326,0.3896004724463228,0.5176004043264553,0.37314948934050735,0.33571148884306606,0.37308450571083174,0.4131104076087601,0.23777598381582354,0.2286459126975524,0.23719663967390317,0.2467104569483934
227,0.366756756756758,0.2945945945945959,0.3756756756756768,0.45810810810810904,0.3814929454586133,0.29844961240310147,0.3711898592372964,0.484236756705767,0.6195262253683542,0.4937862384795149,0.615360250546805,0.7618220353693843,0.6229929108743548,0.5184304154843579,0.6077895212181099,0.7785799505077661,0.38596597179783493,0.28154108951339296,0.38307584643829296,0.5206008325493869,0.3848871761057997,0.29096763344745435,0.37899071849728805,0.479252996775761,0.37982904372372106,0.33965172279302835,0.3820388738826022,0.42038572623051546,0.2357824040459488,0.22686432239130702,0.23521889901146809,0.24450218523118905
228,0.3462162162162173,0.2675675675675689,0.3486486486486498,0.45675675675675775,0.36476209052725606,0.27747392569466045,0.36158520781587195,0.4669982165454811,0.6038436440520337,0.47851606462293395,0.5900733524199806,0.74999951784955,0.6059075699796679,0.5018297803580279,0.5854597529663979,0.727675321082991,0.36585775925609243,0.26798039781595484,0.35796096753517415,0.48514173575197644,0.36592176613354477,0.279278843998693,0.3648298990858856,0.4626413944881695,0.38623254739821433,0.3422923575748855,0.38710213676265004,0.4268543331017095,0.2338357519563528,0.22512218025368355,0.23328748694234608,0.2423485417615736
229,0.32324324324324444,0.240540540540542,0.3216216216216229,0.4297297297297308,0.33454855520660026,0.22222222222222265,0.3364017533940834,0.4488262847539729,0.5879532675358012,0.451184463531092,0.5775403994140296,0.7356356898251802,0.5915367395411776,0.47824121172593964,0.5779906548838867,0.712136498423994,0.3476399503957663,0.2545705853152947,0.34176199603110347,0.4692124533055919,0.3429093446979084,0.2632170356862267,0.34425057392848846,0.42670702671776317,0.3936912061475548,0.3481630934932086,0.3947273794964651,0.43447819420563366,0.23193436139319207,0.22341813368825253,0.23140075864179682,0.24024754812768132
230,0.3000000000000013,0.21351351351351502,0.2945945945945959,0.40270270270270375,0.3117695385561943,0.2112896542281035,0.32177154257431984,0.4069767441860471,0.5784487165355288,0.4500058289804975,0.5679434101428776,0.7296810955828041,0.5712568678296841,0.42310815084739944,0.5628700804491864,0.7052288371449849,0.3305647333253794,0.2389366964464635,0.3202100677626494,0.45747859908834626,0.3235245162420774,0.23919491714126725,0.3160423239207585,0.4267162155022482,0.4013079660237573,0.35258980826809494,0.4019856318170899,0.44246387675944804,0.23007663495416866,0.22175088799437292,0.22955713846206593,0.23819730215254814
231,0.2800000000000012,0.18648648648648802,0.2675675675675689,0.3756756756756768,0.2943081861283879,0.1899224806201556,0.29752352428781714,0.3809213629157043,0.5634306496060981,0.4428394104581316,0.5563213105818304,0.7014725193051635,0.5559046113943549,0.41688854847595613,0.5541732038598637,0.7102790400001823,0.3140076283743393,0.20881777725181772,0.30323021089468655,0.4447090431829091,0.30662722672585835,0.20941765837854212,0.3006720124656411,0.3945294325616544,0.406915952541898,0.36120835479098384,0.4042452565714745,0.45150122001002785,0.22826104193841337,0.22011920383699057,0.22775511754442973,0.2361959771952582
232,0.25783783783783926,0.18513513513513669,0.240540540540542,0.3500000000000011,0.2716028297618251,0.18565421368962765,0.25851507810118424,0.37200786927381874,0.5416221781691974,0.43077550831649813,0.5281139165531713,0.6802390277475897,0.5386727825901023,0.41124706938897415,0.5337978048992305,0.6918518783117551,0.2919054225662631,0.1922827570048163,0.28342235107555547,0.41218752599562836,0.2843341228118496,0.20385630527794732,0.27890361906119165,0.3735887239078334,0.41288317814089226,0.3695723287652894,0.41143785880524086,0.4602331457909638,0.2264861161045432,0.2185218947681644,0.2259932513224953,0.234241820827678
233,0.23675675675675834,0.1581081081081097,0.240540540540542,0.3486486486486498,0.25173159277992824,0.15783247574984627,0.24418604651162862,0.36257182522909065,0.5268313973744505,0.39536267281122384,0.5254973729126295,0.6572237405810891,0.5192885701813655,0.40584602795815616,0.5187324049493286,0.646966919875981,0.2731170567886167,0.1869353038088225,0.2727141228347606,0.38628381100859627,0.2653880862159802,0.19355907875701805,0.25724528866670615,0.35226840288964345,0.4181171081394165,0.3714818423514029,0.41674072877229806,0.46867454195939506,0.2247660940087376,0.21844369127049815,0.22427015697096803,0.23233315305701416
234,0.2172972972972988,0.13108108108108285,0.21351351351351502,0.3216216216216229,0.22893921721425875,0.13443152454780433,0.22664911631877982,0.3374307069746014,0.5049488216570647,0.3676171947750481,0.4988313364722293,0.6434477500108384,0.5070331327965502,0.4002779814979888,0.5063142370692046,0.6358389696479877,0.25580940730858753,0.1816465324691119,0.25221276597386333,0.35747128335301187,0.24605198900162698,0.18041747686930257,0.24437361011150843,0.32269359370603645,0.42335934823610727,0.3767024343020369,0.4218550478154607,0.4759214192120426,0.2230527090816947,0.21542590614310256,0.22258451084131273,0.2304683642265795
235,0.21810810810810957,0.13108108108108285,0.21351351351351502,0.3216216216216229,0.2251126051706758,0.13230747611017524,0.22418054905343157,0.33643198690235165,0.501733589578728,0.3629516108597296,0.49883133647222905,0.6367040307166165,0.5030738745920825,0.40557756093938385,0.5020319915553695,0.6297864344464572,0.2522231227838884,0.1826432873069364,0.24931240996357923,0.3390123772586709,0.2423937036180452,0.17220510949948417,0.24195316628517483,0.3070099434319496,0.428314063212778,0.38261502659373314,0.4273867156497281,0.47824228503977123,0.22139159617716203,0.21392509680580307,0.22093504591568175,0.2286459126975524
236,0.2162162162162178,0.1324324324324342,0.21351351351351502,0.3216216216216229,0.21908385609234704,0.12911137672019535,0.2188232871742592,0.3214239496554178,0.5000857666540879,0.35874107024092217,0.49431579597117736,0.6441171084829214,0.4975999979452872,0.40333726291160094,0.4961597382419369,0.6377849609390973,0.24866113510423435,0.17974918308523236,0.2447955722679749,0.3440182226592247,0.2379178509881411,0.16741680503360265,0.23603321969596197,0.3058028931294602,0.4339351056722449,0.3866451895554261,0.4328613367536285,0.4857057950533801,0.2197955972162357,0.21385156189440346,0.2193205493025775,0.22686432239130702
237,0.21837837837837987,0.1324324324324342,0.21351351351351502,0.3216216216216229,0.2173385956366702,0.12606645255802218,0.2194705348293505,0.32066021266212064,0.49685619777887347,0.373442399230654,0.4924738780490666,0.6340626508153034,0.49750892454458223,0.4052473951077716,0.4955039182473222,0.6305111171789199,0.24699765428516188,0.17347677058239905,0.2438538360045179,0.34736690029284145,0.2362424537882046,0.1666171288373666,0.2303324771124982,0.30679361442606556,0.4377227684109887,0.3864703176603336,0.4387371565951128,0.48444924808740947,0.2181743869056634,0.2110128548811631,0.2177398597915019,0.22512218025368355
238,0.2172972972972988,0.13108108108108285,0.21351351351351502,0.3216216216216229,0.21511078351077756,0.12316822878087963,0.2180107191598459,0.31332678432514244,0.49595205041527357,0.37051379566667,0.4948663728064733,0.6244267204799229,0.49337936315950415,0.39972221197641644,0.48837226798778843,0.630287115961508,0.24464176580207686,0.17537844827502483,0.2378472394434169,0.34581296300569725,0.23397609397825195,0.16220266717620907,0.23119394126105353,0.30976818043615056,0.44180041359489053,0.3945750651080333,0.44002387636748064,0.4892023690152293,0.21663162114600212,0.20959954880078682,0.21619186547897098,0.22341813368825253
239,0.2167567567567582,0.1324324324324342,0.21351351351351502,0.3216216216216229,0.21154859942475387,0.12126301732725553,0.21462495866246523,0.3083814365162012,0.4922615771828006,0.3648112060968256,0.49207306633543846,0.6146017236739332,0.491973959187616,0.3949549149093229,0.4872753724502955,0.6229596605637322,0.24191658580064396,0.17391460376262977,0.2329762617361488,0.3372958914433666,0.23094218817885154,0.16355767844968333,0.22560350937445178,0.30195809558242187,0.4466285237051435,0.3968549533530298,0.44744728542507606,0.4911473102879356,0.21508958049462476,0.20821360119030938,0.2146755014744528,0.22175088799437292
240,0.2178378378378393,0.1324324324324342,0.21351351351351502,0.3216216216216229,0.21062379836357567,0.11861307772699876,0.21276642727988473,0.30160758400494286,0.4914318113241021,0.3826807197509092,0.48937030791428526,0.6193672468023614,0.49065574663435235,0.3946986560147185,0.4831417932982931,0.6364965160042416,0.24091929555242494,0.17212102512547742,0.23365436332406236,0.3393530180077706,0.22995795459412793,0.16499659104412906,0.22408024875951058,0.3010029198218055,0.45067944228678186,0.39890477999851703,0.45376143968204863,0.4891694530474967,0.21359415033105036,0.20685416886655664,0.2131897476918071,0.22011920383699057
241,0.2197297297297312,0.13108108108108285,0.21351351351351502,0.3216216216216229,0.2098763362060309,0.11984522899591243,0.20949666275718237,0.3024339735724187,0.4896823329618348,0.3785655716221989,0.4870089643140548,0.6103894712527396,0.4893347132670496,0.3922369067410696,0.48122661998206473,0.6266584733539351,0.23936309276264592,0.17249298421689482,0.22762828175016486,0.33200088681333106,0.22866727340749055,0.16533953981222105,0.22340827883338704,0.2945697399718519,0.4545424858949565,0.4049868263545305,0.45866769419369974,0.4927170601506476,0.21217144788247955,0.20678748256776336,0.2117336267294871,0.2185218947681644
242,0.21945945945946094,0.13108108108108285,0.21351351351351502,0.32297297297297417,0.20783184495787624,0.11773867425381646,0.20656733807478886,0.29726781939618907,0.4852028869177851,0.367268090144384,0.4810633227929614,0.605811149803636,0.48600673412702583,0.3963538332682046,0.47552419161590787,0.6170281322812905,0.23529206692791557,0.17287449057211518,0.22431654583897304,0.32630971724058083,0.22534057054508302,0.16703203720551693,0.22151835564702282,0.3027320560873979,0.45878548599617486,0.40677070099977014,0.46183319427883046,0.49729970966976744,0.2107053555156856,0.20545500309282913,0.21030620184097495,0.2169578248148394
243,0.2186486486486502,0.1324324324324342,0.21351351351351502,0.3216216216216229,0.2061439826165981,0.11576449895934288,0.20736118375816556,0.2877279017707223,0.4830119102947244,0.37749443574907837,0.47759729164503073,0.6046667353309095,0.4844019890280512,0.3957972715271384,0.4723934874181094,0.6159070934147008,0.23354026277884923,0.17139040222071758,0.2242428789112867,0.3218582481821445,0.22355632852619184,0.16877964344418295,0.21765536239298963,0.295662170338522,0.4625099702227514,0.41403105699263076,0.46838867710066634,0.5019861780855932,0.2092839505248547,0.20292703572163026,0.2089065749955481,0.21542590614310256
244,0.21783783783783936,0.13108108108108285,0.21351351351351502,0.3216216216216229,0.20376591723940202,0.11391584402873278,0.2042585266578144,0.2817018139739112,0.48175961611040047,0.37323753885329874,0.48321164790911797,0.6032643274383765,0.48252126861743194,0.3922664997874464,0.47464111915592105,0.6147819538044027,0.23201326339322823,0.1734691541673423,0.22075749692703625,0.3193081848334527,0.2217261233163756,0.16503836467706506,0.2166645607364448,0.29674597899607175,0.46719300110225037,0.421388858800242,0.46987047112868385,0.5081232735004589,0.20790287061234639,0.2016658935626803,0.207533885028433,0.21392509680580307
245,0.21648648648648805,0.13108108108108285,0.21351351351351502,0.32297297297297417,0.20105373538038543,0.11216037023864932,0.20175329170633155,0.2759584235699324,0.47904563531221134,0.37288670537918156,0.48021205049537996,0.6023742805737535,0.48199268438814896,0.39564353952500103,0.47321445305765875,0.6115052967877339,0.2303945601002573,0.17023333332661722,0.2239184441957875,0.3103924356147468,0.2197446668556394,0.16624936972957172,0.21554049098104366,0.2895613933530961,0.4722944210225225,0.4285527780242571,0.4751542456011844,0.5140993028477583,0.20654818862825153,0.20042753294425253,0.20618730587862386,0.21245439857781112
246,0.2186486486486502,0.13108108108108285,0.21351351351351502,0.3216216216216229,0.2004336547123654,0.11090975181737397,0.2024893168581451,0.27048639824539655,0.4784443027361383,0.3679280189858739,0.47475877579632153,0.6061691823815022,0.4798325542502939,0.3985896954319869,0.47145025508977956,0.602890528882639,0.22909665030488593,0.17183121135721238,0.22314819095325722,0.3037405328852224,0.21865806415760164,0.165627627276137,0.21708740920819963,0.2895930821857288,0.47586617208441234,0.4297288188465527,0.47595796636210735,0.5199204546412344,0.20524577396112562,0.1992112932053468,0.20486604491207167,0.2110128548811631
247,0.21675675675675826,0.1324324324324342,0.21351351351351502,0.3216216216216229,0.1983756903047011,0.1105420111733707,0.19907354176782657,0.26527455142218526,0.47770518370012843,0.37516487464986237,0.48031953552312734,0.6017315791529443,0.4778932023038671,0.3938254829933876,0.4723487633429046,0.5989747661183594,0.22785819925783513,0.16839775587707692,0.22010079378228317,0.3088941492670531,0.2171170920021198,0.1622640254155708,0.21440240259659818,0.28470908483882623,0.48007470446456785,0.43538313060518496,0.4812033811990505,0.520057737450835,0.20393986585926932,0.19915155550886907,0.20356934132754123,0.20959954880078682
248,0.2178378378378394,0.13108108108108285,0.21351351351351502,0.3216216216216229,0.19807342720948004,0.10897927559239079,0.19798835238562118,0.2809231517988681,0.47785546130040935,0.37647503127574666,0.47592111759947375,0.5925814987271786,0.47777620362366485,0.38928051205101016,0.47537620505282774,0.5933968991751086,0.22791988930043572,0.1690636254825652,0.22077629745750288,0.301345881249003,0.21702028164675558,0.16347236404882812,0.21153189080857024,0.281516060572485,0.4832653000434178,0.43644531840571976,0.4867874956444919,0.5240172181923406,0.2026346395905364,0.19684266048077814,0.20229646464215528,0.20821360119030938
249,0.215405405405407,0.1324324324324342,0.21351351351351502,0.3216216216216229,0.19651834581056593,0.12115087785371513,0.1962142838547299,0.27596825594591434,0.4742112503512207,0.37256414809417765,0.47085752086468907,0.5738800378984001,0.4752393749350856,0.3854053655694086,0.473446695765443,0.5881031844985057,0.2250430056621079,0.1654189216610512,0.21825264221549528,0.30057134727175555,0.2146194960929192,0.16013873558500644,0.2078724591802697,0.2762030697706191,0.48797380794453304,0.43721298736439407,0.4929417362484981,0.5294191938362788,0.20194525454271328,0.1967849809271006,0.2016658935626803,0.20692214048274427
250,0.21351351351351502,0.13108108108108285,0.21351351351351502,0.3216216216216229,0.1950118164077371,0.11937342843787573,0.19368287817703173,0.2712257994854937,0.47311872743165395,0.3737681872473447,0.4675519598629213,0.5752059207508544,0.47376039957429905,0.3896066725882505,0.46819449933994417,0.5862336598049507,0.22368006484701689,0.16198680914381916,0.2188952120077905,0.29377453490874644,0.2132085408152416,0.1619156822395802,0.20871599380129865,0.26992805228380223,0.493283497524987,0.44323583060305266,0.49617402768790525,0.5445174476475034,0.20191405983536354,0.1956890694072268,0.20042753294425253,0.20692214048274427
251,0.21216216216216371,0.13108108108108285,0.21351351351351502,0.32297297297297417,0.19276022141750862,0.11769546207863285,0.1907908579596429,0.2667152162203482,0.47214289364701173,0.38495971524944156,0.4664511567096543,0.5685896515767221,0.47240047892791,0.3870529767994887,0.47211333682022816,0.578588985454362,0.22263313420280992,0.1622475428122757,0.2190238524475048,0.2999348966331191,0.21174255479768683,0.1596600370458907,0.2081211776524618,0.2789635820273454,0.5010602937970529,0.4446576175949873,0.5039039816042531,0.5554722915420974,0.2030838456188453,0.1956890694072268,0.1992112932053468,0.2489754114156633
252,0.21216216216216355,0.1324324324324342,0.21351351351351502,0.3216216216216229,0.19268011317937847,0.11611173180074505,0.18819950834761678,0.2624258083131778,0.47116098266288425,0.3833358153523251,0.47145236515244826,0.565595860554183,0.4704579016639888,0.39125022128187303,0.47084022860332286,0.586764376817879,0.22138658021678206,0.1663490164883901,0.21669586141256525,0.29625937862195606,0.21091163627329204,0.15676084777752436,0.20687200281196755,0.28003569732885886,0.5070138340294743,0.44892324395006067,0.5063948786847258,0.5635778785355815,0.2042848384175153,0.1956890694072268,0.1980165392757921,0.2489754114156633
253,0.2140540540540555,0.1324324324324342,0.21351351351351502,0.32297297297297417,0.1933739479885511,0.1146171990473819,0.18889723507601033,0.27171852775112226,0.4710466594906839,0.37992679493597814,0.4672579656473062,0.5577160491072469,0.47115972452521904,0.39233855097544673,0.47269024403867244,0.579316302189856,0.22172136101048384,0.16792161325916866,0.2136921437194706,0.2979359397614011,0.21139028724300174,0.15760610326684696,0.20669549395765432,0.2810693938730474,0.5126427683119634,0.44969093691805967,0.5098824874859893,0.5929263017851805,0.2056901513421293,0.1956890694072268,0.1980165392757921,0.2489754114156633
254,0.21324324324324473,0.13108108108108285,0.2000000000000015,0.3216216216216229,0.19190038553660668,0.11320703611045717,0.18959372024013743,0.2677898960016207,0.47009846043753895,0.3766319800004551,0.46736571218680056,0.5501439203778206,0.470332789860287,0.40085550661395286,0.46822653169788336,0.5798050599937211,0.2209188320085499,0.16875465067555126,0.21605500285608903,0.3007382619840317,0.21034541958287203,0.1638371877168629,0.2039920457776862,0.2824550992260492,0.5218429005413322,0.4558294134169575,0.5179866795165732,0.6019359164269843,0.20899168845657873,0.1956890694072268,0.1992112932053468,0.2512991779576002
255,0.21513513513513666,0.13108108108108285,0.21351351351351502,0.3216216216216229,0.1920522250910477,0.11463608251074217,0.1915848934082845,0.26403592024766576,0.46982724796955794,0.3862826017980265,0.4648263033017796,0.5494836617867778,0.4703980061916021,0.39678274855695633,0.4763884423736122,0.5753814387868134,0.2207990990650108,0.17065713636244692,0.21533576694112438,0.2944087675497603,0.21029659470442663,0.16643678134450285,0.20736138436765533,0.2766716107289615,0.525765493904326,0.46274218639509584,0.5218301196518033,0.6047070606065761,0.2090688065251338,0.1956890694072268,0.1992112932053468,0.2489754114156633
256,0.21675675675675823,0.1324324324324342,0.21351351351351502,0.3216216216216229,0.19126999958449883,0.11661611006048261,0.19077056939148973,0.2604803528633517,0.46838899527555755,0.390100219840305,0.46136609035518394,0.5489593700189238,0.4697757004441957,0.3922572381796454,0.47582499632977704,0.5689945424837302,0.2198624764247667,0.1716947947009558,0.21750089268180034,0.29236666748827445,0.20943197224795537,0.1663681513202738,0.20574471236881844,0.2742125421710412,0.5313772126126066,0.4686681877236729,0.5276252914578343,0.6110714075126826,0.20993053789277588,0.19684266048077814,0.1992112932053468,0.2467104569483934
257,0.2172972972972988,0.1324324324324342,0.21351351351351502,0.3216216216216229,0.1905815753259277,0.11811253167313678,0.18866032511408515,0.26178350224056,0.46627546944954845,0.3894489993476495,0.45766481652437435,0.549012341162357,0.47014044014328815,0.3945836981032908,0.47152155788146166,0.5767054054611968,0.219080217944541,0.16930386171629783,0.2152566567934687,0.2956320931842385,0.20869426099184313,0.1640115068141428,0.20314259505741694,0.27245086982247774,0.5350919577226239,0.4730639016975078,0.5310169666222901,0.6111462315746492,0.20976346207337004,0.1956890694072268,0.20042753294425253,0.24450218523118905
258,0.21729729729729874,0.1324324324324342,0.21351351351351502,0.2945945945945959,0.18916375635970625,0.11742658284363561,0.18600207231090538,0.25795054669414197,0.46483609716750185,0.3880921081979167,0.45589877099810205,0.5487760944546408,0.46781881377308404,0.3901805226708669,0.4702838148601231,0.5760700945138781,0.21716445691304537,0.16658075813647064,0.21208986018376036,0.28992071946271813,0.20698662513849658,0.16134604003355926,0.20149428886700513,0.26896670589757415,0.5394960540564295,0.4779709852273202,0.5358751864358213,0.6223509851145286,0.2102473965236142,0.1956890694072268,0.2016658935626803,0.2423485417615736
259,0.21891891891892043,0.1324324324324342,0.21351351351351502,0.2959459459459472,0.18931784652109301,0.11665171319353274,0.19436007182451834,0.27032450952244536,0.4645874988433555,0.3914154547797299,0.45291618517859916,0.5572917894564632,0.467618839643887,0.38658853872512755,0.4669936443149238,0.5696442790183944,0.21697706241535603,0.16956202704899473,0.21297761364713086,0.29080179394472055,0.20692959102138686,0.16413566027320375,0.20116008144705744,0.26886391089987544,0.5423267025929801,0.48156882916661375,0.5383440500872674,0.6286215053162071,0.21036878606590437,0.19684266048077814,0.2016658935626803,0.24024754812768132
260,0.21972972972973126,0.1324324324324342,0.21351351351351502,0.2959459459459472,0.18895873317512074,0.1159314748356658,0.19268957653124355,0.26909688837179785,0.46382645453101007,0.3879209453719392,0.4525657074528995,0.5524057682486178,0.4670714127360834,0.3834959452738223,0.4662919929882037,0.5634850829409862,0.21637026678796642,0.16633532182607452,0.21166096804816958,0.2878370818699845,0.20643679859387348,0.1635172901637342,0.20070071290212876,0.2676510628784501,0.5456389500065643,0.48764072325252006,0.539733145038702,0.6229171556054975,0.21040005967932068,0.1980165392757921,0.20292703572163026,0.23819730215254814
261,0.21918918918919061,0.1324324324324342,0.21351351351351502,0.2959459459459472,0.18786506248628587,0.11526217674239135,0.19086674199261183,0.26907797659775995,0.4631044534841199,0.3871297371515861,0.4566603115013954,0.5532209081721565,0.46631281123604706,0.38094211521420973,0.46773341893988507,0.5570393029211237,0.21570140856074765,0.16738599900982182,0.20862067351684743,0.28160091161857975,0.20564441979009754,0.1617210944763023,0.19967185892132555,0.26909507749697253,0.5492285884393506,0.4936977063219549,0.5421939695395386,0.6220037569138678,0.21043577927360865,0.1992112932053468,0.20292703572163026,0.2361959771952582
262,0.21783783783783936,0.1324324324324342,0.21351351351351502,0.2945945945945959,0.18718609457298044,0.11617486431487101,0.18819431052868626,0.26863962849766343,0.4622434133410432,0.3830829497173627,0.4564335732664975,0.5601564808214088,0.4667207141582225,0.37941754302726954,0.46713395429893173,0.5635704477528198,0.21554565577686519,0.1668788368040356,0.21153809829049824,0.2801681133640789,0.20530279733434376,0.16019464467130748,0.200911455626205,0.27244950156694164,0.552488751795835,0.4966345705137371,0.5440122349362391,0.6236039731286472,0.2104978946227783,0.20042753294425253,0.20421164693345223,0.234241820827678
263,0.21783783783783942,0.1324324324324342,0.21351351351351502,0.3216216216216229,0.18656236407837565,0.1150432099368229,0.18564822582535626,0.263964463713086,0.461773627449555,0.3792172334591456,0.45339787078962035,0.5570861287229932,0.46448505539475854,0.3846512807844339,0.4640110497931391,0.5566117588900158,0.21429562354882262,0.16519255197622126,0.20968667705581867,0.2772153936935413,0.2042964990856532,0.15762752877683395,0.19928889313689685,0.2744296616338707,0.5551228428275761,0.49897798152782724,0.5482638689390666,0.6282164092478147,0.2103668535009408,0.2016658935626803,0.20421164693345223,0.23233315305701416
264,0.21945945945946105,0.1324324324324342,0.21351351351351502,0.3216216216216229,0.18593267964973542,0.11381876949420974,0.18501159023072739,0.25949505374745485,0.46009534022286913,0.37562803136346834,0.45022306944943635,0.5517203599351783,0.46341743114925327,0.38660293376202304,0.4610252654837351,0.5501891323507921,0.2129719996042789,0.164503809148506,0.2069247849971954,0.27483192342220025,0.2032280751401406,0.15703664498816577,0.19819296169731138,0.2693452642951898,0.5588402325988074,0.5007154233140946,0.5526290754726645,0.6298968340749039,0.2108244090454495,0.2016658935626803,0.20421164693345223,0.23056160366810122
265,0.22000000000000156,0.1324324324324342,0.21351351351351502,0.3216216216216229,0.18444307706802346,0.11300870003837182,0.185054924551681,0.25518739711005145,0.4592820613830852,0.3754929827558986,0.4544836680648736,0.5503994346092836,0.4631659146072247,0.3864608294465083,0.4612694450931881,0.5447785816851983,0.21246943775448598,0.16395808358139127,0.20975805614454318,0.27662575526120126,0.2023901115615232,0.15500961404475622,0.19891903121283813,0.2645183279920107,0.562709287938659,0.5065048003763558,0.5557019297850024,0.6353385591545055,0.2106742904892074,0.20292703572163026,0.20552044289069107,0.22873703527400377
266,0.21756756756756915,0.1324324324324342,0.21351351351351502,0.3216216216216229,0.18360782125338987,0.11492223406333571,0.18236400719661836,0.2510692925979262,0.4594654047544278,0.3720018683051447,0.45345954178376086,0.5530514439036559,0.46221754792462605,0.3840495177163397,0.45959273898313185,0.547695882573669,0.2121203246367055,0.16663721070935397,0.2089583546696242,0.2694226873529987,0.2018622599814437,0.1563271065378913,0.1982175097478588,0.26538487999145105,0.565889230081558,0.5110066638397517,0.5576587040326443,0.6406050478154607,0.2105366362169292,0.20292703572163026,0.20552044289069107,0.22695340190661928
267,0.21729729729729882,0.1324324324324342,0.21351351351351502,0.3216216216216229,0.18296434741991477,0.11369727166486657,0.18053366518550779,0.2587935887133813,0.4594719310872562,0.3850142235894555,0.45338800293447523,0.5526819881525296,0.46127397747176546,0.3818549392486333,0.4578981019607683,0.5429634696152665,0.21162432385141838,0.1685366706393972,0.20742536692120161,0.2699498631870906,0.2013128363029371,0.15618693408082335,0.19608068174136506,0.26114716025850776,0.5686497015821296,0.508832485092404,0.560251980235588,0.6457045348362993,0.2104378484102089,0.20421164693345223,0.20552044289069107,0.22520928736056472
268,0.21864864864865027,0.1324324324324342,0.21351351351351502,0.3216216216216229,0.18255109609680523,0.118577898984234,0.1787383942176826,0.25706074454559635,0.4581835393007212,0.38571655924281883,0.45124652055290015,0.5455114076907513,0.4623894695496096,0.38271042977785585,0.4596753948161756,0.5477640702058094,0.21151326195572043,0.16776759553675158,0.2074454138948845,0.2654943968650079,0.2010825748446286,0.1531875951484176,0.1983215911782437,0.2560889591562518,0.570423292071614,0.5087559251927393,0.5615805133715706,0.6453713515846078,0.21019455118113112,0.20421164693345223,0.20685416886655664,0.22350333601652408
269,0.21810810810810963,0.1324324324324342,0.21351351351351502,0.3216216216216229,0.18286515624185107,0.11706996186034062,0.1810674333379554,0.25437019728156157,0.45842958680534274,0.38391756039711844,0.4475116470969024,0.5568645002887131,0.4624932155876248,0.3796743218014649,0.46304587852165696,0.5408265734837605,0.21176985393786707,0.16521415858938587,0.20831359730345345,0.2669627820602902,0.20133965700884468,0.15177944164713097,0.19931164980753696,0.2514458212070959,0.5725613911909884,0.5032863792051604,0.5652891198406592,0.642581215929388,0.21010727326226913,0.20421164693345223,0.20685416886655664,0.2218342502790669
270,0.2178378378378393,0.1581081081081097,0.21351351351351502,0.3216216216216229,0.18207138373029097,0.11510453738362074,0.18069327385454642,0.25160058978982164,0.45757991908989415,0.38767599077052806,0.44393147332935157,0.5502670155643608,0.4609549949840169,0.39048876723441606,0.4606720609914492,0.5381464089658157,0.2106322811337677,0.1666169190798183,0.20631814065864074,0.2614252503777568,0.20033246394237397,0.14906042058017654,0.1975237125522068,0.24723871298072808,0.575206919994404,0.5063788377728083,0.5688033565260328,0.6453734771362084,0.21042393889518138,0.20552044289069107,0.20685416886655664,0.2218342502790669
271,0.2197297297297312,0.1324324324324342,0.21351351351351502,0.3216216216216229,0.1818367476501446,0.11385447249143761,0.179365974313759,0.2489614823231709,0.456568291851982,0.38979223085539905,0.45117232592247847,0.5439552255831148,0.46157412955370253,0.38708867347357867,0.4612062346721554,0.536107293194462,0.21046272089765644,0.16934093406822162,0.20884453908319578,0.25943192741003857,0.20014002834672834,0.15210095977546018,0.19767173096925023,0.24416023258437927,0.5773366568635581,0.5089869143892939,0.5709404284399886,0.6495170629387303,0.21019067269811997,0.20552044289069107,0.20685416886655664,0.22020078804485968
272,0.21675675675675823,0.1324324324324342,0.21351351351351502,0.2959459459459472,0.18145957289892162,0.11202384222876431,0.18065147509660343,0.2453597317979696,0.4561043644728789,0.38640793422234654,0.45035638566114555,0.5441516776612624,0.4598717256531548,0.3825442901840935,0.4578071517579036,0.5310630257668485,0.209428111145323,0.16712778523963687,0.2082324596982777,0.25761619883781905,0.19934067616907142,0.15331325792389497,0.19878785817726602,0.2438695396187662,0.5800339020747746,0.5142040881881107,0.5740853287835552,0.6539099312635777,0.2100168462565133,0.20552044289069107,0.20821360119030938,0.21860176022160568
273,0.21756756756756912,0.1324324324324342,0.21351351351351502,0.2959459459459472,0.1817860115746677,0.11027395451160124,0.1815860615330146,0.2419601212505736,0.45493021058322897,0.38451941140681256,0.44823393369173387,0.5440964988117096,0.45976720065012905,0.3807293966600092,0.4607876481395759,0.5300167042781241,0.20885887173072695,0.16606793610453863,0.20718978790592124,0.26140807420024664,0.19909941846708024,0.15167978500839022,0.19749695390828678,0.24310840620786522,0.5815362172681935,0.5198192934359877,0.5747568699030526,0.6581807912617539,0.20977374966277654,0.20685416886655664,0.20821360119030938,0.21703602831250565
274,0.21756756756756906,0.1324324324324342,0.21351351351351502,0.2959459459459472,0.18157020232661764,0.12022756896189914,0.18218641723247744,0.2377923698878185,0.4543055986702252,0.38077022449016684,0.4533015286954053,0.5387688158024513,0.45910869801354937,0.38538719876972133,0.45947722061482266,0.5284369187498492,0.2083090895833844,0.16256215120624506,0.20518092730331045,0.26429972273085134,0.19867169392700615,0.1576199437803853,0.1978696552275111,0.24720242425274355,0.583968655061275,0.5254515084762084,0.5775261206264056,0.6623346140425268,0.20952746813828976,0.20685416886655664,0.20821360119030938,0.2155025020766894
275,0.2170270270270285,0.1324324324324342,0.21351351351351502,0.3216216216216229,0.1819280379036538,0.11810577093205957,0.18108400946060385,0.2522152448438449,0.4544388075614464,0.3819646289481231,0.4535043249918671,0.5398364221053051,0.4589535654426781,0.38153901453135153,0.45731850105658756,0.5413014198289876,0.20833350258206867,0.15923957995715285,0.2047751684269118,0.2683193280459135,0.19880138639703418,0.1547758601831206,0.19757661416970396,0.24800117162922358,0.5857755326462712,0.5280498667920088,0.5787802016924709,0.6635494570192818,0.20920841874004356,0.20685416886655664,0.20821360119030938,0.21400013727266803
276,0.21540540540540679,0.13108108108108285,0.21351351351351502,0.3216216216216229,0.1813549055197231,0.11945024143347077,0.1793834026706927,0.24808382375795715,0.45310455574050806,0.3812133976283279,0.45036264309880536,0.5375129653842259,0.4598770901939404,0.3817262587811486,0.45631904060574235,0.5460337585167375,0.20817253178411765,0.15781605682725977,0.20337181874830948,0.26799279985059515,0.19849383818930583,0.15737827724040157,0.19648338344858873,0.24776034549689624,0.5882400737073515,0.5310360806474578,0.5822203638137037,0.6615231673074298,0.209050274362181,0.20685416886655664,0.20821360119030938,0.2125279334892107
277,0.2137837837837852,0.1324324324324342,0.21351351351351502,0.3216216216216229,0.18058431751565668,0.12005170129500536,0.17679074256040223,0.24730345561578493,0.451951511782531,0.37905299179213675,0.4477551480559506,0.5384161886307789,0.4593570983124016,0.3780187429346127,0.45481568032394953,0.5579772369487784,0.20733178087645474,0.15944692797157256,0.2038472764843776,0.2665756395240775,0.19767701076361263,0.15455421020042326,0.1940868352864956,0.2513823641113072,0.590868040775882,0.5339095748922781,0.5866986477575653,0.6624188200422915,0.20880088398968316,0.20678748256776336,0.20821360119030938,0.2110849320659955
278,0.213513513513515,0.13108108108108285,0.21351351351351502,0.2959459459459472,0.18016648709193478,0.12035565593546632,0.17790629258866406,0.24495890033265244,0.4502979517774845,0.3776952929815762,0.44637976007609015,0.5348332226287672,0.4583420737839392,0.38004811210964684,0.45314418103704834,0.554561462295973,0.2061012976137969,0.16297917399221834,0.20261229130114516,0.2649578384107613,0.19675656875550476,0.15195169167282088,0.1942824936190023,0.24673772762645038,0.5923169276839759,0.5363071644467159,0.5902299588982313,0.6624188200422915,0.20854799872741736,0.20545500309282913,0.20821360119030938,0.20967021410480563
279,0.2167567567567583,0.1324324324324342,0.21351351351351502,0.2959459459459472,0.1804549463863016,0.11973982886153908,0.1789567595145427,0.24335513066304554,0.4502703445439765,0.3816235799700202,0.44437634780941904,0.5408709732148103,0.4576911554021848,0.3776750790071929,0.45128853423851273,0.5466738499315092,0.20573488898870146,0.15980091622364817,0.2026157923197367,0.2646968089103729,0.1966114139307239,0.15275693814782976,0.19337092020090468,0.24288863795827154,0.5935180679630614,0.5388738956422859,0.5916538383305958,0.6573634184468062,0.20831772820656094,0.20292703572163026,0.20821360119030938,0.20959954880078682
280,0.2181081081081097,0.1324324324324342,0.21351351351351502,0.32297297297297417,0.17951884347254257,0.11910621768151872,0.17946479713542443,0.2405857071030261,0.4496960652692711,0.3787150099741138,0.44339416737811055,0.5370536070523094,0.45653270844908334,0.37556656617893475,0.4528571338635321,0.5388990182144383,0.20499181923465973,0.1632825480534479,0.20355015755436673,0.2629161486498837,0.1958103147356031,0.15075680303728112,0.19531803934444425,0.23863656602463115,0.5959548860459928,0.5397993820729448,0.5947963972020935,0.6596717148170226,0.20810758234345944,0.2016658935626803,0.20821360119030938,0.20959954880078682
281,0.2167567567567583,0.1324324324324342,0.21351351351351502,0.2959459459459472,0.17936098642277723,0.11850504424207253,0.17773254799337823,0.23781636950203305,0.4490112380402867,0.376450428186847,0.44073173827151385,0.5348608139466657,0.45643551968922474,0.3792369508697341,0.45391984558345433,0.53361555913877,0.204667730861742,0.16056556213227313,0.20217320513002995,0.2618157030195358,0.19553995064049406,0.14937821931099413,0.19618824965522985,0.24179822855533298,0.5973740213494748,0.53650285528638,0.5956247484966259,0.6624401701732275,0.20789118694912084,0.20042753294425253,0.20959954880078682,0.20959954880078682
282,0.21945945945946096,0.1324324324324342,0.21351351351351502,0.3216216216216229,0.17919083432452126,0.11879400829417253,0.18083396698102272,0.23551274777611111,0.4486691293714747,0.3737174882421282,0.43849941764319134,0.5330899859974692,0.45618565270691713,0.3816280181956628,0.45456369480796543,0.5446711251852699,0.20439433630391057,0.16047387155583,0.20323247391168664,0.25874170334396535,0.19529849153936213,0.14854613403447992,0.19408681264500283,0.24185993285121019,0.5982539517649333,0.5397013543934781,0.5965456322721215,0.6652774657632694,0.20757016387825714,0.1992112932053468,0.20959954880078682,0.20959954880078682
283,0.21810810810810966,0.1324324324324342,0.21351351351351502,0.2945945945945959,0.1797802994758027,0.1284268867313073,0.17847307188633005,0.24118238657040764,0.44832015184849844,0.37096553733990206,0.43911469943325676,0.5363805935057547,0.456094097757827,0.3874268834623735,0.45466232111364846,0.5400189255540664,0.20420791735928948,0.16493613070501703,0.20170819005562685,0.2616483233327345,0.19541578770239848,0.1555907003050571,0.19381718249053603,0.24485570061838446,0.5998374194674204,0.5392028151866377,0.6001054599126744,0.6675855595770351,0.20736409584857468,0.1980165392757921,0.20959954880078682,0.20959954880078682
284,0.2197297297297313,0.13108108108108285,0.21351351351351502,0.2945945945945959,0.1794445250569315,0.1267208685448339,0.1777263570854115,0.24076310022004513,0.44811123855338075,0.3673675990893034,0.4416097234164768,0.5370142860721598,0.455157976387701,0.384855838424117,0.4544853035122349,0.5344753719660542,0.20357513358589865,0.16206276566662287,0.20429882707547986,0.2556226211434503,0.19490686131831836,0.15355640378870986,0.1949592495600656,0.24218107611744163,0.6010672552104545,0.5432746381038,0.6007012777412006,0.6701566595099094,0.20713294024375745,0.1979578453360414,0.20959954880078682,0.20959954880078682
285,0.22027027027027185,0.13108108108108285,0.21351351351351502,0.2959459459459472,0.17913033039037157,0.12508904515008668,0.17608061230220434,0.24696234357695857,0.44758137844627277,0.36352148146549235,0.4393616353341977,0.5327131882592068,0.45572853434861943,0.3858706344908521,0.4541622252396832,0.5331241082712644,0.20351048442873193,0.1647628595659877,0.20126207741889934,0.2495030793459536,0.1947761155321695,0.1564918450701624,0.1926781208754763,0.24311415247112844,0.602715950365535,0.5425343645820208,0.5977299969187269,0.67265985049701,0.20687290683150736,0.19684266048077814,0.20959954880078682,0.20959954880078682
286,0.2218918918918934,0.13108108108108285,0.21351351351351502,0.3216216216216229,0.17865776146866597,0.12433962016066236,0.17407894944717464,0.24518143731358782,0.44670146064515237,0.3633676604983644,0.4389399176259211,0.5376848684073157,0.4559589373234401,0.3845684138525231,0.45617412070924623,0.5389661584609242,0.20332835556684364,0.16313460035054098,0.20053900751859488,0.25227190711888564,0.19448951122531122,0.15460510661637022,0.19049069308067507,0.2455430900252956,0.6039482867751755,0.5397503502113242,0.5988775917159455,0.6762792928810087,0.2067013138915782,0.19684266048077814,0.20959954880078682,0.20959954880078682
287,0.22162162162162302,0.10540540540540719,0.21351351351351502,0.3216216216216229,0.1785957939814113,0.12545923604953496,0.17319068867361964,0.242675960211396,0.445651663763362,0.36094620246999626,0.4396260708833205,0.5319649597027459,0.4570782072942756,0.38151695599565477,0.4547231542065724,0.5325251037416704,0.20338313056771265,0.16154382350172938,0.20018973950735147,0.24766970813824601,0.19449811389337598,0.15737942987848808,0.1915908769438439,0.24254069948885704,0.6047554628798177,0.5432501838417291,0.6015078449020457,0.6796774757240955,0.2066340114184283,0.19684266048077814,0.20959954880078682,0.20959954880078682
288,0.2183783783783798,0.10540540540540719,0.21351351351351502,0.3216216216216229,0.17761053119855633,0.12381429135821354,0.1740705643599749,0.24186779844007933,0.44371490269123465,0.3593505470343934,0.4391428931851003,0.5264881898733034,0.45740209945121113,0.37859649089365977,0.45683919763109865,0.5406081482003444,0.2026631299993898,0.15881445371181677,0.1987937024592396,0.25170492806032824,0.1937062413867966,0.15464948766355985,0.18952884039318546,0.24236606712886258,0.6061977973969914,0.5472550226934119,0.6039387760936106,0.6811990074756146,0.20661749689729947,0.1967849809271006,0.20959954880078682,0.20959954880078682
289,0.21810810810810963,0.10540540540540719,0.21351351351351502,0.2959459459459472,0.1769312157625453,0.1222977647925653,0.17187256718155308,0.23803644479018188,0.4433649449439121,0.3610790880316035,0.4418977122433638,0.5340496357141649,0.45691552412518527,0.37721941414346744,0.45690146337730053,0.5355572664380962,0.20227146371999552,0.16085023809311605,0.1959750568593111,0.250433463958782,0.19321606654941512,0.15457610775255035,0.18832011715825583,0.2457772917509568,0.6074762619755053,0.5487826776386485,0.603625007291906,0.6825741361990993,0.20680288914119416,0.19684266048077814,0.20959954880078682,0.20959954880078682
290,0.21702702702702856,0.10540540540540719,0.21351351351351502,0.2945945945945959,0.17645965642556796,0.12086361224454939,0.17240909592284456,0.23541056448276992,0.4435655917184792,0.37136344679608857,0.443550489855547,0.5291701226289022,0.4578737411725522,0.37442590690418276,0.45594667196317046,0.5307233894623571,0.20284015768780694,0.16145651113704867,0.19906975776866082,0.25289205426122163,0.1933950497273067,0.15388753405690933,0.18855628192966917,0.24790442233149027,0.6078856432469931,0.5515339151161943,0.6072365325021101,0.6838406276782203,0.2069693118560021,0.1980165392757921,0.20959954880078682,0.20959954880078682
291,0.21783783783783936,0.1324324324324342,0.21351351351351502,0.2945945945945959,0.17685270207078088,0.12006619239187774,0.172919034064805,0.23289825495417363,0.4450002023688465,0.36887266607510705,0.4434286947968039,0.5338330599225675,0.45737790811164447,0.3834959428059457,0.4544522447659386,0.5330772596937169,0.20327727528379785,0.16042180879202514,0.19853515383974552,0.25478049389651164,0.1937947934118106,0.1546578223248999,0.18890369307482782,0.24878055543510996,0.6077782564344756,0.5547231812255318,0.6056298144747723,0.6776081309683495,0.2071833207331405,0.1992112932053468,0.20959954880078682,0.20959954880078682
292,0.2181081081081096,0.1324324324324342,0.21351351351351502,0.3216216216216229,0.17725119404135264,0.11820624829062192,0.17737871704128186,0.24171416342812058,0.44431767101141095,0.36706626623184,0.440841427336461,0.528217684100932,0.45759361883429667,0.3827271792454313,0.4558671055466551,0.5304600820598834,0.20301457861941985,0.16047590446604815,0.1999522654019758,0.25208849089570684,0.19378154386467292,0.15225233816926576,0.1910805272071043,0.24507950056222996,0.6080817310376303,0.550311805253076,0.6055215546060364,0.6789022115570724,0.20737986094163763,0.20042753294425253,0.20959954880078682,0.20959954880078682
293,0.22270270270270415,0.1324324324324342,0.21351351351351502,0.32297297297297417,0.17890911320101607,0.11711765161958781,0.17750090037680402,0.24125360744744617,0.4456618434593746,0.37362993537899025,0.43788192801291503,0.5239551378903444,0.45845330749652896,0.3833179983846059,0.4582669079245443,0.5279479615410978,0.20399240132317584,0.16411582378087497,0.2013684557208923,0.2528572384719644,0.19497108932204057,0.15162603287258472,0.1920350176037336,0.24309857257879255,0.606894065346431,0.5490785784469515,0.6019700167552011,0.6685039568574618,0.20762155506895966,0.2016658935626803,0.20959954880078682,0.2110128548811631
294,0.22135135135135275,0.1324324324324342,0.21351351351351502,0.32297297297297417,0.17827567173747036,0.11587020849262111,0.17598563544089718,0.2385870713285016,0.44525042265788956,0.3709682569478989,0.43574441277238773,0.5286577798792088,0.45795991965333455,0.38104558610342426,0.4577098345132381,0.525910668825434,0.20364032554486625,0.1614825068518005,0.2014063970054336,0.2524431200214294,0.19451494287253232,0.14902895420711662,0.19296245248062194,0.2447693445555598,0.6076792033428098,0.5521601452702373,0.6039548162430917,0.6696871787762373,0.20779038276567893,0.2016658935626803,0.20959954880078682,0.2110128548811631
295,0.21972972972973115,0.13108108108108285,0.21351351351351502,0.3216216216216229,0.17761842701447209,0.11467653678619934,0.17558341791355825,0.23516485692643355,0.4450069121090353,0.3683037949804909,0.4382460288192848,0.5255319475164554,0.4570858513250303,0.3790028027241397,0.45868278585930256,0.5323299877576785,0.20323334220466147,0.1587633571662568,0.20096811197409858,0.2542131982995388,0.1939937886305372,0.14730351410986947,0.1906754559908152,0.24179903731162072,0.6086414071889155,0.5514496642643759,0.605738155837493,0.6661852932945442,0.2080812907031221,0.20286397861368277,0.20959954880078682,0.2110128548811631
296,0.2181081081081096,0.13108108108108285,0.21351351351351502,0.3216216216216229,0.17606647723007796,0.11353430321389568,0.1739244894994778,0.23429381725225154,0.44548742293822874,0.365918472940135,0.4389819373964935,0.5322941499114926,0.45596541977628,0.38162003808511585,0.45688561243296055,0.5275270629483035,0.20299472442500416,0.1564128828557376,0.1995660799463948,0.25162562974215796,0.19329320050221416,0.1446680326270092,0.1918898217509168,0.24389131155227486,0.6098118600752326,0.5524401003770661,0.608380442328063,0.6676043610665967,0.20828553763789795,0.20292703572163026,0.20959954880078682,0.2110128548811631
297,0.2200000000000015,0.10540540540540719,0.21351351351351502,0.3216216216216229,0.17668656357022477,0.11244127585128151,0.17445156042476273,0.2444546616151138,0.44455210200016426,0.3642440448741654,0.4370523217344611,0.5355531651570891,0.45639691806406285,0.3780358364675842,0.46114219035867565,0.5232683552218856,0.20280974772317373,0.157387913859906,0.20233682545551296,0.2563400712589536,0.1933924859058308,0.1487574344202601,0.19020640524102783,0.24027515100311098,0.6092647540119299,0.5490869459257519,0.6077924950990697,0.6614942590732872,0.20858192257089347,0.20414741637286113,0.20959954880078682,0.2110128548811631
298,0.21891891891892037,0.10540540540540719,0.21351351351351502,0.3216216216216229,0.17660283948717886,0.11139531983822028,0.1753051651833051,0.23880471925262292,0.44417215479010624,0.36503484957257076,0.43481158739343295,0.5327684502969412,0.45589847951121465,0.3746039253283213,0.4606768018364265,0.5277598192414478,0.20248397947203728,0.15371297863359648,0.20028524129378444,0.252895808742466,0.19316027022190813,0.1394122981356687,0.19219711367731546,0.24162807599966993,0.6099995479940603,0.551225932705325,0.6087204092404961,0.6636084536702714,0.2088043855391658,0.20421164693345223,0.20959954880078682,0.2110128548811631
299,0.2181081081081096,0.10540540540540719,0.21351351351351502,0.3216216216216229,0.1754602352904076,0.11041358668077021,0.1745620197700096,0.23552643491701175,0.4427385471644789,0.36554198725631815,0.4356534541544933,0.5271392368889087,0.45583305744920205,0.3743199266849211,0.45785844867707104,0.5244499586031808,0.20180078574883317,0.15425961416276843,0.2012346471996324,0.24979466911629283,0.1923358846388775,0.13853691641521593,0.18975860088078667,0.24345845997612112,0.6107307200795115,0.5543806018967332,0.6098369983744204,0.6656357344356983,0.20896432616304142,0.20421164693345223,0.2110128548811631,0.2110128548811631
300,0.23513513513513662,0.13108108108108285,0.2270270270270285,0.3486486486486498,0.1823589130905121,0.12196026726368955,0.18058480158149604,0.24578795231430572,0.4477740526573165,0.36732628978842247,0.44275000528995084,0.5309022343287938,0.4607907516981841,0.38549631648194116,0.46527187485116955,0.527753882666984,0.2063477779481437,0.15458099468597725,0.20643295874081705,0.254352192396329,0.1976404348883582,0.14909518581095263,0.19376257153554713,0.24325112599395032,0.6036456753539688,0.5448348481187298,0.6044164766944298,0.6540324929538672,0.2092499767088863,0.20421164693345223,0.2110128548811631,0.2110128548811631
301,0.25243243243243385,0.1324324324324342,0.240540540540542,0.3500000000000011,0.19126387222828836,0.13166258471061132,0.190362808160038,0.2595152303145199,0.45432649658408936,0.3760937221020854,0.4515404301290902,0.5332392258265043,0.4668115910559429,0.39155088270852295,0.46735111181970035,0.5333679860084607,0.21212744182608972,0.16290059769092308,0.20644078882210967,0.2633006040402155,0.20449054353395366,0.15295114611056884,0.20124064357223626,0.2522950840657301,0.5965205000133057,0.5345649392718331,0.5955719651580142,0.6441749477314329,0.20941187266292588,0.20545500309282913,0.2110128548811631,0.2110128548811631
302,0.26783783783783927,0.15945945945946105,0.2675675675675689,0.37702702702702806,0.20018759100262032,0.13259558525095133,0.19875647088335022,0.2746525686150285,0.4612004259419005,0.3879860199713453,0.46070347708953147,0.5441543860665219,0.47320005401099613,0.39441212714738,0.4752752098742953,0.5449785284097317,0.2182926437282885,0.1631840652377057,0.21486983809172816,0.27312909693701715,0.21161740665576015,0.16177281259459775,0.21024756438701925,0.26582683662567935,0.5897549774920312,0.5249225831337323,0.5899199505488864,0.6438739904792016,0.2095213105266548,0.20552044289069107,0.2110128548811631,0.2110128548811631
303,0.28378378378378516,0.18648648648648802,0.2675675675675689,0.40270270270270375,0.20965705470454235,0.14309036285372018,0.20508592150604388,0.286140653338871,0.46709255913136877,0.3939314182881767,0.46343705427424503,0.5445888701786484,0.47962720436791834,0.3988891438646131,0.48169384779309743,0.5586584096390379,0.22405376161962484,0.17261233564832473,0.22273783177154605,0.2797943218091592,0.21867764402662648,0.16499136253415236,0.21695672943768124,0.2756447591678985,0.581379218064113,0.5203836475655736,0.5813546099086129,0.6364589020660506,0.20968250971923222,0.20552044289069107,0.2110128548811631,0.2110128548811631
304,0.3016216216216228,0.2121621621621637,0.2945945945945959,0.4297297297297308,0.22055586891489234,0.15233813419625866,0.2183918487684191,0.29909535885113725,0.4739988696121806,0.3920452824986078,0.4744995415163167,0.5579366387586429,0.4866970857070778,0.39684627945167283,0.49012701567785233,0.5592225772977871,0.23061059782639579,0.1772180023279962,0.2279396071935365,0.283996857126243,0.22678433844081514,0.1757997594948206,0.22389842144024846,0.28620661046925416,0.5727897140151549,0.5097155030357421,0.5721965831598721,0.6378502160118545,0.2097515734435632,0.20678748256776336,0.2110128548811631,0.2110128548811631
305,0.3208108108108119,0.21351351351351502,0.3216216216216229,0.43108108108108206,0.23267553799532553,0.1632163964619893,0.2315939406110336,0.30939730908624397,0.4812561504445878,0.395643389947676,0.48116850952098156,0.5690367263224168,0.493658088852303,0.4095107572218155,0.49648581237166,0.567355229574818,0.23741408527515354,0.18318129858882418,0.23472768801338548,0.2939004284092196,0.23550600733295998,0.18177483884672824,0.23161159824393046,0.292705868788512,0.5632657665533833,0.49996555230386225,0.5638740230320943,0.6259212566126482,0.2098569754655703,0.20685416886655664,0.2110128548811631,0.2110128548811631
306,0.33972972972973087,0.240540540540542,0.3216216216216229,0.45675675675675775,0.24481365176435907,0.17525225967191127,0.24321166005568706,0.3170993024710036,0.49021847235473265,0.40424481387744987,0.4836544553447256,0.5756650089649655,0.4997051490200905,0.4206884110889666,0.5011865031776808,0.5749360666211295,0.24481791566028424,0.18871995557271748,0.23974137972502657,0.3026642614617751,0.24467371968563206,0.18736054660252058,0.2423818199532996,0.30296264103037174,0.5538054504585549,0.49406120545531684,0.5555634511869127,0.616503037104439,0.2099113527585204,0.20685416886655664,0.2110128548811631,0.2110128548811631
307,0.3594594594594608,0.2675675675675689,0.3486486486486498,0.4837837837837846,0.2571250493308996,0.17873693372789465,0.2535612032312784,0.3320899077638743,0.4980616056285579,0.4178874932015212,0.4950364608119089,0.576801888294363,0.5074944920375393,0.4224344212125124,0.5097035284373066,0.5786663712448539,0.25269225122080746,0.19068279886843434,0.2501712914084846,0.30967669757612787,0.25423077370004865,0.19390235753523744,0.2523636670242349,0.3134328118948416,0.5448488283562826,0.485190762238513,0.5464715052930091,0.6046267331503895,0.2100446439323555,0.20685416886655664,0.2110128548811631,0.2110128548811631
308,0.37837837837837945,0.2945945945945959,0.3756756756756768,0.4837837837837846,0.26961790612772657,0.1956346195756558,0.2609742963386743,0.34717531253214967,0.5071452629800216,0.4327531136311552,0.5080855518902158,0.5789108259666305,0.5162040335382792,0.4369819710331719,0.5193553516499866,0.5896594185052081,0.26175638776167565,0.20346378791393435,0.2623872496471034,0.3250477460271778,0.2646271896593673,0.20634930742192695,0.26154858285492955,0.32374007976177965,0.5353458217924917,0.4735508132089368,0.537084194554371,0.5962063260949174,0.2100704006529821,0.20814562957412175,0.2110128548811631,0.2110128548811631
309,0.3997297297297308,0.3216216216216229,0.3756756756756768,0.5108108108108116,0.28244052688400934,0.212247738785562,0.2743360149181469,0.36164081979635987,0.5162176877514328,0.4356115023547148,0.5212560102467338,0.5876650472748375,0.5240481217559747,0.43559196540609446,0.5263990949060906,0.6032725420241881,0.2704976429215572,0.20690583956618974,0.2742827584873382,0.3315778015914038,0.27494593267465406,0.2170922846603902,0.2716053740167679,0.3371617388104492,0.5256773099002622,0.4649888322803702,0.5267098530184852,0.5874668059709522,0.21012383238174617,0.20821360119030938,0.2110128548811631,0.2110128548811631
310,0.4189189189189201,0.3486486486486498,0.40270270270270375,0.5378378378378385,0.2950814012374035,0.21234480694114546,0.2873578171773745,0.37047485254973295,0.5245275064348365,0.4430715233234723,0.5232059347523059,0.5947122873712458,0.5326691446051189,0.43434364127072167,0.5355714079766214,0.6170600260208069,0.27937605714582037,0.2149042963878551,0.280862216805119,0.3452407272604642,0.285293091321824,0.22561320020317607,0.28254547661402163,0.35037523989896036,0.5159187983391801,0.4530474529987574,0.5169720251175728,0.5783290567549894,0.21016463929352813,0.20821360119030938,0.2110128548811631,0.2110128548811631
311,0.43918918918919014,0.3486486486486498,0.4297297297297308,0.5648648648648655,0.30769794414470164,0.22939252163836565,0.3010199973628398,0.384257622025035,0.5328519078646267,0.4568393543797409,0.5357515371403512,0.6015241645724051,0.5400505152490258,0.4436548474131292,0.543220555352708,0.6269814244562725,0.2878407235853174,0.2200207551685951,0.2903410055167134,0.35029110232009864,0.2954368563502085,0.23964397356985384,0.2940129619836036,0.3602488354845671,0.5060098099152338,0.44511176678825126,0.5084023633720276,0.5713476356105857,0.21024628294277423,0.20821360119030938,0.2110128548811631,0.2110128548811631
312,0.4608108108108118,0.3756756756756768,0.45675675675675775,0.5648648648648655,0.32037490269741076,0.24427900075465045,0.31558094560116345,0.3929948773570122,0.5399992560239231,0.4578656676899654,0.536672611884411,0.6116209809758018,0.549031956294504,0.45815246669895365,0.5534203892115639,0.6365064737299309,0.29659352862466587,0.2282549793564271,0.29866832096172796,0.36461942172670575,0.30579441274598684,0.24652318236273735,0.3062708437427669,0.37533425233395046,0.49597660322477244,0.4346631045655938,0.5002953855157467,0.5585353241562129,0.2103017208471933,0.20821360119030938,0.2110128548811631,0.2110128548811631
313,0.48189189189189313,0.3756756756756768,0.4837837837837846,0.5918918918918925,0.33512894994865855,0.2600510668424973,0.331681679238274,0.4113217254541672,0.5468949285461119,0.4694270750409516,0.5503991096588379,0.6170845318696113,0.5593219158444499,0.4573917304686285,0.566135795788498,0.6488973677282481,0.30594942432027405,0.23561775860662837,0.3089014042070096,0.3750203464046265,0.31715438561391784,0.2609213200919487,0.31531087187020085,0.3879229346358895,0.4854190604526621,0.42456223892571554,0.4898429343292121,0.5462378315275506,0.21038334212348933,0.20821360119030938,0.2110128548811631,0.2110128548811631
314,0.5008108108108119,0.40270270270270375,0.4837837837837846,0.6189189189189195,0.34779670503842025,0.27314873632528525,0.34761213232140376,0.4435932001511798,0.555915220791461,0.4833655284480242,0.5594796017165792,0.6248411420249386,0.5708370404775366,0.47123957942768707,0.576856785686559,0.6656225264193489,0.317315089782532,0.2448727639539833,0.3164984457734857,0.38841478187459216,0.32882541766012574,0.27097726606256134,0.32629076540947743,0.3963250028353649,0.4756786841015228,0.41445913645032156,0.4786198357995369,0.5338553978609614,0.21048035845622273,0.20821360119030938,0.2110128548811631,0.2110128548811631
315,0.5224324324324331,0.4297297297297308,0.5108108108108116,0.6189189189189195,0.3632420285519276,0.2883049411119827,0.3601573259856432,0.4587992798271894,0.5646357976965544,0.49587274526468544,0.5670321142024228,0.6351034359671598,0.5789602733022007,0.4726241840932967,0.5802670969429424,0.6766088697694458,0.32674334982481346,0.2575040813468355,0.3265477020725382,0.3901222540838222,0.3406212788124174,0.281182718606172,0.33891467624577687,0.4095532581957743,0.46523375410296625,0.40849929606712115,0.4670161930513652,0.5214622988259848,0.21049421793232753,0.20953025142026296,0.2110128548811631,0.2110128548811631
316,0.5437837837837847,0.4554054054054064,0.5378378378378385,0.6459459459459463,0.37781266370029554,0.3036677966980654,0.3715773568755064,0.4733392158550235,0.573545384395467,0.5079561871464502,0.5781356296052478,0.6384182606561413,0.5871635083537743,0.4881023592980413,0.5900964273167253,0.6814341556215419,0.3365291500665829,0.2718769108175649,0.3363322623457602,0.40350086344351127,0.35217576901161607,0.2953082759025883,0.34517960989685537,0.42658584316803433,0.4536130826605211,0.3947752835524735,0.45624945627599256,0.5093994371235039,0.21095202113567757,0.20959954880078682,0.2110128548811631,0.2110128548811631
317,0.5635135135135144,0.45675675675675775,0.5648648648648655,0.6472972972972976,0.392581202314309,0.3153355195534383,0.38387400624199863,0.48981221454049984,0.583129226958671,0.5096352819980212,0.5848690999489459,0.653102698470417,0.5970508749190282,0.500168260190864,0.5960931133478343,0.6977796566236684,0.3479076479655267,0.28682595883975615,0.3458670323759341,0.4248547159956532,0.36493713549195583,0.3067120189940064,0.35989823031107854,0.4375131143980934,0.44321791843872654,0.38471610445440074,0.44472748485110425,0.5064952076908039,0.21094237779349573,0.20959954880078682,0.2110128548811631,0.2110128548811631
318,0.584324324324325,0.4837837837837846,0.5918918918918925,0.6729729729729734,0.4128310921158431,0.31400984592879105,0.3968598013987341,0.5991815122295725,0.591228318363592,0.5198759946983232,0.5918294414447562,0.6631677943473306,0.6097332520829766,0.5143391871968485,0.6048941064599733,0.7540192122769219,0.36020789734161807,0.2951693211003574,0.35327940778657296,0.44669092571222774,0.3800465985138908,0.31307991799100204,0.3705962376830688,0.46040183098638865,0.4332126702134766,0.37454252715670594,0.43371074909160023,0.49545169559464125,0.21093358772492782,0.20959954880078682,0.2110128548811631,0.2110128548811631
319,0.6045945945945954,0.5108108108108116,0.5918918918918925,0.7000000000000003,0.4446540764085745,0.32983024464992405,0.41370295751175795,0.6388888888888886,0.6051118088657975,0.5287249259512798,0.5982500590144644,0.7318711789255395,0.6183162811686579,0.5138593195165925,0.6149311709891767,0.7577980733280189,0.3741823228776468,0.30188789308660036,0.3653845649311199,0.4917818497241733,0.3995487577804295,0.32181574812253244,0.3848540683992463,0.5136486773889993,0.41752286690493656,0.3557796663996066,0.42152633053512306,0.48400025235991456,0.21216142449671607,0.20959954880078682,0.2110128548811631,0.2110128548811631
320,0.6248648648648656,0.5378378378378385,0.6189189189189195,0.7270270270270274,0.4655237162834559,0.3456946113712875,0.43364337641172757,0.6513565891472863,0.6163419149436073,0.5342071924489405,0.6039599247323745,0.7413369691941932,0.6266312030075553,0.5292035294994974,0.6220193482599965,0.7570621005866167,0.38622132802487535,0.3114355700094334,0.3778588323430211,0.4891076506146516,0.41508935682790526,0.3367328414560634,0.4030576446780385,0.5462882869220202,0.4009332567531602,0.2515418372391081,0.40953959389499495,0.4722627051301195,0.21373734790976912,0.20959954880078682,0.2110128548811631,0.2489754114156633
321,0.6451351351351359,0.5378378378378385,0.6459459459459463,0.7540540540540543,0.49267207076003083,0.36092470211529043,0.4618015352514213,0.6598326193095368,0.6312415934818527,0.5389839282715542,0.6178047073628079,0.7641211454776574,0.6369493068051273,0.5430463088160811,0.6294788636964306,0.8110980828691499,0.4020225831220065,0.3185616370644164,0.39357900547751173,0.543067600796517,0.43573886126548333,0.34657308805122705,0.42889175916787636,0.5695329128603446,0.38259176058102506,0.22281223376038004,0.3993703969775095,0.46058704634296677,0.2160150172447322,0.20959954880078682,0.2110128548811631,0.2512991779576002
322,0.6648648648648657,0.5648648648648655,0.6729729729729734,0.7540540540540543,0.5222300818651021,0.3736459399847264,0.5311461875380475,0.6757096404827996,0.6447319421939727,0.546121237091756,0.6305453752443007,0.7851559544649698,0.6426712566147731,0.5415483247527801,0.6313837648521923,0.7979686542808805,0.4141583768188781,0.3186032596854232,0.40384114667819737,0.5518055078226256,0.4539935438915127,0.3529758057666337,0.4484190718850351,0.5878260511122684,0.3583917687436412,0.20363459244845158,0.3859611172081602,0.44830018824177903,0.21936641072154842,0.20959954880078682,0.2110128548811631,0.2512991779576002
323,0.6870270270270273,0.5918918918918925,0.7000000000000003,0.7810810810810813,0.545987018016496,0.38918348623945803,0.5853627320289936,0.6947317292816437,0.6539936273083055,0.5453177705864853,0.642347091047289,0.797280948875329,0.6495932859290799,0.5537188134299758,0.6387262295781904,0.8109773984492612,0.424756776584297,0.33350014625168173,0.4148892866173337,0.5547972623598267,0.46951613789900853,0.3621826072865087,0.4689597659135407,0.5903597020834273,0.33314341900116345,0.19564251448208025,0.36320987964610313,0.43595122565035865,0.22290531947163966,0.20959954880078682,0.2110128548811631,0.2512991779576002
324,0.7089189189189193,0.6189189189189195,0.7135135135135138,0.7824324324324325,0.5741602847786107,0.39596648666944434,0.6111111111111108,0.6969738777084465,0.6684191794290513,0.5533637024155968,0.658153050001774,0.8066095611051236,0.6609658446053556,0.5662156126536596,0.6491537869561465,0.8163650719699269,0.4417273002956217,0.33797494628210234,0.43342432515398577,0.5773093578357511,0.491156687493085,0.37233244367881885,0.49424268760958506,0.6045879713678954,0.3009382600985293,0.18197129091224934,0.3145569622155624,0.420916663817801,0.2282532311447591,0.20959954880078682,0.2110128548811631,0.2512991779576002
325,0.7300000000000004,0.644594594594595,0.7270270270270274,0.8081081081081084,0.5919191025939141,0.4120503739727667,0.6240310077519375,0.6966045003557091,0.6801108373103308,0.5661512526820859,0.6684311840619059,0.8127431260278909,0.6750876104597804,0.5739951212212399,0.6638029871947144,0.8169206693303318,0.45930272112530957,0.345478327871333,0.4568509924566805,0.5918149542542689,0.509464801322956,0.38909415596050106,0.521821999020888,0.6228028649265884,0.26391653633393714,0.16315702693809225,0.23493165218060527,0.40962905998698357,0.23450777730947742,0.20959954880078682,0.24450218523118905,0.2512991779576002
326,0.7497297297297304,0.6459459459459463,0.7540540540540543,0.8351351351351354,0.6049600879867556,0.42689048202713753,0.634119242023314,0.7008166963067323,0.6948386373890407,0.5764013272250865,0.6926063265800722,0.8206204021120573,0.6845556214932047,0.5899985867806748,0.6735499953863882,0.8246769978875756,0.4760019217044488,0.3629452170488213,0.47617668517801365,0.6257032402191242,0.5257032867488151,0.3961424931929795,0.5381742494321188,0.6462940007210912,0.241174641524389,0.15628199383829325,0.2192801478208623,0.386445768891374,0.23834209822694233,0.2110128548811631,0.24450218523118905,0.2512991779576002
327,0.7710810810810815,0.6729729729729734,0.7810810810810813,0.8621621621621623,0.6233675271509542,0.43322834128849236,0.6446995922700702,0.7074864073800927,0.7022357643475345,0.589686633029453,0.6981348417585086,0.8286194364414813,0.6983844117580756,0.5990170471214235,0.6869750432966903,0.8355756184680686,0.49011167342674616,0.3709267241688965,0.490021538565274,0.6339233866753802,0.5427128007795823,0.41641416568959977,0.5536539519121858,0.6436261294682764,0.22582519364700684,0.15181907387602345,0.2050328176013801,0.3808927634003166,0.23948602395096918,0.2110128548811631,0.24450218523118905,0.2512991779576002
328,0.7881081081081088,0.7000000000000003,0.7810810810810813,0.8621621621621623,0.6371788012952062,0.4533937414886608,0.6455906936683445,0.7186548038060638,0.7116067351313389,0.5892342204233556,0.7190581163337373,0.8336795712532085,0.7074278269690975,0.6035732832477854,0.6978904563558204,0.8368774338012928,0.50325435454556,0.3843751850099989,0.5001897741456047,0.6367749912034737,0.5569365617265466,0.41995094947494893,0.5623507202887844,0.6559873267073726,0.21131495002618078,0.14767243605244804,0.20247928403335175,0.34855310723542704,0.24047568605026293,0.2110128548811631,0.2423485417615736,0.2512991779576002
329,0.8091891891891898,0.725675675675676,0.8081081081081084,0.8891891891891893,0.6490163889251719,0.48650110340192,0.6562232536655183,0.7347957507705385,0.7183857121311952,0.5979809388331456,0.7286695325149681,0.8316700479785382,0.7141548051356185,0.6098242355644244,0.7047873867467866,0.8364805897309735,0.512948227775156,0.39762444217095744,0.5142976890025235,0.6358161466930392,0.5683866261445896,0.4431759152249594,0.5771766665377485,0.6652149284922165,0.20449614382801556,0.14587255822465875,0.1964097742728547,0.2895246011298636,0.23971313039985204,0.2302010550279347,0.24024754812768132,0.2489754114156633
330,0.8310810810810818,0.752702702702703,0.8351351351351354,0.9162162162162163,0.6638022453807539,0.566034506004053,0.6669912359535443,0.7483307645141744,0.726749173901788,0.6003375396926874,0.7388251412904623,0.8324634331450798,0.7304388539340434,0.6238648534532747,0.7281081852236763,0.8510051660941071,0.5308600676890969,0.4075941374407676,0.5303958200091747,0.677632310302485,0.5860111052637678,0.47206763796952206,0.5949611510045304,0.7039048645474484,0.19808737183802344,0.14181274004446906,0.19584836246413956,0.2727331933274161,0.23859618999909518,0.2286459126975524,0.24024754812768132,0.2489754114156633
331,0.8537837837837838,0.7540540540540543,0.8621621621621623,0.9175675675675675,0.673988038949027,0.5799632184999229,0.678158458021378,0.7682801600565525,0.7350400262686508,0.6097925698316906,0.7479259237733269,0.8400733524199798,0.7373083763283911,0.6220243645369709,0.7336722686729032,0.854636039735912,0.5420474554434205,0.4147669013499345,0.5389111626662917,0.6642462775834819,0.5976999873414062,0.4890725939999725,0.6069014448063925,0.7108180409542727,0.19200998122698829,0.13790367023560912,0.18597547339456838,0.2647559783384313,0.23737500462940817,0.2286459126975524,0.23819730215254814,0.2467104569483934
332,0.8727027027027029,0.7540540540540543,0.8891891891891893,0.9432432432432433,0.6892377334054882,0.5993152251563607,0.6876044743315599,0.8005233556173571,0.7443795052011016,0.6229394626005071,0.754456135080741,0.8467724771216227,0.7501462327420346,0.6460168694433959,0.7509496279597007,0.8623872413828767,0.5579329522721778,0.4272883364674314,0.5590595609661935,0.6857042867251412,0.6146871697123846,0.5030833943623094,0.6232299561088308,0.715864774999507,0.18905290306742242,0.13479604624865812,0.18280453635259436,0.2592900877734977,0.23540955015715348,0.22686432239130702,0.2361959771952582,0.24450218523118905
333,0.894594594594595,0.7810810810810813,0.8891891891891893,0.9702702702702702,0.7043184308508411,0.6013814756930561,0.6961705890778223,0.8165218657254419,0.7495934442631422,0.6360846314017589,0.7584816582973702,0.8437834565509466,0.7556050933641062,0.6432185031244757,0.7663270195456445,0.8621562530904667,0.5661562054817142,0.43305587311834287,0.5731683895531131,0.6785194996971863,0.6264457175287383,0.5058821524324654,0.6317267550806167,0.7214867635776488,0.1878753879785928,0.13120391151086191,0.18470320450782424,0.2600191459896277,0.23349262556570094,0.22512218025368355,0.234241820827678,0.2423485417615736
334,0.9170270270270275,0.8081081081081084,0.9162162162162163,0.9972972972972972,0.7165752878504401,0.6182537290983102,0.713178294573643,0.8221120561540002,0.7570523513958162,0.6498613188057497,0.7657116093589748,0.8585842413529553,0.7614882429583056,0.6542575169300199,0.7744152937707769,0.8618468164646217,0.5760616331537199,0.4528251527147881,0.5799789297697204,0.6954082638739755,0.6384463797153193,0.5302361273892584,0.6418416680339747,0.7291407589660827,0.18582921508406425,0.131218485991156,0.17869674280207196,0.255039072983199,0.23160086267731475,0.22341813368825253,0.23233315305701416,0.24024754812768132
335,0.9227027027027033,0.8351351351351354,0.9162162162162163,0.9972972972972972,0.7259183653564,0.6328255598953081,0.7230959067931402,0.8335011108005668,0.767033262411809,0.649429659158089,0.7740251349218412,0.8532865578966942,0.7663884825127538,0.6537827656466924,0.7781286931544068,0.871397240283329,0.5875482838408572,0.45084930611067686,0.599280397787619,0.6888051820208732,0.649372497562902,0.540518984636601,0.6599810002863395,0.7363112539408029,0.18302533003772767,0.126629685278871,0.17800154893242526,0.24875375611446918,0.22973161403123224,0.22175088799437292,0.2304683642265795,0.23819730215254814
336,0.9286486486486492,0.8621621621621623,0.9432432432432433,0.9972972972972972,0.7371126124374363,0.6342972333223255,0.7418702246780735,0.8264028694069118,0.7707848318658129,0.6641500862887904,0.7728403819518138,0.8597664729500315,0.7703656843729889,0.6500479255374426,0.7850603733960095,0.8724084168191304,0.5934931327846746,0.4693115921903397,0.6108158774634014,0.6980144729883333,0.6575921326697961,0.5544136711501066,0.6646436528235223,0.7391567110414425,0.1798775683963304,0.1224425213724143,0.1753271593047927,0.24262371271735686,0.22792376125539587,0.22011920383699057,0.2286459126975524,0.2361959771952582
337,0.9351351351351355,0.887837837837838,0.9432432432432433,0.9972972972972972,0.7456205370961893,0.6510797157253428,0.746024913628582,0.825263885857573,0.778577556421665,0.6821515694323518,0.7813538171500853,0.8582446348826055,0.7775732508864224,0.6628786862855607,0.7884466793758214,0.8719686736726534,0.6052270485033733,0.49127549316602176,0.6174557682280021,0.6948763588909774,0.6683373398703872,0.5669002900138795,0.6772161545496886,0.7363311338639528,0.17742688902832504,0.123384249959115,0.1719694800823234,0.2365547262288373,0.22617298073631736,0.2185218947681644,0.22686432239130702,0.234241820827678
338,0.9381081081081086,0.8891891891891893,0.9432432432432433,0.9972972972972972,0.7539972431607623,0.6767998954975258,0.7592252136917066,0.8297433802529353,0.7841928877885297,0.6880942360562379,0.7856990878783814,0.858621554734896,0.7816935336347154,0.6690208404537776,0.7865276955718169,0.8804321662140615,0.6128782519517971,0.5049941024032545,0.6240256225336329,0.7134170544064594,0.677145434870559,0.5833137930573336,0.6881425236795222,0.7501443225982126,0.17506131512648312,0.12238244517735311,0.16863466718471415,0.23067505945654238,0.22442786225714234,0.2169578248148394,0.22512218025368355,0.23233315305701416
339,0.9410810810810816,0.8891891891891893,0.9432432432432433,0.9972972972972972,0.7593531716440508,0.6777506233696167,0.7634151030946719,0.8266800811506746,0.7892576264056109,0.7009351634133152,0.7928846838059112,0.8628077269438521,0.7899906598186888,0.6854581314181601,0.7968957869565296,0.8741515248053847,0.6234706606127003,0.5326079068687198,0.6318662403742169,0.7264998648082693,0.6862893112507491,0.6063740220261801,0.6879678615409177,0.7605454293035777,0.17301624975465646,0.1253346107793554,0.16647860544990395,0.22519582140623348,0.22273708956859084,0.21542590614310256,0.22341813368825253,0.2304683642265795
340,0.9421621621621625,0.8891891891891893,0.9432432432432433,0.9972972972972972,0.7615737873340228,0.6902385945175242,0.7636245349609854,0.8369902584690793,0.7932137382288144,0.696204773474448,0.7984017885874182,0.8683452090682132,0.7915589446572205,0.7000514473785016,0.7957723651229597,0.8753625107664087,0.6278416106399889,0.5308065655081156,0.6345636219421458,0.7278689247252548,0.6900154770293571,0.6226443077512526,0.6925478248887804,0.7612602628458858,0.17127860368862702,0.12212039615334061,0.16740812051232387,0.22855503130479038,0.22106639652902638,0.21392509680580307,0.22175088799437292,0.2286459126975524
341,0.9437837837837846,0.8891891891891893,0.9432432432432433,0.9972972972972972,0.765426797672815,0.6933386131827123,0.7675456390214008,0.8408483219505896,0.79738117304138,0.7093092520599136,0.8063561254424023,0.8696185667363765,0.7930312825788312,0.6920603558401172,0.7968458681324453,0.881403252894792,0.632243618718488,0.5438611179532464,0.6364575031441727,0.7345404702790307,0.6947529128629841,0.6277338846190053,0.696541830985939,0.7556983289941459,0.16970779920904316,0.12158973662017311,0.16662756824693523,0.22630763354842096,0.21943011665223314,0.21245439857781112,0.22011920383699057,0.22686432239130702
342,0.9454054054054059,0.8891891891891893,0.9432432432432433,0.9972972972972972,0.7701408049663655,0.6883066465894669,0.7767322657327651,0.8381893265951186,0.7997077932804854,0.7057936826993277,0.8106973919025935,0.8664098428353575,0.793239422372406,0.6922260494752198,0.7958306250060083,0.8760240092885639,0.6343698577234861,0.5377763057541398,0.6408002673057525,0.7361563581917631,0.6982383520886343,0.6297327726893521,0.6995256343479346,0.7719385420161436,0.16706539793026898,0.11644982568273096,0.16355774592504999,0.219772581204805,0.21789332049471455,0.2110128548811631,0.2185218947681644,0.22512218025368355
343,0.9462162162162167,0.8891891891891893,0.9432432432432433,0.9972972972972972,0.7760681152032248,0.6989989092435382,0.7854050941123134,0.848333245589663,0.8043467959797694,0.7189845083607694,0.8168247881780035,0.8728307901149696,0.7940911738943286,0.6838868897075256,0.7997671242191833,0.8839150947276555,0.6387374943924553,0.5365717566913771,0.6421407961541166,0.734871768376818,0.703244591971731,0.6398141549223123,0.7075326548212408,0.7776629749358055,0.1651793352945569,0.11489680801519905,0.1623205900413848,0.21729688708011966,0.21632341846682895,0.20959954880078682,0.2169578248148394,0.22341813368825253
344,0.9456756756756761,0.8891891891891893,0.9432432432432433,0.9972972972972972,0.7796192487660535,0.6942277895347395,0.7845445080408694,0.8538859085011251,0.8056380092550757,0.7156757612854415,0.8154374476278402,0.8777536279023938,0.7989186917143904,0.693269729441873,0.8018582852916245,0.8888361436309314,0.6438159015408175,0.5417421387944505,0.6489292118009936,0.7512651581191769,0.7078000744764829,0.6388710224684615,0.7064030512033119,0.7792364015837566,0.16380124409381303,0.11087220186063773,0.163239296526537,0.2136911922559438,0.2148035873998867,0.20821360119030938,0.21542590614310256,0.22175088799437292
345,0.9472972972972975,0.8891891891891893,0.9432432432432433,0.9972972972972972,0.7822094355379502,0.7031971391084604,0.784798490340691,0.8555578854292218,0.8079525675522258,0.7265191120656614,0.8162761997059632,0.8766730990794462,0.7998752380484803,0.6877171553572492,0.8030050812975866,0.8895484417113857,0.6463392338137698,0.5361296889853867,0.6479974150177767,0.7412522560443151,0.710779688516545,0.6388671984292044,0.7105920404963323,0.7801287564236233,0.16181499699535845,0.11473334007777501,0.16027483485711538,0.2155262135823683,0.21331449582306727,0.20685416886655664,0.21392509680580307,0.22011920383699057
346,0.9472972972972975,0.8891891891891893,0.9432432432432433,0.9972972972972972,0.7835566822884594,0.6951576317741526,0.7877405685353043,0.8541413697636178,0.809878600156867,0.7200122416376875,0.8157282581653162,0.876208109347298,0.8026718262403341,0.6858050621569308,0.8114647607004715,0.8892318857961272,0.6501269946825933,0.5389056209697279,0.6501847328650506,0.744775143283863,0.713570808925358,0.6409422301661815,0.7156984663246364,0.7850857197948965,0.16099782765104823,0.11517961143788723,0.15943899676941556,0.21815315152117798,0.21186808919898717,0.20552044289069107,0.21245439857781112,0.2185218947681644
347,0.946756756756757,0.8891891891891893,0.9432432432432433,0.9972972972972972,0.786495323220954,0.687280432349638,0.7933201496382544,0.8585662051796987,0.810321694098011,0.7201956484483228,0.817624413360022,0.8784806910412521,0.8018465387515752,0.6791568225912099,0.8096414660150071,0.8932951452826688,0.6497526631386171,0.5315404020478514,0.6532338480543716,0.7547106791212441,0.7151274741993396,0.643631915137494,0.7154358687270874,0.7875537510379806,0.15948473126538573,0.10970063593082252,0.15658594799538367,0.21323105752706656,0.21046768377676472,0.20421164693345223,0.2110128548811631,0.2169578248148394
348,0.9464864864864866,0.887837837837838,0.9432432432432433,0.9972972972972972,0.788022356193895,0.6795854127429826,0.7925497841704603,0.8549779547739985,0.8105506406747801,0.7281980529479887,0.8188472769502892,0.8787969518530981,0.8040448336537483,0.6811885378153789,0.8065760033016618,0.8997542548707653,0.6517766544890441,0.5457579395269914,0.655487398790841,0.7452748942351868,0.717063919706597,0.6336614348281436,0.7190600355467714,0.7849976053774856,0.15753182638378205,0.10518111098517641,0.15426507567680559,0.20924645560005015,0.20902109089450538,0.20292703572163026,0.20959954880078682,0.21542590614310256
349,0.9462162162162163,0.8891891891891893,0.9432432432432433,0.9972972972972972,0.7897039774966161,0.6889777945963514,0.7892475300245269,0.8633231020699644,0.8127358106327488,0.7343513224408162,0.82067967158435,0.8782695757763128,0.8049420045781858,0.6842330215691398,0.806398865448428,0.895834047191845,0.6542779890754093,0.5480439103117124,0.6608602993053253,0.7519029206917832,0.7192905749861712,0.6310092838211825,0.72416609446571,0.7863132924208999,0.1571680433415725,0.11228293388265317,0.15251970216905353,0.21737877579759135,0.20767172260719224,0.2016658935626803,0.20821360119030938,0.21392509680580307
350,0.9464864864864866,0.8891891891891893,0.9432432432432433,0.9972972972972972,0.791627381407382,0.7044286644636005,0.7971688018253664,0.8734750906324901,0.8145912876492399,0.7326312238477786,0.8197236491975428,0.8831631170431965,0.8059215705081241,0.6885845890605304,0.8127281498371878,0.8881444100674163,0.656611000249163,0.5485747503461439,0.6643614499022837,0.7500007552198357,0.7215594686848259,0.6407998757538899,0.7161374893501452,0.7918235530000362,0.15641160428663886,0.11223675644612609,0.15093305027119588,0.21227273852956724,0.20633546968826683,0.20042753294425253,0.20685416886655664,0.21245439857781112
351,0.9456756756756758,0.8891891891891893,0.9432432432432433,0.9972972972972972,0.7925905962836923,0.7072943482549215,0.7924627163348367,0.8799688915898929,0.8149461125481505,0.735267738562307,0.8167614464308355,0.884256428538873,0.8061497980804576,0.6989976585817687,0.8141773621928639,0.8891594114278143,0.6570716188498564,0.5521554310136284,0.6619768611799554,0.7531843974966107,0.7224306997324658,0.6444978526422532,0.7245409568317489,0.789678528956651,0.1552144066466524,0.1102232296267998,0.153078537029899,0.2083130306722495,0.20553881144237757,0.1992112932053468,0.20552044289069107,0.2110849320659955
352,0.9445945945945948,0.887837837837838,0.9432432432432433,0.9972972972972972,0.7933214131552494,0.702892928142977,0.7959881272717113,0.8741020034286526,0.817329821684529,0.7335526448722546,0.8274802510635111,0.8880689685414804,0.8079091618485272,0.6934090637977375,0.8155261118353454,0.8902236850336385,0.6603200095377479,0.5482896201811627,0.6667148109195101,0.7437242285797869,0.7244637004906214,0.6443559707162323,0.7227126487154493,0.796891794440192,0.15361845413607628,0.108335379595927,0.15216709469054407,0.20572989755719912,0.20424059407517753,0.1980165392757921,0.20421164693345223,0.20967021410480563
353,0.9445945945945947,0.887837837837838,0.9432432432432433,0.9972972972972972,0.7947242046906559,0.7069075906902107,0.7965253130863156,0.8733552531622073,0.8193389150510569,0.7420397921418032,0.8265725384901057,0.8911286956291559,0.8110598535470603,0.7003919457110945,0.8196151320661831,0.8902156867657369,0.6645548916272142,0.5639085508349149,0.6715096460400145,0.7511916543902406,0.727401740000558,0.6513558243153672,0.7261920350516368,0.7984856782534636,0.1518375528021901,0.10642106163086164,0.1506851735603631,0.20481888776445617,0.20295365745114047,0.19684266048077814,0.20292703572163026,0.20828289857083324
354,0.9451351351351353,0.887837837837838,0.9432432432432433,0.9972972972972972,0.7959712182729635,0.7080020942961648,0.7949313738489443,0.8716054854181985,0.8210629262999605,0.7362705944269283,0.8232879270263405,0.8941451430453285,0.8145998645701852,0.7130350325103919,0.8257562485762404,0.886663254682482,0.6687973713525105,0.5650396324611502,0.6703364913255574,0.7571937667286561,0.7301352898825175,0.6532206139103992,0.7295084676919512,0.8050674913316753,0.1502472169882167,0.10268347710340592,0.14904823100014042,0.2012357349525652,0.20285815679325514,0.19684266048077814,0.2016658935626803,0.20828289857083324
355,0.9448648648648651,0.887837837837838,0.9432432432432433,0.9972972972972972,0.7950759512515123,0.7137421047412958,0.7967765819591274,0.8764603383125541,0.821907537542426,0.7367986763720459,0.8288782091162054,0.8903988393077205,0.8156825530956807,0.7203116665058508,0.8241345092436485,0.8913288391799908,0.6703069347390109,0.5703904527458012,0.6671576280785612,0.7576752713082566,0.7306658312022001,0.6532783702914658,0.731495946855538,0.7981151344033101,0.14737585215552632,0.10009260287964704,0.14567175695344892,0.198259663749227,0.20277131079043542,0.1956890694072268,0.20042753294425253,0.20992034821887248
356,0.9459459459459463,0.8891891891891893,0.9432432432432433,0.9972972972972972,0.7973492364774892,0.7230355214472232,0.7972076099176534,0.8678306131311797,0.8238167287434741,0.7458043400274499,0.8351103884932025,0.892121106801015,0.8177389299453206,0.728402896407176,0.8235673017981778,0.8928727056993977,0.6736816988521869,0.5764357176111574,0.6735458975197264,0.7694857876662307,0.733550614938413,0.6624678437690575,0.7346998204380024,0.7959890495336573,0.1439215593824278,0.0973619339610761,0.14169952592480103,0.1941801842082636,0.20333395091789996,0.1956890694072268,0.1992112932053468,0.24682370467175688
357,0.9464864864864866,0.887837837837838,0.9432432432432433,0.9972972972972972,0.798864407804516,0.7152233309836736,0.8053311254874873,0.870007873835939,0.8228936059466673,0.7388904996773188,0.8348729759586603,0.8931095030445894,0.819142100830923,0.7378585511239719,0.825245001542528,0.8898615331019847,0.6740751902468851,0.5878601635407749,0.6748802454405616,0.7763054529608464,0.7346670070226011,0.6657587134153456,0.7354646281127609,0.8031773452103075,0.14117229775058915,0.09036861618149215,0.138773980734119,0.19219065174626265,0.20404311467931865,0.1956890694072268,0.1980165392757921,0.2489754114156633
358,0.9472972972972975,0.887837837837838,0.9432432432432433,0.9972972972972972,0.8026427993265878,0.7240535309137816,0.8039465930235128,0.872396191676548,0.8238324376567726,0.7368876558715729,0.8336376362236961,0.8905652223540372,0.8209630750227602,0.7203034743771227,0.8247966249207632,0.8900770865443582,0.6763789889488119,0.5824076899211549,0.6817129626873231,0.7799334409970867,0.7379293530167628,0.6695580378003707,0.73949065548776,0.8006465848657338,0.13944877383466336,0.09395598996440252,0.1375157328207385,0.1884197443317096,0.2032903344316864,0.1956890694072268,0.1980165392757921,0.2467104569483934
359,0.9472972972972974,0.8891891891891893,0.9432432432432433,0.9972972972972972,0.8023549236390434,0.722985882549025,0.8042757212703238,0.8700538408991391,0.8256375245678812,0.7339204717260278,0.8328309958946346,0.8868859999382331,0.8225599070839591,0.7167302784760576,0.8269556101982803,0.8915324607654348,0.6791515375342702,0.5839711106268687,0.6847740460897676,0.775777036499904,0.7392664513691524,0.6698261762510438,0.742606497408953,0.8109820158042514,0.13681794076014164,0.08304460692889594,0.13591076395346602,0.18614668742244775,0.20501153650330417,0.1956890694072268,0.1980165392757921,0.24682370467175688
360,0.9467567567567567,0.887837837837838,0.9432432432432433,0.9972972972972972,0.8037294292932577,0.7275346705623271,0.8031257227252475,0.867771591345734,0.8266207165063594,0.740019704798104,0.8378731580604293,0.8898069978364662,0.823379002512207,0.7187583755475032,0.825320346663349,0.8959191750085035,0.6806029568702833,0.5825560804778526,0.6835059096869451,0.7722973340345973,0.740770734101729,0.6757215322715515,0.743477747808026,0.8066880499631307,0.1340598772103219,0.0841537551537417,0.13493742935831404,0.18403960038254877,0.20536015930967275,0.1956890694072268,0.1980165392757921,0.24472584654041274
361,0.9475675675675679,0.8891891891891893,0.9432432432432433,0.9972972972972972,0.8023369302350194,0.7304547307717977,0.8025050513256791,0.8676904967369001,0.8288841342692278,0.749275097993993,0.8380999621489015,0.8938783628640187,0.824009382999705,0.7308045668849933,0.8317128494836596,0.8977753569711688,0.6829355567902503,0.5805473064018785,0.6895092563997254,0.7654526663822753,0.7411945474665579,0.6748605377912763,0.7431955121904623,0.8042846926244792,0.1315124413651948,0.08486375593240564,0.13091350174644956,0.18080793955788613,0.20768425457417375,0.1956890694072268,0.1992112932053468,0.24682370467175688
362,0.9475675675675678,0.8891891891891893,0.9432432432432433,0.9972972972972972,0.8030771613113136,0.7236668259894289,0.8094259775270203,0.8628803924878738,0.8287408823764649,0.7439670176818706,0.8334127701096441,0.8912416371610389,0.8240829870302183,0.7264457480247432,0.827648617192897,0.8903161474998007,0.6827347887818672,0.5894564575439899,0.691192304672271,0.7593891929782277,0.7416653147117362,0.6833273264881987,0.7455864675091576,0.8014115444673477,0.1285612004827364,0.0781450865960139,0.12633460027688714,0.17661821001503314,0.20777927465994966,0.1956890694072268,0.20042753294425253,0.24461259881704925
363,0.9481081081081082,0.8891891891891893,0.9432432432432433,0.9972972972972972,0.8048459289832237,0.7304254230150724,0.8105833257013626,0.8742465497718455,0.8294935691796751,0.7449083790995197,0.8392604386755695,0.8904731762696347,0.826141351212338,0.7251547531771068,0.8319594562382662,0.8917991515599091,0.6849469290533929,0.595845954903717,0.6948745151032885,0.7669288036974157,0.7437465881103174,0.6803663875114625,0.743089995883693,0.8064451171802992,0.1262921039391091,0.07990963779180295,0.1267592299458759,0.1694690015946322,0.20799579816066863,0.19684266048077814,0.2016658935626803,0.24245622393505437
364,0.9486486486486488,0.8891891891891893,0.9432432432432433,0.9972972972972972,0.8076761757192655,0.7291670976922695,0.8099691996566782,0.8723007964991789,0.8324608314373073,0.754357000860094,0.8429447751015241,0.8920675030364712,0.8285408549731146,0.737594896985933,0.8352112881034561,0.8881216496449167,0.6894120812709571,0.6040172667176137,0.6955133234446961,0.7674401532226589,0.7473112578752844,0.6818561601842553,0.7478739044655469,0.8065766098107539,0.12331923486006673,0.08220589992345022,0.12285039132223005,0.17109033980863192,0.2087536299739102,0.19684266048077814,0.2016658935626803,0.24245622393505437
365,0.9491891891891894,0.8891891891891893,0.9432432432432433,0.9972972972972972,0.8090872214812943,0.7323745990871926,0.8099287077934396,0.8653969618309698,0.8342831761218876,0.7572008548413444,0.8448253842392488,0.8981589994553517,0.8288532871025618,0.7489192235734646,0.8310306562257719,0.8881476659864366,0.6912102191785964,0.6052354583295183,0.696851785997624,0.7592798255660071,0.749040576068096,0.6813186079777818,0.752626717433378,0.8040165479301229,0.12009921856310207,0.07737153503875605,0.11819986623297715,0.16529906458145144,0.20888668821916415,0.1980165392757921,0.20292703572163026,0.24035259780937593
366,0.9486486486486488,0.8891891891891893,0.9432432432432433,0.9972972972972972,0.8101670591011328,0.7410320333346521,0.8133445206132035,0.870653827579144,0.8345274193486495,0.7600176401273477,0.8410292769520801,0.8954474278676972,0.8307541487026715,0.7434355172140893,0.8338350818888358,0.8940323483987973,0.6930027353277666,0.6047721059710082,0.6983000504301156,0.7697339008500875,0.7505575536897559,0.6959645204078624,0.7527132024374104,0.8050349808851217,0.11773664409592416,0.07468289884160441,0.11770358943607315,0.15779691124711379,0.20908809461124198,0.1992112932053468,0.20292703572163026,0.2382998144513048
367,0.94972972972973,0.8891891891891893,0.9432432432432433,0.9972972972972972,0.8111084292052477,0.7465110753377909,0.813709901569523,0.8668494589641912,0.8356744162980398,0.7714160323014793,0.8421635208746219,0.8902447563955178,0.8304578277669604,0.7488918308558792,0.8311200009213009,0.8900665514213235,0.6935907245551094,0.6049475052930993,0.6998273075086116,0.7651941973233133,0.7515312257272548,0.6940302738094727,0.7552565894027652,0.8092363391129072,0.11541515565602292,0.07807337729180881,0.11325256184289587,0.157247902678024,0.20915865617432391,0.20042753294425253,0.20421164693345223,0.2362960434431227
368,0.9494594594594595,0.8891891891891893,0.9432432432432433,0.9972972972972972,0.8099410074903715,0.739134990668604,0.8145973951964478,0.8676748007642104,0.8367448706848293,0.7654198847218807,0.8449390323721455,0.8992972185222707,0.8312820789562355,0.7528961603697396,0.835547081826455,0.8883612477398238,0.6952117842928962,0.6214062147912824,0.7012603844907235,0.7647495614349981,0.7518350963805386,0.6965739234982309,0.7530376806620278,0.8062230925034007,0.11374094160008799,0.07380524943774439,0.11463172997511308,0.15795937772232135,0.2092338745309072,0.2016658935626803,0.20421164693345223,0.234339528646057
369,0.9489189189189193,0.8891891891891893,0.9432432432432433,0.9972972972972972,0.8110204962458626,0.7406387606724995,0.8127563930315818,0.8672313678455995,0.8362593181226649,0.7674346248269105,0.8470341659013814,0.8957573470027322,0.8302897205849982,0.7585640924197072,0.8385581802264671,0.8871854851142894,0.6939439759991395,0.6123732220790934,0.7017347618652019,0.7540753886365749,0.7520362931134068,0.6976790129072136,0.753634258839456,0.8067467032695816,0.11273915396078671,0.07556599539516826,0.11357703985799425,0.15647109002317264,0.20923147019862118,0.2016658935626803,0.20421164693345223,0.23242858644554734
370,0.9494594594594598,0.8891891891891893,0.9432432432432433,0.9972972972972972,0.8109509073711648,0.7449205630923622,0.813456600678909,0.866219963994349,0.8380050960715627,0.7600270502918216,0.8442868914200815,0.9046297730592578,0.8325243227990283,0.770514705695714,0.8349666363676495,0.8864886815261022,0.6973517544630101,0.6115192820308241,0.7042576346500935,0.7684756007075434,0.7538989325141762,0.7016629844636987,0.7584260014803389,0.8078584864618477,0.11081179059731461,0.07047492134186814,0.1106862759708679,0.15671377966988587,0.20920093169699533,0.20292703572163026,0.20552044289069107,0.23233315305701416
371,0.9494594594594598,0.8891891891891893,0.9432432432432433,0.9972972972972972,0.8125417059721937,0.7367414932078352,0.8209342460641662,0.8675868020138231,0.8379285944719098,0.7729692333381212,0.8425797195057046,0.9060016660662352,0.8337271779651166,0.7634648283514025,0.8425321653564957,0.8860726101257713,0.6983555346854448,0.6131560146749372,0.7057279520856565,0.7599994805362106,0.7552384569174199,0.70110505844456,0.7589391703956128,0.8033481698305361,0.1094479615289053,0.07018536521159059,0.10927023718042222,0.15649279505116065,0.20924821661154558,0.20292703572163026,0.20552044289069107,0.22873703527400377
372,0.9497297297297301,0.8891891891891893,0.9432432432432433,0.9972972972972972,0.8135539494487091,0.7290079792614405,0.8173231339560147,0.8635179946290401,0.8396683290419078,0.7648332162222234,0.8452716441923764,0.9011781554164817,0.8348046760898933,0.7656238745453974,0.8410782017917766,0.8835753286745609,0.7007646958383635,0.6218217893223766,0.7042633096538152,0.7618053191678577,0.7569805552333192,0.6996363245199861,0.7615036543851315,0.8009595803137695,0.10841841083871279,0.07225362675385626,0.10761580728927203,0.15299992574338406,0.2092275745193364,0.20421164693345223,0.20552044289069107,0.22695340190661928
373,0.94972972972973,0.8891891891891893,0.9432432432432433,0.9972972972972972,0.814775471731906,0.7431193742744432,0.8190141140938949,0.8678223457875488,0.839645901963583,0.7760333597149623,0.8452130794821568,0.8949113600711356,0.8354037031178114,0.7654695788662448,0.8422743201430124,0.8859814924972159,0.7013154548087271,0.6193960566180283,0.7049418808322805,0.7668541362871177,0.7578306497726247,0.70303363359559,0.7613619271427965,0.8119800906124257,0.10588329320011772,0.06675221620777878,0.10314897011905172,0.15113485873259616,0.2091357771693724,0.20421164693345223,0.20685416886655664,0.22520928736056472
374,0.94972972972973,0.8891891891891893,0.9567567567567568,0.9972972972972972,0.8131976049605825,0.7385349325357637,0.8159489994988973,0.8640283466584444,0.8402065297506545,0.7713362153594873,0.8455016884467429,0.9024272754059017,0.8353512176181416,0.7667143139780835,0.8424924709925049,0.8841893770897619,0.701823787262739,0.6094134098719957,0.6974871498863632,0.7774877229688224,0.7573252420953881,0.7037730070421341,0.7609707245603425,0.8155197574800583,0.10562959717853532,0.06311803515903737,0.10297091791547477,0.15116476441154833,0.20919224589711616,0.20421164693345223,0.20685416886655664,0.22350333601652408
375,0.9508108108108112,0.8891891891891893,0.9702702702702702,0.9972972972972972,0.8150327773145791,0.7417337303934807,0.8202238065084738,0.8724525137785175,0.8409827569869133,0.7640202794713482,0.8446430236007475,0.896770178891568,0.8365893900141718,0.76940546376061,0.8446861071963945,0.8926798883465803,0.703444871811789,0.6155734664919437,0.7012239780621186,0.7811928364171207,0.759086986379783,0.6955711387397626,0.7623842031244025,0.8175169988827382,0.10351436302604433,0.06367619752119046,0.10203066435919364,0.14594423017669633,0.2091161763991161,0.20552044289069107,0.20685416886655664,0.2218342502790669
376,0.9510810810810814,0.8891891891891893,0.9702702702702702,0.9972972972972972,0.8160689979736268,0.7382875237253701,0.821053128166451,0.8728009277840283,0.841779119880999,0.773715250454859,0.8485516690870164,0.8998750689267132,0.8361207553353739,0.7669499995782755,0.840828546578194,0.8909370406990993,0.7036971314169841,0.6219726183418322,0.7026202394679208,0.7817963853579234,0.7597026039540861,0.6967258106009976,0.7608821577925,0.8152011149243953,0.1022368648658397,0.06517679841222368,0.1009158493686853,0.1445281398491764,0.20899987731565697,0.20552044289069107,0.20685416886655664,0.22020078804485968
377,0.9510810810810814,0.8891891891891893,0.9702702702702702,0.9972972972972972,0.8162732992840666,0.7373416719321412,0.8208896607768874,0.874774915091922,0.8412192283927818,0.7665489388583112,0.8484268478873229,0.8986736873921616,0.8372612635757841,0.7625846590199131,0.8421895357185856,0.8944329318668357,0.704195851589789,0.6266543601705579,0.704078559683922,0.7869542502920112,0.7600454846227568,0.7029282724303725,0.7608037403296017,0.8184101856056986,0.10102374749109817,0.06478822304929904,0.09839721968347952,0.14262533662604426,0.20897792121031153,0.20552044289069107,0.20821360119030938,0.21860176022160568
378,0.9500000000000004,0.8891891891891893,0.9432432432432433,0.9972972972972972,0.8181789115539777,0.7384670534853198,0.8206049378722818,0.87474645471187,0.8405740668024645,0.7464362459318558,0.8463096988268928,0.8985719729544651,0.8367771826191323,0.7611572764335925,0.8406682697714859,0.8924558027084065,0.7032013953143786,0.6245333386303504,0.7073094991353897,0.7831182599514158,0.760709221207346,0.6990723325567103,0.7622549572206448,0.8226537880236644,0.10001669025720483,0.06182130783715383,0.09910368829332081,0.14527080291456643,0.20893557690364165,0.20678748256776336,0.20821360119030938,0.2185218947681644
379,0.9508108108108111,0.8891891891891893,0.9432432432432433,0.9972972972972972,0.8176410011068943,0.7442817857966676,0.8215576516155019,0.8759345977003498,0.8401455799986904,0.741970960342588,0.8427737029318987,0.903421594037536,0.8370254196829449,0.763624325258913,0.8410792454630193,0.8906612622340406,0.7030738480962878,0.6236529645821455,0.7028833812718057,0.7858939027668083,0.7603376809633837,0.7043859544032285,0.7620630288943295,0.8202931549408866,0.09951086663142261,0.059220175922967,0.09873458904620727,0.14205378905272067,0.20879018224369342,0.20685416886655664,0.20821360119030938,0.2155025020766894
380,0.9508108108108111,0.8891891891891893,0.9432432432432433,0.9972972972972972,0.8189480103196455,0.7519302885425011,0.8223377880295797,0.8764852235978862,0.842733457373494,0.7563515572242686,0.8490839487453765,0.897921053056069,0.8378187036826283,0.7682347842147864,0.8422081797384644,0.8978548763324355,0.7059165080077753,0.6296885686953749,0.7046408500890973,0.7839917073587113,0.76243653178819,0.7085672352918257,0.7631463626283506,0.8232210163450506,0.09876741192422125,0.059008852416568405,0.09970431899205962,0.14216488106146982,0.20862113529209844,0.20685416886655664,0.20821360119030938,0.21400013727266803
381,0.9518918918918922,0.8891891891891893,0.9702702702702702,0.9972972972972972,0.8187892919550929,0.7596635590937334,0.8208115705094858,0.8709807461989342,0.8434574624761102,0.7611143730026977,0.8471999632822219,0.9029487587102231,0.8371962661402544,0.7676701947719152,0.8400574198742039,0.8982300114509935,0.7060419941750814,0.6281924794420446,0.7063138922456198,0.7810626914208653,0.7624850905126679,0.707520909459639,0.7615455877028223,0.8199131800608253,0.09845676603249169,0.058144571303531185,0.09839818578160324,0.14087002390717018,0.2084619043458761,0.20685416886655664,0.20821360119030938,0.2125279334892107
382,0.9521621621621625,0.8891891891891893,0.9702702702702702,0.9972972972972972,0.8194289057942364,0.7598666282327369,0.8233804274216011,0.8748258935453251,0.841997128600434,0.7460311882980389,0.842161162423499,0.9089085553682635,0.8378185385787416,0.7704157586370662,0.842475926703256,0.8954125466687439,0.7052238565953624,0.6288139919378862,0.7039777120808735,0.7799362977943496,0.7625995249682996,0.7121854104082976,0.7623922657999223,0.8230778053907588,0.09830359818265705,0.05555195373413736,0.09803248276655613,0.1413801108836547,0.20830844868574225,0.20545500309282913,0.20821360119030938,0.2110849320659955
383,0.9516216216216222,0.8891891891891893,0.9702702702702702,0.9972972972972972,0.8174497829228872,0.7478436614631565,0.8164751761340849,0.878344825250484,0.841610659273556,0.7548859678399258,0.8455322107061563,0.9029617754512363,0.8377452054464434,0.7678388069892268,0.842881710514769,0.8939592205372328,0.7048563315141088,0.6328947953034999,0.7030949502402923,0.7756473842565165,0.7613693364676465,0.7067164827945601,0.7591165682245768,0.818668514112295,0.09671039575337634,0.05444313700712033,0.09393050792230048,0.13899497866837376,0.20816337507809796,0.20414741637286113,0.20821360119030938,0.2110128548811631
384,0.9537837837837845,0.8891891891891893,0.9702702702702702,0.9972972972972972,0.8161849834832653,0.7409000520943768,0.8201685864387662,0.8693809111390928,0.8413051508069593,0.7465807509555534,0.8446367359597369,0.8967013132544197,0.8377272628016726,0.7771979901474912,0.8419957932733915,0.889186412111602,0.7045628859152312,0.6361452735545431,0.704001429577692,0.7812001437282132,0.7605589778175905,0.7087691929903066,0.7594350753311343,0.8137498482904454,0.09710058085282673,0.05803821901929087,0.09372140260719336,0.13991470127464029,0.20807455715482553,0.20286397861368277,0.20821360119030938,0.20959954880078682
385,0.9532432432432439,0.8891891891891893,0.9702702702702702,0.9972972972972972,0.8164746497924675,0.7509516586955399,0.819653641623415,0.8693357959269048,0.8399950522985254,0.7383431724393076,0.8443840117480201,0.8966901161275314,0.8386951722892642,0.7747980529710798,0.8403897776511078,0.8952531019707466,0.7043948120726512,0.6334060737679507,0.705855011415037,0.779443668826952,0.7606183170949453,0.7043886980892736,0.761668873011209,0.8171562632897996,0.09649735107576926,0.05225505857124902,0.0921188600483277,0.1385359209144492,0.20803712093600776,0.2016039755317589,0.20959954880078682,0.20959954880078682
386,0.9545945945945951,0.914864864864865,0.9702702702702702,0.9972972972972972,0.8172695155099164,0.7572159717574106,0.8187900300535926,0.8656953728862704,0.8414408880224468,0.7415633817820415,0.8459329639998943,0.8986726866006172,0.8388601033458563,0.772666254564884,0.8412326506446528,0.891703135293314,0.7058371557006557,0.6238847893386245,0.7101532509655013,0.7732217378088759,0.7616958760595643,0.7039634125156429,0.7626649443127653,0.812083463353373,0.09575757363319605,0.060400209511195416,0.09145793496680052,0.14159518965347906,0.20790329364945564,0.20036672095730723,0.20959954880078682,0.20959954880078682
387,0.9559459459459465,0.9162162162162163,0.9702702702702702,0.9972972972972972,0.8173079616197636,0.7513738256994269,0.8203475756611533,0.8657752800723889,0.8413143654862505,0.7517556978334298,0.8455949943825365,0.8965018359418847,0.8392137893889653,0.7771625370763854,0.8425274753393215,0.8902172361110935,0.7060260975466008,0.6183549689616623,0.7082652937346059,0.7725766265706991,0.7617754604831116,0.705224273488177,0.7616388349738982,0.8108689974498913,0.09462666048256908,0.05624516460012323,0.08863083167337717,0.13680225376790178,0.20779839102293202,0.19915155550886907,0.20959954880078682,0.20959954880078682
388,0.9537837837837843,0.914864864864865,0.9702702702702702,0.9972972972972972,0.8175278564136913,0.7471460436225248,0.8207932856623479,0.8714498912332128,0.8410234424966293,0.7496355370320418,0.8479873139283027,0.8944288917738845,0.8387354401504038,0.7764827319864573,0.8424317923703635,0.8899547773139346,0.7053900538359672,0.6181327480078804,0.7061132799620086,0.7741303908918964,0.761505672570649,0.7064162327038938,0.7629979975126058,0.8099231111547553,0.09455783658756484,0.057977084288405215,0.09143767007613646,0.13562118684180596,0.20761966514877742,0.1980165392757921,0.20959954880078682,0.20959954880078682
389,0.9540540540540544,0.914864864864865,0.9702702702702702,0.9972972972972972,0.816825386452713,0.7502751131554959,0.8221962011191998,0.8750566956079546,0.841803158079688,0.7611476191352831,0.8448213623834313,0.8961195038961087,0.8388785722109283,0.7725791022321689,0.8414842890650243,0.891477993926694,0.7061195814092797,0.6175880464001076,0.7111596535173854,0.7716363987966703,0.7615365201066723,0.7114618034234628,0.7668721256468329,0.8098899520903012,0.09327077853216284,0.05273299444659316,0.08826405969647114,0.13874152697598338,0.20747285983909794,0.19684266048077814,0.20959954880078682,0.20959954880078682
390,0.9556756756756759,0.9162162162162163,0.9702702702702702,0.9972972972972972,0.8170720704093134,0.7519053772679842,0.824354980370607,0.8707742297429181,0.8418805589225141,0.7607175713631904,0.8448373330498611,0.9025756582001916,0.8384628626004397,0.7691512263331516,0.8407689730897392,0.8933606298580711,0.7058036811961486,0.6169675759932611,0.7102854949557471,0.7733139074781906,0.7615210128173772,0.7115362574190459,0.7654215187951894,0.8039773408027654,0.09247584041312015,0.0556219834073819,0.08569355606376608,0.14002856473256187,0.20734028665688062,0.19684266048077814,0.20959954880078682,0.20959954880078682
391,0.9554054054054056,0.9162162162162163,0.9702702702702702,0.9972972972972972,0.8179864530298435,0.7463661451881076,0.8265009088483432,0.8744531167481395,0.8434638033565033,0.7572682765213843,0.8477022295771224,0.9000692163136566,0.8396992916380615,0.7779772826935621,0.8448100567618727,0.8910337876526713,0.7082127228190508,0.6247115696196383,0.7116938628899881,0.7820317341368168,0.7631587353477741,0.7152070174202287,0.7654794135687046,0.8145187956732036,0.09148520899527114,0.054753734216408806,0.08903726328156895,0.1384427160865185,0.20729280332470082,0.19684266048077814,0.20959954880078682,0.20959954880078682
392,0.9556756756756759,0.9162162162162163,0.9702702702702702,0.9972972972972972,0.8198955683850443,0.7525406560419678,0.8253602420747392,0.8787544781145384,0.8422648936368675,0.7495827173162365,0.8416868925530698,0.9071665888699758,0.8405730259373654,0.7740046567180987,0.8421567139363053,0.8970507438356703,0.7079515746730926,0.6162032255784625,0.7113468740430361,0.7780294109842004,0.7640837044759088,0.7145772827742282,0.7656904183695006,0.8122209313595391,0.08989362355726131,0.0524294530899277,0.08494492498759432,0.143596072657571,0.20730306032294588,0.19684266048077814,0.20959954880078682,0.20959954880078682
393,0.9548648648648651,0.9162162162162163,0.9567567567567568,0.9972972972972972,0.820774516381217,0.7499385491429851,0.826270485365831,0.8822451602563068,0.8429481525208723,0.7616688630745405,0.8436180073212692,0.900782934792429,0.8409879875777164,0.7822381880389895,0.8464250601713614,0.8997594434365099,0.7088634969594323,0.614303305921882,0.715420490668792,0.778266703984131,0.7649574136323447,0.7131065779754902,0.7678185334295916,0.8108375751142053,0.08868532146994652,0.05249088725632878,0.08272351929528676,0.1421052323083037,0.2073049273021658,0.1979578453360414,0.20959954880078682,0.20959954880078682
394,0.9535135135135139,0.9162162162162163,0.9432432432432433,0.9972972972972972,0.8206669122975441,0.7492421119742584,0.8226189374118644,0.8775881403914852,0.841315668043525,0.7591279693976415,0.8410736957345175,0.898286010671872,0.8409408411991502,0.779217296811393,0.8448874372132547,0.8937375399551862,0.7075031694776794,0.6285334144710243,0.7103864448355783,0.7780467742420415,0.7641103814511675,0.7113627943297846,0.7660816043283626,0.80798568210638,0.08820159857382888,0.05231190799046043,0.08376542151045796,0.14138339329175262,0.20740187819887818,0.19684266048077814,0.20959954880078682,0.20959954880078682
395,0.9537837837837841,0.9162162162162163,0.9432432432432433,0.9972972972972972,0.8206352388775175,0.7520412402714636,0.8222717348121643,0.8723071318711016,0.8401099178963156,0.7670573979741687,0.8389972898545377,0.8977077576530514,0.8405204544708217,0.7723053397894329,0.843511487201273,0.8995224275128001,0.7060136565957598,0.6236771064843791,0.7088127379876916,0.772610084910323,0.7634227274598951,0.7131384257965877,0.7676792606118147,0.8068060411948084,0.08890117734805948,0.05629084361772852,0.08139187169451913,0.14713971560334663,0.20748918528703203,0.1979578453360414,0.20959954880078682,0.20959954880078682
396,0.9537837837837843,0.9162162162162163,0.9432432432432433,0.9972972972972972,0.8188279258630353,0.747951132746774,0.8240144227563253,0.8685964232413855,0.8415231723654715,0.7791335553277193,0.8450118385796487,0.9013171327992928,0.8395783731501044,0.7678306659958491,0.8459281219097696,0.896062505417543,0.7064096300759989,0.6221264038953518,0.7071976398530113,0.7721298304543134,0.7626494039864639,0.7174323864020764,0.7635356229808017,0.8037723086356467,0.08837000409217181,0.053124306534445796,0.08235558854234726,0.14363016350457689,0.20765941705834645,0.1980165392757921,0.20959954880078682,0.20959954880078682
397,0.952432432432433,0.9162162162162163,0.9432432432432433,0.9972972972972972,0.8220882116605612,0.7587885448892556,0.822748795803008,0.8722244324362767,0.840663191261892,0.7595660261991924,0.8454852623553495,0.8972294383789368,0.8398045675210193,0.7635437968994735,0.844854042959997,0.8928048078674481,0.7058651217563174,0.6151789593382173,0.7095610405398958,0.7717425224396829,0.7640767146344913,0.7092970188424896,0.766121448886484,0.8065626797287039,0.08712614844603689,0.04771120291457827,0.0812895177795736,0.1411393580190133,0.20786011112123348,0.19915155550886907,0.20959954880078682,0.20959954880078682
398,0.9513513513513522,0.914864864864865,0.9432432432432433,0.9972972972972972,0.8216698714159745,0.7501640468800111,0.8269958519064262,0.8758890740501013,0.8419763170232085,0.7679701453071505,0.8455716097553732,0.8999185743586653,0.8381268801826417,0.7634313262454319,0.8406198453616716,0.8960687163112748,0.7055412760374945,0.6096590710538093,0.7090410446789949,0.779286243728806,0.763715369132352,0.7015628677704656,0.7692525974104361,0.8089457536609658,0.08592526596488247,0.044213024766205734,0.079853046811348,0.1375383634413076,0.20806398786122254,0.20036672095730723,0.20959954880078682,0.2110128548811631
399,0.9513513513513522,0.914864864864865,0.9432432432432433,0.9972972972972972,0.8219811033768629,0.7598183161257506,0.8238364724060809,0.8784595995625099,0.8427194789608362,0.763992274198579,0.8489489818775154,0.9037294119556826,0.8397057490355008,0.7696421189781201,0.8467572134347456,0.8962204254834487,0.7075176227822197,0.6149344743480057,0.7121710605153291,0.7810572136699889,0.7648470981467099,0.705918067907777,0.7701929910252152,0.8131226997884476,0.08475601731473002,0.049267237862299855,0.07836121422742572,0.13347138666278038,0.2082598936688758,0.2016039755317589,0.20959954880078682,0.2110128548811631
400,0.9524324324324333,0.914864864864865,0.9432432432432433,0.9972972972972972,0.8223913125746952,0.7588832232343559,0.8244693835045545,0.8741248093609804,0.8429684297836002,0.7673483534005511,0.8512059989149181,0.9026614645684655,0.8413671193022918,0.7693592876290142,0.845675998029628,0.8998201860201663,0.709212025169343,0.613307331501164,0.7135865876136789,0.7874004837689571,0.7658962446306468,0.699046544326967,0.7703035801790862,0.8098131341647327,0.08417037512444837,0.047291504143114615,0.08017803652786692,0.13916366298168906,0.20857686163041303,0.2016658935626803,0.20959954880078682,0.2110128548811631
401,0.954324324324325,0.9162162162162163,0.9432432432432433,0.9972972972972972,0.8204646925715942,0.7545278242063944,0.8244759536431856,0.8735031150644186,0.8417970118019302,0.769369827795727,0.8474186956463559,0.907259715348017,0.8414729435738261,0.7600260777758352,0.8463384469089681,0.901506544071522,0.7083497355506857,0.6128346682721999,0.7141630529042399,0.7895689861823599,0.7644098153800606,0.6974731824078431,0.7675898624491762,0.81068420039155,0.08552113629992884,0.05162052352637424,0.08039089971706012,0.14457353775629117,0.20878306017928425,0.20286397861368277,0.20959954880078682,0.2110128548811631
402,0.9551351351351358,0.9162162162162163,0.9432432432432433,0.9972972972972972,0.8183191744557812,0.7503179244850757,0.8249030635151133,0.87059888144525,0.8407762772636679,0.762372462468856,0.8447749933857613,0.9001884675829422,0.840195910043329,0.7645024481218511,0.8413498184775863,0.906091686242484,0.7064350053365288,0.6034323377930457,0.7089057011587894,0.786145375696477,0.7623202415225018,0.6919753455258739,0.7658769074959747,0.810380462783378,0.08610094734365654,0.04757183318245592,0.08224910710192351,0.15076107087694723,0.2091907116846891,0.20292703572163026,0.21030620184097495,0.2110128548811631
403,0.9564864864864875,0.9162162162162163,0.9702702702702702,0.9972972972972972,0.8161093102806247,0.7458918159867819,0.820652901745465,0.8766482236831955,0.838607138723621,0.7463218226032985,0.8443388264159803,0.8997300178415105,0.8382137937499501,0.7628959052079004,0.8407079753276121,0.9002402323265507,0.7028484082484424,0.6113972989405633,0.7064365533126938,0.778886317157764,0.7594531031608271,0.6924666445777516,0.7623231225116905,0.8086339206915365,0.08738693382038631,0.04292831545856982,0.08392338235696786,0.1488305664451385,0.20940907734845995,0.20414741637286113,0.2110128548811631,0.2110128548811631
404,0.9581081081081091,0.9162162162162163,0.9702702702702702,0.9972972972972972,0.8126217751916031,0.7442880782819165,0.8193486675390858,0.8730174956700795,0.8376147837601644,0.7460202707892525,0.84029489549257,0.9022308646824695,0.8352465158632221,0.7586645061214944,0.8379167101193776,0.9085637676179962,0.699478509770912,0.6069232377012984,0.7001910658704308,0.7750669864444139,0.7560270054883971,0.6899430590006258,0.7600620741145346,0.8081508452891545,0.09086343902209178,0.04691480413375798,0.08504057504766495,0.15286595115614468,0.20959966206531405,0.20421164693345223,0.2110128548811631,0.2110128548811631
405,0.95918918918919,0.9162162162162163,0.9702702702702702,0.9972972972972972,0.8089543052691544,0.7382002687168008,0.8139663417041969,0.8670074899318362,0.8327200544986353,0.7374126752495497,0.8354377830267463,0.8971108311360009,0.8322171620036931,0.7538215762160067,0.8356885447792977,0.9045887892416625,0.6928630291857079,0.5983848717458685,0.6972499459684072,0.7684428883047768,0.750793338144554,0.6799570591670157,0.7568295178373616,0.8018829299944527,0.09441695349626313,0.049611692576387256,0.09065763897499152,0.15892720663997711,0.20980356853009544,0.20421164693345223,0.2110128548811631,0.2110128548811631
406,0.9597297297297307,0.9162162162162163,0.9702702702702702,0.9972972972972972,0.8028007045677867,0.7302455566810966,0.8075378285208967,0.8669993072298694,0.8290346274826855,0.729358662679627,0.831088151354173,0.8979755607245137,0.8306790045354281,0.74839233983252,0.8311096583249948,0.9026119167278667,0.688513552920216,0.5909595445112895,0.6953440717020086,0.7580245778597015,0.7455614926171349,0.6771681058456467,0.7500137488385245,0.797137984819353,0.09832519447642697,0.04427634485988865,0.09655046163066414,0.1648629080280604,0.20988493439055134,0.20545500309282913,0.2110128548811631,0.2110128548811631
407,0.9605405405405415,0.9162162162162163,0.9702702702702702,0.9972972972972972,0.7977110642316958,0.7215924972610919,0.8017687405901586,0.8641988228006809,0.8234033791380638,0.7221616318917289,0.8267701541292887,0.8971637088759951,0.8274792739353657,0.7459488329728139,0.8296234256811887,0.9048388687359421,0.6811967226325278,0.5857891942241796,0.6841689491184366,0.7611452246849919,0.7392924915159719,0.6686008181743787,0.7428353654431499,0.8046104426891298,0.1024366413334827,0.04833918677639721,0.1026502425684691,0.1709917222404855,0.21000558710904166,0.20552044289069107,0.2110128548811631,0.2110128548811631
408,0.962162162162163,0.9162162162162163,0.9702702702702702,0.9972972972972972,0.7912826678772711,0.7142475617171123,0.7942450342139569,0.8617229476793218,0.8196068471913718,0.7148200365568875,0.8233178989389719,0.8938202432988496,0.8234025411769413,0.7411086327981439,0.8293909778258077,0.8976764092330118,0.6746525681631093,0.5847511268923401,0.6798324298198124,0.7526865103905189,0.732627773079,0.6625365795358432,0.7346381586702342,0.7969765175399759,0.10726207210340398,0.04707170900243182,0.10564846263711339,0.17681160906449295,0.21011439091615888,0.20552044289069107,0.2110128548811631,0.2110128548811631
409,0.963243243243244,0.9162162162162163,0.9702702702702702,0.9972972972972972,0.7793037387139841,0.6843872208891387,0.784933390331409,0.8549187241346341,0.8147872982890835,0.7070802305627666,0.817744570361009,0.8938577947009505,0.8173483430692972,0.7313521619702793,0.822254156160667,0.8883101867194588,0.6656750256746397,0.5730005442509777,0.6719742568196263,0.7498171515768635,0.7222506197166463,0.6512738109680168,0.7254600083500302,0.7833061216339104,0.11274419926632087,0.05327952670679222,0.11202932864111706,0.17188531440669733,0.2101685111456301,0.20678748256776336,0.2110128548811631,0.2110128548811631
410,0.9637837837837844,0.9162162162162163,0.9702702702702702,0.9972972972972972,0.7701987527166527,0.6708232653260673,0.7742747096824434,0.8475924477918123,0.8098659594893117,0.6996551663695922,0.8136861325836222,0.8889046939626636,0.8124793645579385,0.723801526910398,0.8157146192927875,0.8829610067988403,0.6577420928944518,0.5601523411975615,0.658704013776352,0.7427967510162409,0.7136062166770781,0.6378663618349536,0.7152301213835913,0.7810555665628404,0.11877721142364733,0.05806800004240924,0.11900666853395317,0.18131901123913247,0.2102757311139497,0.20685416886655664,0.2110128548811631,0.2110128548811631
411,0.9645945945945951,0.9162162162162163,0.9702702702702702,0.9972972972972972,0.7632758090701707,0.6613431649097448,0.7681141063321069,0.8402263746286583,0.8030654307284318,0.6911813706961389,0.8084281348555808,0.88615015588444,0.8076075410621225,0.7279296006086146,0.8089085641011018,0.8809937098660996,0.6482779468165789,0.5461487810846443,0.6516279909206348,0.7454646996148683,0.7053408343392787,0.6220823899388513,0.7072411629362827,0.7740149283388384,0.12431157850889116,0.06598009565711092,0.12250071172104848,0.1908003603045876,0.21028959059005448,0.20685416886655664,0.2110128548811631,0.2110128548811631
412,0.9664864864864868,0.9162162162162163,0.9702702702702702,0.9972972972972972,0.7505968855403243,0.611111111111111,0.7562935712875375,0.8315072591380406,0.797042100483106,0.683555839068144,0.8035314381787213,0.8773142854773381,0.7970722352306384,0.6999611350478862,0.7982851743463316,0.8780828466224776,0.6351928056549948,0.5261242348609676,0.642952392167894,0.7342029615874393,0.6922032008197685,0.5950422728144678,0.699689701307123,0.7650006338164388,0.12936134193265011,0.07220641976973002,0.1275634744644683,0.1995137027764404,0.21034396788300458,0.20685416886655664,0.2110128548811631,0.2110128548811631
413,0.9689189189189195,0.9418918918918919,0.9702702702702702,0.9972972972972972,0.7382066489265392,0.5966396989103552,0.7497685976139525,0.8187145234335478,0.7897961514332335,0.6624689299524065,0.7965946303620786,0.8715928665008615,0.7899982837167323,0.6647116785381179,0.7914928946406922,0.8778697372743055,0.6235557307428661,0.5114164864853848,0.6307883680327158,0.7241366528457645,0.6802111642340286,0.5886185711279489,0.688015972530146,0.7581782252724079,0.13565482814188023,0.0814045105602273,0.1341333972179689,0.20359061728708228,0.21037089946600077,0.20814562957412175,0.2110128548811631,0.2110128548811631
414,0.9700000000000005,0.9432432432432433,0.9702702702702702,0.9972972972972972,0.7207044427411534,0.5735628207139346,0.7353458900666671,0.8112229500908072,0.7805487538612915,0.6178511301977583,0.7933872865350189,0.8794973877731659,0.7823925451031798,0.6538334554006964,0.7860118750152378,0.865389333563833,0.6104170765678024,0.4696542282663002,0.6228219179330032,0.7178553590928136,0.6652745099440698,0.566351992189434,0.675219691836149,0.7405169266189587,0.14178462992539276,0.0891530768445643,0.1388424048383543,0.20838820558413504,0.21045299571116044,0.20821360119030938,0.2110128548811631,0.2110128548811631
415,0.9708108108108113,0.9432432432432433,0.9702702702702702,0.9972972972972972,0.7013367867344208,0.555024270759116,0.7250323202889547,0.797721138708613,0.7718768317446483,0.6336582951507537,0.786020992353542,0.860162805726328,0.7744833662715119,0.6674663822473615,0.7787100135261447,0.8519072926530202,0.5974124483776577,0.46648836742214483,0.6081142499435621,0.6900174097491687,0.6485194187460753,0.5193815450876277,0.6601875230869998,0.7297369886085978,0.1491062056199712,0.09609327322962462,0.14507081791701035,0.21346381907627893,0.21088357789413434,0.20821360119030938,0.2110128548811631,0.2110128548811631
416,0.9718918918918924,0.9432432432432433,0.9702702702702702,0.9972972972972972,0.6779380090178232,0.5191278070403278,0.711446681767443,0.7851585344688123,0.7602972436332697,0.6175202955502413,0.7760662588699789,0.8468462942514315,0.7668108438003101,0.6289533334777527,0.7736526010597204,0.8466874352294644,0.5826050625158241,0.44513610895758887,0.5962663093562139,0.6790847155251777,0.6297948416165747,0.4907244102907355,0.6367065835447524,0.7156407760594695,0.15572564808682332,0.09679813954898409,0.15208314876751441,0.21772502003085412,0.21090191865702926,0.20821360119030938,0.2110128548811631,0.2110128548811631
417,0.9740540540540544,0.9432432432432433,0.9702702702702702,0.9972972972972972,0.6521700098039083,0.511085440984071,0.6767095510976096,0.7711954447243681,0.7429002018469708,0.5945341203498118,0.7619683841018894,0.8412081598386535,0.7585075371204923,0.6214027412070824,0.7630561754601898,0.8346349775498476,0.5625687724128279,0.4387281792192895,0.5791020292564534,0.6628044843747531,0.6065147012364711,0.48126465912975597,0.6184856544468389,0.7012272608508576,0.16524008633532236,0.1061457289799638,0.16105027448902745,0.23690988147151942,0.2117681608623457,0.20821360119030938,0.2110128548811631,0.2110128548811631
418,0.975675675675676,0.9432432432432433,0.9702702702702702,0.9972972972972972,0.6329754524811523,0.49885469364811696,0.621527062652624,0.7660283654212374,0.730239180464769,0.5859262832359597,0.7544394229366995,0.8346097224202589,0.7409291442574972,0.6133550234060112,0.7517764945760836,0.83816603606065,0.5395077513029058,0.42612866035704405,0.5386110819857762,0.6454335338738247,0.5858600086522177,0.47207207331554124,0.5923186442171569,0.6782414145740315,0.1760116043561201,0.11845334383099092,0.16873624115957012,0.27665969539008695,0.21332518879819612,0.20821360119030938,0.2110128548811631,0.2489754114156633
419,0.9759459459459464,0.9432432432432433,0.9702702702702702,0.9972972972972972,0.6026324807206318,0.4918563883397121,0.5833333333333331,0.7374063873994381,0.7176179792476052,0.5784170820319217,0.7391300274377663,0.837746101862743,0.728472152794112,0.598687968660639,0.7405001600898267,0.8314447744201093,0.5216238435840702,0.4106183303013056,0.5124233217998847,0.6357378024694451,0.5600087288718925,0.459793811722259,0.5591544024644217,0.671369267795147,0.18673694728538728,0.127600593780844,0.1773027501415086,0.2866389827440769,0.21444356326999311,0.20953025142026296,0.2110128548811631,0.2489754114156633
420,0.9772972972972975,0.9432432432432433,0.9702702702702702,0.9972972972972972,0.5824038840318789,0.47633662088094836,0.564529440784838,0.7270783721001312,0.7069643089078419,0.5690306344651592,0.7224671291410267,0.8254798549111894,0.7111225789481534,0.5870078146447811,0.7287672407903755,0.8242718227609974,0.5019618357053937,0.38279752744899803,0.49344644716568087,0.6295390087430959,0.5398772275235106,0.4375379860486823,0.5380573798429955,0.648458886961897,0.19870006100071286,0.13253941548164536,0.1855409784683158,0.3036241590574973,0.21582952964741872,0.20953025142026296,0.2110128548811631,0.2489754114156633
421,0.9781081081081083,0.9432432432432433,0.9702702702702702,0.9972972972972972,0.5630649178426393,0.4658379798887466,0.545630319485144,0.7162559749533989,0.6901213381937704,0.5621253948868016,0.7052537046977894,0.8149287196881109,0.6911471860665032,0.5784096572624369,0.7016541809103212,0.8121505868242854,0.47629972370443163,0.3664608021755477,0.46342266737521354,0.6171961379915991,0.5160780012231174,0.4205114359476442,0.5006478104833234,0.6283926418345829,0.21102902242958105,0.14244997627058179,0.1922886399157115,0.31935282412289406,0.217600611272936,0.20959954880078682,0.2110128548811631,0.24909159974276013
422,0.9786486486486489,0.9432432432432433,0.9702702702702702,0.9972972972972972,0.5394021883736186,0.44444444444444453,0.5211670430649129,0.7004496098649727,0.6806099528953569,0.5568002920033838,0.676769049698486,0.8068254972851112,0.6719206291333515,0.5557934164053525,0.6704522549429276,0.8027039034068765,0.45679936242487423,0.350403064035322,0.4431922506240903,0.5989465757610376,0.4942625300798141,0.4075684179553211,0.48248529760621184,0.6102408313645903,0.2248243020528999,0.14949799139420872,0.20469829654480512,0.32841183105618155,0.2196107101999869,0.20959954880078682,0.2110128548811631,0.2512991779576002
423,0.9818918918918916,0.9432432432432433,0.9702702702702702,0.9972972972972972,0.5213797682946201,0.40478328530509927,0.5121191710944066,0.6766041987514665,0.6652859168607458,0.5197197878543761,0.6665194680786233,0.790320078624908,0.6538550472676021,0.534090062992102,0.6422608209957829,0.7888547158927632,0.4355669045764289,0.3129661256992771,0.4312959715698669,0.5816446293677843,0.4736759798683659,0.3755686280591548,0.4666757860508932,0.5985743640091614,0.2366085996991767,0.15678235901412016,0.21859968982394756,0.34664405354057737,0.22147768946738267,0.20959954880078682,0.2110128548811631,0.2512991779576002
424,0.9827027027027023,0.9432432432432433,0.9972972972972972,0.9972972972972972,0.49542596845714165,0.3611111111111115,0.495761163325781,0.6029067977051664,0.6460479950535541,0.5091901963865539,0.6337433301976534,0.7884900956378558,0.6350287409989295,0.5025135070148652,0.6178863927912737,0.7771047498093118,0.4106253218692967,0.290764611703353,0.40429146264815696,0.5552263305152911,0.4471571464225953,0.3274561284591427,0.45311015473541894,0.5704118791385013,0.2544295274646631,0.1637880850319107,0.23852369589861522,0.3648364009108929,0.22528940825423502,0.20959954880078682,0.2110128548811631,0.2512991779576002
425,0.983513513513513,0.9689189189189189,0.9972972972972972,0.9972972972972972,0.4761441653637986,0.3527131782945742,0.47926900570536035,0.5738424080467202,0.6235553443838046,0.4988973650200363,0.603310484519136,0.7755277707281569,0.6204470012583299,0.49881967783269254,0.5985011632746569,0.7583570932409669,0.38700481115057384,0.2854537110312272,0.37256433920813564,0.5231238733066689,0.42474253380145177,0.31882677911525054,0.4237786571643923,0.5275266639418007,0.2726550904062913,0.17107505093154765,0.28235259547977387,0.3638512063192839,0.22927941112470676,0.20959954880078682,0.2361959771952582,0.2512991779576002
426,0.9848648648648642,0.9702702702702702,0.9972972972972972,0.9972972972972972,0.45987889581438673,0.34721249087459116,0.465604431564388,0.5660416539170605,0.6120948179662705,0.49074615093294505,0.5937356655335724,0.7701882246663768,0.6080430135325041,0.4941219530307235,0.5898857615604933,0.7483499169834793,0.372996196512783,0.2735808648604255,0.35898633274895986,0.5062415637647414,0.4095019071082631,0.3044140805860915,0.40656142242981896,0.5119722464238139,0.29073291087292075,0.17860168132162849,0.312107598449617,0.37386025095993913,0.2329565276722164,0.20959954880078682,0.24024754812768132,0.2512991779576002
427,0.9859459459459454,0.9702702702702702,0.9972972972972972,0.9972972972972972,0.4418811146394635,0.3425387291110988,0.44216955250484835,0.5373245140358918,0.6036207870061732,0.4714409374574568,0.5857859383714108,0.7610906479182247,0.5985445756586012,0.4787990253594069,0.581575889916306,0.7398138710999326,0.36201196721449336,0.2646249255732967,0.3441510009574018,0.4924943051943041,0.3949290362468386,0.2981270404530541,0.38977168308463966,0.5008583465003323,0.30456610671447776,0.1989462572085534,0.3216795988453425,0.383510198969773,0.23478621662515764,0.21094218957714428,0.24024754812768132,0.2512991779576002
428,0.9872972972972965,0.9702702702702702,0.9972972972972972,0.9972972972972972,0.41991397827526994,0.32939812788779693,0.4079574890317475,0.5361224606015474,0.5911086039081124,0.4645074564691442,0.5784669317880315,0.7465070039974824,0.5846557665245524,0.4750175496663793,0.5709438368899973,0.7303243856044886,0.345286665771892,0.26249338661291927,0.33421496166630416,0.46642643656396865,0.3756353663298069,0.28720211835061354,0.3687613320506601,0.4713274216184113,0.3155722611647067,0.21313904223562644,0.33005903842371287,0.3928932839171133,0.23485331750526975,0.2110128548811631,0.24024754812768132,0.2489754114156633
429,0.990270270270269,0.9702702702702702,0.9972972972972972,0.9972972972972972,0.4005917261635625,0.27777777777777823,0.39461911743807215,0.5191838108423665,0.5713266275062261,0.4375730761840741,0.569321170091214,0.7344624963059617,0.5657434820870539,0.44083274850370946,0.5621554243638496,0.7038931977198011,0.32294372428730156,0.23554773981353938,0.3132520503995429,0.4329254356368486,0.3540832203656902,0.2748898984173693,0.3440137180092029,0.44498513811931534,0.3276921532968325,0.23132866523639206,0.3364304212359918,0.3932435065330778,0.23567829096278894,0.2110128548811631,0.24024754812768132,0.2512991779576002
430,0.99162162162162,0.9702702702702702,0.9972972972972972,0.9972972972972972,0.38141942144732705,0.2713178294573648,0.37839354513015844,0.5111912100221877,0.5580973335645093,0.430926661683715,0.5577934474431543,0.7213059156744362,0.5462082434613657,0.4258010014229321,0.5422244437652781,0.6653746722192887,0.30429435416810374,0.2251146026094236,0.30043807355368024,0.4160907207581383,0.3347965354131576,0.2668117997297854,0.3292437063820565,0.41701577588908867,0.33998722323458486,0.26284581972794374,0.3420304444422063,0.4015921579237001,0.2367859637224528,0.2110128548811631,0.23819730215254814,0.2512991779576002
431,0.992702702702701,0.9702702702702702,0.9972972972972972,0.9972972972972972,0.3603239692075146,0.26445929000735136,0.357539696969967,0.4751737745869959,0.5420071978420891,0.41127199880941223,0.5376338934973182,0.7120784799134731,0.5318242464361481,0.42124501295553046,0.5299095823645117,0.6507500713251335,0.28836002800726246,0.21271840073086845,0.2791199400942986,0.40484178116128905,0.3163501319804725,0.2391528973638366,0.3173905092295807,0.40293162029751217,0.34792412277217083,0.2992560094152836,0.3474658774207803,0.4094877321954936,0.23654055109997557,0.2196638863891992,0.23819730215254814,0.2489754114156633
432,0.9945945945945927,0.9702702702702702,0.9972972972972972,0.9972972972972972,0.3349630758598442,0.24308785529715832,0.335598428754185,0.4252104017875307,0.5223893684013851,0.3992877143458852,0.5250754990346291,0.62142956751901,0.5125688433236136,0.39536267281122384,0.5251201942085795,0.6403649326660746,0.2683521547053195,0.18296050101796701,0.2700455997999675,0.3404925948518152,0.2934765593481159,0.20285892034611802,0.2965652668436878,0.37765915820110174,0.3564307817003604,0.3128181531189845,0.35205953747838337,0.4157408761933755,0.23585123835695065,0.22333477140355856,0.2361959771952582,0.2489754114156633
433,0.9962162162162141,0.9972972972972972,0.9972972972972972,0.9972972972972972,0.3132258562604915,0.222222222222223,0.3140169394193182,0.40543898906040643,0.507024485789614,0.39561455950839225,0.5162981364282608,0.6147359899451507,0.4939296484281842,0.3900377723582699,0.49848705534698345,0.6113137616200914,0.2502991952666477,0.1777897798687099,0.24685353201363003,0.3270885650309649,0.273611715729436,0.2041689689186944,0.27374351536220276,0.3467565043441079,0.36222384476581465,0.3183367941332051,0.35728463132917077,0.4181557429935352,0.2347341001482415,0.22175088799437292,0.234241820827678,0.24682370467175688
434,0.9972972972972951,0.9972972972972972,0.9972972972972972,0.9972972972972972,0.29356271271609513,0.21164215261263047,0.2956119234655365,0.3879285354562936,0.4958210699645562,0.39411180090237546,0.49665078226655934,0.6047673478474963,0.48140783873262366,0.38470594075869796,0.4756367224191785,0.6046792060160386,0.2385509025374783,0.17146293467152934,0.23269398615615433,0.33338043454684135,0.25843251947914514,0.19675936635528488,0.2565170536354858,0.3323086823135997,0.3670379914633749,0.32297855153588895,0.3613037714244721,0.4241282984023015,0.23282833545374818,0.22011920383699057,0.23233315305701416,0.24461259881704925
435,0.9972972972972951,0.9972972972972972,0.9972972972972972,0.9972972972972972,0.2883553581916708,0.20193407224993715,0.2916922640289181,0.38532926088981084,0.48433889528733404,0.3927482598638498,0.4783117346895196,0.5981792383816308,0.4804053659108092,0.379583211862909,0.46916894310634205,0.5992821879135029,0.23267618158501213,0.1674523050330085,0.2212399476654125,0.33246129397469915,0.2527897767336411,0.18021914384168394,0.2516563586999745,0.3270515957832463,0.3707980100968694,0.3277975811678087,0.365738020301722,0.4273732883492722,0.23094801633761197,0.2185218947681644,0.2304683642265795,0.24245622393505437
436,0.9972972972972951,0.9972972972972972,0.9972972972972972,0.9972972972972972,0.2819271803772643,0.1975067362583386,0.2817198856903194,0.37402605886553203,0.4806404101975294,0.39040970281816906,0.47555841932983167,0.5876632884310392,0.4763796434036165,0.3759960185581167,0.46392812296654495,0.5925051905966939,0.22896064394780244,0.16528284593119547,0.219272938245883,0.32430744577906256,0.2479662247804457,0.17640162668880446,0.2500748662672339,0.3195764220181419,0.3745816672975188,0.3324539966330829,0.36870794723412326,0.43517351545903143,0.22909284877057304,0.2169578248148394,0.2286459126975524,0.24035259780937593
437,0.9972972972972951,0.9972972972972972,0.9972972972972972,0.9972972972972972,0.27535816610549996,0.18088213516077586,0.2701231798029278,0.36931161653986105,0.4765848361892759,0.39005485186577543,0.469335086694774,0.5782054815885037,0.466505307151332,0.37139635189412923,0.4551791527191841,0.558702093459311,0.22251835908879433,0.16449746908175705,0.2131248937872977,0.31582905989601384,0.24140701565949604,0.17405645419231697,0.2409728936146518,0.31655515705366194,0.3783531931676098,0.3369557400052972,0.37354619648646825,0.43801819570327777,0.22729735907609838,0.21542590614310256,0.22686432239130702,0.2382998144513048
438,0.9972972972972951,0.9972972972972972,0.9972972972972972,0.9972972972972972,0.2717829867668279,0.1808475234578653,0.26656461177311336,0.3644722798968862,0.47184280760554,0.3800350804851882,0.46453487333442,0.5738616837308702,0.46494920531971856,0.3666480670328937,0.45040123061903137,0.5722948003813143,0.21968351422581936,0.16397209389767417,0.20844713678200927,0.3112425875734272,0.23825541228017763,0.17639460290760983,0.23201122444331862,0.31413442926962754,0.38222931127085435,0.34131025684312116,0.37546702460357767,0.4393156974200976,0.2255418861212455,0.21392509680580307,0.22512218025368355,0.2362960434431227
439,0.9972972972972951,0.9972972972972972,0.9972972972972972,0.9972972972972972,0.26939930194280337,0.17674814645445994,0.2642158434877354,0.36111501232828674,0.46670650360280524,0.3877169166940987,0.4589055818045869,0.571633592842551,0.4629411406387598,0.3621242924823047,0.4535966752575039,0.5711288124710016,0.21629928399410908,0.16020434252064678,0.20869676242451562,0.3067281999658804,0.23526159064500343,0.1780871350175016,0.22788971553022327,0.30940029573067723,0.3852926474708137,0.3455245331354845,0.3785489532214885,0.44102515353274174,0.22382505377080972,0.21245439857781112,0.22341813368825253,0.234339528646057
440,0.9972972972972951,0.9972972972972972,0.9972972972972972,0.9972972972972972,0.26788078829937134,0.1836366438941148,0.26378042596730206,0.35793440968556606,0.4648438410835755,0.3869796093224622,0.4584407403288652,0.5699100381114196,0.4597269740570743,0.3560599755723365,0.45067391890618425,0.5683608185293713,0.21396373424235557,0.157872453958036,0.20697831993270066,0.3015756930053482,0.23313298840875857,0.17994073409439978,0.22818542587052137,0.3063587559563322,0.38848356177503646,0.3496051291504394,0.3835277777484395,0.4385464292891974,0.22216508562396606,0.2110128548811631,0.22175088799437292,0.23242858644554734
441,0.9972972972972951,0.9972972972972972,0.9972972972972972,0.9972972972972972,0.2661238416490971,0.19513461351135888,0.263876634768634,0.35388633624127336,0.4613465471828182,0.3858323970142713,0.4557238293511304,0.5592483844965378,0.45500036528768173,0.3717974074627217,0.45075771724075825,0.5614604496840304,0.2098812100081915,0.16047160727902637,0.20563288757634718,0.27966175929699144,0.22997799356744977,0.1840328279491503,0.22765196457703468,0.2996530987304842,0.39120956821696395,0.35355821046394376,0.3860835434940832,0.4409542647156883,0.22052118152886865,0.20959954880078682,0.22011920383699057,0.23056160366810122
442,0.9972972972972951,0.9972972972972972,0.9972972972972972,0.9972972972972972,0.26585612398166064,0.1920732421479178,0.2655958311427695,0.35071089844088016,0.45805324663664015,0.38475272748985123,0.45703775027682964,0.547248766944673,0.453143108728335,0.36739638389123,0.44635801409555187,0.5572531367250743,0.20780732040300126,0.15817191754079485,0.20329464085269625,0.277884084344761,0.22851411745602895,0.18027772987901344,0.22513195664111957,0.2947539173996526,0.3943441959184333,0.35810897514680196,0.39032266242186997,0.4464714105569693,0.21891214537546053,0.20821360119030938,0.2185218947681644,0.22873703527400377
443,0.9972972972972951,0.9972972972972972,0.9972972972972972,0.9972972972972972,0.2630565974818414,0.18976058139995247,0.26081731089707416,0.3464286171142789,0.4544602078802356,0.37513046333909594,0.4516331310260777,0.5470971406733338,0.44972568314794636,0.3627434420545839,0.4391245903544059,0.5532670014975809,0.2047427828459933,0.15436085823451068,0.198414659189324,0.27395609990260245,0.2255609984811108,0.17925122504290203,0.22091874074671847,0.2900466486092738,0.3978244100625678,0.3616126110227674,0.39312783892060854,0.451123856016123,0.2173368189923977,0.20685416886655664,0.2169578248148394,0.22695340190661928
444,0.9972972972972951,0.9972972972972972,0.9972972972972972,0.9972972972972972,0.2615793738351541,0.1857753672930592,0.2585465298248736,0.34222052121225965,0.4510994483087017,0.3758162030772304,0.4469983537618373,0.5480647988297325,0.4461197287042634,0.36305273879592304,0.4350921092933546,0.5514152045248297,0.2016012213225158,0.15503418271858818,0.19617256879029216,0.27635613539847204,0.22299854275546852,0.1793477711774021,0.21650873403381332,0.28697527196598677,0.4006966295253151,0.364708683096085,0.3972308717898503,0.44921063847464854,0.21577627722331216,0.20552044289069107,0.21542590614310256,0.22520928736056472
445,0.9972972972972951,0.9972972972972972,0.9972972972972972,0.9972972972972972,0.26020479884399456,0.17857945052807916,0.25865920903796313,0.32580885425942235,0.44730788349466954,0.3677846086058299,0.444810182879138,0.5449033347425937,0.44625304748516714,0.3595078923244874,0.43783054068291616,0.5504519336047847,0.1998730987621068,0.15579626969071014,0.19367967641901562,0.27711589061737996,0.22144431447062696,0.17657849506671058,0.2159436066931137,0.28379381793865743,0.40319184787264006,0.3655944031481196,0.3997262621721616,0.4512464555546017,0.21426548380916244,0.20421164693345223,0.21392509680580307,0.22350333601652408
446,0.9972972972972951,0.9972972972972972,0.9972972972972972,0.9972972972972972,0.25887009370641256,0.19711497424903743,0.25660550914682845,0.32249611495892816,0.4458764159940189,0.3673087833327789,0.44331464735812454,0.5437397362243965,0.4460221797321909,0.35608936536718794,0.4395082655343162,0.5500149083219844,0.1990394128439535,0.15389415579086005,0.19211781334023512,0.27622593453992517,0.22038122045539588,0.1750604518237069,0.2142480533314755,0.2873360729069135,0.4054170315715029,0.37154199676513405,0.402871145980846,0.4554873447286149,0.2127851968557758,0.20292703572163026,0.21245439857781112,0.2218342502790669
447,0.9972972972972951,0.9972972972972972,0.9972972972972972,0.9972972972972972,0.25754882368116194,0.19504479865300622,0.2563965453181749,0.32628528032039045,0.4456994690364944,0.36317247878701137,0.4447604323290635,0.5405213340354618,0.4451175101921946,0.36239659758217846,0.4392263434072793,0.5493264008249842,0.19841919757236093,0.15280834706271426,0.1925812882293239,0.2653207492837897,0.21945738851283575,0.17500738860805154,0.2132300081219221,0.27753393457672426,0.4081296295924981,0.3728876267951598,0.4058244854300963,0.45947001606096705,0.21134857451497702,0.2016658935626803,0.2110128548811631,0.22020078804485968
448,0.9972972972972951,0.9972972972972972,0.9972972972972972,0.9972972972972972,0.2559962444801912,0.16841782194505311,0.25308149534346036,0.3365419778410802,0.4450176977558305,0.36344030692061546,0.4447500566800425,0.5356804026612969,0.4446276140581667,0.3749276800794051,0.43550947287028663,0.5410341662938272,0.19783902485099084,0.15180250580430257,0.19233149824217113,0.25947123375716963,0.21854353630347695,0.17310708712913436,0.2123732232064774,0.26756044964688286,0.41049834728377027,0.37277832075936956,0.4061125789841594,0.463119559100672,0.20992562043687024,0.20042753294425253,0.20959954880078682,0.21860176022160568
449,0.9972972972972951,0.9972972972972972,0.9972972972972972,0.9972972972972972,0.255991806132818,0.1858279618620546,0.25470783977920763,0.33355222896376086,0.44473570582101823,0.3608078924913268,0.44573281774234513,0.5338082660541692,0.44360452628757846,0.3778477304955709,0.43081385931580785,0.5532032398243886,0.1973034052179391,0.15409888556525897,0.1896436927294547,0.26049971245062714,0.21823128689416418,0.17460179542597468,0.21101602779896728,0.27270204267020187,0.4119685822623084,0.3746117448493436,0.4091016467886825,0.4580443859843317,0.20853091413234115,0.1992112932053468,0.20821360119030938,0.21703602831250565
450,0.9972972972972951,0.9972972972972972,0.9972972972972972,0.9972972972972972,0.25399265731701354,0.17352089281698937,0.25431501663242084,0.33066679631211127,0.4437570631884413,0.3579448217286118,0.4450564015489502,0.529028945702452,0.44473226433099916,0.3803661975665803,0.4358926217377649,0.5498005369691081,0.19732766554747483,0.15468100243417024,0.19218456195290612,0.2632387845623859,0.21757481718636604,0.17265597018430415,0.21287534535688546,0.27488651644902756,0.414218018781116,0.37783908245464765,0.4113417528375194,0.46002539155353894,0.2071864231973,0.1980165392757921,0.20685416886655664,0.2155025020766894
451,0.9972972972972951,0.9972972972972972,0.9972972972972972,0.9972972972972972,0.2533997244890639,0.17059699291718367,0.2525031597778242,0.3279232717354372,0.44371945626076703,0.3640117530341001,0.44207348931186785,0.5232886707805792,0.4432292312624059,0.3798175939766859,0.43549665391289094,0.5349907226217657,0.19655408511362993,0.16010533826890053,0.19161816730420844,0.2540135157687431,0.21688748217390136,0.1709482475538285,0.21170187850409544,0.2710042499704832,0.41676040923133306,0.3811045023887034,0.41537211716163147,0.46177672302644684,0.20585437487783662,0.19684266048077814,0.20552044289069107,0.21400013727266803
452,0.9972972972972951,0.9972972972972972,0.9972972972972972,0.9972972972972972,0.2529518311089979,0.1673421005582141,0.25234810562492294,0.32854790203118056,0.4419434339886278,0.3642270400430875,0.4458318790223502,0.5197229528888061,0.44334974483738887,0.3773811449672835,0.43292552272014473,0.5360288999718349,0.19585689570664488,0.15820942799769888,0.18882547808423372,0.2579593610725388,0.2162296364841405,0.16907455860219459,0.21446147436332635,0.2722099248262558,0.41932974597808614,0.3847952685760365,0.4178615451169221,0.4637543500081432,0.20464864982548203,0.19684266048077814,0.20421164693345223,0.2125279334892107
453,0.9972972972972951,0.9972972972972972,0.9972972972972972,0.9972972972972972,0.2526641444048648,0.17635895019956813,0.2514428339799701,0.32611184211785654,0.44118331764929936,0.3712028166022748,0.44344869881698384,0.5153142769964415,0.44317941620634244,0.3763161718184902,0.42969801551617776,0.532467534370807,0.19554552779342646,0.15788327774677224,0.18947627700944603,0.25303362803363183,0.2158617841091447,0.16666329448680173,0.21520367156397002,0.2677277026994253,0.42154907376214695,0.38691578110765523,0.4212965284726283,0.46541652075491574,0.20347497254099575,0.19684266048077814,0.20292703572163026,0.2110849320659955
454,0.9972972972972951,0.9972972972972972,0.9972972972972972,0.9972972972972972,0.2518702493885421,0.17297538101212886,0.2502969082323332,0.32205383481894784,0.43935456803822587,0.36581838398603045,0.4420294007780425,0.5115142049555754,0.44381975500448756,0.3762711233519628,0.4346967305343828,0.5338784254318923,0.19498650944047338,0.152480224567156,0.18868341381875678,0.2556678061868164,0.21531105824357413,0.16524148717574005,0.21540475966729805,0.26346284998324726,0.42396586264610775,0.38960484738515166,0.42329401187913573,0.46946877181574237,0.20244937365124907,0.19684266048077814,0.2016658935626803,0.20967021410480563
455,0.9972972972972951,0.9972972972972972,0.9972972972972972,0.9972972972972972,0.25081267973347016,0.16975550649438426,0.2490877155387839,0.32278175980314194,0.4385741708499606,0.3644364441388006,0.4417816237471103,0.5155285479674241,0.44394766137814806,0.3854069008564457,0.43681615155623327,0.5317475827800503,0.19469431316988492,0.1579676194260352,0.18977744324245854,0.25143177351357315,0.21476120220480233,0.1680178214001651,0.21191853674335043,0.25985093840261336,0.4259587473938019,0.389015351102115,0.42538883876738853,0.4689152044724334,0.201512094807593,0.1967849809271006,0.20042753294425253,0.20828289857083324
456,0.9972972972972951,0.9972972972972972,0.9972972972972972,0.9972972972972972,0.2507040815107051,0.17069166092249852,0.24767938950357568,0.3213753750716289,0.43768038068453646,0.36017283822003143,0.4427131769253101,0.515739478476462,0.44321810556957963,0.3808327012867766,0.43674349236789656,0.5287526990683286,0.19396190680800587,0.15283137237690422,0.191083324833156,0.24353497175006156,0.21425529319706008,0.1688254683671454,0.2134077837054743,0.2638229699767324,0.4282251849027927,0.3936241649717677,0.4278904882019739,0.4719456273391314,0.2007243416472351,0.1956890694072268,0.20042753294425253,0.20692214048274427
457,0.9972972972972951,0.9972972972972972,0.9972972972972972,0.9972972972972972,0.24951849171589074,0.16786128945310397,0.24715186372069137,0.3189405184168259,0.4377139275971595,0.3622196182733892,0.440836108753974,0.5139771101039708,0.4440181292181152,0.37985447820498824,0.4367984496920117,0.5259142764648224,0.1942972233337676,0.1504003901196238,0.19009868184380874,0.24013666254760352,0.2140705193504127,0.1701221698396199,0.21364043344680222,0.25923422196608364,0.43054742550950414,0.39785612804497855,0.4302655810940834,0.4745400946272527,0.20007169604268385,0.1956890694072268,0.1992112932053468,0.20558712918948435
458,0.9972972972972951,0.9972972972972972,0.9972972972972972,0.9972972972972972,0.2487544168084713,0.179411798315818,0.24491024393735317,0.31613982850480354,0.43704172643905276,0.3687448946362228,0.4383064362182997,0.5131788616130152,0.4427392502755218,0.3833984373947508,0.44181322598505735,0.5231700646190675,0.19334197864231714,0.15392834806667033,0.19051563880917294,0.2367864806988856,0.21326840642625025,0.17249101051714805,0.21543917717983874,0.2599463119060495,0.4323676994415531,0.4004885657629788,0.42950642720809373,0.47938897096139005,0.200034119182166,0.1956890694072268,0.1992112932053468,0.20552044289069107
459,0.9972972972972951,0.9972972972972972,0.9972972972972972,0.9972972972972972,0.24869702019938272,0.17760292915437959,0.24405805675058462,0.31818545766658374,0.4376448940585045,0.36657382498738567,0.4357917329787198,0.5164651931134561,0.4407371347113939,0.37816695453930077,0.4408973140381266,0.5198036798099865,0.19279358887225562,0.1490656996710522,0.1895797592873003,0.23529162762956854,0.21295110079231805,0.17098161639467188,0.2121627132762261,0.2575220928481078,0.43423903770227457,0.39773714760093326,0.4328300702076907,0.4828098686566985,0.19973796022665183,0.1956890694072268,0.1992112932053468,0.20421164693345223
460,0.9972972972972951,0.9972972972972972,0.9972972972972972,0.9972972972972972,0.24866453537577088,0.17875223860052733,0.2424435263173697,0.32376795043552664,0.43904337241662944,0.3677970516041785,0.44016232645371395,0.5148975529925331,0.4411669920715004,0.37853359790038643,0.4399734315703149,0.5164257045060632,0.1935887989676932,0.15226002424427754,0.1920814155532744,0.23470101432685894,0.21342026940846515,0.1700283842391569,0.2121008328943483,0.2599591581020502,0.43620555988922655,0.4027421313487753,0.4347390542936048,0.48614475636148724,0.20022949867439555,0.1956890694072268,0.1992112932053468,0.20421164693345223
461,0.9972972972972951,0.9972972972972972,0.9972972972972972,0.9972972972972972,0.24851157380672206,0.1876068298860579,0.24350811782826096,0.3209806321519804,0.4391130915559083,0.3692065726093169,0.43907810127448743,0.5246256524055969,0.44144959875709683,0.3789808743712518,0.4402923307784001,0.5131955336835513,0.19365773136866501,0.15212601169798787,0.19238130215142188,0.2325061044007321,0.21340434209732098,0.17687688461221954,0.21334055960815823,0.2576603936201582,0.4382152048394229,0.4040356018545343,0.4364096519755123,0.4893728189558664,0.20042361614566326,0.1956890694072268,0.1992112932053468,0.20421164693345223
462,0.9972972972972951,0.9972972972972972,0.9972972972972972,0.9972972972972972,0.24761309287398287,0.1838691605552092,0.24290103860989162,0.3183475127933141,0.4386939531483659,0.36968331859749487,0.4382245608566462,0.5198980642559684,0.4418727343600455,0.3763618387552429,0.44304874506362824,0.5106117399476502,0.19372897649626647,0.1556242097143015,0.19495264916698357,0.23612583239447874,0.213095192147693,0.17469755136590745,0.21435698719987933,0.2557951225186188,0.44018895202626085,0.4069947452931776,0.4385596648003071,0.4938039007016136,0.20075484050170314,0.19684266048077814,0.1992112932053468,0.20421164693345223
463,0.9972972972972951,0.9972972972972972,0.9972972972972972,0.9972972972972972,0.24660424242297188,0.18031169461611346,0.2426085290125868,0.32045675447634453,0.437726196803627,0.37144033017856876,0.4379038528998347,0.519084015570351,0.440527134774863,0.37596172500429426,0.439978195209593,0.5075204871324202,0.19266414076218033,0.15404783654525075,0.19440545398794068,0.2332400343786658,0.2121411788909779,0.1727356964999945,0.21204228388395732,0.25900398974086547,0.44246603177369837,0.4087912609609893,0.4393922919103033,0.4985153836915935,0.2011327459426586,0.1956890694072268,0.20042753294425253,0.20427708673131417
464,0.9972972972972951,0.9972972972972972,0.9972972972972972,0.9972972972972972,0.24624075546664867,0.18457348700165704,0.2411986451192331,0.3183530737940106,0.4379119626207787,0.3679848271300107,0.43600695450206933,0.5164958610361424,0.4412923862453765,0.37587886131950876,0.4389540077476469,0.5055581161865379,0.1930950804195522,0.15777314502828962,0.19415816912370304,0.23692118293778766,0.21220314597132695,0.17249015749009622,0.212640164745592,0.25628155639897165,0.4442258496836736,0.4103289289273232,0.44135841849718094,0.503091414128466,0.20160234066404722,0.1956890694072268,0.2016658935626803,0.20552044289069107
465,0.9972972972972951,0.9972972972972972,0.9972972972972972,0.9972972972972972,0.24656593997830842,0.18266764312021042,0.2420188551797224,0.3219182480520683,0.4379684095489846,0.36923496012837914,0.4356976708512741,0.5245756379875648,0.4417164041745883,0.376221522921581,0.43841624423228664,0.5176136334805267,0.19328345923278115,0.15891858792020305,0.19413709419108716,0.23888930757585114,0.21244123234695267,0.17387572840960527,0.2116437588304019,0.25448939930746234,0.4466759026201757,0.411821535760088,0.4429688063813707,0.5113229308935042,0.20375385209468816,0.19684266048077814,0.2016658935626803,0.20832125928299164
466,0.9972972972972951,0.9972972972972972,0.9972972972972972,0.9972972972972972,0.24566027483005812,0.18001369989497348,0.24220954942932854,0.3203719029912855,0.4374085955986176,0.36790809281459547,0.433542380904579,0.5216573717096143,0.441803993523297,0.38398542015912984,0.43937081441662895,0.5232251767858647,0.19310695222248017,0.15598148661623176,0.19617703393491664,0.24475596471731673,0.21193439788608903,0.17197696421205944,0.21232835159333735,0.2583770910288875,0.4490279022274079,0.4142819074139546,0.44425321020997854,0.5122032582667265,0.2041796081266367,0.19684266048077814,0.20292703572163026,0.20822355146461263
467,0.9972972972972951,0.9972972972972972,0.9972972972972972,0.9972972972972972,0.24498881964492916,0.17748100329265276,0.2415305914947374,0.3189065599966826,0.43797032529857327,0.3732766806562413,0.43476387834474217,0.5149545859852133,0.4414660250881027,0.38323969243738415,0.44087615956624737,0.5205581501013563,0.19323776316101482,0.15355663635199562,0.19463957470350107,0.24336427989195564,0.21186424234418155,0.17017346133437897,0.21185053022702746,0.2578611704745004,0.4507853673183251,0.4168091939134293,0.4455248567466682,0.5168279780286804,0.2047247302626953,0.1979578453360414,0.20292703572163026,0.20812811807607945
468,0.9972972972972951,0.9972972972972972,0.9972972972972972,0.9972972972972972,0.24447434906577598,0.17506402674049282,0.2414186307589232,0.31751792815690394,0.43865913058874784,0.37450390527080124,0.43457942734276606,0.5132359726755642,0.43900026897678657,0.3825424366512735,0.43823342364303514,0.5178823396987521,0.19248947872916478,0.15175808614561584,0.1926817671395152,0.24009914103465757,0.21123352173633664,0.16846022084575754,0.2091547065502728,0.2564170242880781,0.4524636334938718,0.41923543493544124,0.4455248567466682,0.5212818134861774,0.2052232056701283,0.19915155550886907,0.20421164693345223,0.20932633934212283
469,0.9972972972972951,0.9972972972972972,0.9972972972972972,0.9972972972972972,0.24484536342086144,0.1816395325441328,0.2418792655350903,0.3162019274241605,0.438528770371279,0.37469087900896525,0.43166122074589053,0.5130327334564303,0.43902991061673946,0.38990141613220525,0.4354844681866596,0.5153936234974554,0.19238766382845499,0.15034889764022363,0.19426638623612452,0.23680552749444317,0.21135875954575206,0.17068481800646224,0.20933087297216219,0.25481129786646894,0.45392124632508724,0.42156487808159404,0.4472473675769121,0.5210472753232792,0.20561431155579438,0.20036672095730723,0.20421164693345223,0.20923521676567147
470,0.9972972972972951,0.9972972972972972,0.9972972972972972,0.9972972972972972,0.24436762884930763,0.17896949440995716,0.2414567481874361,0.3149546815252943,0.4384763827808679,0.37442031428146694,0.431258208430481,0.5134238187497534,0.4376477560067061,0.3916779740113489,0.4322003587827485,0.5035226197025495,0.19172054227001642,0.15510133891935524,0.19243632698510416,0.23356475651189412,0.21079982433965838,0.17099322395753386,0.2084711211831839,0.25361960209226514,0.45562655366105403,0.4238015468335558,0.4483561878743093,0.5239764983631648,0.20602816846583527,0.2016039755317589,0.20421164693345223,0.20914613725035922
471,0.9972972972972951,0.9972972972972972,0.9972972972972972,0.9972972972972972,0.24362770211572027,0.17898184497807523,0.24101682108615707,0.31374239850465463,0.4384233606680138,0.37416650156008274,0.4290447478959875,0.5173678578740546,0.43779198925174617,0.3898402086614596,0.43329430853146444,0.5074546809263843,0.1917865240337686,0.15463512141173336,0.1911937014282078,0.23457022915477463,0.21058432239230926,0.17036763493480284,0.2069795167718767,0.25182516708148883,0.45707223559704985,0.4227753688931803,0.44948437420243376,0.5242268968780855,0.20638530072646444,0.2016658935626803,0.20552044289069107,0.20905903014347804
472,0.9972972972972951,0.9972972972972972,0.9972972972972972,0.9972972972972972,0.24247861643591356,0.17648142511285214,0.24059364877435074,0.31237131165681986,0.4384290130187714,0.3678511301977589,0.431603433966783,0.5138458720700293,0.4372239849657565,0.38475042811398413,0.43357185878253546,0.5068366542862905,0.19166252822708252,0.15223302265128813,0.19181913803081893,0.2364925383419065,0.21009421736184306,0.1690007581393044,0.20817852758571886,0.2553866737922915,0.4590376318886134,0.42440549776871006,0.4509879625337142,0.5280943536424603,0.20672055622359806,0.20286397861368277,0.20552044289069107,0.2089738278152065
473,0.9972972972972951,0.9972972972972972,0.9972972972972972,0.9972972972972972,0.24275317366121638,0.175913660024067,0.24024644780447887,0.3125330667019327,0.4389658712400732,0.37899735053216227,0.43158105194867524,0.5111876710889837,0.43647378637204265,0.3793122356301705,0.432143704991774,0.5029069759849603,0.19165000966932855,0.15172159984721198,0.19068189557430715,0.23843146596392437,0.2101578608209726,0.17041968933055604,0.20776479316927987,0.25740835434771286,0.4606887163740238,0.42599256435926947,0.4514854226066436,0.5327816560005203,0.20700901102367972,0.20292703572163026,0.20552044289069107,0.20889046553051252
474,0.9972972972972951,0.9972972972972972,0.9972972972972972,0.9972972972972972,0.24213311889403044,0.1743089591207595,0.2399230097286063,0.31108476710824384,0.4390346291007222,0.3784926684884101,0.4331535473542127,0.5118223795222158,0.43667715628235215,0.37451811671809254,0.4321226586876775,0.5047822643115215,0.19184238955136323,0.15028488805851664,0.18999751718265745,0.24183619265591375,0.2100783827463591,0.16787223903389925,0.20777366094291894,0.25811724447945766,0.46207518593292163,0.4244445779880459,0.45148542260664365,0.5239963070903841,0.20726203428680592,0.20414741637286113,0.20685416886655664,0.2088088813226434
475,0.9972972972972951,0.9972972972972972,0.9972972972972972,0.9972972972972972,0.2415190014857196,0.17208358587500752,0.2396602870203332,0.31628158982096777,0.43897482190458037,0.37645622849709165,0.43324744765749423,0.517272424888446,0.4356398848590143,0.36009395787721815,0.43171186500978986,0.5135576235002992,0.1913806347275116,0.148536809197124,0.18808490698822333,0.24549488072666995,0.20953963420949812,0.17017914122413122,0.20515332251642676,0.26055476432143,0.4637277053134979,0.42607329565715363,0.452464772793372,0.5268709001266494,0.2079768394683615,0.20421164693345223,0.20685416886655664,0.21868334442947482
476,0.9972972972972951,0.9972972972972972,0.9972972972972972,0.9972972972972972,0.24150209488655297,0.1699571573329612,0.23867313796446793,0.31450302810418607,0.4380449345456851,0.37410623301242935,0.4325915860781854,0.5161881445281075,0.43243957050099785,0.35861345597159733,0.4279612856804782,0.5090386810442492,0.18956349418396304,0.14684345131035476,0.18584877650257153,0.2465364573009332,0.20843301684008067,0.16865890167897843,0.20299825284233403,0.261504079354017,0.46503352273767573,0.4272138186851357,0.4538799420703108,0.5300098745200765,0.2081330294957984,0.20421164693345223,0.20685416886655664,0.21711589376594695
477,0.9972972972972951,0.9972972972972972,0.9972972972972972,0.9972972972972972,0.24136661050035915,0.16792524106794046,0.23846074483915972,0.3128020454101224,0.43904504174847003,0.37389223795556586,0.43292126681519716,0.5143324581362787,0.43178989020249553,0.3501423763304962,0.42839674608216216,0.5127680290549147,0.18975291801117103,0.14212580327944807,0.18683192894828624,0.24522650805509608,0.20851561342427558,0.16698634070808485,0.2055158136722376,0.26320973039620765,0.46612470827146746,0.4286868893932118,0.4547833691128521,0.5342018296291614,0.20830859734967924,0.20545500309282913,0.20685416886655664,0.21558070557435563
478,0.9972972972972951,0.9972972972972972,0.9972972972972972,0.9972972972972972,0.24027212193392786,0.16598359816058098,0.23620034376580404,0.310459614715138,0.4372045551931676,0.3727519522996688,0.4319771707576158,0.5109829311629303,0.4330735136478561,0.3461487190684898,0.43285169979969684,0.5137032973896127,0.18945659460476516,0.1428634016107491,0.1869655710264585,0.2419920158175608,0.208051580836811,0.16680828410635423,0.20497457305033132,0.26089664242683575,0.4676744295016782,0.43010321671230634,0.45608045146086196,0.5376787671018678,0.20895872024044615,0.20552044289069107,0.20821360119030938,0.2173660425867816
479,0.9972972972972951,0.9972972972972972,0.9972972972972972,0.9972972972972972,0.24031227216693188,0.1622000048910721,0.23860803710771433,0.3081523821944365,0.43789609905504023,0.36918633611131724,0.4311391796747434,0.5083268737322604,0.4331632672309624,0.3545539450194794,0.4332595233264241,0.5115566590383905,0.18969999531759768,0.14612512916260453,0.18750172452157943,0.23918872994783086,0.20816895921711726,0.163999099832598,0.20491120173824795,0.2606148009941982,0.46863682026800146,0.4314648950108906,0.456080451460862,0.5415910800729146,0.2091303710994731,0.20552044289069107,0.20821360119030938,0.21582551752036003
480,0.9972972972972951,0.9972972972972972,0.9972972972972972,0.9972972972972972,0.2403464823761602,0.16577968762989037,0.23816073091363926,0.30594397621384706,0.4368233512576301,0.3659324465627637,0.4311719818299544,0.507682329296306,0.43401597585968305,0.35387167013317056,0.4330257822799417,0.511113127926457,0.1896655217441271,0.1474882562199749,0.18576096941330697,0.24360871907741982,0.20820234934593568,0.16659494865189517,0.20231804836657008,0.26476280655035833,0.4694362398375727,0.4327825712334692,0.45779126859051844,0.5392788738046621,0.20919735844731727,0.20678748256776336,0.20821360119030938,0.21431638636523154
481,0.9972972972972951,0.9972972972972972,0.9972972972972972,0.9972972972972972,0.24030495343036282,0.16249875787322135,0.23934788461864137,0.30383016928543094,0.43750299494938566,0.3628193955501749,0.43194796350307757,0.509806922616896,0.43459819141006334,0.36410567764634655,0.4304504857720755,0.5098024444543311,0.19013246032784603,0.15261703079346475,0.18578972581056813,0.2457675588539853,0.2084510312869892,0.16465124519615662,0.20524409009996386,0.2611623699912312,0.4702903502494378,0.43407031810136726,0.4588759087659866,0.5443572441996419,0.20922680967923388,0.20685416886655664,0.20821360119030938,0.21283763884077006
482,0.9972972972972951,0.9972972972972972,0.9972972972972972,0.9972972972972972,0.2397397985022453,0.16698940989424976,0.23813350913620812,0.30631484643124396,0.43791644202397484,0.3690124420236491,0.4376267014651002,0.5108231087622437,0.43466916580641834,0.3626494958223106,0.42729793795773485,0.512765304460286,0.19035270878137756,0.15036839597490453,0.1852461598740201,0.24402513092724795,0.20835205772416665,0.16287528912536584,0.20582345430836133,0.2622372077991099,0.47124282018790836,0.4353079162064723,0.4583803813488089,0.5467503887497307,0.2093004631253999,0.20685416886655664,0.20821360119030938,0.21138830687551313
483,0.9972972972972951,0.9972972972972972,0.9972972972972972,0.9972972972972972,0.23953093747036555,0.16549054492816534,0.23616940831502392,0.30536581340826907,0.43733029727073186,0.3703157108028434,0.43839727822955693,0.508652748892854,0.43453168062633246,0.37423580568392095,0.42786190230048504,0.5190437567718316,0.1899115041600956,0.1491303047637046,0.187680571387916,0.24171234821391835,0.20797961915398683,0.16603523672338963,0.20677028001001485,0.25935313090706397,0.472242847572241,0.43705689997688196,0.46032728638858644,0.5502435271115431,0.2093520313150936,0.20685416886655664,0.20821360119030938,0.20996746260148944
484,0.9972972972972951,0.9972972972972972,0.9972972972972972,0.9972972972972972,0.23940557009229402,0.16827867104064073,0.23513736271154292,0.3024104714332716,0.4376486471158788,0.3736692461124218,0.43598126094532735,0.5058545404049145,0.43529682388205215,0.37798540149140897,0.42753284676708303,0.5159370408274061,0.1904266268041707,0.15246356250630536,0.18634532587017838,0.2439827210351636,0.2082252368155518,0.16983117121127672,0.2060283387928197,0.2592560931129793,0.47273645342648146,0.4387345735233089,0.46136421315826137,0.5493907743666414,0.2094166192360847,0.20685416886655664,0.20821360119030938,0.2098908666679026
485,0.9972972972972951,0.9972972972972972,0.9972972972972972,0.9972972972972972,0.23917311936146649,0.18000325311314772,0.2337796604054937,0.2999429926318798,0.4375944607686343,0.3700587288173353,0.4359023012549742,0.5060158597461218,0.4363548669752793,0.37965088216578696,0.4271060670807839,0.5131618885251471,0.1907994299368945,0.15122177330362616,0.18828815363214238,0.24066281234496278,0.208405911899628,0.1713859683993587,0.20530495134331217,0.2577952244940672,0.47385394446458556,0.44034383711753144,0.4616806239011903,0.5534389519918853,0.20951257670171602,0.20821360119030938,0.20959954880078682,0.20981582620103761
486,0.9972972972972951,0.9972972972972972,0.9972972972972972,0.9972972972972972,0.2394127120968786,0.1778487948017897,0.23294099718746278,0.2992852831604845,0.4376327559625385,0.3675324179058664,0.43592702556951973,0.5113206041546587,0.4368921654313385,0.3822586963866831,0.4275321611731612,0.5104425315656257,0.19107720237972142,0.15533912584837137,0.18870516019780503,0.2373780055093435,0.20863310705907132,0.17341674673164226,0.20836573430447197,0.26237911056294555,0.4743354632996247,0.4396255070347029,0.46200140379355104,0.5516059816034429,0.2095849207041933,0.20821360119030938,0.20959954880078682,0.20974229128963803
487,0.9972972972972951,0.9972972972972972,0.9972972972972972,0.9972972972972972,0.23926382856343942,0.17754125666303427,0.23509851034886176,0.29859531762526226,0.43827911858181845,0.3651794700718195,0.435491916837749,0.5101152342041231,0.43648102563668395,0.380773234608221,0.43337390454614977,0.5083753038174086,0.1910787069046451,0.15398352192127382,0.1881453635667754,0.23347861655556265,0.20861086391468714,0.1723149891083799,0.20852677447299464,0.2629751326348252,0.47505627252620414,0.4426516304139449,0.4635265687904242,0.5490555372096312,0.2095760887640963,0.20821360119030938,0.20959954880078682,0.20967021410480563
488,0.9972972972972951,0.9972972972972972,0.9972972972972972,0.9972972972972972,0.2384946184828651,0.1758129160102274,0.23375859281109096,0.29714576870630344,0.43637536525904985,0.36293183707474813,0.4328185513810468,0.5087475758811175,0.4352347271963321,0.37636347140181764,0.4317565805416701,0.518024000891699,0.18976370791533625,0.1522504849841872,0.1868439901316633,0.23108529399915093,0.2075024632290735,0.1707784883731601,0.20714963176054108,0.26062767410498117,0.47690750499282575,0.44354349039105373,0.4639753923657759,0.5536619880897079,0.209527828458121,0.20821360119030938,0.20959954880078682,0.20959954880078682
489,0.9972972972972951,0.9972972972972972,0.9972972972972972,0.9972972972972972,0.2378532659040945,0.174515377499073,0.23193945385482498,0.29559375663174664,0.43635685269397406,0.36007834366243946,0.43258848685654516,0.5119912549129527,0.4353497768366529,0.3759198924049176,0.4343871628615403,0.5223299657925738,0.1897641506884624,0.1525551446116731,0.18493040376038217,0.2332294252369296,0.20727297438738115,0.16872819314592433,0.2076689223439675,0.2577598140455604,0.47808803862623434,0.44440070421511013,0.46559809894555837,0.5546695560564068,0.20950936808651213,0.20821360119030938,0.20959954880078682,0.20959954880078682
490,0.9972972972972951,0.9972972972972972,0.9972972972972972,0.9972972972972972,0.23788738222852732,0.1772281629047009,0.23467261548711968,0.2937919134382693,0.43662279807243876,0.3573500271921148,0.4322116384010718,0.516299796610377,0.43711579227011266,0.38269614122399465,0.43339160829651924,0.5205413232778343,0.19065117879476123,0.15073285301337427,0.18574670593198564,0.23520206369677704,0.2078393846766084,0.16963868513055486,0.20623391973942679,0.25930227272073014,0.47864328812590634,0.4452245396536481,0.46521734257848213,0.5502107120424784,0.2094790629918424,0.20814562957412175,0.20959954880078682,0.20959954880078682
491,0.9972972972972951,0.9972972972972972,0.9972972972972972,0.9972972972972972,0.2370136994252185,0.1847820764358095,0.23404171066289875,0.2901450037374386,0.43557748357083104,0.35499712567734126,0.4305808047797236,0.5201951141148119,0.4362312961636596,0.3783879688101425,0.4354529998867931,0.5253861753636745,0.18985457343306295,0.1477934041140483,0.18542555164573005,0.22910849892512294,0.20699155625810142,0.16962470770884067,0.20558765206209856,0.2570073207963993,0.479050909235534,0.4459481908981041,0.4652047619119085,0.552301071780034,0.2094501869284549,0.20814562957412175,0.20959954880078682,0.20959954880078682
492,0.9972972972972951,0.9972972972972972,0.9972972972972972,0.9972972972972972,0.2370250773416261,0.18286138091336926,0.23309138816917235,0.2931657469181147,0.43551499347441935,0.3692649601737857,0.430894179039193,0.5182991856411403,0.4368652472720943,0.3753242194975473,0.43583285188195325,0.5217290861498628,0.19015627547069966,0.14740422986751903,0.18840970052943434,0.23557959866032888,0.20708170734916226,0.16983496428500336,0.20516120004097016,0.2554345038557253,0.48012786461585016,0.4479126932496749,0.4662422649879807,0.5465349692941687,0.20942142414303141,0.20807894327532847,0.20959954880078682,0.20959954880078682
493,0.9972972972972951,0.9972972972972972,0.9972972972972972,0.9972972972972972,0.2362938200134848,0.18116422072234828,0.23224718176960235,0.2905719877782664,0.4345962610562234,0.3668386372813999,0.43068343646068585,0.5124621021364251,0.43671985319576706,0.3752437603528444,0.43697132657749743,0.5210736201962244,0.18974892087327772,0.14579273560216138,0.1863643997749084,0.23272208751963597,0.20660385967119418,0.16843552691045643,0.20407166307789254,0.25836911707204824,0.4810521760895535,0.4491784814684771,0.46672605738352035,0.5502903189193977,0.20936631096700997,0.20933015370742009,0.20959954880078682,0.20959954880078682
494,0.9972972972972951,0.9972972972972972,0.9972972972972972,0.9972972972972972,0.23674180428271263,0.1950186338769965,0.22990810380359614,0.2884578965312068,0.4354424030163236,0.3645183741505913,0.4321858942741711,0.5170266912318527,0.4368724448156648,0.3718475852248514,0.43604741732121965,0.5272904180278297,0.19025682939889488,0.1466020604543749,0.1871028850092305,0.2386473930938906,0.2070275887307535,0.16718531190562583,0.20436150821855736,0.255476051769903,0.48182221956261295,0.45039230233446165,0.4666965785618967,0.5478955084580334,0.20931246356065422,0.2092028660388815,0.20959954880078682,0.20967021410480563
495,0.9972972972972951,0.9972972972972972,0.9972972972972972,0.9972972972972972,0.23720597979738473,0.19524577757556688,0.22952984287732658,0.2907210509123313,0.43512282283868087,0.36229950084748347,0.43245785208201737,0.5219280084052326,0.4366650789875671,0.36870511321853644,0.4353463120997092,0.526885853843114,0.19002833261256,0.1447704146950252,0.18921401559186768,0.23829909159203236,0.2070270815675893,0.16630912297419906,0.2044125161338406,0.25236746688321776,0.48243449373531233,0.4479013069976897,0.46763948994951193,0.546086858222102,0.20932434725128624,0.2091409480079601,0.20959954880078682,0.2110128548811631
496,0.9972972972972951,0.9972972972972972,0.9972972972972972,0.9972972972972972,0.23714169856736075,0.19312811435527,0.23055732029000994,0.29446553866750946,0.43451202804611333,0.35946766951231746,0.4319274874477137,0.520769276279284,0.4369102684466599,0.3655502224878956,0.43355683157520897,0.5268341283915982,0.18986233117098938,0.1435860656287718,0.18772887324443302,0.2381179800638862,0.20689432011430559,0.1647343018379033,0.20456002379685373,0.2560586954040068,0.4829888068406492,0.4491483646734264,0.46809175202391945,0.5444702693032617,0.20934813753983447,0.2091409480079601,0.20959954880078682,0.2110128548811631
497,0.9972972972972951,0.9972972972972972,0.9972972972972972,0.9972972972972972,0.2366264591003555,0.19024222629662482,0.23012412512451916,0.2950971449032514,0.43465413520529006,0.35675810793876506,0.4315594630388929,0.5164135001674637,0.4367365546251939,0.3625297386158271,0.43174030753176607,0.5265285400800894,0.189847184553284,0.14978876096153626,0.1882074500251627,0.23676997038704278,0.20668106367729006,0.16813122661370275,0.203212651713498,0.2546437774506117,0.4843838932152212,0.4503436463104037,0.4687443774905927,0.5452207062208358,0.20932496583137702,0.2092028660388815,0.20959954880078682,0.2110128548811631
498,0.9972972972972951,0.9972972972972972,0.9972972972972972,0.9972972972972972,0.236958136347741,0.1881532135277203,0.2320198445652415,0.29565424330475243,0.4338584602627284,0.35790577066659385,0.4301394619339638,0.5068953424307369,0.43791533146090644,0.35967266205008963,0.434804263155307,0.5242582267862714,0.19005200824226884,0.14843555920929244,0.18635917430939442,0.23384867879616222,0.2069137295236098,0.1676623746578108,0.20343209395743528,0.2516941190763051,0.4843310415034964,0.4514892867317247,0.4689248292393293,0.5371329507675048,0.2093410417419041,0.2092028660388815,0.20959954880078682,0.2110128548811631
499,0.9972972972972951,0.9972972972972972,0.9972972972972972,0.9972972972972972,0.23700503802764275,0.20154885822794658,0.23148118117965266,0.29322174237132653,0.4336146879467725,0.35844360141763937,0.43247182373325715,0.5061024943614488,0.43837194342810015,0.3569538440105722,0.43500974982436436,0.5246394510882818,0.19010148488624373,0.15275035689072347,0.18528524873189334,0.23453553564423146,0.20694347678790184,0.16885783361169127,0.20367725483299415,0.24937784790420606,0.4846762122488987,0.4526090758608422,0.47044688665345324,0.5405198791243787,0.2093874580666946,0.20794927291687543,0.20959954880078682,0.2110128548811631
500,0.9964864864864844,0.9972972972972972,0.9972972972972972,0.9972972972972972,0.24829493417681814,0.20365573086665203,0.2433847256092429,0.3080451133735863,0.44111961647435777,0.37320501811235957,0.4369741688246699,0.5189738686914502,0.4473782582949469,0.3684845457448384,0.445815089361537,0.5238762966131073,0.19735218129609186,0.15782433089839945,0.19543980632610924,0.24317437960962587,0.2158818092255121,0.1798751513499815,0.21222186488317724,0.26405417066893216,0.4774919614713575,0.441173920672189,0.46870290256773106,0.5303824501281802,0.2094673184927842,0.20665781220931032,0.20959954880078682,0.2110128548811631
501,0.9956756756756736,0.9702702702702702,0.9972972972972972,0.9972972972972972,0.25819873696514817,0.20451522612142092,0.2537804098769877,0.3143865141418904,0.4490035447405024,0.38589724003377296,0.44702498161592147,0.5357113657108135,0.4528817729538698,0.3707161847303051,0.45729022521894297,0.5253681112653581,0.20330708030838873,0.1673889810439173,0.19945513435228496,0.25198999062760646,0.22362981901050666,0.18423251433734494,0.21986961084408094,0.26620309205959236,0.4714445574294767,0.4371497764331082,0.4649914613414246,0.5267248715122675,0.20964185267781754,0.20545500309282913,0.20959954880078682,0.2110128548811631
502,0.9951351351351333,0.9702702702702702,0.9972972972972972,0.9972972972972972,0.2720497571764737,0.21701448092201153,0.2684228076550986,0.33054672069892316,0.4596855476379325,0.3952265605317307,0.4572811420039161,0.5444133199810404,0.46435060528159694,0.3775722703195365,0.47141031639607245,0.5284879363793447,0.2134527576368415,0.1689660748870249,0.2112050429128201,0.2537708551263719,0.23543625844701566,0.19424931603560316,0.23349888824393222,0.28196693981911014,0.4632900888080114,0.42490167435925147,0.4549719906917913,0.523093124558918,0.20981929948844083,0.20545500309282913,0.21030620184097495,0.2110128548811631
503,0.9929729729729716,0.9702702702702702,0.9972972972972972,0.9972972972972972,0.2852778834354402,0.22841375745853756,0.2794467020710246,0.3498896858630141,0.4688952139688295,0.39182998845634137,0.4704294018633558,0.5478015186700148,0.4745095616768547,0.39203085893149286,0.47955173417517377,0.5377170480319895,0.2224859165951194,0.17706616958281154,0.2196913804808689,0.2689723298153059,0.24622605935177347,0.20859926469592865,0.24201277766540713,0.2937078421449486,0.4553370395019708,0.4124380682400046,0.4480275016486429,0.5130834186980253,0.20999870112744326,0.20421164693345223,0.2110128548811631,0.2110128548811631
504,0.9921621621621608,0.9702702702702702,0.9972972972972972,0.9972972972972972,0.29749940875279396,0.24355149727862493,0.2931435223632183,0.3630548987858742,0.4783746381348884,0.3910877351215423,0.4765090776664437,0.5472399327206888,0.48411331564671967,0.4029540707111294,0.4903103980606973,0.5529828728826236,0.23163577199949145,0.1882267594320288,0.22916903812839357,0.2856232721746949,0.25675545211007145,0.21192579381698673,0.25375195143075613,0.30918972431646025,0.4474592500126717,0.4036128263107592,0.44060172947457266,0.5035728075913651,0.21012192264984667,0.20545500309282913,0.2110128548811631,0.2110128548811631
505,0.9902702702702694,0.9702702702702702,0.9972972972972972,0.9972972972972972,0.30822797831755305,0.2576939374056657,0.3001520989356604,0.36910913754476177,0.487359250756231,0.39104507946799927,0.4874830949121532,0.5663827023932599,0.4916182823384333,0.40735405626567595,0.4940803594793651,0.5635555502407991,0.23968462920770345,0.19215359773675011,0.23773530790067826,0.2929073140660974,0.26603233275715327,0.22272485931122052,0.2637478898717196,0.3178097115231273,0.4404997186359494,0.39433959427803755,0.43282554636435167,0.49493054740334375,0.21015298332730506,0.20421164693345223,0.2110128548811631,0.2110128548811631
506,0.9894594594594587,0.9702702702702702,0.9972972972972972,0.9972972972972972,0.32109946710452825,0.26595941025341774,0.3152897268942032,0.3848865184554143,0.4961796520891975,0.4088004395580669,0.49683546281472113,0.5688823805097436,0.5015092808011211,0.42040155088234293,0.5080508890118131,0.5609159058655104,0.24895143187715263,0.20086857439823982,0.24668341319789627,0.3050415991344272,0.27700719489377823,0.23182949280381182,0.27558601367531205,0.3339219893100536,0.4323089277346528,0.38521370821408074,0.4283757014801506,0.48610437822843,0.21026369540696127,0.20539077253223803,0.2110128548811631,0.2110128548811631
507,0.9881081081081073,0.9689189189189189,0.9972972972972972,0.9972972972972972,0.33380459046988825,0.280411396706517,0.3269477587644234,0.40236650151150455,0.5052031500705043,0.41302543222688237,0.5074442409534377,0.5866581404486022,0.5098830334568095,0.4334873940573182,0.5122822258093123,0.5730599764709942,0.2576767991518328,0.20379347448045412,0.2585908707426229,0.3181129370379192,0.2873057241312055,0.24420587264996724,0.28691016995448737,0.33981349349947837,0.4248730623269193,0.37546113788520413,0.41815798459360787,0.48270870742500765,0.2103231390098537,0.20539077253223803,0.2110128548811631,0.2110128548811631
508,0.9864864864864857,0.9432432432432433,0.9972972972972972,0.9972972972972972,0.3466557965224669,0.2900007037751275,0.34398625165986324,0.4168279590044704,0.5147993518794217,0.42058652586387574,0.5175656790996054,0.6000580526072875,0.5200232331978056,0.44132488489743904,0.5176671914555857,0.5902607078218581,0.2679610136791053,0.21842886806998238,0.26951969225783823,0.3355991123347154,0.298877395955108,0.2523796202660741,0.29695472568084746,0.35246742451029206,0.4167601416494213,0.36964321552587676,0.4164261252093922,0.4771001707524235,0.21039408719528901,0.20545500309282913,0.2110128548811631,0.2110128548811631
509,0.9845945945945941,0.9432432432432433,0.9972972972972972,0.9972972972972972,0.3577014490015522,0.30218862839816457,0.35511956347054663,0.4225165575526587,0.5226437075545475,0.42875235651744475,0.5210162339937995,0.6042808458279965,0.5303198441472327,0.4462463928336987,0.5318061032337245,0.5937749600180451,0.2774000716697635,0.22257519238703635,0.2798612572710252,0.3429662419768392,0.3091735760878256,0.2542937334649056,0.3085476155828872,0.3685496441824931,0.4094942063855026,0.3640711670110136,0.4045823145144546,0.46772840228940793,0.21042612532933436,0.20672204276990142,0.2110128548811631,0.2110128548811631
510,0.9837837837837834,0.9432432432432433,0.9972972972972972,0.9972972972972972,0.3698186005528699,0.31158541068327034,0.3670316427294536,0.43707571560334413,0.5339942235930412,0.43938052576050124,0.5355739810085143,0.6185305141533189,0.539692393308561,0.46040872267874317,0.542123898141843,0.6074328642973048,0.2884510575257368,0.2287308777263365,0.289755437982603,0.3518021230490679,0.32117474827975373,0.264052643708694,0.32147014105430705,0.3793553653991189,0.4017041504996984,0.3558426102741732,0.399507470504298,0.4647047152821325,0.210465718610332,0.20672204276990142,0.2110128548811631,0.2110128548811631
511,0.9829729729729726,0.9432432432432433,0.9972972972972972,0.9972972972972972,0.382832450428089,0.3186792689173587,0.37705578486613756,0.45395695533856456,0.5453499281680161,0.4436059697693908,0.5411106710042158,0.645628907975536,0.549405439565786,0.46185964827736126,0.5482323848639226,0.6330261003499716,0.2999653886809845,0.2336780985524538,0.29696494551763464,0.3702857287907088,0.33344785468815935,0.2784073554313194,0.33489582690058706,0.38945882489257194,0.3931198983266897,0.3425428491412453,0.39172535511192036,0.45420926548453017,0.2109097012551009,0.20678748256776336,0.2110128548811631,0.2110128548811631
512,0.982432432432432,0.9432432432432433,0.9972972972972972,0.9972972972972972,0.39789629044606495,0.33126276415548217,0.3909451565864449,0.48009049029937373,0.5545446558123615,0.4472238256886975,0.5495973765319531,0.6616588303726552,0.55969329993883,0.4742557216705267,0.5541606654414807,0.6500877653492131,0.31069709807553486,0.23794257442849284,0.30785706880059294,0.3799889598959786,0.3460162347547327,0.2870005494275698,0.3433680751047915,0.4110883553917839,0.3842648609197803,0.32950564287971246,0.384028776077865,0.4439564608791974,0.21133132530915202,0.20807894327532847,0.2110128548811631,0.2110128548811631
513,0.981351351351351,0.9432432432432433,0.9972972972972972,0.9972972972972972,0.4104677220158226,0.3468714489588851,0.4038776122773283,0.48476458883950335,0.5635749003222861,0.45635001741200354,0.5618435573510403,0.676022423458904,0.5679813275173888,0.49120654221718874,0.5645969279291105,0.6508350784658328,0.32039557709250643,0.24970376506600517,0.31722101791933627,0.39464148522175674,0.35704564708731007,0.3019651484769103,0.35432663369217343,0.42417971453104364,0.37707088778053865,0.316442639677328,0.37740648594397386,0.4323065729656406,0.21130913640718452,0.20807894327532847,0.2110128548811631,0.2110128548811631
514,0.9810810810810808,0.9432432432432433,0.9972972972972972,0.9972972972972972,0.4250981306848855,0.35676434789017636,0.4200845169868559,0.5193482873545321,0.5717614812372972,0.47188349369301924,0.5750412081431342,0.6735834826706136,0.5764551491380078,0.4959426900434568,0.5757017310182213,0.666375175535856,0.3298608971055519,0.25733704838861876,0.32566561111962017,0.4161824070506478,0.3685705655547073,0.31236721190291306,0.3674415268796144,0.4377715418256915,0.36883305170757325,0.3164033715585353,0.3658450286769237,0.42055686832144856,0.21132853831875015,0.20814562957412175,0.2110128548811631,0.2110128548811631
515,0.98027027027027,0.9432432432432433,0.9972972972972972,0.9972972972972972,0.43964602182696866,0.3735973069408646,0.4352744507630262,0.5437782829098945,0.5821893742489536,0.47677265328754126,0.5801959275144122,0.6869280296141984,0.5885232518597678,0.5051987271428762,0.5830473794743702,0.685098981679115,0.34302677341243487,0.27211935796772185,0.33545165929614645,0.4421740493794686,0.38256035157585544,0.32342970374224245,0.37754756963972064,0.45981011291113816,0.36090890485021426,0.3103596401156374,0.36216936645242137,0.41564153535169196,0.2112968667061775,0.20814562957412175,0.2110128548811631,0.2110128548811631
516,0.9783783783783783,0.9432432432432433,0.9702702702702702,0.9972972972972972,0.45703571094824375,0.38771714684263103,0.44513230636169954,0.5736434108527129,0.5910005486369881,0.4898746607501344,0.5893024958453232,0.7021061196725422,0.5973969457104095,0.510105383530049,0.595084366793398,0.7028244360495646,0.35338151670144796,0.282678328160969,0.3476308703228594,0.451010069942774,0.3954484777283556,0.3320926495716065,0.3892233828627602,0.4726690520936477,0.35331047355125017,0.3020437524304695,0.35415734330821763,0.4081959067156544,0.211279094154121,0.20814562957412175,0.2110128548811631,0.2110128548811631
517,0.9770270270270268,0.9432432432432433,0.9702702702702702,0.9972972972972972,0.4688988288142828,0.39503903401415774,0.4573545904095233,0.582281552408205,0.6009008433437774,0.5042646415156823,0.6015977222186725,0.7016790945757106,0.6060462775648578,0.522315713908968,0.601169971331101,0.7094948153495121,0.3643992367948592,0.2965207515666292,0.36014834752859803,0.44711943864646825,0.40693841131911795,0.34365305287385883,0.40509685270858564,0.480591665014271,0.34662291534662665,0.29493870787238463,0.3504625330952551,0.39970233443139686,0.21165282859497936,0.20814562957412175,0.2110128548811631,0.2110128548811631
518,0.9764864864864863,0.9432432432432433,0.9702702702702702,0.9972972972972972,0.48690729964975704,0.40798787213619875,0.47209953555822043,0.6114326148369149,0.6083931312970664,0.5175477758330764,0.6112739600666133,0.698402573765848,0.6145176758059079,0.5219446410359067,0.6111972640595023,0.7200579366491664,0.3741352451587151,0.3005863071995775,0.37176607403222284,0.46109960992198135,0.41964220036375766,0.3529169671265167,0.4216603388950986,0.5010606515581181,0.33875650936861457,0.28299382815721486,0.33978795098615977,0.3920651066456785,0.21165656377817135,0.20953025142026296,0.2110128548811631,0.2110128548811631
519,0.9748648648648647,0.9162162162162163,0.9702702702702702,0.9972972972972972,0.5160061281371943,0.415379962557653,0.497616535269563,0.6388888888888886,0.6218116138108369,0.5335543494689026,0.6223832232954083,0.7375890872251486,0.6252146259946271,0.5364997944821585,0.624033759545066,0.7258525874014603,0.38888154051265383,0.3078141940320348,0.3893518579923534,0.47709320791238924,0.4391167062720493,0.3698314869488087,0.4358342785052315,0.5271519290137551,0.3268565631477388,0.2692637448617863,0.3342231248890643,0.38076422648497377,0.21241269730336826,0.20953025142026296,0.2110128548811631,0.21217430317848876
520,0.9732432432432431,0.9162162162162163,0.9702702702702702,0.9972972972972972,0.5338905708758551,0.426013926609146,0.5142331346716678,0.6594982545821297,0.6342326197192485,0.540164144165035,0.6302917555511252,0.7439974231703154,0.6358553684272765,0.5442078244560424,0.6300035685745391,0.7568747184516537,0.4036934786489368,0.3164193585094324,0.39856697867416424,0.5149758560572886,0.4554846480970424,0.3796003247563316,0.4523889450567521,0.5564797917894655,0.3185815152148108,0.26734297255120165,0.32373368206688324,0.37184838698681505,0.212305511013975,0.20953025142026296,0.2110128548811631,0.21207886978995558
521,0.9721621621621621,0.9162162162162163,0.9702702702702702,0.9972972972972972,0.5592663659098017,0.4387569334521814,0.5454817364750644,0.6944444444444441,0.6459965606451731,0.5486072285933802,0.6446681540178109,0.7571090754061973,0.6472630525584094,0.5479371116798348,0.637223933407707,0.773159562309551,0.4183630103343428,0.3348293237821716,0.4108666556980344,0.5252696945381988,0.4732562591556889,0.38824317105855416,0.47103540297678925,0.5788426421717511,0.3103578622859462,0.2537998900523651,0.3158143089379889,0.37015263188730096,0.2126297382263774,0.20953025142026296,0.2110128548811631,0.23056160366810122
522,0.9702702702702704,0.9162162162162163,0.9702702702702702,0.9972972972972972,0.578554834859059,0.4521836302225104,0.5809821146596723,0.694444444444444,0.6604032299840528,0.5657276589936345,0.6592442313062077,0.7848240658214406,0.6640648835721646,0.5625172303182914,0.6542466725213532,0.786782948950661,0.43840295955753183,0.3470831757943071,0.4324332934555093,0.5478606901408578,0.4932920148610939,0.40652917766487245,0.48791161090593405,0.5902060717417421,0.29778476570148593,0.2010045196266554,0.30383964236191174,0.3604381252098016,0.2138090470953592,0.2110128548811631,0.2110128548811631,0.24450218523118905
523,0.9694594594594597,0.9162162162162163,0.9702702702702702,0.9972972972972972,0.5984908635733889,0.46680543194277635,0.6140116926881516,0.7120908499267693,0.6708766102584639,0.5645334222026345,0.6647148456335383,0.7968275327605258,0.6740583975853802,0.5675672729334081,0.6621512332648294,0.8011569178675771,0.4522066041586399,0.3530046589492547,0.44431424729173075,0.5757053431958573,0.5100315400432726,0.4215191671322011,0.5053996064839088,0.6102516363597189,0.2883948120988118,0.18875608332804283,0.2965691550982408,0.3497714383685461,0.2140199320376964,0.2110128548811631,0.2110128548811631,0.2425666375209146
524,0.9681081081081085,0.9162162162162163,0.9702702702702702,0.9972972972972972,0.6274099896975988,0.4811632545815687,0.6454649293514304,0.7148115640604096,0.6844569202158591,0.5735468238020017,0.6768429466154571,0.8094764229094226,0.6843291098909209,0.57656529890417,0.6736578946371552,0.8068872695328783,0.4679657617687441,0.3684329363319898,0.4585119049986792,0.5879200673924925,0.5314765891151517,0.4334707611031175,0.5314831817007385,0.628083333323369,0.27451975181962057,0.15788095799995938,0.2840533538508119,0.3372044989905588,0.21583704598797795,0.2110128548811631,0.2110128548811631,0.24909159974276013
525,0.9672972972972977,0.9162162162162163,0.9702702702702702,0.9972972972972972,0.6418470715882973,0.49960448505879607,0.6560145968828328,0.7132224523876864,0.6940448079773246,0.5893837542655701,0.6901150506765874,0.8127076340515329,0.6998418769086375,0.5839459958224693,0.6952540087313901,0.8177123069593555,0.4849878538639573,0.37500501253941393,0.48338313401715105,0.5963272675377929,0.5484988150400909,0.4475930476846575,0.5469662980791975,0.6346342200292576,0.26012972793469524,0.12462232899469251,0.2705246757925106,0.33416881258930825,0.21796031349658293,0.2110128548811631,0.2110128548811631,0.2512991779576002
526,0.9659459459459461,0.9162162162162163,0.9702702702702702,0.9972972972972972,0.655902454027849,0.5572757860043773,0.6672249936304712,0.7226584552063593,0.7123801166038475,0.6013099753324029,0.7040433040947787,0.8297821624270796,0.7130316296568486,0.593980191472473,0.7180415910927301,0.8255171032768901,0.5074592914529622,0.3803546088359455,0.5048939772772258,0.629551382469795,0.569206294462127,0.4718991332411939,0.5656964384101418,0.6590366170784393,0.24298591715191611,0.11196184084837038,0.2584511174617776,0.314369280430063,0.22034128739981265,0.2110128548811631,0.2110128548811631,0.2512991779576002
527,0.9640540540540544,0.9162162162162163,0.9702702702702702,0.9972972972972972,0.6644233255050174,0.573999321201465,0.6749864038324109,0.7318979226408604,0.7275673320134506,0.6066372597586278,0.7289912814675967,0.8284743252258596,0.7264313916170905,0.6050401206675854,0.744222668831594,0.822299437907836,0.5273490776679729,0.41456040225717805,0.530360797681205,0.6354131682437063,0.586662448297078,0.47985064213332795,0.5847985466431311,0.6803744108573085,0.22801612569516438,0.10648612128711235,0.2443428410651251,0.31084523029545175,0.22295942971646285,0.2110128548811631,0.2110128548811631,0.2512991779576002
528,0.9632432432432436,0.9162162162162163,0.9702702702702702,0.9972972972972972,0.6752988676374152,0.5958010613940544,0.6751347058175214,0.7382542071397907,0.7392064216947142,0.6173677807390773,0.748298477192523,0.8436872370589259,0.7384701341455232,0.6088107044490534,0.7487706893692744,0.8401388101455238,0.5443046137413815,0.43090277953153316,0.5434620643614648,0.655642952857436,0.6021807253799216,0.5333584045475162,0.6032454206029697,0.6822831749826676,0.2118738340454104,0.09339593678068786,0.22836168392876294,0.3042496952693245,0.22584679593596413,0.2110128548811631,0.2110128548811631,0.2512991779576002
529,0.9621621621621625,0.9162162162162163,0.9702702702702702,0.9972972972972972,0.6852391625615991,0.6026589326309388,0.6876670153090216,0.7541238594185415,0.7506747514731091,0.6255383486631085,0.7589299955280552,0.8436131880806265,0.7497927721434031,0.6256197167095496,0.7567400190866467,0.841694152995954,0.5620108051256498,0.4545488988106344,0.5562078602740308,0.6680544399590013,0.6168890817639336,0.5374272232297024,0.6171681187370212,0.696763884590816,0.19548450755242594,0.09286974270772104,0.20306614443343973,0.28719236579447166,0.22895890146474465,0.2110128548811631,0.23235509252712874,0.2512991779576002
530,0.9610810810810816,0.914864864864865,0.9702702702702702,0.9972972972972972,0.6976683476961584,0.6017761675622362,0.7015765619464369,0.7777777777777772,0.7592709129722427,0.6398033319606793,0.7696863397135327,0.8618468164646217,0.7551913045758066,0.627043746600502,0.7613268244215485,0.8521585022270843,0.5726401476044806,0.46873106507761814,0.5652706805366314,0.6845903638823148,0.6286577359998206,0.543464929717733,0.6342513344253922,0.7102778101120942,0.18095095874679576,0.0870255625650006,0.17801971175376885,0.2860363672230164,0.23098437026313914,0.2110128548811631,0.23819730215254814,0.2512991779576002
531,0.9591891891891896,0.914864864864865,0.9702702702702702,0.9972972972972972,0.7102805343331259,0.6196018790088723,0.7096997082634691,0.7988049095607228,0.773914906786506,0.6554760679721542,0.7832665889801216,0.8794914532654868,0.7668854577307361,0.6635699100683395,0.777313519240269,0.865599828656684,0.5928997045699564,0.4902217918753288,0.5907675819090852,0.7001325449857222,0.6461151491548948,0.5491735911960364,0.6500807066821261,0.7189352836310854,0.16515868241256315,0.0751853177488609,0.15243324632347927,0.27041278575962846,0.23373850419025202,0.2110128548811631,0.24024754812768132,0.2512991779576002
532,0.9562162162162167,0.8891891891891893,0.9702702702702702,0.9972972972972972,0.7238808500818027,0.6417898698558706,0.722279241946865,0.8061909960940308,0.7851314266766942,0.6731302733301169,0.7845177968644244,0.8725629561013217,0.7730285475442704,0.6791613416847632,0.7777845533733052,0.8642476070071802,0.6067995020008818,0.5055503656051032,0.6129923793940396,0.6983531745033624,0.6605493498157458,0.580308293525609,0.6656354923733341,0.7292766354700858,0.1516144908387195,0.07458683184400788,0.14217383957953295,0.2604096742948258,0.23542104213118464,0.2110128548811631,0.24024754812768132,0.2512991779576002
533,0.9548648648648655,0.8891891891891893,0.9702702702702702,0.9972972972972972,0.7327151883133554,0.6394101164832132,0.7358616176589786,0.8230563457477396,0.787542648219494,0.6852904793778538,0.7839852149405742,0.872452576248993,0.7778514741194504,0.6731681321030413,0.78111137704942,0.8678511301977575,0.6125041845932683,0.5160447125354812,0.6110067653844495,0.6960235944729747,0.6681284831103766,0.577742659136221,0.6717678368710576,0.7328228767384359,0.1441588932702966,0.07171875520932147,0.13948028735189744,0.24618023918444468,0.23539199909635092,0.2110128548811631,0.23819730215254814,0.2489754114156633
534,0.9537837837837846,0.8891891891891893,0.9702702702702702,0.9972972972972972,0.7410947525751587,0.648830418121052,0.7486901013201241,0.8186364152828061,0.794069342064072,0.710954309058636,0.7972726992284624,0.869372942127445,0.7852716826993561,0.6769472753644951,0.7858052510531889,0.872315245022931,0.6237428116618647,0.5391299638838479,0.6246242384358691,0.7175785799939065,0.6783087849637864,0.5908763692147165,0.6824326999144634,0.7425296970149813,0.13091624385555614,0.06873999870825362,0.1336813368262474,0.21937878109195855,0.23725432565027296,0.2110128548811631,0.23922242514011471,0.2512991779576002
535,0.953243243243244,0.8891891891891893,0.9702702702702702,0.9972972972972972,0.7447801003148128,0.6662790697674414,0.7480942340447492,0.8206613815214527,0.7962458628542711,0.7130371048968848,0.7934256294949218,0.8727800354108151,0.7904494694962122,0.6990417594863731,0.7907671903866549,0.872894592373415,0.6293229274025364,0.5477005163456073,0.6375671764884994,0.7114109403273714,0.6835919425582385,0.601002090174178,0.6879190372870909,0.7526934481907028,0.12775203030842275,0.05739125100869892,0.12496299451312143,0.21132723711489598,0.23616466159294014,0.2110128548811631,0.23819730215254814,0.2489754114156633
536,0.9524324324324333,0.8891891891891893,0.9702702702702702,0.9972972972972972,0.7489730455981847,0.667411545109326,0.7532247015238979,0.825880710586123,0.8012213081452321,0.7183746570083445,0.7984148903542165,0.8817864814753353,0.79267991393528,0.6915142223852508,0.7967003828385826,0.8749498081248449,0.635037035163001,0.5477849852526726,0.6403152948972575,0.7147615751813976,0.6890596683750657,0.6158737552448385,0.6931504549382026,0.7621965486488294,0.125069019331385,0.06305221927492115,0.12378254367186316,0.2039372402002361,0.23465653985639073,0.21520525358000558,0.2361959771952582,0.2467104569483934
537,0.9508108108108114,0.887837837837838,0.9432432432432433,0.9972972972972972,0.7528457732137778,0.6701751801604658,0.7593057625259545,0.8239449833712214,0.8048116079024977,0.7246196497495142,0.8045642627681902,0.875332973733624,0.7950062458560094,0.6947105569747825,0.7973222358477414,0.8805521604624139,0.6396791663983524,0.5583308806915731,0.6437024330527022,0.7274666296584397,0.6935115715614241,0.6240438033448894,0.6938343159170995,0.7628797996251019,0.12441670261461163,0.05814308227153617,0.12382245019669333,0.2030507232518167,0.2328133186999819,0.21377948470957106,0.234241820827678,0.24450218523118905
538,0.9518918918918925,0.8891891891891893,0.9432432432432433,0.9972972972972972,0.7570184388433085,0.6670099591798172,0.7639649232759724,0.8333736168817039,0.8090504190889597,0.7345740399395515,0.8100728594958162,0.8941204861018367,0.7972759214838233,0.6960917964380379,0.8012119386478086,0.876212184507841,0.6449261520547988,0.5580679160737773,0.6505775912951866,0.7440442152967579,0.6983313144982151,0.6271996215909682,0.6979713562324605,0.7704494148817534,0.12441634357975132,0.052049839496013266,0.12726241853076758,0.20835899750544062,0.2309560255805318,0.21238232139297872,0.23233315305701416,0.2423485417615736
539,0.9508108108108116,0.8891891891891893,0.9432432432432433,0.9972972972972972,0.7586404552607732,0.6704311685681106,0.7595429863637555,0.8336948718619787,0.8122826932115983,0.7280512764339874,0.8099748254526657,0.8825900510967594,0.8007439867245116,0.7027935902569233,0.8003882686871207,0.8803713311463646,0.6504235118943058,0.5509514495911889,0.651588773029087,0.7379496249279209,0.7020357911575796,0.6298770042160046,0.7010310218993097,0.7762823502357414,0.12463122838793252,0.04819822845553666,0.1282763437224028,0.20439162290110166,0.22914467654303344,0.2110128548811631,0.2304683642265795,0.24024754812768132
540,0.9518918918918925,0.8891891891891893,0.9432432432432433,0.9972972972972972,0.7614567423081242,0.6786505792606801,0.7616904045162354,0.8400968237617694,0.8120461122783214,0.7282524426850964,0.8138976356641922,0.8759689920783075,0.8027519950439163,0.7077745809236105,0.8038442819622325,0.8845667853683812,0.6519357611628659,0.5623080191136215,0.6530550595406404,0.7450842503929757,0.7043771741966577,0.6274092708072905,0.7080275162855868,0.7784783771511993,0.12471959796683409,0.052559763200326494,0.12480203462605954,0.20526977787418146,0.22738577481010475,0.2110128548811631,0.2286459126975524,0.23819730215254814
541,0.9518918918918924,0.8891891891891893,0.9567567567567568,0.9972972972972972,0.7632517383845274,0.6748859194491393,0.7660733576010696,0.8372142870455002,0.8123431144024386,0.719412754351922,0.8155425637621154,0.8837405532981637,0.8035009883725217,0.7115719818593289,0.8062809092733851,0.8851497912017139,0.6527186512765516,0.5564924278983171,0.6597294351047527,0.7433517879605065,0.7057102950194475,0.628756451003283,0.7044525929191777,0.7729394692155694,0.12412365062132076,0.058251574971499055,0.12331916846497078,0.1961149321793658,0.22563832311619372,0.2110128548811631,0.22686432239130702,0.2361959771952582
542,0.9524324324324328,0.8891891891891893,0.9702702702702702,0.9972972972972972,0.7636882199051872,0.6679739921554052,0.7710127755774845,0.8408411206232782,0.814409536029325,0.7204880641317148,0.81804517071398,0.8819162537064251,0.8062374089757053,0.7082720510592209,0.8078247116166986,0.886942436395728,0.6564608230819521,0.5697863195000412,0.6621757480827192,0.7446254780892794,0.7079290142836626,0.6206809746828228,0.7094128856659083,0.7830101831736411,0.12378339745650967,0.05891717629793796,0.12515989547046705,0.20016078430882145,0.22396056204332002,0.21094218957714428,0.22512218025368355,0.234241820827678
543,0.9518918918918924,0.8891891891891893,0.9702702702702702,0.9972972972972972,0.765933352772434,0.6651239793280674,0.7687706679277327,0.8466404258777642,0.8170146724221286,0.7290250406176801,0.8210420384869557,0.884513244920099,0.8095302710022563,0.710514295246732,0.8128816057420876,0.8867752454117408,0.66130407837482,0.5730839972990543,0.6677138887994891,0.7512974884850765,0.7116400135801888,0.630467787387176,0.7170016285891552,0.7793811645725247,0.12176511368427576,0.05425740395415767,0.12366141887597633,0.19085964129481398,0.22233541867881568,0.2108728921966204,0.22341813368825253,0.23233315305701416
544,0.9532432432432438,0.8891891891891893,0.9702702702702702,0.9972972972972972,0.7691657684099208,0.6736023820264151,0.7765200347260544,0.8467233621963157,0.8185208516963418,0.7425170553568257,0.8231538869870033,0.8892421095204094,0.8099278180982266,0.7204735527061075,0.812286274672355,0.8883901217596126,0.6627799113243446,0.5702427838425,0.6655005083969898,0.7606232301510526,0.7141690574660263,0.6325308799202864,0.7180935946127848,0.7820970314180894,0.12174092571933642,0.05119018000261631,0.12109230835183099,0.19450455013649487,0.22072937089357322,0.2094622798040753,0.22175088799437292,0.2304683642265795
545,0.9532432432432438,0.8891891891891893,0.9702702702702702,0.9972972972972972,0.771524526064145,0.6673902948694228,0.7757202178455469,0.8505233780653407,0.8208142060140705,0.7426025234919221,0.8229929518056726,0.8840201947774091,0.8128593617394522,0.7332728983442817,0.8141425688797022,0.8832811329332771,0.666906273578722,0.5867109380024602,0.6689870454340605,0.7623573471551993,0.7175749981351086,0.6488870354202071,0.7180544117540395,0.7865135237588816,0.12131001860206014,0.05619218578324308,0.12082081576398927,0.1882461946168608,0.21913958919232246,0.20814562957412175,0.22011920383699057,0.2286459126975524
546,0.9524324324324327,0.8891891891891893,0.9702702702702702,0.9972972972972972,0.7757243506775489,0.6646211774875365,0.7787880787398,0.8485488915287397,0.8237421470811183,0.7498463266392053,0.828640765515253,0.8827932088151961,0.812577154864034,0.7263915757123688,0.8157795521880523,0.8853480410657778,0.6689644122872735,0.5935362297224097,0.668230629746551,0.7572297611383295,0.7208486093909778,0.6525077568793229,0.724656618986442,0.7799511226249513,0.11966138880451016,0.04938378529916504,0.1254403309943958,0.1911395827289793,0.21766884899494035,0.20672204276990142,0.2185218947681644,0.22686432239130702
547,0.951891891891892,0.8891891891891893,0.9702702702702702,0.9972972972972972,0.7759772453515151,0.6751770188290845,0.7831008601899888,0.8445596462061213,0.8241332181968402,0.7407126515276001,0.8288317007728978,0.8822300988452523,0.8137780985385277,0.7364032511366189,0.8173130275444644,0.8788664997560488,0.6702794326041479,0.5984059646291724,0.6711564008724163,0.7505502432554069,0.7217368256004019,0.6572937809385575,0.7229189739750411,0.7791480098174809,0.1187010344632152,0.04953336356537429,0.12241109281990009,0.1854800742416874,0.21619413224228395,0.20545500309282913,0.2169578248148394,0.22512218025368355
548,0.9502702702702706,0.8891891891891893,0.9702702702702702,0.9972972972972972,0.7805332196915299,0.6885753259215447,0.78812478663704,0.8485960623847202,0.8256323095286844,0.7511962245226668,0.8299136409682106,0.8817363778808845,0.8149155664272763,0.7404297978631811,0.8172475608775478,0.8857011472323789,0.6724288401041731,0.5931299623939078,0.6715318121218414,0.7496023885485086,0.7251744188169252,0.6598167427839501,0.725883774300425,0.7845857726367714,0.11662680337760374,0.05054070410898111,0.12254094642051115,0.1776924195439785,0.21475124259798892,0.20408435926491364,0.21542590614310256,0.22341813368825253
549,0.9500000000000003,0.8891891891891893,0.9702702702702702,0.9972972972972972,0.7805779525096723,0.6907573496774622,0.7876342573726555,0.8473472931986061,0.8256947730495636,0.7497624126953123,0.8289311634557244,0.8861897126406822,0.8184856352826085,0.7453688570819629,0.8195923244335491,0.8788694386557355,0.6753547448097423,0.6005619484254037,0.6730012004421719,0.7570961067977725,0.7267999225539878,0.6599186395044779,0.7279930332478395,0.7807410942532886,0.11630157755569112,0.049928142922911666,0.11708044065356293,0.18038755450607638,0.2133364871135187,0.20280206058276137,0.21392509680580307,0.22175088799437292
550,0.94972972972973,0.887837837837838,0.9702702702702702,0.9972972972972972,0.781805679122781,0.7002149434031348,0.7890308174770356,0.8487505137165137,0.827558463785663,0.7550837857953531,0.8328315586641408,0.8918908126240253,0.8190868584905105,0.7467226299695353,0.8207664778017929,0.8815082423999502,0.6773461856210662,0.5997460744110108,0.6789363553838685,0.7480249209066198,0.7286714486873912,0.6609087488117034,0.7312281203861732,0.7778286604413439,0.11586020294541219,0.05300535614632822,0.11416534343730891,0.1795220391542328,0.21196470875457346,0.2016658935626803,0.21245439857781112,0.22011920383699057
551,0.9510810810810816,0.887837837837838,0.9702702702702702,0.9972972972972972,0.7842460478271793,0.6997327863520556,0.7898652204629262,0.8427363433955578,0.8272866241910595,0.7618403433098511,0.8262597357559407,0.8907971156263453,0.8223122614342563,0.7545873975370397,0.8219000759642404,0.8817638402431285,0.6798579675103892,0.6080035272387108,0.680167507430044,0.7550426169293987,0.731157477996216,0.669484693556593,0.7371213524398907,0.7754549444354344,0.1147622417165835,0.053482421238545914,0.11469379033211966,0.1770041970088721,0.21066395384556258,0.2016658935626803,0.2110128548811631,0.2185218947681644
552,0.9518918918918924,0.887837837837838,0.9702702702702702,0.9972972972972972,0.7867457948312497,0.7126525076163238,0.7917743615859745,0.8548795192102402,0.8286319687799564,0.7591779368977565,0.8311717600722432,0.8909197055984992,0.8246505172018361,0.7633103097675871,0.8246080125000551,0.8849213430088457,0.6828981512445543,0.6156110742070755,0.6868398040187633,0.745555228921735,0.7340230225763071,0.6745075961219831,0.7370579915055016,0.7836827853459597,0.11478284518829987,0.0557153515356074,0.11650919860739366,0.17366264250948124,0.2093733060754187,0.20042753294425253,0.20959954880078682,0.2169578248148394
553,0.9510810810810814,0.8891891891891893,0.9702702702702702,0.9972972972972972,0.7898912823507203,0.7211023506494538,0.794691095256497,0.8498993612298603,0.8281823292128746,0.7564798762832797,0.8303068681194798,0.8881930229540592,0.8271037401109349,0.7611690002686292,0.8268570302756613,0.8851209655416786,0.6845773785260865,0.6203936296838749,0.6905385180550739,0.7506954481880078,0.7365595330049886,0.6706221376849056,0.7401648570062285,0.783010435742765,0.11340502021935991,0.056126309203007915,0.11883876751055532,0.17655868059923463,0.2086139367771475,0.1992112932053468,0.20821360119030938,0.21542590614310256
554,0.9513513513513517,0.8891891891891893,0.9702702702702702,0.9972972972972972,0.7911184558528506,0.7246397829739097,0.797380638871179,0.8534514293158797,0.8300680327664821,0.7658158894699605,0.8317323985564868,0.8951565064303514,0.8262958959120661,0.7568275498029647,0.8256621777898037,0.8972828312731541,0.6855876917292317,0.6051201618176402,0.6871725501536721,0.7554529809691911,0.7379158756889279,0.6707727341845598,0.7384712510033042,0.7904335518373039,0.11291493427027051,0.055880606978077556,0.11913844416599342,0.17159844914737235,0.20738248379457372,0.1980165392757921,0.20685416886655664,0.21392509680580307
555,0.9516216216216219,0.8891891891891893,0.9702702702702702,0.9972972972972972,0.794641588782619,0.727199045401941,0.7997627821829135,0.8458060901068952,0.8315887696935574,0.7598195163319549,0.8334341995881511,0.8918813249556411,0.8273661590980594,0.7567751591622841,0.8292480935062256,0.8872531356398717,0.6877191355860585,0.6159835136063543,0.6896797304192789,0.7491315630594405,0.740737338846506,0.6845822374985178,0.7424564075709403,0.7871764773292028,0.11120803080589621,0.051149659935819186,0.11534992810053929,0.17214879990735085,0.20615125412125723,0.1980165392757921,0.20552044289069107,0.21245439857781112
556,0.9521621621621625,0.8891891891891893,0.9702702702702702,0.9972972972972972,0.7946367798407565,0.7212518293550603,0.8005052846535741,0.8588012708293822,0.8331649454135007,0.760322451051317,0.8372873876859883,0.9025716712781853,0.8286557315044217,0.7524261095869835,0.8326731009976938,0.8858518674684517,0.6901283875606997,0.6215308138040412,0.6902173811055097,0.7603200041005973,0.7420799788845547,0.6859462414555701,0.7433185536910424,0.7918823828436865,0.11082177882067622,0.052186660452678696,0.11554791726294503,0.17012384220706234,0.20497814940246595,0.1979578453360414,0.20421164693345223,0.2110128548811631
557,0.9521621621621625,0.8891891891891893,0.9702702702702702,0.9972972972972972,0.7967577042682596,0.7221871911798248,0.8039246077059101,0.8611727931199508,0.8333226802248762,0.7595947312487378,0.836752606581803,0.8935461471954472,0.8285245905947097,0.7566346206420834,0.8351778292461534,0.8848634544228674,0.6900810431796534,0.6169772531095746,0.6899744851000427,0.7618418471840999,0.7431500023371513,0.6906108351915978,0.7459240691339917,0.7924304420791505,0.10974516417096171,0.051145614238035216,0.10972420646971635,0.16804549108327227,0.20387391650922776,0.19684266048077814,0.20292703572163026,0.2110128548811631
558,0.9521621621621624,0.8891891891891893,0.9702702702702702,0.9972972972972972,0.7976305352114537,0.7255677984004492,0.8032591967105599,0.8596546791537084,0.8335276337627245,0.7628712421250969,0.8349194467284107,0.8949326091597537,0.8288676190420962,0.759455823988877,0.8337780648033637,0.8894457571268409,0.6905816880594575,0.6197659191822804,0.6927167860886688,0.7660596987091468,0.7438221288783634,0.6847881613413526,0.749881281425347,0.7915361514005783,0.10851118882107182,0.05082297806390878,0.10878922926587954,0.16828517021498873,0.20288746037861385,0.1967849809271006,0.2016658935626803,0.20967021410480563
559,0.9527027027027032,0.8891891891891893,0.9702702702702702,0.9972972972972972,0.7970013633445806,0.7192227845443685,0.8032673419922268,0.8580204979397644,0.8325635768147983,0.7626314221887489,0.8370533444998594,0.8918837096874602,0.8289390584021815,0.7594788063490134,0.8324531559787021,0.8928961234671318,0.6898594802143898,0.6077126143244442,0.6921875861914253,0.7571039081490446,0.7432740226644765,0.6867439222112784,0.7461781604733781,0.7896987928156484,0.1080213085678262,0.049943302503764116,0.10733224278220407,0.17007072579377497,0.20188872549584552,0.1967849809271006,0.2010467132534664,0.20828289857083324
560,0.9532432432432435,0.8891891891891893,0.9702702702702702,0.9972972972972972,0.7996662460457225,0.7291691232746359,0.804613699618552,0.861166877783582,0.834494781707986,0.765405104250395,0.8363878738331254,0.8987992467934536,0.829323048762152,0.7543267319599543,0.8338511686864477,0.8885021802739965,0.6917535952625985,0.6090373798806578,0.6959837706326546,0.7606331679793066,0.7455736315135212,0.6843059395055081,0.7463426174362466,0.7938684100488534,0.10651797312000058,0.049945310544185155,0.10608962818599614,0.16365199128092653,0.2011903232642345,0.1956890694072268,0.20042753294425253,0.20821360119030938
561,0.9529729729729732,0.8891891891891893,0.9702702702702702,0.9972972972972972,0.8010445567732024,0.7256913983585364,0.802494453127545,0.8593703276667524,0.8365523314740524,0.767172795963314,0.8338164494962979,0.9016043843502201,0.8282430989911568,0.7633500980178586,0.8322678499820961,0.8853101956396061,0.6924857173001192,0.6071886370595354,0.6973252472468047,0.7621908340546261,0.7466971061087196,0.6820821781056667,0.7476171355480274,0.7933605933610337,0.10682951069622502,0.05318185917266094,0.10763696111954785,0.16430141826562622,0.20111447564479973,0.1956890694072268,0.19981941307479967,0.20706210316728696
562,0.9535135135135137,0.8891891891891893,0.9702702702702702,0.9972972972972972,0.8028304101693163,0.7354632732519133,0.8038706451818829,0.862760099088491,0.837653216430423,0.7685351601754469,0.8400554978643171,0.8991462975565006,0.8296409940966777,0.7554615914677689,0.8377765047790796,0.8937267678899746,0.6945612226703033,0.6029729423076361,0.7007159238138425,0.7644978486905112,0.7486366902063802,0.6818569136312037,0.7516240225730133,0.796292212075266,0.10603862926703309,0.05409782927919679,0.10551410154649614,0.16787223726309955,0.200648245071357,0.1956890694072268,0.1992112932053468,0.20706210316728696
563,0.9527027027027032,0.8891891891891893,0.9702702702702702,0.9972972972972972,0.799737432848114,0.7340968191635235,0.7991391632665217,0.8507530216712987,0.8392460427838426,0.7720077803037422,0.8422280914903968,0.8993406990806863,0.8311231330520502,0.7556082187127497,0.832973678941047,0.8934759839712736,0.6971668699709214,0.6127657322491827,0.7029245900622549,0.757500347349969,0.7484582663380782,0.6880291352330548,0.7525230000593808,0.7969971757633234,0.10481675645532837,0.049170960570039786,0.10417611709525293,0.16615776838841448,0.20039731215160292,0.1956890694072268,0.1992112932053468,0.20706210316728696
564,0.9527027027027029,0.8891891891891893,0.9567567567567568,0.9972972972972972,0.8011037587974816,0.722295750146718,0.801705279535238,0.8597268483272094,0.8395713696793472,0.7728645637940494,0.8425487210819291,0.9001654343434052,0.8303686093548686,0.760394403048294,0.833749357569006,0.8935455836823644,0.6968261342100632,0.6092627379369332,0.6984097600435009,0.765252385090402,0.7489532026863488,0.6901438497821126,0.7515545211771,0.801589809103963,0.10295092651816846,0.04930135956134746,0.09962539055932658,0.16179654003956812,0.20036865722792377,0.1956890694072268,0.1992112932053468,0.20835356387485204
565,0.9521621621621624,0.8891891891891893,0.9567567567567568,0.9972972972972972,0.8040417339137718,0.7189811319062482,0.804093493278228,0.8711119630691981,0.8382663105637027,0.7652977244516933,0.8409259785890295,0.8923553369507087,0.8318470890059129,0.75286672993404,0.8360845644229612,0.8974492500721093,0.6969948696691994,0.601719570146159,0.6958855481561557,0.7617828427393543,0.7504867504417488,0.6815388501219045,0.7535599625819107,0.8024582176877424,0.10151801503082199,0.05192214305097726,0.09621878719412497,0.16139588113182832,0.20053207211942436,0.1956890694072268,0.1992112932053468,0.20835356387485204
566,0.9518918918918924,0.8891891891891893,0.9702702702702702,0.9972972972972972,0.804917458215031,0.7222016427432906,0.803837149499937,0.8667596276198684,0.8387312376343129,0.7631167245522252,0.8418595774835095,0.8964287476089295,0.8324760065656234,0.7456832832915963,0.8368827752507851,0.8917938604527509,0.6977771297704698,0.610594265507896,0.6992325108573401,0.7623607683271146,0.7513183921705278,0.6810129340588287,0.7568123670070006,0.7984653311385428,0.09933974417071088,0.05022867605572887,0.09310777115555584,0.1552269841251591,0.20083595194094475,0.1956890694072268,0.1992112932053468,0.20835356387485204
567,0.9532432432432439,0.8891891891891893,0.9702702702702702,0.9972972972972972,0.8056983155199068,0.7231655333322166,0.8045512547643953,0.863689172549399,0.8385479489620451,0.7655209679845678,0.8450996404393956,0.8917280553838844,0.8305520811668348,0.7390396503746758,0.8365938923489689,0.8934670464503509,0.695972111009733,0.6089454267199931,0.6968787383667665,0.7604487599369506,0.7507269431336965,0.6828153611264899,0.7556118080531007,0.7985788943381313,0.0980411378314058,0.04859479829016363,0.08944387422406462,0.1514011523485426,0.2013016430735365,0.19684266048077814,0.20042753294425253,0.20835356387485204
568,0.953243243243244,0.8891891891891893,0.9702702702702702,0.9972972972972972,0.8066357408532017,0.7366698535039085,0.8071263331456682,0.8735321671394087,0.8391507356089544,0.7774697154952719,0.8395155796991506,0.8936811302011376,0.8315839547748287,0.743264643440972,0.8365814266801468,0.8949352894794008,0.6973687586421257,0.619336526372765,0.6981506833829064,0.7669136966802693,0.7518444032951885,0.6831781986421087,0.7539620391322687,0.8031688456334863,0.09702582588092304,0.05143418233632342,0.09156000430246107,0.15003536142534393,0.20185028007932296,0.1956890694072268,0.2016658935626803,0.20835356387485204
569,0.9527027027027036,0.8891891891891893,0.9702702702702702,0.9972972972972972,0.8090155869849209,0.7462976653577829,0.8057632138445409,0.8686349696296263,0.8398691045277333,0.7832366570099919,0.8443966575321531,0.900998080022104,0.8336388971221735,0.7453031081541842,0.8351941537804566,0.9002457614971159,0.6997328379317022,0.6261857730627203,0.697759454637154,0.7648452891405871,0.7542413017212094,0.6899114740328726,0.7563662504364562,0.8049449179554602,0.09558822044199528,0.05145957456481165,0.08748858583755928,0.14905292244623342,0.20246317608950684,0.19684266048077814,0.2016658935626803,0.20835356387485204
570,0.9529729729729738,0.8891891891891893,0.9702702702702702,0.9972972972972972,0.8107276018887268,0.7398431112633985,0.8082492477739471,0.8750608090594586,0.8389691149169028,0.7884924944608457,0.8434786393540903,0.8928529783345267,0.8343526695152143,0.7406856854197784,0.8379671718333372,0.8935015957684177,0.6996153399165433,0.6322308576953728,0.6969572989708941,0.7679430022143242,0.7549941262053029,0.6985189029048235,0.7546952624431845,0.8009892494912162,0.09449138165475696,0.04885800853920429,0.08908753945317924,0.142131155360688,0.20310879893242512,0.1980165392757921,0.20292703572163026,0.20835356387485204
571,0.9537837837837847,0.8891891891891893,0.9702702702702702,0.9972972972972972,0.8109164542011824,0.7448547284891295,0.8096152057793047,0.8696160507838011,0.8408845563301653,0.7857679296000778,0.8418063757756289,0.8955001333457033,0.8339219347830774,0.7452242548247983,0.8359922205538177,0.8991218511804505,0.7007888374535642,0.6341724124760483,0.7012141902488336,0.7694312729850834,0.7556888532001893,0.6965687828141496,0.7563407990209954,0.7985017015985914,0.09290430010714733,0.051223534375861954,0.08688598490105758,0.14659278614932986,0.20371367551850875,0.1992112932053468,0.20292703572163026,0.20967021410480563
572,0.9543243243243253,0.8891891891891893,0.9702702702702702,0.9972972972972972,0.8120093571211328,0.7398358592211542,0.8160108991310353,0.8768177005760036,0.8406833839334084,0.7789719574774466,0.8411306207931293,0.9036152617632893,0.8347034053320719,0.7455311811072227,0.8342652582966087,0.8941701463455257,0.7013597870221655,0.6317118052600309,0.702063337620668,0.7721744545115925,0.7565544357156762,0.6990415884561275,0.760483394522146,0.8011089457044224,0.09172304452354188,0.04757499547042701,0.08448822200362724,0.14425138953080757,0.20427533812070334,0.20042753294425253,0.20421164693345223,0.20967021410480563
573,0.9540540540540551,0.8891891891891893,0.9702702702702702,0.9972972972972972,0.8131719215533286,0.7437755387320854,0.8185122452808994,0.8722469421685394,0.8407192462070376,0.7723519602921943,0.8420687619666115,0.900485669520834,0.8364265090217319,0.7537492558330485,0.836496158697368,0.8911715036083133,0.7028354829934677,0.6296526370883375,0.7021624754100383,0.7716348857952371,0.7579057643941028,0.7029105450502888,0.7623513253322571,0.7995140912358677,0.09001919409727886,0.047436597970417084,0.08558924291236661,0.1462820651891424,0.20475195189927553,0.2016658935626803,0.20421164693345223,0.20967021410480563
574,0.9554054054054062,0.8891891891891893,0.9702702702702702,0.9972972972972972,0.813627058189454,0.749336661037276,0.817200682359519,0.8707549717059263,0.8395015451423654,0.7672642451813404,0.8410404948465169,0.9032954113005871,0.8377052594356792,0.7620333301484797,0.8429634857311721,0.8961600612638574,0.7028785512403192,0.631112910607458,0.7063685626877909,0.774122399987656,0.7582265216562815,0.70076705048757,0.7637399480395651,0.8003903082137895,0.0897556872704495,0.04482132799837972,0.08559777966965118,0.14374408086210447,0.2051470694308581,0.2016658935626803,0.20421164693345223,0.20967021410480563
575,0.9554054054054061,0.914864864864865,0.9702702702702702,0.9972972972972972,0.8145840817855187,0.7422205572821705,0.8207177721859031,0.8686479942272778,0.839462487584508,0.7717022296242311,0.8424633564126798,0.9003482372196604,0.8368026524024509,0.7372584552868,0.8460681093364049,0.8919868610536819,0.7020746195488466,0.6289158319980561,0.7060781067028039,0.774966222663287,0.7584170257928448,0.7002822167766174,0.7631119315516754,0.7985812683989486,0.08955945844377246,0.04678085495020708,0.08423350759437329,0.14527146744976235,0.20560929220941987,0.20292703572163026,0.20552044289069107,0.20967021410480563
576,0.9545945945945951,0.914864864864865,0.9702702702702702,0.9972972972972972,0.8163532489934309,0.7515593214783269,0.818089454553074,0.8795098275416136,0.8399941487473233,0.7713575516243563,0.8403299322690243,0.893445622864961,0.8365016650818972,0.7507449612621092,0.8401469037662257,0.8972005471719481,0.7022591332172463,0.6300506710897906,0.704710034979508,0.7661578443849486,0.7594195238011361,0.7006391098958676,0.7617590114636432,0.8002207756557921,0.08926114750526493,0.04558201345184041,0.0855401665888121,0.14093193612707572,0.2058800900612151,0.20292703572163026,0.20552044289069107,0.20959954880078682
577,0.9540540540540547,0.8891891891891893,0.9702702702702702,0.9972972972972972,0.8167994249665734,0.7480861661816411,0.8153669432287098,0.8739462161274535,0.8404714469329061,0.7776154147012272,0.8436761684725467,0.8957285943902589,0.8376130335294515,0.7491456871062997,0.8454508053348961,0.8955041397983311,0.7035553694715815,0.6336920253856604,0.7054741480361264,0.7708105770500827,0.7603464283247753,0.6964780438164241,0.7623192898194304,0.8029577090471783,0.08847165681183801,0.039258531556410514,0.084482530840993,0.14389858890147308,0.20628343240069189,0.20421164693345223,0.20552044289069107,0.20959954880078682
578,0.9545945945945953,0.9162162162162163,0.9702702702702702,0.9972972972972972,0.8162378452119933,0.7475118325000308,0.8200284878082542,0.88164572478169,0.8410566823683561,0.7749469827525293,0.8423821505915413,0.8893035776472837,0.839145045476309,0.7398177124938452,0.8465165927289042,0.901975691707296,0.705380900731566,0.6281625652114947,0.71235861575446,0.7653104504627507,0.7609659813233683,0.7029455087633543,0.7648110000090704,0.8052881681260271,0.08889026885019685,0.04560441085207199,0.08503120895714195,0.13881337984947997,0.2065991994245934,0.20421164693345223,0.20685416886655664,0.20959954880078682
579,0.9535135135135141,0.9162162162162163,0.9432432432432433,0.9972972972972972,0.8135065649498935,0.7432515104711299,0.8163784127608749,0.878352750301072,0.8408146193217811,0.7755094870794472,0.8393974191212683,0.8911424388322897,0.8397112380612762,0.7479809863331602,0.8451767157127661,0.8998590842507829,0.705656971189932,0.6286826831345103,0.7127514992174406,0.7604062535860115,0.7597359506717812,0.7031000654358937,0.7615985369789411,0.8081831418455953,0.08811620874678848,0.042176202196748926,0.08554634705053366,0.1316361686592141,0.20686499670865072,0.20421164693345223,0.20685416886655664,0.20959954880078682
580,0.9540540540540544,0.9162162162162163,0.9567567567567568,0.9972972972972972,0.8135884685015821,0.7412951530516295,0.8192033697686725,0.8804837070891305,0.8414466683389606,0.7833878154562116,0.8456277051218446,0.8905438292730968,0.8397016414114151,0.7559116196083447,0.848879123762748,0.907046208924225,0.7061931412286728,0.6371747051319717,0.7162582173540453,0.7631785944124192,0.760017164179158,0.6954562344818561,0.7641254226550847,0.8047735273550672,0.08719923151223526,0.04493017534181938,0.08589120456933588,0.1314503438839208,0.20719650838199924,0.20552044289069107,0.20685416886655664,0.20959954880078682
581,0.9543243243243248,0.9162162162162163,0.9702702702702702,0.9972972972972972,0.8160144140976197,0.7488625828008372,0.8178094420707227,0.8851155443632885,0.8429003486855312,0.787186308340043,0.8413576946359591,0.890520921804273,0.8409248430533602,0.7524945098433796,0.8458054275053886,0.9033385307260692,0.7084511197279568,0.6395692988930028,0.7108812013957324,0.7711164982888927,0.7623332836340166,0.7052121803895154,0.764078410795725,0.806946636753551,0.08595592358490245,0.04529225265485595,0.0866744355489189,0.13435599178698154,0.20743773655896455,0.20552044289069107,0.20685416886655664,0.20959954880078682
582,0.9548648648648654,0.9162162162162163,0.9702702702702702,0.9972972972972972,0.8169845270482147,0.7514447535969322,0.8204217012262562,0.8827773444439851,0.843443098302741,0.7887997340094427,0.8447275927917464,0.8888594013085718,0.843049376098207,0.7619376186772953,0.8464114788777273,0.9024561532471466,0.7106784738699763,0.6452898287233069,0.7158634225366372,0.7704010731064733,0.7638527292904533,0.7062999421286568,0.7654910063803286,0.8112571145626821,0.08484358144547942,0.044155057401736045,0.08502045164837951,0.13596787862787854,0.2076543768143917,0.20552044289069107,0.20821360119030938,0.20959954880078682
583,0.956216216216217,0.9162162162162163,0.9702702702702702,0.9972972972972972,0.8154666141431683,0.746172106397582,0.819096979444973,0.8880139120523561,0.8434826420406377,0.7892236621789929,0.8427570736140728,0.8941682476056754,0.843053651058285,0.737058945893746,0.8516836871352107,0.899133288137701,0.7106322326640503,0.6375930343055967,0.7140584183415779,0.7758191222126888,0.7631271698058508,0.7110973594110122,0.763824847373384,0.8114129491285582,0.08480063010176096,0.045792837327851145,0.08375562237078622,0.13441263730272587,0.2078702271710738,0.20685416886655664,0.20821360119030938,0.20959954880078682
584,0.9556756756756764,0.9162162162162163,0.9702702702702702,0.9972972972972972,0.8155096057545913,0.7547770852558495,0.8153113843692947,0.8821880741023067,0.8411938655858071,0.7837455696049942,0.8443113609266606,0.8914148821522259,0.8438623395557125,0.748785140090472,0.8499335705376649,0.905559320140665,0.7094919406111372,0.639367510872229,0.711777303454017,0.7751079107959062,0.7625225391568061,0.710574881747128,0.7634487001609185,0.8093994277741418,0.0846535111818027,0.04187209987557751,0.08329064323033142,0.132401661152825,0.20806198736919268,0.20685416886655664,0.20821360119030938,0.20959954880078682
585,0.9551351351351357,0.8891891891891893,0.9702702702702702,0.9972972972972972,0.8156119304826851,0.7468638630459108,0.8174724410730057,0.8804768143305819,0.8418391945704482,0.7902225273711003,0.8432957597393628,0.8863171294033554,0.8441259095871456,0.7424121735460636,0.8518415397576942,0.9056705857007723,0.7102826095958145,0.6326713925274893,0.7135583597146511,0.7689999040575517,0.7629933758439116,0.7104797645819627,0.7638128525039158,0.8096460833577994,0.08510970257509635,0.04352577778446211,0.08312718850644953,0.1310211931953555,0.20824142905607984,0.20685416886655664,0.20821360119030938,0.20959954880078682
586,0.9548648648648655,0.8891891891891893,0.9702702702702702,0.9972972972972972,0.8151265174058058,0.7441354259128163,0.8182461520045611,0.8781497626022047,0.8385808809655653,0.7843965228801741,0.8439947187069271,0.8931008170456037,0.8438965287533052,0.7554831204244163,0.8529812007987714,0.9073395620387211,0.7072530723294668,0.6211973088903934,0.7143897145067698,0.7721555877074955,0.7614464698687662,0.7059610606352588,0.7608169765643544,0.8054136412561311,0.08438334671638952,0.04053816907276607,0.08194938029897567,0.13137113301487902,0.20836748957057571,0.20685416886655664,0.20821360119030938,0.20959954880078682
587,0.9529729729729735,0.914864864864865,0.9432432432432433,0.9972972972972972,0.8148407539380004,0.746990400797344,0.8173147336346891,0.8721211079753034,0.8398817406758616,0.7794686991387066,0.8431141456400373,0.8895383566613851,0.8447837903602639,0.7526874419043263,0.8531234414036514,0.903338165186974,0.7091250510152447,0.6240180699553953,0.7120025365385877,0.7661211811933569,0.762177647594714,0.7100008611996671,0.7668983131349995,0.8063399485751013,0.08463116021060825,0.04238297920501668,0.08446021768133918,0.13194238282596102,0.20857584111805746,0.20814562957412175,0.20821360119030938,0.20959954880078682
588,0.953513513513514,0.8891891891891893,0.9702702702702702,0.9972972972972972,0.8145735437600963,0.7424521666454567,0.819513940579539,0.8820038327943175,0.8403253876010888,0.7831898507215895,0.8432354030482874,0.8936493499717852,0.8441576071650831,0.7464873902836714,0.8545608771619071,0.9051367409309459,0.7089744804103242,0.6334954007786685,0.7088478359510741,0.7681016259243261,0.7619576442475886,0.7076905149441352,0.7639870396312701,0.8058312780481282,0.0852366824992846,0.038942964667203546,0.08345687210847055,0.1378609271197622,0.20874034606144232,0.20821360119030938,0.20821360119030938,0.20959954880078682
589,0.9532432432432438,0.8891891891891893,0.9567567567567568,0.9972972972972972,0.8149797244291246,0.740277655274207,0.8189885911559996,0.8829569858497269,0.840691617862115,0.7761620060979966,0.8410431823062572,0.8878740141593218,0.8447370696608985,0.7568602929493812,0.8537846474473604,0.9030499465479694,0.7097988244199095,0.6379256350879041,0.7113562572863295,0.7741853938095931,0.7625670143907386,0.7065632299009875,0.764827160932285,0.8098170994802635,0.0848393794995869,0.04237289888793748,0.08251724755160139,0.13771374392294317,0.20890556088236334,0.20821360119030938,0.20959954880078682,0.20967021410480563
590,0.9535135135135139,0.8891891891891893,0.9432432432432433,0.9972972972972972,0.8146828566062325,0.7474581913980504,0.8194915086513868,0.8804907342130913,0.8414091531637631,0.7715770828401167,0.8453001621148526,0.8873057194391657,0.8408110838004508,0.7446290365617789,0.8514348216020895,0.9024631227692329,0.707185009012487,0.6248907816761656,0.7121224150146979,0.770484539458842,0.7612176397984188,0.7015914116114881,0.7641211719658987,0.8076912355189638,0.08445356930335582,0.04196541897365307,0.08030187690494853,0.13538406048046364,0.20901577280890749,0.20821360119030938,0.20959954880078682,0.20967021410480563
591,0.9521621621621627,0.8891891891891893,0.9432432432432433,0.9972972972972972,0.8149096404803458,0.7427025709520795,0.8167217625454151,0.8782026702357486,0.8416716758175733,0.781332937988394,0.8446283271870458,0.8908542627920455,0.841759090924677,0.7550081149021439,0.8486082505884684,0.9054358161755167,0.7082076256883973,0.6306181056591672,0.7114466697027295,0.7757008931312525,0.7618507490314599,0.7047419612310669,0.7655029749412765,0.8075327019261138,0.08324239166558484,0.042271121321778175,0.08103292307428261,0.138375473216583,0.20915414636116003,0.20821360119030938,0.20959954880078682,0.20967021410480563
592,0.9521621621621628,0.8891891891891893,0.9432432432432433,0.9972972972972972,0.8158648484847895,0.7404264899492835,0.819399985614204,0.8768864292481623,0.8415746097324535,0.7740721483835996,0.8477662225508185,0.8938961860231327,0.8419617482503395,0.7523907711557496,0.8491237770558557,0.9028027718727806,0.708464118030373,0.6319476184841115,0.7134178949341357,0.7795042464537657,0.7624907771788536,0.7088257671282282,0.7662316980572248,0.811679053172319,0.0840552378342978,0.04128856802875036,0.0843153748885642,0.13395708651135432,0.20926524337879346,0.20821360119030938,0.20959954880078682,0.20967021410480563
593,0.9513513513513518,0.8891891891891893,0.9432432432432433,0.9972972972972972,0.8130581267492403,0.7316561403593939,0.8185029165196982,0.8746665913079276,0.8421953044703505,0.7724571211684028,0.8501675091984521,0.894632016975889,0.8417874990854152,0.757775205699403,0.852735503008297,0.9097223061543989,0.7088538097100092,0.6241013697359277,0.7173759257204175,0.779485623906277,0.761263568629119,0.7038689769709968,0.7668207616360061,0.8106513424772586,0.08453825965219018,0.042332193768236256,0.08120259239498132,0.133246299707237,0.209308733743917,0.20821360119030938,0.20959954880078682,0.20967021410480563
594,0.950540540540541,0.8891891891891893,0.9432432432432433,0.9972972972972972,0.8132410101948977,0.742674712975077,0.8214224566591792,0.8816116984211615,0.8419538656973232,0.7752587521954781,0.8473090296115191,0.8912652996538505,0.8419738708379679,0.7602559498655472,0.8495822023844184,0.9061191142002819,0.7088362553382338,0.6306306109281494,0.7153300022347058,0.7737954083712298,0.761272534556312,0.6997151253173243,0.764863419144201,0.8139266755964855,0.08476106950635592,0.045617021620296766,0.08280194427054377,0.13297278907572394,0.20943434166249933,0.20953025142026296,0.20959954880078682,0.20967021410480563
595,0.9497297297297302,0.8891891891891893,0.9432432432432433,0.9972972972972972,0.8149010877100537,0.7372667733127856,0.8218253382579461,0.8752639121021661,0.8423322335967545,0.784970639311598,0.8455848814250073,0.8962320240220528,0.8424027246156973,0.7593571130226708,0.8488789539056123,0.9027039981979738,0.7095357652471199,0.6212378363573605,0.7179954657611617,0.7639857488480548,0.7624349705057941,0.6961787052382367,0.7662985024300568,0.8077572688508662,0.08498485867003819,0.0414398471789006,0.081821932106569,0.1340917381953688,0.20945052470397335,0.20959954880078682,0.20959954880078682,0.20967021410480563
596,0.9502702702702708,0.8891891891891893,0.9432432432432433,0.9972972972972972,0.8167186005056051,0.7463228029282686,0.8275467601364233,0.8797845523595559,0.8430246709813741,0.7777005622243491,0.8463691460768743,0.8939892510834669,0.8415811235287365,0.7612142669620382,0.8473842764132793,0.910704892008691,0.709438398315302,0.6243005073237674,0.7170011227793365,0.7718249626442102,0.7632932205128969,0.6937812543811104,0.7675080105372791,0.8133778236236971,0.08521420976063988,0.04856301913023996,0.08305522542029714,0.1324960312867832,0.20951703232453936,0.20959954880078682,0.20959954880078682,0.2110128548811631
597,0.9502702702702708,0.8891891891891893,0.9432432432432433,0.9972972972972972,0.8147717736160703,0.739598227574104,0.8233316253194274,0.8740862912803798,0.8433576971874429,0.7859027820706692,0.846434066115817,0.8928352825597309,0.8406467101079642,0.7637127946321515,0.8461014646812985,0.9077722919541227,0.7089260309999809,0.6219788635042549,0.7181694266866923,0.7723933922679963,0.7621000964652112,0.693123122184868,0.7696840709693287,0.8106120746094858,0.08597316291551708,0.04767350741712988,0.08330804597870989,0.12913449288171366,0.20952877111248952,0.20959954880078682,0.20959954880078682,0.2110128548811631
598,0.9494594594594596,0.8891891891891893,0.9432432432432433,0.9972972972972972,0.8149135993954046,0.7321167543253755,0.8238957147833287,0.8721818924533022,0.8444698134011424,0.7882403894041313,0.8480004433817347,0.9022464630444214,0.8398660165513886,0.7709128030353389,0.847759538561583,0.9035483486691902,0.7091939255280667,0.6348754596202091,0.7207965516622635,0.7814983456500273,0.7622702404482008,0.691448857350406,0.7702759988862826,0.813805422526233,0.08609002347790884,0.045249247482610604,0.08337099444733145,0.13136876346434023,0.2095548517125888,0.20959954880078682,0.20959954880078682,0.2110128548811631
599,0.9502702702702704,0.8891891891891893,0.9432432432432433,0.9972972972972972,0.8162226180072406,0.7250446931668554,0.8251388676533492,0.8790496862991286,0.8466390105173954,0.7906610528710631,0.8473500613781232,0.8993581755781525,0.8403868456352812,0.7717738938089636,0.8455116507111695,0.9041311250931645,0.7114868674535404,0.6381863172851431,0.7198485163542958,0.7692078310439315,0.7640590881023135,0.6956407268783977,0.7695558506169724,0.8148915222392088,0.08544196206453128,0.04368951934609946,0.084964298415969,0.13061879829356715,0.20962250125196158,0.20959954880078682,0.20959954880078682,0.2110128548811631
600,0.951891891891892,0.8891891891891893,0.9432432432432433,0.9972972972972972,0.815590477676708,0.7360400257617725,0.824889150506894,0.8793713958072709,0.8473841996511876,0.7837426550160352,0.8467283086740547,0.900559243175312,0.8408279794936618,0.7668322842313747,0.8478437502321218,0.9082538801315153,0.712360102318295,0.6282875774697192,0.7180406006796887,0.776360094267582,0.7642817058399529,0.7076158933197205,0.7698027654512698,0.8141082567348675,0.08552119339086789,0.04436008326012391,0.08347587054184691,0.13411110253515438,0.20964901791894963,0.20959954880078682,0.20959954880078682,0.2110128548811631
601,0.9540540540540543,0.9162162162162163,0.9702702702702702,0.9972972972972972,0.8145655517000923,0.7473157087303354,0.8227677233728403,0.8812531652091473,0.8475442515496119,0.7729416114059929,0.8484549391902414,0.9040205760644882,0.8401490340554928,0.7594446040505877,0.8460689942077079,0.9054335765162668,0.712010262221808,0.624661036568228,0.7211181098031555,0.7801788401274419,0.7636820772501453,0.7046875127221572,0.7719759926802647,0.8169112421533835,0.08584309242194411,0.04035777556122712,0.08706922421121652,0.12889109940877977,0.20970555016216466,0.20959954880078682,0.20959954880078682,0.2110128548811631
602,0.9556756756756759,0.9162162162162163,0.9702702702702702,0.9972972972972972,0.8139050916026588,0.7467901990285282,0.8238515431134087,0.8822005734892358,0.8467944301023194,0.779945948662444,0.8499482098629715,0.8994263353962669,0.8412721899382599,0.7565300460544646,0.8459083624615258,0.9080736102375782,0.7123133196535126,0.625348432492891,0.7169884384208763,0.7849132790860637,0.7635359556985019,0.6971615725320821,0.7696488112495571,0.8207564645023089,0.08692861979099284,0.04107205371002351,0.08518749119853052,0.13547302502063474,0.20981629720833542,0.20959954880078682,0.20959954880078682,0.2110128548811631
603,0.9570270270270274,0.9162162162162163,0.9702702702702702,0.9972972972972972,0.8138005201467283,0.7471639730201676,0.8169139853032944,0.878994773882225,0.846102090919248,0.7719038211264253,0.8485004827345838,0.9036053189029032,0.841013114087654,0.760662352267529,0.8434047171213102,0.9072304863461158,0.7115967486497488,0.6113502398763776,0.7186761874580901,0.7765496729930934,0.7631106682937318,0.6966002930426618,0.7685738336321344,0.8161044633214424,0.08702164524968335,0.042476119348674214,0.08566812422707436,0.1338430848684375,0.20991522863396178,0.20959954880078682,0.20959954880078682,0.2110128548811631
604,0.9586486486486488,0.9162162162162163,0.9702702702702702,0.9972972972972972,0.81227337918062,0.7426816399161652,0.8167637072887074,0.8758634075354256,0.8460069825375149,0.7665253734752775,0.8490882845984871,0.895356311935452,0.8413708625357185,0.767552326128982,0.8453926250594783,0.9083151272095342,0.7118884792366373,0.6049901707804517,0.7191973660696918,0.7827210615959079,0.7624223038799671,0.6988600152082324,0.7697368693780425,0.8155299138383345,0.08765575152006512,0.039447069869346735,0.08542288837112977,0.13872965880890598,0.21004113923251008,0.20959954880078682,0.20959954880078682,0.2110128548811631
605,0.9597297297297299,0.9162162162162163,0.9702702702702702,0.9972972972972972,0.8123633148013785,0.7402116689360787,0.8179687453468487,0.8697010975508693,0.8441718717583785,0.7814213497530493,0.8472724843636881,0.893614954075693,0.8401741711066546,0.7599220099201137,0.8458378744073347,0.9050278766130004,0.7093136786806561,0.6049712172429113,0.7174832938324711,0.7827649457391134,0.761118469551566,0.6915755858681684,0.7688501494221636,0.8151938882362639,0.08804862663104412,0.04098456992470259,0.0831202149362596,0.14004264068090977,0.21016833677974397,0.20959954880078682,0.20959954880078682,0.2110128548811631
606,0.9605405405405409,0.9162162162162163,0.9702702702702702,0.9972972972972972,0.8105526259001711,0.7395370097682158,0.8116521413087268,0.868060564536009,0.8431808506119914,0.7781038833603778,0.8452375418905498,0.8860737869003976,0.8386936677724538,0.7548662135684199,0.8403090985807771,0.9066349759528135,0.7071718408234331,0.6121424659311314,0.7146744585772218,0.7747787597282654,0.7591026508312914,0.6968683834050726,0.7642210404438878,0.8117979592878471,0.09020019982707508,0.039253756438523565,0.08692487678055205,0.14421748347948737,0.21032326171101914,0.20959954880078682,0.2110128548811631,0.2110128548811631
607,0.9621621621621624,0.9162162162162163,0.9702702702702702,0.9972972972972972,0.80740865157787,0.73966337731615,0.8105130915439988,0.8707624215032373,0.8411196474640222,0.7735110467953092,0.8437462977493266,0.8910107928464726,0.83748834852856,0.7605041586002361,0.8428977357054983,0.906938282718583,0.7044334655265003,0.6067965461047292,0.7116852263360607,0.7782548515555691,0.75632930539361,0.6840937607095416,0.7621748051371059,0.8120649915992205,0.09114846872933643,0.04375128672263154,0.08971605300470982,0.14659304034643678,0.21044941415702165,0.20959954880078682,0.2110128548811631,0.2110128548811631
608,0.9635135135135138,0.9162162162162163,0.9702702702702702,0.9972972972972972,0.8044542345577318,0.733485136702382,0.8077276103496811,0.8682212283173544,0.8412273130599968,0.7831475565613798,0.8437462036301537,0.8878689597060566,0.8368872263218091,0.7649803987280602,0.8422969273680085,0.899215484508827,0.7040360084932995,0.6168588270750311,0.715135550494898,0.7767737274836608,0.754585876101529,0.6749101493130647,0.7607468148719027,0.8074800256633122,0.0926617832683418,0.041744765786190144,0.08838282258194918,0.15120012469665603,0.21059074476505926,0.20959954880078682,0.2110128548811631,0.2110128548811631
609,0.9640540540540543,0.9162162162162163,0.9702702702702702,0.9972972972972972,0.8016327166069585,0.726649622577445,0.8014984713504159,0.8691117511673502,0.8400215948424206,0.7763017065708411,0.8433999577513065,0.8891833221830633,0.8357333939227342,0.7734902619814915,0.8391905163751039,0.8959649487479097,0.7020275794120845,0.6168877756407494,0.7075032481773328,0.7720564097476602,0.7521181980827459,0.6868147650626485,0.7561121810667942,0.8125649313246953,0.09507992975760515,0.04395519582116731,0.0912315029258287,0.1513937090283994,0.21070380925148938,0.20959954880078682,0.2110128548811631,0.2110128548811631
610,0.964864864864865,0.9162162162162163,0.9702702702702702,0.9972972972972972,0.7991833077857824,0.7200920888393569,0.7972751070753235,0.8765197746523604,0.8384101714666579,0.772062839362542,0.8419609422538039,0.8871759328190095,0.8341296135234494,0.7401546864253634,0.8402368952346583,0.8908507276349796,0.6994481468082402,0.6035766614907817,0.7099804518799011,0.7696839367893089,0.7495622795850028,0.6765367146646751,0.753110418418057,0.8063983696106263,0.09692932816461458,0.044855859692117445,0.09374346581677041,0.1580832049249871,0.2107736787544631,0.20959954880078682,0.2110128548811631,0.2110128548811631
611,0.9664864864864866,0.9162162162162163,0.9702702702702702,0.9972972972972972,0.7967916040603902,0.7213356747566267,0.7954244348376276,0.8770134184425904,0.8373608041630335,0.7679325205602424,0.8403730646266592,0.8844467955898244,0.8353600307051859,0.7454362499338879,0.8452270440871639,0.8946427585604594,0.6996280337253424,0.6089784912476349,0.7084938151896794,0.7626001355538681,0.7483940031096875,0.6736987357001906,0.7520912244668518,0.8019229102802083,0.09902991655036128,0.0455178296672375,0.09848133095660794,0.15239049321228826,0.210900876301697,0.21094218957714428,0.2110128548811631,0.2110128548811631
612,0.967837837837838,0.9162162162162163,0.9702702702702702,0.9972972972972972,0.7952257895627448,0.717666890413256,0.794481933394453,0.8727498857030159,0.8356275786225753,0.7680933678744409,0.8375857572658567,0.8791401918029206,0.8338473976452694,0.7476040361427283,0.8419806527933602,0.8944739707408438,0.6969928197419135,0.609793800346949,0.7071202912782893,0.7641833231663815,0.7461906068772738,0.6651519868059761,0.7521024413759052,0.800217176930599,0.1009385306177989,0.047139916478736436,0.10174986204365558,0.15672998022459345,0.21092914242330452,0.2110128548811631,0.2110128548811631,0.2110128548811631
613,0.9694594594594597,0.9162162162162163,0.9702702702702702,0.9972972972972972,0.7911649548440769,0.7105099707533967,0.7918174585727558,0.8754675591841466,0.8339808489417975,0.7668901156460084,0.8364183817235333,0.8813484554192735,0.8305492706655486,0.7523323414623533,0.8421966575846715,0.8959580960541131,0.6930106068915326,0.6066688508852425,0.7023856036951494,0.7621380418620546,0.7420994860694263,0.6480266111030025,0.748268581223815,0.7998469686070308,0.10441929462663092,0.05231224582033749,0.10403432188790682,0.16345024344755035,0.21095713496021304,0.2110128548811631,0.2110128548811631,0.2110128548811631
614,0.9710810810810812,0.9162162162162163,0.9702702702702702,0.9972972972972972,0.7856791010277986,0.6851609873382146,0.7948384435171971,0.87905555074739,0.832171410006719,0.7653846685655239,0.834294642593713,0.884009636477833,0.8286139990046877,0.7431304377580445,0.8336279787113396,0.8915507636848898,0.6899289382464788,0.6015878666886615,0.7020090294799071,0.7633834708741717,0.7378562132037171,0.6443193801335387,0.7489224966980179,0.7957636553144348,0.10676985271790217,0.05290570569326013,0.10764060843647462,0.16485226048207147,0.21097072928345056,0.2110128548811631,0.2110128548811631,0.2110128548811631
615,0.9713513513513513,0.9162162162162163,0.9702702702702702,0.9972972972972972,0.7822716819994695,0.6946523635867424,0.7889859387394236,0.8700474450102471,0.8253270250400488,0.7619483806648979,0.8311636197618181,0.8794527483016201,0.8267588540667796,0.7402597528094161,0.8326010729371325,0.8928532611328039,0.6828902231967564,0.5807530539688427,0.6939351637580434,0.7537320682060176,0.73269664814558,0.6339068192303229,0.7425820151307827,0.797912220614155,0.10968601477603897,0.05500156266379967,0.11124528899886033,0.16619855616163318,0.21097072928345056,0.2110128548811631,0.2110128548811631,0.2110128548811631
616,0.9727027027027026,0.9418918918918919,0.9702702702702702,0.9972972972972972,0.7787733656762735,0.6877516986546957,0.7822243603620492,0.8669563877423078,0.8216486206485797,0.7602267576667203,0.8268197692196034,0.8820276733552673,0.821242167809548,0.6987287617196623,0.826590804617105,0.8891358174909832,0.6755546279236714,0.5118739738089273,0.6891770083277506,0.7614000125233439,0.727049687325215,0.6241479973592218,0.7379379573319067,0.8026752851210909,0.11299253597675145,0.05211652787880177,0.11499226123119008,0.17009309620983148,0.21097072928345056,0.2110128548811631,0.2110128548811631,0.2110128548811631
617,0.9732432432432431,0.9418918918918919,0.9702702702702702,0.9972972972972972,0.7700447676304446,0.6514158843199902,0.775596858606881,0.8613338515968689,0.8170154947797996,0.7398537628392091,0.8244802846526307,0.8773019137118285,0.8196480076715872,0.7005557108204584,0.8277821551434983,0.8814240683200046,0.6703654229178022,0.5179315066994599,0.6806311366111324,0.7576049289922774,0.7204206208866014,0.6221980539390658,0.7301907256961524,0.8001430626441914,0.11651679230204551,0.05685140368066832,0.11660433737460643,0.16598191932972123,0.21097072928345056,0.2110128548811631,0.2110128548811631,0.2110128548811631
618,0.9745945945945945,0.9432432432432433,0.9702702702702702,0.9972972972972972,0.7629168710152061,0.6315891472868217,0.7692145037499295,0.8548237411550577,0.8151304386354384,0.7307059468414318,0.8226428945672067,0.8774546149238062,0.8178174392894354,0.7032370664421865,0.8265290899395912,0.8820188697380137,0.667222310354711,0.5231725269881544,0.6740882583359917,0.7560324705167708,0.7153523216056327,0.6159352045935667,0.7213706363826504,0.7908319918166729,0.12038370968843623,0.06308717772967468,0.12072029950250382,0.16900510131982843,0.21097072928345056,0.2110128548811631,0.2110128548811631,0.2110128548811631
619,0.9756756756756755,0.9432432432432433,0.9702702702702702,0.9972972972972972,0.7571032782235768,0.6243962684308384,0.7621798090107771,0.8480962940910587,0.8108734386143007,0.7007297172245627,0.8213999471872486,0.8738050673258915,0.8164434616036089,0.7035052758228787,0.8257201288927589,0.881840857747358,0.6626390072393731,0.5175700930099063,0.6739264582274558,0.746499686830885,0.7100315273090249,0.6072333560223521,0.7171482204348391,0.7876847924276454,0.12373820758106203,0.06618792568437844,0.1253498485163938,0.1742659781695894,0.21097072928345056,0.2110128548811631,0.2110128548811631,0.2110128548811631
620,0.9772972972972971,0.9432432432432433,0.9702702702702702,0.9972972972972972,0.7471783121782211,0.5844345845382626,0.7568143385366706,0.8457871107496482,0.8089037976206325,0.6960767753879167,0.8196777163495987,0.8685846938792886,0.8145673126793979,0.7120590481120311,0.8173268597534014,0.8795577391571343,0.6595580249935419,0.5247970669703563,0.6708433063095329,0.7481127967777943,0.7035099860198833,0.5910058717753682,0.7115938499693722,0.7844906241885151,0.12691531946607232,0.06739095341352329,0.12901007954719257,0.17681397585515052,0.21097072928345056,0.2110128548811631,0.2110128548811631,0.2110128548811631
621,0.9781081081081079,0.9432432432432433,0.9702702702702702,0.9972972972972972,0.7375711057654345,0.5833121675098714,0.7468289951962399,0.8417659685438116,0.8069418573562117,0.6946684107143132,0.8170860521689391,0.8683374584672403,0.812007781643249,0.7191996624514049,0.8099722361868584,0.8774006703048904,0.6558553567145691,0.5397206104481101,0.6640633971833303,0.7468457124449804,0.6969232402185989,0.5957900630042084,0.7065839260977793,0.785152079229068,0.13157217909394828,0.07199125419467356,0.1314667252187073,0.1846726293895489,0.21138745199031977,0.2110128548811631,0.2110128548811631,0.2110128548811631
622,0.9805405405405402,0.9432432432432433,0.9972972972972972,0.9972972972972972,0.731204590391426,0.5855313624871369,0.7392823291083007,0.8394485089006627,0.80207707442255,0.6955534406587741,0.8136349000475802,0.8692068761597389,0.8089941364812863,0.7011562687918906,0.8101031865175679,0.8824096977196974,0.6492851940139608,0.5380952150046656,0.6525475274159405,0.7464645407682149,0.6903627647266614,0.584960794356302,0.6984824017709568,0.7762067640490786,0.13490652421311677,0.07009574435377966,0.13552831918839392,0.19162278518472864,0.21136421432490038,0.2110128548811631,0.2110128548811631,0.2110128548811631
623,0.9813513513513512,0.9432432432432433,0.9972972972972972,0.9972972972972972,0.71756353850926,0.5769697002373746,0.7288966289010804,0.8252714138318415,0.798406136120209,0.6921504323880531,0.8088041066262882,0.8631356825903291,0.8049820482077185,0.7072543309824078,0.8104800599445603,0.8769322859001666,0.6433070849089622,0.5364423419299184,0.6453110268089068,0.7371369773652026,0.6803824202979071,0.5637481369291678,0.688456482653591,0.7688174297458701,0.13889848397519583,0.07922992093864546,0.140747789715489,0.19827886392042357,0.21134156478022767,0.2110128548811631,0.2110128548811631,0.2110128548811631
624,0.9829729729729726,0.9432432432432433,0.9972972972972972,0.9972972972972972,0.7112506047074676,0.5714953013910599,0.7222400160207527,0.8244029229302081,0.7938575402779563,0.6769707632484161,0.8053679769920955,0.8600953088612239,0.7974729227755869,0.6832573296507668,0.8009469553074056,0.8736729598271162,0.6335634661774258,0.489270392265924,0.6357480654174019,0.7227077127403337,0.6725686549000136,0.5604537452881996,0.6768467875072255,0.7683631130925531,0.1423571510718799,0.08475418302435567,0.14493715942490482,0.20405383756149276,0.21131948206305562,0.2110128548811631,0.2110128548811631,0.2110128548811631
625,0.9840540540540537,0.9432432432432433,0.9972972972972972,0.9972972972972972,0.6989073029523716,0.5558278086455138,0.709732381767133,0.8130860688250853,0.7861384546940997,0.6442472563338049,0.8030935616989381,0.859678963186539,0.7930224942474209,0.6737887727225176,0.8018728692669115,0.8667790063900315,0.6234981594046477,0.48969543002362,0.6249727004518464,0.7132083575234642,0.6610330464089919,0.5289624542681868,0.6763091456926755,0.7606175778359189,0.14646376118393586,0.08944246181280655,0.15036353823907916,0.2060200429070963,0.21129794562835946,0.2110128548811631,0.2110128548811631,0.2110128548811631
626,0.9859459459459454,0.9432432432432433,0.9972972972972972,0.9972972972972972,0.6889120395864653,0.5494987127974946,0.6999311853755146,0.8179691378670317,0.7789357109905941,0.6413137713667771,0.7978147121965835,0.8535365696934568,0.7890492624545324,0.6673847669705166,0.7949052126336742,0.8708565201271599,0.6146845111061897,0.4853776186892302,0.6186503166038969,0.7225063216668017,0.6513580649225242,0.5316429697043167,0.6635477402038874,0.7672432415534988,0.15133878062133418,0.09018425515108802,0.15337822107529636,0.21446536719927725,0.2116797989227849,0.2110128548811631,0.2110128548811631,0.2110128548811631
627,0.9878378378378369,0.9702702702702702,0.9972972972972972,0.9972972972972972,0.6762794037511713,0.527696098474507,0.6874475746753819,0.8149617981833063,0.772403546831103,0.6343412882829762,0.7960348590509099,0.8519868046679948,0.7869921589056914,0.6758568630532203,0.7921213724061482,0.8651723672594918,0.6080009194247904,0.4768257461356395,0.6115995842717913,0.7208731738585747,0.642034311777307,0.5205273607558277,0.6485834143704188,0.7541735635569953,0.1616981150236105,0.09577379757466666,0.1607939378696865,0.2392750613376677,0.2136503749514361,0.2110128548811631,0.2110128548811631,0.24909159974276013
628,0.9894594594594581,0.9702702702702702,0.9972972972972972,0.9972972972972972,0.6696672825709462,0.5394513342127665,0.6772715812532288,0.803837416275845,0.765475351483344,0.6288990447933102,0.7884746377337606,0.8440611613616619,0.7813087282736436,0.667998920083595,0.7869013468322026,0.8644776831035679,0.5980466635979772,0.468976980780644,0.6079606158208046,0.7103912382540579,0.6336222495891637,0.5059978605980744,0.6391655862216148,0.7397049509193142,0.16689668594550042,0.0973969370803913,0.16238895756864868,0.2462632615914253,0.213894387060858,0.2110128548811631,0.2110128548811631,0.2489754114156633
629,0.9910810810810795,0.9702702702702702,0.9972972972972972,0.9972972972972972,0.6543768174781736,0.527609800363468,0.6539898580357006,0.796782845106399,0.7605461039904705,0.6186697803548044,0.7832094033131101,0.8480944965860993,0.7765987947779274,0.6604104720083507,0.7831668160531797,0.8588575556079098,0.5907293740623258,0.4466917940222646,0.5998770398302851,0.6993854045428776,0.6228126078961889,0.5136517251933286,0.6255175394506398,0.7287161856632857,0.173475362055168,0.09846460896172207,0.1689781459010699,0.2654037795637359,0.21452200385275602,0.2110128548811631,0.2110128548811631,0.2467104569483934
630,0.9921621621621606,0.9702702702702702,0.9972972972972972,0.9972972972972972,0.6414144142758866,0.5228412058081358,0.6335413829614804,0.7706085743874972,0.757138484621389,0.6283210277346871,0.7744170975995333,0.8390678093592203,0.7715304506089002,0.6518282601218512,0.7815975177662642,0.8514224767809067,0.5838023763318464,0.4475783416970717,0.5941874522564785,0.6727352284814789,0.6128988454630457,0.5153516486592575,0.6140406036163604,0.7082692109455238,0.18040082336727326,0.10637101850149436,0.1756301381679651,0.2842118092763478,0.21512170180131407,0.2110128548811631,0.2110128548811631,0.24461259881704925
631,0.9932432432432415,0.9702702702702702,0.9972972972972972,0.9972972972972972,0.6304027379172533,0.5106175213639386,0.6236108830819949,0.7445979268018235,0.752132373991094,0.6286719986930646,0.771677185851523,0.8267426356654464,0.7652536294769249,0.660848543716166,0.7742109872113461,0.8467296460130171,0.5753114004490496,0.4428314131306276,0.5851921417976078,0.6617580908604124,0.6031560292015212,0.5139396968167941,0.6045017033603113,0.6840459394746939,0.18571287607359874,0.11177173325326514,0.18080868558895702,0.2879430980245344,0.21526336789659822,0.2110128548811631,0.2110128548811631,0.24461259881704925
632,0.9945945945945927,0.9702702702702702,0.9972972972972972,0.9972972972972972,0.6150197146938197,0.5143390865429847,0.6062129382322174,0.71832311984701,0.7428525537641327,0.6178511301977583,0.7668914041449404,0.8214964377777814,0.7593067370334348,0.6309183019143008,0.7660222164142144,0.846725912499335,0.5633485075107795,0.4399096146484326,0.5733952645031917,0.6582216922733505,0.5891110169951274,0.5088112772233669,0.589733801203183,0.6660679448895658,0.19107550047096133,0.11586153244348796,0.18700984197815468,0.2931148326625425,0.21538821584682136,0.2110128548811631,0.2110128548811631,0.24450218523118905
633,0.9970270270270248,0.9972972972972972,0.9972972972972972,0.9972972972972972,0.5994021591481813,0.4986416209747903,0.5973262401883837,0.7182774913809712,0.736935406238498,0.6150825788207727,0.7617535729828437,0.8200272209558448,0.7516230828558897,0.6178511301977582,0.7539502278025672,0.8462302317841258,0.5533894313011178,0.4368109153028019,0.5611720037159333,0.6519654119876775,0.5761273007888126,0.4923368251437974,0.5735721906093221,0.6617026715613149,0.19537608728866357,0.11972841924005273,0.19126951893145988,0.284099671036312,0.21549660217602637,0.2110128548811631,0.2110128548811631,0.24245622393505437
634,0.9972972972972951,0.9972972972972972,0.9972972972972972,0.9972972972972972,0.5864092286985151,0.472060723514212,0.587063065141254,0.7099567060030024,0.7335456986779003,0.6132001488965951,0.7559409800513832,0.8130143960286708,0.7454801629901543,0.6299492602740802,0.7530704177345775,0.8285916237543189,0.5462029141054029,0.4374169121160715,0.5526900414135905,0.6395846645573525,0.5660999781644676,0.4867909463245027,0.564245552959606,0.6478737874968997,0.20010699154966996,0.12393068122344156,0.19422060445583533,0.30282053468510134,0.21558887104478863,0.2110128548811631,0.2110128548811631,0.2423485417615736
635,0.9972972972972951,0.9972972972972972,0.9972972972972972,0.9972972972972972,0.5819748421906364,0.46883980995735386,0.584006326350766,0.7016677785407524,0.7314558639247027,0.6274109230793044,0.7485980341011338,0.8068254600181094,0.7385951466290048,0.6342467699055128,0.7454878790528634,0.8278256433299794,0.5395750396638852,0.44059817155592135,0.54333382512657,0.6338981106944211,0.5604704604553772,0.4845743672915121,0.5587799544643574,0.6358597548154565,0.20840560149678947,0.1348807851415506,0.2024265484830155,0.32294647468040644,0.21647108137162813,0.2110128548811631,0.2110128548811631,0.24461259881704925
636,0.9972972972972951,0.9972972972972972,0.9972972972972972,0.9972972972972972,0.5749238892593972,0.4657997753981908,0.5771195421268879,0.6979066653492568,0.7275016788645664,0.6262431897318146,0.7420633435374167,0.8069695513847802,0.7357779790648762,0.6096563631842992,0.7420267202225579,0.8215439364787458,0.5345315284366224,0.4356762686254618,0.5402764046218186,0.6244883746474585,0.554395466426631,0.48440570270006267,0.5523427609351585,0.6297918408092447,0.2166890962367782,0.13914446856897283,0.2084464894918161,0.3284077323210548,0.21729135271868272,0.2110128548811631,0.2110128548811631,0.2489754114156633
637,0.9972972972972951,0.9972972972972972,0.9972972972972972,0.9972972972972972,0.5709052725895273,0.4629339474305749,0.5690964089992008,0.6938761019745627,0.7252488909713304,0.6284955976044931,0.7371655475445253,0.8084175086735375,0.7334814947538715,0.6077665415323951,0.7386636842581817,0.8151544424665549,0.5313769334987819,0.4273235764921102,0.5395324228513296,0.6192749571751665,0.5507368683014833,0.4835054769814852,0.5539479123883189,0.6284495542109921,0.22180234646151076,0.14636931394813607,0.2125983910779909,0.3182310189504664,0.21724544566862253,0.2110128548811631,0.2110128548811631,0.2467104569483934
638,0.9972972972972951,0.9972972972972972,0.9972972972972972,0.9972972972972972,0.5654233712222198,0.46026504555077685,0.5622627756840587,0.6852243957778805,0.7224924863017614,0.6236562105663473,0.7424545869300212,0.8059706391848193,0.7308411822570595,0.6057296954611897,0.7375564156617069,0.8135301434043453,0.5274649522509968,0.4224766787537029,0.5340893776934685,0.6179246815477332,0.54593465715539,0.47749649690597923,0.5504260476340096,0.62453567581045,0.22827022175380576,0.1504145068736906,0.220496415804185,0.32570520312903184,0.21800685594913513,0.2110128548811631,0.2110128548811631,0.2467104569483934
639,0.9972972972972951,0.9972972972972972,0.9972972972972972,0.9972972972972972,0.56204600698511,0.4576972159774953,0.5558730713681395,0.6804688170217146,0.7182762739135151,0.6066528246876154,0.7338862298205864,0.797492832906555,0.7266626740600658,0.599456167808008,0.7319024295613947,0.8090017217597196,0.5212707708400122,0.4232046354883747,0.5269876135023432,0.6083261978851093,0.5409858002749872,0.471268281144469,0.5433272587253664,0.6124165336293109,0.23134506317521972,0.152338244102193,0.22609695891151596,0.33076547327070316,0.21748673345972683,0.2110128548811631,0.2110128548811631,0.24450218523118905
640,0.9972972972972951,0.9972972972972972,0.9972972972972972,0.9972972972972972,0.5579205523316244,0.45492185646141053,0.5518646810256733,0.6757752569219824,0.7167997106003884,0.6220410715816596,0.7265911768338769,0.7917789917223671,0.7209423595537833,0.6063653986315748,0.7225445502193217,0.8047255981551988,0.5162439380489195,0.4188171633717923,0.521953139833286,0.6052673459882826,0.5362778662935503,0.44847513826381397,0.5392501079606713,0.6051904705983897,0.23516249863029554,0.1598315259740348,0.23173828743324404,0.3356450686288191,0.21697889157522027,0.2110128548811631,0.2110128548811631,0.2423485417615736
641,0.9972972972972951,0.9972972972972972,0.9972972972972972,0.9972972972972972,0.5554365050824973,0.45218914082489237,0.5485219912541319,0.6712699997840598,0.7146449399667266,0.6189680423930694,0.7234248411105395,0.7885269192627661,0.7182161949263911,0.6005962151672154,0.7180436753072839,0.8007935493893819,0.5126911031515207,0.4181369031335386,0.5193265145044745,0.5980339896884631,0.5329606267401976,0.44743684718302784,0.5363634823461657,0.6007067835485954,0.23864331555760981,0.16341990400824385,0.2312370131029725,0.3382693444766052,0.2164828952848125,0.2110128548811631,0.2110128548811631,0.24024754812768132
642,0.9972972972972951,0.9972972972972972,0.9972972972972972,0.9972972972972972,0.5532629988399138,0.4479240366029642,0.5463538658622369,0.6669554182945452,0.7138628138955058,0.6136835742756949,0.7276967760325139,0.7841370549834392,0.7173563415833777,0.5951806518427182,0.7189162965341864,0.7965125413558025,0.5114719943229682,0.419389415320933,0.5174719160653228,0.5909125262926872,0.5312125628821538,0.45819899854895824,0.5333931571335436,0.6039467691342827,0.24163227845760735,0.17079964943466064,0.23279493714585253,0.34235330815829,0.21599832704835603,0.2110128548811631,0.2110128548811631,0.23819730215254814
643,0.9972972972972951,0.9972972972972972,0.9972972972972972,0.9972972972972972,0.5504507482652257,0.44718322817273204,0.5418858267229072,0.6591874409817046,0.7129257482771846,0.6188919481489057,0.7236143053949238,0.7876064318780693,0.7146841026366232,0.5902866137289211,0.7153811035505624,0.794490612971921,0.5090268936176303,0.41062581463502934,0.5144214981075044,0.587808419507921,0.5284303351290112,0.438791970598711,0.5322906481337181,0.5980502928365771,0.24563316256341705,0.17499221561898864,0.23877818154467398,0.3447867666376411,0.21592764961971866,0.2110128548811631,0.2110128548811631,0.2362960434431227
644,0.9972972972972951,0.9972972972972972,0.9972972972972972,0.9972972972972972,0.5493929473232744,0.45082647046523083,0.5520845617418062,0.6577949288617602,0.7106230477940203,0.6177660100534819,0.7187558900634161,0.7836023330372446,0.7124417367848097,0.6016192475597659,0.7160245159501257,0.7875526160596916,0.5057438105468934,0.4190756832249214,0.5096037958485105,0.5846757380208881,0.5261614897803488,0.443340906738059,0.5262084894034635,0.6027996914876549,0.24990524811270717,0.1772757045347901,0.24191886875568439,0.3491405310877254,0.21584437820351773,0.2110128548811631,0.2110128548811631,0.2362960434431227
645,0.9972972972972951,0.9972972972972972,0.9972972972972972,0.9972972972972972,0.5477370306819137,0.44835558126511066,0.5468039877737046,0.6526060678912278,0.7102218476251206,0.6175202955502413,0.7223109926390576,0.7878518807935635,0.7112804016637821,0.6028166990931471,0.7126912593450295,0.7934671440240727,0.504618722657489,0.4109252381950557,0.5071378495915837,0.5790278429804518,0.5247423519040697,0.4407562826779509,0.5253135926859607,0.6014595324954454,0.25324074233563676,0.18031393279559102,0.24731877856092296,0.34930779176911025,0.2153458698294131,0.2110128548811631,0.2110128548811631,0.234339528646057
646,0.9972972972972951,0.9972972972972972,0.9972972972972972,0.9972972972972972,0.5443351916091933,0.4459844669339991,0.5381273683426818,0.6496580272392338,0.7105223588574334,0.627832220393987,0.7203812413452197,0.779691033116519,0.7089952379802663,0.5990613057343973,0.7084040667976883,0.7880588416637455,0.5031762581983628,0.4142447866416572,0.5058298651049258,0.5733808911024588,0.5223842884351118,0.4482426649838613,0.5215431195398538,0.5983995355800884,0.2562479767920332,0.18281594179903687,0.2522046234437402,0.3459148902037882,0.2148584398267639,0.2110128548811631,0.2110128548811631,0.23242858644554734
647,0.9972972972972951,0.9972972972972972,0.9972972972972972,0.9972972972972972,0.5426059999102594,0.4440355953231232,0.5358878860120482,0.6468051789160483,0.7078805145515495,0.6237697587108617,0.7143055802492152,0.7760242364225246,0.7076130605178984,0.596378161248158,0.7075843319937207,0.7859061073733651,0.5003718699594447,0.40848341890111034,0.5033689759622393,0.5702236646417927,0.5199231300505369,0.4445246799188439,0.5186613386928948,0.6039404439576661,0.25885916026388694,0.18387572660301765,0.25354907566103346,0.3495126193772722,0.21438170883680618,0.2110128548811631,0.2110128548811631,0.23056160366810122
648,0.9972972972972951,0.9972972972972972,0.9972972972972972,0.9972972972972972,0.5406030429294143,0.44431816788958484,0.5341439427011945,0.6444113586473095,0.7063894726271424,0.6224115462791517,0.7112602278074551,0.78018287240671,0.7068888623893641,0.6086212717829711,0.7057585121961165,0.79088241168023,0.49885001131099216,0.4147688947716091,0.4988521896154304,0.5699227135470597,0.5182340763261759,0.44977408787212847,0.5132416186809783,0.6009649816288011,0.2620309817951542,0.1886681545122,0.25694770678221923,0.3533316745015591,0.21391531328358387,0.2110128548811631,0.2110128548811631,0.22873703527400377
649,0.9972972972972951,0.9972972972972972,0.9972972972972972,0.9972972972972972,0.5400037022472098,0.4462809812211032,0.5292059983278854,0.6431182814118627,0.7049184086526168,0.6220972728820544,0.7087475500224858,0.7748618926898667,0.7063303494069705,0.604095836624303,0.7053663889894367,0.7863556553377995,0.49748566703984864,0.4089630442325889,0.5008919545159006,0.5711049960289264,0.5171170492647623,0.4586488455778642,0.5116123297717834,0.5962286120797459,0.2643801550250923,0.19429829808959898,0.2595508833668459,0.3574282266647948,0.21345890478851948,0.2110128548811631,0.2110128548811631,0.22695340190661928
650,0.9972972972972951,0.9972972972972972,0.9972972972972972,0.9972972972972972,0.5388200856683445,0.44355406924305474,0.5286595215491561,0.6398679222424697,0.7039955061255683,0.6218947423684316,0.7140878233304289,0.7745353628795741,0.7050464793753655,0.6072795781571233,0.709445250447788,0.783427038856517,0.49596620838093436,0.41234853151712353,0.4958739064057052,0.56730331831444,0.5156609356896072,0.45562457813395424,0.5126065192685756,0.592829296725941,0.2664132785154082,0.19625317532660613,0.26172495585150213,0.36139230173052594,0.21301214957235423,0.20959954880078682,0.2110128548811631,0.22520928736056472
651,0.9972972972972951,0.9972972972972972,0.9972972972972972,0.9972972972972972,0.5378922776916487,0.4535479193027925,0.52596464767295,0.6368550559857594,0.7008331290001745,0.6157353279909628,0.7073355645423851,0.7689304807567625,0.7024765228718952,0.6084135941390576,0.7033297320214853,0.7772361272669456,0.49190737817707236,0.4135418330179409,0.4873030325422817,0.5710822699538369,0.5130914377858762,0.4488767157078959,0.5093036742997659,0.5924520543307458,0.2702824600474443,0.1972570788812067,0.2656144295569248,0.3652301291504394,0.21297759108499492,0.20821360119030938,0.2110128548811631,0.22512218025368355
652,0.9972972972972951,0.9972972972972972,0.9972972972972972,0.9972972972972972,0.5375031149797338,0.4603501178245996,0.5273550980094964,0.6342675911755963,0.6998070518546575,0.6131357614759849,0.7027987967577904,0.7712649011378008,0.701540078834513,0.6240399697227452,0.7039492712514386,0.7751921814667168,0.4905257438590674,0.41453949821959524,0.48673876322094445,0.5733706153220502,0.5120692798839033,0.45181986483801284,0.5107521885485099,0.584269013101164,0.27248858901758505,0.19983069386986047,0.26556329342949003,0.36492062699294814,0.21252595882062103,0.20685416886655664,0.2110128548811631,0.22341813368825253
653,0.9972972972972951,0.9972972972972972,0.9972972972972972,0.9972972972972972,0.5360487460469122,0.4576887274900875,0.5275413916505408,0.6321212234595063,0.700881295995502,0.6122902092144293,0.7066380942127887,0.7659479590477876,0.6987364843642723,0.5915477917753161,0.7022082048283005,0.7706250214317006,0.4893633769731224,0.41427415151734115,0.4877665482723059,0.5743785442763193,0.5107833377894673,0.4478680913182464,0.5061192990271085,0.5883427367879264,0.2746946990497292,0.20631392952339883,0.2688297004419275,0.3684236001788505,0.21208364823283,0.20552044289069107,0.2110128548811631,0.22175088799437292
654,0.9972972972972951,0.9972972972972972,0.9972972972972972,0.9972972972972972,0.5335898544115276,0.4551854369440761,0.5237373654391204,0.6300783173257258,0.7004694299890967,0.6097208018785878,0.7052752548761874,0.7641612601347094,0.6985907268967664,0.5911540165795774,0.7013744205586843,0.7750593272504219,0.4890647218575065,0.41466199098154494,0.48567310892437937,0.5670681877780963,0.5094997942701854,0.4435158368342314,0.5025103279914847,0.5901643158801353,0.2774158465308789,0.2031563482541982,0.26964093076519147,0.36980235156060964,0.21165035670810506,0.20421164693345223,0.2110128548811631,0.22011920383699057
655,0.9972972972972951,0.9972972972972972,0.9972972972972972,0.9972972972972972,0.53439823252797,0.45317061347194615,0.5235823368360932,0.628134033586061,0.7007054435118221,0.6168947519744433,0.7034805768501164,0.7630985712103424,0.697110100331842,0.6016202097244353,0.6982077081409502,0.7711252407861818,0.488303260977105,0.4074290328843753,0.48670557926988345,0.5736648055856352,0.5093963751055827,0.44167149968089864,0.505685225105179,0.5832506252878523,0.2779593612587923,0.20794962807241696,0.27500600012654874,0.3716024602535893,0.21122579406855127,0.20292703572163026,0.2110128548811631,0.2185218947681644
656,0.9972972972972951,0.9972972972972972,0.9972972972972972,0.9972972972972972,0.5332087286320533,0.451052528097437,0.5236451338868391,0.6251096169210993,0.7009037657732768,0.6139786295670775,0.7022587860378293,0.759510982616985,0.69637224960977,0.5959645464526053,0.69623234982147,0.7694605038488614,0.48796506352035457,0.4060297616114225,0.4846364034076439,0.5710979738020306,0.508628196891652,0.4393319083211636,0.5027991457732595,0.5839889747932993,0.28007403694649713,0.21378934472483388,0.2797601932897993,0.3749011360544721,0.2108325566442086,0.2016658935626803,0.2110128548811631,0.2169578248148394
657,0.9972972972972951,0.9972972972972972,0.9972972972972972,0.9972972972972972,0.5320597490493241,0.4490657928795092,0.5270567225260515,0.6300727945179342,0.6982999031257079,0.5941970413506489,0.6994722943450304,0.7584517936914794,0.6961966550388233,0.6113189759991325,0.6951671081155182,0.7675950853707456,0.4861995784558198,0.39753856640249097,0.4828486403133616,0.5673943755388754,0.5071132825467436,0.43516038284162895,0.5009814673787223,0.5771914915562704,0.2826370435122875,0.21914971932461844,0.28247644295664676,0.3716024602535894,0.2104475140609267,0.20042753294425253,0.2110128548811631,0.21542590614310256
658,0.9972972972972951,0.9972972972972972,0.9972972972972972,0.9972972972972972,0.5305276328105619,0.4462932725739732,0.5243897855030037,0.6342073672103967,0.6968919321938972,0.6090074502666422,0.6973501809360644,0.7581801969352097,0.6958510416644671,0.6210912521464507,0.6973462932859162,0.7614901013149262,0.4849951689452747,0.40115745214812465,0.486144966444395,0.5627450926750676,0.5057409033459133,0.445561124724267,0.5015258880870508,0.5798519746062636,0.28455292422295864,0.21792933526549083,0.28381973192070886,0.3749011360544721,0.21007042145383273,0.1992112932053468,0.2110128548811631,0.21392509680580307
659,0.9972972972972951,0.9972972972972972,0.9972972972972972,0.9972972972972972,0.5307383280146508,0.44428150327826,0.5235980619393069,0.6309898449204095,0.6960589322831373,0.6067358828218412,0.6975510787834325,0.7567996271142047,0.6966301142951314,0.6268783020973262,0.6965482850735987,0.7583106133593068,0.4849799221019962,0.40061050437147827,0.48266533598746464,0.5622861109502023,0.5058586410871746,0.44125033598958646,0.5003790625436182,0.5860405080797951,0.2858157600373413,0.21970041305355284,0.28696351245461804,0.37394496993154075,0.2097141323620226,0.1980165392757921,0.2110128548811631,0.21245439857781112
660,0.9972972972972951,0.9972972972972972,0.9972972972972972,0.9972972972972972,0.5303594175769228,0.44130758189291713,0.5215100097717793,0.6289939090816954,0.6956545480663339,0.6171384986698211,0.6962529478614343,0.7555476607034898,0.6975931766806521,0.6249206568139085,0.6957892831352602,0.7640180804619195,0.4854583827029779,0.3990846099187841,0.48152063996302297,0.562000958079591,0.5059221651849911,0.43674485132083046,0.5032479765626809,0.5776539588882413,0.28773402728984904,0.21865954514800895,0.290332234605361,0.37006628676089137,0.2093520045910867,0.19684266048077814,0.2110128548811631,0.2110128548811631
661,0.9972972972972951,0.9972972972972972,0.9972972972972972,0.9972972972972972,0.5301143223741361,0.4417629104765967,0.521019144517929,0.6231346806311866,0.6953737017019804,0.6167230559559911,0.6933165044848661,0.7649260363007531,0.6972419640828487,0.6221090267402496,0.693163119739221,0.7628050687772507,0.48498090364453184,0.4058539882152425,0.483634901363536,0.557140526384739,0.5055149234250739,0.4368384647455492,0.5024199171912713,0.5726454070625838,0.2894536107975533,0.22277521921340876,0.28832476080744174,0.3698770446789607,0.20900814924897088,0.1967849809271006,0.2110128548811631,0.2110128548811631
662,0.9972972972972951,0.9972972972972972,0.9972972972972972,0.9972972972972972,0.529457987522823,0.45671500963782946,0.5200439001822158,0.6193426376201704,0.6950566103034278,0.6144484256056558,0.6927215001063602,0.7609278532270654,0.6975727975145962,0.6371111522251023,0.6967860648586474,0.7618413222208348,0.4849652799525467,0.4036181119199225,0.48658184944505983,0.5658393871774996,0.5051856713476285,0.4340100330567517,0.5010980420186666,0.5710167256110239,0.2913995938838262,0.22416115723559904,0.29100674644221447,0.36727396827741965,0.2087842968388356,0.19684266048077814,0.2110128548811631,0.2110128548811631
663,0.9972972972972951,0.9972972972972972,0.9972972972972972,0.9972972972972972,0.5286482887327858,0.4543454912095822,0.5213951785168789,0.6118122655600704,0.6933008511991794,0.6271997191294555,0.6895262948604929,0.7570952686826959,0.6965773152715984,0.6369872119034005,0.6943139614524552,0.7663610557087548,0.48307201638227015,0.40168140270121977,0.4812518528721853,0.5619383451961593,0.5037131807256191,0.4313185475172188,0.4986210305623459,0.5729653356755519,0.2933755594122634,0.22227974361453243,0.2919399163901417,0.37021842700583296,0.20860291663648084,0.1979578453360414,0.2110128548811631,0.2110128548811631
664,0.9972972972972951,0.9972972972972972,0.9972972972972972,0.9972972972972972,0.5294664869703419,0.45427417837547307,0.5271061735593825,0.6152061933563356,0.6927916478434226,0.616236409465581,0.690135162656599,0.7636302834295745,0.6959489125274894,0.6335231186578204,0.6940913565978724,0.7685412830572497,0.48231275022042913,0.39889634680715913,0.4809025892092652,0.5554613434082981,0.5036727092370764,0.43520035236178994,0.503730708956638,0.5744253579341282,0.29424312528225127,0.22708519271842043,0.2937118465493347,0.3731901895365032,0.20846239806520728,0.1979578453360414,0.2110128548811631,0.2110128548811631
665,0.9972972972972951,0.9972972972972972,0.9972972972972972,0.9972972972972972,0.5294865976702501,0.45428379641495,0.5266269368782952,0.6133464117324516,0.6912906276693651,0.6111795897717083,0.6905020546518271,0.7588617579811904,0.6949366743560165,0.6302051370280678,0.6925325906892013,0.7654687431336358,0.48052265109502956,0.39335693323509935,0.47831695146889064,0.5550443334569792,0.50275890734677,0.43834061781443673,0.499849171700373,0.5697706169221861,0.29492138254912276,0.22740647757091517,0.2947261370525254,0.37573706743779445,0.208373448000576,0.1980165392757921,0.2110128548811631,0.2110128548811631
666,0.9972972972972951,0.9972972972972972,0.9972972972972972,0.9972972972972972,0.5284158417277192,0.45440918698982286,0.5259004349355605,0.6088954725193733,0.6906654122166422,0.6066363210159269,0.6907641307813248,0.7543392389826635,0.6939611492343986,0.627027313305854,0.6953276949866993,0.761774883370137,0.4793668885385863,0.40040558562347006,0.4790739526822365,0.555178304311651,0.501616871555862,0.43664004150540164,0.5005388709837229,0.5671648810281338,0.296871405060805,0.2315641787123203,0.29524742886937394,0.3719601285945731,0.2083012060327589,0.1980165392757921,0.2110128548811631,0.2110128548811631
667,0.9972972972972951,0.9972972972972972,0.9972972972972972,0.9972972972972972,0.5285544250328355,0.4543692549047198,0.5238800143947322,0.6073252078192983,0.6912799340881502,0.6222740788586865,0.6910760439521118,0.7554913292874956,0.6940682198568356,0.6241173674934599,0.6953898803678114,0.770877848286496,0.4798101985916567,0.4046854122515176,0.47853514321853136,0.5553120534075839,0.5018898955276608,0.4327289794421601,0.5011487147672429,0.5622272894780502,0.29716835753634696,0.22561302039663328,0.2941740910561995,0.37473167504433713,0.20822065183398542,0.1980165392757921,0.2110128548811631,0.2110128548811631
668,0.9972972972972951,0.9972972972972972,0.9972972972972972,0.9972972972972972,0.5284412761453641,0.45477916029734566,0.5284790336557847,0.6041285846202764,0.6909754893051537,0.6178551934316664,0.6892004266791221,0.7547951135447265,0.692687786607114,0.630464371334531,0.6953255312714024,0.7684591695553117,0.47865467305509385,0.40662373864526846,0.47475168689536895,0.5518651785982653,0.5011511613734843,0.4371207800208931,0.49753548736934805,0.5729674514090211,0.2984025927031406,0.22563142305591324,0.29697260274824844,0.37202294189146945,0.20819268818861567,0.1979578453360414,0.2110128548811631,0.2110128548811631
669,0.9972972972972951,0.9972972972972972,0.9972972972972972,0.9972972972972972,0.5283282979228044,0.4518986072211114,0.5250862131494249,0.5997501267510733,0.6909000284655616,0.6146138102619514,0.6920884396092661,0.7548792850049515,0.6911390849826219,0.6187837604005588,0.69384011118218,0.7659675335208396,0.47757777410953006,0.39109304940052025,0.47761398695743795,0.5531844422688144,0.5005650799488846,0.43338398009767576,0.49724343089899364,0.5761944315329465,0.2986696271289961,0.22497317571703992,0.29861661818186197,0.3747070219098007,0.20812946646001318,0.19684266048077814,0.2110128548811631,0.2110128548811631
670,0.9972972972972951,0.9972972972972972,0.9972972972972972,0.9972972972972972,0.5272820860293378,0.45006607354658895,0.5251167540931942,0.6002247570847781,0.689593907014955,0.62738337663715,0.6931251014591114,0.7543403250669783,0.690678914248609,0.6254733833469546,0.6947557830467754,0.7633627064768266,0.4763423045965993,0.39544681502105006,0.4750891819434783,0.5459019425268552,0.49939432263319294,0.43241178734627456,0.4958417471699964,0.570495005183826,0.3006559499351287,0.22862469178387562,0.30067660664199286,0.37737777476181683,0.20819116364247567,0.19684266048077814,0.2110128548811631,0.2110128548811631
671,0.9972972972972951,0.9972972972972972,0.9972972972972972,0.9972972972972972,0.5264179991836526,0.4473567985815323,0.5236617818910947,0.5990008960497747,0.6886590743603079,0.6244449073006896,0.6923513710829821,0.7509472057831554,0.6909378108689966,0.6228656344818044,0.690857911169205,0.7729495342543912,0.47593406956455064,0.39919272905680864,0.4738439253671537,0.5471514959349445,0.49878013146231603,0.43247530882530644,0.49326815755792214,0.5700293740528042,0.30108638033042834,0.23226119126340514,0.3019151923910459,0.37787287266610675,0.20824785579704927,0.19684266048077814,0.2110128548811631,0.2110128548811631
672,0.9972972972972951,0.9972972972972972,0.9972972972972972,0.9972972972972972,0.5262649931199133,0.45482599313272265,0.5214715220102828,0.5937099433236689,0.6893684623122289,0.6286276072936159,0.6897705388816007,0.7518820741722669,0.6905441528509294,0.61743883077316,0.688613837671572,0.7812901278299326,0.47616320998391987,0.40477850931153603,0.4722391389126648,0.5553917974208242,0.4988823552585407,0.4297116766139398,0.4928024897245888,0.568107826901057,0.3016067955116426,0.23382345615635844,0.30091418873462167,0.3717060603047062,0.20833161605029926,0.1980165392757921,0.2110128548811631,0.2110128548811631
673,0.9972972972972951,0.9972972972972972,0.9972972972972972,0.9972972972972972,0.5249374215883641,0.45398410356120633,0.521238408233098,0.5950615274757165,0.6897426330978148,0.6328883802004945,0.6867590160157967,0.7508507642009686,0.6895731273162816,0.6122550221025743,0.6892224345916944,0.7745323911540158,0.4757539076443385,0.40296805429089666,0.47147329825752426,0.5575430194530605,0.4980793458237545,0.43173994098896296,0.49298995533577306,0.5642540135045505,0.30321707245224633,0.23099611110631296,0.30354281366188807,0.3689700702610049,0.20852700896564166,0.1992112932053468,0.2110128548811631,0.2110128548811631
674,0.9972972972972951,0.9972972972972972,0.9972972972972972,0.9972972972972972,0.5238810056084556,0.45438587514276957,0.5209359214280573,0.5963752976925938,0.6895042480514506,0.6280341734314753,0.6890816272886013,0.7479068939938796,0.6906640100495945,0.618654712929464,0.6925447116228871,0.7770638570093406,0.47636844889394175,0.40667029346626027,0.4735188634594868,0.5541926910019473,0.4979934127803379,0.43381849710928877,0.49541881458801557,0.5642348284171301,0.30413890528104476,0.2362251689272143,0.30498153741957595,0.3654254471948043,0.2086612716316482,0.20036672095730723,0.2110128548811631,0.2110128548811631
675,0.9972972972972951,0.9972972972972972,0.9972972972972972,0.9972972972972972,0.5230519108846469,0.45318785802942513,0.519371508975166,0.590511710418905,0.688863147348207,0.6228922901022786,0.6948819516381404,0.7470881141018872,0.6876427842596686,0.6048317515138816,0.6870481113373952,0.7702115926030463,0.4738397577314217,0.4000829059365178,0.47084577274582085,0.556852760805697,0.49630885175102407,0.434760133041528,0.4932686477873932,0.5583106834532352,0.30538169142120186,0.23865583359332007,0.30792958898129263,0.3625624976364945,0.20877342876529847,0.20036672095730723,0.2110128548811631,0.2110128548811631
676,0.9972972972972951,0.9972972972972972,0.9972972972972972,0.9972972972972972,0.5239003072624161,0.45056688465813394,0.5185703453808713,0.5944648793861607,0.6893346940651278,0.6320455999605954,0.6930300818855494,0.7462077840577385,0.6876967457835614,0.6059198869640545,0.6913241301945343,0.7671184212426405,0.47424340890867606,0.39440780893849925,0.4728149727326354,0.5551164542619443,0.4969067710201851,0.433106053410122,0.49307466662425303,0.5578176661395667,0.3059236206815909,0.23676430524526318,0.3006235036014792,0.36284592892771367,0.20892856150799147,0.2016039755317589,0.2110128548811631,0.2110128548811631
677,0.9972972972972951,0.9972972972972972,0.9972972972972972,0.9972972972972972,0.5234796164874933,0.44854744330549473,0.5185125503634817,0.5939494836620793,0.6872685265139207,0.6315919101252593,0.6907016733314553,0.7523067941361664,0.6850897577450796,0.5998698747188073,0.6899286248044291,0.7636087944947959,0.47086234871694543,0.39030126011348976,0.4695759236988536,0.5470803839903042,0.4950283291932518,0.4401999469122945,0.49337345883042627,0.5569367546624456,0.3072106646283496,0.2397917216435636,0.30436590723134554,0.36566741592428675,0.20900620596431774,0.2016658935626803,0.2110128548811631,0.2110128548811631
678,0.9972972972972951,0.9972972972972972,0.9972972972972972,0.9972972972972972,0.5247000021380674,0.4571301476610653,0.5184803626788501,0.5936009876902243,0.6870312613009414,0.6306037685141408,0.6882413695561114,0.7530089315392308,0.6856816687071698,0.6110672886846434,0.6886267065112353,0.7634055132328151,0.47106353467026985,0.4012155913042818,0.4695986987748001,0.5449751752586253,0.49562435790338605,0.43805467060823616,0.4944554879326494,0.5554012928984008,0.3071749217293396,0.23978432012104284,0.3067790980932571,0.36568422255917044,0.20908403024177918,0.20286397861368277,0.2110128548811631,0.2110128548811631
679,0.9972972972972951,0.9972972972972972,0.9972972972972972,0.9972972972972972,0.5252207411683271,0.4604913292446648,0.5228257258102976,0.5924088144242035,0.6865288247645555,0.6281173846582548,0.6868559652022985,0.7499440329131231,0.6860754140195242,0.6073251836644613,0.6887985122071651,0.7631717309463212,0.4710004960563517,0.397388572716014,0.46976805552007767,0.5397196005688129,0.4957581694356524,0.4355737554158518,0.4954914231615271,0.5498261247048453,0.3070887725518282,0.2408587370045059,0.30643469638281684,0.3647649807257406,0.209224188231797,0.20292703572163026,0.2110128548811631,0.2110128548811631
680,0.9972972972972951,0.9972972972972972,0.9972972972972972,0.9972972972972972,0.5249426973866551,0.45812724079993855,0.5221347360056605,0.5914066902765053,0.6869719564253376,0.6279327998093298,0.6871222193054445,0.7479101633969181,0.6841128050522458,0.6046529142850952,0.6853638573202185,0.7612829590712432,0.4699002445332941,0.4034121626020569,0.46972110738184847,0.5399764769087415,0.49501686739108886,0.4319645053930498,0.4935779388757825,0.5439944377281543,0.30791642958566656,0.24418065649327142,0.3078277731278285,0.3655371137747801,0.20934250608509014,0.20292703572163026,0.2110128548811631,0.2110128548811631
681,0.9972972972972951,0.9972972972972972,0.9972972972972972,0.9972972972972972,0.5240409070775897,0.455165228027665,0.5242594929667036,0.5872913011289147,0.6863894303157221,0.6252738528370236,0.6871739889855397,0.7452047348942514,0.6840525989485726,0.6077451516499794,0.6843816253026085,0.7681750808105817,0.4695024558804319,0.39695443331512764,0.4693256780172439,0.5370905010024615,0.4943595655599595,0.43393701653356775,0.4931928846583657,0.5471621679762503,0.3089623784125399,0.2444109300197435,0.3091425977916168,0.3656509136921861,0.20947282568976322,0.20421164693345223,0.2110128548811631,0.2110128548811631
682,0.9972972972972951,0.9972972972972972,0.9972972972972972,0.9972972972972972,0.5236323545536311,0.4559901195128936,0.5208151362227482,0.5818545086895459,0.6863199818999667,0.6222255180723348,0.6843083125273746,0.7547163060244456,0.6822993391639226,0.6092175749323742,0.6837255494365362,0.7732673153064075,0.4682994753790342,0.39930977686938957,0.4683234580077547,0.5407382329935045,0.4936516334938452,0.4313678576612837,0.49170820752695954,0.5480025290035166,0.30932750858903035,0.24900638037582415,0.3097799486532944,0.36810801156458517,0.2095649990808984,0.20421164693345223,0.2110128548811631,0.2110128548811631
683,0.9972972972972951,0.9972972972972972,0.9972972972972972,0.9972972972972972,0.5246194897055501,0.45059785395112595,0.5231847836544576,0.5880929501604587,0.6860951903768295,0.618606684111028,0.6813504322479612,0.7542048890893757,0.682926107327102,0.610781286270681,0.6810612411761373,0.7686932958617452,0.4686432809179801,0.395882383563923,0.4641558574969597,0.5393455681341849,0.4942130768463527,0.4311148368714827,0.49502122073487775,0.5525105933757609,0.30916209938230854,0.24749256769926792,0.309438190501089,0.36363277067722777,0.2096190490135932,0.20421164693345223,0.2110128548811631,0.2110128548811631
684,0.9972972972972951,0.9972972972972972,0.9972972972972972,0.9972972972972972,0.5234242750656977,0.45393590493075214,0.5230258837487263,0.5840451658334365,0.6868556013349045,0.6205329632733548,0.6849310942734057,0.7478438136233624,0.682593948860581,0.6078969559658959,0.6807311404505012,0.7629558189412955,0.4690054499574374,0.39022034075250467,0.4677120457337114,0.5374782678475681,0.4938255936807551,0.4331364929183464,0.49515480915705024,0.550753525963807,0.31056362111559743,0.24794516744517062,0.3112520215221798,0.36724032947475366,0.20971279162846326,0.20552044289069107,0.2110128548811631,0.2110128548811631
685,0.9972972972972951,0.9972972972972972,0.9972972972972972,0.9972972972972972,0.5230749214472047,0.4579697085473937,0.5232948640105411,0.5852122208664037,0.6860690786197963,0.6116903841928749,0.6857295280013654,0.7475271538165806,0.6836537481224123,0.6153027559132453,0.6860983225471161,0.7615604266971648,0.469096600898879,0.38798468538464675,0.46799462500758926,0.5334160596300228,0.4937616972301024,0.4281794207202616,0.49639759900886543,0.5485360953116931,0.31095360537980454,0.24848824161846267,0.313011632574676,0.3706960034037356,0.2097674732418307,0.20552044289069107,0.2110128548811631,0.2110128548811631
686,0.9972972972972951,0.9972972972972972,0.9972972972972972,0.9972972972972972,0.5228129431198265,0.4560378514191307,0.5244707943595881,0.5854718116309159,0.6864005587356091,0.6122898557509312,0.6851799323861436,0.753601555780394,0.6839083256566386,0.6197458072463022,0.6863903589867935,0.7576536464461748,0.46948467594089727,0.39573820932086157,0.47188517900854476,0.534046378548803,0.49383104831877644,0.43292943568465503,0.49569506861162144,0.5465554356478887,0.31149022000198423,0.2520258891913657,0.3153161332989075,0.3686649675388843,0.20983264632378543,0.20552044289069107,0.2110128548811631,0.2110128548811631
687,0.9972972972972951,0.9972972972972972,0.9972972972972972,0.9972972972972972,0.5228294814736247,0.4538189661078313,0.5269200536253318,0.582512938345045,0.6868240893084361,0.6123657008667388,0.6863813338588722,0.7509000595762324,0.6852190770160405,0.6144514411010602,0.6874229865946646,0.7557109174966402,0.4706711218834009,0.3947338746656255,0.47071800718964696,0.5379694926241887,0.4944672096972009,0.42951007269573127,0.49556622844101295,0.5452556288859908,0.31132006687838204,0.24748167261907641,0.31114371283061504,0.36975638342261063,0.2099801347068911,0.20685416886655664,0.2110128548811631,0.2110128548811631
688,0.9972972972972951,0.9972972972972972,0.9972972972972972,0.9972972972972972,0.5233018313890635,0.4509869869305355,0.5242088276796495,0.5784806619373496,0.6873681926056602,0.6174628035160415,0.6856837647144316,0.751831155543369,0.6862726625022608,0.6211924234158019,0.6847633754784831,0.7511910470058714,0.47176160732257666,0.40501515001419075,0.4731852457997744,0.5343232397149096,0.49530475402319896,0.43757462079277704,0.49499182111002293,0.5459076778276937,0.31102377531472125,0.2519266638967293,0.30999980572649233,0.37048844235188627,0.21004672469200403,0.20685416886655664,0.2110128548811631,0.2110128548811631
689,0.9972972972972951,0.9972972972972972,0.9972972972972972,0.9972972972972972,0.5245096820532787,0.45235214770605314,0.5277625349182391,0.5765787095997781,0.6877557536814709,0.6136470048275517,0.688859407024375,0.7496723629938682,0.6866333478327702,0.6226554656566948,0.6866380923199585,0.7604195841478975,0.4723263978938268,0.40119054483533795,0.4736647095692042,0.5329130543082248,0.49609808957588264,0.43659013363358323,0.49509512186194604,0.542663707145011,0.31090532824047085,0.24824538189278567,0.3088551795189382,0.3698133279279009,0.21014047697088759,0.20685416886655664,0.2110128548811631,0.2110128548811631
690,0.9972972972972951,0.9972972972972972,0.9972972972972972,0.9972972972972972,0.5236580966756338,0.44957176411439675,0.5244064242312099,0.5796608660312232,0.6871543006591168,0.6101703262619613,0.6895061798615525,0.7537679983835539,0.6873281337222616,0.6218714723503564,0.6874925986718006,0.7517571313718072,0.47238729341175706,0.39831677815930383,0.47282083515777545,0.5352612572253642,0.49579646292188223,0.4405101240463603,0.49488285523487097,0.5413763022068773,0.31126181484350995,0.24979529378307946,0.3096116236944588,0.3709725151769511,0.21020726181209134,0.20685416886655664,0.2110128548811631,0.2110128548811631
691,0.9972972972972951,0.9972972972972972,0.9972972972972972,0.9972972972972972,0.522832580460475,0.4489397330131917,0.5221196806641322,0.5778503042118236,0.6868293581199386,0.6068503063785655,0.6922746989421269,0.7499241856536443,0.6868211239173796,0.619879457591823,0.6880028427240716,0.7509139948599848,0.47177640322426995,0.40134634605394837,0.4736499310360208,0.5314827720057884,0.495133253941928,0.4406238744491289,0.49379851884152753,0.5419365072757372,0.31243716139599836,0.25158408707160707,0.31269754587393817,0.3743390109068744,0.2102619042579087,0.20821360119030938,0.2110128548811631,0.2110128548811631
692,0.9972972972972951,0.9972972972972972,0.9972972972972972,0.9972972972972972,0.5226047570432985,0.45124741027426574,0.5264583666146951,0.574336795560325,0.6854910803301764,0.6014729958400437,0.6902625075502633,0.748454568205404,0.6859225437098904,0.6166932277185879,0.6893504387829894,0.7494496491367754,0.4702985284772272,0.3940559338797747,0.4739274054212671,0.532824473876962,0.4943462758647651,0.4393102208630183,0.4961437202045802,0.5421852055298755,0.3128086978249203,0.25386843613275073,0.31131865014200333,0.3645795954053544,0.21030171241536164,0.20821360119030938,0.2110128548811631,0.2110128548811631
693,0.9972972972972951,0.9972972972972972,0.9972972972972972,0.9972972972972972,0.5230707592964798,0.44783694830128085,0.5279810786436239,0.5737407439019868,0.6855389739599704,0.6147350205605459,0.6890280554500878,0.7464938167080464,0.6860882305673316,0.6139661021563374,0.6917775937398505,0.7458162921795264,0.4704730257467761,0.39764806129652885,0.4749583670229442,0.5336738703969203,0.4946127897894392,0.4384070524578423,0.49728005517731616,0.543382283937533,0.3128815313980326,0.25597058125450634,0.31322780675951567,0.3665925182498445,0.21032890915122507,0.20821360119030938,0.2110128548811631,0.2110128548811631
694,0.9972972972972951,0.9972972972972972,0.9972972972972972,0.9972972972972972,0.5231533454029499,0.4445706583089588,0.526251698930508,0.5769946040124667,0.6863669049646274,0.614921248124357,0.688698465228251,0.7432293463048388,0.685651978847286,0.6113588046066012,0.692491974142492,0.748457845475041,0.47076036584279757,0.3940785773456061,0.4772314132484789,0.5318671189855142,0.4948293236055921,0.43669180566584065,0.4945932260127754,0.5436776548903652,0.3124101326700285,0.25833434309271985,0.31419071117160036,0.36932552679335,0.21035561473944805,0.20821360119030938,0.2110128548811631,0.2110128548811631
695,0.9972972972972951,0.9972972972972972,0.9972972972972972,0.9972972972972972,0.5230762017472926,0.4562351687116564,0.5258092878117002,0.5804863509616629,0.6874900791452225,0.614654137273877,0.6893868628812876,0.7460517009654094,0.6847035889439748,0.6088672863445067,0.6916711898641037,0.743122891620275,0.4709569044361753,0.39022996674081367,0.4778434248796736,0.5288132337474409,0.4948485222746957,0.435466706852511,0.49591558000526703,0.5452356794658331,0.3132668377985666,0.2589770650223787,0.3154029209662378,0.3716889465994702,0.2103971931677624,0.20821360119030938,0.2110128548811631,0.2110128548811631
696,0.9972972972972951,0.9972972972972972,0.9972972972972972,0.9972972972972972,0.5226682234934334,0.45407364154765834,0.5313363197770815,0.5799851649418182,0.6872072965396712,0.6175485239389507,0.6880672968640096,0.7538456867432728,0.6842201143730694,0.6066991856284123,0.692361111295668,0.7399776966775743,0.47033495931994024,0.4005306941693728,0.47629013385542796,0.5269259769317828,0.4943262752918161,0.4341503525394554,0.4958328491529538,0.5412951140968938,0.3139961316779564,0.25992447086705783,0.313740612838456,0.3739304585974859,0.21045236591931424,0.20821360119030938,0.2110128548811631,0.2110128548811631
697,0.9972972972972951,0.9972972972972972,0.9972972972972972,0.9972972972972972,0.5233151248610536,0.4512925255025539,0.532184353770548,0.5768694701468032,0.6873980701719197,0.6215717810846922,0.6885471354511425,0.7494306466134228,0.6850334883667708,0.6184905151642762,0.6902184256608735,0.7374765750079924,0.470929469753167,0.40457857262743857,0.47605232882516657,0.5252157309923917,0.4948999523819139,0.44081083560694523,0.49582439179912297,0.5419887264789252,0.31336637946340035,0.2568738294723506,0.3161590441838825,0.3708995445155892,0.21049290767822892,0.20821360119030938,0.2110128548811631,0.2110128548811631
698,0.9972972972972951,0.9972972972972972,0.9972972972972972,0.9972972972972972,0.5225971677375261,0.4489941741889529,0.5284558104062416,0.5764705102859918,0.6867016609975286,0.6139884288407245,0.6863910059813522,0.7481499771706979,0.6850587994794648,0.6230327715044265,0.6898192810800248,0.7387401530056477,0.47043623152488473,0.4040921089680726,0.47570072511779443,0.5294039247686394,0.49424919115990834,0.43677946506713516,0.49620471605243655,0.540842003792381,0.3146384693565718,0.2565425431558205,0.31797964010731594,0.37422907490899476,0.21054861916734702,0.20959954880078682,0.2110128548811631,0.2110128548811631
699,0.9972972972972951,0.9972972972972972,0.9972972972972972,0.9972972972972972,0.5227088398883181,0.44615549332083043,0.5252853454827784,0.5795948594190762,0.6871801009450553,0.6127873692641438,0.6872904940253747,0.7438465172804355,0.6860592575791487,0.624650399620047,0.6901137011442877,0.7397699348579733,0.4714393238824789,0.4044001037269371,0.4718655562796185,0.5279173790732685,0.49483597165375215,0.43746867350705854,0.4966805271040007,0.5455214984809759,0.3142163217694095,0.2583166678702448,0.3167687104838937,0.37209710056069967,0.21054861916734702,0.20959954880078682,0.2110128548811631,0.2110128548811631
700,0.9964864864864846,0.9972972972972972,0.9972972972972972,0.9972972972972972,0.5284992695318604,0.4438417041406916,0.5299032606016256,0.5963624556675278,0.6908331354751145,0.6139196418457199,0.6877291245134929,0.7511299203092298,0.6900416427905138,0.6203102387843801,0.6936154872540534,0.7488850899580387,0.4766586980157804,0.40764571394814125,0.4827792876364433,0.5358095529265393,0.5003552163149975,0.4387311959305107,0.5064385969339493,0.5551760020078231,0.30916741419525967,0.2477788387140117,0.30964924341044864,0.3748955511295941,0.21056195642710565,0.20959954880078682,0.2110128548811631,0.2110128548811631
701,0.9959459459459442,0.9959459459459459,0.9972972972972972,0.9972972972972972,0.535478007053121,0.46070559539573547,0.5375668307773347,0.5941590607980933,0.6944419974992418,0.629129574147536,0.6981512250632851,0.752772938144915,0.6938738422861894,0.6340341916315354,0.6965719981830211,0.7506380047733051,0.4818309046919477,0.4189796920530918,0.48915966972344593,0.5436036061611668,0.5063867296586868,0.44046012442598637,0.510507779736467,0.5601306742945589,0.3041192723391976,0.24656191824250767,0.30832468678244807,0.3717784648213411,0.21056195642710565,0.20959954880078682,0.2110128548811631,0.2110128548811631
702,0.9935135135135121,0.9702702702702702,0.9972972972972972,0.9972972972972972,0.5427826220095093,0.45974915965178675,0.5469511742392805,0.607564818644132,0.6980436374568932,0.6291076993879117,0.697864101668834,0.7560047985297564,0.6984727530643692,0.6292268626045608,0.6961210417710557,0.756606002269415,0.48756683315251775,0.42788935743037204,0.49020031023689964,0.5530859155943524,0.5129265268160337,0.44978689937813465,0.5182487631959443,0.5662802344835229,0.29913813041458687,0.24180948467103042,0.3002816515719047,0.37397218401663196,0.21056195642710565,0.20959954880078682,0.2110128548811631,0.2110128548811631
703,0.9921621621621608,0.9702702702702702,0.9972972972972972,0.9972972972972972,0.5485512503755126,0.4705822880983021,0.5555107530553268,0.6135375003533603,0.7022219482885174,0.6354531470594544,0.7018654839087684,0.7629741776056551,0.702602127994461,0.6326063336952584,0.7053008702053845,0.7644603080795759,0.4933973330701864,0.42598521326136596,0.4950070360563801,0.556670889765403,0.518781319416925,0.4561050637125877,0.5254598994030231,0.5744961612112193,0.29486993609359585,0.23274151674626758,0.2977417256768974,0.3646709668001033,0.2105899489640142,0.20959954880078682,0.2110128548811631,0.2110128548811631
704,0.9918918918918906,0.9702702702702702,0.9972972972972972,0.9972972972972972,0.5546382494866358,0.47889413482519005,0.5599281937516781,0.6123665332241186,0.7060363186151518,0.6357390727365405,0.7071433232542241,0.7707337733658142,0.7047925259638214,0.6303402255301455,0.7109193615504299,0.7669223974208016,0.4975811638663615,0.4334294693497518,0.5036724385706068,0.5607580234117366,0.5239400333494079,0.4622288005367517,0.5319720795427595,0.5803144197004207,0.2897512880337489,0.22797985593246572,0.2909470973652821,0.35616888003131303,0.2106880680673753,0.20959954880078682,0.2110128548811631,0.2110128548811631
705,0.9916216216216205,0.9702702702702702,0.9972972972972972,0.9972972972972972,0.5622471678590739,0.4848754574070086,0.5663019519144972,0.6257386903428526,0.7100972486642351,0.6333286684552362,0.7113778521971537,0.7821886185817013,0.7094558240661706,0.6306747177901787,0.7137420784767395,0.7727904862084127,0.5038183435073327,0.43442930598199925,0.5104791361605721,0.5730144332411419,0.5308671218885423,0.46154308401617217,0.5355464397012811,0.5927842393589848,0.284315149660821,0.22115762306419667,0.28603967651353973,0.3583201386633358,0.21070220112817906,0.20959954880078682,0.2110128548811631,0.2110128548811631
706,0.9883783783783777,0.9702702702702702,0.9972972972972972,0.9972972972972972,0.5695355711060702,0.4914998985941992,0.5724004919053105,0.6392488576438241,0.7143648352555018,0.6438604449270323,0.7124710384642695,0.7814341201144475,0.7135231410821151,0.635281388666034,0.716780856971675,0.7720644210973053,0.5096637025777987,0.44092469967786807,0.5149185854652921,0.5762813821172343,0.5374474615178448,0.46995581107690887,0.5424212197466449,0.5907775076415653,0.27954069658299174,0.22139736433978532,0.2799784466506031,0.35466825042329225,0.2107304672497866,0.20959954880078682,0.2110128548811631,0.2110128548811631
707,0.987567567567567,0.9702702702702702,0.9972972972972972,0.9972972972972972,0.5757675868514707,0.49925664175638956,0.5774619503572336,0.6548957676410372,0.71833790926859,0.6497663393841713,0.7186810241232509,0.7918127875435259,0.7187069090661717,0.6398508964356974,0.7268585436614917,0.7806138464688229,0.5162979503755335,0.44237224774407713,0.521473816462117,0.5815041461337924,0.5439740895286937,0.47551714203749523,0.5456873226330697,0.5991648972420921,0.27492822721143706,0.21460148802686008,0.27287679591768155,0.3449806021213935,0.21075873337139414,0.20959954880078682,0.2110128548811631,0.2110128548811631
708,0.9864864864864858,0.9702702702702702,0.9972972972972972,0.9972972972972972,0.5828742070180328,0.5042282949328835,0.5887959083024029,0.6530967909793911,0.7225891901901095,0.6503292606352683,0.721614300370756,0.7958803927598791,0.7231805829443511,0.6437158805375516,0.7275467610691027,0.7915997390828188,0.5224499220976273,0.45762153478769135,0.5242737206606102,0.5864819399173606,0.5507080859240395,0.4785912201032084,0.556573650120027,0.6087398045995408,0.269948637894471,0.20706734657487996,0.2687541397695933,0.3342907057796981,0.2107728664321979,0.20959954880078682,0.2110128548811631,0.2110128548811631
709,0.9848648648648645,0.9432432432432433,0.9972972972972972,0.9972972972972972,0.5881867975055852,0.5032750471418459,0.5926101068681136,0.651166674532177,0.7251739205677246,0.6631016062047533,0.7271528402629057,0.797489469958229,0.7262231164903334,0.6528185053106373,0.7316265216322989,0.7904572451970664,0.5264976804459702,0.46337048052570706,0.5313042331435031,0.5882450684584882,0.5553768417181538,0.4898755232613431,0.5560480723554446,0.6124564283915153,0.26528667419408714,0.20010767983466046,0.26550702665159365,0.3356716661814199,0.21078699949300167,0.20959954880078682,0.2110128548811631,0.2110128548811631
710,0.9843243243243239,0.9432432432432433,0.9972972972972972,0.9972972972972972,0.5949516737638922,0.5107554211476049,0.6005788327858264,0.6571676630698159,0.7291527193630077,0.6654656154132574,0.7318382038875737,0.7951680417041594,0.7315111539754885,0.6508619181546595,0.7373701078900081,0.8012983720114366,0.5332433683019832,0.47121074030574983,0.5376801130588004,0.5884793996785915,0.562178260446886,0.4978998722556557,0.5632214897528842,0.6160436084327692,0.26070559179500774,0.19716169078776075,0.25851003947921525,0.33214943674107406,0.21080113255380542,0.20959954880078682,0.2110128548811631,0.2110128548811631
711,0.9827027027027024,0.9432432432432433,0.9972972972972972,0.9972972972972972,0.6009752989703236,0.5194175238616491,0.6045920446932529,0.6579037727210469,0.7308721963825165,0.6659611920011578,0.734910258571883,0.7947492134002078,0.7366734627367555,0.665697330489455,0.7384715457470642,0.7997759840042935,0.5382312047901234,0.4715757542505408,0.542697593512083,0.6012729826757555,0.5678304146377432,0.4958714414950088,0.5678783926872736,0.6272086577098965,0.25565242810136113,0.19813848827990105,0.2531066839429766,0.32567345421197136,0.21082912509071394,0.20959954880078682,0.2110128548811631,0.2110128548811631
712,0.9816216216216215,0.9432432432432433,0.9972972972972972,0.9972972972972972,0.6091415068374395,0.5276417576579058,0.6163184307133636,0.6722447500551091,0.7361944568750366,0.6597975358733211,0.738056381052125,0.8050097142369205,0.740625999384743,0.6687676905487304,0.7432921762261224,0.8074326474282955,0.545038899020871,0.4788404101804166,0.5526351045004527,0.6039828311565142,0.5753438270171879,0.5049469970696019,0.5773750316186804,0.6353586077082004,0.24962237335607335,0.19002818889025513,0.24631278528468675,0.31286996746059237,0.21087152427312525,0.20959954880078682,0.2110128548811631,0.2110128548811631
713,0.9805405405405406,0.9432432432432433,0.9702702702702702,0.9972972972972972,0.6163912058705275,0.5381124194871102,0.6188454065595757,0.6797757257497118,0.7406480016183654,0.6689711932295037,0.743112568727164,0.8005585683656555,0.7437238666041823,0.6765956842636438,0.7467195622293574,0.8092658963915894,0.5507167163642712,0.4868828073848834,0.5537240656482438,0.6150934975016428,0.5818176312756339,0.5111186316149251,0.5859057852512802,0.63997190255978,0.2443356386472496,0.18621664700795126,0.2434394697083257,0.31201877823301194,0.21091392345553653,0.20959954880078682,0.2110128548811631,0.2110128548811631
714,0.9794594594594597,0.9432432432432433,0.9702702702702702,0.9972972972972972,0.6235062974045231,0.5522429935034877,0.6279923358716188,0.6823989803355397,0.7450209537549622,0.6695746186595788,0.7509404172857386,0.8072450391572603,0.7466062343663747,0.679861974093153,0.7479396529384336,0.8096960600105138,0.556100727631951,0.48960939086865907,0.5572764125224285,0.6185553917995137,0.5880611572908399,0.5208439457249544,0.5925611088145274,0.6462910706626409,0.23951245850587985,0.1785571303383836,0.23594359529435488,0.30093449845967946,0.2109280565163403,0.20959954880078682,0.2110128548811631,0.2110128548811631
715,0.9775675675675679,0.9432432432432433,0.9702702702702702,0.9972972972972972,0.6306525552530762,0.56667506422158,0.6327961504442036,0.6954603355436965,0.7488735748510955,0.6778218852304084,0.752085164898235,0.8108400455995972,0.7502201311189038,0.6870863975427564,0.7526684268989657,0.8106636194343906,0.5616562610928999,0.5047845215445239,0.5638581953756041,0.6326151126234145,0.5939744183233774,0.536237118441464,0.5960043594955661,0.6489535955397333,0.23534465691195794,0.1767415021074361,0.23257665203136108,0.28965022701800464,0.2109704556987516,0.2110128548811631,0.2110128548811631,0.2110128548811631
716,0.9767567567567571,0.9432432432432433,0.9702702702702702,0.9972972972972972,0.637677958611855,0.5662201793941266,0.6379582126929292,0.7093696154804151,0.7534981423389371,0.6810043000283033,0.7574116298584423,0.8235384522143561,0.7532073823964268,0.6870691725925779,0.7536755199408439,0.8124551176712637,0.5672629800358595,0.502734356736486,0.5709176979467312,0.6304999381605999,0.6004002038589354,0.5400645120633686,0.5998009097649927,0.6582708287845751,0.2296437780674624,0.16824177519805109,0.22896555474344824,0.2878885673360281,0.2109704556987516,0.2110128548811631,0.2110128548811631,0.2110128548811631
717,0.9743243243243246,0.9432432432432433,0.9702702702702702,0.9972972972972972,0.6454465916208106,0.5721391829590878,0.6457047641486725,0.7127202052597199,0.7558543915359965,0.6782504534699337,0.7618228137774965,0.8231580011403968,0.7559163031454826,0.6861180272241952,0.7616785443682991,0.8157468330423777,0.571000366032779,0.5078049378359836,0.5712198546816014,0.6395104798740355,0.6063337542535812,0.5470599164165802,0.6039770098541541,0.6644015255969058,0.22344266305005853,0.16911850642473436,0.22489644944408188,0.28147113257488615,0.21137331892951597,0.2110128548811631,0.2110128548811631,0.2110128548811631
718,0.9740540540540543,0.9432432432432433,0.9702702702702702,0.9972972972972972,0.6510857827992373,0.5724022418795068,0.6538098923694491,0.7167747572408991,0.7589041582530739,0.6814653924475047,0.764003898647866,0.8270378176923305,0.7577271067295535,0.692337192803437,0.7633257353316422,0.823569009105556,0.5746908746217388,0.5053034541107886,0.5763341406983078,0.6455403669442183,0.6110250509974886,0.5458526192714037,0.610268562140415,0.667819631986042,0.22012862442720596,0.1602488002960626,0.22061541959266529,0.27786411441908593,0.2113500812640966,0.2110128548811631,0.2110128548811631,0.2110128548811631
719,0.9727027027027032,0.9432432432432433,0.9702702702702702,0.9972972972972972,0.6583390530142396,0.584966236490886,0.6618851770582754,0.7256555423627973,0.7631452501984403,0.6777664830532407,0.7708300216590386,0.8273316038960157,0.7618684627816795,0.6904499808362322,0.7632359074422932,0.8317698916466977,0.5810891924397915,0.513395736475972,0.5831836739209447,0.6512390404496949,0.618060177816386,0.5559833257552385,0.6167705206479717,0.6801971562686283,0.21472903156614215,0.15836871898113694,0.21370226190963015,0.27068804703236876,0.21132743171942392,0.2110128548811631,0.2110128548811631,0.2110128548811631
720,0.9718918918918925,0.9418918918918919,0.9702702702702702,0.9972972972972972,0.6645526023684367,0.5921435706910837,0.6626108841891291,0.7317915542089545,0.7671233182259344,0.6755684009584921,0.7755901868139217,0.8392562472504301,0.7652284165016112,0.7026423133544882,0.7666318939743498,0.8288063185758499,0.5867383480714292,0.5189340121575761,0.5842611132531957,0.6537459501664332,0.6238549424601743,0.5600574291988576,0.625404242922172,0.6814805764157214,0.21042986992216875,0.15172674366573868,0.21136109555950056,0.272142390513145,0.21131948206305562,0.2110128548811631,0.2110128548811631,0.2110128548811631
721,0.9708108108108112,0.9162162162162163,0.9702702702702702,0.9972972972972972,0.6712167121933564,0.5985908897629039,0.6738548021034053,0.744914548378837,0.7708448828814523,0.6887278467760272,0.7797680457237828,0.8391409878452792,0.7681077223917463,0.704616199434164,0.7682707691068994,0.8249619271023221,0.5918596702763099,0.5264681200338099,0.5906279385134285,0.6600347293490629,0.6296103693088433,0.5685995018563422,0.6271332239164669,0.6948728136908263,0.2057876212604055,0.14205851666509806,0.20730573123726734,0.26597784215696496,0.21131207868916324,0.2110128548811631,0.2110128548811631,0.2110128548811631
722,0.9694594594594599,0.9162162162162163,0.9702702702702702,0.9972972972972972,0.679114452110176,0.6078170607923912,0.6768882671396603,0.7500863321799928,0.775062146719137,0.7019736606851725,0.7834616884428625,0.8398927937230761,0.7724070993926284,0.7067301108945003,0.7746758020080116,0.8340478885734874,0.5983728426869768,0.531144799013882,0.5981951607526066,0.6664012700630841,0.6369304125147456,0.579699440594434,0.6361845085342874,0.6958579964262326,0.2005934313139791,0.1317919143825304,0.1989451461016794,0.2621049247325939,0.21129106875282433,0.2110128548811631,0.2110128548811631,0.2110128548811631
723,0.9683783783783788,0.9162162162162163,0.9702702702702702,0.9972972972972972,0.6879432932540781,0.6151666094608322,0.6866270286588698,0.7610598017181268,0.7774018962069285,0.697777900656998,0.7839920319558514,0.837385252016915,0.7745399658645148,0.707179483396949,0.7773167429317811,0.8397184679700097,0.6018929805121495,0.5332610395620018,0.6013696015873803,0.677313579073836,0.6429370132820077,0.5818710304162766,0.6431453331292376,0.7018942503775918,0.19498339534236334,0.12533385048439621,0.19333612346604928,0.2563191017775088,0.21127056629307298,0.2110128548811631,0.2110128548811631,0.2110128548811631
724,0.967567567567568,0.9162162162162163,0.9702702702702702,0.9972972972972972,0.6942515603309451,0.6206304991192257,0.6986058568931435,0.7674956186303941,0.7807856978134208,0.697163601605699,0.7863534371810681,0.8439836604749514,0.7778933097313506,0.7166966054799838,0.7767950316627643,0.8446639627941745,0.6071381482629876,0.5285696427684218,0.607145968575576,0.6797525973533252,0.648076980034497,0.5833505825805464,0.6516854234933291,0.7073190921373257,0.19050948579356888,0.12526619768394578,0.1879330961223555,0.2574696543153999,0.21125055304350007,0.2110128548811631,0.2110128548811631,0.2110128548811631
725,0.9662162162162167,0.9162162162162163,0.9702702702702702,0.9972972972972972,0.7005072933425316,0.6253185592624979,0.7020240108958473,0.7751901228433987,0.7804258553495774,0.6960307901811678,0.7858264803297244,0.8480262245233285,0.7811645303911843,0.7102510514677699,0.780251313022765,0.8473203335443521,0.6094483937172451,0.535148578297177,0.6081928846305823,0.6871619810295067,0.6521060474429001,0.5890181510879962,0.6495327944273903,0.7103035824995689,0.18578166014241193,0.12561000789575033,0.1849715137588045,0.24656794033481255,0.2112310114798243,0.2110128548811631,0.2110128548811631,0.2110128548811631
726,0.9651351351351357,0.9162162162162163,0.9702702702702702,0.9972972972972972,0.7079166395224539,0.6351666282734392,0.7110273700045506,0.790754017838812,0.7835672433248416,0.703251043907318,0.7851754975146378,0.8512332438640835,0.7847799608132869,0.7196725205931351,0.7841896856450211,0.8574468652876377,0.6147896778141376,0.5435092799152111,0.6150195201809716,0.6898501573155816,0.6578709488211204,0.5940176050244184,0.6578946171177165,0.715526737922806,0.18110346034359534,0.12071719812456973,0.1792350201306271,0.24220420500642142,0.21121192480211765,0.2110128548811631,0.2110128548811631,0.2110128548811631
727,0.9629729729729735,0.9162162162162163,0.9702702702702702,0.9972972972972972,0.7155782942898438,0.6453776884173944,0.7160401624611286,0.7931267482705393,0.7865430489047434,0.704733765214007,0.7901279925311712,0.8578501970442319,0.784672387387426,0.7168619207460782,0.7892809970279252,0.8518585540323753,0.6170985384527977,0.55001970200752,0.6208985897812942,0.6951118000894708,0.6627462844433843,0.5995962421553169,0.6607247543225507,0.7207441389698375,0.17469476464575273,0.11784185884031582,0.1779729158304626,0.23370494267528547,0.2111932769138133,0.2110128548811631,0.2110128548811631,0.2110128548811631
728,0.9618918918918924,0.9162162162162163,0.9702702702702702,0.9972972972972972,0.7197722184041069,0.6457073216568185,0.7226643720780148,0.7910762783990358,0.7900285153608383,0.7115224636738422,0.7940731043986935,0.8545955254770748,0.7858471785570331,0.7150891932527588,0.787288943631755,0.8451127723628953,0.620801978647755,0.5458816300945595,0.6261458322484912,0.703089775395464,0.6672328049673841,0.6018778081429123,0.6658869824931078,0.725290110624382,0.17026963077074467,0.10263054715147908,0.17013381348019688,0.22993698271059185,0.21199491192085548,0.2110128548811631,0.2110128548811631,0.2110128548811631
729,0.9608108108108112,0.9162162162162163,0.9702702702702702,0.9972972972972972,0.7261416803916271,0.6602051259936005,0.7254302079012709,0.7994639544720651,0.7927283972394187,0.7222093667658506,0.7972414618501624,0.8610608607116709,0.7886813420234602,0.7138604576784698,0.791030820248795,0.8553075932943502,0.6252428972636013,0.5552402840443488,0.621749599159316,0.7092153916448334,0.6726173792694934,0.6139903202231252,0.6715979009146207,0.7299759400399541,0.16579771335111457,0.10325098307698322,0.16928182119337287,0.22404923374912505,0.21273634714848305,0.2110128548811631,0.2110128548811631,0.21180542825667023
730,0.9602702702702706,0.9162162162162163,0.9702702702702702,0.9972972972972972,0.7328894419374176,0.663134366381772,0.7325163710326983,0.8132193037875354,0.795272476273961,0.7292224403032468,0.794432454256866,0.8623872413828767,0.7924612311164981,0.7225481813565129,0.7922831704588112,0.8572660675573439,0.6302655787772927,0.5586687706910287,0.6279875063088814,0.7114230053530851,0.6780935345284798,0.616629294404049,0.6789769068362034,0.7367951884239902,0.15976918043762559,0.08854083902509235,0.1623928313343602,0.2196514632162519,0.21343287776845143,0.2110128548811631,0.2110128548811631,0.2467104569483934
731,0.9594594594594598,0.9162162162162163,0.9702702702702702,0.9972972972972972,0.7411326188140144,0.6635547777251116,0.7431692505701151,0.809018752425558,0.7955446890990775,0.7188126858504967,0.7966832487138749,0.8568743007850882,0.7947835305728767,0.7304548453079284,0.7976421991338896,0.8667418820605423,0.6323853095386379,0.5520949347545616,0.6321752845159783,0.7216161696690392,0.6822211474890075,0.6241247636752396,0.6848109014084047,0.7354668754120781,0.15395288311836516,0.08815881077885651,0.1606846001945275,0.21576253620819139,0.2140856239097977,0.2110128548811631,0.2110128548811631,0.2467104569483934
732,0.9583783783783789,0.914864864864865,0.9702702702702702,0.9972972972972972,0.7482602473439388,0.6700096728997271,0.749244172624491,0.822600054359386,0.7988552124963604,0.7222734402625988,0.8021913364465398,0.8611463895863518,0.7936299635599172,0.7282955909605497,0.7930024634596713,0.8657640914040057,0.6340368038580473,0.5488239629243435,0.6348625256874484,0.719023888958812,0.686653800056405,0.6261061539016256,0.6886564711546019,0.7435328701031475,0.1489960566136255,0.07598852616493654,0.1517748899650275,0.2148921814150568,0.21550139165199586,0.2110128548811631,0.2110128548811631,0.2489754114156633
733,0.9575675675675681,0.8891891891891893,0.9702702702702702,0.9972972972972972,0.7518100010438465,0.677168930870205,0.749095159551332,0.8330929201830206,0.8004503764414983,0.7178401893127849,0.8029240618696425,0.8590786458254782,0.794859009578238,0.7247789821095788,0.79803868858517,0.8553389273899238,0.6362913310128769,0.5490936513069953,0.6373573760652551,0.7088063097611462,0.6894685398507165,0.6273240713056578,0.6923785478989695,0.7422388815826741,0.14585378038305333,0.0788434486399859,0.15002441282693657,0.21013162227772655,0.21602329334451364,0.2110128548811631,0.2110128548811631,0.2489754114156633
734,0.9562162162162167,0.8891891891891893,0.9702702702702702,0.9972972972972972,0.7531447661043396,0.675877767649801,0.7499999999999994,0.826015866709224,0.7999676162887881,0.7274294589992959,0.8035579212000523,0.8572057002282989,0.7988054602952951,0.7369197142500884,0.7976247470143696,0.8700416482392799,0.638979039054904,0.5607273335996181,0.6404950048747032,0.7171925913823639,0.6915970245761889,0.6295382268961377,0.6942905380752721,0.7434659954529252,0.14106315773689787,0.07639224679119629,0.14194367346657732,0.2004662957394199,0.2165057101099077,0.2110128548811631,0.2110128548811631,0.2467104569483934
735,0.9556756756756759,0.8891891891891893,0.9702702702702702,0.9972972972972972,0.7569466898191426,0.6755803860612033,0.7570947337587383,0.8333333333333326,0.8021564428850034,0.7289618918900747,0.8097805913966309,0.8649982508275437,0.7996861512599284,0.7370162094727606,0.7997662206690548,0.8604991222840844,0.6412652773348511,0.5625440043320798,0.6470185665023073,0.7134494624089873,0.694020053137331,0.6351561032828202,0.6967314362659345,0.7432172985730803,0.1376759402210835,0.07253279447384177,0.1412903737575058,0.19084094038967447,0.21654670319154787,0.2110128548811631,0.2110128548811631,0.24461259881704925
736,0.9548648648648649,0.8891891891891893,0.9432432432432433,0.9972972972972972,0.75746131152366,0.6664728682170539,0.7635782139927683,0.8254306240879632,0.8034685954677289,0.7293878522838777,0.8115973718040819,0.8610477400208569,0.8027165382570277,0.7347578389528261,0.8034504707960408,0.8638478239608806,0.6448866537600187,0.5605700312299016,0.65004594633209,0.7197082847838,0.6964643293686715,0.639440297948144,0.7004083499412886,0.7542570252008622,0.13400436207654035,0.06569258253888582,0.13874635132915714,0.1900164379496892,0.21657326488902348,0.2110128548811631,0.2110128548811631,0.24450218523118905
737,0.955945945945946,0.8891891891891893,0.9432432432432433,0.9972972972972972,0.7609399233705662,0.6702539763727795,0.7663347468087993,0.8369609450366559,0.8060806316816077,0.7375764899099921,0.81348180513236,0.8628995737100587,0.8051080935167532,0.7436541013499555,0.8052216496147682,0.8663082941518317,0.6489014289570545,0.5724508894258664,0.6548924490307808,0.7271674101982255,0.7005360058484151,0.6454516405221504,0.7003039487622635,0.7592628862113385,0.13129232760711593,0.06682364179939743,0.13389855132285367,0.18669484805242018,0.2165856668658174,0.2110128548811631,0.2110128548811631,0.24245622393505437
738,0.9554054054054053,0.914864864864865,0.9432432432432433,0.9972972972972972,0.7635593281107603,0.6705545786490633,0.7631407577912828,0.8471746810017147,0.8084866152648574,0.7376890165627036,0.8125520193126035,0.8682373381593688,0.8098278485923514,0.7493865665920223,0.8081275442238083,0.8727747160154313,0.6546183869952794,0.5815763478793452,0.6609853215292611,0.7273536614036256,0.7054245617322218,0.649122331041725,0.7085889027061729,0.7565993443067835,0.12978474762789444,0.07047427339212041,0.1312903351654482,0.18879846927137123,0.21701088287830003,0.2110128548811631,0.2110128548811631,0.24245622393505437
739,0.9543243243243243,0.8891891891891893,0.9432432432432433,0.9972972972972972,0.7657404081292417,0.6811474868948391,0.7648732103327818,0.8449598296833333,0.8094366525581367,0.7429268142900429,0.8137789384097532,0.8706052104007105,0.8102115028812854,0.7440224198760159,0.8123403031322756,0.8676238376585482,0.6557221513065804,0.586378265658323,0.6614183289934152,0.728623579161124,0.7071096473171125,0.6485785131924244,0.7095649074421964,0.7704527592457616,0.12735268146612774,0.07320714621322662,0.12848114007207906,0.18443910055935342,0.2165690341988543,0.2110128548811631,0.2110128548811631,0.24035259780937593
740,0.9532432432432433,0.8891891891891893,0.9432432432432433,0.9972972972972972,0.7677162134277215,0.6889919160148075,0.7675275370756353,0.837188526947855,0.8122899718221757,0.7414382380916912,0.8143715065642279,0.8752806542520728,0.811979403461204,0.7518256261306511,0.8123316912958861,0.8625782170357026,0.6594572770889426,0.589477854988826,0.6622859588197474,0.730269003307846,0.7100397556535075,0.6517666623292983,0.7116032357811333,0.7696138795039621,0.12313892226433992,0.07129560576980046,0.12176315113059215,0.17780542822989753,0.21613763719767223,0.2110128548811631,0.2110128548811631,0.2382998144513048
741,0.9548648648648651,0.8891891891891893,0.9432432432432433,0.9972972972972972,0.7727620935067878,0.6895231474381344,0.7748612840703494,0.8452352359465901,0.8146833593440307,0.7389523030796928,0.8176946249819748,0.8869689015123413,0.8137038640938313,0.744359446265099,0.8187875840278069,0.8690753866394252,0.6628727090368649,0.5980610432679972,0.6635223748173494,0.7346343662195958,0.7143509184599546,0.6588561251882973,0.7141507458349231,0.7767888299213065,0.12100216205811011,0.06436242002078281,0.12266466767075654,0.17843962132199034,0.21571632083554568,0.2110128548811631,0.2110128548811631,0.2362960434431227
742,0.9543243243243245,0.8891891891891893,0.9432432432432433,0.9972972972972972,0.7735694590289508,0.703451323796067,0.7756100626895084,0.8459354295765823,0.8147437934460606,0.7320418715863939,0.8186067410659328,0.8827545136338792,0.8150102210110427,0.7463718688193054,0.8182144324170589,0.8719082249852169,0.6640148479221172,0.5912349863275242,0.6673394782117695,0.7304616988932962,0.7156528086873815,0.6532431967887707,0.7126637610191426,0.7790909862978213,0.11889243697685334,0.06229316473220602,0.11899937833865368,0.17657781376254386,0.215304729068028,0.2110128548811631,0.2110128548811631,0.234339528646057
743,0.9535135135135135,0.8891891891891893,0.9432432432432433,0.9972972972972972,0.7763154219371243,0.7020395877385911,0.7792845574878894,0.8472245665962588,0.8185546671678812,0.7333055020459416,0.8235784039726071,0.878909261089403,0.8172655209983948,0.7459163847148987,0.8147252724620078,0.8760352790037751,0.6689916770443652,0.6005000977191176,0.6686493620700062,0.749836348409485,0.7199415702815544,0.6658236503690462,0.7180156759201513,0.7831059225049768,0.11678558040420203,0.060858421084207595,0.11636614157341862,0.17118337411990428,0.2149025204769876,0.2110128548811631,0.2110128548811631,0.23242858644554734
744,0.9548648648648651,0.8891891891891893,0.9702702702702702,0.9972972972972972,0.7781318926010055,0.7122106284417955,0.7796093146768978,0.8560450076500264,0.8213274425899947,0.7429732331535932,0.8265492209502057,0.8861861018600721,0.8199201888023292,0.7428865543990636,0.8160427890018288,0.8815182713438524,0.6734690534677398,0.6014542745269544,0.6730065600118479,0.7527087022855284,0.7234452749274142,0.6697161084839887,0.7208591314475286,0.7888221699557968,0.11463827626288968,0.06366710501550979,0.1151893110218759,0.1750099659396766,0.21450936783984428,0.2110128548811631,0.2110128548811631,0.23056160366810122
745,0.9543243243243245,0.8891891891891893,0.9567567567567568,0.9972972972972972,0.7802656609292045,0.7105811984034712,0.7821005955213123,0.8562424878728246,0.8227554635313808,0.7561730598886595,0.8270061324705982,0.8936466477791396,0.8206734343458764,0.7458683868984869,0.819575456438738,0.8823194509451481,0.675261643803418,0.6058526718666652,0.6736230915994608,0.7550085350583645,0.7255447520061664,0.6746001071395671,0.7241017782382522,0.7905410799545699,0.11273805999380833,0.06154674152557378,0.11153672286050358,0.16832061271001875,0.21412495765679426,0.2110128548811631,0.2110128548811631,0.22873703527400377
746,0.9545945945945948,0.8891891891891893,0.9702702702702702,0.9972972972972972,0.7846334745471926,0.7167402628320526,0.7828046374515343,0.854902528888697,0.8242554700900147,0.7493823231646574,0.8301315090962651,0.9021701199940059,0.8236901592129711,0.7520808927850449,0.8233123990939577,0.8872422201268426,0.678920978241743,0.6067224668204668,0.6736455770819979,0.7628957961884153,0.7298077045086009,0.681618431671609,0.7243649835363071,0.7955152419535219,0.10946135609898498,0.058757294700357066,0.10734012427911524,0.16734139274659562,0.2137489896516919,0.2110128548811631,0.2110128548811631,0.22695340190661928
747,0.9527027027027031,0.8891891891891893,0.9702702702702702,0.9972972972972972,0.7872659021464112,0.708782061393346,0.7863045233551049,0.8640060874403894,0.8262803571745233,0.757291017358341,0.8303898030086235,0.8970114912680295,0.8243798480864518,0.7635733104179366,0.8252565617897073,0.8850215539403602,0.6811253533277902,0.6029073920567493,0.6775001449631612,0.7694761363832313,0.7323039675244487,0.6863593318973286,0.7325743554565132,0.7911332251982015,0.1081610492706514,0.05660287910615506,0.10602132675557138,0.1715320878406422,0.2133811762586265,0.2110128548811631,0.2110128548811631,0.22520928736056472
748,0.9532432432432436,0.8891891891891893,0.9702702702702702,0.9972972972972972,0.7899090782932714,0.718250468767707,0.7837802848938056,0.8657153175503507,0.8267436780812224,0.756370480046665,0.8326544009481672,0.894982980407363,0.8257355288735707,0.7556979407025006,0.8262201500117413,0.8862656087284182,0.6826207584481468,0.6000937493536775,0.6808026941144185,0.7672182501700003,0.7344569594276169,0.6802329480985373,0.7342832944857685,0.8008674198540596,0.10558527377625794,0.05464316312985299,0.10327271361483745,0.17609537010349408,0.21302124210339218,0.2110128548811631,0.2110128548811631,0.22350333601652408
749,0.9516216216216219,0.8891891891891893,0.9567567567567568,0.9972972972972972,0.7936112275017608,0.7290458589276179,0.7920599941536529,0.864235763323932,0.8283494694572456,0.7593435626833477,0.8320904461997316,0.8981952138048013,0.8277391218230317,0.7620459171109204,0.8280003941796068,0.8925658252260754,0.6856164311269746,0.603563949203318,0.6853948410002625,0.7645956088727364,0.7378797723216881,0.6887797753174373,0.7376757259062168,0.801390714077426,0.1034877563755766,0.054510953420703404,0.10061131636915518,0.16546179343280487,0.21266892348682376,0.2110128548811631,0.2110128548811631,0.2218342502790669
750,0.9527027027027031,0.8891891891891893,0.9567567567567568,0.9972972972972972,0.7949617651424112,0.7284292858668929,0.7937509173217824,0.860213572872274,0.8297963428928533,0.7635039758989228,0.8322117780566542,0.8985688709233423,0.828200452328133,0.7533099682017298,0.8342160572391535,0.8947528873224927,0.6873264650198468,0.6057525808413081,0.6888915726571276,0.7776767306557208,0.7396193837516268,0.6839422827702257,0.7391211459510016,0.8003751321196239,0.10200824893829505,0.05097936207737362,0.10007594708293603,0.169069605448906,0.21232396787522081,0.2110128548811631,0.2110128548811631,0.22020078804485968
751,0.9524324324324327,0.8891891891891893,0.9567567567567568,0.9972972972972972,0.7953788656765763,0.7307444723544427,0.7986877429995743,0.865911616406464,0.8291429563277433,0.7565785988700244,0.8333714846769478,0.8987642925411008,0.8290468597686369,0.7515267259771355,0.8334411301433351,0.8913946115061667,0.6873794421663492,0.6116598611941364,0.6898769756670149,0.7776005854614312,0.7397443464136478,0.6765050242357302,0.7396389045576635,0.7978364061584274,0.10016060336474336,0.04465410819948136,0.09575798904252047,0.17307889128661819,0.21198613340172087,0.2110128548811631,0.2110128548811631,0.21860176022160568
752,0.952972972972973,0.8891891891891893,0.9702702702702702,0.9972972972972972,0.7965965181431675,0.7315633151490563,0.7969469326115275,0.8577655208916454,0.8314913429365314,0.7496114975001544,0.8322314541836284,0.9004734024124473,0.8300857920965413,0.7567273173926303,0.835009123107909,0.8997633352167225,0.6901259605509175,0.6126327112881823,0.6889471016440722,0.7819208279144314,0.7418473474956264,0.6826015632329563,0.7409361722533839,0.7983889873948445,0.09935643180440765,0.04554248513920006,0.09578507135186266,0.17683553229785257,0.21167806297792185,0.21094218957714428,0.2110128548811631,0.21703602831250565
753,0.9521621621621622,0.8891891891891893,0.9567567567567568,0.9972972972972972,0.7965587544439121,0.7317794561852285,0.7954007776688051,0.8617562283440554,0.8327501755060611,0.7630546251001628,0.8329227824680032,0.8994098672212063,0.8311527692415107,0.7557109436447172,0.8341097429805224,0.897061294494781,0.6921079791550397,0.6150927829214781,0.6877140625875198,0.7799059595832571,0.7429875423254455,0.6781541715162545,0.7437418583079565,0.797892281657564,0.09739510511476737,0.04961274910269521,0.09419942797339145,0.16643921083804109,0.21137667112795802,0.20953025142026296,0.2110128548811631,0.2155025020766894
754,0.9529729729729732,0.8891891891891893,0.9702702702702702,0.9972972972972972,0.7983117259349432,0.7221208952925274,0.8008583348758025,0.862553805735652,0.8335566626812616,0.7558644841173369,0.8373860631430399,0.8950649504472183,0.8320243571843237,0.7613812242023671,0.8312442333427297,0.902839352416505,0.6935605943410144,0.6149306392304206,0.6958592906154637,0.783058719416673,0.7445691094198557,0.6872164149722371,0.7426332081600178,0.8056564847840196,0.09538605200575402,0.04155610897961774,0.09352965357334472,0.15665059043712315,0.21108175625282083,0.20814562957412175,0.2110128548811631,0.21400013727266803
755,0.9516216216216218,0.887837837837838,0.9702702702702702,0.9972972972972972,0.8002306651518432,0.7136835505699222,0.8035081793196299,0.8652002004361515,0.8340274481503828,0.7486422877892908,0.8357517011794018,0.8962679197683834,0.8323941205683066,0.7541552763718902,0.8355487477604532,0.902043296939941,0.6943017483824441,0.6102570527536729,0.6995585717038497,0.78296095031406,0.7460949532143816,0.6825769472706196,0.7476957120424998,0.8087845729096699,0.09336040450702786,0.04575318605905619,0.0885909955964129,0.15482987898930609,0.2107931256192697,0.20678748256776336,0.2110128548811631,0.2125279334892107
756,0.9516216216216218,0.8621621621621623,0.9702702702702702,0.9972972972972972,0.8025473020619869,0.709403711486063,0.8045233608672424,0.8666685253948981,0.8357724621949869,0.7566261498775785,0.8354496811195349,0.9038901158874391,0.832590487325476,0.7462814384763348,0.8352839610508682,0.8962511901790198,0.6958910897089545,0.6078791602522483,0.7052686761853777,0.7860025175524853,0.7482886993356349,0.6926178785801432,0.7506075300786141,0.8105116650396424,0.09273019062345035,0.04004429036739541,0.09031965085055493,0.15216009668961047,0.21051059496352897,0.20545500309282913,0.2110128548811631,0.2110849320659955
757,0.9513513513513514,0.887837837837838,0.9702702702702702,0.9972972972972972,0.8014311797088838,0.7084719777201048,0.8030730106430009,0.8701710830855455,0.8355235614555738,0.7551470287931416,0.8385108876083468,0.8985058028538491,0.8337779488177727,0.7467607801045829,0.8408386285592224,0.9058292644268384,0.6966768337513024,0.6091532015933268,0.6985602896718144,0.7889276704329556,0.748189271610498,0.68735482756127,0.7500038479423812,0.8126237570351953,0.09162809127605472,0.043792809281346615,0.08821885098220521,0.15305217790497902,0.21022137669181432,0.20414741637286113,0.2110128548811631,0.2110128548811631
758,0.9516216216216219,0.8891891891891893,0.9702702702702702,0.9972972972972972,0.8041520060126561,0.714846297930037,0.8056787474913418,0.873841085726914,0.8366660292862911,0.7574998449432486,0.8406721532512198,0.9010816228911971,0.8325764056038182,0.7393922563760678,0.8394909207071052,0.9061603111481654,0.6966280807780683,0.6107823725599915,0.6997572449275523,0.7935303791468861,0.7495757966768047,0.6857466834419818,0.7512907497674579,0.8193765526628308,0.0909030506218674,0.0413987508397478,0.08719455139298174,0.14443792069807132,0.2099502905166153,0.20292703572163026,0.2110128548811631,0.2110128548811631
759,0.9502702702702708,0.8891891891891893,0.9702702702702702,0.9972972972972972,0.8055604249388828,0.7104999816109147,0.8113618916559568,0.8770386176962762,0.8362841120224995,0.7486537888293961,0.8418846699738467,0.9008405241575284,0.8332715617324316,0.7522022483184316,0.8363146024913084,0.9101044317300273,0.6969307944957809,0.6065189643878085,0.6980121050007185,0.7922034037997233,0.7504189105389159,0.6857144833032494,0.7547802527889556,0.8194854600581769,0.08972936748533529,0.04078946245582159,0.08601879053597655,0.1469064922366314,0.2096719453882433,0.2016658935626803,0.2110128548811631,0.2110128548811631
760,0.9505405405405412,0.8891891891891893,0.9567567567567568,0.9972972972972972,0.8068011174936455,0.7176609039928428,0.8129654889225344,0.874328288859049,0.8373007328662542,0.7581960021251526,0.84165729300023,0.8973746492668248,0.832609648401525,0.7455571357336737,0.8362159882865015,0.9121013192252645,0.697133869651957,0.601421603754492,0.6975687547626443,0.7951691011665781,0.7512621954170272,0.6904175388204399,0.7517345115741625,0.8195481778462389,0.08786349388285553,0.03941183581564475,0.08403492929755782,0.13565954799372196,0.2094116374049174,0.20042753294425253,0.2110128548811631,0.2110128548811631
761,0.9502702702702708,0.8891891891891893,0.9432432432432433,0.9972972972972972,0.8061385854689298,0.7210402715036226,0.811350735287737,0.8729769625717024,0.8381351923844618,0.7638288664218349,0.8406498870314616,0.8982917742322181,0.8342636441100967,0.7538816305183292,0.8366534810813073,0.9136360562142968,0.6991381903998973,0.607599361606889,0.700832145090595,0.7867928227126407,0.7519773247372705,0.6820044233410716,0.7540040186831667,0.817007698395575,0.08800040089105986,0.04161812066427277,0.08268430589534206,0.13779695227728853,0.2091435193566689,0.1992112932053468,0.2110128548811631,0.2110128548811631
762,0.9510810810810817,0.8891891891891893,0.9432432432432433,0.9972972972972972,0.8064100841676433,0.718751287655311,0.8102468870045925,0.8667392750680711,0.8385098551340753,0.7563520892443989,0.8438312401099974,0.9002277188143916,0.8347350711410455,0.7485984921257779,0.8412946495836096,0.9129347766400898,0.6998313745568655,0.6055130429055976,0.699751785068919,0.7886679392292542,0.7524976307821467,0.6836065335366701,0.7544025004384106,0.8183571866975409,0.08692983589691403,0.04415789599533592,0.0828676646671486,0.13321932063647943,0.20888028851429874,0.1980165392757921,0.2110128548811631,0.2110128548811631
763,0.9502702702702708,0.8891891891891893,0.9432432432432433,0.9972972972972972,0.808242720683389,0.7228038200860265,0.8132897280976688,0.8717332516661113,0.8382390746088743,0.7483233322209969,0.8400523028007263,0.897588141752136,0.8355133527644799,0.7436070389969784,0.8398406485761829,0.9111281977636413,0.700296117064294,0.6048202240959809,0.7003575204355778,0.7913622676581324,0.7537026482793155,0.6878735675371814,0.7580103155177563,0.8226719735519553,0.08671439349690038,0.0429985070365169,0.08222240857396035,0.13733907465196846,0.20868063904348438,0.19684266048077814,0.2110128548811631,0.2110128548811631
764,0.9491891891891897,0.8621621621621623,0.9432432432432433,0.9972972972972972,0.8092172828473448,0.7226376400365007,0.814752564329179,0.8762876966105041,0.8376993300749299,0.740709106232944,0.8464184478721964,0.8968907067052088,0.8355988003912713,0.7390969510613679,0.8414724693525482,0.9105012004275962,0.6999207781387099,0.6139704442028407,0.7039673568861866,0.7888929550949005,0.75407675259791,0.6880586076374257,0.7598360235530477,0.8184477600837281,0.08648549367432812,0.04362164354262428,0.08129482177210526,0.1407607541272924,0.20851827980287932,0.19684266048077814,0.2110128548811631,0.2110128548811631
765,0.9481081081081086,0.8621621621621623,0.9432432432432433,0.9972972972972972,0.8106920596757182,0.7296475838150591,0.8157796798283812,0.8730861726100652,0.837637322745933,0.7367394104629502,0.8445276415200886,0.9000741833722969,0.8358790385809847,0.7439709095618283,0.8410969186100681,0.910962709304223,0.7001915794800014,0.606031006757461,0.7011588051849663,0.7900869227690485,0.7548871260482869,0.6909947224751423,0.7547510496740071,0.8185934735134064,0.08605397371932642,0.04124111614601868,0.083660228398626,0.13648117626572542,0.20840621107297783,0.19684266048077814,0.2110128548811631,0.2110128548811631
766,0.9481081081081086,0.8621621621621623,0.9432432432432433,0.9972972972972972,0.8124335377872403,0.7306255575645803,0.8168149729688966,0.8754108542931894,0.8391252681535214,0.7461071573185527,0.8423540290251348,0.8985056840843869,0.8337525214442519,0.738706494859883,0.8440154725170208,0.9046188201840711,0.699657552919393,0.5952259696565932,0.7002442961080226,0.790673995050759,0.7556084312439976,0.6974678566806463,0.7546818721537816,0.8194693402774799,0.0854690948633075,0.03753843555868337,0.07964798772374099,0.13976904866531353,0.2083577098091901,0.19684266048077814,0.2110128548811631,0.2110128548811631
767,0.9481081081081086,0.8621621621621623,0.9432432432432433,0.9972972972972972,0.8137559127179919,0.7429847181637778,0.8180549568083669,0.8743217631745333,0.8385250081110521,0.742328304472037,0.8441943441366854,0.9007837199798678,0.8352476917002825,0.7342759742363043,0.842476160941718,0.9036800496508666,0.70033434044668,0.5929838905107766,0.6980946225043894,0.7822319506608048,0.7566165055899472,0.7044018764956258,0.7573104121422035,0.8156879915918954,0.08469457552383519,0.038509437418329504,0.0799136669405546,0.14261017872762902,0.20839181763982229,0.19684266048077814,0.2110128548811631,0.2110128548811631
768,0.9472972972972982,0.8621621621621623,0.9432432432432433,0.9972972972972972,0.813560291293262,0.7376855142206835,0.8159309727993738,0.8732847126853629,0.8408587337890049,0.7542370291413056,0.8486502689994673,0.9009265153161709,0.8367629496927694,0.7294504828360425,0.8427237168999325,0.9071355317867894,0.7036754762436354,0.591700000319835,0.7031773310986893,0.796754862579784,0.7581342215458214,0.6960181017235468,0.7568771765431892,0.8245634202238717,0.0834609697567244,0.03786902921616678,0.07691079035191614,0.14159360189026354,0.2084630785223412,0.1979578453360414,0.2110128548811631,0.2110128548811631
769,0.9478378378378387,0.8621621621621623,0.9432432432432433,0.9972972972972972,0.8142719015899159,0.7386080593234545,0.8180267923688629,0.8782949983184865,0.8412687223443142,0.7597320871043122,0.848069160294743,0.9035100646852626,0.8376681525019756,0.7392753047344625,0.8456496800678368,0.9074803769192701,0.70492465858607,0.5934310424689795,0.7104842054080742,0.7863891378277547,0.7592604866268805,0.6956208515690047,0.7630198887438979,0.8249830367216913,0.08324402578521851,0.03961184015788294,0.07925798666087382,0.13333544734790223,0.20855980228827678,0.1980165392757921,0.2110128548811631,0.2110128548811631
770,0.9478378378378387,0.887837837837838,0.9432432432432433,0.9972972972972972,0.814862388219198,0.7331587425929325,0.8186791545417782,0.8745264749009769,0.8412180520044381,0.7671089481584328,0.8455981307102945,0.9111449554978971,0.8380401491248816,0.7538094639589749,0.8436109285990792,0.9091579221152346,0.7051951270814939,0.596428067014269,0.7124598512901856,0.7897218162110639,0.7597955196626204,0.698550323142288,0.7643563587545608,0.8211502439010039,0.08308131006656151,0.03795526041736969,0.07994998581670129,0.13748796751092598,0.20868356018647471,0.1980165392757921,0.2110128548811631,0.2110128548811631
771,0.9481081081081091,0.887837837837838,0.9432432432432433,0.9972972972972972,0.8153981833907842,0.7480826527184552,0.8184313442107454,0.8730959096968158,0.8417092329608417,0.7646448578687891,0.8474059803441518,0.9091577785794803,0.8388563720557177,0.7535359945854824,0.8414125187657022,0.9148244269552626,0.7063505972913094,0.5918496607469956,0.7139287695033679,0.7970229328782489,0.7606305084241446,0.6993838462082984,0.762063890621322,0.8261291554923482,0.08231740255503413,0.039833049853268576,0.08015448955387047,0.13129539946578156,0.2088202820127009,0.19915155550886907,0.2110128548811631,0.2110128548811631
772,0.9478378378378387,0.8891891891891893,0.9432432432432433,0.9972972972972972,0.8121104816239422,0.7361495233379544,0.8143432542792137,0.8747129253834343,0.8410525338546977,0.7663859695551516,0.8457008418473448,0.906766847276523,0.8388680495723108,0.7520385766647631,0.845218501886083,0.9057866241723459,0.7059947581396042,0.6005770987762545,0.7153143942072535,0.7914917743085434,0.7590270313909119,0.6931682991002401,0.7614008957381515,0.8166473241509945,0.08256528161455039,0.04103702096122043,0.0776644556420083,0.13430603909251132,0.208920700715823,0.20036672095730723,0.2110128548811631,0.2110128548811631
773,0.9486486486486492,0.8891891891891893,0.9567567567567568,0.9972972972972972,0.8136989967328614,0.7444120153992406,0.8164414686891032,0.8775299683816176,0.8407205452357768,0.7645547739388433,0.8471454285706602,0.9056330206300057,0.840846478382005,0.7520594540675211,0.8483847491450157,0.9090918607505025,0.7073824580887105,0.5980892979370996,0.7139223521274473,0.792509919990272,0.7604660376236956,0.6979697846892736,0.7625249970629719,0.8216703662015604,0.08183189900686742,0.04300046182969576,0.07823916221004029,0.13068804269442413,0.20908052638489177,0.2016039755317589,0.2110128548811631,0.2110128548811631
774,0.9494594594594598,0.8891891891891893,0.9567567567567568,0.9972972972972972,0.8137909401655751,0.7423308962807623,0.8185079799975457,0.8697661928728161,0.8415566009993171,0.7734205694991169,0.8472054336873172,0.9022828607879291,0.8426406974209013,0.7619359659268391,0.8516820700564989,0.9120286293748174,0.7095513452652189,0.6075180230687879,0.7176667109116461,0.795261962203935,0.7616510612359048,0.7023256958692005,0.7662750243182308,0.8214936772273754,0.08117078357959506,0.03966241107896143,0.07933948515059172,0.12670807277598706,0.20921758849022115,0.2016658935626803,0.2110128548811631,0.2110128548811631
775,0.9500000000000003,0.8891891891891893,0.9432432432432433,0.9972972972972972,0.8133949794954564,0.7485994363994882,0.8169015182836792,0.8733292004829152,0.8401647901932462,0.7701302136296536,0.8436872571409031,0.8980980975381696,0.8388733297096223,0.753707685318755,0.8491146969113039,0.897206020116825,0.7052041614100417,0.6038782477728126,0.7178194040689718,0.7801097607620512,0.7593923973445126,0.6999071576991246,0.7655265245174478,0.8177082685824991,0.08110900092111235,0.037956794426370975,0.07957364420386058,0.13052560125085189,0.20936881278318217,0.20286397861368277,0.2110128548811631,0.2110128548811631
776,0.9502702702702708,0.8891891891891893,0.9432432432432433,0.9972972972972972,0.8139907188590696,0.7431715846005702,0.8155916093468396,0.8697182776281414,0.8394245449766194,0.7707726638905625,0.8475407203469126,0.8933990314418532,0.8396745877701144,0.7533704812629457,0.8469213199900879,0.9061017502102234,0.7051988177998203,0.6080870154263497,0.7160933598794103,0.7809584846741939,0.7596523881424376,0.7030061550320498,0.7626843610921499,0.8186677938176484,0.08169778546681547,0.04107054179743262,0.07985644458550875,0.12936580776625306,0.20947000074911531,0.20292703572163026,0.2110128548811631,0.2110128548811631
777,0.9505405405405409,0.8891891891891893,0.9702702702702702,0.9972972972972972,0.8144873113771175,0.744818649727907,0.8142808906209722,0.874065245201001,0.8413534965359467,0.7777733800238545,0.8462084722026424,0.9035100749837695,0.8403255660317606,0.7484492888159046,0.8493838427959649,0.9007343296462951,0.7073805683346412,0.6032381717749711,0.7201025081702599,0.7822574380728706,0.7609041881288079,0.6934017614698451,0.7652031179622001,0.8146136671970219,0.07981407164750878,0.04128842983466436,0.07605922297140008,0.12277121240870999,0.20959978152207667,0.20414741637286113,0.2110128548811631,0.2110128548811631
778,0.9518918918918924,0.8891891891891893,0.9702702702702702,0.9972972972972972,0.8160779881250261,0.743420619367626,0.8187070602092474,0.8836055604017837,0.8423964446879912,0.7775569100468501,0.8421335954565177,0.9035507784917998,0.8407726040356198,0.7463047280470446,0.8476598920542152,0.9008862667663579,0.7085409009607924,0.6043968324199336,0.7159193529993024,0.7795438674351178,0.7622485842226874,0.7005970278008237,0.7648670608128021,0.8109608997728281,0.07942519001042717,0.03731402473770934,0.07616495457265385,0.12784217856403754,0.20970426541359127,0.20421164693345223,0.2110128548811631,0.2110128548811631
779,0.9510810810810816,0.8891891891891893,0.9702702702702702,0.9972972972972972,0.8147253969211219,0.7409655160301484,0.8183184683516588,0.8877988064511745,0.8427251485230329,0.7767358870539378,0.8439063344120927,0.9046339641217276,0.8415676061895038,0.7533649846655414,0.8482696904699291,0.9030543975327868,0.7093758486751746,0.6091746668136774,0.7164638134266998,0.7774152048063073,0.7620675206789381,0.7048131667238473,0.7627028453724685,0.813466071554456,0.0798054989900035,0.037093170495693516,0.0765333543418669,0.12384629072858652,0.2097951848075506,0.20421164693345223,0.2110128548811631,0.2110128548811631
780,0.9518918918918922,0.8891891891891893,0.9702702702702702,0.9972972972972972,0.8142230188520776,0.7437946626733124,0.8170716167780538,0.8844409489886612,0.8426754061053532,0.7686738642133795,0.844343282022243,0.899031260220948,0.8413809829201498,0.7495068411848193,0.8484125440602669,0.8978427170115162,0.7090976828910659,0.6095426750524301,0.7172235237806046,0.783354085797177,0.7617015776056735,0.7046719836107185,0.7629163818657966,0.8120562832571564,0.08033826503400647,0.04144095694971026,0.07661958000456745,0.12876608695868563,0.20986088135833092,0.20545500309282913,0.2110128548811631,0.2110128548811631
781,0.952432432432433,0.8891891891891893,0.9702702702702702,0.9972972972972972,0.8149234813299081,0.7451832493117385,0.8155981417088918,0.8900928825728378,0.8422616337405207,0.7697262332990819,0.8434809709182385,0.9006745660640207,0.8413981289479647,0.7593992955632958,0.8497428514382978,0.8950275623434868,0.7087554424246205,0.5995877407097313,0.7193439844784861,0.77846772603807,0.7618519896261879,0.710039437866616,0.7633952882544521,0.8118976204445778,0.07987039912053984,0.03829313967133886,0.07780092173058033,0.12254983511821374,0.2099801992276494,0.20552044289069107,0.2110128548811631,0.2110128548811631
782,0.953243243243244,0.8891891891891893,0.9702702702702702,0.9972972972972972,0.8152353128650276,0.7420880719252789,0.8175799279605788,0.886285557015221,0.8427541429299127,0.7652245250421166,0.8430103252487657,0.9037317220636124,0.8431103161222654,0.7580570360483261,0.8528593997628712,0.8982670337797912,0.7105483223706317,0.615478152984613,0.7159767950717993,0.7805873918338004,0.7629020134913539,0.7076931584504379,0.7644614388430214,0.8120387266512954,0.08033763198876466,0.0376011696260108,0.08078924086139964,0.12818016815473238,0.21004715035321414,0.20552044289069107,0.2110128548811631,0.2110128548811631
783,0.9518918918918928,0.8891891891891893,0.9702702702702702,0.9972972972972972,0.8167223028182526,0.7429603063489982,0.8149037351230763,0.8803248998554855,0.8436517668026522,0.7787039392052437,0.8451977188794428,0.8988274980271157,0.843386588187937,0.753703400069083,0.8544539641121851,0.898578397508377,0.7116510914197172,0.6214807678149507,0.7140360961406105,0.7812858550229846,0.7641473184318965,0.7098583464372737,0.7665697253751342,0.8147117864139228,0.07935485831084306,0.04076487095815656,0.07867419117732596,0.1258168565815095,0.2101141014787789,0.20678748256776336,0.2110128548811631,0.2110128548811631
784,0.9532432432432438,0.8891891891891893,0.9702702702702702,0.9972972972972972,0.8174155669928205,0.7380479064740528,0.8180540459679433,0.8868013870335921,0.8427172243564814,0.7745374431976387,0.8488090691814623,0.9048178256043273,0.8449636991472462,0.7662279645263028,0.8528897444153953,0.899147204588301,0.7122586992805673,0.6260403462736626,0.720133477885808,0.7726871166816864,0.7647582947369587,0.7087636491479126,0.7646721120051654,0.8148182191617562,0.0787473387039268,0.04034363019646391,0.07541555628988345,0.12616880723586313,0.2101808033041574,0.20685416886655664,0.2110128548811631,0.2110128548811631
785,0.9540540540540546,0.8891891891891893,0.9702702702702702,0.9972972972972972,0.8180951451501864,0.7388009967831922,0.817499295328289,0.88621227278824,0.8407333608965728,0.7709308831746247,0.8463081901174713,0.8976915815014631,0.8450512704774314,0.7645306627249845,0.8488161985692861,0.8997377464180257,0.7106981399926277,0.6295489107336685,0.7198786408122377,0.773712458328025,0.764239271726276,0.712722039285697,0.7644041726773025,0.813208350413355,0.07886869676341646,0.04387753564653326,0.07650161651057637,0.12301680780641815,0.21024851785686618,0.20685416886655664,0.2110128548811631,0.2110128548811631
786,0.953513513513514,0.8891891891891893,0.9702702702702702,0.9972972972972972,0.819631120345797,0.7489711512418376,0.8193149906937083,0.8865985241938255,0.8416302784057215,0.7739737197808085,0.8414010538878913,0.8938169490486481,0.8441895971951814,0.7711552598859784,0.8475261677222872,0.9028899838376334,0.7105794179090728,0.640309113230164,0.7152796522253542,0.7740546472728527,0.7650489314520951,0.7170000159535859,0.7652199048042233,0.8125073062574701,0.07903696409253873,0.0457486144453662,0.07228017114102926,0.12730674163085332,0.21028904376309987,0.20685416886655664,0.2110128548811631,0.2110128548811631
787,0.9543243243243248,0.8891891891891893,0.9702702702702702,0.9972972972972972,0.81925210371911,0.7440413750367418,0.818295742034727,0.8795317211033116,0.8399793724727905,0.7759518443986909,0.8444100423875593,0.9012344651765273,0.8446182022338026,0.7677000203487797,0.8498147282072783,0.8997318269244284,0.7095222148735183,0.6317392610267397,0.715376862086129,0.7710229681697306,0.7644738865441731,0.7200118708180141,0.7655057021071664,0.8141294442958766,0.07834263686780724,0.0421818688511942,0.07142864058665832,0.12196484079382654,0.21034290692909224,0.20814562957412175,0.2110128548811631,0.2110128548811631
788,0.9540540540540544,0.8891891891891893,0.9702702702702702,0.9972972972972972,0.8198446573087188,0.743127366933416,0.8182371965023989,0.8769468549448233,0.8407204858678446,0.7772080026023291,0.8426138605405175,0.8950673549035141,0.8451383735026186,0.7711080058631913,0.85193682031369,0.8943254047039754,0.7105955024659764,0.6388301194001641,0.71526852129885,0.7712740302986636,0.7652609038554826,0.7193322612482632,0.7635753980900564,0.8113434346834932,0.07782968791751262,0.04414272505517149,0.07384559855001657,0.12383778942820987,0.2103842202045393,0.20821360119030938,0.2110128548811631,0.2110128548811631
789,0.953513513513514,0.887837837837838,0.9702702702702702,0.9972972972972972,0.8202933418384805,0.7462608715646926,0.8226582515296457,0.8737332691603944,0.8402604994506087,0.7716954890235278,0.8442561608590275,0.8917195831955306,0.8444586075950808,0.7791124105908539,0.8496241014979293,0.8939965920926572,0.709646212113045,0.6365019112986535,0.7179931351036175,0.7671129430336392,0.7649815538425577,0.7207280284393771,0.7654722091022101,0.8117194606837884,0.07891945603682117,0.0427962012612205,0.07637967145177176,0.12341668006110394,0.21042553347998638,0.20821360119030938,0.2110128548811631,0.2110128548811631
790,0.953783783783784,0.8891891891891893,0.9702702702702702,0.9972972972972972,0.8211032361822304,0.7525200568144329,0.8210220704693469,0.881007330226715,0.8408668973818783,0.7694303029521619,0.8450239672625205,0.8939689634990159,0.8466235459139103,0.790539590621998,0.8521410525962252,0.8896916023810931,0.7119797081763575,0.6307788076514796,0.7152727008888449,0.7753698806284289,0.7665998091911335,0.718467861430973,0.7655176774477772,0.8135269252576839,0.07843130820106692,0.04177993066778724,0.07400900410692646,0.12312950051746749,0.21046684675543342,0.20821360119030938,0.2110128548811631,0.2110128548811631
791,0.9521621621621624,0.8621621621621623,0.9702702702702702,0.9972972972972972,0.819349562960351,0.7493694424077847,0.8223218659115318,0.8741252543287524,0.8419329568370957,0.7669115604946071,0.8479643034890358,0.8943484387157918,0.8468308199318808,0.7853823577818573,0.8527479063043075,0.8896211296869697,0.7131396509894397,0.6354241141726966,0.7150735721567112,0.7786181622471466,0.766229048868474,0.717764401312114,0.7674040548071552,0.814472532277991,0.07877457468474781,0.04102523824239831,0.07682206219076528,0.12403267308687645,0.21052175435411802,0.20821360119030938,0.2110128548811631,0.2110128548811631
792,0.9527027027027029,0.887837837837838,0.9702702702702702,0.9972972972972972,0.8193627894649693,0.7478368448910326,0.820284417952565,0.8723267854778457,0.8421202350048312,0.7616477595063942,0.8483900875536414,0.9015940556938543,0.8480292539288015,0.7885327329338884,0.8540691992495004,0.8915613695516408,0.714419201667915,0.6306199625557931,0.7210591746344699,0.778258356075198,0.766844466293456,0.7219742284418924,0.7641078899457489,0.8115903365211686,0.07827058122428249,0.03849572253443229,0.07212155245627795,0.12126391472375138,0.21057719225853713,0.20821360119030938,0.2110128548811631,0.2110128548811631
793,0.9527027027027031,0.8891891891891893,0.9702702702702702,0.9972972972972972,0.8203991173675176,0.7440689071010482,0.8261666423825335,0.8746094935403048,0.8437361560131879,0.7649453613697664,0.852971802952866,0.8971900099633497,0.8485242660510326,0.7884076919804603,0.860493095948172,0.8968735777254156,0.7161833805626128,0.6385095196631846,0.7214508807641054,0.7835397746064546,0.7682893481012008,0.7202030392632074,0.7671780567506625,0.8125065229842852,0.07772499396456295,0.041321965229815724,0.07329026868459346,0.12074643484816666,0.21060491121074665,0.20821360119030938,0.2110128548811631,0.2110128548811631
794,0.9535135135135139,0.8891891891891893,0.9702702702702702,0.9972972972972972,0.8212759708167781,0.7581725810816425,0.8256509230838492,0.874398838921403,0.8441455324303638,0.7583229303298732,0.8509562486718107,0.9021091339241579,0.8494495923225365,0.787761629974099,0.8571748489218738,0.90145891525106,0.7172302034635071,0.6434496738378304,0.7174966541820953,0.7883959671337367,0.7693739251349986,0.7207848062073487,0.7690066068818262,0.8166597541018072,0.07844161116968879,0.04202705817732638,0.07451024472696305,0.12850643028681183,0.21064676322375994,0.20953025142026296,0.2110128548811631,0.2110128548811631
795,0.9527027027027032,0.8891891891891893,0.9702702702702702,0.9972972972972972,0.8225436076279768,0.7534440375662543,0.8292131195334602,0.8748320665488558,0.8436316297895878,0.7576570478416292,0.8519643523528841,0.8996412915229918,0.8505638242244231,0.7934242912869516,0.8596539272056414,0.8999871249021896,0.7177502974709747,0.6456586269173459,0.7225840472848144,0.7885421180892208,0.7703833053842815,0.7232740094995839,0.7698395415833112,0.8193634880203535,0.07825113022113242,0.03674149703792045,0.07173100587357403,0.1266134895017129,0.21066062269986474,0.20959954880078682,0.2110128548811631,0.2110128548811631
796,0.9527027027027029,0.8891891891891893,0.9702702702702702,0.9972972972972972,0.8229087399856577,0.7489159804682175,0.8283180404309194,0.8792589738592963,0.8445018801600982,0.7724536116684749,0.848525979526785,0.8994018579540366,0.8495779302825734,0.7856104768988551,0.8545469676887438,0.897876453119454,0.7175817821405885,0.6480739289242913,0.7206415544768359,0.7856203699723571,0.7704647689476991,0.7223142162058307,0.7717376260551253,0.818417400626023,0.07902135649143444,0.035954126337439996,0.07508022649884447,0.12987811314733713,0.2106744821759695,0.20959954880078682,0.2110128548811631,0.2110128548811631
797,0.9529729729729732,0.887837837837838,0.9702702702702702,0.9972972972972972,0.8231500387540597,0.7549867856904535,0.8303122817958077,0.8778548545970317,0.8449129894150428,0.7686058577330813,0.850893913183973,0.8984573330529246,0.8479746505935334,0.7787639937175054,0.8511943011293883,0.9004083534967147,0.7167604669240508,0.6372851669889302,0.7218954616724613,0.7831499830253933,0.7702766221093579,0.7213371098574723,0.7743545897461742,0.8197482532078285,0.07794441069020225,0.03581293057154873,0.07830314206541938,0.12848646694163868,0.21068834165207428,0.20959954880078682,0.2110128548811631,0.2110128548811631
798,0.9521621621621625,0.887837837837838,0.9702702702702702,0.9972972972972972,0.8227362445545109,0.7560964040529377,0.8255138480699479,0.8813784697657925,0.8455036797925368,0.7748856155577084,0.8523842153619344,0.8988056198090182,0.849518421756322,0.7833361715129401,0.8557317717163596,0.8953006335527729,0.7185945139206517,0.6379252133555112,0.7242689490824628,0.7892138498050396,0.7709580830754997,0.7171343041472406,0.7747490797493067,0.8182118668957663,0.07829606941544927,0.03516349225818939,0.07966375577583279,0.12535869148159015,0.21071606060428383,0.20959954880078682,0.2110128548811631,0.2110128548811631
799,0.9532432432432435,0.887837837837838,0.9702702702702702,0.9972972972972972,0.8240794833972653,0.7577166234704246,0.8267483739035932,0.8738850051937779,0.845169146673221,0.773531911832858,0.852997128848126,0.8960286103316997,0.8501754967237817,0.7846401736050511,0.8509870976627882,0.8955195118397952,0.718823672906944,0.630849995249054,0.7260399544451739,0.7926890089926769,0.7717595895762216,0.7202361447781503,0.7685240766813959,0.8217246276807356,0.07841036338448029,0.038866287496228225,0.07864581711050116,0.12844262731412523,0.21071606060428383,0.20959954880078682,0.2110128548811631,0.2110128548811631
800,0.9527027027027027,0.8621621621621623,0.9702702702702702,0.9972972972972972,0.8252653699611536,0.7549834137693664,0.8295226125502748,0.8770200038490834,0.8446645929893383,0.7743443296285418,0.8491491411943786,0.8996267925642313,0.8498740537181482,0.7835502354817602,0.8522704183998067,0.9052388604166294,0.7181145785212192,0.6331160139104346,0.7247639449992406,0.7877954462826979,0.7719698968742259,0.7218438902858068,0.7707289877323246,0.8186790664425746,0.0778193692320311,0.03431154000697909,0.07877235556404166,0.12329974211573433,0.21071606060428383,0.20959954880078682,0.2110128548811631,0.2110128548811631
801,0.9521621621621621,0.887837837837838,0.9702702702702702,0.9972972972972972,0.8255175541643064,0.7559580918201874,0.8274779318222575,0.8800949996793408,0.8450144285347377,0.7778633347464017,0.8508372138294586,0.897587297788402,0.851872375789256,0.7851031339920708,0.8521236896940468,0.9031762238868971,0.7200597179304715,0.6309406976074652,0.7244278474138272,0.787766448541658,0.7730474160534305,0.722291375020422,0.772427494481043,0.8236731638963525,0.0771634001194639,0.03269515340805699,0.07609532939460129,0.11998286936605476,0.21071606060428383,0.20959954880078682,0.2110128548811631,0.2110128548811631
802,0.9524324324324326,0.887837837837838,0.9702702702702702,0.9972972972972972,0.8274571718423709,0.7520026819974833,0.8347333324100967,0.8920458681417824,0.8448257069306058,0.7864758481225561,0.8512784383413151,0.8990187073423509,0.8504892622344655,0.7753529605979582,0.8534690747833429,0.9073677610915795,0.718694168186153,0.6342017260359538,0.7233089852073376,0.7918835070805247,0.7733906874250984,0.7251085917839046,0.7702442728338303,0.8257753373634733,0.07723353303221951,0.03564476276614624,0.07864427315797762,0.1190035641040275,0.21071606060428383,0.20959954880078682,0.2110128548811631,0.2110128548811631
803,0.9532432432432435,0.8891891891891893,0.9702702702702702,0.9972972972972972,0.828085782818921,0.7482751959614072,0.831545478397381,0.8888738368458833,0.8464017881148419,0.7785419568997621,0.8530182640386788,0.9001572601799277,0.8500640717422756,0.7837561129701833,0.8552956763258537,0.907327022943672,0.719742041327168,0.6360405751796361,0.7225964169248433,0.8020562319240094,0.7741757357911446,0.7200542344829364,0.7702800076093279,0.8306390156904225,0.07796476967681949,0.03688692435539001,0.08036506437799426,0.12003903718761476,0.21071606060428383,0.20959954880078682,0.2110128548811631,0.2110128548811631
804,0.9532432432432435,0.8891891891891893,0.9702702702702702,0.9972972972972972,0.8278728174437192,0.741150704197396,0.8316966551898533,0.8901010280463563,0.8474226811289799,0.7741089277039928,0.8555131621007341,0.8932482219016616,0.849174616371807,0.777580747924561,0.8547012259971243,0.9084250142684913,0.7198683311166524,0.638439371268896,0.7252525415765677,0.7917114113687985,0.7740931695584841,0.7167795646328933,0.7751777086172302,0.8278768695283472,0.07938631483451153,0.03715791761831029,0.07802507104136897,0.12690397083896723,0.21071606060428383,0.20959954880078682,0.2110128548811631,0.2110128548811631
805,0.9535135135135139,0.8891891891891893,0.9702702702702702,0.9972972972972972,0.8280835976099958,0.7443783247578499,0.8320226985236774,0.8968037911828497,0.846480802434871,0.7784362435037327,0.8501054584905526,0.901721166187645,0.8492854518140892,0.7778772472749655,0.8529786143638437,0.9070228912783235,0.7191885127498214,0.6371703235340198,0.721780953631824,0.7974461995816307,0.773799744474745,0.7168209862457845,0.7752646528125446,0.8228391846369383,0.07987879189399626,0.038774359645003476,0.07952036735869383,0.12783410853909305,0.21074432672589136,0.20959954880078682,0.2110128548811631,0.2110128548811631
806,0.9535135135135137,0.8891891891891893,0.9702702702702702,0.9972972972972972,0.8279094025947082,0.7520907073288939,0.8348137323493605,0.8919069248767463,0.8483605967420175,0.7734781153248687,0.8542501188732239,0.8963312129878381,0.8496993091458187,0.7817727304353062,0.8540365018353597,0.9121164067561689,0.7210858292411434,0.6226942874204014,0.7223900442790077,0.7988508693658131,0.7746940775120198,0.7226771806220916,0.7722305893066475,0.8267588087279182,0.07872238861408769,0.040265295236463376,0.07575703133871145,0.12131362376031019,0.21077259284749889,0.20959954880078682,0.2110128548811631,0.2110128548811631
807,0.953513513513514,0.8891891891891893,0.9702702702702702,0.9972972972972972,0.8274335259883329,0.7482380228185109,0.8332401978738735,0.8856510162696996,0.8487074017701371,0.7693367502608914,0.8524924976962656,0.9009197465271442,0.8487102478422677,0.7869432594540697,0.8501368540002279,0.9068164489942161,0.7205565308560634,0.6341035893690187,0.7239439567794486,0.7966565834933254,0.7742888898684384,0.7227180340264804,0.7716796181652084,0.826189643733638,0.07898171364134147,0.04229458929404041,0.07637248566894138,0.12275102703188216,0.2108008589691064,0.20959954880078682,0.2110128548811631,0.2110128548811631
808,0.9527027027027033,0.8891891891891893,0.9702702702702702,0.9972972972972972,0.8280900108530695,0.7530854265717911,0.8318997609758627,0.8918423511052405,0.8446111306121169,0.764627219034344,0.8525783274373375,0.9024368993066808,0.8470166081500768,0.7816163068592551,0.8487654194880326,0.9028987251178192,0.7157642296424601,0.6193600596402992,0.7206152469412936,0.7929020049852686,0.7725127946480871,0.7156940920905774,0.7757854734549173,0.825330722978294,0.07919250001586879,0.0451299954176687,0.07746559064683697,0.11691099880435094,0.21082912509071394,0.20959954880078682,0.2110128548811631,0.2110128548811631
809,0.9500000000000004,0.8891891891891893,0.9567567567567568,0.9972972972972972,0.8273775902182089,0.7586144120918822,0.8322238521478038,0.8892203855745279,0.8436963226756052,0.7708498236614996,0.8538322003529679,0.9088346995635729,0.8468554811640319,0.7785280017127574,0.851642209653155,0.9024424039429337,0.7148931887608378,0.6194916210958187,0.719056974753604,0.7937866908158632,0.7716516966759105,0.7123416313628915,0.7743784792936121,0.8224611269483342,0.07928154118694859,0.039605952948050756,0.07847379918923063,0.11846613476267062,0.210885657333929,0.20959954880078682,0.2110128548811631,0.2110128548811631
810,0.9481081081081083,0.8891891891891893,0.9432432432432433,0.9972972972972972,0.8256474986825162,0.7502979858229403,0.8279224907492214,0.888069438035846,0.8417438159631264,0.7425830213263003,0.8503183092272488,0.9077135047772654,0.8473682884443611,0.7837672926255166,0.8508678581142046,0.8966615475543537,0.7136739571843169,0.6181204449621289,0.7194454539165926,0.7962085336884037,0.770443697619228,0.7164522533989505,0.7758826105777781,0.822726371226327,0.08001979464262908,0.042968004464644265,0.07911487264602131,0.11841070487982924,0.21091392345553653,0.20959954880078682,0.2110128548811631,0.2110128548811631
811,0.944864864864865,0.887837837837838,0.9432432432432433,0.9972972972972972,0.8221962234731596,0.7502352251910059,0.8274292961229641,0.8898069048046789,0.8413858355306799,0.7545676826585469,0.8472001817558409,0.9079293592185927,0.8476210453438903,0.783738521380696,0.8513777392841355,0.9008215401854422,0.7136329333521464,0.6125652171750389,0.7191600695431587,0.8025563288194838,0.768690308597765,0.7133745632909786,0.7722541271086082,0.8240083480470342,0.07987835871717856,0.04079785798709061,0.0810020623074083,0.12308400971988363,0.21094218957714406,0.21094218957714428,0.2110128548811631,0.2110128548811631
812,0.9429729729729733,0.8621621621621623,0.9432432432432433,0.9972972972972972,0.8218520309914373,0.7479166377099848,0.8258605287801167,0.8859629079187901,0.8421020792611766,0.7600273022335913,0.8506838037923217,0.9073341198126772,0.8460271835620122,0.785098447051885,0.8459107468268765,0.9002282305604999,0.7128686162580685,0.6080246726600714,0.7205280288672106,0.8027055272597725,0.7681034943364292,0.7065519032702429,0.7720517014584928,0.8171854839244216,0.07998199197811173,0.04100290851963652,0.0776973410030356,0.12180619641856795,0.21095632263794784,0.2110128548811631,0.2110128548811631,0.2110128548811631
813,0.9381081081081087,0.8621621621621623,0.9432432432432433,0.9972972972972972,0.8204497548413096,0.75340692156706,0.827235653042969,0.8822440552693437,0.8408481339212809,0.7561980482407923,0.8475037184608534,0.9020469718264251,0.8451892271681879,0.7845336742244059,0.8439185089394379,0.9045525483453691,0.7110318963357218,0.6108187015232136,0.7168082233316846,0.803296382601819,0.7663575227269849,0.7024463098401295,0.7685567942195559,0.8146636854848265,0.08042657996436166,0.04407323519196551,0.07519456854724892,0.125508543788232,0.2109704556987516,0.2110128548811631,0.2110128548811631,0.2110128548811631
814,0.9335135135135145,0.8621621621621623,0.9432432432432433,0.9972972972972972,0.8170492522586196,0.7271541750582952,0.8230814134877031,0.8768261710564673,0.8412359974595001,0.7523269688113153,0.849598364734117,0.900727605665851,0.8436529528832917,0.7763706504053334,0.839458813229498,0.9127800977590512,0.7100701269883755,0.6052793626106476,0.7135082288251267,0.7999802202644248,0.7640756320763127,0.7047121246824766,0.7678255416717319,0.812444272927824,0.08153915950938988,0.04029151589346915,0.07901427965139343,0.12901513980904195,0.21098458875955536,0.2110128548811631,0.2110128548811631,0.2110128548811631
815,0.9294594594594606,0.8621621621621623,0.9432432432432433,0.9972972972972972,0.8146073480629635,0.7172053488106174,0.819532205423088,0.8763675887231585,0.8393260121184487,0.7517252890179233,0.8507790604029044,0.8983731893510915,0.8393090252797307,0.7656542428844485,0.8408654748439909,0.9082395573012729,0.7048579854888862,0.5934011539692017,0.710289890204918,0.8002064273980904,0.7600958408228214,0.6915916999765394,0.7691495516507278,0.8146322975931841,0.08288871635426455,0.04043274549485292,0.08108752794113258,0.12755132686050513,0.2110128548811629,0.2110128548811631,0.2110128548811631,0.2110128548811631
816,0.922432432432433,0.8351351351351354,0.9432432432432433,0.9972972972972972,0.8113620381245251,0.7143969871307857,0.8172340398836443,0.8720553842886637,0.8367525862792049,0.7457885224648199,0.8477181114267531,0.896047943339524,0.8343803883888643,0.7601342265089956,0.8344875755527166,0.9045838950135966,0.6987985078518889,0.5817318277657176,0.7109621179881225,0.7934084924953121,0.7552988005129728,0.6864822816775887,0.7661795666194784,0.8052184108875702,0.0858772631746871,0.04313652250019355,0.0844118980074786,0.13451456999768074,0.2110128548811629,0.2110128548811631,0.2110128548811631,0.2110128548811631
817,0.9167567567567574,0.8081081081081084,0.9432432432432433,0.9702702702702702,0.8091651183434735,0.7130272550315991,0.8127785321853145,0.8726881034197027,0.8367168335881512,0.7397075868049936,0.84562794858681,0.8978759368039263,0.8315879604406505,0.7527817783168598,0.8307641180055616,0.9042646292299593,0.6964783933937653,0.5833407883026263,0.703453245213556,0.7899813439959507,0.7530438777653498,0.6738534497791184,0.7621912721583066,0.8111098771080534,0.08723102599515091,0.04462316831350714,0.08560956586324803,0.13461234020854193,0.2110128548811629,0.2110128548811631,0.2110128548811631,0.2110128548811631
818,0.9132432432432439,0.8081081081081084,0.9162162162162163,0.9702702702702702,0.8082846954939455,0.7266990652210351,0.8103937043035621,0.8757921952798303,0.8331528995268428,0.7320818542202351,0.8444898929700174,0.9018933805110333,0.8278047142293536,0.7456718613630893,0.8306296689931091,0.8984449132189612,0.6903856372261817,0.5574592867736204,0.699999467659256,0.7978518023317004,0.7495930001320494,0.6607507404631571,0.7605798172269422,0.8084620943972777,0.08845490640210929,0.04549337075822795,0.08674441467660113,0.1350441626047988,0.2110128548811629,0.2110128548811631,0.2110128548811631,0.2110128548811631
819,0.9062162162162167,0.8081081081081084,0.9162162162162163,0.9702702702702702,0.8063390181100248,0.7033319167013639,0.8084571101843476,0.8700160136665924,0.8307919907305299,0.726450658403229,0.8445134975503896,0.8977538758363801,0.822569386437275,0.7284816934854108,0.8263854790401245,0.9010807411459146,0.6840063450481263,0.54501149385335,0.6950090817872311,0.7894805156069407,0.7453176934808906,0.6607647386131719,0.755767012170043,0.8087225599670076,0.09050727887971083,0.04352052137241281,0.09102091924200201,0.1355037686547079,0.2110128548811629,0.2110128548811631,0.2110128548811631,0.2110128548811631
820,0.8981081081081084,0.8067567567567571,0.9162162162162163,0.9702702702702702,0.8038270077635077,0.6932563717248005,0.808437348798912,0.8703785757979189,0.8277354627750014,0.720591985496364,0.840027721751786,0.8947975029788747,0.8181768137267692,0.7208503641111874,0.8275705088233378,0.8934981114738048,0.677776506833887,0.5458736150636477,0.6879768119609689,0.7751883475687618,0.7406867864843644,0.6503950397436288,0.7544352189587177,0.812123039726605,0.092932097083782,0.046695138548727984,0.09156994968285112,0.1402415814372899,0.2110128548811629,0.2110128548811631,0.2110128548811631,0.2110128548811631
821,0.8905405405405409,0.7810810810810813,0.9162162162162163,0.9702702702702702,0.8006758613666028,0.704931557603919,0.8055893492409174,0.8707772205485095,0.8249818361242354,0.7154004872134095,0.8362876852327548,0.902517896346364,0.8101619383235219,0.7110345757884925,0.8200256179621399,0.8913471581026302,0.6687542030014529,0.5158525837750587,0.6799905451574397,0.7680877180232726,0.7346154116466799,0.6398616872852012,0.747847349205637,0.8041568641562022,0.09544194199185632,0.044320872996419215,0.0968784735331416,0.14129959257395533,0.2110128548811629,0.2110128548811631,0.2110128548811631,0.2110128548811631
822,0.8813513513513515,0.7540540540540543,0.8891891891891893,0.9702702702702702,0.796339933441961,0.7018241857625077,0.8064505308575853,0.8654864091415567,0.8183082226884981,0.6901247481813145,0.8318878990900471,0.9006080091722992,0.8010489725626347,0.664797365933568,0.8119736714740191,0.8911166751189862,0.6555310691643745,0.5071632125054721,0.6668314301198801,0.7617209200723452,0.7258825619866635,0.6276813021457279,0.7396668885259672,0.802672801713005,0.09819036994426002,0.05134148166872078,0.09562816915576604,0.14722828506744406,0.2110128548811629,0.2110128548811631,0.2110128548811631,0.2110128548811631
823,0.8762162162162163,0.7270270270270274,0.8891891891891893,0.9702702702702702,0.7922976630344215,0.6698519901360541,0.8066908193183775,0.870243062858716,0.8116952978509531,0.6752039210920978,0.8272650519886222,0.8952226588488065,0.7895526118674772,0.6174297672080028,0.8075823956748326,0.8910503133084717,0.6405743967941012,0.4964649125563218,0.6510677131970819,0.7600083275864872,0.7167727904109057,0.6142831994048795,0.7264026915234463,0.802702040316516,0.10023233841685977,0.05129867344746155,0.0988006803579688,0.15083274310711586,0.2110128548811629,0.2110128548811631,0.2110128548811631,0.2110128548811631
824,0.8675675675675675,0.725675675675676,0.8891891891891893,0.9702702702702702,0.7889733968628537,0.6640758250415452,0.8048960730450803,0.8743853050790495,0.8058965826001735,0.6682458805956953,0.8294803774204653,0.8862137669282475,0.7821228491428038,0.6104750253707255,0.8019930615227969,0.8848339488404139,0.6300750025637218,0.4796882421606628,0.6443968113410237,0.752065996780787,0.7096153992231329,0.5988931871102257,0.7173097887996489,0.7997698129480523,0.10215557408649469,0.0516133910809977,0.09968248582707372,0.15623906655327893,0.2110128548811629,0.2110128548811631,0.2110128548811631,0.2110128548811631
825,0.8591891891891896,0.7000000000000003,0.8891891891891893,0.9702702702702702,0.7818903363936226,0.6145681289706607,0.8000579572259128,0.868274825470875,0.8011058547608791,0.6575066428414121,0.8235221384438671,0.8869744039886632,0.7708726820222814,0.6033753180897566,0.7937553147520198,0.8799241516198725,0.6171980303411793,0.4649040688097721,0.6275891011825134,0.7516215951172569,0.6995969771365231,0.5736393318612217,0.7062747468016755,0.7987903933526354,0.10619797372143074,0.05050896094503499,0.10167272157269658,0.16645008056891014,0.21141571811192728,0.2110128548811631,0.2110128548811631,0.2110128548811631
826,0.8527027027027033,0.6729729729729734,0.8891891891891893,0.9702702702702702,0.7754558232755728,0.6108332372832084,0.7917472475798764,0.8681484063914654,0.7935890990013378,0.6359547081277928,0.8198672295172145,0.8861463185152576,0.7629412967341501,0.5726109562964908,0.7845583170117655,0.8796385097998396,0.6054723024703459,0.42497074677104424,0.6202991441689079,0.7510760168742823,0.689880943952796,0.5379888679324145,0.6993209641076569,0.789238349239294,0.10985878202960622,0.05453106613532093,0.104914290023809,0.1776143260273058,0.21139248044650788,0.2110128548811631,0.2110128548811631,0.2110128548811631
827,0.8445945945945948,0.6459459459459463,0.8756756756756758,0.9702702702702702,0.7663194356316727,0.5819444444444444,0.7875282469552781,0.8586641945707933,0.7876495182527203,0.6233826976820552,0.814042590364912,0.8856053999395677,0.7515815812700954,0.5616417425786653,0.7777132071103872,0.8692705759724568,0.5925144407453069,0.40447969697839226,0.6204640042658545,0.7452062599562523,0.6785876193951093,0.514329992338132,0.6866637556992485,0.7899826355993249,0.11341666043076311,0.05105469465609641,0.10390998376540175,0.18352556773110315,0.21177269413259958,0.2110128548811631,0.2110128548811631,0.2110128548811631
828,0.8340540540540546,0.6189189189189195,0.8621621621621623,0.9702702702702702,0.760747159030257,0.5551033591731265,0.7818949991995939,0.8642465829727938,0.7846408705660586,0.612071398491434,0.8138455155447032,0.8821252971247463,0.7404453743648304,0.5364704846842607,0.7730116253078899,0.8642797913491996,0.581173200141268,0.4041039013312056,0.5999052872138095,0.7455480943821674,0.6698993839245694,0.47487568001500846,0.6812432539155702,0.7942704875563045,0.11690321554473156,0.05419493391048747,0.10907207852581714,0.19913171611720012,0.21213023698077252,0.2110128548811631,0.2110128548811631,0.2110128548811631
829,0.8278378378378384,0.6175675675675681,0.8621621621621623,0.9702702702702702,0.7568394190015622,0.5424026306712885,0.7825659767251948,0.8609015281890707,0.7786537082021073,0.5900733524199804,0.8146357021263984,0.890089933228442,0.7260499853078194,0.5229517423449732,0.7585921651724921,0.8623125264239715,0.5657075311857143,0.37301162952829053,0.5862321663195809,0.7319787389111067,0.6602185494158255,0.4604449816294299,0.6727845784652358,0.7879974169919285,0.12017171287931636,0.06038672250635218,0.10862033375856515,0.20818084911770468,0.21206281333598428,0.2110128548811631,0.2110128548811631,0.2110128548811631
830,0.8186486486486492,0.5918918918918925,0.8621621621621623,0.9702702702702702,0.7494606390968692,0.5301274024203348,0.7757095769106416,0.8575885858921117,0.773605279590139,0.5802266853094387,0.8092764660440078,0.8864894979188618,0.7149424608737349,0.5112030021744652,0.7519791600924834,0.8627768825350172,0.5532389234041264,0.36618675115964766,0.5647291690130434,0.7354772009822498,0.6498349201542435,0.4602031109570513,0.6628997998239454,0.7859637049773771,0.12666343521745724,0.05923655786838298,0.1087776793000105,0.24346239359451655,0.2128027975993294,0.2110128548811631,0.2110128548811631,0.2124745895434889
831,0.8108108108108115,0.5648648648648655,0.8621621621621623,0.9445945945945945,0.7414280138440376,0.5176502940202797,0.7718417730927308,0.8632957742776705,0.7683263030999862,0.5702130619028076,0.8043186963752934,0.8811641067084601,0.6980003086012619,0.49965877094697553,0.738772404620477,0.8572637277382793,0.5369793477778375,0.3385586538679852,0.5398058203558823,0.7277688320191192,0.6374657926259001,0.4369524304411769,0.655718723008115,0.7790155615518458,0.1314620349826167,0.06168800777109809,0.11148553279400464,0.25129237010783095,0.2126922006568711,0.2110128548811631,0.2110128548811631,0.21237207724473225
832,0.8013513513513516,0.5635135135135142,0.8351351351351354,0.9445945945945945,0.7242969309926682,0.505596655608241,0.7649751314197377,0.856087644062267,0.756724050214586,0.5529011039140893,0.7996909479787021,0.8876403692483598,0.6872110081036162,0.4877298375019319,0.7206128679012034,0.8567931784721469,0.5203058974587319,0.31083403971005047,0.5137270061722077,0.7065068226074405,0.6190463154467678,0.3852312006799109,0.6398750228395453,0.7759679955514015,0.1365730853112958,0.06904966334377936,0.11883346110232879,0.25934216681569106,0.21258434194691772,0.2110128548811631,0.2110128548811631,0.21227201099686777
833,0.7945945945945951,0.5378378378378385,0.8351351351351354,0.9445945945945945,0.7109824271000599,0.4842010020604023,0.7573892460612734,0.8583658136185572,0.7537146692337318,0.5443271404371302,0.7936619792544173,0.8849662503405857,0.6753969797090985,0.47686242873561796,0.684827463131499,0.8608958532585876,0.5100116319855315,0.3001682212182722,0.5002555180424738,0.7156445835230306,0.6061750312230169,0.37703645647042744,0.6244762634473742,0.7703234298863615,0.1439405824048006,0.07248222998018408,0.12722196959308302,0.2886611771323423,0.2136877122451007,0.2110128548811631,0.2110128548811631,0.24046027998285668
834,0.786756756756757,0.5108108108108116,0.8351351351351354,0.9432432432432433,0.7033588775915902,0.45005052010420094,0.751244394752482,0.8578111054125133,0.7451500628451454,0.5431287372373542,0.7916194309188904,0.8794268023666004,0.6655944584723003,0.44337938644646246,0.6782270013184653,0.8506786893694211,0.4969016335013523,0.28528987627760805,0.48860700332998624,0.7089457414564042,0.5955664666417821,0.3677171103883892,0.6121872010830701,0.7726235120071847,0.14855139407885612,0.06567553910216636,0.12947871824079749,0.2979604217161206,0.21351532399241943,0.2110128548811631,0.2110128548811631,0.2384048641329994
835,0.778378378378379,0.4837837837837846,0.8081081081081084,0.9702702702702702,0.6890917569757624,0.46111340821190017,0.7421512419523585,0.8490462652782168,0.7419034601525213,0.5319080809822461,0.7889574343998249,0.8767244470404999,0.6558119227620623,0.4139178642521228,0.6443776809768087,0.850064211479819,0.4870515686156891,0.2742258166314172,0.47552490430053884,0.7099051577434761,0.5823443376589966,0.343589494113684,0.6057922623325204,0.7606930872870974,0.15851928163001816,0.06634331439363986,0.1336563549655919,0.35728240314444076,0.21536146893799235,0.2110128548811631,0.2110128548811631,0.24693989299885372
836,0.7681081081081088,0.4824324324324333,0.8081081081081084,0.9702702702702702,0.6796041870837953,0.44348130946061487,0.7301716664230236,0.8471020798650822,0.7335659942127262,0.5259346343266025,0.7873017826754087,0.8687820533507596,0.6446476798758926,0.38549938042207194,0.6279929083126268,0.844890344812855,0.47239272097009855,0.26575698614713456,0.4644230309750875,0.6931075309807228,0.5697669570305514,0.34235861444667737,0.5980346001166483,0.7580495820895395,0.16534639359844824,0.07013453009136403,0.14145896418622778,0.3673485799893917,0.21588690124473275,0.2110128548811631,0.2110128548811631,0.2489754114156633
837,0.7597297297297304,0.45675675675675775,0.7945945945945949,0.9702702702702702,0.6673520717983145,0.38689402391413874,0.7097236263865314,0.8495003062853371,0.7306323818857348,0.5368094699600348,0.7802000931226556,0.8695701330567088,0.629256548919734,0.3589396083343433,0.6155161505339912,0.8418374181998962,0.4593550011359514,0.24542348680512524,0.45145581799814016,0.6940049461529251,0.5564870085730661,0.319560381575916,0.5830712867783663,0.7463320888831653,0.17152279666612152,0.07238470345385353,0.14331539601092658,0.3692849949273871,0.2163727183797515,0.2110128548811631,0.2110128548811631,0.2467104569483934
838,0.751351351351352,0.4297297297297308,0.7810810810810813,0.9445945945945945,0.6525702865812388,0.36088501291989705,0.6635670873938508,0.8465338408806364,0.7247245759522949,0.51758571070445,0.7741816743971249,0.872128258618473,0.6165838773107556,0.3488185346284981,0.6080890124193739,0.8446413305823073,0.4458357612582197,0.21997002457105547,0.42814339199323737,0.6954404761151597,0.5409467019029315,0.2894507787939101,0.5409723478274069,0.7490461038676728,0.18074484806516544,0.07410132686317178,0.1507549360259826,0.3779655259699129,0.2180284397661898,0.2110128548811631,0.2110128548811631,0.24909159974276013
839,0.743513513513514,0.4297297297297308,0.7945945945945949,0.9432432432432433,0.6465539894564322,0.35233129761894993,0.6530347945691359,0.8380554812265723,0.7225452798642336,0.5126040135951421,0.7719475405600134,0.8688915411294117,0.6042935824695955,0.3383552919496322,0.5898759119939931,0.8481811702682484,0.43575704238322993,0.21713614918254412,0.4052452387275315,0.6882393080181307,0.5326559848223082,0.28583829864238847,0.5344163002609083,0.7479000163291201,0.1852339512464588,0.07782146034538058,0.15625643342040524,0.38634596873482424,0.21796520635401276,0.2110128548811631,0.2110128548811631,0.2489754114156633
840,0.7345945945945952,0.40270270270270375,0.7675675675675678,0.9432432432432433,0.6370392066976818,0.33218713939619904,0.6555024822004343,0.8447381419902437,0.7205081432289754,0.501641525297187,0.7693475401083913,0.8754599708739543,0.5944760397111808,0.3017968404565604,0.5802266853094383,0.852459231780563,0.4272320843827459,0.2112254719581553,0.39898857201456633,0.6903687767038877,0.523403248465572,0.2650640669865645,0.5258211519234429,0.7507742382425241,0.19122239395756985,0.07482549718905153,0.16069465582469844,0.3944510285266382,0.2182929141346227,0.2110128548811631,0.2110128548811631,0.2467104569483934
841,0.7245945945945955,0.3756756756756768,0.7540540540540543,0.9432432432432433,0.6275143658462633,0.3173413830875897,0.6381992453156725,0.840067101567521,0.7177536480951673,0.5008489673429262,0.7633691615393039,0.8695314733547387,0.5824990067454874,0.2769992096655007,0.5740320149734262,0.8407832339950366,0.4174654306572168,0.19467531999563517,0.38502763152589914,0.6939018090755337,0.5128056027085289,0.24155131811137465,0.5148039116986173,0.7414843816610891,0.19791867937097016,0.07920695623407,0.17060822178508617,0.39568360092418325,0.2185856446437407,0.2110128548811631,0.2110128548811631,0.24461259881704925
842,0.7159459459459465,0.3486486486486498,0.7405405405405409,0.9432432432432433,0.617806626934522,0.3052002583979332,0.6208569833125903,0.8433702880814569,0.7173256660345214,0.5009901787794218,0.7696664434114924,0.8685167123138644,0.5759439637164924,0.25906032115104033,0.5652515193938823,0.8435250714543369,0.4128055291843229,0.18892915579098593,0.37410308044531454,0.6909315063235777,0.5048355953930184,0.22571893848507615,0.49059255800132395,0.7404336317524096,0.2078388090065193,0.08220455520284876,0.17828096781789515,0.4043005859173671,0.22045561582491882,0.2110128548811631,0.2110128548811631,0.2512991779576002
843,0.7081081081081088,0.3216216216216229,0.7405405405405409,0.9432432432432433,0.608585631930627,0.3194388741773558,0.6136838452991877,0.8446221078088526,0.7138238944197542,0.5027303530236483,0.7631644526250679,0.8724016026235263,0.5628272333053872,0.2659248970746219,0.5677062170439177,0.8449154310248145,0.4007997415180078,0.18968761067768342,0.3541037241934904,0.6788559428063173,0.49407982407502155,0.23119501309081775,0.4821522626221361,0.7395572889122212,0.21404152801197085,0.07823261943084571,0.18518230760070775,0.4126163397025906,0.2205877099111122,0.2110128548811631,0.2110128548811631,0.2489754114156633
844,0.7029729729729737,0.2945945945945959,0.7270270270270274,0.9432432432432433,0.6036802469039112,0.2819694228334554,0.6035653097010165,0.8420150264310374,0.7124821223368943,0.5139143702058069,0.757543962007422,0.8673755580538127,0.5520062230359697,0.24472590200022587,0.5622270042459281,0.8363613283249229,0.39284633693936394,0.15724445879399823,0.35254214295781167,0.6699718976780308,0.48641675473039675,0.20207995670448786,0.48332920285944725,0.7425607489523461,0.2169445030711982,0.07483101471904885,0.1898111412061705,0.41806151910842565,0.2203047579082705,0.2110128548811631,0.2110128548811631,0.2467104569483934
845,0.694594594594595,0.2675675675675689,0.7135135135135138,0.9432432432432433,0.5955474040108929,0.2229139751724267,0.6036394213388776,0.8419847211865753,0.7065006983018195,0.47763908622160706,0.753879555814577,0.861320510919552,0.5486588847918951,0.24161624345031357,0.5516046778596904,0.8448069313769253,0.3861021102837695,0.15518808784740207,0.35028408992048815,0.674331332683373,0.4788645185277066,0.19399160267497917,0.45289883178429147,0.7375900424159232,0.22220436688167086,0.0738687940166779,0.19059860557879013,0.4254158486474516,0.22038165491607983,0.2110128548811631,0.2110128548811631,0.24461259881704925
846,0.6897297297297306,0.2675675675675689,0.7270270270270274,0.9445945945945945,0.5802604784139556,0.21743167334407001,0.5828323829999809,0.8394246222621983,0.7037299640513414,0.47861367339728955,0.7414321396562025,0.8591809355052719,0.5452837128489159,0.23261273468468419,0.5392145327856744,0.8362727189401981,0.3814684563423829,0.15263798155911454,0.34206575455635857,0.6629400848268325,0.4687116095872224,0.18424571691614522,0.4384518900255992,0.7354944100670135,0.2274086366586927,0.08028226996136595,0.19737839133617816,0.4325385146863918,0.22004410684439912,0.2110128548811631,0.2110128548811631,0.24450218523118905
847,0.6835135135135139,0.2675675675675689,0.7270270270270274,0.9445945945945945,0.5711046074692238,0.2119463073037726,0.5592927740790317,0.8439593592953535,0.7043759111902246,0.47020523421678,0.7466875819133543,0.8501518309856649,0.5368109552645997,0.2231126121218742,0.5466148939741984,0.8275349203713549,0.37593807651468103,0.1443309542400896,0.33399539607821727,0.6627318431576201,0.4612193771304064,0.17876917859101918,0.4273004581307498,0.7369115985448527,0.23165874497774902,0.07832178977861586,0.20805489346714973,0.4297244231150748,0.2197005771270456,0.2110128548811631,0.2110128548811631,0.24245622393505437
848,0.6783783783783791,0.26621621621621755,0.7000000000000003,0.9432432432432433,0.5644424479561014,0.2069473607379319,0.5528010487109623,0.8479992182236655,0.7005420546713728,0.4719558729417208,0.7340582108354409,0.8563633312249639,0.5286897952883748,0.20808920128308592,0.5297465603658684,0.8205573130642183,0.3683552545487043,0.14097008259750768,0.335930157400861,0.6562031218518023,0.4544887127365432,0.17430373634617188,0.42543843494087114,0.7344911122814345,0.2363727479169667,0.08170797409363355,0.21086284910604092,0.4362477676800285,0.21935104605183994,0.2110128548811631,0.2110128548811631,0.24245622393505437
849,0.6737837837837845,0.240540540540542,0.7000000000000003,0.9432432432432433,0.562820378759534,0.20168878311104962,0.5473948273475832,0.8412939129238367,0.6975198678116444,0.46722202080769587,0.7311296225134367,0.8637061614439641,0.5284616521134811,0.2047587661855912,0.534185420715847,0.8297068512617873,0.36688140633046834,0.13401049638817078,0.3383051798502652,0.6590190658799998,0.4527677978938875,0.16894254443202927,0.4254637944258376,0.7414712797696772,0.23865892563024996,0.0778537292808375,0.21974708569662635,0.44258325129021936,0.21859263418372754,0.2110128548811631,0.2110128548811631,0.24035259780937593
850,0.6672972972972978,0.23918918918919066,0.7000000000000003,0.9432432432432433,0.5600880169607781,0.1966467325172816,0.5520452964130937,0.8433177753283828,0.6929320329454852,0.44979557464220293,0.7247328954055083,0.8616349858350627,0.5247974860734308,0.20000944251463165,0.53455854240038,0.8333114368896488,0.3609665852391882,0.1338611381116392,0.333135860402496,0.6509969154446713,0.4478610085453375,0.16433355677919315,0.42397444806148643,0.7424799063214516,0.24403735048149602,0.07786818805840766,0.2345133222186001,0.4487387572969277,0.21865715623388746,0.2110128548811631,0.2110128548811631,0.24035259780937593
851,0.6664864864864873,0.2648648648648662,0.6864864864864868,0.9432432432432433,0.5580687285177417,0.19366359543999986,0.5464686660740822,0.8464075080580904,0.6888887599758781,0.4393352124412218,0.7170815727903292,0.8572703194898614,0.5232912817503099,0.19444213834139729,0.5314026081258607,0.8239527689120687,0.3582380261441904,0.1281449463487028,0.3301978681814238,0.6601853799267687,0.44545049543639775,0.15956913375384454,0.4226092436023212,0.7414009621931917,0.2476822724638061,0.0727230672103767,0.2496247635132406,0.4524789013478352,0.2186918131836885,0.2110128548811631,0.2110128548811631,0.24245622393505437
852,0.665405405405406,0.2648648648648662,0.7000000000000003,0.9432432432432433,0.5528632019079274,0.18916916741521933,0.5414503529394263,0.841253898853048,0.6869631939644866,0.42915903409269746,0.7155766323478436,0.8611481930797819,0.5221216735781302,0.17320505007220616,0.507961300543545,0.8272539660381717,0.3560266697864063,0.12616620341466744,0.33321819846311584,0.6667266282592207,0.4418908843784894,0.15821499437834788,0.4255591307401966,0.7404618584014055,0.25006063296527997,0.0720194310630037,0.25840109387145743,0.4587345780365474,0.21789148235483732,0.2110128548811631,0.2110128548811631,0.24035259780937593
853,0.6610810810810819,0.2648648648648662,0.7000000000000003,0.9432432432432433,0.5485974127710285,0.1708794469086723,0.5430090948034711,0.8441994390478258,0.6834130600714015,0.39352770412427884,0.6966712250950131,0.8657138619341173,0.5143086253407015,0.16918493972998389,0.5062828280394351,0.8258536740292564,0.3495129734214265,0.11567050744617202,0.33280396329997164,0.6641717600773194,0.43640400732102935,0.1519487139636049,0.4260172326834061,0.7425690700640946,0.2531518249513641,0.07609918339892477,0.25683580058970384,0.46480806494173077,0.2171089506538192,0.21094218957714428,0.2110128548811631,0.2382998144513048
854,0.6578378378378386,0.23918918918919066,0.6729729729729734,0.9432432432432433,0.545333235600581,0.1677016830331867,0.55030340509107,0.8437539506404385,0.6789029780171867,0.40862273160368756,0.6980894961308082,0.8693156832989108,0.5132033298517036,0.1693739721311449,0.491960295369573,0.8325861305552552,0.3464423525046012,0.11525447229924712,0.31824428474249256,0.6636113049831911,0.43313539058192874,0.147860164410212,0.41301657566198036,0.7432800025708779,0.2560655425171733,0.0783847190581315,0.2518474426455288,0.4682618478541041,0.2163436088915412,0.2108728921966204,0.2110128548811631,0.2362960434431227
855,0.6570270270270278,0.23918918918919066,0.6729729729729734,0.9432432432432433,0.5424383502066839,0.16471791137098515,0.5496942701929519,0.8512346712882195,0.6754748508770924,0.3730783277144121,0.6960397894017403,0.8738053179706459,0.511765051615757,0.16555237304716644,0.5033509888341277,0.8389173666542357,0.34366592783235916,0.11478046655640196,0.3139277315133353,0.6560124542520391,0.42997020430024113,0.15407695717444628,0.40828983935032204,0.7411994034973606,0.2583218216730341,0.07472722000877857,0.2595738415283528,0.47386826644426727,0.2155948730174174,0.21080492058043276,0.2110128548811631,0.234339528646057
856,0.6556756756756763,0.23918918918919066,0.6729729729729734,0.9432432432432433,0.5407582655913675,0.16191852844910065,0.5579617804799866,0.841792099042529,0.671772806082022,0.3798342752091682,0.6883151986118551,0.8704136362522041,0.5085378267542617,0.16121667704954443,0.5153290701929035,0.8464272140319123,0.34054853333535023,0.10822380879063122,0.3000274762130354,0.6600240101097118,0.4268306279464553,0.1497957023756234,0.40472996759490865,0.7418271643621903,0.2603816513152129,0.07720756716681625,0.2626277844111522,0.4793301920035781,0.21486218323524342,0.20939559350528203,0.2110128548811631,0.23242858644554734
857,0.655405405405406,0.23918918918919066,0.6729729729729734,0.9432432432432433,0.5374362814980231,0.1592940971869138,0.5450703898442771,0.8433033263913244,0.6636712118415017,0.3815534979634032,0.6826616115050643,0.8728703962520282,0.5067993773985898,0.1585516312446847,0.5114545685690589,0.8368028877747468,0.3353061921769553,0.11074438591852236,0.2947920407831224,0.6646081220728244,0.4226245710510515,0.1459928428566339,0.39740285914326606,0.7420263120584433,0.26477815741604444,0.07657211147574876,0.2741866103623699,0.48464139080301477,0.2149507295480689,0.20801350347746653,0.2110128548811631,0.2361959771952582
858,0.6524324324324331,0.23918918918919066,0.6729729729729734,0.9432432432432433,0.5365925656766946,0.15683539177581343,0.5512659574052734,0.8503457629274616,0.660645461006199,0.389363742183967,0.6763257270736466,0.8685245221419325,0.5103630473880142,0.15535538917627875,0.5086529611852354,0.8451263028941444,0.33725480838232386,0.1045103830108675,0.2974598747950309,0.6734445914742693,0.4231899023600059,0.14202770269126444,0.40816549574860694,0.7451095295967904,0.26638011715160415,0.07600643186884623,0.2803333790174931,0.4898117298958462,0.21420206965033892,0.20665781220931032,0.2110128548811631,0.234241820827678
859,0.6518918918918927,0.23918918918919066,0.6459459459459463,0.9432432432432433,0.5366370429375703,0.1695606795937927,0.5452040353958407,0.8543373811298455,0.6530334076259686,0.3654096577509084,0.6793314028630213,0.8636100990673071,0.5131904653619848,0.16984750042324354,0.5117665585777269,0.8479129681221957,0.33527312707873025,0.10719049934294077,0.28821058176660336,0.6742737531854014,0.4222978064609896,0.13548438148454836,0.4041497412570541,0.7446764224293849,0.2679135882265696,0.07462707408315322,0.27893977885385024,0.4850384857889721,0.21348322206056555,0.20532771542429054,0.2110128548811631,0.23233315305701416
860,0.6543243243243252,0.23918918918919066,0.6729729729729734,0.9432432432432433,0.534919804742988,0.174129182112224,0.5453277065575874,0.8553505377872135,0.6505031022836492,0.33200465635574367,0.6797862708591426,0.8597385248144301,0.5154578540524966,0.1675955258010745,0.5091032023106485,0.8423286993245411,0.3359088582251059,0.09999710708387437,0.298164403412948,0.6812524920165551,0.4216823352006071,0.1405735129785799,0.39657925704990926,0.7427745429705046,0.2699345682260323,0.0715474269764202,0.27959007786715184,0.49309438733220207,0.21331871275914988,0.20421164693345223,0.2110128548811631,0.23056160366810122
861,0.6540540540540547,0.240540540540542,0.6729729729729734,0.9432432432432433,0.5330695450109729,0.17183675475614402,0.5351211865398777,0.8574576859900941,0.6474198981544277,0.3351920027662758,0.6784932519968037,0.8638621914388717,0.5180862237094093,0.16764670602000586,0.5186805914583044,0.8442693486684743,0.33580504344777545,0.10529645118958278,0.3007566409230052,0.6769274329046139,0.42052800488800657,0.14624263835450907,0.39233618476761317,0.7468128651649525,0.27143414951938893,0.06633782960098948,0.27772069061084853,0.4949118558083436,0.21260347716038555,0.20292703572163026,0.2110128548811631,0.22873703527400377
862,0.6535135135135142,0.240540540540542,0.6729729729729734,0.9432432432432433,0.5318089126054221,0.18076966494719446,0.5269134740163024,0.8644343955918145,0.6442757955900046,0.3517259975886822,0.6820146411567181,0.8551447885096459,0.5205232869338223,0.16630273980684473,0.5132840128719542,0.8411391486568253,0.3357301831266819,0.10822585709454269,0.30179306783405735,0.6778624364362376,0.4200385110242173,0.14546246778934868,0.3932299246026979,0.744654826392078,0.2748322292935999,0.06773905287325972,0.27703847902156564,0.4998317334234465,0.21247028091531397,0.2016658935626803,0.2110128548811631,0.2286459126975524
863,0.6545945945945949,0.240540540540542,0.6729729729729734,0.9432432432432433,0.5319120533340895,0.17845467438033877,0.5400716729864257,0.8539317525895072,0.6414503694954682,0.34453083982406396,0.6713585390641799,0.857466816058848,0.5221334015562149,0.1848540542099709,0.5108149957401139,0.8475390089402274,0.33594721471270317,0.10957588805589431,0.2940297616118398,0.6842350592382633,0.42025167004412867,0.14080430738888794,0.39188968658936096,0.7434330521655965,0.2784098047655943,0.06412363941739699,0.27934767737613614,0.5081578164512454,0.2127419867436613,0.20280206058276137,0.2110128548811631,0.23819730215254814
864,0.6516216216216218,0.240540540540542,0.6729729729729734,0.9432432432432433,0.5306087636308989,0.17533406238122495,0.5449853695456686,0.8431554823678805,0.6337774565257486,0.30267129495982975,0.6648646236609443,0.8590593611330095,0.5244390176140142,0.1826830335715337,0.5178156452986846,0.8473705260743732,0.3327330000298631,0.11399270179943277,0.2908477530625623,0.6743305499377379,0.41810671258719884,0.13982173469382325,0.38754632912150627,0.7463341419264885,0.2806909688424079,0.07122898366188664,0.2865900999053218,0.5092980976560879,0.2124488525453274,0.20154316354481364,0.2110128548811631,0.23650360542357396
865,0.6551351351351354,0.240540540540542,0.6729729729729734,0.9432432432432433,0.5312547906595284,0.17363361244885472,0.5394877906218243,0.8430663275277576,0.6280155402282727,0.3045748027154458,0.6616785969511949,0.8592188341454566,0.525304792649768,0.20167443006121186,0.5108885002502772,0.846824973319776,0.33148117388157666,0.11302331813859015,0.2904403485862599,0.6776143142445906,0.4177115437385846,0.13992171180000634,0.387075400521358,0.7380503581283565,0.28263840346124225,0.06652486215092629,0.29104423115126493,0.5176010523855635,0.21231009526883068,0.20042753294425253,0.2110128548811631,0.24046027998285668
866,0.6567567567567572,0.240540540540542,0.6729729729729734,0.9432432432432433,0.5310109315831254,0.17109687270910479,0.5431853786851717,0.8404919942016467,0.6158922229719521,0.2975255743884578,0.6571553649783244,0.8642466890573669,0.5311311523743628,0.20132191668789629,0.5157962061930057,0.852446374636292,0.3297659331404907,0.10201787190498501,0.29513103063970914,0.6829304067785072,0.41692543165710744,0.12763086038369797,0.3945305722768252,0.7315441893255464,0.2842528760058974,0.07175928553178934,0.2893753821587012,0.5182970297692878,0.21160658199282673,0.1992112932053468,0.2110128548811631,0.2384048641329994
867,0.6567567567567575,0.21351351351351502,0.6864864864864868,0.9432432432432433,0.5296802540398456,0.16869205286312894,0.5371278234206271,0.8375538053226927,0.6121810165846555,0.3067802306122967,0.6555961695460362,0.8551285245470732,0.5323891230471193,0.20781620868230613,0.5113145727110532,0.8574252309252246,0.32861935731976205,0.10757322805798933,0.29268750237252666,0.6773894127646355,0.4160037811640368,0.13055436021099404,0.39228222760927384,0.7369307031171828,0.28613663389967436,0.06977102573752174,0.29237839543461597,0.5226318000109513,0.2109177845630394,0.1980165392757921,0.2110128548811631,0.23639855574187935
868,0.6556756756756761,0.2121621621621637,0.6864864864864868,0.9432432432432433,0.5288780783062632,0.17342874627141824,0.5346946179566592,0.8400355007849729,0.6087193889138739,0.3087933990521618,0.6504985398651706,0.8521132890096031,0.5378570925980913,0.21378835909588392,0.5094243961658143,0.8506528478669496,0.32966805699173674,0.10453533775831558,0.29897569471798335,0.66638677690483,0.41676520385514343,0.1268005075853626,0.39914758866510625,0.7440048590238469,0.28755526734259246,0.07001599436582935,0.2973590210875954,0.5266781863723017,0.210327509726325,0.19684266048077814,0.2110128548811631,0.2344395948939215
869,0.6535135135135142,0.2121621621621637,0.6729729729729734,0.9432432432432433,0.5283613915075779,0.16990787698877594,0.5324707143893801,0.8397980397849105,0.6076400147271612,0.30153812363860505,0.6425070486319062,0.8528116833417733,0.5436978726564488,0.22113032158370086,0.5146958491174379,0.8478611612968525,0.33268198893038736,0.10777248085447282,0.30164909932984774,0.6683462595141059,0.4184042260807834,0.12855944560066726,0.39689745167422086,0.7340439550632043,0.2892232519734757,0.07224911659004371,0.2995377557607676,0.5308046321711432,0.2097198058008629,0.1967849809271006,0.2110128548811631,0.23252629426392635
870,0.6545945945945952,0.2121621621621637,0.6729729729729734,0.9432432432432433,0.527619984639538,0.16637612817246084,0.5315151158158572,0.8438729706998259,0.6014519586903954,0.29462219442429705,0.6421589851273568,0.8471420596828434,0.5475374543822071,0.22247858164490897,0.5151268775187303,0.8466281449243259,0.3319489624465694,0.11424840287559031,0.29966504467114274,0.6705464901487813,0.417737803408024,0.12562852449023187,0.39154365517245976,0.7358234877986672,0.2901660358046958,0.06815141986639008,0.30576422521961033,0.5349038492136156,0.20924296872694165,0.19684266048077814,0.2110128548811631,0.2306570370566344
871,0.6575675675675683,0.21351351351351502,0.6729729729729734,0.9432432432432433,0.5283848842747375,0.16296671755911954,0.5347083330835651,0.851696419321636,0.5961244972107127,0.2880347902430498,0.6296878737171391,0.8387374374636093,0.5512513955904,0.2227967950751788,0.5258325786162392,0.8423490235065425,0.33222519765539166,0.11100275207760857,0.3055318577472216,0.6646409550893071,0.41839288313700307,0.1230889384069708,0.4001252530657037,0.7370452439203411,0.2910355595007327,0.0716837997007339,0.3088957528810624,0.5394994305089661,0.2088374073787814,0.19684266048077814,0.2110128548811631,0.2288302747155255
872,0.6586486486486492,0.21351351351351502,0.6864864864864868,0.9432432432432433,0.5280864546750886,0.15970804265567456,0.5309299016095916,0.853844389688839,0.5855919371739803,0.2955756034028087,0.5992319086436744,0.8364763439250203,0.5544280758117626,0.23680197032838904,0.5346957549425395,0.8430716164894887,0.3296343721132559,0.11028293861396818,0.30154054640948535,0.6654731750467787,0.4168321948149326,0.12634660485119928,0.3984316465094678,0.7386687290433174,0.29388741283689224,0.07736251914468653,0.30520104202683795,0.5439197621593016,0.2089984949547639,0.1967849809271006,0.2110128548811631,0.23056160366810122
873,0.6583783783783791,0.2121621621621637,0.6864864864864868,0.9432432432432433,0.5269792767937184,0.15655971193998253,0.5294532281179287,0.8507999173375526,0.5766604343859201,0.2746149249625242,0.5784797280155562,0.8465404722133409,0.5588823063900781,0.23755334200749134,0.5498399603717468,0.8406502956378014,0.32829875950310666,0.10567015309896789,0.29951404205524257,0.662002781079471,0.41555374270793877,0.12766091419138817,0.39808101881073765,0.7398448281763629,0.2955039878405062,0.07116832207249241,0.3073236477570862,0.548739730917833,0.20926158904361247,0.19684266048077814,0.2110128548811631,0.2304683642265795
874,0.6594594594594603,0.2378378378378393,0.6864864864864868,0.9432432432432433,0.5272326823183877,0.160277057416409,0.532713381543134,0.8544733289449067,0.5723117869863144,0.26841555966091096,0.5702578788901762,0.8402119497116196,0.5627598067223638,0.2418220819953134,0.5549743452285412,0.843083759145683,0.32859998071091,0.10005390971505612,0.30029945361485033,0.6636190419687914,0.41583467237054866,0.12848041694656515,0.40136714176907723,0.7413659760020561,0.29641425378317515,0.07399608529594058,0.3088230073511579,0.5528388940421661,0.20899272548894637,0.1980165392757921,0.2110128548811631,0.2286459126975524
875,0.6616216216216224,0.2378378378378393,0.7000000000000003,0.9432432432432433,0.527274735484222,0.15785336265025768,0.5262803137643756,0.86406338274595,0.5656919803962545,0.26201751168311627,0.5612135295760055,0.837063609731348,0.5643239814971934,0.23799590836907664,0.5503424179426202,0.8381857704454958,0.3262862494622155,0.10006156786784277,0.2957560391456542,0.6769656327267086,0.4148702711492692,0.12690140695284435,0.39402054966736405,0.7412687649356571,0.29706293186025623,0.06809972906010998,0.3155952519833253,0.5580676829089811,0.2086818620233012,0.19684266048077814,0.2110128548811631,0.22686432239130702
876,0.6640540540540546,0.2378378378378393,0.7000000000000003,0.9445945945945945,0.5280235803455112,0.15553897081999998,0.52483833305922,0.8699163464309967,0.5603277132704118,0.25587743302953625,0.5519155615370117,0.8389355776659211,0.5707790591148906,0.24533905851850865,0.57472081437108,0.8410932181686546,0.32708551780285966,0.10215188527917668,0.297397187414503,0.6628111877776962,0.4159150880096351,0.12560603479452753,0.38790412923529344,0.7453371398472322,0.2979149801550106,0.07097851615306937,0.3168106590804701,0.5624780868027678,0.20904909774486044,0.1956890694072268,0.2110128548811631,0.22529836687587698
877,0.6664864864864868,0.23648648648648796,0.7000000000000003,0.9702702702702702,0.5289812755595291,0.15332897792273145,0.5337210182960823,0.8593574428727155,0.5530550894763628,0.24991968304859588,0.553031985885124,0.8405342908430417,0.5755961177456094,0.25904607287328424,0.5860419325384837,0.8441452702118704,0.3263149096290633,0.10358470968694145,0.2974047710236297,0.663009695253838,0.41577544500739533,0.12034078274380197,0.38716098421086625,0.7482747777476864,0.2981447864315198,0.06997841795657525,0.31600983848739694,0.5667144317665784,0.20889378592967633,0.19684266048077814,0.2110128548811631,0.22359044312340523
878,0.666756756756757,0.21081081081081232,0.7000000000000003,0.9702702702702702,0.5303585338340429,0.15121868313069686,0.5376394376760748,0.8565823047186245,0.5491908243158949,0.24402563419451462,0.5573464538304715,0.8539772669486776,0.5789093245433259,0.27501782501479094,0.5733952267595388,0.8543812350401365,0.3262474692499837,0.10135203865811204,0.297130869884514,0.6585899034921912,0.4164056594795094,0.11730585515277878,0.3930233533331991,0.7519573780810626,0.2984906241448365,0.07121004369966202,0.31219986240306863,0.5708154031637008,0.2087952424767187,0.1979578453360414,0.2110128548811631,0.22191945260733845
879,0.6667567567567572,0.2378378378378393,0.7000000000000003,0.9702702702702702,0.5307685683945088,0.1530687710886469,0.5314705558359266,0.8673714872043046,0.5458213329700423,0.2287199648157871,0.5518592638299104,0.8488860942474017,0.5827682422728331,0.2769127415543405,0.5803286458942841,0.8618011799517414,0.3274850285987699,0.0964217357077084,0.2947572905504201,0.6541192304764378,0.4168857098448121,0.12325971008745341,0.388202234611664,0.7576773663667973,0.2993696376436632,0.0693354411037085,0.3148260167095617,0.575352257939617,0.20876811684334806,0.1980165392757921,0.2110128548811631,0.22028415032955367
880,0.6691891891891896,0.23918918918919066,0.6864864864864868,0.9702702702702702,0.5306436529499065,0.16921460639895694,0.5255777651161768,0.8618410728020194,0.54231974890248,0.23415831555692299,0.5443711543443559,0.8495619268759433,0.5883617996760473,0.29380522058389597,0.5973545275128873,0.8556228875970832,0.3286394886609929,0.09413297766400282,0.29253152067576754,0.6639598703948704,0.4174824251173918,0.12368963859333881,0.3898638810625099,0.7582011335867659,0.3001019224123471,0.06496320024410833,0.31644841212678,0.5797355646980055,0.20867604138107382,0.1980165392757921,0.2110128548811631,0.21860176022160568
881,0.6727027027027032,0.26621621621621755,0.7000000000000003,0.9702702702702702,0.5321300348229392,0.18535279917291073,0.5199486646313103,0.8554282840042022,0.5403610505594295,0.23295725485473898,0.5366580685207387,0.8539859826930721,0.594922986018225,0.302932834610136,0.6262188143255616,0.8486728305498735,0.33087458474604053,0.09900715131615043,0.2907293711590499,0.6520223383159206,0.4195620348496696,0.13523564667904397,0.39758970539035376,0.7480684501597534,0.29952947544258995,0.06837759796964114,0.31858989703798846,0.5839346821955567,0.20870062830183997,0.19915155550886907,0.2110128548811631,0.21711589376594695
882,0.6772972972972979,0.26621621621621755,0.7000000000000003,0.9702702702702702,0.5363322083508445,0.18497391831617543,0.5260383691380975,0.8577282144497631,0.5378827160529692,0.22819118472841105,0.544921535577982,0.8587295008047564,0.6047101618475482,0.3185484583051393,0.639459653811921,0.8473407602871835,0.3347394481678602,0.08325287615470835,0.29936379747583,0.6628946808596639,0.42398030589624064,0.11949633703818557,0.3943037720598316,0.7532860528486502,0.2973820346587575,0.07109703852100296,0.3112795186558437,0.5879680902886557,0.20865179480109952,0.19915155550886907,0.2110128548811631,0.21558070557435563
883,0.6840540540540551,0.2932432432432446,0.7000000000000003,0.9702702702702702,0.5399311714115494,0.18708039727893455,0.5271901741291152,0.8503830163688705,0.5358908590301739,0.22289219919147918,0.524578379956894,0.8544067379707291,0.6111432891492825,0.3250503589209463,0.6505883357632911,0.8341359966075873,0.3359144462695681,0.08494025675426144,0.30962389106624455,0.663350794627655,0.42668057984952923,0.12023947690202424,0.3944730279365891,0.7425234138184356,0.2953737309911877,0.0678945324044547,0.30965673973824925,0.5908996974401675,0.2086309398680083,0.1980165392757921,0.2110128548811631,0.2140767332062549
884,0.690540540540541,0.3189189189189202,0.7270270270270274,0.9702702702702702,0.5438064641001583,0.1850611779321122,0.5311142085038549,0.8521884382742602,0.535314571595157,0.22354903236515247,0.5234671211637518,0.8464817696381005,0.61750591478883,0.34161070684034056,0.6507469878598775,0.8379798032670918,0.33929662110970893,0.0882918535261914,0.30017475867031523,0.6774252567008514,0.4305552595118602,0.11900611673401404,0.39526729298546814,0.7459333890725848,0.29372358419852984,0.0715445109448589,0.3051728029340335,0.583781389707293,0.20863153720014074,0.19915155550886907,0.2110128548811631,0.2126029739560757
885,0.6981081081081082,0.34594594594594713,0.7270270270270274,0.9702702702702702,0.5483069400999814,0.1896597725319495,0.5437543800462404,0.8580424366345863,0.5344978667769392,0.2185179119940533,0.509653058387201,0.8552583659210536,0.6218040562615077,0.34653649958244886,0.6507624781912942,0.8500134682226915,0.3410514696152391,0.09013613113196559,0.306151383788114,0.6617996800342498,0.4335258810367666,0.12947598572299365,0.4001780735758139,0.75126875216344,0.29126038539675064,0.0678377191427114,0.2977488419287916,0.5762474830242241,0.20863089064529614,0.20036672095730723,0.2110128548811631,0.21115846697739507
886,0.7051351351351356,0.34729729729729847,0.7270270270270274,0.9702702702702702,0.5534574644014367,0.20570267538124207,0.5454823631447037,0.8536506958906942,0.5360430208909304,0.2190323815981906,0.508769783843339,0.8611541953836143,0.627601707497801,0.35621045063321777,0.6538777768749546,0.8453232140356335,0.3441076098859647,0.10789083639628544,0.31061570768294366,0.6712951103529826,0.43725060221455436,0.146839464561507,0.4044226363079596,0.7549709222705204,0.28753370295205455,0.06826460218595651,0.29881658246024645,0.5679726927364014,0.2086702371219138,0.2016039755317589,0.2110128548811631,0.2110849320659955
887,0.7118918918918922,0.3486486486486498,0.7540540540540543,0.9702702702702702,0.5564186499090024,0.22108797382503365,0.5565972724001196,0.8471424337606898,0.5392749215625217,0.23003980501253748,0.5140002498007826,0.8512668444679233,0.6324928817920974,0.3712439825227105,0.6605086983667874,0.8571661686078261,0.34907485186301024,0.11762670691112007,0.3167823641175341,0.6741904413273178,0.44116273880241413,0.15854521788860831,0.41742998466042597,0.7491656220008411,0.2845140864776989,0.06213454421126103,0.2937666724741087,0.5600312154709891,0.20867503911527216,0.20042753294425253,0.2110128548811631,0.2110128548811631
888,0.720540540540541,0.37432432432432544,0.7540540540540543,0.9702702702702702,0.561204590046012,0.23563098221556553,0.5528374681347894,0.8460394904072023,0.5437957414557927,0.24947207809775981,0.5232141119831255,0.837772067057635,0.6372261840217515,0.38748040287922964,0.6589354092591616,0.851975606204334,0.3528452074688716,0.1201387739082265,0.32653706028536555,0.6713567854849006,0.44641706908343154,0.1699710784677817,0.4191785491694081,0.750938075645205,0.28135157587395887,0.06778037871118142,0.28895372334249403,0.5518405553849269,0.20873717733219302,0.20042753294425253,0.2110128548811631,0.2110128548811631
889,0.7294594594594598,0.4000000000000011,0.7810810810810813,0.9702702702702702,0.5638929096088832,0.23310346565554152,0.563387351809171,0.8409158901150543,0.5471641301934418,0.2498139116704015,0.5227478301900278,0.8374648284251742,0.6435972736075432,0.38480293878019645,0.6586016213210997,0.8586627885732879,0.35764362013873857,0.12240598583863427,0.33228465072770963,0.6692624725467495,0.4503448880115311,0.16894533826019045,0.4257069349646932,0.7520241057312478,0.2778590513299318,0.06476911583159949,0.2881581867849649,0.5434149774985191,0.2087385888894125,0.2016658935626803,0.2110128548811631,0.2110128548811631
890,0.7351351351351357,0.4000000000000011,0.7810810810810813,0.9702702702702702,0.5704427981749276,0.24872500548896187,0.5764551421064021,0.8348305489307133,0.552007507287556,0.2561499144239684,0.5292543746054497,0.8417814652077794,0.6538972987331708,0.3876059994753678,0.6657393468897224,0.8556927587681228,0.3651611647780554,0.13001554713629895,0.34169481909415467,0.6709791136316483,0.45781153643486283,0.17825327210761577,0.43741849598512095,0.7462854621174625,0.27399327608278584,0.06577055373494753,0.2791132262519518,0.5347677443210916,0.20870628669987037,0.2016658935626803,0.2110128548811631,0.2110128548811631
891,0.7437837837837842,0.42567567567567677,0.7810810810810813,0.9702702702702702,0.5770636648928885,0.2644154939701603,0.5832730737033457,0.8354942378797365,0.5561158421985053,0.264621106585363,0.5331674817458314,0.846445609735338,0.6631366382434153,0.4043940428870927,0.6799699408866486,0.8635308864550828,0.3722566388865111,0.14498883099638774,0.3443361353624551,0.6757054021920131,0.4651240146477333,0.19449262321009012,0.4388283876138152,0.7495730516194468,0.2698766924282754,0.06512710122469942,0.2709422436899435,0.5259112014074125,0.2087570876984217,0.2016658935626803,0.2110128548811631,0.2110128548811631
892,0.7527027027027029,0.42567567567567677,0.7810810810810813,0.9702702702702702,0.582822158514143,0.2801742933468329,0.5952994239127911,0.8371694399272414,0.5610556789808048,0.2832390809956238,0.540933736348178,0.8373404187817658,0.6706974430692635,0.42112651177734595,0.6913285344588533,0.8657146667080176,0.37902761069788055,0.14694422697246695,0.3561712747834304,0.6759747012928812,0.4715479764429203,0.20351050385283043,0.45041714595975085,0.7574769399732749,0.2661249481403909,0.0676986536314653,0.2610889812269237,0.5168568544804109,0.20873636513593113,0.2016658935626803,0.2110128548811631,0.2110128548811631
893,0.761621621621622,0.4270270270270281,0.7945945945945949,0.9702702702702702,0.5906227290431321,0.2960005778146511,0.5990677572348097,0.8439375529408772,0.5691182646259759,0.28673812066311916,0.551474364428144,0.8446086751204409,0.6765875391847047,0.4378154582462492,0.6967828280295023,0.8639056130590803,0.3874147196656174,0.16261243149340393,0.36112664239419257,0.6867414862159366,0.4799630930822373,0.21820255677520262,0.4555300128481431,0.7593666405052242,0.26139420096729804,0.06608745264853073,0.2542746128708172,0.5076154390467048,0.20873447269707587,0.20042753294425253,0.2110128548811631,0.2110128548811631
894,0.7702702702702706,0.42837837837837944,0.8081081081081084,0.9702702702702702,0.5971543622247818,0.3118933606627027,0.611243163513912,0.8427580038710284,0.5746370772183855,0.2975191346182061,0.5604197840218035,0.8510619455637705,0.6861753202442952,0.4350830626699274,0.7144205008298816,0.8591591436410958,0.39616584130238464,0.17848649307917086,0.37563746307952234,0.6848752716098536,0.48784362644695994,0.234160253990446,0.4650806534061451,0.7580196037827602,0.2579641612292782,0.06807248267371241,0.24418243499613906,0.4981969833193482,0.20873344473410554,0.1992112932053468,0.2110128548811631,0.2110128548811631
895,0.7767567567567574,0.4297297297297308,0.8081081081081084,0.9702702702702702,0.6028337135633037,0.32785151864333373,0.615719938008222,0.8361491975298443,0.5812583638719309,0.31363990474171044,0.5738606745170847,0.8485372882576842,0.6909064603975372,0.4326406303716777,0.7094649703839224,0.8663184073317056,0.40282984824412243,0.19416018485437206,0.3827980129884062,0.6882388506420808,0.494441110900581,0.2505002487743893,0.47698355715320584,0.7627280344923838,0.25235010471195773,0.06317597693146107,0.23380189506625815,0.4886108651649991,0.20937232656077717,0.20042753294425253,0.2110128548811631,0.2110128548811631
896,0.7845945945945951,0.45675675675675775,0.8081081081081084,0.9702702702702702,0.6091567139051915,0.34383688959618625,0.6108158404649915,0.8439290296574191,0.5863565584545152,0.32247424539994246,0.5695711897551552,0.8521009798483183,0.6977484416948515,0.44934214961184665,0.7215215470793427,0.8569337066272272,0.41005670644750525,0.20928527899441823,0.37869136940132175,0.6766539508491884,0.5015072548380018,0.26587841050728517,0.4852278111301459,0.7627205481861014,0.24760986778556404,0.06010218360102027,0.2289897246521957,0.4788658637082657,0.20935399043432337,0.20154316354481364,0.2110128548811631,0.2110128548811631
897,0.7932432432432437,0.4837837837837846,0.8081081081081084,0.9702702702702702,0.6152731043019769,0.35828529087587824,0.6154548705784801,0.8350717172436116,0.5907982572516209,0.3357819407677813,0.5779476643166293,0.8459966354713137,0.7018198586753297,0.44737448713082373,0.72847002685817,0.8617993111513617,0.41555035698304615,0.2181494419796973,0.3839713932665323,0.6882532206677868,0.5072102759494572,0.2636804079870009,0.48333333559096453,0.7532517967842215,0.24109808926300624,0.06774399794373771,0.22535156548048352,0.4685125960575168,0.20989108828711614,0.2016658935626803,0.2110128548811631,0.2110128548811631
898,0.8018918918918925,0.5108108108108116,0.8216216216216219,0.9702702702702702,0.6210149865246993,0.3737127200727184,0.6278750159104284,0.843333377480593,0.5953552505275971,0.3514280249664972,0.5892532310414631,0.8388858476804112,0.7101409706651832,0.4630645902634507,0.7393384967831867,0.86879915966783,0.4238218562194775,0.23101872521156294,0.3933544543099403,0.673565532629177,0.5142979142530366,0.2798391420296791,0.4898371728911498,0.7506387218851082,0.2371728356589001,0.0684382330733559,0.22318485176327668,0.45879459433324765,0.20991366587322913,0.20292703572163026,0.2110128548811631,0.2110128548811631
899,0.810540540540541,0.5378378378378385,0.8351351351351354,0.9702702702702702,0.6264664279600787,0.37133641619271274,0.622198782371709,0.8354888470515812,0.604780826907786,0.3617721171120564,0.6000342885966305,0.8477482651463668,0.7150841758086659,0.478530420226922,0.7388915134602698,0.8639966685703536,0.43344414629029315,0.2398550648610485,0.40944457004824986,0.6736970204573731,0.5231431757353597,0.28442523723683205,0.5061922599783879,0.7553868170315299,0.23261003263151334,0.06612838975437305,0.21919341443121398,0.4489030856304548,0.20989319024872674,0.20292703572163026,0.2110128548811631,0.2110128548811631
900,0.8172972972972973,0.5648648648648655,0.8351351351351354,0.9702702702702702,0.6339684674997745,0.3869554637254134,0.6335963937458942,0.8298181088608921,0.61206724145339,0.3773487011428062,0.6068961139077039,0.8405801956535724,0.7213402149758391,0.4940435566643725,0.7506895506649551,0.8714660600356126,0.44212399528365026,0.2586253431297457,0.425115087535087,0.6871417813057717,0.5310226552775563,0.30117854446595577,0.5144755621320214,0.7523781059103127,0.226565167361217,0.06726336993868699,0.2146834501446865,0.4236251080988725,0.2104818595425613,0.20421164693345223,0.2110128548811631,0.2110128548811631
901,0.822972972972973,0.5918918918918925,0.8351351351351354,0.9702702702702702,0.6400915961921209,0.40265806130979914,0.648880313576184,0.8371548489315122,0.6182534348551278,0.37923954748972727,0.6166086795837109,0.8363742863867343,0.7298810628556416,0.5153634642517406,0.7544967072496349,0.8686827911462578,0.4511009666384194,0.29318958736770245,0.4328371904051048,0.6912632853271765,0.5393446195835174,0.3464182666422459,0.5273023518575807,0.7504633308768238,0.22306317980795565,0.07191809230154093,0.2094517035976315,0.4251570960718807,0.21045511673526995,0.20414741637286113,0.2110128548811631,0.2110128548811631
902,0.8316216216216219,0.6175675675675681,0.8486486486486489,0.9702702702702702,0.6492196208051779,0.4184415419007682,0.6636789629749515,0.8374009746193108,0.6240819572044657,0.39091068764813824,0.6116137521712783,0.8386918213195494,0.7354104815403432,0.5266728283440205,0.7641431384510708,0.8679528621852789,0.45835270713754506,0.30131086138515994,0.4384299952942434,0.6947948204920364,0.5463134984812009,0.36093918842609035,0.5316725165736094,0.7546066308662598,0.21920808675579978,0.06812794124462042,0.2019460727037041,0.4138263238687125,0.2104731981835393,0.20408435926491364,0.2110128548811631,0.2110128548811631
903,0.8410810810810814,0.644594594594595,0.8621621621621623,0.9702702702702702,0.6579214657992587,0.4378064932541404,0.6744987341459742,0.8357026793418646,0.6335247067572737,0.4034721255406402,0.6236280931053673,0.8434870068520965,0.7382860840643589,0.5372519749849572,0.765874490852632,0.8734766368866368,0.4673207769890517,0.3061734382860867,0.4477037197685548,0.6941059594392294,0.5548585880080249,0.3675084682911968,0.5369883720165074,0.7545973437601468,0.21137980688413677,0.06345208682341993,0.2050734172957835,0.3774719518281555,0.21138023373932543,0.20545500309282913,0.2110128548811631,0.21217430317848876
904,0.850810810810811,0.6716216216216221,0.8621621621621623,0.9716216216216215,0.6711189469879701,0.46174302227665504,0.6936017863975976,0.8377599801668779,0.6418452396392247,0.4188948267857421,0.6442315343317854,0.8423330293032869,0.7417621279456686,0.5489323837961743,0.7627616517747653,0.8747990917627341,0.47557794569540973,0.3228103861621864,0.46706393499145404,0.7028858616674302,0.5644463845507379,0.39509254078523764,0.5563746684304344,0.7588975224148033,0.20643400224258443,0.061647804411607166,0.19439728949381926,0.3667154406502923,0.21130177308117307,0.20539077253223803,0.2110128548811631,0.21207886978995558
905,0.8591891891891896,0.6716216216216221,0.8621621621621623,0.9716216216216215,0.6827747861150061,0.4856605568632488,0.6940355912319759,0.8411901769196547,0.6483673692284772,0.4336130560678868,0.6472871529923168,0.8400445344495909,0.7481951172967432,0.5734348060511371,0.764284472910169,0.8757631826692416,0.4846397379693439,0.32228501844135404,0.48288200404774306,0.6980850539409201,0.5742472525691084,0.4025429999029133,0.5588453542497214,0.7651589600256128,0.20187821224008456,0.0597724753691242,0.19361511597614295,0.365001930068615,0.21120109847712698,0.20539077253223803,0.2110128548811631,0.21198563034843385
906,0.8662162162162168,0.698648648648649,0.8891891891891893,0.9716216216216215,0.6887566906652485,0.500231766145732,0.6984686699155502,0.8501364739255988,0.6544101601698793,0.4393415254975785,0.6540141169439377,0.8421607022707343,0.751995451995711,0.5851926682631873,0.7695621614548923,0.8779239931657924,0.49116557026166674,0.3365777155873984,0.483686257700615,0.6969089931989834,0.5809895381700847,0.41941792966071983,0.5717933290000837,0.7638969017008577,0.19438438455947551,0.05485729735097914,0.18083971080379302,0.35230364283924787,0.21193909498809113,0.20672204276990142,0.2110128548811631,0.23262636051179084
907,0.8735135135135141,0.7000000000000003,0.8891891891891893,0.9716216216216215,0.6980383231297848,0.5113901973205842,0.7064170080189125,0.8428915713446511,0.6606265043218836,0.4549476811107358,0.6628677911036529,0.8552165339968252,0.7560729117986029,0.5968648189396646,0.7705199141184103,0.8720593190476124,0.49837040142289835,0.35328070207768864,0.4871923082204761,0.6859458933504581,0.588858345579314,0.4377245072589565,0.5818574568021819,0.7631761860486114,0.18856661678165207,0.0597034589601176,0.17295179777281278,0.33320581858024384,0.21236631117332636,0.20685416886655664,0.2110128548811631,0.23650360542357396
908,0.882432432432433,0.7270270270270274,0.8891891891891893,0.9716216216216215,0.705487020187419,0.5721461170357179,0.7095213479413321,0.8395013254983673,0.6708199641064447,0.4651688393950488,0.6734066857533136,0.8476014644844049,0.7625180444976927,0.5917613340830465,0.7778117171100871,0.8677570650602247,0.5102478247382606,0.3689296075531567,0.5027315046349972,0.6880878396438722,0.5987108766915182,0.4583228567907025,0.5902418970098742,0.7540228462780725,0.17940146504315074,0.05598464086332526,0.17080289284706185,0.32260771635105145,0.21442629164942797,0.20814562957412175,0.2110128548811631,0.24909159974276013
909,0.8889189189189192,0.7540540540540543,0.8891891891891893,0.9716216216216215,0.7128353297384936,0.5764371353695927,0.7219623670789217,0.8448159242251105,0.6907221100378261,0.4955343328316376,0.6887538170923837,0.8474978792551482,0.7670090255070535,0.5997139798680203,0.7900682392981352,0.8657944756546121,0.5284568568728553,0.3932947851125368,0.5218368543636013,0.7024288167332752,0.6133545096383346,0.47152106554332884,0.6110109294398778,0.758427882923845,0.17221583737547097,0.06000567907366939,0.16526436784132426,0.3122680654795987,0.215010340130444,0.20821360119030938,0.2110128548811631,0.2489754114156633
910,0.895945945945946,0.77972972972973,0.9162162162162163,0.9972972972972972,0.723132195949814,0.5929352868197714,0.7430929979813181,0.8425530233378775,0.7080630510863406,0.5335627443954711,0.7043616413177387,0.8535919206880198,0.7700478535337969,0.6062918249624721,0.7881006517857059,0.8680404828167785,0.544427419258135,0.40551505551004247,0.5451154063064187,0.6998959915009992,0.6266520429275695,0.4990224968572805,0.6242326537837766,0.7611252824075563,0.1658821874727412,0.05989164289875667,0.15998776963165784,0.3065190360941892,0.21561113799147852,0.20959954880078682,0.2110128548811631,0.2467104569483934
911,0.9018918918918923,0.7810810810810813,0.9162162162162163,0.9972972972972972,0.731090175822406,0.6081561772199439,0.7499999999999996,0.8443865200828988,0.7223087092650137,0.5614602944256885,0.7243619051696185,0.8602711703724637,0.7743021804571216,0.6113666105867726,0.7935331960273613,0.8731141792485064,0.5588410053803857,0.4150646531194665,0.560374421600113,0.7133848422272412,0.6380239757600297,0.5130632226841627,0.6318859519553424,0.7708219199361515,0.1563862735383599,0.05442604701479982,0.13456211198665502,0.29140206359825094,0.21707567816450304,0.20959954880078682,0.2110128548811631,0.2489754114156633
912,0.9086486486486491,0.8067567567567571,0.9162162162162163,0.9972972972972972,0.7351641631341015,0.6063755523328316,0.753479798959533,0.8580408151901601,0.7349075081132688,0.5849484846528739,0.7302529001075291,0.8564123631038612,0.7798886977402083,0.6475446459650314,0.7918956733993905,0.8818981601114659,0.5728241039022844,0.4415085159351966,0.5771719695255558,0.7197625567888507,0.6486998121645337,0.531042636061032,0.6462676728655967,0.7762104038185633,0.14834863250554253,0.05233765833638913,0.13372039981625433,0.27496756688958857,0.21839582129078475,0.20959954880078682,0.2110128548811631,0.2489754114156633
913,0.916756756756757,0.8081081081081084,0.9162162162162163,0.9972972972972972,0.7400259546388351,0.6165206566398086,0.7488295688666226,0.8557246724167925,0.7438732324114268,0.6210559178682861,0.7387098263688177,0.8551791883839945,0.7838967412894849,0.6456183037943779,0.7965713433026826,0.8830000636444886,0.5829639231538796,0.45513927135717946,0.5790820070909846,0.7098009763781066,0.6571955026866787,0.5459423735099183,0.6559317832029983,0.7683162877072777,0.1407923466890877,0.05243741658225118,0.13073118319086188,0.25283530388176295,0.21998514462707214,0.20959954880078682,0.2110128548811631,0.2512991779576002
914,0.923513513513514,0.8081081081081084,0.9432432432432433,0.9972972972972972,0.7434906552687685,0.623982856115676,0.7527015468033417,0.8499430459785501,0.7507407649568392,0.6455989935855347,0.7430358578625633,0.8571600784876188,0.7890585295419296,0.6652229253739731,0.7936668052496774,0.8864425784088026,0.5921283046727576,0.48413245666717064,0.5880487945167543,0.7246239819131713,0.6642124067740387,0.551658312885318,0.662951596721399,0.7731273470297131,0.13934086821026373,0.04834245497614414,0.1285919889756576,0.25723253235300675,0.21937208900126165,0.20959954880078682,0.2110128548811631,0.2489754114156633
915,0.9310810810810817,0.8351351351351354,0.9432432432432433,0.9972972972972972,0.7462270369781501,0.6316076743247089,0.7500585797673491,0.8550378741430924,0.7575742509531896,0.666798170832322,0.7541664982155284,0.8631377094375555,0.7937600053895641,0.6886183012460368,0.7978692121550768,0.8828304231164021,0.6013536816615734,0.49608953966271147,0.5969984853574173,0.7225161554269945,0.670712899662531,0.5608333991537112,0.6721685028356028,0.7703654718154676,0.13651996429670488,0.05329801504032582,0.12522699894410771,0.2455569009165099,0.21956576528934937,0.20959954880078682,0.2110128548811631,0.2467104569483934
916,0.9362162162162169,0.860810810810811,0.9432432432432433,0.9972972972972972,0.7509671463313556,0.6536672865257847,0.7525066333776691,0.8476661430482585,0.7643370178168769,0.6679726601798833,0.758955483024848,0.8533776912301271,0.7988887894045807,0.6939660493666876,0.8065067261144744,0.8891409247492069,0.6107384137592122,0.48918326439546167,0.6034061633367559,0.7205945551764963,0.6782423762169738,0.582569617142614,0.6732260827504375,0.7806134356088639,0.13152645567339838,0.04896201453428871,0.11762988819857402,0.23600701379451763,0.2197416965837003,0.20959954880078682,0.2110128548811631,0.24450218523118905
917,0.9389189189189192,0.8621621621621623,0.9432432432432433,0.9972972972972972,0.7542463252102667,0.6579134366925061,0.7612241947796972,0.8505548626229678,0.7665796353957667,0.6682770840980533,0.7660919213536102,0.8580868332371343,0.8004219847359141,0.7058981591949215,0.8059443889317809,0.8876014876585895,0.6135884637661928,0.4931053440240692,0.6083491973729117,0.7118223620267153,0.6813999116320637,0.5852909449097218,0.6769169050056387,0.7699338915503863,0.12851369635567444,0.05188312734161136,0.11807315063186216,0.23283733416076258,0.21946940965182968,0.20959954880078682,0.2110128548811631,0.2425666375209146
918,0.9418918918918923,0.8621621621621623,0.9432432432432433,0.9972972972972972,0.7571989732983385,0.6549692273022341,0.759903002511569,0.8502371212033042,0.7743943840142933,0.6806417819700836,0.7750794045272003,0.8662554728200419,0.8036781652287782,0.7178688551799283,0.8092477202504831,0.8936212853652152,0.6222023227966386,0.5225715257942053,0.6192766344744365,0.7196524094649709,0.6878008888378434,0.5929666602833074,0.6858376038594388,0.7731695106705715,0.12700504517252398,0.05340968428148139,0.11881266159223096,0.22212151463885862,0.2192039058565135,0.20959954880078682,0.2110128548811631,0.24450218523118905
919,0.9435135135135139,0.887837837837838,0.9432432432432433,0.9972972972972972,0.7606285564585362,0.6457430109537219,0.7688738477885244,0.844859744529687,0.7766604085480319,0.6949731769162916,0.7716280731625034,0.8630927006655402,0.8049460473510252,0.7262101029123943,0.8057095406407293,0.8835575106139725,0.6250763921451168,0.535453795108845,0.6205977176009917,0.7144211915011496,0.6910397638330744,0.5959976198466875,0.6880199621515144,0.7680847227523911,0.12384191494248618,0.05263218615413407,0.11419634682689996,0.22615117554447828,0.21939047310907817,0.20959954880078682,0.2110128548811631,0.24450218523118905
920,0.9451351351351353,0.887837837837838,0.9432432432432433,0.9972972972972972,0.7629419606755234,0.6549014575951753,0.7672989945589697,0.8419830523679301,0.7810890032995931,0.6909161102134025,0.7845177968644244,0.8710738252547686,0.8057617927169737,0.722343732470108,0.8105517700703303,0.8839065753849722,0.6291373438533878,0.5446584594564973,0.6256141860150941,0.7127943012279863,0.6945516120776244,0.6057688100800289,0.6936840928292896,0.7743116572319917,0.12004047526494988,0.05305203422780496,0.1117987536039423,0.21542640413919242,0.2190871098326242,0.20959954880078682,0.2110128548811631,0.24245622393505437
921,0.9456756756756758,0.8621621621621623,0.9432432432432433,0.9972972972972972,0.7675009610634507,0.6499906433155604,0.7751262369159666,0.8465471203324851,0.7852767661106758,0.6872254423191677,0.7859143962563544,0.8706366992870973,0.8086468764997301,0.7187978722658444,0.8104939625361653,0.8904984682477037,0.6348604620016256,0.5345447838893951,0.6376402982546285,0.7209571125973554,0.6996646246205708,0.6106660980062164,0.6991780566485659,0.7744440696809204,0.11892622531227888,0.05431410557354953,0.11132764152886226,0.20561887037262358,0.2187911990774622,0.20959954880078682,0.2110128548811631,0.24245622393505437
922,0.9472972972972974,0.8621621621621623,0.9432432432432433,0.9972972972972972,0.7716789441352355,0.6699289430333725,0.7814754724826224,0.8482157976508126,0.788233931339705,0.7099033001709457,0.7887656140252688,0.8798750218548502,0.8080373787440484,0.7171170185363298,0.8113089303405503,0.8933820119043928,0.6367485796748089,0.5500199055323828,0.6396423410442469,0.7289754221986571,0.7032037883435324,0.6148045880622598,0.6997887515077945,0.7791816400250009,0.11716456913938529,0.04735335745661326,0.10863595124377341,0.202688273079404,0.21807162070138575,0.20959954880078682,0.2110128548811631,0.24035259780937593
923,0.9467567567567572,0.887837837837838,0.9432432432432433,0.9972972972972972,0.7743192765863215,0.6818869479135999,0.776267618908448,0.8525268710905648,0.7894563662684204,0.7113670379265351,0.7927745760738361,0.8755769984512288,0.8100621362943436,0.728576379012849,0.8078425712146833,0.8938825905485679,0.6393570860305275,0.5554395480212647,0.6407293068352766,0.7323417462650538,0.7058439652651438,0.6253567518236516,0.7056866603122963,0.7789117317298838,0.11522265304585115,0.04546405533261606,0.10951788135035326,0.20331512513962585,0.21735448735848226,0.20959954880078682,0.2110128548811631,0.2382998144513048
924,0.9478378378378384,0.887837837837838,0.9432432432432433,0.9972972972972972,0.7779760723328853,0.6808957590688567,0.7871562875057683,0.8519926065342303,0.7931456111247993,0.7133953997565556,0.7976682033142357,0.8704477331412235,0.8075288549852278,0.727855938920398,0.8021012525719877,0.8944678610428861,0.6404420240061155,0.561119838124269,0.6400450938131456,0.728534198755174,0.7082763340108122,0.6165847320778565,0.7084399633661367,0.7733228802629905,0.11369374517820514,0.04911167000197238,0.10709688885076951,0.1961518495677851,0.21707035458234472,0.20959954880078682,0.2110128548811631,0.2382998144513048
925,0.9491891891891902,0.887837837837838,0.9432432432432433,0.9972972972972972,0.7797261785227855,0.6625593051734976,0.7850984519012925,0.8478442076154552,0.7958186578290585,0.7109417643440075,0.8017988838797322,0.873612370703958,0.810345948727373,0.7291914432059671,0.8106397082254928,0.8945054326078459,0.6448220561545348,0.5648829373171376,0.6475537052849223,0.7286396230581235,0.7115441153936944,0.6240936560594386,0.708516828321561,0.7786574479269592,0.11222491604980597,0.04797259125228823,0.10656115656176557,0.18815915750631657,0.21639466183559913,0.21094218957714428,0.2110128548811631,0.2362960434431227
926,0.9502702702702709,0.8891891891891893,0.9432432432432433,0.9972972972972972,0.7820061755997183,0.6638949186214037,0.7916990614962807,0.8523706918265039,0.7964036304155705,0.7182361566394277,0.801603139609397,0.8754818660535482,0.8117345346030236,0.7319438174760041,0.8100945840476932,0.8971099209803954,0.6463713423480355,0.564951648677889,0.6462412682738303,0.7361078669047553,0.7132692318412013,0.6309690807760963,0.7113458556001675,0.7783057178096858,0.11128903312327733,0.04937873259748443,0.10826698064996629,0.19386891542943932,0.21568217798043807,0.20959954880078682,0.2110128548811631,0.234339528646057
927,0.9508108108108116,0.887837837837838,0.9432432432432433,0.9972972972972972,0.781992436317508,0.6715769673559089,0.7899582803171418,0.8532941848236978,0.7963643611265101,0.70730189627028,0.8050583369766027,0.875223762122752,0.8148322788641102,0.7477820484128995,0.8137874754423653,0.898717697930427,0.6488981507546654,0.5537346138712654,0.6525980054588287,0.733596972471421,0.7148606232652073,0.6330063738275553,0.7159622463462925,0.7800904485998453,0.11137803186259884,0.05190666201293603,0.10469702427657021,0.1866962214190512,0.21543899067047026,0.20953025142026296,0.2110128548811631,0.234241820827678
928,0.9500000000000007,0.887837837837838,0.9432432432432433,0.9972972972972972,0.7857297692400352,0.678010883349278,0.7972539838762802,0.8496070737215375,0.7990717588435514,0.7159507036716118,0.8050323024830379,0.8781696088293373,0.8173883949631728,0.7499468234448802,0.8126153980039477,0.8923713109729352,0.6531707970297205,0.565048996058914,0.6574887769479741,0.7404333858972697,0.7189491251809763,0.6438454335285743,0.7193931611935984,0.7804277980462335,0.10992326765909502,0.05198645221559306,0.10486761775499719,0.1798458260263995,0.21474773822611531,0.21080492058043276,0.2110128548811631,0.23233315305701416
929,0.9500000000000007,0.8621621621621623,0.9432432432432433,0.9972972972972972,0.7879727021486488,0.6844795104716542,0.793841968716613,0.8511041151461667,0.8000807285655395,0.7186377859464614,0.8040814516640407,0.880699312988416,0.8215001990245656,0.7546886397449102,0.8144672946210259,0.9014194235946427,0.6570950450774733,0.5628356691104286,0.6635549665605232,0.738464941435214,0.7222871363825394,0.6466881457293856,0.7255847931098229,0.7903669473674533,0.10939791868145601,0.05602602039736963,0.10116498430501375,0.17422822147023542,0.21407516699376583,0.20939559350528203,0.2110128548811631,0.2304683642265795
930,0.9505405405405414,0.8621621621621623,0.9432432432432433,0.9972972972972972,0.7890308289362303,0.6779969321924495,0.7953046418536203,0.8509845529449306,0.8006056981635212,0.7157400444549187,0.8045925302133274,0.8719544912935745,0.8227049506237972,0.7567400190866467,0.8211597351982296,0.9028687085348291,0.6585997378956072,0.565117727889235,0.6604641721330642,0.7451506186403253,0.7238316455239486,0.6546925010268209,0.7238135133765771,0.7853912985844966,0.10829285896027521,0.05639355365989818,0.10257884978283621,0.16764173909314858,0.21343957590933194,0.20801350347746653,0.2110128548811631,0.2286459126975524
931,0.950540540540541,0.887837837837838,0.9432432432432433,0.9972972972972972,0.7911393877223232,0.6822627830737082,0.7975063117412401,0.8495372479937539,0.8038740501930794,0.7242044431976491,0.8086597797051943,0.8764655945386682,0.8236370045951975,0.7539709199086745,0.8228872874151935,0.9053429693348556,0.6621563867290747,0.5623013443547324,0.658365910378319,0.7504641596081034,0.7267526560355467,0.6494844789036444,0.7225710392521412,0.7853691909383056,0.10727856153849905,0.05757085585138975,0.10020148030522258,0.1688909389165218,0.21281763739094173,0.20665781220931032,0.2110128548811631,0.22686432239130702
932,0.9502702702702709,0.887837837837838,0.9432432432432433,0.9972972972972972,0.7932714762173779,0.6885164243340771,0.7962354110722059,0.8598193118464996,0.8051553304945054,0.7388505333597319,0.806013128348354,0.8863648679561735,0.8231541113145348,0.7473841289853207,0.8269141958800601,0.897252742871977,0.6628770384332335,0.564678426312821,0.6659736611951006,0.745596319241364,0.7282169554800965,0.6670911463869607,0.7268546712875747,0.7879506448179192,0.10572042422218443,0.05229966585521746,0.10179521276940104,0.17280455665381583,0.21278969479642584,0.20678748256776336,0.2110128548811631,0.22520928736056472
933,0.9500000000000006,0.8891891891891893,0.9432432432432433,0.9972972972972972,0.7934775231263879,0.6979895849464242,0.7966181176292999,0.8569272270485964,0.8072637801227224,0.7375484113891019,0.8113413086308707,0.884386105282198,0.8245398271584762,0.7508373874741279,0.8251724626831178,0.8980074869169707,0.6657233168418847,0.5651442026331621,0.6659776461559115,0.7444992644287565,0.7297535151790534,0.6693421023437184,0.7309672145489302,0.7926103747344297,0.10481417959733053,0.0497924865853102,0.09758470751597773,0.17672627763070653,0.21218168813206406,0.20421164693345223,0.2110128548811631,0.22350333601652408
934,0.9518918918918924,0.8891891891891893,0.9432432432432433,0.9972972972972972,0.792726827275543,0.683359821834347,0.8016623770210305,0.8628135570465743,0.8108109802660689,0.7362225406675462,0.8116904968130554,0.8804586340230977,0.8254819381941079,0.7567092954116998,0.8291635090091116,0.8960669299946852,0.6694205775188183,0.5703767223886557,0.6731347220557944,0.750094459308596,0.7312978723550269,0.6604991949631709,0.7346681903541277,0.7905647530872563,0.10266533259485096,0.051802511870120915,0.0969719163255526,0.17506970032835636,0.21158728511647787,0.20292703572163026,0.2110128548811631,0.2218342502790669
935,0.951621621621622,0.8891891891891893,0.9567567567567568,0.9972972972972972,0.7921322445126877,0.6898217593276639,0.7977440010706124,0.8622545228670423,0.811437078384104,0.7389104961578122,0.8080141411908204,0.8770036637367945,0.8249891575812514,0.7590759375825878,0.8278488395060553,0.8954720372977376,0.6696207254235149,0.571402465980153,0.6744425161940754,0.7540679558693298,0.7311647395820853,0.6652240731607278,0.7360964528044212,0.7925982938451867,0.10218495654549944,0.055678995248837446,0.09530229291078818,0.17196751876635805,0.21155803879464294,0.20408435926491364,0.2110128548811631,0.2218342502790669
936,0.9532432432432438,0.8891891891891893,0.9567567567567568,0.9972972972972972,0.7915693979061799,0.6800094407673514,0.80073668169546,0.8664446488781596,0.8134351642326793,0.7439340498690732,0.8140100854338737,0.8783136988754785,0.8268200479473967,0.7558165452758047,0.8293054872833837,0.9017897301779972,0.6727342169931019,0.5734223317434813,0.6808643376721035,0.7534290234345362,0.7324258236978365,0.6642720880775003,0.7350227589418963,0.7920679337455757,0.10212741771938656,0.052908891656339226,0.09720006654188373,0.1640082544133092,0.21096211061058548,0.20286397861368277,0.2110128548811631,0.22020078804485968
937,0.9532432432432439,0.8891891891891893,0.9702702702702702,0.9972972972972972,0.7951522169625893,0.6841164143250945,0.8014603930980699,0.8690382004833734,0.8140191726445157,0.7413109021016342,0.8182917247606705,0.8841029506111776,0.8276005990807707,0.7522817629083746,0.828152425271981,0.896222685320173,0.673847945544393,0.5777436173049616,0.6804329041341686,0.744816325629481,0.734805143324417,0.6665205522289465,0.7388278210250552,0.7969284488615693,0.09989969392355233,0.0519356584487138,0.09420866363415692,0.16317138787159918,0.2103915812906022,0.2016039755317589,0.2110128548811631,0.21860176022160568
938,0.9532432432432438,0.8891891891891893,0.9567567567567568,0.9972972972972972,0.7943625003207835,0.6961674501895776,0.8016379530521535,0.8712600912060231,0.8165977012803134,0.7515676667668965,0.8177872582317669,0.8787157272832802,0.8286712351574965,0.7475910444210075,0.828140404515274,0.8920429473893621,0.6768660538094627,0.5758998643927917,0.6838680592432654,0.7463991739103399,0.7358530469524845,0.6634937395663262,0.7407237089836678,0.789598156790908,0.09984262871064048,0.04906967651802948,0.09465788817038494,0.16664152064133586,0.2098644274404076,0.20036672095730723,0.2110128548811631,0.21703602831250565
939,0.9535135135135141,0.914864864864865,0.9702702702702702,0.9972972972972972,0.7963383977529896,0.6848384955865664,0.8038262578307931,0.8706803901353213,0.8161372303789363,0.7449926046182291,0.8227634155158146,0.8754510157337785,0.8286836875928527,0.7450622942990863,0.8287238182099197,0.8975441574557675,0.6764330302794646,0.5842441659980849,0.6849944011485514,0.7495438773905458,0.7365815880393436,0.6609678866592731,0.7413420498962477,0.7953808762736294,0.09898779655705446,0.04854608610163738,0.09275783030219942,0.16932846611949012,0.209360623150497,0.19915155550886907,0.2110128548811631,0.2155025020766894
940,0.9527027027027032,0.8891891891891893,0.9432432432432433,0.9972972972972972,0.7963636499905558,0.6792735837807863,0.8052543300848725,0.8717692507569547,0.8160080636138939,0.7408047617636639,0.8211119225264047,0.8811489109349271,0.8309106014299579,0.7538213876655582,0.8327161763290367,0.8976625549071664,0.6780747699696199,0.583417881837205,0.6858019018988684,0.7536633870145679,0.7377007732003711,0.6670087817036194,0.7405676717252498,0.7969048728351665,0.09672894896516578,0.048644415629274504,0.0894170102380405,0.16579976610200667,0.20884414024387557,0.1980165392757921,0.2110128548811631,0.21400013727266803
941,0.9527027027027032,0.8891891891891893,0.9432432432432433,0.9972972972972972,0.7968318886245176,0.6726098451101311,0.8050841608203776,0.8769157226776879,0.8158933944307484,0.743097867682522,0.8231420864687344,0.876345148731076,0.832499863136141,0.7510615724659547,0.8374035892259263,0.8978810077471815,0.6792270126752014,0.5858085058407864,0.6857568225844202,0.7477331574860642,0.7384173525614444,0.6572867569832351,0.7444012702076346,0.7973382521476766,0.09465272892185636,0.049545803361155126,0.09033665928146309,0.1679027427697924,0.20840872538733943,0.19684266048077814,0.2110128548811631,0.2125279334892107
942,0.9524324324324327,0.8891891891891893,0.9432432432432433,0.9972972972972972,0.7982292183880813,0.6866211169969733,0.8113881873364834,0.8734002840896599,0.8175896272357748,0.7514093483534857,0.8236155466537765,0.8843520351305789,0.8330401169103667,0.7623593464244931,0.8364208829499294,0.9014008617688885,0.6810358225379868,0.5940062537321682,0.6877569783996902,0.7499483282284259,0.7399715825756047,0.6611197229646195,0.7454631480661968,0.7960292583489892,0.09399833126812968,0.04832492348645405,0.08723587118485092,0.16091084337855674,0.20799331786732114,0.1967849809271006,0.2110128548811631,0.2110849320659955
943,0.9518918918918922,0.8891891891891893,0.9432432432432433,0.9972972972972972,0.7993622019973665,0.6912563051669647,0.8091409200456824,0.8668865757918872,0.8200719293000698,0.7477584161958043,0.8226681940119578,0.8855915938185335,0.8350176277827954,0.7622494917059695,0.8432651456046774,0.8985480475578835,0.6846632926546615,0.5951400882525532,0.6943354937065556,0.7519046633454042,0.7423447424395068,0.6627296638565181,0.750152677782942,0.7954452683001387,0.09262810978091053,0.04782598424378521,0.08715110096638184,0.153512356404468,0.20767703362009915,0.19684266048077814,0.2110128548811631,0.2110128548811631
944,0.9513513513513516,0.8891891891891893,0.9432432432432433,0.9972972972972972,0.8003589186028901,0.6885119763646155,0.8095037538780019,0.8704837158167628,0.8197876374996561,0.7478298026891477,0.8189125407094919,0.8846000704936591,0.8362582669521679,0.7579354900338379,0.839687498182252,0.8977601053967498,0.6855019902517624,0.5996351264650539,0.6936177691953895,0.7552146644944498,0.7432068629763898,0.6665544728801157,0.7487752007028552,0.793519970339861,0.09269155734083777,0.0475405032774891,0.08791074428740507,0.1573550282671383,0.20746612139582932,0.19684266048077814,0.2110128548811631,0.2110128548811631
945,0.9505405405405405,0.8891891891891893,0.9432432432432433,0.9972972972972972,0.8003159321438846,0.7005809179122809,0.8099906927581728,0.872504838506136,0.8222552706147996,0.7462546029547298,0.8222922361997111,0.8870581798870456,0.8377781329862648,0.7618198635259166,0.8407720723228224,0.8941512760242776,0.6886832919439346,0.6039756209466747,0.6952264697933441,0.7531469182030891,0.7449206956900604,0.6757042490389594,0.7483649454231536,0.7927623344432905,0.09321932542313367,0.04589613719011648,0.090042444649261,0.15831557407093222,0.2072480846313286,0.19684266048077814,0.2110128548811631,0.2110128548811631
946,0.9521621621621622,0.8891891891891893,0.9432432432432433,0.9972972972972972,0.80106622339868,0.6979930929064925,0.8149116896558593,0.8771104541676183,0.8236766727360244,0.751311011380265,0.8261168535500193,0.8875608605846269,0.8385527488662917,0.757189060618358,0.8431305430865115,0.9006086219781569,0.6904586400773927,0.6014562714724355,0.6968937880166393,0.7543562594259814,0.7462234801431231,0.6797991598960965,0.7518546019743788,0.8003985506525109,0.09283059503310863,0.043060185134292876,0.0878946835903486,0.1592083267512059,0.20715517524478114,0.19684266048077814,0.2110128548811631,0.2110128548811631
947,0.9524324324324326,0.8891891891891893,0.9432432432432433,0.9972972972972972,0.802491091080539,0.6965243581384222,0.8153866607102163,0.8771818724653963,0.8235840047661515,0.7518070036589839,0.8235267310264582,0.8892782432176907,0.8382101930100706,0.7578890101538995,0.8457804565020262,0.8976536487483129,0.6900375262049302,0.6000271888567632,0.6919586760265408,0.7591487025343326,0.7468242563421356,0.6767579602196742,0.7522348454703036,0.7955177498970888,0.0927471697549743,0.042045899641077876,0.08655713563614424,0.15277535739599338,0.2075404830918452,0.1967849809271006,0.2110128548811631,0.2110128548811631
948,0.9532432432432434,0.8891891891891893,0.9432432432432433,0.9972972972972972,0.8028258593893155,0.71155102364051,0.8144921346016267,0.8786335222277671,0.8233974837166638,0.7459883528808263,0.8274684313362581,0.8925542021313612,0.8385512817626237,0.7590053581272999,0.8494700008267333,0.8985194656188148,0.6900969127241301,0.6074923423269432,0.6913626862844853,0.7648903490434091,0.7469054428294782,0.6705787817457776,0.7485355786565882,0.7973598001965871,0.09326704046743821,0.044419533298243066,0.08688045945768515,0.1520079465730122,0.20754812970278982,0.19684266048077814,0.2110128548811631,0.2110128548811631
949,0.9535135135135132,0.8891891891891893,0.9432432432432433,0.9972972972972972,0.8032720837627145,0.7206714514585382,0.8131624351899368,0.8809441406950962,0.8253389905528583,0.7543491550141216,0.8254554144211437,0.8913511857063112,0.8395791391821629,0.7692174650397658,0.8468793130887595,0.9004709879614469,0.6926102099520464,0.6062313367904636,0.6934800552680985,0.7650782330120393,0.7483814894662575,0.6712932366471223,0.7510519797634183,0.8059415320337456,0.09162317499188266,0.04295123037583616,0.08758249302373824,0.15328602869272195,0.20762531095205233,0.1980165392757921,0.2110128548811631,0.2110128548811631
950,0.9540540540540541,0.8891891891891893,0.9567567567567568,0.9972972972972972,0.803403661963063,0.7153042320090123,0.8123212582100063,0.8801804419995607,0.8249757393793512,0.7608815371814438,0.8296760607059988,0.8864988686036658,0.8389105467005099,0.7705872029102788,0.8445362142480061,0.8938974644382457,0.6918425539130468,0.6033273903050496,0.6947605121334671,0.7645665462597354,0.7479220332602264,0.6714974029737923,0.7497756038499314,0.8042853526061371,0.09072652366088929,0.04052766635813129,0.0861220031280576,0.15315178579060545,0.20766642927411652,0.1979578453360414,0.2110128548811631,0.2110128548811631
951,0.9540540540540539,0.8891891891891893,0.9567567567567568,0.9972972972972972,0.8046277364815776,0.7112839642446966,0.8129366756947474,0.8767428765605145,0.8271352048580625,0.7568999517850082,0.8328641854055562,0.893085466681222,0.8390015384384781,0.7724089211645233,0.8394014034098254,0.8966127521318341,0.6936751442813641,0.6098167398251969,0.6976169251849476,0.7645664093127743,0.749470257971227,0.6776015447926783,0.7527079397329396,0.8010018612792237,0.0896109350906905,0.041075933746172404,0.08594841849305852,0.15071340403431513,0.20776094280742574,0.1980165392757921,0.2110128548811631,0.2110128548811631
952,0.9554054054054052,0.8891891891891893,0.9702702702702702,0.9972972972972972,0.8055593485930721,0.7123902708743183,0.8115992609726934,0.8787538305823178,0.8269230433891599,0.7558807576567235,0.8334423512522057,0.886575578285042,0.840255235931596,0.7679073530837137,0.8425309160350645,0.8955628035716856,0.6944703353435281,0.6100866685044996,0.6965506140513844,0.7618425657144511,0.7503920341640891,0.6837024638050948,0.754389394951082,0.8088053695307719,0.0900931086065793,0.04200030929538654,0.08920073846252459,0.1495077152180361,0.20787320277375415,0.1980165392757921,0.2110128548811631,0.2110128548811631
953,0.9551351351351349,0.8891891891891893,0.9702702702702702,0.9972972972972972,0.8049098354918239,0.7179551011574877,0.8083929128722838,0.8733972142443314,0.8272820145959898,0.7502201028323965,0.8353667288149721,0.884628362507454,0.8390137119818104,0.7697065508582543,0.839723212499571,0.8969370526621366,0.6937114585089094,0.6122567118952217,0.6925537401002047,0.7621545995002321,0.7494340570129406,0.6779337494172601,0.7542255653895369,0.8104045121378141,0.09009564045011097,0.039733040666528954,0.09019976266728777,0.14448214735581205,0.20791036624434647,0.1980165392757921,0.2110128548811631,0.2110128548811631
954,0.9567567567567566,0.8891891891891893,0.9702702702702702,0.9972972972972972,0.805405575418762,0.7149278273972431,0.810242976523865,0.875230160105475,0.8298351038734473,0.7540058578718851,0.8357537308634473,0.8962074881273386,0.839367179944105,0.7708730960607769,0.8419851338673356,0.8969910275834899,0.6961396460106325,0.6148488961449429,0.6956440526448524,0.7634304973225429,0.7507615737139892,0.6828391383256998,0.7584646399039295,0.8047264520758455,0.08876243617818087,0.037555816544495094,0.08770689748745306,0.14745729738930632,0.20808760361679318,0.19915155550886907,0.2110128548811631,0.2110128548811631
955,0.9562162162162163,0.8891891891891893,0.9702702702702702,0.9972972972972972,0.8053647677374349,0.7246305112136899,0.8121540700853231,0.8707717802332643,0.8303802976872845,0.7496586270858596,0.8349217622024312,0.8921165333488077,0.837320218884394,0.7686352162113461,0.8412146051103266,0.8977506862735783,0.6948501658405917,0.6151124192798462,0.7022767810627821,0.7691611034401094,0.750176272073369,0.6836487818789253,0.7570761652482443,0.798625021262173,0.08864665780769801,0.039714665819645875,0.08863914340840215,0.15270616678895313,0.20820436147762653,0.1992112932053468,0.2110128548811631,0.2110128548811631
956,0.9556756756756758,0.8891891891891893,0.9702702702702702,0.9972972972972972,0.8067233826622073,0.7233846734616377,0.8141342301615467,0.8715276703653131,0.829991013872182,0.7483982893979112,0.8322075021510913,0.890339997843044,0.8361060389909291,0.7611026184436909,0.8427930859941439,0.9056485556757987,0.6934264322337376,0.6136220085854298,0.6985622823991215,0.7609745362612371,0.7502512575404797,0.6834814937120893,0.7551725535151586,0.8028006855028659,0.08888292991119165,0.04159623414255117,0.08629468179753261,0.1461626422861184,0.2083600203906488,0.20036672095730723,0.2110128548811631,0.2110128548811631
957,0.9545945945945946,0.8891891891891893,0.9702702702702702,0.9972972972972972,0.8078144904093698,0.7302486712881888,0.813252688449595,0.87055905210941,0.8311977609572081,0.7567315982427658,0.8316099194207132,0.8858170554070101,0.8366376706171637,0.7515046906105607,0.838636686708754,0.9028141892531104,0.694840856063087,0.6128861094165761,0.6983622588517432,0.7694485015886957,0.7514289153995047,0.6913637375776702,0.7557091592467899,0.7988500671995323,0.08827302156604441,0.039904734203058526,0.08721729744466765,0.1432303536772605,0.20849389605647592,0.20042753294425253,0.2110128548811631,0.2110128548811631
958,0.9540540540540541,0.8891891891891893,0.9702702702702702,0.9972972972972972,0.808678650469986,0.7278395494999665,0.8142547418184507,0.8733294788473226,0.8323665667199998,0.7573687238358211,0.840325498203141,0.8858699215727299,0.8382717515458252,0.7449985737662328,0.837940318904283,0.9014673119290553,0.6972874703635411,0.6180191329456007,0.7020327559488908,0.7779190369277863,0.7530688123152671,0.6889402274275526,0.7580074897873927,0.8029358607893936,0.0884701603394916,0.04003610195595655,0.08560373002840235,0.13646693980216418,0.2085907100651846,0.2016658935626803,0.2110128548811631,0.2110128548811631
959,0.953783783783784,0.8891891891891893,0.9702702702702702,0.9972972972972972,0.8094743403737652,0.7325240400668074,0.8117187120328584,0.8710320999348672,0.8328016818727135,0.7671899384373648,0.8406614598345599,0.8873528582620553,0.8406714268868903,0.7514912481990467,0.8446490803040827,0.8979351523745189,0.6997658035798529,0.6295127851602013,0.7046459301901942,0.7736308107426967,0.7546946103606821,0.6986889976209091,0.761720641351441,0.8088631413650564,0.08853762197699012,0.04165355410341989,0.085106587811174,0.13475443132436546,0.20872768771113853,0.2016658935626803,0.2110128548811631,0.2110128548811631
960,0.9543243243243247,0.8891891891891893,0.9702702702702702,0.9972972972972972,0.8110163931125811,0.7436073865859606,0.8177432494053916,0.8732777838367847,0.832263054555413,0.7647744892888346,0.8378195559879893,0.8830232011022151,0.8411980758076093,0.7610759470615329,0.8446478860940965,0.901200700833765,0.6997775313449702,0.6323845186316283,0.7047981726642946,0.7736403359549299,0.755436299066013,0.6909497493712329,0.7557321714878952,0.8025824834544327,0.08833473677803624,0.04450567628997255,0.0878224488827104,0.1350019650832022,0.20880122177816024,0.20292703572163026,0.2110128548811631,0.2110128548811631
961,0.9537837837837841,0.8891891891891893,0.9702702702702702,0.9972972972972972,0.8117766798154793,0.7453797506478449,0.8179077591329348,0.8684764171542972,0.8334836047325053,0.7647432760501138,0.84063300697599,0.8865071214599705,0.842382795007008,0.7721341451818668,0.8462986367194825,0.8980347405438636,0.701825731492869,0.6314110821235298,0.706921361725726,0.7687192986993951,0.7568393380074088,0.692470084545713,0.7558804355098716,0.8082332205871696,0.08779929428140688,0.043234466982308414,0.08776753972252302,0.13890091315660236,0.20893159836779254,0.20292703572163026,0.2110128548811631,0.2110128548811631
962,0.9527027027027033,0.8891891891891893,0.9567567567567568,0.9972972972972972,0.8104347456287829,0.7428305423408713,0.818545122560552,0.8651239276270463,0.833490298905771,0.7594832077793844,0.8409769978286151,0.8907536964676259,0.8443602067279996,0.778845531081829,0.849878136868427,0.8985082378337619,0.7033932477290054,0.6384342791892711,0.7048274835851446,0.7693561006532714,0.7569745572221229,0.6987600097405657,0.7593384461831618,0.8083729299346781,0.08753226710005696,0.04223098518791687,0.08497293111425042,0.14263978911123873,0.20908459512303307,0.20414741637286113,0.2110128548811631,0.2110128548811631
963,0.9527027027027033,0.8891891891891893,0.9432432432432433,0.9972972972972972,0.8100252584944276,0.7365388004966139,0.8123715255735388,0.8694619227025912,0.8328065560065834,0.7637121408787994,0.8406045451455548,0.888911978000507,0.8428678706916969,0.7719386243010107,0.8487262548118881,0.9022180036486649,0.7015126202465295,0.63236573336334,0.7029271706994126,0.7715807554436548,0.7560776736548469,0.7031478974440246,0.759564691143773,0.8053761754450854,0.08801705809274418,0.047174412194446715,0.08667906370183134,0.13933143048407823,0.20913514587688917,0.20414741637286113,0.2110128548811631,0.2110128548811631
964,0.9529729729729737,0.8891891891891893,0.9432432432432433,0.9972972972972972,0.8104283591139217,0.7315317032155642,0.8210554376638372,0.8719781322889963,0.8349379551990758,0.7651026953941407,0.8436724793016189,0.8947031765119141,0.842000306382338,0.7724619658080364,0.848753125717741,0.8973520421124775,0.7025415843748135,0.637310407742544,0.7015842250669527,0.7753014297858281,0.756749959167055,0.7051643953834965,0.7592543707015653,0.8093128277400367,0.08755248989383393,0.046562931027108845,0.08492319112095861,0.14622364611232272,0.20921354724876945,0.20421164693345223,0.2110128548811631,0.2110128548811631
965,0.9529729729729737,0.8891891891891893,0.9432432432432433,0.9972972972972972,0.8109584374441097,0.7418288393830854,0.8213439475247173,0.8794964479551688,0.832293560111,0.7629987297510967,0.8381551340549687,0.8879443274383898,0.8416474723990984,0.762437421977051,0.8490840812435115,0.901096401243199,0.7000844183181316,0.6255937402261705,0.6984742811089042,0.7672746833762496,0.7559172293793924,0.7004826284553383,0.7599944440243065,0.8049644576564731,0.08780789139495221,0.04097750141973368,0.08584408823701309,0.150752991853509,0.20931816931187683,0.20421164693345223,0.2110128548811631,0.2110128548811631
966,0.9529729729729733,0.8891891891891893,0.9432432432432433,0.9972972972972972,0.8111589152174679,0.7402171332129408,0.8196527558428103,0.8707805299536485,0.8332376877185532,0.7663874211511907,0.8377412821584623,0.8902402263153721,0.8426904381800839,0.7681060502793897,0.8498179487745205,0.9045369679158777,0.701754091898165,0.6345016560410118,0.7058683494889291,0.7665230700902192,0.7568515980540199,0.7054274981727682,0.7580210499340946,0.8041783723624252,0.08773155566379243,0.04622008437994002,0.08517244252580278,0.14550736638362174,0.2094012676047631,0.20545500309282913,0.2110128548811631,0.2110128548811631
967,0.9527027027027032,0.8891891891891893,0.9432432432432433,0.9972972972972972,0.8118796855831922,0.7377511421672389,0.8164436331546845,0.8682437788453636,0.8344594635735045,0.7727477421559126,0.8386465452215394,0.8906631956785174,0.8424634952937606,0.7663770390428762,0.846034347225848,0.896984798918807,0.7025958875598167,0.6361157309376382,0.7092942780476905,0.771841864692851,0.7576074180148514,0.7022557794024896,0.7594511332209765,0.8017116386040543,0.08753482238101185,0.043180113448136694,0.0848329041080989,0.13995800178124068,0.20943897869038408,0.20552044289069107,0.2110128548811631,0.2110128548811631
968,0.9532432432432436,0.8891891891891893,0.9432432432432433,0.9972972972972972,0.8127042479052417,0.7332777116585512,0.8129619252753995,0.8690255982304382,0.8350302842142664,0.7716107736142461,0.8399153758641574,0.8877048230479829,0.84329051138808,0.7653628729781139,0.84561179961739,0.8976433777075786,0.7037648960533255,0.6261030491050171,0.7051955037993893,0.764505806070205,0.758547611982556,0.6987701026330952,0.7603537390533343,0.8015337190777221,0.08689083045619174,0.04531849188961789,0.0824797917299839,0.1459192216752822,0.20956004367620992,0.20552044289069107,0.2110128548811631,0.2110128548811631
969,0.9513513513513517,0.8891891891891893,0.9432432432432433,0.9972972972972972,0.8138230197117552,0.73727605747936,0.8201059152237649,0.8753219440597111,0.8367941467132596,0.7670834424485028,0.8423780868529911,0.8953114679783026,0.8441971471000055,0.7741933669621497,0.8453028598038124,0.8966752902830007,0.7060739453374295,0.636524386124992,0.7075481694586436,0.7720332719372106,0.7602498982347369,0.695230508957581,0.7646798482265732,0.8042678262994861,0.08655552211226153,0.046787601804216,0.08539602667761817,0.14147095260582204,0.2096142847262467,0.20678748256776336,0.2110128548811631,0.2110128548811631
970,0.9510810810810816,0.8891891891891893,0.9432432432432433,0.9972972972972972,0.8144324885777979,0.7336350254249581,0.8154002013657552,0.8714388750484922,0.8375224520360462,0.7601779549141696,0.8419552128352087,0.8929658442897704,0.8448078706739278,0.7815214274122068,0.8433169358940364,0.8970780359772148,0.7071742096622295,0.6398838151395219,0.7080939343001362,0.771402596498813,0.7611128934948578,0.7036716789318984,0.7654796533646465,0.8007641506001121,0.08541150406421215,0.043747844639588584,0.08221996137334245,0.14277711051762984,0.20970443458046387,0.20685416886655664,0.2110128548811631,0.2110128548811631
971,0.9502702702702709,0.8891891891891893,0.9432432432432433,0.9972972972972972,0.8121353892606219,0.7302256487548611,0.8155441752725181,0.8710681507251123,0.836738962925239,0.7687054299572322,0.8435981213836841,0.8870792388087028,0.846060541236642,0.7813153216786662,0.8471962230801555,0.9044029810092163,0.707636568853556,0.6343229056002511,0.7067819462016744,0.7702945809116958,0.7602641135090377,0.7069003232335068,0.7650406677944142,0.8026619735253275,0.08620964791093343,0.042352592494038596,0.08103356710635529,0.14648236201159798,0.20978372972615011,0.20685416886655664,0.2110128548811631,0.2110128548811631
972,0.9513513513513518,0.8891891891891893,0.9432432432432433,0.9972972972972972,0.8133621895734227,0.7334111060475504,0.8127405302057134,0.8689617405672528,0.8351855091418057,0.7678577158796266,0.8438788804476398,0.885241636652258,0.847069922100704,0.7799017164783594,0.8475732969131511,0.8992816401033267,0.7072072313028367,0.6375749315376401,0.7079592790477378,0.7724529733769454,0.7607355061674231,0.7009054051856696,0.7638028935999234,0.8044821122742433,0.08575553538654104,0.044031430473872805,0.08137064843555458,0.14406613970545687,0.20987884255390604,0.20685416886655664,0.2110128548811631,0.2110128548811631
973,0.9510810810810817,0.8891891891891893,0.9432432432432433,0.9972972972972972,0.8122338888643579,0.7328950906183767,0.8153655444989111,0.8761308841500614,0.8361584931044626,0.7714999108460971,0.8441319044270031,0.890903100139888,0.8480482862288997,0.7777979061311113,0.8500053948613663,0.8967433842619245,0.7088908634004325,0.6359638337849983,0.70963573591875,0.7743664694402188,0.7610653028704871,0.6999319172153484,0.7648079416916521,0.8050689573467706,0.0857832001751015,0.04527645134765936,0.0817644551895878,0.14099681512714254,0.20999959603621843,0.20685416886655664,0.2110128548811631,0.2110128548811631
974,0.9513513513513518,0.8891891891891893,0.9432432432432433,0.9972972972972972,0.8115654701647813,0.7389974153549741,0.8170527422893904,0.8815313220284604,0.8368500398404685,0.7741287815567952,0.8434863216611812,0.9008969119429984,0.8473658548586859,0.7649377538899889,0.8508092925677322,0.8964283017724386,0.7089976285162528,0.623638752556254,0.7107092105249139,0.7750753527903204,0.7607437221324949,0.701625880976109,0.7647639295047801,0.8087705652649728,0.08621936461252157,0.043932690132341,0.08052561131458413,0.13380644229400973,0.2100124860060678,0.20814562957412175,0.2110128548811631,0.2110128548811631
975,0.951351351351352,0.8891891891891893,0.9432432432432433,0.9972972972972972,0.811328162774207,0.7399540733930878,0.8146419139368758,0.8753232034248909,0.8360828455344678,0.7692838732381182,0.842266716051563,0.900855054420714,0.8475855864819876,0.779955387882012,0.8516408016544856,0.897653716918056,0.7084138639353406,0.6222936430875295,0.7149276123976278,0.7728051408927703,0.7604059061789062,0.7016595092966313,0.7644443591396775,0.8067902084489215,0.08535234664188229,0.03855763984446777,0.0825718619388314,0.1385405670221338,0.21004020495827738,0.20814562957412175,0.2110128548811631,0.2110128548811631
976,0.951351351351352,0.8891891891891893,0.9432432432432433,0.9972972972972972,0.8135336321535924,0.7513703179598376,0.8179931901373492,0.8798602362601744,0.8371093627546066,0.7736342742412956,0.8444613812583905,0.8952210983883706,0.8472129784684664,0.7732149190280709,0.8506887384406682,0.9006730968004578,0.7088790549325837,0.6197611173739711,0.7158625493022505,0.7656379522074702,0.761690447910309,0.7083501967062954,0.7657920607876962,0.805563627968723,0.0848380338640743,0.03772001810074642,0.08454692653872867,0.14664834545493818,0.2100812611702456,0.20814562957412175,0.2110128548811631,0.2110128548811631
977,0.9513513513513522,0.8891891891891893,0.9432432432432433,0.9972972972972972,0.8126338630281095,0.7499216617587664,0.815914954608884,0.8806466265850778,0.8363909593127339,0.7460775489726168,0.846469589890253,0.8949415972570405,0.8468503204199902,0.7702439391444451,0.8520624770520486,0.8978318160865947,0.7081463701417414,0.6188203741326529,0.7146116704762631,0.7665953776515194,0.760949489321579,0.7025047211594309,0.7653995243996325,0.8109052713225214,0.08601341142596089,0.04101145937240741,0.08501094530325998,0.14131374742582825,0.2100963313634036,0.20821360119030938,0.2110128548811631,0.2110128548811631
978,0.9500000000000008,0.8891891891891893,0.9432432432432433,0.9972972972972972,0.8134831839011292,0.7501674594087614,0.8184079519548724,0.8750773742495205,0.8370405115482743,0.7515808846140059,0.8436981448757097,0.8998748283333539,0.8474263313922008,0.7823116431170708,0.8504137185188752,0.8991793241980758,0.7091985235292714,0.6159962865437102,0.7155064805115894,0.7725868426629092,0.7618431245380941,0.6951633530207348,0.7659894335482362,0.8121885518541114,0.08508220541597565,0.037853278955916045,0.0841422283694917,0.14241696786987013,0.21012396251380994,0.20821360119030938,0.2110128548811631,0.2110128548811631
979,0.9494594594594603,0.8891891891891893,0.9432432432432433,0.9972972972972972,0.8137703864118261,0.7531785025236091,0.8201716413838969,0.879377717748103,0.8361088565437486,0.728495283413398,0.843826220760022,0.8937006539051519,0.848512699282417,0.7941008826063696,0.8515658230888131,0.9018245274289748,0.7092236896443351,0.6274802486647733,0.715519123936766,0.7708432034811972,0.762003593726211,0.6948193737783763,0.7683674669161962,0.811782459159407,0.08498029870391063,0.03715123673255321,0.08862533372549353,0.13928920056211144,0.21013973392672394,0.20821360119030938,0.2110128548811631,0.2110128548811631
980,0.9497297297297307,0.8891891891891893,0.9432432432432433,0.9972972972972972,0.8140041530724731,0.7569286570706588,0.8171081756628045,0.8785065269635599,0.8365654970161526,0.7451048468845348,0.8433781570498105,0.8977033676204152,0.8485530256986119,0.7919139645988668,0.8509675525003023,0.9019012580672949,0.7096283007872672,0.6169414109801524,0.716912631191934,0.7690971902667422,0.7622633939043425,0.6950162190813449,0.7658000987935301,0.8110924696231678,0.08555575893416824,0.03345131917411751,0.08785714182753877,0.1327733581794217,0.21018371505972364,0.20821360119030938,0.2110128548811631,0.2110128548811631
981,0.9494594594594602,0.8891891891891893,0.9432432432432433,0.9972972972972972,0.8115313473470555,0.7508045144412001,0.8133435076751812,0.8738290835965461,0.8404427872757657,0.7361803753989365,0.8489632805811418,0.9011511962491082,0.8497614812788805,0.7951538679311765,0.8564143020662502,0.8971482256803991,0.7139694608691356,0.6234820807174056,0.7201785740643345,0.7717633586517006,0.7633674332001337,0.6934234973208833,0.7670875266028268,0.8127026857213088,0.08615267241539412,0.031774004012937944,0.08996461489800418,0.13633098453661585,0.21021246384442394,0.20953025142026296,0.2110128548811631,0.2110128548811631
982,0.9478378378378385,0.887837837837838,0.9432432432432433,0.9972972972972972,0.8125557325596658,0.7548402358316789,0.8185010790264375,0.8707894886788515,0.8402076828781045,0.7283657780697858,0.8509273885114963,0.8973240725102175,0.8501366708051118,0.7902895068351616,0.8528296667332208,0.9038355059980895,0.7140771699210872,0.6293660484432917,0.7227103912896814,0.7761011780442074,0.7638635496592918,0.6956131443470601,0.766197323562458,0.8145036986933092,0.08586811209290839,0.03509638119957079,0.08834866844189299,0.13374051381228833,0.21022399975515946,0.20953025142026296,0.2110128548811631,0.2110128548811631
983,0.9462162162162169,0.8891891891891893,0.9432432432432433,0.9972972972972972,0.8137395286181673,0.7556478925340282,0.8209679478894469,0.8754045937781305,0.8410358223726222,0.7348481829345817,0.846125294405222,0.8953599750257026,0.8507010677535672,0.7911499981254897,0.8542400407007688,0.9054798958046822,0.7153454964960815,0.633195786082618,0.7188360425202633,0.7796550764363672,0.7650636542383945,0.7053094771113707,0.7676693609919865,0.8121487225971824,0.08484591345309261,0.03939946753392734,0.08489565279750369,0.12774772363497164,0.21026400466471715,0.20953025142026296,0.2110128548811631,0.2110128548811631
984,0.9456756756756763,0.8891891891891893,0.9432432432432433,0.9972972972972972,0.813630343631481,0.7499697657192957,0.8183088376824674,0.8754382571839525,0.8414297119311007,0.7493337456539257,0.8486887489814516,0.8962282582487116,0.8503508465343679,0.7867951511204532,0.856800444552382,0.9022306686387999,0.7154763696179768,0.6336472110393928,0.7181897217954302,0.783329989874562,0.7649140517558385,0.6983902708077696,0.7693898210123177,0.8155364579694598,0.08523733775763066,0.04301078062111099,0.08536292551520769,0.13128992533951098,0.21031728200067984,0.20959954880078682,0.2110128548811631,0.2110128548811631
985,0.9456756756756763,0.8891891891891893,0.9432432432432433,0.9972972972972972,0.8146623143109832,0.7513621081344626,0.8230884053490631,0.8683471039302797,0.8419760412229078,0.7635747777476856,0.8473593721970241,0.9025061567562457,0.8500507317985644,0.7851815912154755,0.8553805450457383,0.9028769339292586,0.7156612439375855,0.6467363382967624,0.7209737780104171,0.7850654492283226,0.7654622232827112,0.7066473934900223,0.7698426057340242,0.8109599504858256,0.08517210395810056,0.03876814251048194,0.0848810301688019,0.12928850098909261,0.21041370402532525,0.20959954880078682,0.2110128548811631,0.2110128548811631
986,0.945135135135136,0.8891891891891893,0.9432432432432433,0.9972972972972972,0.81453256836255,0.7543002339407646,0.8219452770391815,0.8737994215315553,0.8413672762739349,0.7547226758615094,0.8483268255049639,0.9061596664677966,0.8484003925383263,0.7815961266361531,0.8540588637953759,0.8987743780690626,0.7138284063276831,0.6394687256643713,0.7214392784015908,0.7853730216466064,0.7645228053279797,0.7047987154383036,0.7677668072581613,0.8138261469626066,0.08458141245959068,0.0393661519266686,0.08723305119978841,0.12519237240018888,0.21045435375311708,0.20959954880078682,0.2110128548811631,0.2110128548811631
987,0.9432432432432438,0.8891891891891893,0.9432432432432433,0.9972972972972972,0.8162728870802511,0.7557234466215421,0.8189461882702289,0.8755917288101148,0.8424470988545215,0.760408651203498,0.8497969313815498,0.9018791062827437,0.8483396862674104,0.7847144629671896,0.8568951216836096,0.8972837866935692,0.7146651203622659,0.6345405271858775,0.7247786301888686,0.7785395315814593,0.7657954711601421,0.7079029414163301,0.7710600687854886,0.8183129360076195,0.08379042455038473,0.038343773715569164,0.08560369622544878,0.12671813137679008,0.21049647935082938,0.20959954880078682,0.2110128548811631,0.2110128548811631
988,0.9418918918918925,0.887837837837838,0.9432432432432433,0.9972972972972972,0.8161262652386445,0.7536550057080798,0.8191718980746567,0.8771734828277277,0.8423488628521941,0.7595995011387728,0.8492141717070295,0.9016123817998718,0.8455482061279547,0.7775793681474571,0.8521109521863584,0.8937235796349667,0.7122183819199221,0.5981489416777951,0.7212352318914252,0.7801304563313776,0.764443122686005,0.7018218097313981,0.769205335065366,0.8177618194717009,0.08399892911181477,0.03698803781154748,0.08823994150465704,0.12953302906577988,0.21057921733887144,0.20959954880078682,0.2110128548811631,0.2110128548811631
989,0.9405405405405411,0.887837837837838,0.9432432432432433,0.9972972972972972,0.8167282208786414,0.746681552248091,0.8186733732114098,0.8796183774836296,0.8426772698523202,0.7520656976191827,0.845631290818638,0.912165162257137,0.8434904811877222,0.7697761527346679,0.8499947290657717,0.9017713755817468,0.7107530356401742,0.6122621939554393,0.7164133740229026,0.783338536727545,0.7640695199054752,0.7015020099131812,0.7663671607275764,0.813049982887504,0.08504741651590503,0.039839134308248564,0.08810727273786953,0.1324973871432787,0.21063574958208647,0.20959954880078682,0.2110128548811631,0.2110128548811631
990,0.93945945945946,0.887837837837838,0.9432432432432433,0.9972972972972972,0.8170465239938003,0.7475527479316665,0.8174172424117967,0.8768258037530405,0.8428245370103085,0.7584518830609497,0.8476442867610054,0.9049514158606292,0.8430443983425758,0.7729025334199862,0.8479680703224276,0.9043622654086796,0.71046413751769,0.6076059582514078,0.7153794076440128,0.7775382928318957,0.7640401495719936,0.7030668869204799,0.7671657996676207,0.8246987092781716,0.08465522842249575,0.044381281856827305,0.08542245520977919,0.1338499486385829,0.21071926099822352,0.20959954880078682,0.2110128548811631,0.2110128548811631
991,0.940540540540541,0.887837837837838,0.9432432432432433,0.9972972972972972,0.817157398445684,0.7425518610234103,0.8222557892060911,0.877187418476113,0.8446076986047182,0.7719150884126161,0.8507256473626583,0.9080682366676989,0.8436291257593234,0.7657344035830751,0.849281741946623,0.9058889885605091,0.7124686589425374,0.611435102898146,0.7170620261457019,0.7796532773507484,0.76522563435675,0.7089847522871765,0.7697878305047059,0.8216204707688008,0.0844768516134242,0.04660677725639626,0.08200989325240082,0.13305774986430044,0.21071926099822352,0.20959954880078682,0.2110128548811631,0.2110128548811631
992,0.9413513513513521,0.887837837837838,0.9432432432432433,0.9972972972972972,0.8168908954209019,0.748858166574371,0.8202943733689289,0.8733143577804926,0.844237276874897,0.7625211172592264,0.8491799870969416,0.9001055055675079,0.8449716207075265,0.7729108847935942,0.8485989770525728,0.9032907937300373,0.7132719965537935,0.6224459115368471,0.7210649414445272,0.7871458269301979,0.7654262284915605,0.7125175452877491,0.7692976980548671,0.8180167712003845,0.08430992626549631,0.04051806201893337,0.08431018032135207,0.12977510850622964,0.21076138659593582,0.20959954880078682,0.2110128548811631,0.2110128548811631
993,0.9418918918918925,0.8891891891891893,0.9432432432432433,0.9972972972972972,0.8178020794484155,0.7490005556647483,0.8190165309079359,0.8800825136057145,0.8434184340530761,0.7526040606297688,0.8497478396628444,0.9083513311497189,0.8450000277569406,0.782300624389821,0.846956478423573,0.9066904467069666,0.7125902749594585,0.6220094772829249,0.714436994265193,0.7790334261234402,0.7655132362362207,0.7193811161271572,0.7692115221833096,0.817493713293327,0.08401066053646254,0.04203854920537892,0.08379580664057876,0.1232339625926293,0.21080274067711574,0.20959954880078682,0.2110128548811631,0.2110128548811631
994,0.9429729729729734,0.8891891891891893,0.9432432432432433,0.9972972972972972,0.8192314422747071,0.7452694941743514,0.8208219003932515,0.8769749914348199,0.8435480445971857,0.7619021752095064,0.8524715396068996,0.9023743384244789,0.8443996630532142,0.7751190212596071,0.8465901777070661,0.9003149297805615,0.7122130614685074,0.613025255101837,0.7174917651587354,0.7837839144644593,0.7659467379039592,0.7126010709890308,0.7693671406372035,0.8106497751512309,0.0839454364222115,0.04039633269475377,0.0850167718343755,0.1251383644417566,0.21081687373791952,0.20959954880078682,0.2110128548811631,0.2110128548811631
995,0.9435135135135139,0.8891891891891893,0.9432432432432433,0.9972972972972972,0.8181582585867173,0.7537055009739958,0.8170752662371226,0.8834481670602351,0.8420398420464814,0.7710682986385369,0.8483633872806539,0.9082554055622877,0.844974782917913,0.780514001253694,0.8464741777614216,0.8977695560489627,0.7113594483429272,0.6107508496444354,0.7150980965607912,0.7795646642423307,0.7650506919124735,0.7051303934583293,0.7676423345621024,0.8150566432010727,0.08482766896791198,0.04234363634882784,0.0872464650180717,0.1278731098473322,0.21084486627482804,0.20959954880078682,0.2110128548811631,0.2110128548811631
996,0.9445945945945948,0.8891891891891893,0.9432432432432433,0.9972972972972972,0.8167500047525238,0.7463921755404692,0.8203474849917773,0.8830443142164828,0.8416983198139069,0.775903954066936,0.8493140690601875,0.905172434966238,0.8448422110453518,0.7756593346969175,0.8436293297116019,0.8975579085682361,0.7109792616447738,0.6155776196247048,0.7144037486868454,0.7843728591683062,0.7641099261786192,0.7013382735026139,0.766271873648354,0.8119828879645187,0.08531871791452096,0.041752726479614366,0.08872596300765487,0.12772341143628949,0.2108864696561942,0.20959954880078682,0.2110128548811631,0.2110128548811631
997,0.9454054054054059,0.8891891891891893,0.9432432432432433,0.9972972972972972,0.8176527789970968,0.7458679315331448,0.8175304021066025,0.8792336015405576,0.8415121250018643,0.7717343007857878,0.8492537401033835,0.904414493396756,0.8461595032919763,0.7787842025940258,0.8498487941507304,0.894621347255943,0.7119361032629467,0.6302784754839326,0.7201434950130777,0.7803975108283107,0.7650234832560439,0.7062662262120072,0.770635245944701,0.8151462261979046,0.08497977572911623,0.041457655307015555,0.08787429466109292,0.1293442627733719,0.21090060271699798,0.20959954880078682,0.2110128548811631,0.2110128548811631
998,0.9448648648648654,0.8891891891891893,0.9432432432432433,0.9972972972972972,0.8184409880098967,0.7509665110115655,0.8165316419959822,0.8783084883614479,0.8430866288082995,0.765826540800584,0.8494658563034325,0.9050489998426743,0.8462348978500365,0.7867577138356515,0.8483095514327019,0.9033060850569431,0.7133783188375784,0.6291997983178758,0.7152559084586676,0.7804659085573373,0.7661261203479919,0.7028529277425328,0.7706178215553595,0.8139059417954877,0.08438844869186038,0.03736485999341801,0.0872451777206148,0.12824422002431551,0.21091473577780173,0.21094218957714428,0.2110128548811631,0.2110128548811631
999,0.9448648648648653,0.887837837837838,0.9432432432432433,0.9972972972972972,0.815187302533516,0.7409031143428051,0.8214291846359507,0.8792112684679505,0.8436904987371981,0.7593551570518036,0.8455164701468498,0.9052309749258868,0.8439842135864059,0.7777688670301439,0.8462536767342979,0.8941805424642266,0.7121123309413042,0.6315147444676887,0.7178783651449139,0.7883512959166283,0.7640023448372035,0.6978943642074952,0.7658706049857719,0.8085168149917252,0.08404166524387895,0.03836969648324147,0.08415486890406329,0.122587188012161,0.21091473577780173,0.21094218957714428,0.2110128548811631,0.2110128548811631
1000,0.9440540540540545,0.887837837837838,0.9432432432432433,0.9972972972972972,0.8173461800602173,0.7506016686630529,0.8194208805482648,0.8765383214694547,0.8420512349130811,0.7622127192833216,0.851211158015581,0.9095011420853031,0.843593255661247,0.7843411528176387,0.845642450335989,0.8968263299913799,0.7104175733420216,0.6249275824162732,0.7134823867924174,0.7862242054837241,0.7643145813141623,0.6944534633545645,0.7702814033263277,0.8144868462815803,0.08298085122880132,0.042185703658406716,0.084193175386364,0.12189109361931433,0.21092833010103929,0.21094218957714428,0.2110128548811631,0.2110128548811631
1001,0.9435135135135139,0.8891891891891893,0.9432432432432433,0.9972972972972972,0.8162901148931196,0.7241365873123436,0.8201730471190611,0.8786310565472544,0.8413439227694025,0.7565089362315989,0.8479670541397638,0.9012334465107479,0.8452379427972524,0.7836936521799124,0.8497917285282333,0.8897220602824004,0.7111123762159431,0.6286046992739934,0.715816740108338,0.7821690536027543,0.7640017619128215,0.7023509499450222,0.7690760334938171,0.8197573351916462,0.08373704203599538,0.04422665434872688,0.08331324246639953,0.1269916180037228,0.21094246316184304,0.2110128548811631,0.2110128548811631,0.2110128548811631
1002,0.9440540540540545,0.8891891891891893,0.9432432432432433,0.9972972972972972,0.8168406398446949,0.7158648599079027,0.8203929358150522,0.8763057585844258,0.8403146479430993,0.7491931730426115,0.8491519111274333,0.9077243971165042,0.8469233132472465,0.7940166003213865,0.8486877901266972,0.8989406262522419,0.7116885724034665,0.6217146037328096,0.7119569970642388,0.7840087479154728,0.764613351106031,0.709942951636461,0.7680840754609417,0.815644070741381,0.08342400163246148,0.04333635206045945,0.08502520262443782,0.1226244083995442,0.21094246316184304,0.2110128548811631,0.2110128548811631,0.2110128548811631
1003,0.9448648648648653,0.8891891891891893,0.9432432432432433,0.9972972972972972,0.817046811261637,0.7273786274356244,0.8218739684644392,0.8804187746917487,0.8403586568704289,0.751233999050607,0.8498639488645203,0.9092268738838449,0.8452382632752111,0.7887533141624719,0.8467329264295499,0.8919856721206325,0.7103789588933104,0.6225578967186279,0.7090763194155927,0.7819240440228309,0.7639793506382443,0.7105333956677573,0.7669035348116334,0.8112921954085259,0.083765198514309,0.04251050105465838,0.08440631608378729,0.12536549701707553,0.21094246316184304,0.2110128548811631,0.2110128548811631,0.2110128548811631
1004,0.943513513513514,0.8891891891891893,0.9432432432432433,0.9972972972972972,0.8193312059742892,0.7418511886925052,0.823102007119378,0.8787665305826872,0.8402342983845874,0.7559098975544231,0.8492315685946256,0.9063920547423522,0.8455552895027835,0.7868594707806665,0.846951770625555,0.8929929999438949,0.710462768565128,0.6332245964420344,0.714584868627322,0.7768059155856636,0.7651474885290611,0.7190725429423561,0.7670818890914068,0.8155863931722938,0.08365518793034427,0.04237971919962859,0.08447928408212937,0.12294485454716692,0.2109565962226468,0.2110128548811631,0.2110128548811631,0.2110128548811631
1005,0.9421621621621625,0.8891891891891893,0.9432432432432433,0.9972972972972972,0.8204880193267584,0.7347295717976476,0.8218711295301796,0.8801216090547112,0.8416072955641973,0.7527603767659864,0.8508908110917723,0.904014094841426,0.8461678089629587,0.790742982975542,0.847889097659309,0.8951309904086368,0.7120668912528245,0.6436997314267017,0.7163718930215633,0.7803082075934553,0.7665471591465711,0.7195228074486868,0.7699086695949333,0.8207344650422214,0.08316290447392434,0.04154379045348913,0.08258383216839749,0.1253421767109084,0.2109565962226468,0.2110128548811631,0.2110128548811631,0.2110128548811631
1006,0.9410810810810812,0.8891891891891893,0.9432432432432433,0.9972972972972972,0.8207367356948323,0.7441264880606483,0.8235505628942343,0.881626287152003,0.8424564865127934,0.7504041247754248,0.8524988795570931,0.9069107155335692,0.8464587309688565,0.7902055325882048,0.8512884943785224,0.8963517775597153,0.7129977119124656,0.6362112608256747,0.71119279750558,0.7773443293434998,0.767133107268691,0.7110023745297843,0.7684580970539755,0.8163294289784313,0.0844068826869153,0.0456487158677849,0.08488317337957577,0.1243379684643306,0.2109565962226468,0.2110128548811631,0.2110128548811631,0.2110128548811631
1007,0.9391891891891894,0.8891891891891893,0.9432432432432433,0.9972972972972972,0.8203667505833301,0.745928440303641,0.8237788621331943,0.8763044086247029,0.8442171876789334,0.7476297899166142,0.8523731445747884,0.9030780948172825,0.843258837835974,0.7850579307381177,0.8494052915230521,0.8935244014979805,0.7117717629896733,0.6230429246260692,0.7154340410651835,0.7806858732073726,0.7663893558131893,0.7144066528908578,0.7690545978089179,0.8137083641969288,0.0850096343224704,0.04596648740451991,0.08311650343365207,0.12569556710444782,0.2109704556987516,0.2110128548811631,0.2110128548811631,0.2110128548811631
1008,0.9372972972972975,0.8621621621621623,0.9432432432432433,0.9972972972972972,0.8185349288974596,0.7342623197774397,0.8263074245767228,0.8766041674558946,0.8443515646000433,0.762892458509964,0.8536052974804875,0.9025889385243181,0.8423396220205308,0.7866100110227171,0.8498450973231997,0.8978331044489621,0.71110568170232,0.6138755466722107,0.7174369014472118,0.782812149619897,0.7650832058060021,0.7136189509887904,0.7654830008685237,0.813483387177282,0.08557236150623716,0.04239595174092452,0.0820721909906455,0.1312634140656649,0.2109704556987516,0.2110128548811631,0.2110128548811631,0.2110128548811631
1009,0.9343243243243249,0.8621621621621623,0.9432432432432433,0.9972972972972972,0.8176856251708321,0.7400937898418203,0.8204692207686435,0.8743597107026818,0.8428581995750578,0.7561053825961642,0.851743485856661,0.8960563271005865,0.8401477387296776,0.7821584746449152,0.84613640957679,0.8950861825944862,0.7080477983431287,0.6199832922397438,0.7113571897968298,0.7807057601248735,0.7630871224509183,0.7148207571934247,0.7640367351210321,0.810358592580699,0.08576089744788673,0.043297915911114204,0.08411076643352308,0.12763184867359265,0.21098458875955536,0.2110128548811631,0.2110128548811631,0.2110128548811631
1010,0.9318918918918925,0.8621621621621623,0.9432432432432433,0.9716216216216215,0.8180037539119108,0.748809982235022,0.8206163469895831,0.8722060978127508,0.8429023824353119,0.7496269113962719,0.8534881937881476,0.8878562875190056,0.8382599334648932,0.783313181425932,0.8404396790770957,0.8934924190943491,0.7064847923616172,0.6219181166543833,0.7155541013078015,0.7798988237777238,0.762388176055553,0.717625595003495,0.7640213671589278,0.8107778833072974,0.08599685904404315,0.04666172538444017,0.08471951466141686,0.12986697454654503,0.21098458875955536,0.2110128548811631,0.2110128548811631,0.2110128548811631
1011,0.9291891891891895,0.8621621621621623,0.9432432432432433,0.9972972972972972,0.8175089884404741,0.749441703749529,0.8216026416205304,0.868626664262194,0.8433175112248128,0.7469923561996821,0.8521799161212236,0.8890483239782488,0.8360235206291289,0.7793324199075674,0.8396106022601872,0.8944383914754739,0.7049006607240367,0.6073647974788984,0.7143415685709265,0.7748015224830422,0.7613668932192887,0.7158153773524117,0.7625291800590973,0.8143758262373882,0.08687213823052417,0.04994826945669033,0.08422121800081087,0.13465052053316817,0.21098458875955536,0.2110128548811631,0.2110128548811631,0.2110128548811631
1012,0.9267567567567572,0.8621621621621623,0.9432432432432433,0.9972972972972972,0.8184154070056653,0.7497716820618495,0.8204771171952454,0.870151609193051,0.8445552370077604,0.757870822639113,0.8537523971462059,0.8870179026349463,0.8322857243784972,0.7732997745218635,0.8345787733289327,0.89180506014355,0.7028288752972357,0.6039607958477299,0.709728139795775,0.7808706834923717,0.7608725916648246,0.7116186942104366,0.761171328641855,0.8062415276529927,0.08674446505600951,0.04399696494048109,0.08248683098962815,0.13251266582248833,0.21099872182035914,0.2110128548811631,0.2110128548811631,0.2110128548811631
1013,0.9240540540540545,0.8621621621621623,0.9432432432432433,0.9716216216216215,0.8161791242749855,0.7474447729856705,0.8177826690310585,0.8692925288828762,0.84560391500042,0.76900310989339,0.8535672384090534,0.8922582276632358,0.8298312174863088,0.7653942644262158,0.8359850929050865,0.8893910631823252,0.7015702710769642,0.6014454643381097,0.7097843132282255,0.7710895057815547,0.7590247958472989,0.7123407970798705,0.7613753259271876,0.805554992965077,0.08701692601842755,0.04785541728168138,0.08559106495173008,0.13187233351216862,0.21099872182035914,0.2110128548811631,0.2110128548811631,0.2110128548811631
1014,0.9202702702702708,0.8351351351351354,0.9162162162162163,0.9702702702702702,0.8146337986445491,0.7468379128222091,0.8194602712709735,0.8678396559485051,0.8442809355740186,0.7626322585292301,0.8503942816194942,0.8930816805849101,0.8264355229110243,0.7501262615619712,0.8333900581674177,0.8907472079962532,0.6975943311881038,0.5884417757240331,0.7068593999772443,0.7708498942170076,0.7562268718818117,0.7111647072991969,0.7622666729989661,0.8025411986543476,0.0887063411192475,0.050096622559881336,0.08644650497877726,0.1338172560103472,0.21099872182035914,0.2110128548811631,0.2110128548811631,0.2110128548811631
1015,0.9151351351351359,0.833783783783784,0.9162162162162163,0.9702702702702702,0.8135565158314018,0.7255305413742876,0.8173596718758408,0.8730362093528069,0.8451195332897019,0.7735623118536731,0.8541137840586116,0.8944453396449521,0.8243778280438004,0.742922814117444,0.8325873462097226,0.8888690539982891,0.696419090331526,0.5958449718787516,0.7086958359165665,0.7622017476969094,0.7551290851181419,0.6786073273447519,0.7648217534965038,0.8051771109930823,0.08993746475442309,0.05283096158683213,0.0871490918027627,0.13561079384685074,0.21099872182035914,0.2110128548811631,0.2110128548811631,0.2110128548811631
1016,0.9127027027027033,0.833783783783784,0.9162162162162163,0.9702702702702702,0.8118790461591234,0.7356097198006117,0.817949872607612,0.8706531018711163,0.8452700522892804,0.7831755920482748,0.8493743013733304,0.8984077309214525,0.8191469629905417,0.6857071991124706,0.8266497000812383,0.8945171478177791,0.6921339809022347,0.5815388546586426,0.6999174384227855,0.7605024230075177,0.752031819594277,0.6649095711385057,0.7612494381279307,0.8011203441547966,0.09155224687414862,0.051278554390176145,0.08692485119808474,0.13913353167745413,0.21099872182035914,0.2110128548811631,0.2110128548811631,0.2110128548811631
1017,0.9083783783783786,0.8081081081081084,0.9162162162162163,0.9702702702702702,0.8098701456668809,0.7268320272046155,0.8141196508720644,0.8747420636116622,0.8456484194224109,0.7788194264072832,0.8521077459164184,0.8959006989947259,0.8169866962779424,0.6753730217855869,0.8276774977829625,0.8878954201960644,0.690663107880905,0.5758953322289369,0.7005282636285888,0.7560893334182762,0.7501826187679683,0.6668910618674845,0.7561761066582774,0.8004898593176564,0.09295038653822578,0.05607982575701823,0.08960669121000558,0.1428847798419805,0.21099872182035914,0.2110128548811631,0.2110128548811631,0.2110128548811631
1018,0.9032432432432438,0.8067567567567571,0.9162162162162163,0.9702702702702702,0.8070231659783,0.72110074078847,0.8138121249723178,0.8671706057650926,0.8453735699603874,0.7792718662275082,0.8484494569638068,0.902657429233552,0.8110359068080286,0.6651120150134296,0.8225320440243696,0.8836794198550707,0.6853308451604593,0.5624369830145939,0.6984136617994099,0.7665317660853488,0.746079461637289,0.6596561198173618,0.7533279680871611,0.7948145037646501,0.0962829693518802,0.05209981110992392,0.0923028476127623,0.14098795536178338,0.2114015850511235,0.2110128548811631,0.2110128548811631,0.2110128548811631
1019,0.9000000000000006,0.7810810810810813,0.9162162162162163,0.9702702702702702,0.8044995821235043,0.7084595721370534,0.8151650648935411,0.8702671336455859,0.8450569967268037,0.7781192610346155,0.8471874006325075,0.903609079096786,0.805045772928705,0.6554769280257662,0.8204245136938538,0.8749939023487936,0.6800222141508832,0.5572385001192923,0.6902080238158517,0.7536134107755003,0.7423440287870442,0.6488872066930865,0.750698756148498,0.7975697755204199,0.09794033555895493,0.05200885762648465,0.09320367595303167,0.15021114053443363,0.21137834738570413,0.2110128548811631,0.2110128548811631,0.2110128548811631
1020,0.8921621621621627,0.7540540540540543,0.9162162162162163,0.9702702702702702,0.8021913605986545,0.6995686338261484,0.811004152611132,0.8766843253166432,0.8434030553422046,0.7757796500394026,0.8424902043077608,0.8993711046640258,0.7994525925279801,0.6451077326924566,0.8145064628951177,0.8823537749290636,0.6740113210642831,0.5405653162763853,0.6896726104446973,0.7570307390873452,0.7382328736116309,0.655117249084241,0.7491940492675,0.7967950136095378,0.1004884365569673,0.05384029195156818,0.09469612934672107,0.16102617181464796,0.21135569784103145,0.2110128548811631,0.2110128548811631,0.2110128548811631
1021,0.8859459459459466,0.7270270270270274,0.9162162162162163,0.9702702702702702,0.7962436407185909,0.6863978675280812,0.8068490973637532,0.8803776075226706,0.843012960494287,0.7844902858316048,0.8449711927821277,0.8936662357294155,0.7922601246321179,0.6199279463151764,0.8105165922528553,0.8874796023175463,0.6678933760303084,0.5099956216745475,0.6893920164061345,0.7513842585801214,0.7322171945822135,0.6200100541792365,0.7490258383922506,0.7963360113013002,0.10299664491462687,0.052869270643749654,0.09574737046556427,0.1665217471749482,0.2113336151238594,0.2110128548811631,0.2110128548811631,0.2110128548811631
1022,0.8805405405405407,0.725675675675676,0.9162162162162163,0.9702702702702702,0.792103225476405,0.6578664771046838,0.8088316634999728,0.8767124424986592,0.8416717035756158,0.7833937131718557,0.843498803615027,0.8977089621342005,0.7808874016530004,0.5889539886583689,0.8027569203999777,0.8883832119903469,0.6572114201303719,0.49160487726960744,0.6776110403800364,0.7503115873574844,0.7249772141466465,0.5993272339782121,0.7404519425895533,0.7959973008580318,0.105166899421966,0.053712175417547366,0.0976776119478208,0.16827730082497044,0.21131207868916324,0.2110128548811631,0.2110128548811631,0.2110128548811631
1023,0.8743243243243248,0.698648648648649,0.8891891891891893,0.9702702702702702,0.7894179889702916,0.6733813994145927,0.803680825958569,0.873192318970948,0.8425376627143852,0.7813767677653237,0.8448503374939711,0.8933964408387229,0.7758617063555704,0.5763420395324528,0.8016156784311721,0.8819113997716378,0.6536432326109173,0.4886046957707418,0.6757693056793339,0.7619386015959025,0.721727662875947,0.5860096510262698,0.7362233842362009,0.7960262959931728,0.10732148613986885,0.0582087556316919,0.09926675908641933,0.17339863167644334,0.21129106875282433,0.2110128548811631,0.2110128548811631,0.2110128548811631
1024,0.8689189189189191,0.6729729729729734,0.8891891891891893,0.9702702702702702,0.7835188471795385,0.6372385325672874,0.7976470874619013,0.8759265838908631,0.8442891332475851,0.7846380806131045,0.8477155126408736,0.8944758592032027,0.7655882148679021,0.5630503291241666,0.7890994303034989,0.8866736890489507,0.6464040621018731,0.4759229339625874,0.6742747687190191,0.755109254428937,0.7148401734974518,0.5690454341755765,0.736233346781817,0.7986383824158004,0.10968479888514013,0.0547628620644139,0.10329349618787559,0.16980179740592274,0.21128469935387673,0.2110128548811631,0.2110128548811631,0.2110128548811631
1025,0.8643243243243246,0.6459459459459463,0.8891891891891893,0.9702702702702702,0.7788098094428619,0.5995634217985573,0.7941518911013452,0.8732493332925431,0.8443920688960689,0.7831791531627336,0.8487638953073466,0.8924911230684228,0.7593120879735981,0.5505486264917318,0.7961790541391884,0.8852251357289148,0.6411965117676879,0.45748632893797725,0.6718054549368758,0.7459026392001856,0.7098627527749936,0.5551566992761686,0.7306111210479341,0.7993241278952765,0.11351693716488193,0.05613351920532323,0.107222497371928,0.18658428838025065,0.21166754933506823,0.2110128548811631,0.2110128548811631,0.2110128548811631
1026,0.8591891891891896,0.6189189189189195,0.8891891891891893,0.9702702702702702,0.7740205209516304,0.5801455316821539,0.7920397358667834,0.8692647727094704,0.8441387163754479,0.7800244514808775,0.8500992744942639,0.89531293315956,0.7539185403337981,0.5441081443657271,0.7892169650342374,0.8797191820860314,0.6365629676507168,0.4556398097137902,0.6648937476534473,0.7495876409673677,0.7051006182549857,0.5261100531601718,0.7290839448994939,0.7936450685724827,0.11570360940324727,0.05748025756516881,0.10826667941688925,0.1970697284615612,0.21162477010597308,0.2110128548811631,0.2110128548811631,0.2110128548811631
1027,0.8540540540540544,0.6175675675675681,0.8891891891891893,0.9702702702702702,0.7704040656918516,0.5806134539218921,0.7909024178922432,0.8734346910343778,0.8417593038561489,0.7808088116100858,0.8472788811581209,0.8888401234042708,0.7497638636976991,0.5258841095054662,0.7863767724442441,0.8809531072557708,0.6310757081388642,0.4280718910860636,0.6618425845007622,0.7551234817948004,0.7003999793413385,0.5220217349702958,0.7255045560885662,0.7926027057411257,0.11811486964969457,0.05622911505076681,0.10966597551408062,0.20769091529695013,0.2119858971143581,0.2110128548811631,0.2110128548811631,0.2110128548811631
1028,0.8472972972972976,0.5905405405405412,0.8891891891891893,0.9702702702702702,0.762655415134066,0.5702005981624789,0.7873239601382926,0.870254398859339,0.8405694766457242,0.7720131097854197,0.8443205205976,0.8909292269204354,0.7459890708481437,0.5141917690674033,0.7869407539774242,0.881510452519924,0.627046686966415,0.4199842150077873,0.6630532533296067,0.7558534133408427,0.694130724943501,0.4934971687671745,0.7217014734194838,0.796793834155928,0.12045356365962732,0.0535120335054616,0.11062898913527539,0.20838533229962872,0.21232479207422675,0.2110128548811631,0.2110128548811631,0.2110128548811631
1029,0.8413513513513515,0.5648648648648655,0.8891891891891893,0.9702702702702702,0.7559534712474067,0.545085394539051,0.7813261003068351,0.8742992834456487,0.8405818941906601,0.7725991049050426,0.8495681271606021,0.8894234428348604,0.7368957031637481,0.5065821490505993,0.7799206013374583,0.8809888641153354,0.6193413425789519,0.41325312780723006,0.655513731491517,0.7537642247701166,0.6869460794940515,0.48791648526829495,0.7169652189436944,0.8006572952694431,0.12310705781705188,0.04970717297942664,0.11432762709013847,0.21887626787799744,0.2126420071449126,0.2110128548811631,0.2110128548811631,0.21189450777198252
1030,0.8359459459459463,0.5635135135135142,0.8891891891891893,0.9702702702702702,0.7513589644145366,0.5363820290160861,0.7835303822318715,0.8833241847782453,0.8380443084424373,0.7743056870428416,0.8468040788450415,0.8927947595066652,0.7301517192913658,0.4920648434718612,0.773026471530295,0.8899678468123964,0.6118124118286079,0.405155609773431,0.6518168414154635,0.7511501978004763,0.6809536156382062,0.4777024679036739,0.7138414321451663,0.7938232354555228,0.12781344680587725,0.05296265987105898,0.11431390798871555,0.3043381052957403,0.2133409378397758,0.2110128548811631,0.2110128548811631,0.24046027998285668
1031,0.828648648648649,0.5364864864864871,0.8621621621621623,0.9702702702702702,0.7473118339580203,0.5067820926680878,0.7755776807320628,0.8790270097029848,0.8394504220672571,0.7777096319184555,0.8477105070666235,0.8936108290097181,0.7230478843496876,0.4723787624737521,0.7632241349321672,0.8867544137465541,0.6069971963121829,0.3968592324361523,0.6456390588736991,0.7511004343239459,0.6760634706583645,0.4432539340745741,0.7092148628797519,0.7893970896653657,0.13039626855835096,0.05967780532378583,0.12055716850539636,0.30237382279098424,0.21319026993126866,0.2110128548811631,0.2110128548811631,0.2384048641329994
1032,0.8213513513513517,0.5108108108108116,0.8621621621621623,0.9702702702702702,0.7400120907675016,0.4999572018518338,0.7734474338550572,0.8721872554467619,0.8392308106658909,0.7763043429456512,0.8447257858088469,0.9002298522537582,0.7186174557538862,0.4605165278412293,0.7586216313850549,0.8836782696526313,0.6029514119324489,0.3796997159932574,0.6414964684727706,0.7464066192681249,0.6702020902124106,0.4301423535018535,0.7081812371010526,0.7872855396554664,0.13283774656562028,0.05434853669192736,0.11997412780558642,0.31283796297530325,0.2130432880384889,0.2110128548811631,0.2110128548811631,0.23639855574187935
1033,0.8159459459459462,0.4837837837837846,0.8621621621621623,0.9702702702702702,0.7335908819809431,0.48241953996830056,0.7775105422369426,0.8649593542551482,0.8404606216431378,0.7757140766591983,0.8490330306032263,0.8957361031751581,0.7087020766217197,0.4310740432224127,0.7547575961369338,0.8801839545981015,0.5956920458991275,0.3504558876449874,0.6427138372617662,0.7496286860721424,0.663460262963322,0.41380676448751985,0.7094095293303078,0.789206834055197,0.1346181662990205,0.05797371017215579,0.11736753157519508,0.32287232626464424,0.21289985975274384,0.2110128548811631,0.2110128548811631,0.2344395948939215
1034,0.8102702702702708,0.4824324324324333,0.8621621621621623,0.9702702702702702,0.723187598263489,0.4919770686191501,0.767746805557261,0.8650686955541153,0.8405439193267387,0.7702808939986094,0.8492935067683727,0.8941108069726256,0.7040694162350144,0.39557480572222636,0.7558544542045005,0.8813424816933543,0.5918244581724653,0.33898571973752833,0.6431100516334352,0.7486882034950185,0.6558438507819048,0.40446601410015764,0.7053299342527135,0.7897891752504911,0.13844745936284988,0.060954403444694785,0.12030553005147171,0.3337431924720809,0.21356558417993668,0.2110128548811631,0.2110128548811631,0.2382998144513048
1035,0.8051351351351355,0.4824324324324333,0.8621621621621623,0.9702702702702702,0.7208844491019637,0.47045697408861276,0.7770723630848362,0.8771018923981851,0.8409412723282073,0.7712643135676207,0.8498382167913476,0.8962308185281129,0.6999804340181192,0.4025508561438994,0.7563917731856471,0.8819362544797076,0.5888291364569711,0.34008119366066114,0.638952963694114,0.7495739354135462,0.6527534824830675,0.37125356717647107,0.7036297163092191,0.7923688870161827,0.1405397132383169,0.05108058858786472,0.12246875707765098,0.34378962877022523,0.21378527395519178,0.2110128548811631,0.2110128548811631,0.2382998144513048
1036,0.8013513513513516,0.4824324324324333,0.8621621621621623,0.9702702702702702,0.7130994013582559,0.41637596899224827,0.7779177247243099,0.876704065574003,0.8407893640278136,0.7751401278622644,0.8448931762340162,0.8937503721541652,0.691526968622614,0.37058233958734427,0.7440736626130093,0.8839449898705081,0.5813551425235962,0.3216066076943459,0.6282126977779198,0.7459106090992884,0.6445387380308261,0.3554817662431054,0.7054568632373381,0.7905602906132329,0.14180642666616167,0.04897666049095542,0.12152344246727631,0.3385265152706157,0.21358322557514547,0.2110128548811631,0.2110128548811631,0.2362960434431227
1037,0.7956756756756758,0.45675675675675775,0.8351351351351354,0.9702702702702702,0.7079636727833073,0.41056319076364,0.7689744188537377,0.8729554863781561,0.8410539518548436,0.7761300017883428,0.8451502725925644,0.8941028663571304,0.6855360832867757,0.3389049497077395,0.739477502140426,0.877620692207161,0.5764957523816718,0.27311500136553074,0.6159425225329571,0.745269662515223,0.6393422569509056,0.33545792298959826,0.7035348676176945,0.7899838214065394,0.14542992105343663,0.05048395846888902,0.12244162019717669,0.3449249904131555,0.21378883610828064,0.2110128548811631,0.2110128548811631,0.2361959771952582
1038,0.790810810810811,0.45675675675675775,0.8351351351351354,0.9702702702702702,0.7078668080180577,0.408216781195408,0.7713601232396754,0.864896555451248,0.8420933116830522,0.7719013460779511,0.8471114979797902,0.8959918465588027,0.6776738493003823,0.3580714908116281,0.7396613661188355,0.8729179512074027,0.5704949779286319,0.28262801731877135,0.6134712043791166,0.7457285268605931,0.6364108505158829,0.32782326246518445,0.6996510561410918,0.7912252877626745,0.14746065548811957,0.04970440943303688,0.1244775687008366,0.33944801921162254,0.21397583436365927,0.2110128548811631,0.2110128548811631,0.23464715687437276
1039,0.7870270270270272,0.4554054054054064,0.8351351351351354,0.9702702702702702,0.7058023939253368,0.4140292906790226,0.7654665162049186,0.8584471107734789,0.8409523729542444,0.7640277834638861,0.8501411228908571,0.9001030487919661,0.6739677636152944,0.3655616107920961,0.7292804330406532,0.8806517012480678,0.5666285128769901,0.29203317199654155,0.5950835821598975,0.742662230498084,0.6334664780941075,0.3380910333205478,0.6917618247944421,0.7922587139055379,0.15189974691097108,0.052590710182380214,0.1250641351758346,0.34978089132452655,0.21497421922857454,0.2110128548811631,0.2110128548811631,0.2425666375209146
1040,0.7843243243243248,0.4540540540540551,0.8216216216216219,0.9702702702702702,0.6981557259711663,0.4048323491302109,0.7547136900396583,0.8509998385356509,0.841427528962216,0.7706995871625224,0.8510897488517102,0.8937468073396739,0.6700142127394462,0.3584137007268681,0.726049282681358,0.8802560550142577,0.5637171022360778,0.2861709521301819,0.598569204371245,0.7451264784797517,0.6282811318082002,0.3390929717407725,0.6840019360475095,0.7859574731489722,0.15530765344529643,0.052070720007751065,0.12400550217575229,0.35650385718709515,0.21548102993124252,0.2110128548811631,0.2110128548811631,0.24682370467175688
1041,0.7797297297297304,0.4540540540540551,0.8081081081081084,0.9702702702702702,0.6951071217608434,0.4064273510861369,0.7527124104990017,0.8432053532120499,0.8397635770237168,0.7633891936055393,0.846254439230076,0.8941209990887364,0.6642181979952622,0.3011798207911056,0.735567770318075,0.8808645499633306,0.5581001111232248,0.2656394409672798,0.6076665262279384,0.7483551003319624,0.6237304940408407,0.3250153145233578,0.6819834470740751,0.7940131144274863,0.1573343202155157,0.048978386673931076,0.12640041297331886,0.3552155825247563,0.21514269301182254,0.2110128548811631,0.2110128548811631,0.24461259881704925
1042,0.7754054054054061,0.4540540540540551,0.8081081081081084,0.9445945945945945,0.6931691873008277,0.3861111111111113,0.75128307684953,0.8451962305135476,0.8372841483015692,0.7649297991851849,0.8445053979814707,0.8938853186011719,0.6577972440944247,0.2941467892121758,0.7316622300919455,0.8855716334161127,0.5509978387340305,0.253310285473333,0.5985513978450165,0.7491721053836388,0.6190869802852621,0.3154644230652903,0.6730931650685933,0.7921356378806064,0.15937085694824554,0.0507107260662709,0.13328407170684792,0.3655487541208384,0.21521520070937775,0.2110128548811631,0.2110128548811631,0.24450218523118905
1043,0.7718918918918927,0.42837837837837944,0.8081081081081084,0.9445945945945945,0.6892751483543076,0.36088501291989683,0.7461436474052617,0.8505475711097428,0.8374303968122296,0.7649957132634906,0.8426032345232045,0.901218317437201,0.6521220639924116,0.27684304967271783,0.7046678003461657,0.8779908006929514,0.5461388586749851,0.22783012420740278,0.5849924252972227,0.7535412907830689,0.6146441110110555,0.2928165222198739,0.6670651962422421,0.7960320450937165,0.16070409254836973,0.051504771718030376,0.13182899884229193,0.374378864117959,0.21486930707818047,0.2110128548811631,0.2110128548811631,0.2423485417615736
1044,0.7686486486486492,0.40270270270270375,0.8081081081081084,0.9702702702702702,0.6865199081314778,0.3788277770571196,0.7465365206443575,0.8506474915708838,0.8367574745572344,0.7640482423871067,0.840346989770476,0.8938056754744431,0.6484760539932677,0.2775888301674749,0.6907206744056448,0.8727627516325412,0.5425074852751594,0.2393991351945257,0.5814474311758779,0.7574318571968041,0.6113865622118744,0.2948992144647929,0.6622633342449851,0.7872207690784213,0.16375466234907501,0.05812323593790198,0.13641337756322253,0.36274159420684166,0.2153371568876452,0.2110128548811631,0.2110128548811631,0.2423485417615736
1045,0.7662162162162169,0.4013513513513524,0.8081081081081084,0.9702702702702702,0.6817487417340218,0.38621584497729433,0.7417316059602083,0.8445289399430516,0.8379044013517019,0.7628843242086041,0.8433123447087161,0.898224712057509,0.6439257320041039,0.26500071283401966,0.6923519410502853,0.865045879973575,0.5396746026957365,0.23316997104405748,0.5735430644190345,0.745265643151553,0.6069788636926458,0.29695423291713563,0.652739561994389,0.7901785773483688,0.1670130887993578,0.06441352733964578,0.13942155262271844,0.3683351558440615,0.2153634040111274,0.2110128548811631,0.2110128548811631,0.24024754812768132
1046,0.7659459459459468,0.3756756756756768,0.8081081081081084,0.9702702702702702,0.6777478106875001,0.38871248997229363,0.7403572892063306,0.8501987284057485,0.8385655469287883,0.7639903386910526,0.8411419845787336,0.8995176543375947,0.6410197176069251,0.2828973719973013,0.6945181214151643,0.8677638468034561,0.5377499777089608,0.24691988998862935,0.5760027044473071,0.7378496693868635,0.6039926389127824,0.30250717894133416,0.6497041739141031,0.7898805091516026,0.16893104176424203,0.05906349863326888,0.14515177826363912,0.3741238272427227,0.21497219262598447,0.2110128548811631,0.2110128548811631,0.23819730215254814
1047,0.7637837837837844,0.3486486486486498,0.8081081081081084,0.9702702702702702,0.674091777296992,0.3640324192659239,0.7356735507969945,0.847406947511265,0.8406525467386388,0.765591288465154,0.8442546589139321,0.8987007497716305,0.6350124106784135,0.244617789420412,0.6862039414029607,0.8612631218695772,0.5335835254920603,0.20445762039630275,0.5898206490774336,0.7379376564665184,0.5998914613690015,0.27043073161750325,0.6562104953212039,0.785751160029251,0.16995556231165562,0.06363279128620415,0.1443537194731965,0.3778564141583286,0.21458991050317638,0.2110128548811631,0.2110128548811631,0.2361959771952582
1048,0.7648648648648656,0.3486486486486498,0.8081081081081084,0.9702702702702702,0.6703164270587924,0.3589663691669267,0.7259178265933491,0.8504618350835325,0.8410562916108735,0.7632026681794931,0.8435806935962351,0.9036990005757443,0.631927214166817,0.23901944569333775,0.6739340295720126,0.85840114078109,0.5314158400063459,0.19826118125652908,0.5724406785604501,0.7403896713007057,0.5966720092123802,0.2658796665797227,0.6434005552048067,0.7860252533787652,0.17134245390160094,0.05856369142076763,0.14557565573750303,0.3688851966493874,0.21421624732571565,0.2110128548811631,0.2110128548811631,0.234241820827678
1049,0.7635135135135142,0.37432432432432544,0.8081081081081084,0.9702702702702702,0.6687072978012415,0.36988515682486967,0.7157839424015529,0.8534856683144206,0.8396790731181067,0.7547404566607109,0.8458666945983169,0.9057668552432312,0.6316909265540651,0.24387382190327103,0.6547248317387786,0.8604915595858492,0.5309361893304486,0.19210774949537268,0.5579768091317931,0.7458508107042024,0.595750284279183,0.26103611640029434,0.6366506361850076,0.787112082014139,0.17230248463607226,0.06523653142597031,0.1446546715412962,0.3732543894377462,0.21385090540160762,0.2110128548811631,0.2110128548811631,0.23233315305701416
1050,0.7627027027027035,0.4000000000000011,0.8081081081081084,0.9702702702702702,0.6674178465434977,0.34101037564908393,0.7171354311129795,0.8644005477705031,0.8393324018515788,0.7572380615144723,0.8407023183919963,0.907789108024925,0.6275398435273806,0.23799741066566962,0.6396409135218386,0.8563595378951373,0.5269006503331658,0.20054108523781708,0.5467817222964197,0.7392765322692476,0.5930574590434291,0.2561831469446007,0.63847945944915,0.7914350851651885,0.17315069208177267,0.05890536503887085,0.14882214982545594,0.377629400541988,0.21349359929274234,0.2110128548811631,0.2110128548811631,0.2304683642265795
1051,0.7589189189189197,0.4000000000000011,0.8081081081081084,0.9432432432432433,0.6658457554328956,0.35178292877785045,0.7187116516742567,0.850407995964693,0.8407944575918576,0.7542465400459225,0.8416165283736037,0.9039722552643282,0.6224143063911738,0.23262634589885564,0.6428857007748228,0.8625686921678044,0.5235814865475623,0.19676286806662072,0.5387732129619645,0.7376963545351473,0.5908881017107234,0.25151923442511964,0.6234669385079126,0.7802196060451229,0.17523398605430113,0.052496745287268186,0.14845152039728676,0.37024586161004897,0.21354691863878258,0.2110128548811631,0.2110128548811631,0.2288302747155255
1052,0.7594594594594604,0.4013513513513524,0.7810810810810813,0.9432432432432433,0.6666328683241496,0.3518664616609743,0.7175923888046019,0.8518453797031325,0.8411711204950424,0.7608134204219165,0.8452602411354799,0.9068070375468585,0.6189336230712642,0.24806757095841153,0.6399005397434123,0.8552520147227665,0.5208235505430954,0.21377424732611963,0.5328064162154535,0.7327492593259713,0.5898902418989223,0.2657067672005264,0.6211952429073989,0.7926918711976177,0.1776090852907261,0.05571630148151156,0.14962118362293705,0.36267008764491365,0.2135845003702242,0.21094218957714428,0.2110128548811631,0.2306570370566344
1053,0.760270270270271,0.4270270270270281,0.7945945945945949,0.9702702702702702,0.6672669935668276,0.37249035010737436,0.7210329363698729,0.8450542123296684,0.8418659308229072,0.7665556968461412,0.8408902637908628,0.9078247642999361,0.6184413287166662,0.2667619281349707,0.6457859966853288,0.8513425296720432,0.5208508958559844,0.22392614739031333,0.53284679045399,0.7386350001596942,0.5903143393134396,0.26103917081453737,0.6193533585801831,0.7825961858239956,0.1785611657191653,0.06101974401041438,0.1476353241878154,0.35521358274346715,0.2132266927767436,0.20953025142026296,0.2110128548811631,0.2288302747155255
1054,0.7605405405405412,0.4540540540540551,0.7810810810810813,0.9445945945945945,0.6664553094244104,0.393371129406835,0.7143369104491275,0.8456405380679072,0.843745557901239,0.7682541044878348,0.8463527491372347,0.9041798364429982,0.6166471933699953,0.28516493938384635,0.641499597361473,0.8509146299625944,0.5204393574601217,0.24139851866158726,0.5351427718120951,0.7363360761111398,0.5899716995311257,0.27693886303752824,0.6139043752943287,0.7779875068798471,0.17953820299330506,0.058203077898274516,0.14665939916631776,0.3587694417920542,0.21287705941253762,0.20814562957412175,0.2110128548811631,0.22704452448307064
1055,0.7600000000000006,0.4554054054054064,0.7810810810810813,0.9432432432432433,0.6613879062418282,0.3893751701018645,0.6987910822624122,0.848737538814888,0.8436296468544708,0.756813017486554,0.8460869753313722,0.9052811296314093,0.615957473801437,0.2947261961011103,0.6288731407883308,0.8540212681283216,0.519566880180509,0.24920863808599533,0.5284789217718129,0.7429658438590108,0.5868258076950856,0.29461007939429285,0.6173243179280196,0.7840945552653343,0.18215117924801177,0.059089390399786126,0.15646800867495297,0.3631469087665788,0.21253533897347687,0.20678748256776336,0.2110128548811631,0.22529836687587698
1056,0.7629729729729737,0.4554054054054064,0.7810810810810813,0.9432432432432433,0.6618941419689456,0.3852033132502224,0.6963815486358842,0.8404289176406776,0.8443530270954629,0.7612374955513832,0.8476662331825442,0.9045031956015404,0.614552436485844,0.30187627918852183,0.6290743554256701,0.8480448165405488,0.5187227122687562,0.2672826542721694,0.5238932203242042,0.7428549608489684,0.5868705726206138,0.31173180286984403,0.616031073215983,0.7847257114860391,0.1839291490638325,0.05642468325087206,0.15722979382501706,0.35789835803921116,0.2126041445847778,0.20545500309282913,0.2110128548811631,0.22686432239130702
1057,0.7648648648648652,0.45675675675675775,0.7810810810810813,0.9432432432432433,0.6613314650669752,0.4040296829786056,0.6930741172888555,0.841392239491718,0.844343660957004,0.7579142583276959,0.8472520345924481,0.9069219005350471,0.612962551516774,0.3188051525490065,0.6372953404577497,0.8493241742125378,0.5174013988774392,0.2852256190729971,0.5284040103327622,0.7515317831212188,0.5856596268109666,0.3139602287344744,0.610432965023687,0.7832365672829724,0.18409017722114243,0.060921547816006595,0.15662568157747858,0.3531592385985206,0.21225427281857076,0.20414741637286113,0.2110128548811631,0.22512218025368355
1058,0.767837837837838,0.4837837837837846,0.7810810810810813,0.9432432432432433,0.6596798231015266,0.41661682523540716,0.6832443576105063,0.8378271517530366,0.8456824793316422,0.7615684184566417,0.8487981726423479,0.9087735570150056,0.6098457862533155,0.320078617577765,0.6297825806285808,0.8491979189626916,0.515460767699056,0.2784836285965113,0.5318484847613731,0.7409183644618192,0.5839729695717787,0.3230926688438445,0.6031952017046225,0.789807773150622,0.18508601994457755,0.061300042290492886,0.15665941174171266,0.3575271718977013,0.2118995723722651,0.20286397861368277,0.2110128548811631,0.22341813368825253
1059,0.766756756756757,0.5094594594594603,0.7810810810810813,0.9432432432432433,0.6562903583418103,0.41271300498645946,0.6749919804444341,0.8409821376032005,0.8454042832837237,0.7711876420914141,0.8512198300895324,0.9128700500969122,0.6069119326007466,0.3233057678129966,0.6135698994464602,0.8548591182076947,0.5129322359746766,0.2699385283836667,0.5225777928958855,0.7429061477597605,0.5812025984793142,0.32939447551598944,0.6010445482008236,0.7850477720536897,0.18708592848405875,0.05713489916312244,0.1599910903750974,0.3483530997727878,0.2115647912077059,0.2016658935626803,0.2110128548811631,0.22175088799437292
1060,0.7683783783783789,0.5108108108108116,0.7810810810810813,0.9432432432432433,0.6552394942470616,0.40697163642253503,0.6768391036273615,0.8433640196478436,0.8459783188379462,0.7691234593667794,0.848744209329032,0.913888700127028,0.6051043750284074,0.3174247681531706,0.6090458959881191,0.8506519973830933,0.5119781403658399,0.2663878880132568,0.5290486094306841,0.7300436766107645,0.5804658858074887,0.3270072121513147,0.5962962571145357,0.787197740308801,0.18918282869201078,0.06428332667975516,0.16184480988630373,0.3500566616145415,0.21179190925530414,0.20280206058276137,0.2110128548811631,0.22020078804485968
1061,0.7681081081081083,0.5108108108108116,0.7945945945945949,0.9432432432432433,0.6530995363368178,0.4003790673519959,0.6782995873736444,0.8459152494322675,0.8461440354518445,0.7656203603675774,0.8462514175569862,0.9133829300643937,0.6029670358010505,0.31641528263243746,0.62135439669401,0.8551404416652164,0.5099278308504903,0.25934216035477103,0.5272623043347477,0.7278367373097451,0.5780245805500701,0.34512703453034493,0.5924203886953172,0.7800633489832226,0.188912321653469,0.055917556447675966,0.1676807042447519,0.3524380096010514,0.21193006173088286,0.20396162924704697,0.2110128548811631,0.22063666185647
1062,0.767837837837838,0.5108108108108116,0.8081081081081084,0.9432432432432433,0.6524209387040143,0.40572886724720847,0.675302419884225,0.8428718622387122,0.8452146396403107,0.7750437638903166,0.8455357907039586,0.9090416201908116,0.6026654384309937,0.30917341185080044,0.624890141269041,0.8520332694970061,0.5091550376834988,0.25666398333949203,0.524983508129059,0.7163027605995215,0.5770311920796891,0.3483387344767892,0.5927734125820587,0.7701141460933325,0.19088212359200799,0.06146849420641786,0.17281507904916507,0.34981810128642943,0.21159115679211773,0.20268151089933836,0.2110128548811631,0.21902809566463377
1063,0.7694594594594597,0.5108108108108116,0.7945945945945949,0.9432432432432433,0.6494890772635225,0.41014832429625264,0.6686589989653121,0.8380626076318133,0.8448527318868588,0.7770934708054273,0.8432995741022689,0.9070178516413444,0.5945987615785249,0.301892861150009,0.5869073131601765,0.8596211547171051,0.5019686812612247,0.2503439899814248,0.49948067250836137,0.7294232082645566,0.5714894043471461,0.3481576370017492,0.5821683370102468,0.7618412352429742,0.19400146162559406,0.0600820206845511,0.172771123491187,0.3517159411502238,0.21168539057699942,0.2014834258483359,0.2110128548811631,0.22695340190661928
1064,0.7686486486486487,0.5108108108108116,0.7810810810810813,0.9175675675675675,0.6488326848384421,0.42289257581206924,0.6685958857386627,0.8320552366178796,0.8467965425732608,0.7832529825714882,0.8470265865151397,0.9044667133715667,0.5928127632549773,0.3133765546347669,0.5887115957580094,0.8644507548604394,0.5015296993586208,0.2599351249061473,0.5027466742980057,0.7131299433290876,0.5710233065796888,0.3476104653132793,0.5862016618493329,0.7697993170413518,0.1954428741520517,0.06565523925170151,0.17516897234293125,0.3523765009180997,0.21138358354959924,0.20036672095730723,0.2110128548811631,0.22520928736056472
1065,0.7691891891891894,0.5094594594594603,0.8081081081081084,0.9432432432432433,0.647431659291176,0.419322612926463,0.6693677316402016,0.8386668681194241,0.8478413585827864,0.7802761583112963,0.849428890035083,0.9035356323853828,0.5886288450008689,0.30934001802022576,0.587400815182981,0.8606112737891685,0.4983949084398455,0.2559812894012785,0.49599640524666866,0.7098931491777959,0.5686264508794534,0.3435501395299021,0.5856204566952561,0.7747122802173181,0.1979389811369241,0.06778317476210821,0.174347329973096,0.35287732137563177,0.21153796776540496,0.1992112932053468,0.2110128548811631,0.22548272889385007
1066,0.7713513513513516,0.5094594594594603,0.8081081081081084,0.9432432432432433,0.6462163280818135,0.4273968509196969,0.6648170132894249,0.840623709972228,0.8471952535600782,0.7833410131349892,0.8500341367743353,0.9116618458484473,0.5857615171565861,0.30861673492743913,0.5910652129323711,0.8495420272630785,0.4954039895889481,0.2600735718919057,0.4958660772425995,0.7071456832564896,0.5663005264233725,0.34276434315963444,0.5804527241791073,0.7508262431149533,0.201561684255718,0.06237494003930558,0.1770644781937906,0.3618289768313584,0.2128850981772262,0.1992112932053468,0.2110128548811631,0.24472584654041274
1067,0.7735135135135142,0.5108108108108116,0.8081081081081084,0.9432432432432433,0.6456112980407264,0.4300442639382893,0.6636206328579263,0.8417467519745099,0.8476526918760046,0.7782559435393176,0.8528216738679051,0.9018438240570715,0.5844422244832775,0.308665245005273,0.5811859104927475,0.847003627647042,0.49446604578685244,0.26661108072295164,0.49065981560168337,0.6989842013661581,0.5655850320462521,0.3336022576348045,0.5770428092120609,0.7455793631354456,0.2013898931126499,0.06491356785567291,0.17939074396016513,0.35402137679521073,0.21252302096748246,0.20036672095730723,0.2110128548811631,0.2425666375209146
1068,0.776756756756757,0.5108108108108116,0.8081081081081084,0.9432432432432433,0.6444074829593611,0.44299382016550726,0.6592634151616339,0.8353235778699057,0.8473406348352671,0.7770012051159416,0.8519536885583471,0.9062538202975745,0.5838262942942073,0.31159662490187645,0.5733544591086676,0.8566488062725306,0.49393458325866446,0.257650061341432,0.497866727114501,0.7076352478953388,0.5636369434164661,0.336652789906422,0.5803038867549458,0.7464335549604575,0.20136226693057865,0.06525342067064073,0.1798562919661068,0.3585509392569497,0.21215807082236968,0.20042753294425253,0.2110128548811631,0.24046027998285668
1069,0.7789189189189193,0.5108108108108116,0.8081081081081084,0.9432432432432433,0.6456087685097868,0.4363246192124623,0.6621385624384555,0.8323799894062003,0.8464997256829138,0.7720390255504663,0.8548559311580628,0.9115754933255266,0.5861040499766635,0.304536415315429,0.6124866533863673,0.8347123040618621,0.49586297911353944,0.2603981479242604,0.5095330708485801,0.7024214186393808,0.5654102947317766,0.3401093872299422,0.5843280253126427,0.7556088700986844,0.2010376951961063,0.0716235130328183,0.17883276246330088,0.3634860441640851,0.21242092195086446,0.20042753294425253,0.2110128548811631,0.24245622393505437
1070,0.7791891891891899,0.5364864864864871,0.8081081081081084,0.9432432432432433,0.6437998173017279,0.4142946550014955,0.6544473721107792,0.8380162070584501,0.8464424404331996,0.7724077801161111,0.8520885499292508,0.902651333860894,0.5856439535274715,0.30535880539520305,0.6058830329453243,0.844210500148436,0.49517658041156687,0.2763333670348045,0.5239695179593464,0.7012442979043412,0.5642593115975039,0.34054714789119656,0.5964818773645052,0.7458058730425408,0.2020698441865964,0.06574351618306329,0.18269764254826626,0.3680164427781116,0.21262416025501144,0.20036672095730723,0.2110128548811631,0.2423485417615736
1071,0.7794594594594596,0.5108108108108116,0.7945945945945949,0.9432432432432433,0.6459038855090103,0.4236844771739414,0.6545386940207709,0.8347174089476712,0.8474085906125491,0.7780466652877684,0.8560660767798101,0.8990135843356906,0.5863010314999597,0.3036942710889392,0.6133993945966341,0.8342551145821508,0.4963057240770534,0.2701327337522854,0.5417391928541138,0.7123703646772898,0.5656944268897222,0.3374843926838638,0.5918989649511556,0.7461027054314162,0.20290305878221526,0.07283609139530821,0.18655776997018814,0.37062782314272974,0.21268741529093307,0.1992112932053468,0.2110128548811631,0.24024754812768132
1072,0.7821621621621625,0.5378378378378385,0.8081081081081084,0.9432432432432433,0.6494153275885154,0.4340706963841538,0.6514638665462587,0.8306891910903903,0.8450418943066742,0.7806744641878914,0.8517379702983573,0.904599826899701,0.5847957660423505,0.30211724043664806,0.6156153604211286,0.8308847821047937,0.4934912996752205,0.252397387475266,0.5334664582901811,0.6984483572348555,0.5655632769680955,0.34503096857299487,0.5851062859789836,0.744833149645881,0.20276556804536816,0.07206224849977934,0.18709172565229987,0.36338567337273187,0.2123307877875319,0.1980165392757921,0.2110128548811631,0.23819730215254814
1073,0.7805405405405408,0.5108108108108116,0.7810810810810813,0.9432432432432433,0.6517891980746221,0.4164340373750938,0.6619999419724154,0.8336217769504858,0.8449023708092797,0.7746312721534251,0.8512982359302284,0.9032646032043327,0.5842898312989709,0.297193853153077,0.6133926061023635,0.8329829496086721,0.49295901943185155,0.26142709574471107,0.5310057734507359,0.700718596164825,0.5663739475313786,0.34991366336863056,0.5869261118612474,0.7376301044450828,0.20233783706689304,0.06754877340730694,0.18555309424322594,0.36812264243046255,0.21203186275701694,0.19684266048077814,0.2110128548811631,0.2361959771952582
1074,0.7800000000000005,0.5108108108108116,0.8081081081081084,0.9432432432432433,0.654354869468799,0.425499492091339,0.6653109449449857,0.8330221282258121,0.8448860099591842,0.7711336871087148,0.8506595921881273,0.9008964955265045,0.5853411177061788,0.2969391325990381,0.6114657354760454,0.8339915341039116,0.4937153258368609,0.26067587927731,0.5268527291698284,0.6884242552764139,0.5681279009919019,0.34406410692046413,0.590490846457696,0.7378247909289704,0.2023789368823089,0.07122195171591554,0.18820990729637893,0.3656729001099172,0.21176055325034013,0.1979578453360414,0.2110128548811631,0.234241820827678
1075,0.7791891891891894,0.5108108108108116,0.7945945945945949,0.9432432432432433,0.6569373913364517,0.4185292461935806,0.6631504299229831,0.8350955443373728,0.8462651234024269,0.7770226356508237,0.8503883618169137,0.8983384177529653,0.5776158501385168,0.30241797033192497,0.5791954702860983,0.8245989250379868,0.48795710240269885,0.26578790504377364,0.4777959076140773,0.6910948885905553,0.5668163491014154,0.33649334223103733,0.5956287360402897,0.7424979978102608,0.2017907822607068,0.0759414358858679,0.18656066605725669,0.36304169521063784,0.21156731958539673,0.1980165392757921,0.2110128548811631,0.23233315305701416
1076,0.7797297297297301,0.5094594594594603,0.8081081081081084,0.9432432432432433,0.6558004118622636,0.4244697816365187,0.6660519484289038,0.829553163711568,0.845736864693485,0.7702786513586395,0.8503167938473366,0.8972309806623733,0.579484779633733,0.30174069396003905,0.5841579854988947,0.8234751755336036,0.48951477738780086,0.2616097019250265,0.490072525142572,0.6944058423883976,0.5669686413740359,0.33468288123583506,0.5957448116615649,0.7439411479204612,0.20198178861521782,0.07217883196040971,0.18784012789260407,0.366344638701789,0.21139589124816982,0.19915155550886907,0.2110128548811631,0.2304683642265795
1077,0.7810810810810811,0.4837837837837846,0.8081081081081084,0.9432432432432433,0.6521157605153443,0.4100240139755346,0.6633541111190193,0.8231291227486006,0.8450538243946784,0.7686973505940751,0.849618267569063,0.899787147986965,0.5783976738012659,0.288876260902318,0.570932448283902,0.8194427534047353,0.4881528640122648,0.24680575787511427,0.4916794495449973,0.68683868377071,0.564224187435375,0.317996978154877,0.5814354420784992,0.7404286651254575,0.2033163036213689,0.0685754769655835,0.18300455858108644,0.3719151930916923,0.21203493755364156,0.1992112932053468,0.2110128548811631,0.22892570810405868
1078,0.7824324324324325,0.4837837837837846,0.8081081081081084,0.9432432432432433,0.6486671203248862,0.40425359608538436,0.6565541273186069,0.827128214091639,0.8444027681824287,0.7618319017203884,0.8486915821446316,0.9056176849728225,0.5810738678695997,0.30198847113565236,0.5789334672957197,0.8213973240513937,0.4899296672155015,0.23710370996046537,0.49431599076793264,0.6944956925575687,0.5629167594587827,0.32119784925316075,0.5853659236234041,0.7353359818193898,0.2032522750098813,0.07136252681986179,0.18235245355138346,0.3966898381840074,0.21266367458964652,0.20042753294425253,0.2110128548811631,0.234339528646057
1079,0.7824324324324324,0.4837837837837846,0.8081081081081084,0.9432432432432433,0.6485676855891984,0.42291490559147354,0.6589009069949652,0.8247389661178315,0.8450127663720828,0.7653503953310478,0.8480592742338777,0.9005764841679288,0.5814627472324099,0.2987199519861041,0.5823548905279601,0.8283997001436321,0.4907635472358877,0.23726046377609142,0.4944037337699035,0.6975901580929063,0.5631144613149928,0.31434726824729436,0.5752003708261375,0.7417907799044705,0.20235505306512075,0.06801824736734173,0.18108376781180952,0.38692727182106057,0.21291181205416365,0.2016658935626803,0.2110128548811631,0.23486525263371374
1080,0.784054054054054,0.5108108108108116,0.8081081081081084,0.9432432432432433,0.6477462432488632,0.39590474959686317,0.6646660881318178,0.8222269602004645,0.8442072111818287,0.7643356651180042,0.8484287652448661,0.9028682370342704,0.5819209019610562,0.2986406775742237,0.5871221595850686,0.8193285380560292,0.4905767465644659,0.2286874870314635,0.5001366886454975,0.691931207776703,0.5630951210032533,0.3041830803925462,0.5729201532362258,0.7437592653261204,0.20197443670653764,0.07533667967070379,0.18452468548520723,0.38663881254097376,0.21267130355563718,0.2016658935626803,0.2110128548811631,0.23294160466572286
1081,0.7829729729729731,0.5094594594594603,0.8081081081081084,0.9432432432432433,0.6467788308936048,0.41309518895836395,0.6609671451114516,0.8177788709135011,0.8444456858601359,0.7582396341210632,0.8451493014987954,0.9052725783301215,0.5778846785799323,0.3099263364263892,0.5819717853161395,0.8166503131564156,0.48718636196248993,0.2247495183726443,0.5016328436542548,0.6917725177599687,0.5612011487795442,0.29849826418999886,0.5654015384195079,0.7413301248793834,0.2034423229027604,0.07094588478808632,0.1877727140698245,0.3851505454800854,0.21242586203306732,0.2016658935626803,0.2110128548811631,0.23106237310332917
1082,0.7821621621621623,0.5094594594594603,0.8081081081081084,0.9432432432432433,0.6483863388848454,0.42010945101981256,0.6708531462320901,0.8139242300330286,0.8434483475021921,0.7633555172884913,0.8478082590547659,0.8996204552747924,0.5823514216561854,0.30654652284801587,0.589996673863421,0.8227062368797488,0.4903037821119648,0.2216637301226819,0.50028544490891,0.6955249970312604,0.5639993135198058,0.3033243438974948,0.5677092246336418,0.7405132622727412,0.20244068488405215,0.06920439921373493,0.18428038969093027,0.37836207495918805,0.21271094324900516,0.20286397861368277,0.2110128548811631,0.24024754812768132
1083,0.7791891891891892,0.5094594594594603,0.8081081081081084,0.9432432432432433,0.6497341612984182,0.419186103260973,0.6706129769143405,0.8227017318367831,0.8435353610146002,0.763873138643777,0.8480790462277048,0.8976641217852984,0.5829436690711706,0.3042722332050884,0.5879441567609608,0.8211177841068322,0.49069103961449523,0.22564908572715656,0.504652067121097,0.6929217779397779,0.5649531852162416,0.3185376849024243,0.5757405531926056,0.7395181188993296,0.20320236261688138,0.07218649328901423,0.1865374362358384,0.38537401887740075,0.2128644061057517,0.20414741637286113,0.2110128548811631,0.2382998144513048
1084,0.7789189189189194,0.5108108108108116,0.8081081081081084,0.9432432432432433,0.6483088255781163,0.4255784682614937,0.6645162490584033,0.8213915625462586,0.8400705583809328,0.7499574317380251,0.8497253566647635,0.8967823689670004,0.5825803056392193,0.28361625671496765,0.593045587798693,0.818753574641674,0.4880151478013298,0.23101914758417985,0.4971901471875143,0.6843755652329983,0.5629456206133631,0.30267786962187426,0.5744448203914878,0.7332680985646981,0.204258678617961,0.06973548059856287,0.19033547140107399,0.37846442211735365,0.21294830283777139,0.20292703572163026,0.2110128548811631,0.23819730215254814
1085,0.7794594594594598,0.5108108108108116,0.8081081081081084,0.9175675675675675,0.647567819135309,0.4205663103398799,0.6656202268355409,0.8186063081956465,0.8400725800804938,0.7454432688078629,0.8512826416594812,0.8981891087551889,0.5813125483175434,0.27675644636738306,0.5826232802182456,0.818180887374709,0.4870699697143162,0.22740040414960222,0.4938288401848954,0.6764875341162282,0.5619092645670581,0.3057469933708141,0.5734265654920236,0.732887309960688,0.20405338328419956,0.07137474190661454,0.184177726544069,0.37795751547120954,0.21262963348773997,0.20414741637286113,0.2110128548811631,0.2361959771952582
1086,0.7818918918918921,0.5378378378378385,0.8081081081081084,0.9432432432432433,0.6482536330167109,0.3888283471721975,0.6664023799788714,0.8198562611889196,0.8415757794090888,0.7526827304378407,0.8505746980249703,0.9005112668075668,0.5823172742916287,0.2702906623785854,0.5864831767891038,0.8130846868056534,0.488901754390736,0.22482464601326663,0.49568127547841656,0.681895019324451,0.5631680244538696,0.297804246219227,0.5848222312735349,0.7234749272124034,0.2033164399579654,0.07577291871875588,0.18767131251633673,0.3707151466997545,0.21234106966439723,0.20414741637286113,0.2110128548811631,0.234241820827678
1087,0.7797297297297299,0.5635135135135142,0.8081081081081084,0.9432432432432433,0.6498083214800207,0.40033700560694735,0.6704840063019992,0.8179034036530541,0.8409851867610101,0.7589522402990861,0.849850897655269,0.9007566026737098,0.5817399951685681,0.28969397291057136,0.5879000661048664,0.8128786868302785,0.4882676545296779,0.23593828663160715,0.4939532978995322,0.6951518043014399,0.5637054818967538,0.3078107768188776,0.5823161997130211,0.7231968986345476,0.20475153458311238,0.0802421130742294,0.18140172738095817,0.3695434946215076,0.21247398956721764,0.20421164693345223,0.2110128548811631,0.23242858644554734
1088,0.7800000000000005,0.5378378378378385,0.8351351351351354,0.9432432432432433,0.6511545093018698,0.41356299408937136,0.6742601542399032,0.8224048547357095,0.8404469954816756,0.7542073655033217,0.8488748494923222,0.9031515374709639,0.5815842590914186,0.29323126211766465,0.5896395908478614,0.805973356938124,0.48813495996221085,0.24919367304395829,0.5010965013425055,0.6866651206903303,0.5643886571439364,0.30954981555109107,0.5920562906556536,0.7224996078393394,0.20482581820419934,0.07828539287064007,0.18350532953326545,0.3615773620042311,0.21221430004449593,0.20421164693345223,0.2110128548811631,0.23056160366810122
1089,0.7789189189189192,0.5364864864864871,0.8351351351351354,0.9432432432432433,0.6513948330517979,0.41862253869688637,0.6745632930116598,0.8152299499297748,0.8413468622622188,0.7487068474271479,0.8497981868028107,0.8991317190240322,0.5842596027728404,0.30081554398973026,0.5923464349232275,0.8150786742581123,0.4909655658176328,0.24614109723410244,0.5003711021221552,0.6932049475664938,0.565795720642377,0.3171251897989544,0.5907535148184994,0.7255241775225983,0.20476465730939306,0.07944042079678601,0.18360971111334018,0.36266508908388645,0.21193714678109704,0.20414741637286113,0.2110128548811631,0.22873703527400377
1090,0.7816216216216221,0.5364864864864871,0.8351351351351354,0.9432432432432433,0.6504271690031332,0.4165216006162928,0.6770438922693955,0.8237389746945266,0.8408603219057601,0.7444436830490868,0.8501585360710768,0.9088142914344542,0.583073250303627,0.3122337410545763,0.5965020332617199,0.8228973654338922,0.48945876861168053,0.24660150099059047,0.49811526498631165,0.7060546922594622,0.5647964111087017,0.3152480960788174,0.592211161572511,0.7309469766639489,0.20475506321303683,0.08352636312059884,0.18126536758702155,0.36892642387533914,0.21168156947724148,0.20408435926491364,0.2110128548811631,0.22695340190661928
1091,0.7794594594594599,0.5351351351351358,0.8351351351351354,0.9432432432432433,0.6489281620715371,0.410739506834671,0.6845078021899507,0.8167849712962474,0.8413480146869499,0.73704519852453,0.8493465771303655,0.9069698094832783,0.5821553757334751,0.31108484939657066,0.6048522427524291,0.8188842839056408,0.4890372704600883,0.26085530918591177,0.5069434540086615,0.704139307850699,0.5639338765496029,0.3217764478662549,0.5931441152913348,0.7344558420701135,0.20569430699865449,0.08817175833351648,0.1788227228239653,0.3775381318718357,0.21183221698369953,0.20286397861368277,0.2110128548811631,0.22713776392459237
1092,0.7805405405405409,0.5094594594594603,0.8351351351351354,0.9432432432432433,0.6477292905441222,0.40527966169319685,0.6817347749237965,0.80954655027422,0.8413754158158566,0.7476994888371872,0.8493357122780458,0.9035404543594885,0.5848100778291071,0.3171220969691982,0.6056798884300199,0.8295282151950197,0.4912537241191778,0.2709723472915561,0.508942529540703,0.7116902494474454,0.5645798802978768,0.31983653509441506,0.6002599360099594,0.7411357918022103,0.20554591276349005,0.08579203962216392,0.1767122792772951,0.37738203601489484,0.21156456532801293,0.20286397861368277,0.2110128548811631,0.22538948945232834
1093,0.7791891891891898,0.4837837837837846,0.8081081081081084,0.9432432432432433,0.6454105610638489,0.39746331931387263,0.6772719735953692,0.8179891212458181,0.8410424991331641,0.7568657155759811,0.8510011786440377,0.9033127769048215,0.5820811994335902,0.31340236949958417,0.5974544788109911,0.8197023230495389,0.4888601291738363,0.2698295845055346,0.5073542559141335,0.7083699233664497,0.5620394012783302,0.30492363781548104,0.5996537641154857,0.7434528182926631,0.20593738180207188,0.08430194768895571,0.18047844825296896,0.37484796376947144,0.2113038441890141,0.20292703572163026,0.2110128548811631,0.22367952263871752
1094,0.7805405405405412,0.4837837837837846,0.8081081081081084,0.9445945945945945,0.6474363260719421,0.40135193141546943,0.6784935034945562,0.8159072742256317,0.842143112365013,0.7667651036477929,0.8470114264969597,0.9038297047836298,0.5828685614813601,0.3096484340761675,0.6050325539206325,0.8228527736436665,0.49013483784271467,0.26839326420408965,0.5109051379830898,0.7027814269131971,0.5641380350670979,0.3077296567999271,0.6074242018208769,0.732050044190775,0.20569042113130342,0.09168427800184341,0.18470256386686146,0.3720015905023949,0.2110231335371319,0.20286397861368277,0.2110128548811631,0.22200655971421962
1095,0.7810810810810815,0.5094594594594603,0.8081081081081084,0.9702702702702702,0.6476851753004478,0.40127059370687496,0.6769039744652499,0.8145467572067575,0.8435160654846686,0.7636058124991472,0.8476334258316248,0.8998308873876668,0.5845877398504884,0.3048821472327143,0.618782471297661,0.8145561377924092,0.4925248932439322,0.26170391946878147,0.5067650472715759,0.7016196874842959,0.5653449395161103,0.3072407877816688,0.6079957082018965,0.7323421051094988,0.20315168480804427,0.08340366968734596,0.17955096350419308,0.3721599110530883,0.2113168706023836,0.2016658935626803,0.2110128548811631,0.22520928736056472
1096,0.7816216216216223,0.5094594594594603,0.8081081081081084,0.9702702702702702,0.6467924690202047,0.3966427205405517,0.6862521358754472,0.8128727766948152,0.8438225230197139,0.7576962218694516,0.847141581319123,0.8988351345472828,0.5882349580433192,0.30296835270928,0.6245656524571337,0.8201857129802447,0.49591390463971735,0.2568229946058418,0.5183475145508906,0.7028264665203316,0.5667753054328716,0.3194728309166086,0.6114920656027047,0.7277720947233449,0.20284901508802367,0.0785729278339337,0.17702269409933621,0.37999477517474595,0.21102144642772683,0.20042753294425253,0.2110128548811631,0.22350333601652408
1097,0.7810810810810819,0.5094594594594603,0.8081081081081084,0.9702702702702702,0.6491248332906914,0.4045751308568824,0.6835558501484573,0.8144936400583882,0.8434823898802775,0.7663681379764737,0.8436094881568219,0.9006753028026907,0.5871136134284314,0.28692696176809923,0.6257109391620961,0.8144143833258645,0.49482461651847515,0.24413580870745938,0.5191960189880287,0.7011396118558675,0.5668465526798167,0.31810558579661996,0.6117983611772253,0.732043884172318,0.20170685237709252,0.08477771570998271,0.17177765476820311,0.38730186716793263,0.21125657983897433,0.1992112932053468,0.2110128548811631,0.22350333601652408
1098,0.7816216216216223,0.4837837837837846,0.8351351351351354,0.9702702702702702,0.6479899247802439,0.39947997944280245,0.6864920038361242,0.8159585789364283,0.8439993932721044,0.7642070727519102,0.8491173069634519,0.8998024585050577,0.58694918021911,0.28165192631180763,0.6362795668665143,0.811458167876114,0.49486305751634413,0.2303685523399759,0.523243221955902,0.6969037132072854,0.5666044116775985,0.3139681916495253,0.6115990624835627,0.7318439598297872,0.20282119360635673,0.08814839745248203,0.17423249808130448,0.39626020092464553,0.21140396863105493,0.1980165392757921,0.2110128548811631,0.22367952263871752
1099,0.7832432432432438,0.4837837837837846,0.8351351351351354,0.9702702702702702,0.645773654420004,0.3960320658294691,0.6822327960275313,0.8106376013307806,0.8429301030116209,0.7584599887248392,0.8483848539848928,0.900554333275421,0.5866406906250334,0.29113069996007046,0.6372529603363988,0.8141590476494021,0.49377899950924914,0.23456115936965335,0.5202605076050617,0.7018707818147332,0.5651770233795415,0.31866895537178863,0.6132933482484813,0.7257349606413371,0.2038153349367759,0.08639934031604099,0.17358429796968264,0.3872817693591619,0.21115896572180543,0.1979578453360414,0.2110128548811631,0.22200655971421962
1100,0.7824324324324327,0.4837837837837846,0.8351351351351354,0.9702702702702702,0.6456891258106288,0.3879470386765151,0.6820794129459602,0.8129836254602156,0.8426407654273256,0.7665772024803497,0.8477850922439474,0.9057270251674456,0.5891828532526511,0.28957409150218477,0.6401672386538999,0.8224679811957736,0.49615365235655773,0.22782366790906713,0.5214640358735363,0.7025807608607937,0.566385542202587,0.31339268771674,0.6179077118020717,0.7330829089787981,0.2047680671142895,0.0889342273955109,0.17451569908833722,0.37826970962534473,0.21133346624576618,0.19909286156911837,0.2110128548811631,0.22548272889385007
1101,0.7813513513513517,0.4837837837837846,0.8351351351351354,0.9702702702702702,0.6453144625956717,0.38386648557862846,0.6795936289558234,0.8166032877474337,0.8431714684138192,0.7650668479143607,0.849918900540846,0.9096214795266514,0.5875146112932625,0.2837264897514616,0.6437935658085753,0.8297242103133174,0.4952207187011933,0.22177211756362508,0.5229780407185216,0.699346085102715,0.5653911360840127,0.30160975641663873,0.6173792117715344,0.7457111627332736,0.20510982101193176,0.09077785644621529,0.17752122057649894,0.4029886095597798,0.21208819787879496,0.19915155550886907,0.2110128548811631,0.2384048641329994
1102,0.7818918918918919,0.4837837837837846,0.8216216216216219,0.9702702702702702,0.6448581100674707,0.395800566515066,0.6869324914337467,0.8166009946471204,0.8433185431487931,0.7563086829545836,0.8482071601441163,0.9019639265013677,0.5860557680993607,0.28210427549538963,0.638421603729497,0.8216673661728968,0.4939847610510785,0.22690588299820344,0.5265337109531973,0.6954294506880528,0.5645131450357571,0.3014573028187331,0.6189895759335129,0.7502710560926782,0.20519592486034738,0.09779502839301192,0.17442086380868524,0.3971666552624457,0.21186986541329658,0.19915155550886907,0.2110128548811631,0.23639855574187935
1103,0.7791891891891893,0.4824324324324333,0.8216216216216219,0.9702702702702702,0.643902297589432,0.40726901985814973,0.6794293963797406,0.8221230005461834,0.8438186365907531,0.7650623968180206,0.8519899046933559,0.8989307449458273,0.5856069449583557,0.27694085819532,0.6449658907102029,0.8177114868755382,0.49400482339860163,0.22603232083481303,0.5272042747769112,0.6984138368243107,0.5640870806706851,0.2994762303278739,0.619178002045961,0.7559734174902573,0.20748187774501164,0.09182054285094882,0.17669216345115937,0.3958224721047403,0.2120101860059683,0.1992112932053468,0.2110128548811631,0.2382998144513048
1104,0.7786486486486491,0.4824324324324333,0.8081081081081084,0.9702702702702702,0.6445324080221639,0.4003203227274064,0.6736176222701153,0.8186419204586252,0.8437740112532159,0.7616944206047451,0.849277270817336,0.9027457924044222,0.5876568076588609,0.2817963341231402,0.6498442415210679,0.8241766108275601,0.49541254201761376,0.23405050373577543,0.5287954104853652,0.7012875689201971,0.5651606812781573,0.2997445126663192,0.6220028938414162,0.7455275607119772,0.2077128341991193,0.08434019441943932,0.1792404096127229,0.3976318372397264,0.21182185070214934,0.20042753294425253,0.2110128548811631,0.2362960434431227
1105,0.7791891891891898,0.4824324324324333,0.8216216216216219,0.9702702702702702,0.6455915972646283,0.3938997955982292,0.6834887028529879,0.8138214710011421,0.8421541433071676,0.7552435185534082,0.8470410426977166,0.9004688656926138,0.5900189171252247,0.2821644895304551,0.6393228748420168,0.8338565513654306,0.4964043565445872,0.2356355571394224,0.522118280496739,0.7056751865950561,0.5658846424220146,0.30219208951579174,0.6228896641326787,0.7464513270335659,0.2066082315079859,0.08390485720950433,0.18042687588786271,0.4020548427293024,0.21161185994418122,0.2016658935626803,0.2110128548811631,0.234339528646057
1106,0.7789189189189194,0.4837837837837846,0.8351351351351354,0.9702702702702702,0.6479733163674625,0.3880357947680271,0.6864084732288278,0.8107838311748586,0.8418024160341424,0.7481027037625675,0.8499254866729141,0.9036887609079838,0.5936631354226923,0.274645000435335,0.653661983852132,0.8357806484950349,0.49943015047429606,0.24033841812408419,0.5324363968257357,0.7057651863004111,0.5686205126647278,0.29894940849201695,0.6257051407464149,0.7500209563022778,0.20677280848236276,0.07785630671064696,0.17863639829721953,0.3969990932842346,0.21187768763612247,0.2016658935626803,0.2110128548811631,0.2344395948939215
1107,0.7791891891891898,0.5094594594594603,0.8351351351351354,0.9702702702702702,0.6488176686990648,0.3830248332083649,0.6940308872277999,0.8117697751557225,0.8428496346460164,0.7579230287405234,0.8514018338205139,0.9012141136994721,0.5933616423348128,0.271644793674842,0.6551410439953378,0.8268562961220699,0.4999260841787755,0.2406050764667101,0.5338251977896897,0.7051702825482505,0.5694046701934901,0.29550614092121635,0.621234999393118,0.7488695453044796,0.20542558671291322,0.07195143690866361,0.17857392502923605,0.3950374570880889,0.21168254604611003,0.2016039755317589,0.2110128548811631,0.23252629426392635
1108,0.7794594594594604,0.5094594594594603,0.8216216216216219,0.9702702702702702,0.6519777635512324,0.39441957992093846,0.6919620359910008,0.8184102641773188,0.8427250020328085,0.7532479095816395,0.8503369447864035,0.9021208546270117,0.5952936224506348,0.2652247330880047,0.6580348205487901,0.8174701027714556,0.5016557944378027,0.2285283859324887,0.5349137358259034,0.7034604104550646,0.5716854027290114,0.29635731649733527,0.6151292711735086,0.7477165378293209,0.20472012705526893,0.0800462025435629,0.18223364798316488,0.4006031721522847,0.2114411897714878,0.20042753294425253,0.2110128548811631,0.2306570370566344
1109,0.7818918918918923,0.5081081081081089,0.8351351351351354,0.9702702702702702,0.6516919486865571,0.38890207997231185,0.7016389358115807,0.8217525439257211,0.8424251860713471,0.7461197589808661,0.8533465402402705,0.9030301354576157,0.596438551943007,0.2602997190211333,0.6541853056401438,0.8108696402888905,0.5023491449190471,0.22379139355500507,0.5360940180311268,0.7013103988839535,0.5717251821852462,0.29092045054682225,0.6198546144069547,0.7378806048151894,0.20393189048183083,0.07646811268711337,0.18006606734985398,0.4065358226867966,0.21124644136961523,0.20042753294425253,0.2110128548811631,0.2288302747155255
1110,0.7802702702702708,0.5081081081081089,0.8351351351351354,0.9702702702702702,0.6516233972345311,0.3829233652821624,0.6963927278282183,0.825348033283542,0.8431155784213691,0.7528649839963921,0.8520375627287194,0.905263330117996,0.59977770478295,0.2579766550326998,0.6531401062195688,0.8161175000871506,0.5055701441321143,0.22344951533456625,0.537765462439312,0.7068371018421302,0.573400747101019,0.28842999814127634,0.6233758046560602,0.7417326991639248,0.20425700820790296,0.08060051774875208,0.17672118471083126,0.4001306008987697,0.210992897057174,0.20154316354481364,0.2110128548811631,0.22704452448307064
1111,0.7810810810810819,0.4824324324324333,0.8351351351351354,0.9702702702702702,0.6521900597101771,0.3809146684984762,0.6993790985554147,0.8234869414578451,0.8429698506970028,0.7439891866881577,0.85009129040707,0.9078259780659677,0.6004317516459755,0.25391115218344873,0.6451854551579976,0.818446596215743,0.5060887391898327,0.22224247333760888,0.5392662333624348,0.7090014024613778,0.5738963158463002,0.2906776384500398,0.6239632184890724,0.7399571551646958,0.20545889137897386,0.0842824666818537,0.17468321949088247,0.4063271429857038,0.21156542185602664,0.2014834258483359,0.2110128548811631,0.2304683642265795
1112,0.7802702702702707,0.4824324324324333,0.8351351351351354,0.9702702702702702,0.6535186451195346,0.3759953658654719,0.696091189864354,0.8242294021914923,0.842532742605021,0.7481647210067394,0.8503737798703703,0.9046586662298429,0.5987578761379593,0.25035817006244543,0.6440299236035741,0.8097405468872416,0.504856134907767,0.2216208840777999,0.5301687906888242,0.6996198157899088,0.5739825846948886,0.2835296505194875,0.6233237543223025,0.7384334445140478,0.20441527941797719,0.08324857678920801,0.1721113689896896,0.40736570664572874,0.21185930530198926,0.2002482893210788,0.2110128548811631,0.2288302747155255
1113,0.7802702702702707,0.4824324324324333,0.8351351351351354,0.9702702702702702,0.6529678656631076,0.39080191590575625,0.6964445222068023,0.8325355146328624,0.8419972266151882,0.742957197476866,0.848519759383184,0.9099475320232542,0.5990305484397908,0.26250150317628884,0.6471334576597381,0.8058576308710725,0.5047711396636176,0.21787386442832116,0.5187276777400951,0.7028541968254813,0.5737344062349962,0.2926152898024748,0.6141716669272983,0.7334303721636581,0.2038607646344293,0.08098094719689267,0.17260702952096443,0.3977695194286486,0.21258080206619895,0.20036672095730723,0.2110128548811631,0.23672170118291494
1114,0.7797297297297301,0.48108108108108194,0.8351351351351354,0.9702702702702702,0.6550595657572411,0.39866584278834505,0.6893052683481564,0.827690258200013,0.8419816627388427,0.7441111015589683,0.8496107101747599,0.9115535996582934,0.5977286039676158,0.2575341872826396,0.6404651835983854,0.8081472640472069,0.5037281393176625,0.21556632874506895,0.5180535026214417,0.6967268926608459,0.5744245813232215,0.2858384534330473,0.6135583335493293,0.7316822769273501,0.20364974204959552,0.07422169276767061,0.17463436693600953,0.3917069397855241,0.2123411787845852,0.1992112932053468,0.2110128548811631,0.23475483904785352
1115,0.7789189189189188,0.4554054054054064,0.8216216216216219,0.9702702702702702,0.6552407092204621,0.3907489373649275,0.6890915714001256,0.8208318807522099,0.8426313706529711,0.7389325068941398,0.8508081735481531,0.9112661850554666,0.6011185409039876,0.2527797675539148,0.6367665412347574,0.8202628832246281,0.5066347063365256,0.21109117239627623,0.5195131058498565,0.7038195457492504,0.5760900095200994,0.28737489692210105,0.6118558456684567,0.736803802626275,0.20457535964001688,0.07664022217612917,0.1805156695591681,0.38806540152262464,0.21213500280407882,0.20036672095730723,0.2110128548811631,0.2328339224922421
1116,0.7764864864864869,0.45675675675675775,0.8081081081081084,0.9445945945945945,0.655263918596784,0.39716380297437537,0.6859780675216072,0.8163387613802143,0.8426379756858173,0.7495860101235646,0.8518303307709316,0.9053404715447684,0.598793076597305,0.24822922766515435,0.6286064568263178,0.8238266757898732,0.5043602430458265,0.20678123609861104,0.5203327909043001,0.7047743967491259,0.5751127729316279,0.2869624957712716,0.6059428802754578,0.7380987531580522,0.2058577547060261,0.08203529601054203,0.18456794621698897,0.3928830684787135,0.21196627323626913,0.2016039755317589,0.2110128548811631,0.23095732342163455
1117,0.7759459459459466,0.4824324324324333,0.8216216216216219,0.9445945945945945,0.6547832360772108,0.3931216646353108,0.6803455770961981,0.8127905309172652,0.8417842471453578,0.7485314276986818,0.8514059439173012,0.9155496268349333,0.5984304474066677,0.26177530133323174,0.6220786211294561,0.8141820551071249,0.503542117493025,0.21904094047908573,0.5127051606181972,0.6952446489596993,0.5746655039513501,0.29374908451830956,0.6064948897769488,0.7369069025682851,0.20621505537678803,0.08949161102977554,0.18693845322840402,0.3976280422440908,0.21174792351048574,0.2016039755317589,0.2110128548811631,0.22912348217030218
1118,0.7756756756756761,0.4837837837837846,0.8216216216216219,0.9702702702702702,0.6575511327212692,0.3947380877259169,0.6913154429073229,0.8119918196884652,0.839992120842345,0.7447227342688135,0.8459659199203508,0.9074832778452055,0.6017175004067308,0.26508525653932175,0.6340411423145068,0.8205337017113401,0.5052078142253195,0.23925255059274045,0.5201240177492841,0.6915388633091367,0.5767684639511717,0.30440372640052554,0.6048590184728586,0.7352408123210088,0.20557873366890214,0.08492423366530724,0.18479739841443504,0.39271791865789396,0.21251790617042376,0.20286397861368277,0.2110128548811631,0.2362960434431227
1119,0.7759459459459467,0.4824324324324333,0.8216216216216219,0.9702702702702702,0.6555185812226151,0.3965475512621683,0.6872365759258597,0.8184803007979746,0.840421426672661,0.7491578394051777,0.8462895639083408,0.9103392430056673,0.6014152729879593,0.27177665478221247,0.6384987062326591,0.8098979450858412,0.5051922959665752,0.23766245900663746,0.5223836430540065,0.6917158820529964,0.5755835993142746,0.3104836440029475,0.6088784640489685,0.7348189200209435,0.20567885136913758,0.08901430702145001,0.1830757283777282,0.3908724418053968,0.21232756330955457,0.20292703572163026,0.2110128548811631,0.234339528646057
1120,0.7764864864864869,0.48108108108108194,0.8351351351351354,0.9702702702702702,0.6536601913620705,0.3925269214667996,0.683767443715066,0.8093061630087947,0.8418094959048896,0.7577746237279179,0.8483189258867004,0.9130190843225735,0.6015128251520684,0.2849182886521025,0.6325886812983695,0.8057922971838302,0.5057039833159395,0.23514321871483282,0.523688653314938,0.68771141534258,0.5756771887566852,0.32000734009571075,0.6131092907903488,0.7341895314400265,0.20558554828348202,0.08988373335345905,0.18007499362739965,0.39488429421883947,0.21251857087100984,0.20292703572163026,0.2110128548811631,0.234339528646057
1121,0.7740540540540546,0.48108108108108194,0.8216216216216219,0.9702702702702702,0.6509559808196173,0.38525724658401933,0.6854522646729524,0.8073461514314437,0.8426086779252441,0.7601104766052503,0.8488011202891683,0.9103577787160909,0.6042552257252679,0.28127033144802366,0.645396216401249,0.8089222767158036,0.5086056419503334,0.23069193443950411,0.5354253110449168,0.6803297087055266,0.575957423451792,0.31973466852336446,0.6068726388055263,0.7348717949818862,0.20682566079167425,0.08483428813527505,0.18143042296650563,0.4006707901447564,0.21266759009966058,0.20414741637286113,0.2110128548811631,0.234241820827678
1122,0.7764864864864873,0.45675675675675775,0.8081081081081084,0.9702702702702702,0.6497313050210863,0.3783203185704946,0.6885715700079995,0.8117888356843935,0.8430439282361974,0.759198358584703,0.8519794017064339,0.912577112806428,0.6026274584785775,0.2777568124967237,0.638429278683843,0.8072111516694617,0.5076421429738287,0.2262951431729553,0.5309465514502928,0.681409986639442,0.5750482931435996,0.31632339557199196,0.603260630793775,0.7373823102251145,0.20685281152398843,0.08467933988275061,0.18184572163053897,0.4080644113133888,0.21296602713880916,0.20421164693345223,0.2110128548811631,0.2328339224922421
1123,0.7762162162162166,0.4824324324324333,0.8351351351351354,0.9702702702702702,0.6511675210350535,0.37987767311042614,0.6811749327041217,0.815789944931124,0.8440910532803966,0.7685504710600608,0.8478293493422455,0.9122768512461654,0.6001877189117084,0.2914628124777765,0.631096912515039,0.8046718514204938,0.5062826778164823,0.2360230113848693,0.5257654122651677,0.6737120952864966,0.5752581941192288,0.3133692492626694,0.6038032708101742,0.7418509636355285,0.20750422712458005,0.08540284380998073,0.1887715209879224,0.409526723201088,0.21271783963389623,0.20421164693345223,0.2110128548811631,0.23095732342163455
1124,0.7756756756756761,0.45675675675675775,0.8351351351351354,0.9702702702702702,0.6500330801076967,0.38353869840361016,0.6835382962648822,0.8237280028298688,0.8437027121678798,0.7641761149817702,0.8509813207643999,0.9054358811233769,0.5977079912284272,0.2888712657524074,0.6242912028694834,0.81013883206897,0.5040106963737789,0.23775024673209758,0.5235625170799801,0.6788979846335405,0.5733463162416833,0.31820548982071084,0.6048828293251554,0.7419090160413153,0.20680235039418296,0.086261356647599,0.18141572354645602,0.41260690707233555,0.2128421532603064,0.20421164693345223,0.2110128548811631,0.23819730215254814
1125,0.7759459459459466,0.4824324324324333,0.8351351351351354,0.9702702702702702,0.648612842688284,0.3780491834210205,0.6822178675184577,0.8231309970094018,0.8435740558253205,0.7715234214499767,0.8501270453524995,0.9077468352283552,0.5973091067061945,0.28566209345775134,0.6147364746907364,0.8044297731171777,0.5036207496057955,0.23383662370962263,0.5214043682148044,0.6833248313227615,0.5721042258945535,0.3274295526195934,0.6032833629497463,0.7474324162723761,0.20630121595115472,0.08297146869594225,0.18612645999753735,0.40577084388718754,0.2130423507527276,0.20545500309282913,0.2110128548811631,0.23639855574187935
1126,0.7772972972972976,0.4824324324324333,0.8351351351351354,0.9702702702702702,0.6474093252826718,0.3899955249130536,0.6782694574901391,0.8335707354286891,0.8444124217484847,0.7728996455136566,0.847912744451744,0.9034712373305153,0.5981426232065613,0.2996238498190583,0.6120430793341831,0.8132902367089029,0.5050333407447917,0.24366835326572747,0.5154628624420561,0.682325448233553,0.5724016735931291,0.32507503729590853,0.5969122401014004,0.7571516485579718,0.2067696716350025,0.07792587998282935,0.18511595295425026,0.4106402288344015,0.2127677457531682,0.20545500309282913,0.2110128548811631,0.2344395948939215
1127,0.7764864864864865,0.4824324324324333,0.8351351351351354,0.9702702702702702,0.6481031137806242,0.39269603181322515,0.6796470805014305,0.8412730300599672,0.8441404891870422,0.770848942315101,0.8479490187885894,0.9086364826690726,0.5938496366476871,0.28253353460642205,0.6101225115866016,0.8204867819686802,0.5015472600594834,0.2232972515185014,0.5054121871272753,0.692604951548746,0.570869032813757,0.30172799105368603,0.5981123108295331,0.7498009381538168,0.2064940059032766,0.08054426872067494,0.18284082320625222,0.4039393210970762,0.21245973196201706,0.20421164693345223,0.2110128548811631,0.23252629426392635
1128,0.7770270270270274,0.4837837837837846,0.8216216216216219,0.9702702702702702,0.6497617429248206,0.3784241551925656,0.686250241183612,0.8348601089754667,0.8441720707156078,0.7754933778804229,0.8522730820337798,0.901764946567451,0.5916517345318094,0.2765440242619519,0.6196802177522014,0.8144148330557862,0.4996690815690809,0.2181435209073618,0.5125942173515374,0.6793891773406571,0.5705143513709268,0.2994971804112273,0.5955877792943315,0.7373703992382737,0.2067699186447023,0.08480138158579005,0.18292747775272516,0.39706566776116103,0.21218634106015208,0.20414741637286113,0.2110128548811631,0.2306570370566344
1129,0.7786486486486492,0.5094594594594603,0.8081081081081084,0.9445945945945945,0.6516684733829095,0.37484373043895897,0.6814520372793507,0.8375560442189287,0.8452137772566304,0.7608937783621326,0.8512801283677469,0.904425489207987,0.5949879298781449,0.2701643049874854,0.6258603023417836,0.8105325352229182,0.5030561273803101,0.21581168375927662,0.5212647824691519,0.6681839045827906,0.5733610917705974,0.2995218794305137,0.6016708342593966,0.7411117929818566,0.20548687434336807,0.08271674619097161,0.18231345395542514,0.3957497363730716,0.21229628128512845,0.20286397861368277,0.2110128548811631,0.23242858644554734
1130,0.7797297297297302,0.5094594594594603,0.8081081081081084,0.9445945945945945,0.6531287393492207,0.3785405667576675,0.68487377167302,0.8299233978094074,0.8463973618083549,0.7745602903352056,0.8559345912742438,0.8980617206518164,0.5975604244995751,0.28938227817378087,0.6265401250722944,0.8193067521410449,0.5060189842591096,0.23017404657182747,0.5245558793991574,0.675784381024494,0.5754657957407932,0.3142738524430945,0.601341553315527,0.7468062506465754,0.2045798939747794,0.08669991703315391,0.18389965656660145,0.39006477644582466,0.2120371254606762,0.2016658935626803,0.2110128548811631,0.23056160366810122
1131,0.778378378378379,0.5094594594594603,0.8081081081081084,0.9432432432432433,0.6519934127795841,0.3886184890095183,0.6920513667290809,0.823341443559361,0.8478519199241614,0.7706407972043252,0.8548968432468722,0.907559127982114,0.5953840420574413,0.28338982729128676,0.6260210364312269,0.8144084135037619,0.5051677864350917,0.24450448870900418,0.5173564861715926,0.6961108214635836,0.5746180087291073,0.3297630881239188,0.6001947114861514,0.7439356912181287,0.20536757693205626,0.08818945643201274,0.17938442981939223,0.38445638622286993,0.21175856713724298,0.20042753294425253,0.2110128548811631,0.22873703527400377
1132,0.778378378378379,0.5094594594594603,0.8081081081081084,0.9432432432432433,0.6515535756503975,0.37828179041897925,0.6839062230440995,0.8169615649163021,0.8469722332911418,0.7678195872381769,0.852957255840751,0.9071486689624313,0.5989624406492259,0.3013542214939713,0.6228506862562033,0.8089228971415506,0.5076492873744572,0.2572904909109131,0.5161549506105911,0.6883430058059484,0.5751122657674705,0.3406908448975977,0.598655334213108,0.7385000076180432,0.20571773876430477,0.08206457608239429,0.1814351565071649,0.37842644688334326,0.21150903220618972,0.1992112932053468,0.2110128548811631,0.22695340190661928
1133,0.7797297297297302,0.5351351351351358,0.8081081081081084,0.9432432432432433,0.6538079901190349,0.38303349696289013,0.6850119742322849,0.8189936703283919,0.8474666055093028,0.7734520356320723,0.8501964142417919,0.903266230358962,0.6030945568754155,0.3004614496765147,0.6231847094121847,0.8164059521806921,0.5113674502915891,0.2613965272510236,0.5307880087744345,0.6934967957260626,0.578337775777295,0.3425316696821172,0.6036016493206762,0.7448846186699092,0.20318890935909276,0.08858736490187488,0.18202214082720639,0.3725471165646831,0.2118289400067868,0.20042753294425253,0.2110128548811631,0.22695340190661928
1134,0.7786486486486491,0.5364864864864871,0.8081081081081084,0.9432432432432433,0.6515624632763293,0.4043814040871025,0.6791895852637646,0.8167260912923506,0.8463460404209867,0.7745476930423314,0.8530110292244766,0.8997498955715985,0.6074698267310329,0.3147948490704204,0.6233058738381829,0.8122012915064287,0.5143653060868209,0.27657739120598035,0.5259545470990258,0.6944518443817873,0.578691790526775,0.3440874191405134,0.6048802290643057,0.7430826688462281,0.2034087963900069,0.08632652015604066,0.18031606475464612,0.3668122517380479,0.2115455696694019,0.20154316354481364,0.2110128548811631,0.22520928736056472
1135,0.7791891891891897,0.5364864864864871,0.8081081081081084,0.9432432432432433,0.6534796135787012,0.4008846685988837,0.6805966554898134,0.8120790959106762,0.8468348766182443,0.7729355034241927,0.8528165045303417,0.8937133379628964,0.6080435279056179,0.3112178425103842,0.6235196736337572,0.8068103076486766,0.5151836592831979,0.27048034059242937,0.5300069505243898,0.6967827548613278,0.5800772352117418,0.34505807440225494,0.6113274691448713,0.7462908707392678,0.200566284978706,0.09126298465664867,0.1806388218747429,0.36121602372820855,0.2118460088728653,0.2016658935626803,0.2110128548811631,0.22529836687587698
1136,0.7791891891891893,0.5108108108108116,0.8351351351351354,0.9432432432432433,0.6543527100532742,0.4204753801326668,0.6850647397018133,0.8121317945718459,0.8474121524185309,0.7823304040899579,0.8510341962155616,0.8921604784731225,0.6062800438136875,0.31065060875099737,0.6300678475962607,0.8076462959686904,0.5139239106724662,0.26829417339920514,0.5245437966060914,0.686519661151821,0.5800775156504177,0.34928184605887636,0.606417072010053,0.7418442249136402,0.20217035720717808,0.08397855445502064,0.18043733154647568,0.36064745177261265,0.2121625190448062,0.20414741637286113,0.2110128548811631,0.22695340190661928
1137,0.7813513513513516,0.5108108108108116,0.8081081081081084,0.9432432432432433,0.656037137706458,0.43846379061500224,0.6932804292259266,0.819531342315802,0.8468784826975635,0.7912580679149944,0.8524278529580658,0.8915176006497715,0.6097549738282411,0.3119431949347949,0.6398767196164256,0.808196981387164,0.5163918320501468,0.26377647921020614,0.5342651354939683,0.6829738342334213,0.581933296411618,0.34689775047726557,0.6085732495497458,0.7378928700461423,0.20140642392243857,0.08952600126649239,0.1796652972758008,0.36468578323428635,0.21194111690958675,0.20539077253223803,0.2110128548811631,0.22520928736056472
1138,0.7827027027027029,0.5364864864864871,0.8081081081081084,0.9432432432432433,0.6593171551365736,0.4293815799799139,0.697228441348724,0.8183278675790979,0.8468101421914764,0.7894024482673445,0.8518351672541169,0.8919594944118486,0.6132818273267324,0.3312327973631048,0.6375439234148612,0.8054807804031193,0.5196074296656495,0.27129133146967555,0.5450767757726104,0.6887486137431392,0.5850648226205266,0.35644271399359,0.6109274751425864,0.7406061891523342,0.20103649872004017,0.08989610502685118,0.17515472779977836,0.3661684519786261,0.21170848885961827,0.20421164693345223,0.2110128548811631,0.22350333601652408
1139,0.7829729729729733,0.5108108108108116,0.8081081081081084,0.9432432432432433,0.6606195940734572,0.4199776667410458,0.7021473271828301,0.8130232528100918,0.8475341365227456,0.7971672224009279,0.8501055862881084,0.8997107294420043,0.6090433312824,0.33948215222076505,0.634169352656144,0.7992104832467433,0.5163014536036704,0.28345667614623976,0.5317984904125891,0.7001645543728593,0.5843280978705697,0.3563048681476089,0.6193628431736471,0.738827776117255,0.20062750735763565,0.08764699138969505,0.17173373657978047,0.36993710337114727,0.21147622666577026,0.20292703572163026,0.2110128548811631,0.2218342502790669
1140,0.7829729729729733,0.4837837837837846,0.8081081081081084,0.9432432432432433,0.6597285427258917,0.4286431422910152,0.6993495058710844,0.813257361734366,0.8486629457319012,0.7911544502969834,0.8523225080361762,0.8979391922936766,0.6098876194867205,0.34245554859027444,0.6347170189280102,0.8006105855137412,0.517723251046214,0.2796299270239364,0.5372570330294011,0.6945097664154545,0.5845699737512162,0.3607725136681641,0.6234412839070673,0.7491569193830228,0.201389231126803,0.09491942996745115,0.17177580226373665,0.3740558226487179,0.2116976089168404,0.20286397861368277,0.2110128548811631,0.22218676180598323
1141,0.7832432432432438,0.4824324324324333,0.8081081081081084,0.9432432432432433,0.6605191449085155,0.4249486043029136,0.7030082995691425,0.8056218361231506,0.8485413921746557,0.788833049634828,0.8553784824221622,0.899170424747452,0.6091933749454429,0.35639584453420986,0.6302824261584292,0.7950634666580103,0.5170840359282463,0.2886767841086373,0.5344436973022983,0.6944412763608957,0.5850719638030109,0.37582580140543914,0.6265756421748068,0.7442679638087031,0.20127475318781587,0.09036132043136874,0.16434277734997466,0.3697070148905238,0.21144540196656483,0.2016658935626803,0.2110128548811631,0.22045645976470638
1142,0.7810810810810815,0.45675675675675775,0.8216216216216219,0.9432432432432433,0.6577276848776573,0.41666666666666685,0.7027427163592688,0.8110822651576775,0.8483185492234697,0.7855016702829303,0.8520174628827212,0.8984611078283631,0.6107848060291606,0.3398131554744591,0.6361908201055029,0.7977266757982199,0.5185590906495192,0.27460514609998765,0.5409267240334128,0.6995970999599073,0.5846276345837209,0.36467571819801,0.626090663576311,0.7510959547791383,0.20268059878876543,0.09406315709281059,0.16526571477502994,0.3715637255481867,0.21164792369769,0.2016658935626803,0.2110128548811631,0.22548272889385007
1143,0.7810810810810819,0.4554054054054064,0.8351351351351354,0.9432432432432433,0.6570244968183484,0.4069767441860471,0.7083649706835282,0.8051471832511776,0.8490236053122309,0.7950304010380342,0.8510192005606976,0.8996304593180682,0.612170571214761,0.34883214336901824,0.6381098814789308,0.8048473734882965,0.5201039212986204,0.28403767045184614,0.5505422259066686,0.7040566524321106,0.5850697535645623,0.355909051015096,0.6282797881157567,0.7490697769236117,0.20347627234906734,0.09703522564981805,0.1680612486704678,0.37616867222689504,0.21141843306724212,0.20042753294425253,0.2110128548811631,0.22377064521516885
1144,0.7808108108108115,0.4554054054054064,0.8216216216216219,0.9432432432432433,0.6582713173211218,0.41649149817341824,0.7076067320207318,0.8160948195462908,0.8501039236952717,0.7972794041503132,0.8548486516012797,0.8938289158423796,0.6088364510373593,0.33086867108511014,0.6355882971148135,0.8009474551125453,0.517964007855623,0.26561487995603905,0.5461529150938164,0.7053098902668171,0.5851494251728117,0.34730972402564586,0.6287621371834213,0.74483793454523,0.20380684998709125,0.09745360681141493,0.16724076720235354,0.3729660031709877,0.21162564939260128,0.20036672095730723,0.2110128548811631,0.2288302747155255
1145,0.7845945945945949,0.45675675675675775,0.8351351351351354,0.9432432432432433,0.6592592149901393,0.4225575059194906,0.6998693163680072,0.8100240635671417,0.8493920114945352,0.8010930521042495,0.8545543203326729,0.8985852345775032,0.6108095224246245,0.34958692874995545,0.6449227631250489,0.7975855034777374,0.5189363381167598,0.2858177269392658,0.5539104669287864,0.6931861844775525,0.5860809220589716,0.35428834990035835,0.6312069374449313,0.7388708991366448,0.20330667244642758,0.09291308957005052,0.16907651761198317,0.3796129611944057,0.21132697936931316,0.2014834258483359,0.2110128548811631,0.22704452448307064
1146,0.7837837837837843,0.4824324324324333,0.8216216216216219,0.9432432432432433,0.6600789840329949,0.4162838259161375,0.6991884143985153,0.8129925546916621,0.850945865496784,0.7975303918331406,0.8526344336415241,0.9043785221943842,0.6124837884792281,0.3468112499560139,0.645628907975536,0.8047401247857163,0.5212385580252,0.29517362932789293,0.5453949760397981,0.691727213040705,0.5874241865540673,0.33951324924743126,0.6372441139222268,0.7476023518081306,0.2016177590785875,0.09235598266487942,0.16888537516256677,0.39585671508056725,0.21251641451243003,0.20286397861368277,0.2110128548811631,0.2384048641329994
1147,0.7843243243243246,0.45675675675675775,0.8351351351351354,0.9432432432432433,0.6618994890524038,0.40673588978929637,0.7024962784464812,0.820030648296363,0.8505138453705424,0.7998634854019849,0.8549861180129879,0.8961880352418161,0.6140148316819325,0.3415574291615515,0.6380884074399444,0.8071189066017622,0.522402434545333,0.28996208806121726,0.5582822323176513,0.6995048574101318,0.5889101991291503,0.35431071947737997,0.6366871350527267,0.7430791650319021,0.2015915415236866,0.08897102435307352,0.17106793223466288,0.399376872943533,0.21224778120545162,0.2016658935626803,0.2110128548811631,0.23639855574187935
1148,0.7837837837837843,0.4837837837837846,0.8216216216216219,0.9432432432432433,0.6614636527528122,0.39751485982239526,0.7085937080547939,0.816386741622982,0.8509402520290071,0.8058700464476188,0.8501328419940958,0.9015634158629449,0.6157378252884474,0.33886128644890623,0.6495325507899138,0.8064325957962406,0.5240986257747899,0.3001049291921938,0.5559132830006049,0.7031787836547062,0.5896213468169187,0.3503215514659573,0.6332401173064579,0.7423818243337462,0.19903601325039869,0.07546580306732477,0.16686585150780392,0.4027504556104838,0.21256390971121153,0.20280206058276137,0.2110128548811631,0.2384048641329994
1149,0.7859459459459466,0.5108108108108116,0.8216216216216219,0.9432432432432433,0.6632120458151839,0.40620165040355066,0.7047883778259358,0.8255531038230586,0.8511414598011068,0.8015103124177163,0.8475473824219311,0.9009911952160283,0.6127825583594234,0.31765166180909993,0.6594339845049424,0.8123574731837068,0.5217163412102334,0.2753100350637759,0.5569334673251249,0.7060893665108248,0.5894805024701398,0.3225319398561274,0.6388743515044328,0.7483258567004989,0.1981554899739474,0.08012262674755143,0.16542775255545228,0.40653331718173785,0.21231998591760504,0.2016039755317589,0.2110128548811631,0.23639855574187935
1150,0.7840540540540545,0.5094594594594603,0.8351351351351354,0.9432432432432433,0.664349115520544,0.40247260542440394,0.7028792219607831,0.8228556082818171,0.8509667481185194,0.8038471766526952,0.8506994826203069,0.9035128927183137,0.6108130090974089,0.3316372022144687,0.6494460424825114,0.8123905685027076,0.5202125999983146,0.2848165562002713,0.5489263091078858,0.6992892829135398,0.589103461907924,0.3248749770386855,0.635226777691895,0.7435092159615397,0.19755942854652223,0.08716460489306559,0.16827914289877755,0.40885963260569896,0.21255527479617833,0.2016039755317589,0.2110128548811631,0.2384048641329994
1151,0.7862162162162167,0.5351351351351358,0.8351351351351354,0.9432432432432433,0.6649998035939965,0.4148187793627419,0.708701328600034,0.8128069089930211,0.8509137613714276,0.7996519921745632,0.8488042663572299,0.8971769302132186,0.6119791206976001,0.34729306551745326,0.6434311327248455,0.8108489591158486,0.5213784055561309,0.2949219085310943,0.5523863449152158,0.6951771713160493,0.5899352700596983,0.3407497413064598,0.6333414033465321,0.752810436514469,0.19762343203053,0.09224046946097979,0.17020001210593927,0.4023771099129345,0.21226404051016723,0.2016039755317589,0.2110128548811631,0.23639855574187935
1152,0.7870270270270274,0.5364864864864871,0.8351351351351354,0.9432432432432433,0.6640414946279712,0.4316105896119144,0.7024357014252627,0.8076809590711952,0.8507362109969406,0.8008945086074089,0.8504579544417894,0.902194712658326,0.6123032010542884,0.3312351995958734,0.6364494072897056,0.8185297107178593,0.5215244597380315,0.28239036138011675,0.5548439897946844,0.6978285399545175,0.5893422276954521,0.3425849633332983,0.6308431439008599,0.7528810983419553,0.1987842520919379,0.09541534762628397,0.17301133072920333,0.39398887515879727,0.21199343246822047,0.2016039755317589,0.2110128548811631,0.2344395948939215
1153,0.7881081081081085,0.5364864864864871,0.8216216216216219,0.9702702702702702,0.6629283147166122,0.4275261754800607,0.698859178007512,0.8068812160296798,0.8501510338525994,0.8045157604794603,0.8524321444748144,0.8992440190062999,0.6124786280236976,0.3481029875874173,0.6352537054541572,0.8179049476431363,0.520995237005936,0.2939782288713684,0.5464258332914798,0.6990096858447006,0.5887080397689173,0.35669345921230766,0.6269502029910694,0.747452082906361,0.19885099270448986,0.09188309073373953,0.17772899230977063,0.3858580817191802,0.21174946307663645,0.20154316354481364,0.2110128548811631,0.23252629426392635
1154,0.7889189189189194,0.5364864864864871,0.8081081081081084,0.9702702702702702,0.6630674774385512,0.43892795240352084,0.6993801482451412,0.808905456232877,0.8499603029454853,0.8010423567826975,0.8529181190634304,0.8974910016533661,0.6150377909031818,0.3204230886802898,0.6771445931885439,0.8106681820613916,0.5231122973909241,0.2751619629805147,0.5538741918835626,0.7003497112578807,0.5897732842615112,0.3609410190737536,0.6239716290117787,0.745908215386124,0.19844189667677484,0.0888530539464779,0.1786652865762429,0.38324418957065437,0.21156661233107038,0.20030698326082952,0.2110128548811631,0.2306570370566344
1155,0.7883783783783791,0.5094594594594603,0.8216216216216219,0.9702702702702702,0.659771634723528,0.4364288587695419,0.6923383894833592,0.8103455868672604,0.8492925295570888,0.7962541474896349,0.8547932307024377,0.8950524139500372,0.6145141533015666,0.3361325771955328,0.6706243541554364,0.812308344482284,0.5222143671803925,0.2867995616964663,0.5506343426229123,0.6949842809541629,0.5878770124831406,0.36336468754947987,0.6242925451491849,0.7434798201312253,0.1993646095666623,0.09079321006850481,0.1769909156853497,0.3847822608795343,0.21138637967771232,0.1992112932053468,0.2110128548811631,0.2288302747155255
1156,0.7921621621621628,0.4824324324324333,0.8351351351351354,0.9702702702702702,0.6623569897182997,0.44656181908303305,0.6899113912481201,0.8150081910359799,0.8498123913795426,0.79334760428328,0.8561484087433191,0.8948180171764857,0.6155048259691295,0.3479107705328293,0.6518188298978691,0.8123795443529435,0.5232475517830202,0.29988159757013383,0.5405187703386085,0.704683200049292,0.5897382032763432,0.3653335527375712,0.6153584456186771,0.7505001198078459,0.19984939514363032,0.08662408073374273,0.17869228040881951,0.3907865755768359,0.21163767305601994,0.20036672095730723,0.2110128548811631,0.2304683642265795
1157,0.7929729729729735,0.4824324324324333,0.8351351351351354,0.9702702702702702,0.6635559170056198,0.4589902363912359,0.6916786972494959,0.8135258053655169,0.8500345010823986,0.7969105525463975,0.8532072230468859,0.8920013337313948,0.6148056497427837,0.36500461578250093,0.6528666693411573,0.8224963433684037,0.5227338245017478,0.3131158436433695,0.5447805801830892,0.6991883925816136,0.5899917086389338,0.37762545206917864,0.6176321828759805,0.747246560787235,0.19949179481022433,0.09073072908384612,0.1773184267994402,0.3807280768940224,0.2114780174997588,0.20154316354481364,0.2110128548811631,0.2286459126975524
1158,0.7945945945945949,0.5067567567567576,0.8351351351351354,0.9702702702702702,0.6637319939409488,0.47168066337066394,0.692719539788776,0.809782333871836,0.8495794500785253,0.8005579146813663,0.8525995156112687,0.8969677326491505,0.615869557982612,0.36519656672098133,0.6422226869213928,0.8219279877836375,0.5231878787382385,0.31089971955950596,0.5351301009747667,0.7114415279425415,0.5901808561206081,0.3750152163070482,0.621513032689384,0.758446649898012,0.19940564929377122,0.10059713993632163,0.17885595744453708,0.37033887727377257,0.21128564053008136,0.2016039755317589,0.2110128548811631,0.22686432239130702
1159,0.7964864864864861,0.5081081081081089,0.8351351351351354,0.9702702702702702,0.6667023231256352,0.47469266533548804,0.6942221215483544,0.8154521950043238,0.8494928659692037,0.7965853145491604,0.8526539148054195,0.8980022788636745,0.6166156419380254,0.3795128603578049,0.6418624377021518,0.8243623934981195,0.5237316244411535,0.3204299415589242,0.5326200439032334,0.7145868817141856,0.591952048121387,0.39045917059562224,0.6238663088176689,0.7562831126023966,0.19881122861431527,0.10422851147279666,0.18232611859302306,0.36375261579706447,0.21117457888477056,0.2016039755317589,0.2110128548811631,0.22512218025368355
1160,0.7970270270270277,0.5094594594594603,0.8216216216216219,0.9702702702702702,0.6679405012137317,0.46987064262261174,0.6997224067253711,0.807185976232301,0.849334549992262,0.8019691454930722,0.8549268657743618,0.8926861433225971,0.6162626042396246,0.3860578549531994,0.6400920962878094,0.8194032936853495,0.5233325860286642,0.320445687907428,0.5374362325161959,0.7054002103049829,0.5920957437975106,0.38470763605125635,0.6208336043183282,0.7561229162196554,0.19760904580150077,0.1020477970855452,0.18413674951586584,0.3593564613626883,0.2110136081732198,0.2016658935626803,0.2110128548811631,0.22341813368825253
1161,0.797567567567568,0.5351351351351358,0.8216216216216219,0.9702702702702702,0.6674400659992243,0.4601432149098981,0.6978765910913762,0.8142242146623055,0.8496069573691344,0.7910022568744598,0.8514009167985337,0.8954886851830739,0.6162799526996402,0.3664662443274368,0.6428169889972696,0.8196342725514619,0.5235976452772645,0.3079258647403418,0.5495461297405206,0.7093812499031903,0.5918874444615052,0.3842345598683101,0.625613780327725,0.7602536536526869,0.19664107472642162,0.09589308262009479,0.1842930040994823,0.3584957855691165,0.21091078075042183,0.20286397861368277,0.2110128548811631,0.22175088799437292
1162,0.797837837837838,0.5608108108108115,0.8216216216216219,0.9702702702702702,0.6699427167996025,0.4532159010587389,0.695545105898129,0.824262237847226,0.8499457929995953,0.7968729290901757,0.8528681468339321,0.9013294552474986,0.6149168933477251,0.359103493289267,0.6441619598719048,0.8221937737371292,0.5225720000502524,0.3045446969900904,0.5439452360095605,0.712952237246161,0.5922701579014881,0.3801868541409969,0.6222778435609864,0.762552947812145,0.19615087967448258,0.08680065812774658,0.18805999953192462,0.3625224004169714,0.21118740138737876,0.20286397861368277,0.2110128548811631,0.22011920383699057
1163,0.8000000000000007,0.5351351351351358,0.8081081081081084,0.9702702702702702,0.6721849844970746,0.4668821575145547,0.6875983029961785,0.8314683438792333,0.8495620542476726,0.7901009291702662,0.8554332505271474,0.8989302370693685,0.6150649674195452,0.3544809929824677,0.6378960049995598,0.8314397883892449,0.5224057780574008,0.29754125010315946,0.5385576348774923,0.7237229051677709,0.5932359190360097,0.3741505808233835,0.6181575371723042,0.7641582374669856,0.1961551658079263,0.09028138202167892,0.1833808646164807,0.36668472542431946,0.2110313773823076,0.20292703572163026,0.2110128548811631,0.2185218947681644
1164,0.7983783783783788,0.5094594594594603,0.8216216216216219,0.9702702702702702,0.6715944130564319,0.46838046623737273,0.6870318044117257,0.8330973900819922,0.8501927860638773,0.7882679779650772,0.8534963224362373,0.9000097872563656,0.6154542024447619,0.36642881320988085,0.6309987051262624,0.8227493938199861,0.5232196857394318,0.30012770776118664,0.5320582718259432,0.7135783850101287,0.5933472664806372,0.38036365775383957,0.6112641527452937,0.760307737256705,0.19619103494500856,0.0938965833587638,0.18209227469902467,0.3629308021191056,0.21186551314760027,0.20292703572163026,0.2110128548811631,0.22028415032955367
1165,0.7959459459459463,0.5108108108108116,0.8351351351351354,0.9702702702702702,0.6726823751221324,0.4673323323082057,0.6886235457575702,0.8281649313427512,0.8510288428471946,0.7916816780884226,0.8561431076954986,0.9031018332764917,0.6140364200833135,0.37784788375611,0.6266575675661087,0.8205312532294922,0.5225450585062054,0.3091559462231816,0.5311428478752506,0.7086633023055764,0.594094448550606,0.38875263408533756,0.6124697038088585,0.75926234101232,0.193120269036524,0.09432848369256984,0.18326084805915266,0.3573013848991087,0.21258703607106835,0.20414741637286113,0.2110128548811631,0.2330520182515831
1166,0.7962162162162167,0.5094594594594603,0.8351351351351354,0.9702702702702702,0.6711230939388014,0.4581482545404681,0.6889517450902634,0.8209714275071708,0.8496906406074288,0.7932097991532913,0.8562127273900024,0.8960220427244766,0.6156215727651364,0.3788411940217981,0.6137781884195417,0.8253712639060261,0.5232025021484162,0.3254647048267147,0.527359940932477,0.7147815454305236,0.5934985742657531,0.3919974927798365,0.611411169361398,0.7514505510819878,0.19364613898914518,0.08636121044533118,0.18236319676832824,0.3511472237394484,0.2123615955089004,0.20414741637286113,0.2110128548811631,0.23117005527680992
1167,0.7978378378378383,0.5094594594594603,0.8351351351351354,0.9702702702702702,0.6713231104277536,0.4478752001027707,0.6835830120099107,0.8117349022858353,0.8510448648542678,0.8016122497162959,0.8561144003791047,0.8965349070788644,0.6172132325112587,0.36760707636362067,0.6410626082461861,0.8223999662483046,0.5253351442733057,0.31774137901895916,0.5462055499772367,0.7216994830532951,0.5949807886559165,0.39275092223115815,0.6152179042703797,0.749652121987456,0.1952145704559585,0.09387651294778566,0.18237119334122226,0.3567012699587854,0.2125089753950859,0.20421164693345223,0.2110128548811631,0.24245622393505437
1168,0.7972972972972979,0.4837837837837846,0.8351351351351354,0.9702702702702702,0.6712666622862913,0.4607759681281736,0.688701903381997,0.8178456929283627,0.8492835132755961,0.7907717020987294,0.8537943020498597,0.9007719004233371,0.6153721562153247,0.3748781004774326,0.6445207524336295,0.8252550510336846,0.5228602833365678,0.31964278806776386,0.5372209512408133,0.7175510363763176,0.5936939476085522,0.394150673214492,0.614449520062833,0.7508036800358999,0.19620221463683257,0.0913871266545041,0.17870882769907404,0.3454254377074171,0.21225897300744595,0.20421164693345223,0.2110128548811631,0.24035259780937593
1169,0.7994594594594602,0.5108108108108116,0.8351351351351354,0.9702702702702702,0.6710366101388255,0.461804047483426,0.6893624567710508,0.8130193788721912,0.8477846490567513,0.7796769703600748,0.8515242772228518,0.9016749123152953,0.6168925237614371,0.36707411249514216,0.6433206140297576,0.8191712769813284,0.5233152616803568,0.31574922947727935,0.5397367014450214,0.7247161045130065,0.593772144155155,0.39527101229958034,0.6153302467231603,0.7492661131014542,0.1962144710811996,0.09506717525872721,0.1815899982040321,0.3391226267424475,0.2120028626344335,0.20421164693345223,0.2110128548811631,0.2382998144513048
1170,0.7986486486486492,0.5108108108108116,0.8351351351351354,0.9445945945945945,0.6703564110714351,0.4376296467500701,0.6899137811687636,0.8103945503752858,0.8465284039333961,0.7685600148600705,0.8509524624346432,0.8992645598783714,0.6161472377034108,0.358892716141887,0.6418955573928045,0.822609474003493,0.5220352208059119,0.3062555760897218,0.5439721172772962,0.7137819748596376,0.5929224700165094,0.377119306844866,0.614744260846156,0.7400342703364721,0.19644505246418745,0.09550938822505338,0.17746424290033758,0.33440087268890284,0.21177566049541913,0.20414741637286113,0.2110128548811631,0.2362960434431227
1171,0.8000000000000002,0.5364864864864871,0.8351351351351354,0.9702702702702702,0.6726352577906369,0.45139177378726775,0.6906321948708252,0.8113712213561572,0.8463988740050836,0.773045976064538,0.8475160167764939,0.8979468504137945,0.6193180485101627,0.35082448708107017,0.6410900094737568,0.8368588763543138,0.525095622844479,0.29779155683198155,0.5370389640830098,0.7145104504899665,0.5953880153893941,0.3876683952521898,0.6231019641996229,0.7441884202453386,0.19491229926323053,0.08849864023046664,0.1828181712762103,0.3298657459168674,0.21216278590945056,0.20545500309282913,0.2110128548811631,0.2362960434431227
1172,0.7972972972972978,0.5351351351351358,0.8351351351351354,0.9702702702702702,0.6697911637851821,0.44614605264967894,0.6904616039061449,0.8084062265634134,0.8464022582661112,0.7678802692175618,0.8509898911463014,0.906951877026481,0.6200448438543137,0.35119188701235327,0.6565885346902367,0.8319945145454987,0.5256174186653795,0.3005596145803801,0.5497393001405608,0.7080335912194151,0.5940058882506735,0.3769006792352562,0.6226665316915204,0.7433234385110726,0.1953352052097593,0.08521654793258845,0.1871371207695849,0.33359373367730977,0.21193628014765664,0.20539077253223803,0.2110128548811631,0.234339528646057
1173,0.798378378378379,0.5364864864864871,0.8351351351351354,0.9432432432432433,0.6708640491401054,0.4605504650877868,0.682868109916227,0.8162455386072107,0.8475965075872801,0.7694988441091968,0.8492573282592377,0.9102973789063709,0.62090581800325,0.35524922473166287,0.6572872205340005,0.8277050485939712,0.526826688194298,0.31012176254694973,0.5492647829840265,0.7050169847289094,0.5950835764383797,0.37724920885261815,0.6247324162391672,0.7513715039730389,0.1952084251968795,0.08121681511897152,0.18530615657813754,0.3438891853427446,0.21213310861307316,0.20408435926491364,0.2110128548811631,0.234241820827678
1174,0.7991891891891894,0.5378378378378385,0.8351351351351354,0.9432432432432433,0.6734027714583465,0.468982630079861,0.6875492577118705,0.8191703743223645,0.8469273272429176,0.7667286938114283,0.8500147892176589,0.9055319548621258,0.620740196444536,0.36564821663054936,0.6559989754797756,0.8302767019332348,0.5262275120474453,0.3052913720580866,0.5441689510116448,0.7076433039808787,0.5960864837338186,0.3720787683153982,0.624254768363434,0.7529461532376882,0.19429123035440757,0.07758191898302623,0.18817898011919876,0.3390674989757848,0.21189021717625947,0.20292703572163026,0.2110128548811631,0.23056160366810122
1175,0.801081081081081,0.5621621621621629,0.8351351351351354,0.9445945945945945,0.6741861196368307,0.46294956400348536,0.6911133645279066,0.8237048312419926,0.8461886972919872,0.7759903228420333,0.8469783725992803,0.9060227670910654,0.6273828405208544,0.3583214976974028,0.6645882686869058,0.819280964536671,0.5314623202800675,0.29558286827422847,0.557447382529408,0.7107356352320441,0.5987716824999736,0.3768959735884683,0.6213969849869857,0.7568734787215772,0.1933603182833594,0.07547004074096662,0.18827599098174191,0.3350193248535291,0.21167454675259148,0.2016658935626803,0.2110128548811631,0.2304683642265795
1176,0.8021621621621623,0.5621621621621629,0.8351351351351354,0.9702702702702702,0.6757504786335651,0.4582732907566594,0.6970248522859659,0.8291336568418658,0.8446943291861662,0.7700125902290406,0.8507587076974847,0.9029189134518137,0.6277736314671385,0.3513264021874026,0.6709386302873408,0.8139365521492672,0.5305946547533609,0.28618257513323964,0.5572862822769881,0.7184725869524028,0.5995696876686298,0.3859290409620644,0.6241450518638085,0.7527777770442403,0.19238690529318575,0.07157294575725245,0.1845067239478947,0.33106093528607405,0.21144001123582604,0.20042753294425253,0.2110128548811631,0.22695340190661928
1177,0.8027027027027027,0.5621621621621629,0.8351351351351354,0.9445945945945945,0.6773809714931238,0.45543695217353675,0.6948676577451945,0.8283004108553763,0.8439927950881355,0.7631921423170487,0.8516457336534211,0.9125012518914697,0.6265526213522022,0.35043127397401336,0.6681381788135785,0.81495455376227,0.5293239417978469,0.29846701891701455,0.5513984872927888,0.7232031850124094,0.5997757557208826,0.38888471890705706,0.6223485363425781,0.7526508465703049,0.19065623148765987,0.07098084008132868,0.18318511987710265,0.32676295094488733,0.211240254768252,0.1992112932053468,0.2110128548811631,0.22520928736056472
1178,0.8054054054054053,0.5635135135135142,0.8351351351351354,0.9702702702702702,0.6760624029863253,0.4623724660830306,0.6945975406794932,0.8292795038578934,0.8424369939471363,0.7644454970357003,0.8496731242409873,0.9074547826898509,0.6281627665914858,0.35843571618438286,0.6617266218010083,0.81892249916285,0.5297032384451723,0.30823493130486945,0.5525506159734084,0.7089556485214868,0.5988691993564568,0.39276004514148066,0.6249727493965919,0.7427657865288109,0.18977281878423355,0.06958342452052599,0.17751073281522928,0.3224567678293145,0.21108744493384282,0.20030698326082952,0.2110128548811631,0.22512218025368355
1179,0.8059459459459458,0.5378378378378385,0.8351351351351354,0.9702702702702702,0.676839314955228,0.4606465334403898,0.7045351187245212,0.8284939304226013,0.843206932142772,0.7575169747582798,0.8500215420844155,0.9088138382667199,0.6288216895752664,0.36997341560144914,0.6664458711176438,0.8211502089372485,0.5307355794572368,0.3185823100351495,0.5499800828203373,0.6982323710446581,0.5998502019697888,0.3977402921610139,0.6251883309180826,0.7503026077301878,0.18770154792718846,0.07426509688897406,0.17968689510018498,0.3233185285242564,0.21141628331261691,0.1992112932053468,0.2110128548811631,0.22341813368825253
1180,0.8051351351351351,0.5378378378378385,0.8351351351351354,0.9702702702702702,0.6772791468159614,0.47036895953942237,0.7002718856886758,0.8304787576903759,0.8431853490928929,0.7666276154077087,0.8492402550731109,0.9084277785980602,0.6323184501999494,0.38191544179196,0.6604364517663421,0.8207716194373742,0.5336604088510765,0.31970726308704556,0.5598193393339248,0.710873025962924,0.6015651770026582,0.39635956400481565,0.6235872033360346,0.757693376408316,0.18755157778400547,0.07181208043011078,0.1754323882314081,0.31871377384266464,0.21123366797928483,0.20030698326082952,0.2110128548811631,0.22175088799437292
1181,0.8054054054054052,0.5378378378378385,0.8216216216216219,0.9702702702702702,0.6772377260354182,0.4795929363542938,0.6967528646453951,0.8224582266230939,0.8423037424905158,0.767433418925308,0.848412968692621,0.898713743086693,0.6320108535205818,0.39402967596113175,0.6593045879106222,0.8125267869943967,0.5328276452017342,0.3118197879753434,0.5519044437512965,0.7177665210834064,0.6011710995208444,0.3898098696705213,0.6231663068316392,0.7522887188713131,0.18710221913572803,0.0754911845677203,0.1782886177513497,0.36631956708659696,0.2120338413598892,0.20154316354481364,0.2110128548811631,0.22377064521516885
1182,0.8054054054054055,0.5648648648648655,0.8216216216216219,0.9445945945945945,0.678240288667003,0.4753164497247484,0.6989518907443714,0.8283677296833424,0.8406844792912495,0.7616391346995934,0.8494188368454838,0.8935275900265115,0.6333390105590249,0.39067642777350997,0.6539291973062542,0.8223109155643504,0.5327687448486197,0.3130119288838459,0.5489538573083866,0.7159883494168576,0.6013518212651503,0.3898917807978234,0.6241718296290523,0.7586837638636575,0.18752335978412313,0.07241668054941786,0.1765009384395544,0.35552231053543976,0.21185834528470646,0.2014834258483359,0.2110128548811631,0.22209563922953188
1183,0.8072972972972978,0.5918918918918925,0.8216216216216219,0.9445945945945945,0.6795574894086585,0.4889767181569256,0.7040079395788096,0.8212719552515937,0.8395326402491884,0.7591768439920445,0.8488962682910743,0.9020203791033712,0.6354906840063134,0.38615154315509226,0.6570489396157472,0.8262406925593252,0.5338839798313442,0.31400961318755755,0.5507608485076257,0.7061967273394176,0.6023332813253149,0.3984071607215844,0.6269206706879151,0.7584195469474534,0.18556732365026338,0.0735992553820545,0.1743098839023436,0.3071815469791919,0.21221784331206173,0.20414741637286113,0.2110128548811631,0.22704452448307064
1184,0.8083783783783787,0.6175675675675681,0.8081081081081084,0.9445945945945945,0.6805829711779593,0.4802870696400458,0.6973058643018009,0.8242926635603399,0.8385016840965425,0.7529344929527875,0.8449033257305804,0.9021368616327452,0.6376833566275565,0.3817625598374293,0.6527584396036415,0.8229979528783707,0.5350215401251093,0.32159656740813264,0.54902239561549,0.7082721220873899,0.6034807171443287,0.3910875338597787,0.6237518717479985,0.7491283792909313,0.1855223135993568,0.07463779007944003,0.17573126393124866,0.30100080700465986,0.21204132800188183,0.20292703572163026,0.2110128548811631,0.22529836687587698
1185,0.8116216216216219,0.6175675675675681,0.8351351351351354,0.9432432432432433,0.6805135966385059,0.48362062610511186,0.6966865270900596,0.8258886046143173,0.8380451508767482,0.745929530263282,0.84941186377345,0.9003898354197629,0.6408089170488673,0.38296743563645763,0.6590459050897648,0.8256199658830112,0.537132374947575,0.3148128898505454,0.5493173986529338,0.7006044205669205,0.604777008888733,0.387928581813761,0.6228622394606098,0.7467900567037101,0.18559227520924668,0.0781699690697486,0.1763332554024734,0.3014177370888291,0.21189310530057628,0.20408435926491364,0.2110128548811631,0.22359044312340523
1186,0.8118918918918924,0.5918918918918925,0.8351351351351354,0.9432432432432433,0.6820367665204976,0.4959845008238642,0.6928400496947738,0.8265197863395745,0.8388446941767265,0.7532613913760394,0.8450327418876122,0.8988358970634126,0.6410393089578978,0.3967378685008418,0.6592157468842674,0.80935980359521,0.5377869108658315,0.31494022841357905,0.556007644261814,0.7018825625482314,0.6061328620897117,0.38123081154637356,0.6214639650703653,0.7380528857072591,0.1848381065669803,0.07327713676751337,0.1745463731194088,0.3027038043715352,0.21211517362998134,0.20408435926491364,0.2110128548811631,0.22567587010076226
1187,0.8124324324324325,0.5648648648648655,0.8486486486486489,0.9432432432432433,0.6824579294839651,0.49705668944446785,0.6945564829963318,0.8202092799596074,0.8370925294190547,0.7358862975324979,0.8457603704613292,0.9016144099635608,0.6444266850478164,0.3923025626009678,0.6700033050218874,0.8000757123499491,0.5394800256093127,0.315089868611857,0.5614337359668164,0.6862151176320317,0.6075666281119355,0.3802795057682843,0.6209424731584596,0.73629831269822,0.18479887403431206,0.07228175496740774,0.17576764129751962,0.3097962666834589,0.21194205582651449,0.20414741637286113,0.2110128548811631,0.22395931804522376
1188,0.8124324324324327,0.5918918918918925,0.8351351351351354,0.9432432432432433,0.6793766590612453,0.4928812224435553,0.6903934547697759,0.8178590291476706,0.8375442475734914,0.7490375995562019,0.8452546770573928,0.894493241576218,0.64452823624915,0.40675361474366345,0.667311612837904,0.7980316801636727,0.5396788417858869,0.31964852228566726,0.5577270694384433,0.6874374703992274,0.6065472636448093,0.3811276788827804,0.6245345901988806,0.727819714667319,0.18579705127796728,0.07572036562987504,0.1758319548565227,0.3166997041431604,0.21174924838259226,0.20539077253223803,0.2110128548811631,0.22228000124750497
1189,0.8129729729729733,0.5918918918918925,0.8351351351351354,0.9432432432432433,0.6801911866989023,0.48713748531883916,0.6874920240577158,0.8103675725502427,0.8385134244242921,0.7446395556800419,0.8463829506226603,0.9000915920480428,0.6477658272496021,0.42200679848420153,0.6740969704728348,0.8034196318771536,0.5429358414278841,0.3291625880577934,0.5665947697302851,0.6876414428051711,0.6086052601147399,0.38575253874016374,0.6252916670166689,0.730463478699976,0.18585328468580808,0.08084183168781871,0.17227853671596585,0.32426729550817174,0.21158739587835998,0.20545500309282913,0.2110128548811631,0.22063666185647
1190,0.8159459459459464,0.5918918918918925,0.8486486486486489,0.9432432432432433,0.6811435541947941,0.4896339734562089,0.6922342712888312,0.808466551470824,0.8380498366221072,0.7519983235671924,0.8468842470865553,0.8989482021173852,0.6505599698657977,0.4234142315342017,0.6779437921659925,0.8116970645509987,0.5450768373801038,0.3381232279438457,0.5660979552503701,0.687503109542214,0.6099952610905313,0.39699226445449565,0.628533980457332,0.7370197534741847,0.18470978849969036,0.0818633613238198,0.16823104962907387,0.31826819588491045,0.2113796690096815,0.20421164693345223,0.2110128548811631,0.21902809566463377
1191,0.8148648648648653,0.6175675675675681,0.8351351351351354,0.9432432432432433,0.6840145318143399,0.48277323081076395,0.6912863759152885,0.8210008630902847,0.8389668016947555,0.7649934750372563,0.8442730542134607,0.9021265886479831,0.6511477889006708,0.42400436233362704,0.6729051443189027,0.808642661891376,0.5462675966115459,0.35151981763665296,0.5681241208864736,0.7017474389263194,0.6118779746541885,0.40859218446228374,0.6313502080501768,0.7447227800200127,0.18437002939434902,0.08758192603162852,0.16904895821027488,0.3132424313961171,0.2112241317144062,0.20421164693345223,0.2110128548811631,0.21745314969366275
1192,0.8143243243243244,0.6189189189189195,0.8351351351351354,0.9432432432432433,0.6846199419107463,0.4777832666668293,0.6947291021410531,0.8185953016423314,0.8393714690840988,0.7655414396567726,0.8465835075788026,0.8926163369857407,0.651679901508519,0.42984412893987495,0.6780409294383264,0.8200360639298859,0.5470528984984172,0.3567365545663377,0.5595405037465633,0.7039230690897469,0.6125883492224163,0.4134098230816219,0.6375530887278749,0.7492173282982734,0.18281983087547918,0.08022207963916314,0.16737010650000556,0.30770101178700476,0.21146335000564523,0.20414741637286113,0.2110128548811631,0.22529836687587698
1193,0.8135135135135133,0.6175675675675681,0.8351351351351354,0.9432432432432433,0.6841077852812141,0.489326117136032,0.6929323280936128,0.8300879205235162,0.840401023788557,0.7692862275923001,0.8473049659107822,0.8896532776524685,0.6500141261126773,0.44181062148529415,0.6654683117292,0.8287613965290157,0.5462600789772611,0.3533224140022193,0.5593537250060445,0.7044485224684903,0.6120331977342574,0.4144488583783956,0.6280212318202194,0.747839775493455,0.18318840062738373,0.08223878852772767,0.16731393144221324,0.3057748762701489,0.2112813725943901,0.20292703572163026,0.2110128548811631,0.22359044312340523
1194,0.8135135135135133,0.5918918918918925,0.8351351351351354,0.9432432432432433,0.6851888184875611,0.49831162392538436,0.6897172958327856,0.8291794775680813,0.8419668075273854,0.7697187604206905,0.8490687846659529,0.8943997416098303,0.6510302628096446,0.43819204212353324,0.6675500657034503,0.8197235644314343,0.5480196453466017,0.3596063677535261,0.5555888850998896,0.6868363352814001,0.613401326197245,0.4274751941115517,0.6329485267284234,0.7482071736212961,0.1830550415417555,0.08669020006424026,0.1713487554294928,0.30923484762778364,0.2110906115724288,0.2016658935626803,0.2110128548811631,0.22191945260733845
1195,0.8135135135135135,0.5918918918918925,0.8351351351351354,0.9432432432432433,0.6858354157640509,0.4939660863058388,0.6954106057099974,0.8213676969461954,0.8419469433026202,0.7650801347185991,0.8466284221643237,0.895566407425366,0.6527510209040921,0.4412770334978295,0.6757045158459158,0.8298341905767576,0.5493820543487407,0.3639650457649054,0.5656457917700082,0.6877922940611615,0.6147468267226294,0.4304824984700041,0.6378429810756872,0.7442106674231396,0.18137741842275393,0.08431349412884068,0.17018992547401263,0.31305447413798027,0.21136257614658557,0.2016039755317589,0.2110128548811631,0.22341813368825253
1196,0.8135135135135139,0.5918918918918925,0.8351351351351354,0.9445945945945945,0.6859868612640666,0.4917410111431141,0.7017703930360131,0.815147976508174,0.8413451891394425,0.7692774819602742,0.8462921779550521,0.8905133989641001,0.6542277136777362,0.4487517840456648,0.6676852332649665,0.8202291235574449,0.5502863873531015,0.36877308579101986,0.5576617287671484,0.695305693684483,0.615509463117036,0.44093976894118714,0.6295159745782349,0.7385368488255879,0.18053138814330136,0.08297629532791975,0.1703793346768262,0.3166103947649284,0.2111452052248459,0.20154316354481364,0.2110128548811631,0.22175088799437292
1197,0.813513513513514,0.5905405405405412,0.8351351351351354,0.9702702702702702,0.6857932203372026,0.502399135783787,0.7008213679132562,0.8224235729347522,0.8422418334956159,0.7735804668460367,0.8454930376331407,0.891917109003155,0.6503924672579454,0.44306831911526995,0.6600658060837562,0.8248117422513921,0.5477444162056235,0.3741720643730328,0.5591027755510429,0.7048050585075986,0.6143132712204268,0.4406749068791134,0.6265715756581482,0.7379177289225393,0.17864396628419896,0.08062730891081317,0.16798784485740836,0.3156877025161171,0.21155128688863273,0.20280206058276137,0.2110128548811631,0.22028415032955367
1198,0.8135135135135136,0.5905405405405412,0.8351351351351354,0.9702702702702702,0.6843187923935161,0.5033640095357628,0.7022978784135421,0.8241635212539373,0.8416443481366238,0.7631054451058219,0.8497325566567269,0.8885639142104964,0.6506543420911767,0.4394675052574983,0.6602298976748997,0.822507717501436,0.5477340364228475,0.36938514975126924,0.5582958831610385,0.6976275564147014,0.6132039387888848,0.44392425304931904,0.6204650953934443,0.735666007357205,0.1780793828349446,0.08408837941657081,0.16539088631389182,0.31442725287501094,0.21130596731800103,0.20274124859581608,0.2110128548811631,0.21868334442947482
1199,0.8156756756756758,0.5648648648648655,0.8351351351351354,0.9702702702702702,0.6842217229133812,0.5002390505446629,0.6985113740028948,0.8267719855340173,0.8440785207759158,0.7698384106113744,0.8486005359199047,0.8968551182490669,0.648889586122674,0.4493592492592765,0.6499105132314268,0.8163999275563975,0.5476598809320616,0.37108063757273535,0.5515984743896085,0.6983820271068193,0.6133821868714567,0.44253437331328116,0.6294278577484154,0.7341014094300053,0.17810566923967072,0.08296155357481437,0.1668214039109803,0.31697144000209254,0.2111905263809063,0.20268151089933836,0.2110128548811631,0.21711589376594695
1200,0.8181081081081085,0.5648648648648655,0.8351351351351354,0.9702702702702702,0.6854247661420599,0.5102990452104554,0.7002991321580756,0.8209204174572967,0.8433161360491179,0.7628252250104152,0.8536756105704475,0.8962697762837518,0.6506041546677486,0.4485181307017754,0.6541789496828077,0.8171813148111043,0.5485551694029493,0.3744827710409302,0.5540050182987246,0.6994596571161364,0.614621063287182,0.44157480631561374,0.6250385352681261,0.7322271165658512,0.17769132127412665,0.08578083236909717,0.16960105967879993,0.3118381568065894,0.21105807765242093,0.2014834258483359,0.2110128548811631,0.21558070557435563
1201,0.8189189189189192,0.5648648648648655,0.8351351351351354,0.9702702702702702,0.6854933952063856,0.5267745407947696,0.6955533851757807,0.8214891063231918,0.8430721437088442,0.7739052654678072,0.8503634544084424,0.8987476178141981,0.6513996047532684,0.4430639323921266,0.6531866974347174,0.8226980795050693,0.5490994646760918,0.3841608344413211,0.5465693014794005,0.7033040976416056,0.6149296385818356,0.45549254653850274,0.6234215591112177,0.7401228992848273,0.17860023721873666,0.08470763677675514,0.16760204063988773,0.3164006064167776,0.2113775311148042,0.20036672095730723,0.2110128548811631,0.21728084025851005
1202,0.8202702702702706,0.5905405405405412,0.8351351351351354,0.9702702702702702,0.6888482505789895,0.5239024281599719,0.697204199246426,0.8268878496987783,0.8425310207665835,0.7824322903365662,0.8444583228038858,0.904296252612081,0.650934554502946,0.45501989679795385,0.648792894621069,0.8195424575999984,0.5484057657272412,0.38684567901410855,0.5521657845198795,0.7010667790755009,0.6164063044709279,0.4562664495902316,0.6290432360974413,0.7375389693535996,0.1786342957600629,0.08587495075834387,0.17061020003039518,0.31230494117764357,0.21127830282782498,0.20042753294425253,0.2110128548811631,0.21566057102779695
1203,0.8216216216216218,0.5905405405405412,0.8351351351351354,0.9702702702702702,0.6918348211976165,0.5325990381503853,0.7029246342187245,0.8329339300333157,0.8421450618397789,0.7793604322676855,0.8457792186090561,0.9001326870570475,0.6519793015230718,0.45918479919359667,0.64388735655654,0.8245579346787388,0.5490006731711066,0.3897946596451111,0.5536954669435887,0.7026092545811987,0.6179139795731018,0.45220893459794076,0.6350373956385027,0.7426617557375347,0.17899810136897773,0.08351722470652344,0.17149818354517904,0.33039193664267213,0.21157616293736717,0.2016039755317589,0.2110128548811631,0.21902809566463377
1204,0.8202702702702703,0.5918918918918925,0.8351351351351354,0.9702702702702702,0.6912639089118758,0.5213259569499427,0.7023373506806181,0.8213470209079407,0.8428358716892573,0.7781973428763277,0.8472864127909036,0.9048062410131876,0.6539203081434478,0.4659225025580076,0.6522155218630025,0.8187667718977771,0.551154212336203,0.37884222596267614,0.557238363954621,0.7059952334860635,0.6189468859254356,0.44367101354339766,0.6331886891445324,0.7416190484912231,0.17816144198744488,0.08099446194609417,0.17144676382084778,0.3259820397587338,0.211414042953922,0.2016658935626803,0.2110128548811631,0.21745314969366275
1205,0.8232432432432435,0.6175675675675681,0.8621621621621623,0.9445945945945945,0.6923213361149656,0.5325477101659882,0.7017707798596751,0.8270592659112367,0.8451330365780383,0.7769776641931783,0.8489331143813232,0.8986297902674568,0.6576621100807977,0.4708432235220558,0.6610265252167871,0.8231929091832646,0.5557867838284176,0.3878777440876676,0.5598288733498431,0.7087002210146872,0.6218269708667369,0.45321670960938876,0.6383050744425887,0.7387842103390917,0.17650247962875004,0.08766153010053927,0.17095047534006075,0.3291920910856209,0.21167308586070763,0.20286397861368277,0.2110128548811631,0.22538948945232834
1206,0.8240540540540542,0.6162162162162168,0.8621621621621623,0.9702702702702702,0.6945299442695188,0.5435293774798695,0.6967298100683448,0.8296970529348384,0.844770872518434,0.7735736856795473,0.8467947335994801,0.8992846541620226,0.6572520783005785,0.46446772048979806,0.6573886372551863,0.8272017673922479,0.5552934249679643,0.3946074747283967,0.5593925395000381,0.7010165629977384,0.6228574699316336,0.46544936700054207,0.6395848467903605,0.7413162267193968,0.17507707908914547,0.08565773473143733,0.1701101314012058,0.3210626659197414,0.2115476537612909,0.20292703572163026,0.2110128548811631,0.22367952263871752
1207,0.8259459459459461,0.6162162162162168,0.8621621621621623,0.9702702702702702,0.6954668940405007,0.5447196855147705,0.7043703193116582,0.8194173719123112,0.8458274412575376,0.784232075500305,0.8458169664126831,0.9024554589243704,0.6588890474900618,0.469938708132742,0.6526518836630221,0.8187281627364433,0.5572999639944224,0.391321833198682,0.5676513419707852,0.7047440765104731,0.6240708396395601,0.4592307365280525,0.6397151644287892,0.739305411647729,0.17390293236777452,0.08279022675052028,0.16725877333567896,0.3275691647142085,0.21138719829589367,0.20292703572163026,0.2110128548811631,0.22200655971421962
1208,0.8254054054054056,0.6175675675675681,0.8621621621621623,0.9702702702702702,0.6965815674735584,0.558812582307936,0.6992237747568301,0.8161576367276154,0.8455231941424595,0.7884818466139035,0.8465470516037079,0.9012146721724357,0.656729180500311,0.47643035900495656,0.6611086019664874,0.8150450831367247,0.5555493679219131,0.3881879790371734,0.5637942156174689,0.7063391700275353,0.6241234351019294,0.4695397253447805,0.6382640473800432,0.7507447688703088,0.1718927581161872,0.08776565438712808,0.16831240675854617,0.309917202691312,0.21182512088734712,0.20421164693345223,0.2110128548811631,0.22538948945232834
1209,0.827567567567568,0.6175675675675681,0.8621621621621623,0.9702702702702702,0.6972488401413076,0.5626440644196572,0.7041245291785696,0.8090606766176032,0.8452898209231107,0.7826369037614612,0.8500733325132743,0.9004523548605153,0.6547112277458291,0.45082868903050227,0.6649481869980438,0.8199695796929178,0.5535154369217821,0.36418956454904666,0.5676809754913597,0.7035482608637494,0.6234612195983315,0.4736564484103987,0.6314516889939519,0.7480288711457073,0.1700293735838111,0.08385658073243756,0.16248459201860715,0.3027323395204831,0.21164927526181504,0.20414741637286113,0.2110128548811631,0.22367952263871752
1210,0.8286486486486493,0.6175675675675681,0.8621621621621623,0.9702702702702702,0.7000490060928896,0.5720590227721415,0.7035992107406592,0.8092879030715301,0.8451836276001784,0.7825973737514101,0.8483275155788864,0.892711250800646,0.6543846132062889,0.4506598304339625,0.66710300430606,0.8269672535138686,0.5531876258251865,0.35367326399725807,0.5727039913905732,0.7085794942681636,0.6247133131073803,0.4803414224232868,0.6380329344187794,0.7511728270867809,0.16873886659704063,0.08317409995398385,0.15896509167223305,0.3068009602111567,0.21153145229209996,0.20421164693345223,0.2110128548811631,0.22200655971421962
1211,0.8318918918918922,0.6175675675675681,0.8621621621621623,0.9702702702702702,0.7025077451100447,0.5707365046275709,0.7094015010416241,0.8154330853051569,0.8450516385293421,0.7781572379111088,0.8493210123355828,0.8979037217359175,0.6554813052031347,0.4401814682900359,0.6696602589492731,0.823507729483884,0.5542191042677628,0.3513000787168853,0.568226650988193,0.7053991938038491,0.6268273992628943,0.4782293338480044,0.6382705916239022,0.7517492200347726,0.16831786582823574,0.08565696902171692,0.16000895719623248,0.29982532040730847,0.21136464094565402,0.20414741637286113,0.2110128548811631,0.2203693526578252
1212,0.8354054054054056,0.6175675675675681,0.8621621621621623,0.9702702702702702,0.704576449608952,0.5548789750414789,0.7105931205807896,0.8231071534057354,0.8450661581593996,0.7787632213253116,0.8504250753800575,0.8959169083705002,0.6588212608956379,0.44245914725092056,0.6788873069709142,0.8206162113137053,0.5572349607957987,0.35832882572087205,0.577290896188005,0.7098302667268094,0.6293787200224661,0.4790828342653239,0.6427442968003609,0.7612364967125161,0.16700323903308922,0.08114552782685319,0.15938108525383712,0.3043870879486132,0.21160535386775373,0.20414741637286113,0.2110128548811631,0.22367952263871752
1213,0.8378378378378382,0.6162162162162168,0.8621621621621623,0.9702702702702702,0.708230564963008,0.5459678503305072,0.7182614043406197,0.8305168792124775,0.8463127146831958,0.7844389424907016,0.8483590313182192,0.8924259856108175,0.6617307855235771,0.43925853456910485,0.6851477316973882,0.8274951773892164,0.5605910391647633,0.3570526220637175,0.5840570801843545,0.7117571296529136,0.6329780419030532,0.48735071039378886,0.648783977804632,0.7597370303922518,0.16516784424410788,0.08460598918652418,0.15556844268408626,0.29705463552945144,0.21143694069620728,0.20414741637286113,0.2110128548811631,0.22200655971421962
1214,0.8413513513513515,0.5905405405405412,0.8621621621621623,0.9702702702702702,0.7084081595252062,0.560238496941642,0.7119102313259205,0.8307576834642515,0.847081897319804,0.780039592480612,0.8515570017684331,0.8945579106831338,0.6621165448657966,0.4379216708844528,0.6855942442185092,0.8248548169812642,0.5610728862843212,0.35882681510944126,0.5797474167824119,0.7083436034107273,0.6332863102427967,0.4884999682458822,0.6509740617555364,0.759913366374567,0.16287815793140045,0.07966039582878894,0.1520986566693711,0.301729064644898,0.21129557506911592,0.20414741637286113,0.2110128548811631,0.2203693526578252
1215,0.8440540540540542,0.5905405405405412,0.8621621621621623,0.9702702702702702,0.7100268822112521,0.5551526310506847,0.7207840883291691,0.8317958181802299,0.8472933868449151,0.783191575923399,0.852491752777057,0.8950961977046058,0.6643701210910856,0.4546105209667678,0.6864958976796793,0.8331880735982746,0.5631359726552987,0.36927637002394437,0.5818874018328367,0.7068610196635,0.6350095762741567,0.49125385762221235,0.6519407296887482,0.766012098969179,0.16110126606776076,0.07726182723873139,0.152528641365476,0.29834934906976723,0.21111896860607884,0.20408435926491364,0.2110128548811631,0.21876670671416878
1216,0.8481081081081087,0.5905405405405412,0.8891891891891893,0.9702702702702702,0.7144406512429076,0.5611874428510476,0.728116366645023,0.8334116866348074,0.8474125785052677,0.7851361287922055,0.8476700877905268,0.8995560216080117,0.6685810098038972,0.4465064106294707,0.6846806277456822,0.8389656007362761,0.5666442562783311,0.3759596928389112,0.5849028092234236,0.7161984481004121,0.6388173572214749,0.49761717761279434,0.6520516117333797,0.7602537143971247,0.15803877288574608,0.08198458035690787,0.14735169046876384,0.30159184935008804,0.21196688716421186,0.20672204276990142,0.2110128548811631,0.22529836687587698
1217,0.8529729729729736,0.6162162162162168,0.8756756756756758,0.9702702702702702,0.7167792105349667,0.5565679282307756,0.7328173893823702,0.8365932081760918,0.8484910280120579,0.7879944347794787,0.850827690554148,0.8953511278113377,0.671541322867904,0.46086646538026466,0.6859064110083459,0.8352894369379165,0.5698197500054868,0.3889095347417208,0.5802739732153119,0.7134888039698365,0.6416317828791791,0.49693189243391184,0.6525589967909595,0.7546439139787721,0.1557120440574292,0.07671712273064889,0.1434431029034952,0.2927013750902301,0.21182629254537766,0.20678748256776336,0.2110128548811631,0.22359044312340523
1218,0.8554054054054058,0.6432432432432437,0.8891891891891893,0.9702702702702702,0.7199679480146624,0.5605208672975086,0.7388445797383274,0.8412393727391256,0.8490940224273532,0.7910022687845639,0.8521035718181549,0.897444232568039,0.6787248955429888,0.47162262810641065,0.7006124173708232,0.8498776127529903,0.5761889227879685,0.39492611430394914,0.5894972003848518,0.7148027364091164,0.6465547771885369,0.5038727502012893,0.6669503779400163,0.7586895363929387,0.15369988356752626,0.07467650560062367,0.14087969081450247,0.2980251165739462,0.21170040588843272,0.20552044289069107,0.2110128548811631,0.22191945260733845
1219,0.8578378378378385,0.644594594594595,0.8891891891891893,0.9702702702702702,0.7226994487757523,0.5492390459992799,0.7428745355438744,0.8434306141525725,0.848720917521659,0.7908470055222409,0.8518281517047976,0.9042228458176731,0.6784099202559806,0.4432683029992254,0.7040684886268753,0.8454373262160918,0.5757270758670718,0.3662716346362284,0.5829973962784525,0.7078542436461928,0.6474776452146683,0.4640888774237924,0.6688367974710812,0.757959465305076,0.15172374971672714,0.07245481644457188,0.1429156339599165,0.28938200092662913,0.2119565089534642,0.20545500309282913,0.2110128548811631,0.22367952263871752
1220,0.8608108108108113,0.644594594594595,0.8891891891891893,0.9702702702702702,0.723476804862981,0.5627063091478753,0.7415107983168172,0.8416657923635837,0.847360430109487,0.791611787496923,0.8501618167987408,0.9032743561341406,0.682119808145501,0.4367966390991606,0.7034394254439833,0.8424348522583766,0.5779251667390518,0.3603574702841917,0.5865669098616225,0.7100407349949438,0.6490598720777594,0.46396429367709846,0.6715458456465244,0.759149026689831,0.14964133665479218,0.07257747019326564,0.1403758956258425,0.28900319773117417,0.2118163585845776,0.20665781220931032,0.2110128548811631,0.22200655971421962
1221,0.8637837837837842,0.6716216216216221,0.8891891891891893,0.9702702702702702,0.7259036050656793,0.5771180886591671,0.7430886542466273,0.8374009267516691,0.8467929977842342,0.7829157483486164,0.8499895016276391,0.9009272715473139,0.6865055098428214,0.45639342239870995,0.7043375185831031,0.8452750336753571,0.5812602012488957,0.3798518035328673,0.5910566133440355,0.7172970942052413,0.6519118093970653,0.47557495601413835,0.6729852004978343,0.7629955487648912,0.14820666933432325,0.06697041113738826,0.14207305980314172,0.2832741512793753,0.21165183199963677,0.20539077253223803,0.2110128548811631,0.2203693526578252
1222,0.8689189189189193,0.698648648648649,0.8891891891891893,0.9702702702702702,0.7291692667582077,0.580071960463382,0.7481119124762122,0.8345819909065358,0.8465358112369255,0.7763291623944327,0.8506698521982767,0.8993979926625844,0.6904795273620546,0.4578011758581033,0.7078781942240643,0.8521424624342331,0.5843941437021433,0.3831867187894703,0.5921094276789208,0.7141296803164733,0.655181013306712,0.47991862561105636,0.6745885567789436,0.7585854017416556,0.1462402329880414,0.0670950415847158,0.1391778262363924,0.27718373602913154,0.2115173056352985,0.20421164693345223,0.2110128548811631,0.21876670671416878
1223,0.872972972972973,0.7000000000000003,0.9162162162162163,0.9702702702702702,0.7326733373250742,0.5879196672311338,0.7519173451901606,0.8435976266039341,0.84511591319463,0.7689328514115188,0.848476605247142,0.90160836063509,0.6930163489796624,0.461996812015031,0.7146317582797832,0.8525039852843366,0.5855020569020222,0.38983399042786565,0.589688337046846,0.711836474053127,0.657810767076801,0.4872629651013455,0.6719888719824167,0.7644910509697825,0.14467409526270125,0.07168538329016716,0.13416117340336148,0.2699208148440141,0.21137739232751307,0.20414741637286113,0.2110128548811631,0.21719747797381608
1224,0.8775675675675677,0.7000000000000003,0.9162162162162163,0.9716216216216215,0.736839497279076,0.5930605341973889,0.7541408925146813,0.8393188683695173,0.8454569364645339,0.7787187762292829,0.8520686696479067,0.896490701382386,0.6979717677367675,0.477448233877837,0.7136093278427013,0.8590048064418526,0.589959245496969,0.39838679336645827,0.5917870418903863,0.7191560541959708,0.661861301400649,0.4911931213245235,0.6773868953660085,0.7658124802528697,0.14093801993691366,0.06774711890039584,0.12866008509660212,0.2625785701730307,0.2116829075060498,0.20421164693345223,0.2110128548811631,0.22045645976470638
1225,0.8797297297297301,0.698648648648649,0.9162162162162163,0.9716216216216215,0.7408869034285995,0.5969175959221464,0.7562093967536415,0.8494162884839876,0.8461045362347704,0.772345268052992,0.8492054517239005,0.8993950513974535,0.700447252056133,0.4913941993237068,0.7180923827231214,0.8533567795638265,0.5924042272523325,0.40581093804488094,0.594279194611804,0.7280562349433896,0.6652459273781401,0.501870330056519,0.6792795932262874,0.7793537852478811,0.13777726700260257,0.06450536524908981,0.1250426218245531,0.2607306855488117,0.21197142602358834,0.20421164693345223,0.2110128548811631,0.22548272889385007
1226,0.8835135135135141,0.7243243243243247,0.9162162162162163,0.9972972972972972,0.7435819550202958,0.5954840003353961,0.7607536520341418,0.8436678509810036,0.845679296345613,0.7709577918853412,0.8456783860538716,0.9000019538532991,0.7034278965850704,0.5024002627422964,0.7204127402882348,0.8555537464912977,0.5946168692833518,0.41400313562461855,0.5936216535502764,0.7246235572486825,0.6677522960458978,0.5057410858566161,0.6833929128641896,0.7793335532164168,0.13606485322139228,0.0685489250935797,0.12703360495826838,0.25513233486731035,0.2117694159476814,0.20421164693345223,0.2110128548811631,0.22377064521516885
1227,0.8875675675675682,0.725675675675676,0.9162162162162163,0.9972972972972972,0.7456840341039966,0.6016457828907312,0.7553045194792463,0.8373782125727027,0.8461014865323938,0.7717889688602441,0.8497419074750823,0.9010026425689103,0.7068005122853761,0.5020323132148317,0.7278810718473323,0.8491114734444254,0.59779743682119,0.4218653545251728,0.6068166472631676,0.7267516252005278,0.6703704289820713,0.5139648109656577,0.6861031668654451,0.7706340401223885,0.13456738784551744,0.06396480577763457,0.12348554359370356,0.2529349890531775,0.21163575814301505,0.20545500309282913,0.2110128548811631,0.22209563922953188
1228,0.8924324324324333,0.7000000000000003,0.9162162162162163,0.9972972972972972,0.7473439020279122,0.5990013387887976,0.7578453134637918,0.8419533405730816,0.8452926137968076,0.7814835015168019,0.8517928628360686,0.9014032995918129,0.7092832209647021,0.5092223286224787,0.719570812023306,0.8553193835744927,0.5997466693328163,0.4129074549450453,0.6068019859076379,0.7249945384756358,0.67224961696718,0.5241547458758472,0.6940546802712848,0.7701722271799066,0.1338315724382613,0.06760063903849042,0.11944648684446206,0.2575234286054117,0.2114662338823292,0.20421164693345223,0.2110128548811631,0.22045645976470638
1229,0.8959459459459466,0.7000000000000003,0.9162162162162163,0.9972972972972972,0.7490719202406059,0.6080798364241048,0.7619241779988638,0.8418288623147282,0.8463986256490331,0.7763568178518003,0.8504614205147562,0.8986871228399398,0.7119414005679735,0.5137544222152098,0.7281827109899719,0.8479287286566081,0.6026657017119291,0.4301029242452321,0.6099702131974467,0.7351199596760571,0.6747118452403106,0.5335699399430794,0.692971708638128,0.7724213498421894,0.1320678557561498,0.0654633696273752,0.12114908886337453,0.2509457071304174,0.211313657162149,0.20545500309282913,0.2110128548811631,0.21885190904244034
1230,0.9000000000000007,0.725675675675676,0.9162162162162163,0.9972972972972972,0.7530224067485355,0.6183963577313482,0.7658978577380149,0.8448256110836221,0.8474295773237144,0.7899888581880621,0.8527553677701909,0.9058069855351253,0.7145541795447408,0.5206199066251481,0.728962241308869,0.8563579974735583,0.6056318564987899,0.4454201374199321,0.6074113567154726,0.7409394905977847,0.6782123015373549,0.534043246395342,0.6913276867653189,0.7734971403188605,0.12949634341385247,0.057818235213304786,0.12136261408143063,0.24396386279892285,0.2111755775071484,0.20421164693345223,0.2110128548811631,0.21728084025851005
1231,0.902432432432433,0.7270270270270274,0.9162162162162163,0.9972972972972972,0.755068449257559,0.6271913189539716,0.7655847440513142,0.8485711482993159,0.848767538144592,0.7872723157648849,0.8554660145422973,0.9036184539273177,0.7168098174793766,0.533815316518322,0.7225688611953915,0.8576084013911474,0.6083768011810896,0.46587116977931425,0.6146042341075346,0.7413958309805541,0.6807577100089013,0.5569217836847676,0.693478470988192,0.7747955610881508,0.12750962072218047,0.05736048169749448,0.11877823061949366,0.23715659953311793,0.211042124837591,0.20414741637286113,0.2110128548811631,0.21574215523566606
1232,0.907297297297298,0.7540540540540543,0.9162162162162163,0.9972972972972972,0.7574522110861605,0.6342485356430668,0.7650176241812757,0.8518415772433663,0.8487800258446144,0.7834534023261869,0.8513185801509833,0.903641640708258,0.721888646354158,0.5462624084947887,0.7289871955032443,0.8558066589348495,0.6127980479994117,0.4719113631114494,0.6185366724598045,0.7459136039644512,0.6840832330574106,0.5542370550778926,0.6953494116670118,0.7767699347719041,0.1260621057847548,0.0545869691349551,0.11767346014250654,0.2305053293102091,0.21093775265365378,0.20408435926491364,0.2110128548811631,0.21423480215736243
1233,0.90945945945946,0.7540540540540543,0.9162162162162163,0.9972972972972972,0.7587973899303274,0.6431107333367304,0.767328341347824,0.8482818184484512,0.8475973748292833,0.7849669463034495,0.8448790638121256,0.9015211270771054,0.7255627379324051,0.5592565611438092,0.7340791072962453,0.8651806769707486,0.6150980809117105,0.46553511915042617,0.6213183195868393,0.7450043489752429,0.6861779631777263,0.5732422342314764,0.6937081159461056,0.7743247852685294,0.1254605534471743,0.05468837863875451,0.1211813052011087,0.2239479094192137,0.21083530486985744,0.20292703572163026,0.2110128548811631,0.21275777338732876
1234,0.912432432432433,0.77972972972973,0.9432432432432433,0.9972972972972972,0.764047710195934,0.6526272804950832,0.7686873875973225,0.8575587270023075,0.8471682831159518,0.7872582208864156,0.846625500834512,0.9104981411537229,0.730324334158474,0.5723856510914698,0.739101997410875,0.8558159110383319,0.6187419887756552,0.4772033047884402,0.6228901347179755,0.7453041431161658,0.6902619762191773,0.5818258826920881,0.697308224432293,0.7753088495807452,0.12453735256531945,0.05645408029596637,0.11946539021824297,0.21772097932563805,0.2107232766129047,0.20286397861368277,0.2110128548811631,0.2113101033778469
1235,0.9162162162162168,0.8067567567567571,0.9432432432432433,0.9972972972972972,0.765946135949061,0.6617621046394446,0.7747118904738177,0.8537808369337893,0.8463139000205244,0.7812743571824385,0.8486134914390508,0.9055063691573586,0.7364879212500861,0.5855730659575663,0.7467640386167045,0.864166336728914,0.6232775601201119,0.48109756882848576,0.6262179668964157,0.74971216217961,0.69393075237472,0.5940666652286982,0.6968346432456345,0.7720890507733258,0.12296095064263453,0.06018246170067974,0.11963636889021398,0.22026446367600097,0.21061470668697596,0.20408435926491364,0.2110128548811631,0.21123350744426006
1236,0.9208108108108114,0.8081081081081084,0.9432432432432433,0.9972972972972972,0.7679692868729063,0.6545394640240487,0.7779956731160635,0.8534713377262907,0.8453354661507475,0.7807047704033853,0.8456415751817307,0.9028001031195837,0.7406312945194305,0.5978864432632088,0.7515638966285605,0.8556429000561767,0.6259949763171463,0.48834808471982405,0.6321555063024167,0.7429985650833586,0.6963556936264339,0.5973413398498599,0.6996137084116606,0.7846549634118077,0.1200388938667165,0.04863460647811261,0.11772130269345568,0.2183813928143902,0.21107676065414183,0.20414741637286113,0.2110128548811631,0.21392509680580307
1237,0.9240540540540547,0.833783783783784,0.9432432432432433,0.9972972972972972,0.7701157799308949,0.6711630604805371,0.7805148353413576,0.8545266085588225,0.8453276803001236,0.778316067765936,0.8476073315652047,0.9009546095147428,0.7441939219611982,0.5920249733617999,0.7553731431517898,0.8533904636568997,0.6289973331899955,0.5009547367775056,0.634180652527346,0.7459473641257653,0.6986913760810812,0.5989271617908343,0.7053338505438882,0.7761323561797294,0.11765348429458353,0.04704641507484525,0.11210525004601947,0.21336556903396683,0.2109235418053326,0.20414741637286113,0.2110128548811631,0.21245439857781112
1238,0.9262162162162169,0.8351351351351354,0.9432432432432433,0.9972972972972972,0.7714045886798906,0.6808436037465885,0.776444109530732,0.8490069605173047,0.8461792950800234,0.7848093298184041,0.8496124674817307,0.9025081394255422,0.7533093836918711,0.60927106478924,0.7683288009064659,0.8692681934527023,0.6372131899107918,0.5120566768800212,0.6443340415085983,0.7437978325547498,0.7037050810853966,0.6231953532432636,0.7094517101334041,0.7843704294076759,0.11519723748385732,0.055016264670781655,0.10795709162249215,0.1954048939307593,0.21137946723786982,0.20552044289069107,0.2110128548811631,0.21123350744426006
1239,0.9302702702702708,0.860810810810811,0.9432432432432433,0.9972972972972972,0.7727561830299056,0.6715130959869803,0.7800927850137854,0.8546521932021713,0.8455804041541434,0.7845507267645054,0.8481257706127986,0.9002325836489491,0.7604013385550652,0.6333754686948947,0.769422570510913,0.8641995309545193,0.6426859832992632,0.5292548057510345,0.6462635136597588,0.7510948799251236,0.7070616915306677,0.6310431528713446,0.7152901496780605,0.7794879998064704,0.11393129806594442,0.04986062487033109,0.10831850239940631,0.18971444377450322,0.2112478272493501,0.20545500309282913,0.2110128548811631,0.21115846697739507
1240,0.9318918918918926,0.860810810810811,0.9432432432432433,0.9972972972972972,0.7754469080291703,0.6710115590741652,0.7816954487687369,0.8545782928157492,0.8467044207895017,0.7891936572049312,0.8442841888366458,0.8986050906705535,0.7654754667517242,0.648066756034578,0.7805836434389054,0.870149469996166,0.6479151346349927,0.5480033790073988,0.6509046559711142,0.7567641872562025,0.7110932955489561,0.6317499406209603,0.7167592286878265,0.7833734136462734,0.1126081212196996,0.049050486324528006,0.1051976960162298,0.18382958270313854,0.2111278144084191,0.20545500309282913,0.2110128548811631,0.2110849320659955
1241,0.9354054054054062,0.8621621621621623,0.9432432432432433,0.9972972972972972,0.7781951745349857,0.6762982640331343,0.7821526943423784,0.8532973297779995,0.8470500693183125,0.790020201174827,0.8473294177318029,0.9027889146982697,0.7691760661740704,0.6570715911948747,0.7775105300278393,0.8687931889369156,0.6514857302481001,0.5559557361355797,0.6551156309171978,0.7600877882862145,0.7142618370788979,0.6256137326565974,0.7215833710614685,0.7895857405705892,0.10976967833339653,0.04973486079561826,0.10324849681128578,0.18138839126678033,0.21146963036542274,0.20678748256776336,0.2110128548811631,0.21138830687551313
1242,0.9386486486486494,0.8891891891891893,0.9432432432432433,0.9972972972972972,0.7773618011683756,0.6772006506778037,0.7807983925451207,0.8556503038730996,0.8467086117057397,0.7849171312489088,0.8464118931118908,0.905940456207387,0.7720689190937102,0.6684204695805767,0.7770321896060923,0.873331461247421,0.6537696116062354,0.5610561419455572,0.6506079466723929,0.7599540229503351,0.7145936981852331,0.6245198242681884,0.7202332154194965,0.7892172741222021,0.10903485447885092,0.043982141226923864,0.10282050403160073,0.1853772618276571,0.21133409351819285,0.20552044289069107,0.2110128548811631,0.2113101033778469
1243,0.9429729729729738,0.8891891891891893,0.9432432432432433,0.9972972972972972,0.7785378899361046,0.6734064082815836,0.7834618258642642,0.8524953781515096,0.848100162161202,0.791215993472215,0.851387333611381,0.906120336403374,0.7782716686821008,0.675360703640903,0.7819762244457223,0.8738471658122496,0.6600476190075847,0.5749349999370903,0.6602123102227905,0.7568622679395729,0.7185924996234607,0.6508747565086992,0.7238814244436749,0.7925702781580206,0.10758660109203286,0.04530020242397633,0.10040110474751318,0.17995982272249206,0.2112379088525209,0.20545500309282913,0.2110128548811631,0.21123350744426006
1244,0.9448648648648655,0.8891891891891893,0.9432432432432433,0.9972972972972972,0.7805597568353303,0.6853575821308123,0.7872099004536683,0.8624525828269629,0.8464262615164009,0.7878969723042054,0.8497912411961068,0.9097961583958918,0.7809855705388979,0.672098030580241,0.7819269290126165,0.872659756822523,0.6613792208000246,0.5771298089365661,0.6595400692460806,0.7579267313714839,0.7202879379317642,0.6590256548887176,0.7236091988164931,0.7867777987947773,0.10526313119355557,0.046182708718466754,0.10031172900609936,0.18007239187402632,0.2111458134597586,0.20539077253223803,0.2110128548811631,0.21115846697739507
1245,0.9459459459459467,0.8891891891891893,0.9432432432432433,0.9972972972972972,0.7815683073338877,0.6765788352518654,0.7879263732088084,0.8531837176264785,0.8464366864771816,0.794955900907937,0.8507984451585,0.9057246093948416,0.7827515350593479,0.6675209870083132,0.7914158075965663,0.86706016481004,0.6628328652146385,0.5769355449386872,0.6621232451099042,0.7553980992479659,0.7216351879509986,0.6594707191439424,0.7275072894463828,0.7849113959144718,0.10383528942616677,0.045487397817783125,0.09834048023096491,0.18478122720207626,0.2114335682245397,0.20532771542429054,0.2110128548811631,0.2125279334892107
1246,0.9462162162162169,0.8891891891891893,0.9432432432432433,0.9972972972972972,0.7836766850475194,0.6804087601852168,0.7875864609158321,0.8603860468546122,0.8454397282511582,0.7811215658045496,0.8502855982642825,0.9034940110865292,0.7846201599630195,0.6831280460277129,0.7920076325289587,0.8714174942954767,0.663566871840804,0.5805813780537786,0.6668207979729706,0.7559812248840092,0.7231208435440883,0.6652411568321753,0.7293137516752114,0.7849267616712335,0.10248453098317835,0.0492774812760341,0.09681666437878772,0.17542351958891889,0.21132458822372033,0.20414741637286113,0.2110128548811631,0.2110849320659955
1247,0.946486486486487,0.8891891891891893,0.9432432432432433,0.9972972972972972,0.7868098432428622,0.6974626778046888,0.787391747975926,0.861102163733574,0.8455802773478228,0.7813937614294619,0.8470698793805361,0.9004183604273294,0.7893849283087333,0.6914104754929478,0.7923096711250335,0.8764279467467203,0.6677550581473727,0.5666040473921511,0.6712167272946963,0.765529066392483,0.7269164849208519,0.6646096608927456,0.727269847069499,0.788757308361708,0.09886779607532105,0.04556644496728763,0.09367808056277561,0.1660190927217736,0.21174689031332083,0.20665781220931032,0.2110128548811631,0.21189450777198252
1248,0.947297297297298,0.8891891891891893,0.9432432432432433,0.9972972972972972,0.7889786931715473,0.6927264817140846,0.7879613285108873,0.8659603990305275,0.8462029098703018,0.7740286015667261,0.8442347498916425,0.9036872440243087,0.7915118019834919,0.6890239835783413,0.7968427329992871,0.8777624741426177,0.6701164115215509,0.575701406272306,0.6722743777427798,0.7634226038459859,0.7293474891893494,0.6617038250470033,0.7280300226256566,0.7958411641797477,0.09845370256394727,0.04304222365167764,0.0972390214011711,0.16907474011258863,0.21162116734886008,0.20672204276990142,0.2110128548811631,0.21180542825667023
1249,0.9478378378378386,0.8891891891891893,0.9432432432432433,0.9972972972972972,0.791200733856565,0.7053182398514736,0.7914725667002751,0.8645815590037399,0.8468962653086709,0.7832491824595406,0.8528105381114328,0.9047255795427125,0.7976981708366795,0.7055611065755559,0.8014331180380307,0.874980477704607,0.6757007298539187,0.5762845616782559,0.6741647196083036,0.7669836662955575,0.7333755012121279,0.6701632043541601,0.7302380331042425,0.7973479578778567,0.0983762551703229,0.046964213328391,0.09625669359196354,0.16198455316679827,0.21147109030931155,0.20672204276990142,0.2110128548811631,0.21171832114978906
1250,0.9489189189189196,0.8891891891891893,0.9432432432432433,0.9972972972972972,0.7924140654750417,0.7112289788069154,0.7908249888882715,0.868317105719241,0.8476894925033207,0.7790265506601317,0.8521822863355804,0.9065597274775863,0.800589649684782,0.7099866844779135,0.8041261612258263,0.8740173629938598,0.6788247637407352,0.5781071892594759,0.6811188264568215,0.7721025083462457,0.7354971412272261,0.6610638366941436,0.7361393458755836,0.7981898090777929,0.0986526445890091,0.04786725496865437,0.09923036720663966,0.16664212727346334,0.2113254831307584,0.20545500309282913,0.2110128548811631,0.21163311882151753
1251,0.9497297297297304,0.8891891891891893,0.9432432432432433,0.9972972972972972,0.7942491207464956,0.7189554518025542,0.7921383863599393,0.87428055113098,0.8469847321854377,0.7840652312059003,0.8469103104671447,0.9048584571954893,0.8049932656768614,0.7222118203486776,0.8044418535549642,0.8788475856345396,0.6818337640674704,0.5907021925064279,0.6864500574449253,0.7706371340661111,0.7380280958068868,0.6711763431024342,0.7378846127539589,0.8017400831238531,0.09796951198923982,0.04752168036371612,0.09699415155074739,0.16187497430891784,0.21125467286398533,0.20545500309282913,0.2110128548811631,0.21154975653682354
1252,0.9491891891891897,0.8891891891891893,0.9432432432432433,0.9972972972972972,0.7957249073284602,0.7165073992627636,0.7922049183736064,0.8699979668598704,0.8477423871959463,0.7942930095455603,0.8490423949011734,0.9026745139832796,0.8079244391866996,0.7164534710140332,0.8060517144548927,0.8771249285384721,0.6849328142282495,0.5950955599169176,0.6926805702701109,0.7689481660362772,0.7403217028551807,0.6717069519333014,0.7422782209177898,0.8072475070353705,0.09700333459518685,0.04296689885294422,0.09547470813478304,0.16386943061232292,0.21114839478816072,0.20421164693345223,0.2110128548811631,0.21146817232895443
1253,0.9497297297297302,0.8891891891891893,0.9432432432432433,0.9972972972972972,0.7961794311590131,0.7201316865545054,0.7912344659287818,0.8778578176521004,0.8484058816234146,0.7893888036203084,0.847719738540968,0.9046823706939483,0.8099042285431314,0.7281940495937964,0.8100237349459742,0.8762234136031547,0.6871344058697195,0.5948571802788647,0.6909811518769092,0.7649097511361135,0.7416443377547556,0.6734711843960144,0.741724012846544,0.8073620899850409,0.09713133995567633,0.044199879611040056,0.09754239450918087,0.15952329965349357,0.21104479094819195,0.20414741637286113,0.2110128548811631,0.21138830687551313
1254,0.9497297297297304,0.8891891891891893,0.9432432432432433,0.9972972972972972,0.7958198117409263,0.7115759699080041,0.7953770167842806,0.8744859728867699,0.8482929584340934,0.7768186861238453,0.8512228346847384,0.9041849695741786,0.8098823208198551,0.7318832293540865,0.8147921296894657,0.8814662405019469,0.6871180595006245,0.5923909269210653,0.6928837480352785,0.7669949690245047,0.7418437847188515,0.6735542705783165,0.7424217097654233,0.8144845799441774,0.09629852554290841,0.04449723829468638,0.09564579398690068,0.1546508105730409,0.21099360295549996,0.20532771542429054,0.2110128548811631,0.2113101033778469
1255,0.94945945945946,0.8891891891891893,0.9432432432432433,0.9972972972972972,0.7966857578304114,0.7112628053310792,0.7949104086559373,0.8681853394427499,0.8490441415221399,0.7709724882198006,0.8535755877024533,0.9030535880675603,0.810426226581168,0.7254231644548137,0.8109127983924349,0.8818152583826157,0.6882352390046956,0.5981386164454958,0.6946575653452836,0.7713496438461731,0.7428642000927725,0.6735092544223908,0.7442475526790264,0.8076592485307227,0.09640780843562054,0.04384421689323224,0.09718664942335122,0.15551469807217094,0.21093290023331002,0.20532771542429054,0.2110128548811631,0.21123350744426006
1256,0.951351351351352,0.8891891891891893,0.9432432432432433,0.9972972972972972,0.7982450374710158,0.7115915962913683,0.7965184298866681,0.8623761945724289,0.8498879269613094,0.7696533747355723,0.8564379003283886,0.9096599764444822,0.8117409722543937,0.716762732140407,0.8138126297537287,0.8819751545476092,0.6900617667032306,0.5984284378250629,0.6957459368076417,0.7680251072705633,0.7444896186072864,0.6743983551256942,0.7487971156771795,0.8077189679595289,0.09534468853282956,0.04259863707819475,0.09304238617199025,0.16256879012257117,0.2108502384538828,0.20532771542429054,0.2110128548811631,0.21115846697739507
1257,0.9510810810810817,0.8891891891891893,0.9432432432432433,0.9972972972972972,0.8009938767363297,0.7100829200902704,0.8038182268011318,0.871264749210125,0.8505013728364124,0.7755335955596969,0.8584070971491577,0.9058688891114512,0.8128172478411603,0.7070226169228837,0.815630897394739,0.8903904802540197,0.6915539128381396,0.5965483508392162,0.7003620294431812,0.7714592837946946,0.7466204338879343,0.6802732325718264,0.7511578887138914,0.8098827851592625,0.09404934830995662,0.03652774946795137,0.09377503436140207,0.1614197516471474,0.21080832730113064,0.20665781220931032,0.2110128548811631,0.2110849320659955
1258,0.9518918918918928,0.8891891891891893,0.9432432432432433,0.9972972972972972,0.800039604734814,0.721731997515456,0.8038784041628771,0.8689923260428258,0.8507531958195922,0.776256410189896,0.8572687154688293,0.9051927480700339,0.8119125650925274,0.7020917717016656,0.8143585164380233,0.8902588869284263,0.6908982066313175,0.6100133851953786,0.68997486057718,0.7767538954611307,0.7457443170923657,0.6762965775349952,0.7478438659533838,0.8067495548313868,0.09279985189893808,0.03804978577426739,0.0932985618233349,0.16217120522294,0.21074412103497636,0.20665781220931032,0.2110128548811631,0.2110128548811631
1259,0.9516216216216224,0.8891891891891893,0.9432432432432433,0.9972972972972972,0.8019245092215127,0.7190648784592448,0.803602488125844,0.8701791917618246,0.852020178207602,0.7781311391078639,0.8609825423370965,0.9001141584113524,0.811953215582254,0.6978645346341225,0.818685028857326,0.8909683584630933,0.6918565103937452,0.6061708768264461,0.69832275410489,0.7808036632237817,0.7473657209317928,0.6748482994380081,0.7482225973381542,0.8128632907821394,0.09298469562296524,0.04359534539411304,0.09009213426310594,0.15509321227109282,0.21069047614787906,0.20672204276990142,0.2110128548811631,0.2110128548811631
1260,0.952432432432433,0.8891891891891893,0.9432432432432433,0.9972972972972972,0.8037832404075028,0.730066554753478,0.8085439321383482,0.8625909704457245,0.8511740012298574,0.7784002506607619,0.8586168473715587,0.902796077130631,0.8151167917211428,0.7099115194439881,0.8222898837714918,0.8887034679854898,0.6941621715798924,0.6063449707821691,0.7008415573103796,0.7847530870112696,0.749619724012534,0.6666953220772629,0.755175290860276,0.8134164889977575,0.09231453281112849,0.04273911004605798,0.09384909164703964,0.15234397304838265,0.21066280735085435,0.20672204276990142,0.2110128548811631,0.2110128548811631
1261,0.9518918918918926,0.8891891891891893,0.9432432432432433,0.9972972972972972,0.805523462873928,0.729725296062533,0.8089979505173892,0.866195495038709,0.8518001756481319,0.779875206094164,0.857679443840256,0.9044639671401089,0.8157568019120286,0.7052769631218453,0.8225916981728473,0.8859443118466279,0.6950780626892958,0.613505680452765,0.7020170735416429,0.7827164271763477,0.750990357881376,0.6807819721825377,0.7540774706238242,0.813263802919738,0.09244309298414252,0.04086545386169709,0.09033543176083308,0.1462738949219159,0.21062399521669511,0.20672204276990142,0.2110128548811631,0.2110128548811631
1262,0.9532432432432439,0.8891891891891893,0.9567567567567568,0.9972972972972972,0.8066553047213015,0.7261187813188269,0.8142096576772676,0.8650129691963833,0.8515855970826801,0.7712478950614492,0.8536069399246786,0.9076804268378978,0.8185622951468605,0.7183824938089516,0.8247441943854206,0.8888787895193917,0.6972301550809941,0.6143334797421607,0.7059942093002067,0.7835231285584822,0.7526382885588286,0.6733547301668977,0.75978217650413,0.8111543901804854,0.0916263799676444,0.04400433352608671,0.08643994591167103,0.14870266585860015,0.21061257791887233,0.20552044289069107,0.2110128548811631,0.2110128548811631
1263,0.9521621621621628,0.8891891891891893,0.9432432432432433,0.9972972972972972,0.8075053975381788,0.7342647537802547,0.8193437960570255,0.8631738767135868,0.8520801923957809,0.784011013941246,0.8537259445373292,0.9027094289601609,0.818260784700533,0.7110533354173847,0.8284243055834306,0.8904975850864427,0.6972810622610133,0.6119228998792027,0.7085863691815786,0.7837929469486986,0.7530543832209012,0.6789844876010713,0.756508201653772,0.8084322280727381,0.09084770914000308,0.04254838424670052,0.08353136170490308,0.1518786096074077,0.210578201722366,0.20552044289069107,0.2110128548811631,0.2110128548811631
1264,0.9518918918918925,0.8891891891891893,0.9432432432432433,0.9972972972972972,0.8085527792543431,0.7393954078874053,0.8184672772734434,0.8680784531694282,0.852137110432274,0.7841267648880067,0.8559114375131933,0.9022665653969439,0.8186014205185517,0.719298022029631,0.8247432117933631,0.8968038237144165,0.6976545604849774,0.6113603262990384,0.7077522651446548,0.7797097649596262,0.7536601058723592,0.6787954678037539,0.7564089861360965,0.8081942615056001,0.09069455733286996,0.04536411316638586,0.08698969634649174,0.1544853049273085,0.21051897661846397,0.20552044289069107,0.2110128548811631,0.2110128548811631
1265,0.9518918918918926,0.8891891891891893,0.9432432432432433,0.9972972972972972,0.8093272590319242,0.7363037930004614,0.821026608275738,0.8675809521196141,0.8526291705498423,0.7785130692024098,0.857304414800349,0.9047963053236693,0.8202189298499492,0.715016839490953,0.824766711818854,0.8922298643709201,0.6994498910116033,0.6057851769229381,0.7087468448839165,0.7836700621853168,0.7548873858017733,0.6780206774526091,0.7622515950344737,0.8062674444718827,0.09052615669824314,0.04357053164597304,0.08947184861671043,0.14874724814759158,0.21051500234507503,0.20678748256776336,0.2110128548811631,0.2110128548811631
1266,0.9540540540540547,0.8891891891891893,0.9702702702702702,0.9972972972972972,0.8102275723370382,0.7289936697373076,0.8181337039098256,0.8662689205632946,0.8513143460357382,0.7789734946627199,0.85445823690615,0.9055706405263461,0.8221905394311626,0.7285009591231042,0.8277149513171173,0.8937187811401032,0.6998731979001349,0.6190040189934181,0.7088069999226676,0.7841067447538098,0.7557503723468225,0.6794286204785418,0.760327221210634,0.8045246293099757,0.09060245271314685,0.04386220702963277,0.08963859771372765,0.14923556235584404,0.21045876355612722,0.20678748256776336,0.2110128548811631,0.2110128548811631
1267,0.9529729729729737,0.8891891891891893,0.9567567567567568,0.9972972972972972,0.8110305322922217,0.7291363837732738,0.818951513154502,0.8687930748482365,0.8505584922708441,0.7872766512805418,0.853271345922967,0.9061645661522334,0.8251665736096762,0.7302371694959511,0.8266230369154954,0.8903145521219532,0.7018574282574181,0.6267068871093489,0.7108805044173762,0.7866243656237986,0.7569664043448725,0.6917460407348581,0.7632732539983177,0.8025930811603299,0.08982469585932176,0.04423523125903307,0.08618978891200738,0.14599901411262506,0.21040407505916872,0.20552044289069107,0.2110128548811631,0.2110128548811631
1268,0.9537837837837843,0.8891891891891893,0.9702702702702702,0.9972972972972972,0.8105269596671892,0.7362618014416482,0.8176062939263351,0.8719138981922089,0.8514040868204696,0.7866818468428249,0.8536562365685746,0.9040607231680913,0.827974317482257,0.7422570015859653,0.8298522645856029,0.8933557976539295,0.70492527808754,0.6326433039909328,0.7120296086155102,0.7827314849801573,0.7582551928601083,0.6918815741452533,0.7638419410369863,0.8055103962830278,0.08874482348960915,0.04349473024244525,0.08375866143745196,0.15294910268257875,0.21037785875901446,0.20672204276990142,0.2110128548811631,0.2110128548811631
1269,0.9540540540540547,0.8891891891891893,0.9702702702702702,0.9972972972972972,0.8124586790812721,0.7355304926981778,0.8200184833294887,0.8636489707992382,0.850535273057151,0.78794069031468,0.8512417971347123,0.9094357942349893,0.8298748597927877,0.7493606466808933,0.8322351739358059,0.8949718676514086,0.7057533749343048,0.6375096262131732,0.7088159981362802,0.7788949935058284,0.759790469279088,0.6952244698117913,0.7616170217092296,0.8093714109549945,0.08871390403142404,0.04289654702083241,0.08564105099619965,0.15304734318981586,0.21035415825576462,0.20672204276990142,0.2110128548811631,0.2110128548811631
1270,0.9529729729729737,0.8891891891891893,0.9702702702702702,0.9972972972972972,0.8132361486956845,0.736823014576274,0.8163327689910941,0.8731744839784387,0.8506182451348668,0.7917605532438038,0.853210025316175,0.9078617264658516,0.8312695699888564,0.7480084395618078,0.8348899693740351,0.8992111591239279,0.7069696980281699,0.6391611689506055,0.7128797074623268,0.7806612785380651,0.7607621310383296,0.6962053599412713,0.7616525473754172,0.8130344750570945,0.08837827735246095,0.045493011749582896,0.08287697981084885,0.1471381259578746,0.21030342395967513,0.20678748256776336,0.2110128548811631,0.2110128548811631
1271,0.9527027027027032,0.8891891891891893,0.9567567567567568,0.9972972972972972,0.8172072076209191,0.7449386071918264,0.8230750625916734,0.8777457974280435,0.8498069251823517,0.7890217997305231,0.8516506125867906,0.9098867519547912,0.831339582392465,0.7435550822983137,0.8371657993849704,0.9028955058361705,0.7062516963059529,0.6300020731137754,0.7141355503431139,0.7724679703529035,0.7624868080909437,0.6999881858623791,0.762689916922884,0.8092129070705001,0.08632030954010357,0.04197367063768277,0.0820769523871833,0.14444499878121977,0.21027672869998523,0.20552044289069107,0.2110128548811631,0.2110128548811631
1272,0.9516216216216219,0.8891891891891893,0.9432432432432433,0.9972972972972972,0.8176081919668118,0.7432551338785507,0.8223240891021384,0.874245293690494,0.8493581222906554,0.7832320288189084,0.8506299799015254,0.9118406295215553,0.8322823271140297,0.7540244462978024,0.8328976215684363,0.8985017623269126,0.7066112059043358,0.6227731897032687,0.7068069237432033,0.7857994224860971,0.7628929025482827,0.7032821408667332,0.7622916067944472,0.8146643045352265,0.0862069766284105,0.04355797221872183,0.08193746660788429,0.1425051460707191,0.21026581428104216,0.20552044289069107,0.2110128548811631,0.2110128548811631
1273,0.9527027027027031,0.8891891891891893,0.9432432432432433,0.9972972972972972,0.8189075336341014,0.7485457438294086,0.825155486922951,0.8736084336308283,0.8510269294158909,0.7907171760143697,0.8539063280888479,0.9094472783074858,0.8338141319701515,0.7566126466100369,0.8358280455853356,0.9054018449253128,0.7094114325891361,0.6343707427699471,0.7110553235590851,0.7885376744950855,0.7648802062974417,0.7011539912619927,0.7627958232839203,0.8232966510000826,0.08589263137501098,0.04073330626634558,0.08302112961093203,0.1431040171918205,0.21026450407965946,0.20552044289069107,0.2110128548811631,0.2110128548811631
1274,0.9540540540540544,0.8891891891891893,0.9702702702702702,0.9972972972972972,0.8208346143541277,0.7501974339888863,0.8220360738250836,0.8745631574425542,0.8522095952270488,0.7832307202562613,0.8510917628973771,0.9100275897943396,0.8333198810086266,0.764031101194878,0.8378678110339511,0.8986702920778114,0.7100508980816507,0.6389163160222807,0.713704397362614,0.7786129393148132,0.7660619316269749,0.7094818204481762,0.7675270542152224,0.8201298838359158,0.08540150331499183,0.043828816483200715,0.08365600028954068,0.14754048567194025,0.21027843741644905,0.20672204276990142,0.2110128548811631,0.2110128548811631
1275,0.9543243243243245,0.914864864864865,0.9702702702702702,0.9972972972972972,0.8215267114358475,0.7580029600477853,0.8197691916004668,0.8787045370260606,0.851906686629773,0.783478600672934,0.8521290767153993,0.9123695026552184,0.8343717219728763,0.7758441392114335,0.8381488074834984,0.90617122174685,0.7107399057127074,0.6351130328827391,0.7157093586233244,0.7901525559663937,0.7666664258920776,0.7170639411603554,0.7649586664757222,0.8204509585976054,0.08485964249618366,0.03900124382794697,0.08276955336861175,0.13884698928472777,0.21026600293289086,0.20665781220931032,0.2110128548811631,0.2110128548811631
1276,0.954864864864865,0.9162162162162163,0.9702702702702702,0.9972972972972972,0.8201570127452337,0.7529640202701149,0.8177772428491294,0.8727412015866618,0.8525191647570566,0.781071430221115,0.8529189050921113,0.9150844132197159,0.8353771227975675,0.7690043660633955,0.8438933936499082,0.9059386150826367,0.7121792031285047,0.6391522460668931,0.72146928132616,0.7792212737625367,0.7666306774650985,0.7116706288576569,0.768297870958851,0.8209958494169984,0.08612436290130944,0.042302709640766,0.08571175479482257,0.14167206431477838,0.2102926463742464,0.20659475510136283,0.2110128548811631,0.2110128548811631
1277,0.9556756756756758,0.914864864864865,0.9702702702702702,0.9972972972972972,0.8207789548537628,0.7553123955691748,0.8252883459881944,0.8742969212782392,0.8536892688525453,0.7869627763494932,0.8519010719742021,0.9130823976120004,0.8363577308660051,0.7714087702939904,0.8432597762423921,0.907757538357791,0.7140090999392368,0.6357858519885242,0.7211003461549204,0.7898246217905484,0.7678207104702015,0.7119899368610436,0.7668375108320133,0.8188299572926956,0.08477254085878907,0.039158807049990155,0.08368569151978016,0.14089513405333928,0.21031864336772807,0.20665781220931032,0.2110128548811631,0.2110128548811631
1278,0.9554054054054056,0.8891891891891893,0.9702702702702702,0.9972972972972972,0.8186148014493351,0.7501645482118534,0.8210392334277478,0.8780324295429145,0.8538944356153978,0.789280445057689,0.8544717484746185,0.9132547068845336,0.8358899058459951,0.7632785644457403,0.8443359227265017,0.9029982412132865,0.7137472110777057,0.6365607590816055,0.7169665190862784,0.7845094602292904,0.7666989288576351,0.7103714660882344,0.7680648787669124,0.821538046582568,0.08523921212634678,0.04161701217215411,0.08419879087388399,0.14258334983675788,0.210332446442311,0.20794927291687543,0.2110128548811631,0.2110128548811631
1279,0.954594594594595,0.8891891891891893,0.9702702702702702,0.9972972972972972,0.8197122289592355,0.7588833466317595,0.8214205319590584,0.8758739672093522,0.8526611008938434,0.7919414042452341,0.8520260441366774,0.9068325423909819,0.838156327216946,0.7682189651567873,0.843681065429696,0.9069378332471958,0.7146098347107238,0.6384424878499484,0.7203523482928813,0.7855024651202716,0.7676802100892702,0.7113670869858603,0.7685791822719679,0.8209319715175293,0.08393195480659546,0.0431633469795456,0.08360055172634935,0.13438926303997153,0.21034828000209238,0.20801350347746653,0.2110128548811631,0.2110128548811631
1280,0.9548648648648651,0.914864864864865,0.9702702702702702,0.9972972972972972,0.819772369742487,0.7640645135694071,0.8234189805754704,0.873801037726493,0.851780808154447,0.7885659777596628,0.8539305786017858,0.9105956526494926,0.8401507039525512,0.7742146378944422,0.8435914401865439,0.9082575569684741,0.7155661554148636,0.6407972591640596,0.7212106871704356,0.7894297712210662,0.7681533758324912,0.7193572270609349,0.7678750705848351,0.8184780364024132,0.08382141382620784,0.042469347683429796,0.08252112011957437,0.13775931111156103,0.2103721995190122,0.20801350347746653,0.2110128548811631,0.2110128548811631
1281,0.954594594594595,0.914864864864865,0.9567567567567568,0.9972972972972972,0.8182705068390197,0.7600749154530482,0.8252951463290868,0.8746962321992797,0.8506374415985714,0.7808226623590722,0.8516418084948765,0.9061927159571632,0.8413506838478259,0.7698552323259356,0.8467185715057995,0.9008900067764954,0.7156390562932105,0.638782386146866,0.7199331573817687,0.8046632089712074,0.7674790584356721,0.7170465383302838,0.7669560230480598,0.8202368747790114,0.08380367877000186,0.04112046781646064,0.08185348897856054,0.1428552853498386,0.21037350972039487,0.20801350347746653,0.2110128548811631,0.2110128548811631
1282,0.9551351351351356,0.8891891891891893,0.9432432432432433,0.9972972972972972,0.8183889788278144,0.7685160946931988,0.8209325297575107,0.8776464724979928,0.8517159853852415,0.7845735784259984,0.8548529654369846,0.9040948611807494,0.841516158683952,0.7647496310614137,0.8492137105204155,0.9031851056647965,0.716602825589658,0.6238479094755474,0.7189784189028806,0.7887086568620544,0.7681120043141972,0.7156255981644511,0.7663141801422753,0.8158120517028977,0.08316766286901657,0.034608947459680364,0.08233761441717719,0.13800314917363612,0.21043682561239166,0.20807894327532847,0.2110128548811631,0.2110128548811631
1283,0.9548648648648654,0.914864864864865,0.9432432432432433,0.9972972972972972,0.8185323864726267,0.7635319269433997,0.8222518558674554,0.8756943082711527,0.8518312421854404,0.7876880284257842,0.8548674030715431,0.9092555944409054,0.8420268454219372,0.7655949324400068,0.8475773333733556,0.9001159935183601,0.7170214005372031,0.6386875417160836,0.7174695425333204,0.7913121694608614,0.7683866824035005,0.7174323870921223,0.767031226858626,0.8170594823604893,0.08296928793388401,0.03807014385599676,0.08267914409861808,0.14201126131104108,0.21046072679773084,0.20807894327532847,0.2110128548811631,0.2110128548811631
1284,0.9556756756756762,0.914864864864865,0.9702702702702702,0.9972972972972972,0.8199902959666221,0.7582199209214943,0.825387909400312,0.8749557637930492,0.8531056614691767,0.787702341468478,0.8549765119956462,0.904820257128283,0.8424053312343667,0.7606683141033292,0.8515416476216312,0.898403026658854,0.7184627947265012,0.6324048061255543,0.7212809329483612,0.7916626572387105,0.7698697290822679,0.7106520984421199,0.7706666228885741,0.8191291983072694,0.0826788448007464,0.03803211412726851,0.08304015085289632,0.13271103116678257,0.21052485149100605,0.20807894327532847,0.2110128548811631,0.2110128548811631
1285,0.9551351351351356,0.8891891891891893,0.9567567567567568,0.9972972972972972,0.820986590892982,0.7471976338876579,0.8257170694124827,0.8720722873220957,0.8533531860936485,0.785632441527281,0.8542293927490443,0.9078218869202852,0.8416540412173458,0.7679123422238157,0.849519691106354,0.9039367901120517,0.7180412288611069,0.6250373964438035,0.7225760142295057,0.7885870157341898,0.7701032114035897,0.719088156296954,0.7721957913828177,0.8203051518723496,0.08232356855046741,0.04392991365984989,0.07928333765696721,0.13663370781952824,0.21057834368506229,0.2094622798040753,0.2110128548811631,0.2110128548811631
1286,0.9556756756756761,0.914864864864865,0.9702702702702702,0.9972972972972972,0.8231863092668021,0.7469269053955876,0.8257686169613893,0.8796360837495054,0.8528827912926491,0.7852642604535826,0.8575542274514201,0.9098467208769994,0.8423859508651548,0.7519221233092757,0.8518561115661056,0.9122192724878335,0.7182319330206063,0.6186574365160735,0.7205546745305946,0.7906747613984508,0.7713716401403008,0.7121013440359918,0.7714974348567787,0.8177442654661391,0.08222577206709275,0.04404866412823292,0.0804801017213018,0.1346906253965166,0.21060333871283604,0.2094622798040753,0.2110128548811631,0.2110128548811631
1287,0.9559459459459464,0.914864864864865,0.9702702702702702,0.9972972972972972,0.8241940824823963,0.7479201558029277,0.8270434173982959,0.87141985328809,0.8540799182941337,0.7879734186573556,0.8567331859802447,0.9082632016496546,0.8428885406383668,0.7449043151477416,0.8521865578945181,0.9043071040697617,0.7197024272081091,0.6218724500132359,0.7235923055886886,0.7966152063534618,0.7725914006327431,0.7130737502561504,0.7783032354064988,0.8167899239798506,0.08191306043481829,0.04135586566834995,0.08119353057970183,0.1335974078215467,0.2106297639321671,0.2094622798040753,0.2110128548811631,0.2110128548811631
1288,0.9540540540540544,0.8891891891891893,0.9432432432432433,0.9972972972972972,0.8241119019885388,0.7548500489806143,0.8273144907220985,0.8709619880703189,0.8532610366125882,0.7809872145111162,0.8587751721359429,0.9121801667634712,0.8455782725689742,0.7556228414796469,0.8572237651792496,0.9038936510186429,0.7212869171333476,0.6292777075247356,0.7253317312366947,0.8003450073950177,0.7732757336516211,0.7163834070837389,0.7770246816601873,0.8165114398073727,0.08231855245146802,0.04072835665410457,0.08087662211765766,0.1284809415568394,0.2106552214658748,0.2094622798040753,0.2110128548811631,0.2110128548811631
1289,0.9554054054054059,0.8891891891891893,0.9567567567567568,0.9972972972972972,0.8245212165848328,0.751942068657737,0.8267911713590737,0.8770964034909154,0.8528423043316942,0.7837460319337043,0.8555273200686875,0.913216434594919,0.8453094996253897,0.7485101884667905,0.8586559743633366,0.9050255569976665,0.7207341502648485,0.6293869397300702,0.7280880573099631,0.7940642360589005,0.7731514236765777,0.7202910624592657,0.7748733815896747,0.8168658043110185,0.08283794519007001,0.040879977425156665,0.08200244160943561,0.13042500435038396,0.2106688157891123,0.20953025142026296,0.2110128548811631,0.2110128548811631
1290,0.9551351351351356,0.914864864864865,0.9432432432432433,0.9972972972972972,0.8246701552537427,0.759663665051395,0.8275791341302504,0.8757111043462733,0.8541369871469275,0.7891398447947701,0.8577651663826539,0.911572076335415,0.8453090129886905,0.7373920097334309,0.8572094804954842,0.8989281167381565,0.7218744514924402,0.6209772797884467,0.7257980815956254,0.7931220308652339,0.7738758909760177,0.7200356895438503,0.7773192492926015,0.8192099908514435,0.08253430879798064,0.039799869490979,0.08047527226666237,0.12857922314228962,0.2106949991609892,0.20953025142026296,0.2110128548811631,0.2110128548811631
1291,0.9545945945945951,0.8891891891891893,0.9432432432432433,0.9972972972972972,0.8257503552916688,0.7698084790492359,0.8281629445402567,0.882210519683175,0.8539297659504069,0.7895024251653632,0.853026819196846,0.9143153398445147,0.8452652692035953,0.7443186272321872,0.8621192996739605,0.8998644309793605,0.7216879834058422,0.6158758323079775,0.7272129405368726,0.7903041393285152,0.7742713213911039,0.718127627653854,0.7770418332797264,0.8206047329757784,0.08191799526098592,0.04087008911380603,0.07994551619766319,0.12704583947186707,0.21072168144379913,0.20953025142026296,0.2110128548811631,0.2110128548811631
1292,0.9540540540540546,0.8891891891891893,0.9432432432432433,0.9972972972972972,0.8269558077363517,0.7709573080051652,0.830207166759535,0.8801484368555686,0.8538503419491376,0.7845590407989318,0.8562267353345874,0.9101526395513412,0.8460806071703475,0.756528265484647,0.8572252496769848,0.8962340413948835,0.7223336806400737,0.6308169694899828,0.7260905304880562,0.7877015673668256,0.7751824359303141,0.7196258146880324,0.7793371295263842,0.8264065160436971,0.08058559539152396,0.03755998093421528,0.07739167452200339,0.12500816187035038,0.21072168144379913,0.20953025142026296,0.2110128548811631,0.2110128548811631
1293,0.9545945945945951,0.9162162162162163,0.9432432432432433,0.9972972972972972,0.828664108755984,0.7700723017544505,0.8304401854535695,0.8820942100585897,0.8539503029733213,0.7913116370492659,0.8574419501617015,0.9148087830403957,0.8465095425727273,0.7591663609155171,0.8578549244515559,0.907565956871085,0.7228222835537338,0.6275145698364062,0.7245466423549564,0.7860294684110828,0.7762575693615714,0.7145055436147151,0.7785336253974696,0.8256433909382574,0.07942941998153201,0.03815550738198167,0.07921997586382384,0.12932563365282726,0.21076303552497905,0.20953025142026296,0.2110128548811631,0.2110128548811631
1294,0.9554054054054057,0.9162162162162163,0.9432432432432433,0.9972972972972972,0.8288544210470009,0.7655339570594631,0.83361393358339,0.8833547291506149,0.8542996802029309,0.7847471195519358,0.8576736211863424,0.9190624934125575,0.8467675827677758,0.7566174607516508,0.8544002605320571,0.9098475105742226,0.7233238045811254,0.6319772599051322,0.7259548931502322,0.7906351443153172,0.7765627492285573,0.7193831472706675,0.7779935010696519,0.8275164490114062,0.07829602345030487,0.03601392160334094,0.07767231003594954,0.12643417979697816,0.21078996710797523,0.20953025142026296,0.2110128548811631,0.2110128548811631
1295,0.9535135135135139,0.9162162162162163,0.9432432432432433,0.9972972972972972,0.8289538645855177,0.7594070156384074,0.8314671660791821,0.879631218339876,0.8538311279145939,0.7826076190329845,0.8585268822086374,0.9210790634362693,0.8472157904137435,0.7658192664609501,0.8606838423470475,0.9074063210852604,0.723349167401456,0.6210776354924185,0.7277727623972651,0.7917629951991355,0.7766851770411225,0.7264751981746883,0.7790365391967169,0.8280351171724563,0.07780515569879343,0.039747960991936254,0.0782100419301694,0.13140637176390085,0.21078996710797523,0.20953025142026296,0.2110128548811631,0.2110128548811631
1296,0.9535135135135139,0.9162162162162163,0.9567567567567568,0.9972972972972972,0.8296252770699007,0.7638543535318868,0.8358277584740721,0.882612441871565,0.8549830883114475,0.7842339294559627,0.8618685942981393,0.9183895619870327,0.8468710015602348,0.7718173663771868,0.8566692833447284,0.9012294888156362,0.7239861298857071,0.6327770295813101,0.7306406405668313,0.7929013208642453,0.7773106378327884,0.7290198375147245,0.780909060404144,0.8234568180079852,0.07697207064844366,0.03738290293620291,0.07364560664999799,0.12324680610309476,0.2108312969046424,0.20959954880078682,0.2110128548811631,0.2110128548811631
1297,0.9527027027027032,0.914864864864865,0.9432432432432433,0.9972972972972972,0.8296441110774364,0.7620352126698356,0.8325206855304723,0.8861889547765874,0.8543818997835182,0.776707917416776,0.8599385328423672,0.9162417901200379,0.843330629438151,0.7391873053132674,0.8582450556699104,0.8994289393204806,0.7204950333070702,0.6022065467318828,0.7245833066183298,0.7927651651799015,0.7757554999355634,0.7114429730573053,0.7774000931292845,0.8199738469952278,0.07584594952684898,0.03692996772286087,0.07333906302449576,0.12504133006162857,0.2108312969046424,0.20959954880078682,0.2110128548811631,0.2110128548811631
1298,0.9521621621621627,0.914864864864865,0.9567567567567568,0.9972972972972972,0.8302464284571243,0.7662033988854703,0.8312798471356102,0.8824544194341197,0.8533742744313223,0.7750296127880022,0.8579338643653156,0.915682245203724,0.8435341991119424,0.7485214227436822,0.8526413888771917,0.9010745681007403,0.7197553994546029,0.6144171861524482,0.7231775742368158,0.7920062419061588,0.7756233338517663,0.7216873026707941,0.775069967293962,0.8225681311059314,0.07542032187830787,0.032284147818092246,0.0715555689592848,0.12931830353893312,0.21085875070398472,0.20959954880078682,0.2110128548811631,0.2110128548811631
1299,0.9532432432432436,0.8891891891891893,0.9567567567567568,0.9972972972972972,0.828983666499974,0.7576637734457304,0.8347513134711024,0.8845838934142091,0.8529251151003114,0.7664635894097634,0.8574913960256333,0.9186338502393105,0.8436250690165608,0.7413872237115525,0.8509137181286033,0.9001136441339375,0.7193810913117403,0.6013908616140318,0.7246446832272673,0.7957104361178639,0.7750594880534523,0.7217135372641421,0.77381442587194,0.8227414262524996,0.07615503962893014,0.03288628718327859,0.07089255268212816,0.13175069028362688,0.21085875070398472,0.20959954880078682,0.2110128548811631,0.2110128548811631
1300,0.9540540540540546,0.8891891891891893,0.9702702702702702,0.9972972972972972,0.8298069004988966,0.7510210160246685,0.8305368878578739,0.8854812126039446,0.854154254871365,0.7687046909897182,0.8615276503319502,0.9131012982811155,0.8431107561097356,0.754298062851656,0.8551445111536271,0.8965874412303162,0.7200130787914296,0.6153965025174332,0.7216319256148852,0.7948408396368315,0.7757092947637552,0.720702197033737,0.7754103504714813,0.8286136786109362,0.07549446999077838,0.03710303236510047,0.07348824941945586,0.12972548762718877,0.21087234502722224,0.20959954880078682,0.2110128548811631,0.2110128548811631
