num_bins,short_window_size,discount,base_rate,eta,tau_ok,simulation_seed,cache_file,warmup_steps,transition_window_before_steps,transition_window_after_steps,nominal_sample_count,fault_sample_count,steady_sample_count,transition_sample_count,nominal_consistent_rate,nominal_undecided_rate,nominal_false_inconsistent_rate,fault_false_consistent_rate,fault_undecided_rate,fault_inconsistent_rate,steady_nominal_consistent_rate,steady_nominal_undecided_rate,steady_nominal_false_inconsistent_rate,steady_fault_false_consistent_rate,steady_fault_undecided_rate,steady_fault_inconsistent_rate,steady_undecided_rate,steady_balanced_correct_rate,steady_decision_coverage,steady_selective_accuracy,undecided_total_count,undecided_in_transition_count,undecided_outside_transition_count,undecided_localization_precision,transition_undecided_sample_rate,decision_coverage,selective_accuracy,selective_risk,balanced_three_state_accuracy,q_inconsistent_roc_auc,q_inconsistent_average_precision,mean_q_inconsistent_nominal,mean_q_inconsistent_fault,q_inconsistent_mean_separation,region_transition_count,region_transitions_per_1000_steps,mean_region_dwell_steps,initial_consistent_delay_steps,mean_position_error_nominal,mean_position_error_fault,event_detection_rate,mean_detection_delay_steps,median_detection_delay_steps,worst_detection_delay_steps,mean_detection_delay_seconds,mean_recovery_delay_steps,mean_recovery_delay_seconds,undetected_event_count,transition_count,transition_completion_rate,mediated_transition_rate,direct_transition_rate,transition_undecided_presence_rate,onset_mediated_transition_rate,recovery_mediated_transition_rate,mean_transition_settling_delay_steps,median_transition_settling_delay_steps,mean_undecided_steps_per_transition,mean_transition_path_length_steps
3,20,0.9,0.5,0.95,0.5,0,kf_sa_seed_0000.npz,20,5,35,681,700,901,480,0.6490455212922174,0.31130690161527164,0.039647577092511016,0.29285714285714287,0.5557142857142857,0.15142857142857144,0.8662131519274376,0.13378684807256236,0.0,0.20652173913043478,0.5956521739130435,0.19782608695652174,0.36958934517203107,0.5320196194419797,0.6304106548279689,0.8327464788732394,601,268,333,0.4459234608985025,0.5583333333333333,0.5648081100651702,0.7025641025641025,0.2974358974358975,0.4002370463603944,0.7436920495070275,0.728989288224399,0.1308841310684547,0.39511892358473916,0.26423479251628446,89,64.44605358435916,15.344444444444445,24.0,0.5599517301089184,1.0476660479574822,0.5,39.0,43.0,49.0,3.9000000000000004,30.166666666666668,3.016666666666667,3,12,0.3333333333333333,0.3333333333333333,0.0,1.0,0.16666666666666666,0.5,22.25,24.5,19.75,30.75
3,20,0.95,0.5,0.95,0.5,0,kf_sa_seed_0000.npz,20,5,35,681,700,901,480,0.7033773861967695,0.2555066079295154,0.041116005873715125,0.3414285714285714,0.5171428571428571,0.14142857142857143,0.9251700680272109,0.07482993197278912,0.0,0.25,0.5630434782608695,0.18695652173913044,0.32408435072142067,0.5560632948831706,0.6759156492785794,0.8111658456486043,536,244,292,0.4552238805970149,0.5083333333333333,0.611875452570601,0.6840236686390533,0.3159763313609467,0.42240297881267047,0.741543947975666,0.7226785086805616,0.12273152650885155,0.3743762225605505,0.2516446960516989,71,51.412020275162924,19.180555555555557,25.0,0.5599517301089184,1.0476660479574822,0.3333333333333333,38.5,38.5,50.0,3.85,29.5,2.95,4,12,0.3333333333333333,0.3333333333333333,0.0,1.0,0.16666666666666666,0.5,22.75,25.5,18.5,30.916666666666668
3,20,0.98,0.5,0.95,0.5,0,kf_sa_seed_0000.npz,20,5,35,681,700,901,480,0.7342143906020558,0.22173274596182085,0.04405286343612335,0.40285714285714286,0.4714285714285714,0.12571428571428572,0.9591836734693877,0.04081632653061224,0.0,0.29782608695652174,0.5304347826086957,0.17173913043478262,0.290788013318535,0.5654614019520852,0.709211986681465,0.7856025039123631,481,219,262,0.4553014553014553,0.45625,0.6517016654598118,0.6533333333333333,0.3466666666666667,0.4299643381581708,0.7278980490874764,0.704446842834573,0.11293290073252639,0.3373982752233055,0.22446537449077913,39,28.240405503258508,34.525,28.0,0.5599517301089184,1.0476660479574822,0.3333333333333333,42.5,42.5,54.0,4.25,24.5,2.45,4,12,0.3333333333333333,0.25,0.08333333333333333,0.8333333333333334,0.16666666666666666,0.3333333333333333,15.75,16.0,14.416666666666666,28.583333333333332
3,20,0.99,0.5,0.95,0.5,0,kf_sa_seed_0000.npz,20,5,35,681,700,901,480,0.73568281938326,0.2173274596182085,0.04698972099853157,0.44571428571428573,0.4471428571428571,0.10714285714285714,0.9478458049886621,0.05215419501133787,0.0,0.33260869565217394,0.5152173913043478,0.15217391304347827,0.2885682574916759,0.5500098590160702,0.7114317425083241,0.7613104524180967,461,201,260,0.4360086767895879,0.41875,0.666183924692252,0.6260869565217392,0.3739130434782608,0.42141283826305853,0.7042133417243549,0.6720668025093622,0.10732116388060084,0.29845349276382666,0.19113232888322582,45,32.58508327299059,30.02173913043478,28.0,0.5599517301089184,1.0476660479574822,0.3333333333333333,48.0,48.0,61.0,4.800000000000001,25.333333333333332,2.533333333333333,4,12,0.25,0.16666666666666666,0.08333333333333333,0.75,0.0,0.3333333333333333,9.666666666666666,6.0,13.166666666666666,28.666666666666668
3,25,0.9,0.5,0.95,0.5,0,kf_sa_seed_0000.npz,25,5,35,676,700,896,480,0.7307692307692307,0.22485207100591717,0.04437869822485207,0.38285714285714284,0.47714285714285715,0.14,0.9518348623853211,0.0481651376146789,0.0,0.2782608695652174,0.532608695652174,0.1891304347826087,0.296875,0.5704826485839649,0.703125,0.7968253968253968,486,220,266,0.45267489711934156,0.4583333333333333,0.6468023255813954,0.6651685393258427,0.33483146067415726,0.43538461538461537,0.7370033812341504,0.7188377156344958,0.12178526201093279,0.3610026649840007,0.2392174029730679,63,45.78488372093023,21.5,28.0,0.5619834163310975,1.0476660479574822,0.3333333333333333,40.5,40.5,52.0,4.05,23.833333333333332,2.3833333333333333,4,12,0.3333333333333333,0.25,0.08333333333333333,0.8333333333333334,0.16666666666666666,0.3333333333333333,14.25,14.0,14.333333333333334,28.083333333333332
3,25,0.95,0.5,0.95,0.5,0,kf_sa_seed_0000.npz,25,5,35,676,700,896,480,0.7470414201183432,0.20857988165680474,0.04437869822485207,0.40714285714285714,0.46,0.13285714285714287,0.9701834862385321,0.02981651376146789,0.0,0.2956521739130435,0.5239130434782608,0.18043478260869567,0.28348214285714285,0.5753091344236139,0.7165178571428571,0.7881619937694704,463,209,254,0.4514038876889849,0.4354166666666667,0.6635174418604651,0.6549835706462213,0.34501642935377874,0.43994928148774304,0.7308812341504649,0.7118288294003597,0.11737471434791892,0.34406789121155573,0.22669317686363682,37,26.88953488372093,36.21052631578947,28.0,0.5619834163310975,1.0476660479574822,0.3333333333333333,42.0,42.0,54.0,4.2,23.833333333333332,2.3833333333333333,4,12,0.3333333333333333,0.25,0.08333333333333333,0.8333333333333334,0.16666666666666666,0.3333333333333333,14.5,14.0,13.5,28.166666666666668
3,25,0.98,0.5,0.95,0.5,0,kf_sa_seed_0000.npz,25,5,35,676,700,896,480,0.7455621301775148,0.20710059171597633,0.047337278106508875,0.43142857142857144,0.44857142857142857,0.12,0.9610091743119266,0.0389908256880734,0.0,0.30869565217391304,0.5239130434782608,0.1673913043478261,0.28794642857142855,0.5642002393298763,0.7120535714285714,0.7774294670846394,454,196,258,0.43171806167400884,0.4083333333333333,0.6700581395348837,0.6377440347071583,0.36225596529284165,0.4327810650887574,0.7126225697379543,0.6910735719972246,0.11132694910416112,0.31199754413613845,0.20067059503197732,39,28.343023255813954,34.4,28.0,0.5619834163310975,1.0476660479574822,0.3333333333333333,45.0,45.0,57.0,4.5,24.5,2.45,4,12,0.25,0.16666666666666666,0.08333333333333333,0.75,0.0,0.3333333333333333,9.333333333333334,5.0,12.666666666666666,28.583333333333332
3,25,0.99,0.5,0.95,0.5,0,kf_sa_seed_0000.npz,25,5,35,676,700,896,480,0.742603550295858,0.20710059171597633,0.05029585798816568,0.48428571428571426,0.41,0.10571428571428572,0.9518348623853211,0.0481651376146789,0.0,0.36086956521739133,0.4891304347826087,0.15,0.27455357142857145,0.5509174311926606,0.7254464285714286,0.7446153846153846,427,181,246,0.4238875878220141,0.3770833333333333,0.6896802325581395,0.60695468914647,0.39304531085353,0.4241589180050719,0.6882544378698224,0.6553547676576437,0.1083094479266797,0.2771800459145871,0.16887059798790743,37,26.88953488372093,36.21052631578947,28.0,0.5619834163310975,1.0476660479574822,0.3333333333333333,49.5,49.5,63.0,4.95,25.5,2.5500000000000003,4,12,0.25,0.16666666666666666,0.08333333333333333,0.75,0.0,0.3333333333333333,9.666666666666666,5.0,11.833333333333334,28.666666666666668
3,35,0.9,0.5,0.95,0.5,0,kf_sa_seed_0000.npz,35,5,35,666,700,886,480,0.7462462462462462,0.20270270270270271,0.05105105105105105,0.44571428571428573,0.4357142857142857,0.11857142857142858,0.9647887323943662,0.035211267605633804,0.0,0.30869565217391304,0.5217391304347826,0.16956521739130434,0.2878103837471783,0.5671769748928353,0.7121896162528216,0.7749603803486529,440,185,255,0.42045454545454547,0.3854166666666667,0.677891654465593,0.6263498920086393,0.37365010799136067,0.4324088374088374,0.7056542256542256,0.6912075560069781,0.11600532586196037,0.3068630886118991,0.1908577627499387,34,24.890190336749633,39.02857142857143,35.0,0.5599826822119577,1.0476660479574822,0.3333333333333333,48.0,48.0,61.0,4.800000000000001,24.166666666666668,2.416666666666667,4,12,0.25,0.16666666666666666,0.08333333333333333,0.75,0.0,0.3333333333333333,8.666666666666666,2.0,11.75,28.416666666666668
3,35,0.95,0.5,0.95,0.5,0,kf_sa_seed_0000.npz,35,5,35,666,700,886,480,0.7432432432432432,0.2042042042042042,0.052552552552552555,0.4614285714285714,0.4257142857142857,0.11285714285714285,0.960093896713615,0.03990610328638498,0.0,0.3239130434782609,0.5152173913043478,0.1608695652173913,0.2866817155756208,0.5604817309655031,0.7133182844243793,0.7642405063291139,434,180,254,0.4147465437788018,0.375,0.6822840409956076,0.6158798283261803,0.38412017167381973,0.42805019305019304,0.6961711711711712,0.6821299315457403,0.11456230703159048,0.2934455485857675,0.178883241554177,30,21.961932650073205,44.064516129032256,35.0,0.5599826822119577,1.0476660479574822,0.3333333333333333,49.0,49.0,62.0,4.9,24.833333333333332,2.4833333333333334,4,12,0.25,0.16666666666666666,0.08333333333333333,0.6666666666666666,0.0,0.3333333333333333,9.0,3.0,11.416666666666666,28.5
3,35,0.98,0.5,0.95,0.5,0,kf_sa_seed_0000.npz,35,5,35,666,700,886,480,0.7537537537537538,0.1906906906906907,0.05555555555555555,0.5142857142857142,0.3871428571428571,0.09857142857142857,0.9530516431924883,0.04225352112676056,0.004694835680751174,0.3652173913043478,0.4956521739130435,0.1391304347826087,0.27765237020316025,0.5460910389875485,0.7223476297968398,0.734375,398,152,246,0.38190954773869346,0.31666666666666665,0.7086383601756955,0.5898760330578512,0.4101239669421488,0.42616259116259114,0.6756520806520806,0.6607658216650153,0.11363872493627604,0.26709333680910324,0.15345461187282722,28,20.497803806734993,47.10344827586207,35.0,0.5599826822119577,1.0476660479574822,0.3333333333333333,52.0,52.0,65.0,5.2,25.666666666666668,2.566666666666667,4,12,0.25,0.16666666666666666,0.08333333333333333,0.5833333333333334,0.0,0.3333333333333333,10.0,5.0,10.166666666666666,28.75
3,35,0.99,0.5,0.95,0.5,0,kf_sa_seed_0000.npz,35,5,35,666,700,886,480,0.7612612612612613,0.17867867867867868,0.06006006006006006,0.5485714285714286,0.36714285714285716,0.08428571428571428,0.9483568075117371,0.03990610328638498,0.011737089201877934,0.40652173913043477,0.47608695652173916,0.11739130434782609,0.26636568848758463,0.5328740559297817,0.7336343115124153,0.7046153846153846,376,140,236,0.3723404255319149,0.2916666666666667,0.7247437774524158,0.5717171717171717,0.42828282828282827,0.4227734877734878,0.6488427713427714,0.6220200211515318,0.11416332465689663,0.23811518459047631,0.12395185993357968,18,13.177159590043924,71.89473684210526,35.0,0.5599826822119577,1.0476660479574822,0.16666666666666666,41.0,41.0,41.0,4.1000000000000005,26.5,2.6500000000000004,5,12,0.25,0.16666666666666666,0.08333333333333333,0.5,0.0,0.3333333333333333,10.666666666666666,5.0,10.0,28.916666666666668
3,50,0.9,0.5,0.95,0.5,0,kf_sa_seed_0000.npz,50,5,35,651,700,871,480,0.7480798771121352,0.1858678955453149,0.06605222734254992,0.5385714285714286,0.38,0.08142857142857143,0.9391727493917275,0.0413625304136253,0.019464720194647202,0.3826086956521739,0.5043478260869565,0.11304347826086956,0.28587830080367393,0.5261081138262985,0.7141216991963261,0.7041800643086816,387,138,249,0.35658914728682173,0.2875,0.7135455218356773,0.5643153526970954,0.43568464730290457,0.4147542242703533,0.6365832784726794,0.6456492893950526,0.12405661353920007,0.24235824469732442,0.11830163115812435,28,20.72538860103627,46.58620689655172,50.0,0.5585900987878052,1.0476660479574822,0.16666666666666666,44.0,44.0,44.0,4.4,27.333333333333332,2.7333333333333334,5,12,0.25,0.16666666666666666,0.08333333333333333,0.5,0.0,0.3333333333333333,11.333333333333334,6.0,9.833333333333334,29.083333333333332
3,50,0.95,0.5,0.95,0.5,0,kf_sa_seed_0000.npz,50,5,35,651,700,871,480,0.7419354838709677,0.19047619047619047,0.06758832565284179,0.5671428571428572,0.35428571428571426,0.07857142857142857,0.9367396593673966,0.0413625304136253,0.021897810218978103,0.41739130434782606,0.47391304347826085,0.10869565217391304,0.269804822043628,0.5227176557706548,0.730195177956372,0.6839622641509434,372,137,235,0.3682795698924731,0.28541666666666665,0.7246484085862325,0.5495403472931563,0.45045965270684374,0.41025345622119813,0.6256813693219223,0.6339744296075942,0.1258997636693444,0.23148083624206353,0.10558107257271912,28,20.72538860103627,46.58620689655172,50.0,0.5585900987878052,1.0476660479574822,0.16666666666666666,45.0,45.0,45.0,4.5,28.0,2.8000000000000003,5,12,0.25,0.16666666666666666,0.08333333333333333,0.5,0.0,0.3333333333333333,12.333333333333334,8.0,9.75,29.333333333333332
3,50,0.98,0.5,0.95,0.5,0,kf_sa_seed_0000.npz,50,5,35,651,700,871,480,0.7296466973886329,0.2012288786482335,0.06912442396313365,0.6128571428571429,0.31142857142857144,0.07571428571428572,0.9221411192214112,0.0535279805352798,0.024330900243309004,0.48043478260869565,0.4152173913043478,0.10434782608695652,0.24454649827784156,0.5132444726541838,0.7554535017221584,0.648936170212766,349,136,213,0.38968481375358166,0.2833333333333333,0.7416728349370837,0.5269461077844312,0.4730538922155688,0.4026804915514593,0.602632214175993,0.5964538062377699,0.12897207134577968,0.20891783704390451,0.07994576569812484,26,19.24500370096225,50.03703703703704,50.0,0.5585900987878052,1.0476660479574822,0.16666666666666666,47.0,47.0,47.0,4.7,29.333333333333332,2.9333333333333336,5,12,0.25,0.16666666666666666,0.08333333333333333,0.4166666666666667,0.0,0.3333333333333333,13.0,10.0,9.666666666666666,29.5
3,50,0.99,0.5,0.95,0.5,0,kf_sa_seed_0000.npz,50,5,35,651,700,871,480,0.7204301075268817,0.2073732718894009,0.07219662058371736,0.68,0.24714285714285714,0.07285714285714286,0.9124087591240876,0.058394160583941604,0.029197080291970802,0.5673913043478261,0.33260869565217394,0.1,0.20321469575200918,0.5062043795620438,0.7967853042479908,0.6066282420749279,308,131,177,0.4253246753246753,0.27291666666666664,0.772020725388601,0.49856184084372,0.50143815915628,0.3966436251920123,0.5778373930217248,0.5702013063913397,0.131143442919384,0.1835014085155108,0.05235796559612679,18,13.323464100666174,71.10526315789474,50.0,0.5585900987878052,1.0476660479574822,0.16666666666666666,49.0,49.0,49.0,4.9,30.5,3.0500000000000003,5,12,0.25,0.16666666666666666,0.08333333333333333,0.3333333333333333,0.0,0.3333333333333333,13.666666666666666,11.0,9.25,29.666666666666668
5,20,0.9,0.5,0.95,0.5,0,kf_sa_seed_0000.npz,20,5,35,681,700,901,480,0.2422907488986784,0.723935389133627,0.033773861967694566,0.07428571428571429,0.8214285714285714,0.10428571428571429,0.3424036281179138,0.6575963718820862,0.0,0.07173913043478261,0.7978260869565217,0.13043478260869565,0.7291897891231964,0.23641920536330474,0.27081021087680357,0.8647540983606558,1068,411,657,0.3848314606741573,0.85625,0.2266473569876901,0.7603833865814696,0.23961661341853036,0.17328823159219636,0.757398783301867,0.7401228749210985,0.16575625638371275,0.4352029747927525,0.2694467184090398,79,57.20492396813903,17.2625,51.0,0.5599517301089184,1.0476660479574822,0.16666666666666666,27.0,27.0,27.0,2.7,55.0,5.5,5,12,0.08333333333333333,0.08333333333333333,0.0,1.0,0.16666666666666666,0.0,27.0,27.0,31.0,34.333333333333336
5,20,0.95,0.5,0.95,0.5,0,kf_sa_seed_0000.npz,20,5,35,681,700,901,480,0.3891336270190896,0.5756240822320118,0.03524229074889868,0.14857142857142858,0.7528571428571429,0.09857142857142857,0.5306122448979592,0.46938775510204084,0.0,0.10869565217391304,0.7608695652173914,0.13043478260869565,0.6182019977802442,0.33052351375332745,0.38179800221975585,0.8546511627906976,919,362,557,0.3939064200217628,0.7541666666666667,0.33454018826937004,0.7229437229437229,0.2770562770562771,0.2438525277952591,0.7528781204111601,0.7319318657240402,0.14455969141776398,0.40679285756761274,0.26223316614984876,73,52.860246198406955,18.66216216216216,49.0,0.5599517301089184,1.0476660479574822,0.16666666666666666,31.0,31.0,31.0,3.1,41.0,4.1000000000000005,5,12,0.25,0.25,0.0,1.0,0.16666666666666666,0.3333333333333333,20.666666666666668,29.0,24.916666666666668,31.416666666666668
5,20,0.98,0.5,0.95,0.5,0,kf_sa_seed_0000.npz,20,5,35,681,700,901,480,0.6079295154185022,0.3509544787077827,0.041116005873715125,0.25857142857142856,0.6328571428571429,0.10857142857142857,0.7913832199546486,0.20861678004535147,0.0,0.1608695652173913,0.7086956521739131,0.13043478260869565,0.46392896781354054,0.4609090012816721,0.5360710321864595,0.8467908902691511,682,264,418,0.3870967741935484,0.55,0.5061549601737871,0.7010014306151645,0.2989985693848355,0.35825047199496535,0.7325466750576882,0.7090770326423315,0.12452763492845782,0.3589936720114972,0.23446603708303937,53,38.37798696596669,25.574074074074073,47.0,0.5599517301089184,1.0476660479574822,0.16666666666666666,24.0,24.0,24.0,2.4000000000000004,34.166666666666664,3.4166666666666665,5,12,0.3333333333333333,0.25,0.08333333333333333,0.9166666666666666,0.16666666666666666,0.3333333333333333,17.25,21.0,18.25,29.083333333333332
5,20,0.99,0.5,0.95,0.5,0,kf_sa_seed_0000.npz,20,5,35,681,700,901,480,0.6637298091042585,0.29955947136563876,0.03671071953010279,0.32142857142857145,0.5742857142857143,0.10428571428571429,0.8707482993197279,0.1292517006802721,0.0,0.1782608695652174,0.691304347826087,0.13043478260869565,0.416204217536071,0.5005915409642118,0.5837957824639289,0.844106463878327,606,231,375,0.3811881188118812,0.48125,0.56118754525706,0.6774193548387096,0.32258064516129037,0.3840077616949864,0.7207887560310468,0.6980074047715804,0.11125065595910784,0.327728961295103,0.21647830533599516,35,25.343953656770456,38.361111111111114,35.0,0.5599517301089184,1.0476660479574822,0.16666666666666666,27.0,27.0,27.0,2.7,32.0,3.2,5,12,0.3333333333333333,0.25,0.08333333333333333,0.8333333333333334,0.16666666666666666,0.3333333333333333,18.0,22.0,15.75,29.333333333333332
5,25,0.9,0.5,0.95,0.5,0,kf_sa_seed_0000.npz,25,5,35,676,700,896,480,0.4511834319526627,0.5103550295857988,0.038461538461538464,0.1742857142857143,0.7271428571428571,0.09857142857142857,0.5940366972477065,0.4059633027522936,0.0,0.12391304347826088,0.7456521739130435,0.13043478260869565,0.5803571428571429,0.3622357399282011,0.41964285714285715,0.848404255319149,854,334,520,0.3911007025761124,0.6958333333333333,0.3793604651162791,0.7164750957854407,0.28352490421455934,0.27487743026204564,0.7527345731191885,0.7289690842599985,0.1396990452753332,0.4024968997921542,0.26279785451682103,81,58.866279069767444,16.78048780487805,34.0,0.5619834163310975,1.0476660479574822,0.16666666666666666,31.0,31.0,31.0,3.1,34.833333333333336,3.483333333333334,5,12,0.3333333333333333,0.3333333333333333,0.0,1.0,0.16666666666666666,0.5,20.25,24.0,22.75,30.083333333333332
5,25,0.95,0.5,0.95,0.5,0,kf_sa_seed_0000.npz,25,5,35,676,700,896,480,0.5606508875739645,0.3994082840236686,0.03994082840236687,0.23142857142857143,0.6685714285714286,0.1,0.7293577981651376,0.2706422018348624,0.0,0.14565217391304347,0.7239130434782609,0.13043478260869565,0.5033482142857143,0.4298962903869166,0.4966517857142857,0.849438202247191,738,287,451,0.3888888888888889,0.5979166666666667,0.4636627906976744,0.7037617554858934,0.29623824451410663,0.33032544378698225,0.7444907016060862,0.718695876140221,0.12782396172867871,0.3783300357112476,0.2505060739825689,51,37.06395348837209,26.46153846153846,35.0,0.5619834163310975,1.0476660479574822,0.16666666666666666,30.0,30.0,30.0,3.0,33.5,3.35,5,12,0.3333333333333333,0.25,0.08333333333333333,0.9166666666666666,0.16666666666666666,0.3333333333333333,18.5,22.0,19.75,29.5
5,25,0.98,0.5,0.95,0.5,0,kf_sa_seed_0000.npz,25,5,35,676,700,896,480,0.6642011834319527,0.29289940828402367,0.042899408284023666,0.32,0.5771428571428572,0.10285714285714286,0.8623853211009175,0.13761467889908258,0.0,0.1934782608695652,0.6760869565217391,0.13043478260869565,0.4140625,0.4964100518548066,0.5859375,0.8304761904761905,602,231,371,0.38372093023255816,0.48125,0.5625,0.6731266149870802,0.32687338501291985,0.38352916314454777,0.7259763313609467,0.7025504136500513,0.11460536817459971,0.3434505607189693,0.22884519254436958,35,25.436046511627907,38.22222222222222,35.0,0.5619834163310975,1.0476660479574822,0.16666666666666666,28.0,28.0,28.0,2.8000000000000003,33.166666666666664,3.3166666666666664,5,12,0.3333333333333333,0.25,0.08333333333333333,0.8333333333333334,0.16666666666666666,0.3333333333333333,18.0,22.0,15.916666666666666,29.333333333333332
5,25,0.99,0.5,0.95,0.5,0,kf_sa_seed_0000.npz,25,5,35,676,700,896,480,0.6760355029585798,0.28254437869822485,0.04142011834319527,0.38,0.5185714285714286,0.10142857142857142,0.8784403669724771,0.12155963302752294,0.0,0.23478260869565218,0.6347826086956522,0.13043478260869565,0.38504464285714285,0.5044375747905864,0.6149553571428571,0.8039927404718693,554,209,345,0.37725631768953066,0.4354166666666667,0.5973837209302325,0.6423357664233577,0.35766423357664234,0.38873203719357563,0.703489010989011,0.6821521111055758,0.11047276774933118,0.31185779579092754,0.20138502804159636,31,22.52906976744186,43.0,35.0,0.5619834163310975,1.0476660479574822,0.16666666666666666,29.0,29.0,29.0,2.9000000000000004,31.833333333333332,3.1833333333333336,5,12,0.3333333333333333,0.25,0.08333333333333333,0.75,0.16666666666666666,0.3333333333333333,17.25,20.0,14.0,29.083333333333332
5,35,0.9,0.5,0.95,0.5,0,kf_sa_seed_0000.npz,35,5,35,666,700,886,480,0.6756756756756757,0.2777777777777778,0.046546546546546545,0.3314285714285714,0.5785714285714286,0.09,0.8755868544600939,0.12441314553990611,0.0,0.20217391304347826,0.6717391304347826,0.12608695652173912,0.40857787810383744,0.5008369054909165,0.5914221218961625,0.8225190839694656,590,228,362,0.3864406779661017,0.475,0.568081991215227,0.6610824742268041,0.3389175257731959,0.3828378378378378,0.7257550407550407,0.699508939798881,0.12121915236550629,0.3464653925738826,0.2252462402083763,32,23.42606149341142,41.39393939393939,35.0,0.5599826822119577,1.0476660479574822,0.16666666666666666,37.0,37.0,37.0,3.7,28.166666666666668,2.816666666666667,5,12,0.25,0.16666666666666666,0.08333333333333333,0.8333333333333334,0.0,0.3333333333333333,12.0,9.0,15.5,29.25
5,35,0.95,0.5,0.95,0.5,0,kf_sa_seed_0000.npz,35,5,35,666,700,886,480,0.7057057057057057,0.24624624624624625,0.04804804804804805,0.3628571428571429,0.5457142857142857,0.09142857142857143,0.9061032863849765,0.09389671361502347,0.0,0.22608695652173913,0.6456521739130435,0.1282608695652174,0.3803611738148984,0.517182077975097,0.6196388261851016,0.8105646630236795,546,209,337,0.38278388278388276,0.4354166666666667,0.6002928257686676,0.651219512195122,0.348780487804878,0.39856713856713855,0.7132260832260833,0.6873005716282917,0.11869065348297654,0.3266721478151016,0.2079814943321251,36,26.35431918008785,36.91891891891892,35.0,0.5599826822119577,1.0476660479574822,0.16666666666666666,36.0,36.0,36.0,3.6,27.833333333333332,2.783333333333333,5,12,0.25,0.16666666666666666,0.08333333333333333,0.8333333333333334,0.0,0.3333333333333333,12.333333333333334,9.0,14.583333333333334,29.333333333333332
5,35,0.98,0.5,0.95,0.5,0,kf_sa_seed_0000.npz,35,5,35,666,700,886,480,0.7357357357357357,0.2147147147147147,0.04954954954954955,0.4142857142857143,0.4928571428571429,0.09285714285714286,0.92018779342723,0.07981220657276995,0.0,0.2565217391304348,0.6130434782608696,0.13043478260869565,0.35665914221218964,0.5253112880179628,0.6433408577878104,0.7929824561403509,488,172,316,0.3524590163934426,0.35833333333333334,0.6427525622254758,0.6321184510250569,0.3678815489749431,0.4142964392964393,0.6917374517374517,0.6694315908177898,0.11523517205659044,0.29338286984571343,0.17814769778912298,20,14.641288433382138,65.04761904761905,35.0,0.5599826822119577,1.0476660479574822,0.16666666666666666,35.0,35.0,35.0,3.5,28.0,2.8000000000000003,5,12,0.25,0.16666666666666666,0.08333333333333333,0.75,0.0,0.3333333333333333,12.666666666666666,10.0,12.666666666666666,29.416666666666668
5,35,0.99,0.5,0.95,0.5,0,kf_sa_seed_0000.npz,35,5,35,666,700,886,480,0.7402402402402403,0.2087087087087087,0.05105105105105105,0.44857142857142857,0.4585714285714286,0.09285714285714286,0.9342723004694836,0.06572769953051644,0.0,0.2673913043478261,0.6021739130434782,0.13043478260869565,0.3442437923250564,0.5323535415390896,0.6557562076749436,0.7882960413080895,460,155,305,0.33695652173913043,0.3229166666666667,0.6632503660322109,0.6158940397350994,0.3841059602649006,0.41654869154869156,0.6735392535392536,0.654081967903064,0.1141426477581474,0.27451561129102686,0.16037296353287944,20,14.641288433382138,65.04761904761905,35.0,0.5599826822119577,1.0476660479574822,0.16666666666666666,35.0,35.0,35.0,3.5,27.5,2.75,5,12,0.25,0.16666666666666666,0.08333333333333333,0.6666666666666666,0.0,0.3333333333333333,13.666666666666666,11.0,11.25,29.666666666666668
5,50,0.9,0.5,0.95,0.5,0,kf_sa_seed_0000.npz,50,5,35,651,700,871,480,0.7327188940092166,0.20890937019969277,0.05837173579109063,0.4471428571428571,0.4742857142857143,0.07857142857142857,0.9318734793187348,0.06082725060827251,0.0072992700729927005,0.26956521739130435,0.6217391304347826,0.10869565217391304,0.35706084959816303,0.5202845657463239,0.642939150401837,0.7732142857142857,468,157,311,0.33547008547008544,0.32708333333333334,0.6535899333826795,0.6024915062287656,0.39750849377123443,0.4056451612903226,0.6684112354619267,0.6496780510411296,0.12847171656199807,0.2735132271684597,0.14504151060646164,24,17.764618800888233,54.04,50.0,0.5585900987878052,1.0476660479574822,0.16666666666666666,45.0,45.0,45.0,4.5,28.833333333333332,2.8833333333333333,5,12,0.25,0.16666666666666666,0.08333333333333333,0.6666666666666666,0.0,0.3333333333333333,14.333333333333334,11.0,11.416666666666666,29.833333333333332
5,50,0.95,0.5,0.95,0.5,0,kf_sa_seed_0000.npz,50,5,35,651,700,871,480,0.7265745007680492,0.21351766513056836,0.059907834101382486,0.47714285714285715,0.4442857142857143,0.07857142857142857,0.9245742092457421,0.06569343065693431,0.009732360097323601,0.29347826086956524,0.5978260869565217,0.10869565217391304,0.3467278989667049,0.5166349307098276,0.653272101033295,0.7557117750439367,450,148,302,0.3288888888888889,0.30833333333333335,0.6669133974833457,0.586015538290788,0.413984461709212,0.4025729646697389,0.6554136493307,0.6346134058683077,0.13068366475950277,0.2569921372095546,0.12630847245005183,24,17.764618800888233,54.04,50.0,0.5585900987878052,1.0476660479574822,0.16666666666666666,45.0,45.0,45.0,4.5,29.5,2.95,5,12,0.25,0.16666666666666666,0.08333333333333333,0.5833333333333334,0.0,0.3333333333333333,14.333333333333334,11.0,10.666666666666666,29.833333333333332
5,50,0.98,0.5,0.95,0.5,0,kf_sa_seed_0000.npz,50,5,35,651,700,871,480,0.7188940092165899,0.21658986175115208,0.06451612903225806,0.5257142857142857,0.3942857142857143,0.08,0.9172749391727494,0.06569343065693431,0.0170316301703163,0.3521739130434783,0.5369565217391304,0.1108695652173913,0.3145809414466131,0.5140722521950704,0.6854190585533869,0.7169179229480737,417,143,274,0.34292565947242204,0.29791666666666666,0.691339748334567,0.5610278372591007,0.43897216274089934,0.3994470046082949,0.6330195303928022,0.6124892140078665,0.13117898202404918,0.22617720884933054,0.09499822682528136,18,13.323464100666174,71.10526315789474,50.0,0.5585900987878052,1.0476660479574822,0.16666666666666666,44.0,44.0,44.0,4.4,30.333333333333332,3.033333333333333,5,12,0.16666666666666666,0.08333333333333333,0.08333333333333333,0.5,0.0,0.16666666666666666,6.0,6.0,10.25,30.166666666666668
5,50,0.99,0.5,0.95,0.5,0,kf_sa_seed_0000.npz,50,5,35,651,700,871,480,0.7219662058371735,0.21505376344086022,0.0629800307219662,0.5771428571428572,0.34285714285714286,0.08,0.927007299270073,0.058394160583941604,0.014598540145985401,0.41739130434782606,0.4717391304347826,0.1108695652173913,0.2766934557979334,0.5189384322437322,0.7233065442020666,0.6857142857142857,380,139,241,0.36578947368421055,0.28958333333333336,0.7187268689859363,0.5417095777548918,0.4582904222451082,0.40098310291858674,0.6130787798990563,0.5959782000360337,0.13023364719617195,0.20739208468832263,0.07715843749215068,26,19.24500370096225,50.03703703703704,50.0,0.5585900987878052,1.0476660479574822,0.16666666666666666,44.0,44.0,44.0,4.4,29.833333333333332,2.9833333333333334,5,12,0.16666666666666666,0.08333333333333333,0.08333333333333333,0.4166666666666667,0.0,0.16666666666666666,6.5,6.5,9.916666666666666,30.25
7,35,0.9,0.5,0.95,0.5,0,kf_sa_seed_0000.npz,35,5,35,666,700,886,480,0.3588588588588589,0.5960960960960962,0.04504504504504504,0.17,0.74,0.09,0.5,0.5,0.0,0.14130434782608695,0.7326086956521739,0.12608695652173912,0.6207674943566591,0.31304347826086953,0.3792325056433409,0.8065476190476191,915,365,550,0.3989071038251366,0.7604166666666666,0.3301610541727672,0.6696230598669624,0.33037694013303764,0.22442942942942945,0.7057378807378807,0.686708491451032,0.16646195513026427,0.3743996286110494,0.20793767348078515,41,30.01464128843338,32.523809523809526,35.0,0.5599826822119577,1.0476660479574822,0.16666666666666666,37.0,37.0,37.0,3.7,45.8,4.58,5,12,0.08333333333333333,0.0,0.08333333333333333,0.9166666666666666,0.0,0.0,0.0,0.0,25.333333333333332,32.083333333333336
7,35,0.95,0.5,0.95,0.5,0,kf_sa_seed_0000.npz,35,5,35,666,700,886,480,0.44594594594594594,0.506006006006006,0.04804804804804805,0.24285714285714285,0.6671428571428571,0.09,0.6150234741784038,0.38497652582159625,0.0,0.18478260869565216,0.6891304347826087,0.12608695652173912,0.5428893905191874,0.3705552153500714,0.45711060948081267,0.7901234567901234,804,323,481,0.4017412935323383,0.6729166666666667,0.41142020497803805,0.6405693950177936,0.35943060498220636,0.26797297297297296,0.6971428571428572,0.6775648121051872,0.15125943941481224,0.3482890781307612,0.19702963871594897,46,33.674963396778914,29.06382978723404,35.0,0.5599826822119577,1.0476660479574822,0.16666666666666666,37.0,37.0,37.0,3.7,39.666666666666664,3.966666666666667,5,12,0.16666666666666666,0.08333333333333333,0.08333333333333333,0.9166666666666666,0.0,0.16666666666666666,15.0,15.0,22.25,31.666666666666668
7,35,0.98,0.5,0.95,0.5,0,kf_sa_seed_0000.npz,35,5,35,666,700,886,480,0.5330330330330331,0.4174174174174174,0.04954954954954955,0.31857142857142856,0.5928571428571429,0.08857142857142856,0.7065727699530516,0.2934272300469484,0.0,0.21521739130434783,0.6608695652173913,0.12391304347826088,0.48419864559819414,0.4152429067156562,0.5158013544018059,0.7833698030634574,693,264,429,0.38095238095238093,0.55,0.49267935578330896,0.6196136701337296,0.3803863298662704,0.3108022308022308,0.6714199914199914,0.6576635034432924,0.13976864443729667,0.3126879941762171,0.17291934973892045,32,23.42606149341142,41.39393939393939,35.0,0.5599826822119577,1.0476660479574822,0.16666666666666666,38.0,38.0,38.0,3.8000000000000003,41.166666666666664,4.116666666666666,5,12,0.16666666666666666,0.08333333333333333,0.08333333333333333,0.8333333333333334,0.0,0.16666666666666666,9.5,9.5,18.083333333333332,30.75
7,35,0.99,0.5,0.95,0.5,0,kf_sa_seed_0000.npz,35,5,35,666,700,886,480,0.581081081081081,0.36936936936936937,0.04954954954954955,0.3914285714285714,0.52,0.08857142857142856,0.755868544600939,0.24413145539906103,0.0,0.22608695652173913,0.65,0.12391304347826088,0.4548532731376975,0.43989079403959996,0.5451467268623025,0.7846790890269151,610,207,403,0.33934426229508197,0.43125,0.5534407027818448,0.593915343915344,0.40608465608465605,0.3348262548262548,0.6436894036894036,0.6369555437342551,0.13125353449517302,0.2811873793547849,0.14993384485961186,28,20.497803806734993,47.10344827586207,35.0,0.5599826822119577,1.0476660479574822,0.16666666666666666,38.0,38.0,38.0,3.8000000000000003,40.833333333333336,4.083333333333334,5,12,0.16666666666666666,0.08333333333333333,0.08333333333333333,0.75,0.0,0.16666666666666666,9.0,9.0,14.166666666666666,30.666666666666668
7,50,0.9,0.5,0.95,0.5,0,kf_sa_seed_0000.npz,50,5,35,651,700,871,480,0.5806451612903226,0.36098310291858676,0.05837173579109063,0.35285714285714287,0.57,0.07714285714285714,0.7420924574209246,0.25060827250608275,0.0072992700729927005,0.22391304347826088,0.6695652173913044,0.10652173913043478,0.4718714121699196,0.4243070982756797,0.5281285878300803,0.7695652173913043,634,223,411,0.35173501577287064,0.46458333333333335,0.5307179866765359,0.602510460251046,0.39748953974895396,0.3288940092165899,0.6407614658766733,0.6380756478326891,0.15132654827110653,0.29181073480418285,0.14048418653307632,36,26.646928201332347,36.513513513513516,50.0,0.5585900987878052,1.0476660479574822,0.16666666666666666,46.0,46.0,46.0,4.6000000000000005,37.833333333333336,3.7833333333333337,5,12,0.16666666666666666,0.08333333333333333,0.08333333333333333,0.75,0.0,0.16666666666666666,8.0,8.0,16.0,30.5
7,50,0.95,0.5,0.95,0.5,0,kf_sa_seed_0000.npz,50,5,35,651,700,871,480,0.6129032258064516,0.32872503840245776,0.05837173579109063,0.39,0.5328571428571428,0.07714285714285714,0.7834549878345499,0.20924574209245742,0.0072992700729927005,0.22608695652173913,0.6673913043478261,0.10652173913043478,0.45120551090700345,0.4449883634824924,0.5487944890929966,0.7761506276150628,587,194,393,0.33049403747870526,0.4041666666666667,0.5655070318282753,0.5929319371727748,0.4070680628272252,0.3450230414746544,0.6247399605003292,0.6203400147606697,0.14734745168653857,0.26875809129250827,0.1214106396059697,30,22.20577350111029,43.58064516129032,50.0,0.5585900987878052,1.0476660479574822,0.16666666666666666,46.0,46.0,46.0,4.6000000000000005,38.0,3.8000000000000003,5,12,0.16666666666666666,0.08333333333333333,0.08333333333333333,0.6666666666666666,0.0,0.16666666666666666,8.5,8.5,14.0,30.583333333333332
7,50,0.98,0.5,0.95,0.5,0,kf_sa_seed_0000.npz,50,5,35,651,700,871,480,0.642089093701997,0.2995391705069124,0.05837173579109063,0.44857142857142857,0.47285714285714286,0.07857142857142857,0.8126520681265207,0.18004866180048662,0.0072992700729927005,0.2608695652173913,0.6304347826086957,0.10869565217391304,0.417910447761194,0.4606738601502169,0.582089552238806,0.757396449704142,526,162,364,0.30798479087452474,0.3375,0.6106587712805329,0.5733333333333334,0.42666666666666664,0.36033026113671274,0.6008865481676542,0.6007245978876183,0.14200656757998337,0.23446284865495123,0.09245628107496787,20,14.803849000740193,64.33333333333333,50.0,0.5585900987878052,1.0476660479574822,0.16666666666666666,45.0,45.0,45.0,4.5,39.0,3.9000000000000004,5,12,0.16666666666666666,0.08333333333333333,0.08333333333333333,0.6666666666666666,0.0,0.16666666666666666,8.0,8.0,11.833333333333334,30.5
7,50,0.99,0.5,0.95,0.5,0,kf_sa_seed_0000.npz,50,5,35,651,700,871,480,0.6344086021505376,0.30414746543778803,0.06144393241167435,0.5285714285714286,0.3942857142857143,0.07714285714285714,0.7956204379562044,0.1922141119221411,0.012165450121654502,0.34782608695652173,0.5456521739130434,0.10652173913043478,0.3788748564867968,0.45107108854331956,0.6211251435132032,0.6950092421441775,474,144,330,0.3037974683544304,0.3,0.6491487786824575,0.5324971493728621,0.4675028506271379,0.3557757296466974,0.5729800307219662,0.578282434753942,0.13705285572321146,0.21069571024712852,0.07364285452391706,24,17.764618800888233,54.04,50.0,0.5585900987878052,1.0476660479574822,0.16666666666666666,46.0,46.0,46.0,4.6000000000000005,38.5,3.85,5,12,0.16666666666666666,0.08333333333333333,0.08333333333333333,0.4166666666666667,0.0,0.16666666666666666,7.0,7.0,10.333333333333334,30.333333333333332
10,50,0.9,0.5,0.95,0.5,0,kf_sa_seed_0000.npz,50,5,35,651,700,871,480,0.33640552995391704,0.6098310291858678,0.053763440860215055,0.21571428571428572,0.7128571428571429,0.07142857142857142,0.4768856447688564,0.5231143552311436,0.0,0.13260869565217392,0.7695652173913043,0.09782608695652174,0.653272101033295,0.2873558658626891,0.3467278989667049,0.7980132450331126,896,327,569,0.36495535714285715,0.68125,0.33678756476683935,0.5912087912087912,0.4087912087912088,0.20391705069124422,0.6288457318411236,0.6237347135912521,0.18703760016946397,0.2935420192283473,0.1065044190588833,31,22.945965951147297,42.21875,51.0,0.5585900987878052,1.0476660479574822,0.16666666666666666,50.0,50.0,50.0,5.0,52.4,5.24,5,12,0.08333333333333333,0.08333333333333333,0.0,0.9166666666666666,0.0,0.16666666666666666,3.0,3.0,22.333333333333332,32.333333333333336
10,50,0.95,0.5,0.95,0.5,0,kf_sa_seed_0000.npz,50,5,35,651,700,871,480,0.3932411674347158,0.5514592933947773,0.055299539170506916,0.26571428571428574,0.6657142857142857,0.06857142857142857,0.5474452554744526,0.45012165450121655,0.0024330900243309003,0.14565217391304347,0.7608695652173914,0.09347826086956522,0.6142365097588978,0.3204617581720089,0.3857634902411022,0.7976190476190477,825,290,535,0.3515151515151515,0.6041666666666666,0.3893412287194671,0.5779467680608364,0.42205323193916355,0.2309062980030722,0.6121154268158876,0.6054095258451513,0.17968893599846744,0.2677438096261185,0.08805487362765105,47,34.78904515173945,28.145833333333332,51.0,0.5585900987878052,1.0476660479574822,0.16666666666666666,52.0,52.0,52.0,5.2,54.5,5.45,5,12,0.08333333333333333,0.0,0.08333333333333333,0.75,0.0,0.0,0.0,0.0,19.583333333333332,32.083333333333336
10,50,0.98,0.5,0.95,0.5,0,kf_sa_seed_0000.npz,50,5,35,651,700,871,480,0.49923195084485406,0.44393241167434716,0.05683563748079877,0.32857142857142857,0.6085714285714285,0.06285714285714286,0.6618004866180048,0.3333333333333333,0.004866180048661801,0.17173913043478262,0.7434782608695653,0.08478260869565217,0.5499425947187141,0.3732915476568285,0.4500574052812859,0.7933673469387755,715,236,479,0.3300699300699301,0.49166666666666664,0.4707623982235381,0.5801886792452831,0.41981132075471694,0.28104454685099844,0.5775488259820057,0.5703285469663495,0.170145583231575,0.22004936838688496,0.049903785155309965,21,15.544041450777202,61.40909090909091,51.0,0.5585900987878052,1.0476660479574822,0.16666666666666666,56.0,56.0,56.0,5.6000000000000005,47.666666666666664,4.766666666666667,5,12,0.08333333333333333,0.0,0.08333333333333333,0.6666666666666666,0.0,0.0,0.0,0.0,16.833333333333332,32.083333333333336
10,50,0.99,0.5,0.95,0.5,0,kf_sa_seed_0000.npz,50,5,35,651,700,871,480,0.5698924731182796,0.3717357910906298,0.05837173579109063,0.44857142857142857,0.49857142857142855,0.05285714285714286,0.7274939172749392,0.26520681265206814,0.0072992700729927005,0.29130434782608694,0.6391304347826087,0.06956521739130435,0.4626865671641791,0.3985295673331218,0.5373134328358209,0.7072649572649573,591,188,403,0.31810490693739424,0.39166666666666666,0.5625462620281273,0.5368421052631579,0.4631578947368421,0.3113748079877112,0.5411411016019311,0.5361184114976646,0.1607183875789078,0.17411407743442642,0.013395689855518617,17,12.583271650629163,75.05555555555556,51.0,0.5585900987878052,1.0476660479574822,0.16666666666666666,63.0,63.0,63.0,6.300000000000001,46.5,4.65,5,12,0.16666666666666666,0.08333333333333333,0.08333333333333333,0.5833333333333334,0.0,0.16666666666666666,14.0,14.0,14.0,31.5
3,20,0.9,0.5,0.95,0.5,1,kf_sa_seed_0001.npz,20,5,35,681,700,901,480,0.6872246696035242,0.27312775330396477,0.039647577092511016,0.19428571428571428,0.6142857142857143,0.19142857142857142,0.7709750566893424,0.2290249433106576,0.0,0.11956521739130435,0.6369565217391304,0.24347826086956523,0.43729189789123196,0.5072266587794538,0.562708102108768,0.8915187376725838,616,222,394,0.36038961038961037,0.4625,0.55394641564084,0.7869281045751634,0.21307189542483662,0.4393266205160478,0.7925026221942522,0.7945829177074173,0.11790578593820551,0.48221454512547407,0.36430875918726857,77,55.756698044895,17.705128205128204,20.0,0.5636462256243833,0.9650564541279569,0.5,48.333333333333336,53.0,64.0,4.833333333333334,19.333333333333332,1.9333333333333333,3,12,0.5,0.4166666666666667,0.08333333333333333,0.9166666666666666,0.16666666666666666,0.6666666666666666,16.166666666666668,16.5,17.416666666666668,25.583333333333332
3,20,0.95,0.5,0.95,0.5,1,kf_sa_seed_0001.npz,20,5,35,681,700,901,480,0.750367107195301,0.2055800293685756,0.04405286343612335,0.22714285714285715,0.5914285714285714,0.18142857142857144,0.8594104308390023,0.14058956916099774,0.0,0.13043478260869565,0.6391304347826087,0.23043478260869565,0.3951165371809101,0.544922606723849,0.6048834628190899,0.8899082568807339,554,198,356,0.3574007220216607,0.4125,0.5988414192614048,0.7714631197097944,0.22853688029020558,0.4658978393119362,0.797856093979442,0.7919577264391816,0.10766680160790111,0.4557730792535059,0.3481062776456048,54,39.102099927588704,25.10909090909091,20.0,0.5636462256243833,0.9650564541279569,0.5,57.666666666666664,64.0,80.0,5.766666666666667,19.333333333333332,1.9333333333333333,3,12,0.5,0.4166666666666667,0.08333333333333333,0.9166666666666666,0.16666666666666666,0.6666666666666666,16.333333333333332,16.5,15.666666666666666,25.666666666666668
3,20,0.98,0.5,0.95,0.5,1,kf_sa_seed_0001.npz,20,5,35,681,700,901,480,0.8370044052863436,0.1130690161527166,0.049926578560939794,0.2671428571428571,0.56,0.17285714285714285,0.981859410430839,0.018140589569160998,0.0,0.14130434782608695,0.6369565217391304,0.2217391304347826,0.3340732519422864,0.6017992704328108,0.6659267480577137,0.8916666666666667,469,168,301,0.3582089552238806,0.35,0.6603910209992759,0.7576754385964912,0.24232456140350878,0.5049307740717432,0.7995217117684078,0.7809677155613897,0.09966228310518588,0.40156701828930114,0.30190473518411526,52,37.65387400434468,26.056603773584907,20.0,0.5636462256243833,0.9650564541279569,0.5,59.0,66.0,80.0,5.9,18.0,1.8,3,12,0.5,0.4166666666666667,0.08333333333333333,0.9166666666666666,0.16666666666666666,0.6666666666666666,17.0,18.5,13.583333333333334,26.0
3,20,0.99,0.5,0.95,0.5,1,kf_sa_seed_0001.npz,20,5,35,681,700,901,480,0.8384728340675477,0.11160058737151249,0.049926578560939794,0.3457142857142857,0.5185714285714286,0.1357142857142857,0.9954648526077098,0.0045351473922902496,0.0,0.20869565217391303,0.6173913043478261,0.17391304347826086,0.3174250832408435,0.5846889480429853,0.6825749167591565,0.8439024390243902,439,153,286,0.34851936218678814,0.31875,0.6821144098479363,0.7070063694267515,0.29299363057324845,0.4870935598909167,0.7890811831340465,0.7613751513633815,0.09946464997538408,0.3437538969369872,0.24428924696160315,50,36.205648081100655,27.07843137254902,20.0,0.5636462256243833,0.9650564541279569,0.5,63.666666666666664,70.0,80.0,6.366666666666667,18.333333333333332,1.8333333333333333,3,12,0.3333333333333333,0.16666666666666666,0.16666666666666666,0.75,0.0,0.3333333333333333,9.75,7.0,12.333333333333334,26.583333333333332
3,25,0.9,0.5,0.95,0.5,1,kf_sa_seed_0001.npz,25,5,35,676,700,896,480,0.7633136094674556,0.1834319526627219,0.05325443786982249,0.22857142857142856,0.5871428571428572,0.18428571428571427,0.8761467889908257,0.12385321100917432,0.0,0.1108695652173913,0.6521739130434783,0.23695652173913043,0.3950892857142857,0.5565516553649781,0.6049107142857143,0.9059040590405905,535,181,354,0.3383177570093458,0.3770833333333333,0.6111918604651163,0.7669441141498217,0.23305588585017833,0.47379966187658495,0.797185122569738,0.7857140068104697,0.10728590309160048,0.4447507825028094,0.33746487941120895,62,45.05813953488372,21.841269841269842,25.0,0.5647784019111881,0.9650564541279569,0.5,58.0,63.0,81.0,5.800000000000001,19.166666666666668,1.916666666666667,3,12,0.5,0.4166666666666667,0.08333333333333333,0.9166666666666666,0.16666666666666666,0.6666666666666666,16.333333333333332,17.0,14.333333333333334,25.666666666666668
3,25,0.95,0.5,0.95,0.5,1,kf_sa_seed_0001.npz,25,5,35,676,700,896,480,0.8017751479289941,0.14201183431952663,0.05621301775147929,0.24857142857142858,0.57,0.18142857142857144,0.9357798165137615,0.06422018348623854,0.0,0.11521739130434783,0.65,0.23478260869565218,0.36495535714285715,0.5852812126047069,0.6350446428571429,0.9068541300527241,495,168,327,0.3393939393939394,0.35,0.6402616279069767,0.7593643586833144,0.24063564131668558,0.4916018596787828,0.7992519019442096,0.7806937381655441,0.10400185253132994,0.41921383435381837,0.31521198182248844,58,42.151162790697676,23.322033898305083,25.0,0.5647784019111881,0.9650564541279569,0.5,56.666666666666664,64.0,75.0,5.666666666666667,19.833333333333332,1.9833333333333334,3,12,0.5,0.4166666666666667,0.08333333333333333,0.9166666666666666,0.16666666666666666,0.6666666666666666,17.166666666666668,19.0,13.416666666666666,26.083333333333332
3,25,0.98,0.5,0.95,0.5,1,kf_sa_seed_0001.npz,25,5,35,676,700,896,480,0.8402366863905325,0.10355029585798817,0.05621301775147929,0.3028571428571429,0.5371428571428571,0.16,0.9931192660550459,0.006880733944954129,0.0,0.15217391304347827,0.6369565217391304,0.2108695652173913,0.33035714285714285,0.6019944156362186,0.6696428571428571,0.8833333333333333,446,150,296,0.336322869955157,0.3125,0.6758720930232558,0.7311827956989247,0.26881720430107525,0.5001183431952663,0.7937975486052409,0.7649891985396554,0.10362005285292022,0.3688562807565024,0.26523622790358214,40,29.069767441860463,33.5609756097561,25.0,0.5647784019111881,0.9650564541279569,0.5,61.666666666666664,66.0,80.0,6.166666666666667,17.833333333333332,1.7833333333333332,3,12,0.4166666666666667,0.25,0.16666666666666666,0.75,0.0,0.5,14.0,14.0,12.083333333333334,26.25
3,25,0.99,0.5,0.95,0.5,1,kf_sa_seed_0001.npz,25,5,35,676,700,896,480,0.8313609467455622,0.11242603550295859,0.05621301775147929,0.39,0.47285714285714286,0.13714285714285715,0.9931192660550459,0.006880733944954129,0.0,0.2391304347826087,0.5847826086956521,0.17608695652173914,0.30357142857142855,0.5846031112883925,0.6964285714285714,0.8237179487179487,407,135,272,0.3316953316953317,0.28125,0.7042151162790697,0.6790505675954592,0.32094943240454077,0.48425190194420964,0.7801838546069315,0.7446790795596918,0.10576256029027946,0.31729941760628705,0.21153685731600758,50,36.33720930232558,26.980392156862745,25.0,0.5647784019111881,0.9650564541279569,0.5,64.33333333333333,71.0,80.0,6.433333333333334,19.0,1.9000000000000001,3,12,0.3333333333333333,0.16666666666666666,0.16666666666666666,0.6666666666666666,0.0,0.3333333333333333,10.5,7.0,10.833333333333334,26.833333333333332
3,35,0.9,0.5,0.95,0.5,1,kf_sa_seed_0001.npz,35,5,35,666,700,886,480,0.8288288288288288,0.10510510510510511,0.06606606606606606,0.32285714285714284,0.5085714285714286,0.16857142857142857,0.9859154929577465,0.014084507042253521,0.0,0.1565217391304348,0.6195652173913043,0.22391304347826088,0.32844243792325056,0.6049142682180036,0.6715575620767494,0.8789915966386554,426,135,291,0.31690140845070425,0.28125,0.6881405563689604,0.7127659574468085,0.2872340425531915,0.4987001287001287,0.7914671814671814,0.7580898538152725,0.11424162967403124,0.36697721691006774,0.2527355872360365,44,32.210834553440705,30.355555555555554,35.0,0.5692994590670994,0.9650564541279569,0.5,60.0,67.0,73.0,6.0,19.5,1.9500000000000002,3,12,0.3333333333333333,0.16666666666666666,0.16666666666666666,0.6666666666666666,0.0,0.3333333333333333,9.75,6.5,10.75,26.583333333333332
3,35,0.95,0.5,0.95,0.5,1,kf_sa_seed_0001.npz,35,5,35,666,700,886,480,0.8243243243243243,0.10810810810810811,0.06756756756756757,0.34285714285714286,0.49714285714285716,0.16,0.9859154929577465,0.014084507042253521,0.0,0.17608695652173914,0.6130434782608696,0.2108695652173913,0.32505643340857787,0.5983925290875689,0.6749435665914221,0.8645484949832776,420,132,288,0.3142857142857143,0.275,0.6925329428989752,0.6987315010570825,0.3012684989429175,0.4921621621621622,0.786930501930502,0.7494456098505673,0.11624974715168926,0.3470636976774209,0.23081395052573164,48,35.13909224011713,27.877551020408163,35.0,0.5692994590670994,0.9650564541279569,0.5,61.666666666666664,69.0,74.0,6.166666666666667,20.0,2.0,3,12,0.3333333333333333,0.16666666666666666,0.16666666666666666,0.6666666666666666,0.0,0.3333333333333333,10.25,6.5,10.5,26.75
3,35,0.98,0.5,0.95,0.5,1,kf_sa_seed_0001.npz,35,5,35,666,700,886,480,0.8198198198198198,0.1111111111111111,0.06906906906906907,0.43,0.4228571428571429,0.14714285714285713,0.9812206572769953,0.018779342723004695,0.0,0.25869565217391305,0.55,0.19130434782608696,0.2945823927765237,0.5862625025515411,0.7054176072234764,0.8096,370,109,261,0.2945945945945946,0.22708333333333333,0.7291361639824304,0.6516064257028112,0.34839357429718876,0.48348133848133845,0.773991848991849,0.7314484444673256,0.11972442224083896,0.30911193247945595,0.189387510238617,48,35.13909224011713,27.877551020408163,35.0,0.5692994590670994,0.9650564541279569,0.5,63.333333333333336,71.0,75.0,6.333333333333334,19.666666666666668,1.9666666666666668,3,12,0.3333333333333333,0.16666666666666666,0.16666666666666666,0.6666666666666666,0.0,0.3333333333333333,10.5,6.5,8.666666666666666,26.833333333333332
3,35,0.99,0.5,0.95,0.5,1,kf_sa_seed_0001.npz,35,5,35,666,700,886,480,0.8183183183183184,0.12162162162162163,0.06006006006006006,0.5185714285714286,0.3757142857142857,0.10571428571428572,0.9812206572769953,0.018779342723004695,0.0,0.35434782608695653,0.5065217391304347,0.1391304347826087,0.27200902934537247,0.560175546029802,0.7279909706546276,0.7472868217054264,344,103,241,0.29941860465116277,0.21458333333333332,0.7481698389458272,0.6056751467710372,0.3943248532289628,0.46201630201630206,0.7553839553839554,0.7101591038909377,0.12146250100787927,0.2675539971109895,0.14609149610311023,32,23.42606149341142,41.39393939393939,35.0,0.5692994590670994,0.9650564541279569,0.5,70.33333333333333,77.0,81.0,7.033333333333333,20.0,2.0,3,12,0.3333333333333333,0.16666666666666666,0.16666666666666666,0.5833333333333334,0.0,0.3333333333333333,10.75,6.0,7.75,26.916666666666668
3,50,0.9,0.5,0.95,0.5,1,kf_sa_seed_0001.npz,50,5,35,651,700,871,480,0.7987711213517665,0.12903225806451613,0.07219662058371736,0.5071428571428571,0.37857142857142856,0.11428571428571428,0.9635036496350365,0.0364963503649635,0.0,0.3239130434782609,0.5239130434782608,0.15217391304347827,0.2939150401836969,0.5578387813392574,0.7060849598163031,0.7577235772357723,349,93,256,0.2664756446991404,0.19375,0.7416728349370837,0.5988023952095808,0.4011976047904192,0.45652841781874043,0.7498617511520738,0.6930017638269044,0.13904110953982832,0.2797138625618896,0.1406727530220613,38,28.127313101406365,34.64102564102564,50.0,0.5716518693757164,0.9650564541279569,0.5,69.66666666666667,77.0,79.0,6.966666666666668,22.166666666666668,2.216666666666667,3,12,0.25,0.08333333333333333,0.16666666666666666,0.5833333333333334,0.0,0.16666666666666666,4.333333333333333,0.0,6.833333333333333,27.333333333333332
3,50,0.95,0.5,0.95,0.5,1,kf_sa_seed_0001.npz,50,5,35,651,700,871,480,0.7926267281105991,0.13671274961597543,0.0706605222734255,0.5414285714285715,0.35285714285714287,0.10571428571428572,0.9586374695863747,0.0413625304136253,0.0,0.36086956521739133,0.5,0.1391304347826087,0.2835820895522388,0.5488839521844917,0.7164179104477612,0.7339743589743589,336,89,247,0.2648809523809524,0.18541666666666667,0.7512953367875648,0.5812807881773399,0.41871921182266014,0.4491705069124424,0.7407241606319948,0.6828420482353565,0.14021652346392843,0.26450980060474255,0.12429327714081412,34,25.166543301258326,38.6,50.0,0.5716518693757164,0.9650564541279569,0.5,71.66666666666667,79.0,81.0,7.166666666666668,22.666666666666668,2.266666666666667,3,12,0.25,0.08333333333333333,0.16666666666666666,0.4166666666666667,0.0,0.16666666666666666,4.333333333333333,0.0,6.5,27.333333333333332
3,50,0.98,0.5,0.95,0.5,1,kf_sa_seed_0001.npz,50,5,35,651,700,871,480,0.7880184331797235,0.14592933947772657,0.06605222734254992,0.5771428571428572,0.3342857142857143,0.08857142857142856,0.9513381995133819,0.04866180048661801,0.0,0.4108695652173913,0.47608695652173916,0.11304347826086956,0.2743972445464983,0.5321908388871257,0.7256027554535017,0.7009493670886076,329,90,239,0.2735562310030395,0.1875,0.7564766839378239,0.5626223091976517,0.43737769080234834,0.438294930875576,0.7193307000219442,0.6614513977236582,0.14056466570039103,0.2322374418591619,0.09167277615877087,24,17.764618800888233,54.04,50.0,0.5716518693757164,0.9650564541279569,0.3333333333333333,69.0,69.0,80.0,6.9,23.0,2.3000000000000003,4,12,0.25,0.08333333333333333,0.16666666666666666,0.4166666666666667,0.0,0.16666666666666666,4.333333333333333,0.0,6.666666666666667,27.333333333333332
3,50,0.99,0.5,0.95,0.5,1,kf_sa_seed_0001.npz,50,5,35,651,700,871,480,0.7803379416282642,0.17511520737327188,0.0445468509984639,0.6271428571428571,0.29,0.08285714285714285,0.9391727493917275,0.06082725060827251,0.0,0.4826086956521739,0.41304347826086957,0.10434782608695652,0.2468427095292767,0.521760287739342,0.7531572904707233,0.6615853658536586,317,102,215,0.3217665615141956,0.2125,0.765358993338268,0.5473887814313346,0.4526112185686654,0.4315975422427035,0.6933552775949089,0.6379254875547612,0.13668210728682553,0.19534691101720073,0.05866480373037519,22,16.28423390081421,58.73913043478261,50.0,0.5716518693757164,0.9650564541279569,0.3333333333333333,71.0,71.0,81.0,7.1000000000000005,23.833333333333332,2.3833333333333333,4,12,0.25,0.08333333333333333,0.16666666666666666,0.4166666666666667,0.0,0.16666666666666666,4.333333333333333,0.0,7.666666666666667,27.333333333333332
5,20,0.9,0.5,0.95,0.5,1,kf_sa_seed_0001.npz,20,5,35,681,700,901,480,0.29809104258443464,0.6901615271659325,0.011747430249632892,0.05142857142857143,0.8485714285714285,0.1,0.3219954648526077,0.6780045351473923,0.0,0.03260869565217391,0.841304347826087,0.12608695652173912,0.7613762486126526,0.22404121068717342,0.2386237513873474,0.9302325581395349,1064,378,686,0.35526315789473684,0.7875,0.22954380883417813,0.861198738170347,0.13880126182965302,0.1990455212922173,0.8414138871407594,0.8234318507197422,0.13732073706685216,0.4755328103108978,0.3382120732440456,84,60.825488776249095,16.24705882352941,50.0,0.5636462256243833,0.9650564541279569,0.3333333333333333,113.0,113.0,195.0,11.3,20.666666666666668,2.066666666666667,4,12,0.4166666666666667,0.3333333333333333,0.08333333333333333,0.9166666666666666,0.16666666666666666,0.5,14.8,16.0,24.25,26.583333333333332
5,20,0.95,0.5,0.95,0.5,1,kf_sa_seed_0001.npz,20,5,35,681,700,901,480,0.5447870778267254,0.4434654919236417,0.011747430249632892,0.09714285714285714,0.8042857142857143,0.09857142857142857,0.6077097505668935,0.3922902494331066,0.0,0.0391304347826087,0.8326086956521739,0.1282608695652174,0.6170921198668147,0.36798531006605545,0.38290788013318533,0.9478260869565217,865,309,556,0.35722543352601155,0.64375,0.3736422881969587,0.8527131782945736,0.1472868217054264,0.321679253199077,0.836798825256975,0.8151191922363327,0.11768991497796757,0.4404662560104798,0.3227763410325122,104,75.30774800868936,13.152380952380952,43.0,0.5636462256243833,0.9650564541279569,0.16666666666666666,32.0,32.0,32.0,3.2,20.666666666666668,2.066666666666667,5,12,0.4166666666666667,0.3333333333333333,0.08333333333333333,0.9166666666666666,0.16666666666666666,0.5,15.0,16.0,21.916666666666668,26.666666666666668
5,20,0.98,0.5,0.95,0.5,1,kf_sa_seed_0001.npz,20,5,35,681,700,901,480,0.7767988252569751,0.2055800293685756,0.01762114537444934,0.2,0.73,0.07,0.9183673469387755,0.08163265306122448,0.0,0.07391304347826087,0.8304347826086956,0.09565217391304348,0.46392896781354054,0.5070097604259095,0.5360710321864595,0.9296066252587992,651,233,418,0.3579109062980031,0.48541666666666666,0.5286024619840695,0.7917808219178082,0.2082191780821918,0.42339941262848757,0.8150996433815817,0.7792482219105274,0.10001821834368126,0.3761426337245221,0.27612441538084087,39,28.240405503258508,34.525,34.0,0.5636462256243833,0.9650564541279569,0.16666666666666666,44.0,44.0,44.0,4.4,19.833333333333332,1.9833333333333334,5,12,0.3333333333333333,0.25,0.08333333333333333,0.8333333333333334,0.0,0.5,11.5,11.5,17.416666666666668,27.166666666666668
5,20,0.99,0.5,0.95,0.5,1,kf_sa_seed_0001.npz,20,5,35,681,700,901,480,0.8076358296622613,0.1762114537444934,0.016152716593245228,0.24142857142857144,0.6585714285714286,0.1,0.9614512471655329,0.03854875283446712,0.0,0.09347826086956522,0.7760869565217391,0.13043478260869565,0.41509433962264153,0.5459430148871143,0.5849056603773585,0.9184060721062619,581,207,374,0.35628227194492257,0.43125,0.5792903692976105,0.775,0.22499999999999998,0.45381791483113065,0.7976358296622614,0.7848613675114773,0.08620907852081139,0.34337502091223104,0.25716594239141966,23,16.6545981173063,57.541666666666664,34.0,0.5636462256243833,0.9650564541279569,0.16666666666666666,30.0,30.0,30.0,3.0,19.0,1.9000000000000001,5,12,0.5,0.4166666666666667,0.08333333333333333,0.8333333333333334,0.16666666666666666,0.6666666666666666,17.833333333333332,20.0,15.166666666666666,26.416666666666668
5,25,0.9,0.5,0.95,0.5,1,kf_sa_seed_0001.npz,25,5,35,676,700,896,480,0.636094674556213,0.34911242603550297,0.014792899408284023,0.12857142857142856,0.7742857142857142,0.09714285714285714,0.7155963302752294,0.28440366972477066,0.0,0.05217391304347826,0.8195652173913044,0.1282608695652174,0.5591517857142857,0.4219285999202234,0.4408482142857143,0.9392405063291139,778,277,501,0.3560411311053985,0.5770833333333333,0.43459302325581395,0.8327759197324415,0.16722408026755853,0.3666187658495351,0.8340743871513102,0.8088717675535925,0.11503300976870465,0.4379747934038546,0.3229417836351499,94,68.31395348837209,14.48421052631579,46.0,0.5647784019111881,0.9650564541279569,0.16666666666666666,36.0,36.0,36.0,3.6,20.666666666666668,2.066666666666667,5,12,0.4166666666666667,0.3333333333333333,0.08333333333333333,0.9166666666666666,0.0,0.6666666666666666,15.4,17.0,20.5,26.833333333333332
5,25,0.95,0.5,0.95,0.5,1,kf_sa_seed_0001.npz,25,5,35,676,700,896,480,0.742603550295858,0.2411242603550296,0.016272189349112426,0.18428571428571427,0.73,0.08571428571428572,0.8669724770642202,0.13302752293577982,0.0,0.07391304347826087,0.8065217391304348,0.11956521739130435,0.47879464285714285,0.49326884722776226,0.5212053571428571,0.9271948608137045,674,245,429,0.36350148367952523,0.5104166666666666,0.5101744186046512,0.8005698005698005,0.19943019943019946,0.4141589180050719,0.8246639898562975,0.7987820656170818,0.10484133842524115,0.4047131923293531,0.299871853904112,53,38.51744186046512,25.48148148148148,34.0,0.5647784019111881,0.9650564541279569,0.16666666666666666,40.0,40.0,40.0,4.0,19.833333333333332,1.9833333333333334,5,12,0.3333333333333333,0.25,0.08333333333333333,0.9166666666666666,0.0,0.5,12.0,12.5,18.416666666666668,27.333333333333332
5,25,0.98,0.5,0.95,0.5,1,kf_sa_seed_0001.npz,25,5,35,676,700,896,480,0.8062130177514792,0.1760355029585799,0.01775147928994083,0.23142857142857143,0.6742857142857143,0.09428571428571429,0.9701834862385321,0.02981651376146789,0.0,0.0891304347826087,0.7847826086956522,0.12608695652173912,0.4174107142857143,0.5481352213801356,0.5825892857142857,0.921455938697318,591,217,374,0.36717428087986465,0.45208333333333334,0.5704941860465116,0.778343949044586,0.22165605095541396,0.4502493660185968,0.800262045646661,0.7755660984281877,0.09624385462388754,0.351713233607749,0.25546937898386146,23,16.71511627906977,57.333333333333336,34.0,0.5647784019111881,0.9650564541279569,0.16666666666666666,32.0,32.0,32.0,3.2,20.166666666666668,2.016666666666667,5,12,0.4166666666666667,0.3333333333333333,0.08333333333333333,0.8333333333333334,0.16666666666666666,0.5,16.0,17.0,16.083333333333332,27.083333333333332
5,25,0.99,0.5,0.95,0.5,1,kf_sa_seed_0001.npz,25,5,35,676,700,896,480,0.7914201183431953,0.1893491124260355,0.019230769230769232,0.29714285714285715,0.6228571428571429,0.08,0.944954128440367,0.05504587155963303,0.0,0.12608695652173912,0.7630434782608696,0.1108695652173913,0.4185267857142857,0.5279118468288791,0.5814732142857143,0.8886756238003839,564,189,375,0.3351063829787234,0.39375,0.5901162790697675,0.7278325123152709,0.2721674876847291,0.4357100591715976,0.7742413355874894,0.7571570720771863,0.09318411761135785,0.33394043712242233,0.24075631951106446,33,23.982558139534884,40.470588235294116,34.0,0.5647784019111881,0.9650564541279569,0.16666666666666666,42.0,42.0,42.0,4.2,20.333333333333332,2.033333333333333,5,12,0.3333333333333333,0.25,0.08333333333333333,0.8333333333333334,0.0,0.5,12.75,11.5,13.75,27.583333333333332
5,35,0.9,0.5,0.95,0.5,1,kf_sa_seed_0001.npz,35,5,35,666,700,886,480,0.8048048048048048,0.17717717717717718,0.018018018018018018,0.2342857142857143,0.6857142857142857,0.08,0.971830985915493,0.028169014084507043,0.0,0.0891304347826087,0.8,0.1108695652173913,0.4288939051918736,0.5413502755664421,0.5711060948081265,0.9189723320158103,598,218,380,0.36454849498327757,0.45416666666666666,0.5622254758418741,0.7708333333333334,0.22916666666666663,0.44240240240240236,0.7978378378378378,0.7725594000893036,0.10270076693340544,0.3616817796758629,0.25898101274245744,20,14.641288433382138,65.04761904761905,35.0,0.5692994590670994,0.9650564541279569,0.16666666666666666,44.0,44.0,44.0,4.4,20.166666666666668,2.016666666666667,5,12,0.3333333333333333,0.3333333333333333,0.0,0.9166666666666666,0.0,0.6666666666666666,12.0,11.5,16.083333333333332,27.333333333333332
5,35,0.95,0.5,0.95,0.5,1,kf_sa_seed_0001.npz,35,5,35,666,700,886,480,0.8123123123123123,0.16966966966966968,0.018018018018018018,0.2557142857142857,0.6714285714285714,0.07285714285714286,0.9859154929577465,0.014084507042253521,0.0,0.09782608695652174,0.8021739130434783,0.1,0.42325056433408575,0.5429577464788733,0.5767494356659142,0.9119373776908023,583,208,375,0.3567753001715266,0.43333333333333335,0.5732064421669106,0.756066411238825,0.243933588761175,0.44258472758472756,0.78502574002574,0.7595026697131997,0.10068494612728206,0.33491493568420844,0.23422998955692637,22,16.105417276720353,59.391304347826086,35.0,0.5692994590670994,0.9650564541279569,0.16666666666666666,50.0,50.0,50.0,5.0,20.666666666666668,2.066666666666667,5,12,0.3333333333333333,0.3333333333333333,0.0,0.9166666666666666,0.0,0.6666666666666666,12.25,11.5,15.25,27.416666666666668
5,35,0.98,0.5,0.95,0.5,1,kf_sa_seed_0001.npz,35,5,35,666,700,886,480,0.8093093093093093,0.16816816816816818,0.02252252252252252,0.3157142857142857,0.6057142857142858,0.07857142857142857,0.9906103286384976,0.009389671361502348,0.0,0.13260869565217392,0.758695652173913,0.10869565217391304,0.3984198645598194,0.5496529904062053,0.6015801354401806,0.8855534709193246,536,183,353,0.3414179104477612,0.38125,0.6076134699853587,0.7156626506024096,0.28433734939759037,0.4439403689403689,0.7601587301587301,0.7389735528667964,0.10049911035538758,0.29360098025866554,0.19310186990327796,20,14.641288433382138,65.04761904761905,35.0,0.5692994590670994,0.9650564541279569,0.16666666666666666,44.0,44.0,44.0,4.4,21.166666666666668,2.1166666666666667,5,12,0.3333333333333333,0.3333333333333333,0.0,0.8333333333333334,0.0,0.6666666666666666,13.25,11.5,13.166666666666666,27.75
5,35,0.99,0.5,0.95,0.5,1,kf_sa_seed_0001.npz,35,5,35,666,700,886,480,0.8153153153153153,0.16216216216216217,0.02252252252252252,0.37714285714285717,0.5442857142857143,0.07857142857142857,1.0,0.0,0.0,0.1891304347826087,0.7021739130434783,0.10869565217391304,0.36455981941309257,0.5543478260869565,0.6354401805869074,0.8454706927175843,489,166,323,0.3394683026584867,0.3458333333333333,0.6420204978038068,0.6818700114025086,0.3181299885974914,0.44694337194337197,0.739937794937795,0.7260448425879198,0.0952624489626047,0.2647588331247681,0.1694963841621634,28,20.497803806734993,47.10344827586207,35.0,0.5692994590670994,0.9650564541279569,0.16666666666666666,45.0,45.0,45.0,4.5,20.5,2.0500000000000003,5,12,0.3333333333333333,0.3333333333333333,0.0,0.8333333333333334,0.0,0.6666666666666666,13.75,11.5,11.833333333333334,27.916666666666668
5,50,0.9,0.5,0.95,0.5,1,kf_sa_seed_0001.npz,50,5,35,651,700,871,480,0.7772657450076805,0.2012288786482335,0.021505376344086023,0.39285714285714285,0.5457142857142857,0.06142857142857143,0.9610705596107056,0.038929440389294405,0.0,0.18695652173913044,0.7304347826086957,0.08260869565217391,0.4041331802525832,0.5218396276314398,0.5958668197474167,0.8342967244701349,513,161,352,0.3138401559454191,0.33541666666666664,0.6202812731310141,0.6551312649164678,0.3448687350835322,0.41934715821812596,0.736021505376344,0.7010371742922527,0.10879949933276634,0.26721348993115174,0.1584139905983854,24,17.764618800888233,54.04,50.0,0.5716518693757164,0.9650564541279569,0.16666666666666666,57.0,57.0,57.0,5.7,24.5,2.45,5,12,0.25,0.25,0.0,0.75,0.0,0.5,8.666666666666666,8.0,11.333333333333334,28.416666666666668
5,50,0.95,0.5,0.95,0.5,1,kf_sa_seed_0001.npz,50,5,35,651,700,871,480,0.7695852534562212,0.2073732718894009,0.02304147465437788,0.42714285714285716,0.5114285714285715,0.06142857142857143,0.9513381995133819,0.04866180048661801,0.0,0.22391304347826088,0.6934782608695652,0.08260869565217391,0.38920780711825487,0.516973447582778,0.6107921928817451,0.806390977443609,493,154,339,0.31237322515212984,0.32083333333333336,0.6350851221317543,0.634032634032634,0.365967365967366,0.4155069124423963,0.7214768488040377,0.6940721001769444,0.10690473773377454,0.24733601821033407,0.14043128047655953,22,16.28423390081421,58.73913043478261,50.0,0.5716518693757164,0.9650564541279569,0.16666666666666666,57.0,57.0,57.0,5.7,25.166666666666668,2.516666666666667,5,12,0.25,0.25,0.0,0.75,0.0,0.5,8.666666666666666,8.0,10.75,28.416666666666668
5,50,0.98,0.5,0.95,0.5,1,kf_sa_seed_0001.npz,50,5,35,651,700,871,480,0.7665130568356375,0.21505376344086022,0.018433179723502304,0.4828571428571429,0.45571428571428574,0.06142857142857143,0.9440389294403893,0.05596107055961071,0.0,0.29130434782608694,0.6260869565217392,0.08260869565217391,0.35706084959816303,0.5133238125462816,0.642939150401837,0.7607142857142857,459,148,311,0.3224400871459695,0.30833333333333335,0.6602516654330126,0.6076233183856502,0.3923766816143498,0.41397081413210446,0.6937063857801185,0.6760241211569363,0.10577857291226371,0.22000480050048615,0.11422622758822244,20,14.803849000740193,64.33333333333333,50.0,0.5716518693757164,0.9650564541279569,0.16666666666666666,57.0,57.0,57.0,5.7,25.333333333333332,2.533333333333333,5,12,0.25,0.25,0.0,0.6666666666666666,0.0,0.5,8.0,6.0,10.333333333333334,28.25
5,50,0.99,0.5,0.95,0.5,1,kf_sa_seed_0001.npz,50,5,35,651,700,871,480,0.7757296466973886,0.19815668202764977,0.026113671274961597,0.5085714285714286,0.42714285714285716,0.06428571428571428,0.9537712895377128,0.046228710462287104,0.0,0.31521739130434784,0.5978260869565217,0.08695652173913043,0.3375430539609644,0.5203639056384216,0.6624569460390356,0.7487001733102253,428,134,294,0.3130841121495327,0.2791666666666667,0.6831976313841599,0.5958829902491874,0.40411700975081255,0.42000768049155146,0.6723085363177529,0.6656263176495202,0.10544227876078317,0.22112644876314091,0.11568417000235774,20,14.803849000740193,64.33333333333333,50.0,0.5716518693757164,0.9650564541279569,0.16666666666666666,55.0,55.0,55.0,5.5,24.333333333333332,2.4333333333333336,5,12,0.25,0.16666666666666666,0.08333333333333333,0.5,0.0,0.3333333333333333,7.333333333333333,4.0,9.416666666666666,28.083333333333332
7,35,0.9,0.5,0.95,0.5,1,kf_sa_seed_0001.npz,35,5,35,666,700,886,480,0.45345345345345345,0.5330330330330331,0.013513513513513514,0.08142857142857143,0.8471428571428572,0.07142857142857142,0.5563380281690141,0.44366197183098594,0.0,0.02608695652173913,0.8760869565217392,0.09782608695652174,0.6681715575620768,0.3270820575627679,0.33182844243792325,0.9591836734693877,948,356,592,0.3755274261603376,0.7416666666666667,0.30600292825768666,0.8421052631578947,0.1578947368421053,0.2624410124410124,0.8220956670956671,0.7867546595161796,0.1433965425373717,0.4138391703100722,0.27044262777270056,85,62.225475841874086,15.883720930232558,52.0,0.5692994590670994,0.9650564541279569,0.16666666666666666,52.0,52.0,52.0,5.2,29.0,2.9000000000000004,5,12,0.25,0.25,0.0,1.0,0.0,0.5,16.0,21.0,25.75,30.25
7,35,0.95,0.5,0.95,0.5,1,kf_sa_seed_0001.npz,35,5,35,666,700,886,480,0.5960960960960962,0.39039039039039036,0.013513513513513514,0.11714285714285715,0.8157142857142857,0.06714285714285714,0.7535211267605634,0.24647887323943662,0.0,0.058695652173913045,0.85,0.09130434782608696,0.5598194130925508,0.4224127372933252,0.4401805869074492,0.9307692307692308,831,335,496,0.40312876052948254,0.6979166666666666,0.3916544655929722,0.8299065420560747,0.17009345794392527,0.33161947661947666,0.8063127413127413,0.7768781856392476,0.12974469399661304,0.3809561974722344,0.2512115034756214,58,42.4597364568082,23.152542372881356,43.0,0.5692994590670994,0.9650564541279569,0.16666666666666666,54.0,54.0,54.0,5.4,28.333333333333332,2.8333333333333335,5,12,0.25,0.25,0.0,1.0,0.0,0.5,15.666666666666666,20.0,24.666666666666668,30.166666666666668
7,35,0.98,0.5,0.95,0.5,1,kf_sa_seed_0001.npz,35,5,35,666,700,886,480,0.6951951951951952,0.2897897897897898,0.015015015015015015,0.18857142857142858,0.7485714285714286,0.06285714285714286,0.8779342723004695,0.12206572769953052,0.0,0.0782608695652174,0.8369565217391305,0.08478260869565217,0.4932279909706546,0.4813584404980608,0.5067720090293454,0.9198218262806236,717,280,437,0.3905160390516039,0.5833333333333334,0.4751098096632504,0.7812018489984591,0.21879815100154087,0.37902616902616904,0.7815186615186616,0.7481559208215883,0.12064149764988533,0.3306993115142217,0.2100578138643364,42,30.74670571010249,31.767441860465116,43.0,0.5692994590670994,0.9650564541279569,0.16666666666666666,56.0,56.0,56.0,5.6000000000000005,28.166666666666668,2.816666666666667,5,12,0.25,0.25,0.0,1.0,0.0,0.5,15.333333333333334,18.0,21.166666666666668,30.083333333333332
7,35,0.99,0.5,0.95,0.5,1,kf_sa_seed_0001.npz,35,5,35,666,700,886,480,0.7222222222222222,0.26426426426426425,0.013513513513513514,0.30428571428571427,0.6371428571428571,0.05857142857142857,0.9178403755868545,0.08215962441314555,0.0,0.10434782608695652,0.8173913043478261,0.0782608695652174,0.463882618510158,0.49805062257603594,0.536117381489842,0.8989473684210526,622,211,411,0.3392282958199357,0.4395833333333333,0.5446559297218155,0.7016129032258065,0.2983870967741935,0.3903968253968254,0.7454976404976404,0.7269816379713513,0.1078601536608414,0.28619770434023295,0.17833755067939155,30,21.961932650073205,44.064516129032256,40.0,0.5692994590670994,0.9650564541279569,0.16666666666666666,59.0,59.0,59.0,5.9,27.833333333333332,2.783333333333333,5,12,0.25,0.25,0.0,0.8333333333333334,0.0,0.5,14.666666666666666,17.0,15.416666666666666,29.916666666666668
7,50,0.9,0.5,0.95,0.5,1,kf_sa_seed_0001.npz,50,5,35,651,700,871,480,0.706605222734255,0.2764976958525346,0.016897081413210446,0.21285714285714286,0.7271428571428571,0.06,0.927007299270073,0.072992700729927,0.0,0.06739130434782609,0.8521739130434782,0.08043478260869565,0.4845005740528129,0.5037210409393843,0.5154994259471871,0.9309576837416481,689,267,422,0.3875181422351234,0.55625,0.4900074019245004,0.7583081570996979,0.2416918429003021,0.3833026113671275,0.7633464998902787,0.7145773601486154,0.1300093582443278,0.3094299684081695,0.1794206101638417,32,23.686158401184308,40.93939393939394,50.0,0.5716518693757164,0.9650564541279569,0.16666666666666666,58.0,58.0,58.0,5.800000000000001,31.166666666666668,3.116666666666667,5,12,0.25,0.25,0.0,1.0,0.0,0.5,18.0,18.0,20.0,30.75
7,50,0.95,0.5,0.95,0.5,1,kf_sa_seed_0001.npz,50,5,35,651,700,871,480,0.7096774193548387,0.271889400921659,0.018433179723502304,0.29428571428571426,0.6457142857142857,0.06,0.9318734793187348,0.0681265206812652,0.0,0.10434782608695652,0.8152173913043478,0.08043478260869565,0.4626865671641791,0.5061541309637152,0.5373134328358209,0.8974358974358975,629,226,403,0.35930047694753575,0.4708333333333333,0.5344189489267209,0.6980609418282548,0.30193905817174516,0.3848387096774194,0.7435637480798771,0.702433304659796,0.12532029332860914,0.2847672964497718,0.15944700312116264,24,17.764618800888233,54.04,50.0,0.5716518693757164,0.9650564541279569,0.16666666666666666,58.0,58.0,58.0,5.800000000000001,31.166666666666668,3.116666666666667,5,12,0.25,0.25,0.0,0.8333333333333334,0.0,0.5,18.333333333333332,19.0,16.666666666666668,30.833333333333332
7,50,0.98,0.5,0.95,0.5,1,kf_sa_seed_0001.npz,50,5,35,651,700,871,480,0.7127496159754224,0.26881720430107525,0.018433179723502304,0.37857142857142856,0.5628571428571428,0.05857142857142857,0.9221411192214112,0.07785888077858881,0.0,0.17608695652173914,0.7456521739130435,0.0782608695652174,0.4305396096440873,0.5002009943933143,0.5694603903559128,0.8366935483870968,569,194,375,0.3409490333919156,0.4041666666666667,0.5788304959289415,0.6457800511508951,0.3542199488491049,0.3856605222734255,0.7132345841562432,0.6793849366014115,0.12274615946977122,0.25186222893461024,0.12911606946483903,34,25.166543301258326,38.6,50.0,0.5716518693757164,0.9650564541279569,0.16666666666666666,59.0,59.0,59.0,5.9,31.666666666666668,3.166666666666667,5,12,0.25,0.25,0.0,0.8333333333333334,0.0,0.5,17.333333333333332,18.0,14.0,30.583333333333332
7,50,0.99,0.5,0.95,0.5,1,kf_sa_seed_0001.npz,50,5,35,651,700,871,480,0.7204301075268817,0.2626728110599078,0.016897081413210446,0.42714285714285716,0.5128571428571429,0.06,0.9221411192214112,0.07785888077858881,0.0,0.23695652173913043,0.6826086956521739,0.08043478260869565,0.39724454649827784,0.5012879509150534,0.6027554535017221,0.7923809523809524,530,184,346,0.3471698113207547,0.38333333333333336,0.6076980014803849,0.6224116930572473,0.3775883069427527,0.3902150537634409,0.6802501645819619,0.6598825745125009,0.11635257667609374,0.21977160793855816,0.10341903126246442,22,16.28423390081421,58.73913043478261,50.0,0.5716518693757164,0.9650564541279569,0.16666666666666666,58.0,58.0,58.0,5.800000000000001,30.333333333333332,3.033333333333333,5,12,0.25,0.25,0.0,0.75,0.0,0.5,14.666666666666666,16.0,13.166666666666666,29.916666666666668
10,50,0.9,0.5,0.95,0.5,1,kf_sa_seed_0001.npz,50,5,35,651,700,871,480,0.38095238095238093,0.6159754224270353,0.0030721966205837174,0.11857142857142858,0.8814285714285715,0.0,0.5547445255474452,0.44525547445255476,0.0,0.03695652173913044,0.9630434782608696,0.0,0.7187141216991964,0.2773722627737226,0.28128587830080365,0.9306122448979591,1018,392,626,0.3850687622789784,0.8166666666666667,0.2464840858623242,0.7447447447447447,0.2552552552552553,0.19047619047619047,0.7421812596006144,0.6995766274996454,0.1561925888482771,0.31419406171829767,0.15800147287002056,44,32.56846780162842,30.022222222222222,54.0,0.5716518693757164,0.9650564541279569,0.0,,,,,61.333333333333336,6.133333333333334,6,12,0.0,0.0,0.0,1.0,0.0,0.0,,,29.333333333333332,35.0
10,50,0.95,0.5,0.95,0.5,1,kf_sa_seed_0001.npz,50,5,35,651,700,871,480,0.4592933947772657,0.5407066052227343,0.0,0.15428571428571428,0.8457142857142858,0.0,0.6520681265206812,0.34793187347931875,0.0,0.043478260869565216,0.9565217391304348,0.0,0.669345579793341,0.3260340632603406,0.330654420206659,0.9305555555555556,944,361,583,0.3824152542372881,0.7520833333333333,0.3012583271650629,0.7346437346437347,0.26535626535626533,0.22964669738863286,0.7229536976080755,0.6849486306868475,0.14557695187498432,0.2821802885344219,0.13660333665943758,37,27.387120651369354,35.55263157894737,53.0,0.5716518693757164,0.9650564541279569,0.0,,,,,57.0,5.7,6,12,0.0,0.0,0.0,1.0,0.0,0.0,,,27.5,35.0
10,50,0.98,0.5,0.95,0.5,1,kf_sa_seed_0001.npz,50,5,35,651,700,871,480,0.576036866359447,0.423963133640553,0.0,0.29,0.71,0.0,0.7883211678832117,0.2116788321167883,0.0,0.08478260869565217,0.9152173913043479,0.0,0.5832376578645235,0.39416058394160586,0.41676234213547647,0.8925619834710744,773,265,508,0.3428201811125485,0.5520833333333334,0.42783123612139157,0.6487889273356401,0.3512110726643599,0.2880184331797235,0.6793943383805134,0.6468511304030659,0.12793433623869646,0.2226985506413465,0.09476421440265004,29,21.46558105107328,45.03333333333333,53.0,0.5716518693757164,0.9650564541279569,0.0,,,,,45.666666666666664,4.566666666666666,6,12,0.16666666666666666,0.16666666666666666,0.0,0.8333333333333334,0.0,0.3333333333333333,25.5,25.5,19.583333333333332,33.416666666666664
10,50,0.99,0.5,0.95,0.5,1,kf_sa_seed_0001.npz,50,5,35,651,700,871,480,0.5990783410138248,0.4009216589861751,0.0,0.39,0.61,0.0,0.8102189781021898,0.1897810218978102,0.0,0.1782608695652174,0.8217391304347826,0.0,0.5235361653272101,0.4051094890510949,0.4764638346727899,0.8024096385542169,688,232,456,0.3372093023255814,0.48333333333333334,0.49074759437453735,0.5882352941176471,0.4117647058823529,0.2995391705069124,0.6337568575817424,0.6094356856277687,0.10916202016220394,0.1643927534019659,0.055230733239761964,25,18.50481125092524,51.96153846153846,53.0,0.5716518693757164,0.9650564541279569,0.0,,,,,43.833333333333336,4.383333333333334,6,12,0.16666666666666666,0.16666666666666666,0.0,0.6666666666666666,0.0,0.3333333333333333,22.5,22.5,16.833333333333332,32.916666666666664
3,20,0.9,0.5,0.95,0.5,2,kf_sa_seed_0002.npz,20,5,35,681,700,901,480,0.7900146842878121,0.1644640234948605,0.04552129221732746,0.21,0.5271428571428571,0.26285714285714284,0.9047619047619048,0.09523809523809523,0.0,0.14782608695652175,0.5413043478260869,0.3108695652173913,0.32297447280799113,0.607815734989648,0.6770255271920089,0.8885245901639345,481,190,291,0.39501039501039503,0.3958333333333333,0.6517016654598118,0.8022222222222222,0.19777777777777783,0.5264359135724774,0.8317505768827355,0.8182784339521216,0.09826007342766996,0.476174484480213,0.37791441105254303,70,50.68790731354091,19.450704225352112,23.0,0.5348113653674978,1.1937035541708845,0.8333333333333334,52.0,27.0,96.0,5.2,16.333333333333332,1.6333333333333333,1,12,0.6666666666666666,0.5833333333333334,0.08333333333333333,0.9166666666666666,0.5,0.6666666666666666,16.0,19.5,13.583333333333334,22.333333333333332
3,20,0.95,0.5,0.95,0.5,2,kf_sa_seed_0002.npz,20,5,35,681,700,901,480,0.8296622613803231,0.12334801762114538,0.04698972099853157,0.23714285714285716,0.5157142857142857,0.24714285714285714,0.9614512471655329,0.03854875283446712,0.0,0.16521739130434782,0.5282608695652173,0.3065217391304348,0.2885682574916759,0.6339864931479838,0.7114317425083241,0.8814352574102964,445,185,260,0.4157303370786517,0.3854166666666667,0.6777697320782042,0.7884615384615384,0.21153846153846156,0.5384025592615901,0.8276316341514579,0.8106323907917242,0.0948139971661903,0.4492573505081893,0.35444335334199906,64,46.34322954380883,21.246153846153845,23.0,0.5348113653674978,1.1937035541708845,0.5,49.333333333333336,29.0,97.0,4.933333333333334,16.666666666666668,1.666666666666667,3,12,0.5833333333333334,0.5,0.08333333333333333,0.9166666666666666,0.3333333333333333,0.6666666666666666,16.0,20.0,14.083333333333334,23.916666666666668
3,20,0.98,0.5,0.95,0.5,2,kf_sa_seed_0002.npz,20,5,35,681,700,901,480,0.8443465491923642,0.1013215859030837,0.05433186490455213,0.31285714285714283,0.47,0.21714285714285714,0.9841269841269841,0.015873015873015872,0.0,0.22826086956521738,0.4934782608695652,0.2782608695652174,0.2597114317425083,0.6311939268461008,0.7402885682574917,0.8425787106446777,398,164,234,0.4120603015075377,0.3416666666666667,0.7118030412744388,0.7395727365208545,0.26042726347914547,0.5307447031676107,0.8171827144954898,0.7921037408085188,0.09371764096345232,0.40113691175711724,0.30741927079366493,48,34.757422157856624,28.183673469387756,23.0,0.5348113653674978,1.1937035541708845,0.5,52.666666666666664,32.0,102.0,5.266666666666667,17.666666666666668,1.7666666666666668,3,12,0.5833333333333334,0.5,0.08333333333333333,0.9166666666666666,0.3333333333333333,0.6666666666666666,17.428571428571427,21.0,12.416666666666666,24.75
3,20,0.99,0.5,0.95,0.5,2,kf_sa_seed_0002.npz,20,5,35,681,700,901,480,0.8384728340675477,0.1027900146842878,0.05873715124816446,0.38571428571428573,0.41714285714285715,0.19714285714285715,0.9795918367346939,0.02040816326530612,0.0,0.29782608695652174,0.44565217391304346,0.2565217391304348,0.23751387347391786,0.6180567879325644,0.7624861265260822,0.8005822416302766,362,148,214,0.4088397790055249,0.30833333333333335,0.7378711078928313,0.6957801766437685,0.30421982335623154,0.5178078456052024,0.8031466331025803,0.7669741600301001,0.09580979621699158,0.3509450489542609,0.2551352527372693,32,23.171614771904416,41.84848484848485,23.0,0.5348113653674978,1.1937035541708845,0.3333333333333333,31.5,31.5,37.0,3.1500000000000004,18.166666666666668,1.8166666666666669,4,12,0.5,0.4166666666666667,0.08333333333333333,0.75,0.16666666666666666,0.6666666666666666,15.333333333333334,20.0,11.083333333333334,25.166666666666668
3,25,0.9,0.5,0.95,0.5,2,kf_sa_seed_0002.npz,25,5,35,676,700,896,480,0.8357988165680473,0.11094674556213018,0.05325443786982249,0.28,0.47,0.25,0.9770642201834863,0.022935779816513763,0.0,0.20652173913043478,0.4782608695652174,0.31521739130434784,0.25669642857142855,0.6461408057439171,0.7433035714285714,0.8573573573573574,404,174,230,0.4306930693069307,0.3625,0.7063953488372093,0.7613168724279835,0.23868312757201648,0.5428994082840237,0.8224619611158073,0.8024179248117294,0.09803385642675813,0.4327527568652253,0.3347189004384672,48,34.883720930232556,28.081632653061224,25.0,0.533501932846159,1.1937035541708845,0.5,50.0,29.0,98.0,5.0,17.5,1.75,3,12,0.5833333333333334,0.5,0.08333333333333333,0.9166666666666666,0.3333333333333333,0.6666666666666666,16.857142857142858,21.0,13.416666666666666,24.416666666666668
3,25,0.95,0.5,0.95,0.5,2,kf_sa_seed_0002.npz,25,5,35,676,700,896,480,0.841715976331361,0.10207100591715976,0.05621301775147929,0.30857142857142855,0.45285714285714285,0.23857142857142857,0.9862385321100917,0.013761467889908258,0.0,0.23043478260869565,0.4652173913043478,0.30434782608695654,0.24553571428571427,0.6452931790985241,0.7544642857142857,0.8431952662721893,386,166,220,0.43005181347150256,0.3458333333333333,0.7194767441860465,0.7434343434343434,0.25656565656565655,0.5401437024513948,0.8177514792899409,0.7941946926093968,0.09784539220368481,0.4109150990330314,0.3130697068293466,46,33.43023255813954,29.27659574468085,25.0,0.533501932846159,1.1937035541708845,0.5,51.666666666666664,31.0,100.0,5.166666666666667,17.666666666666668,1.7666666666666668,3,12,0.5833333333333334,0.5,0.08333333333333333,0.9166666666666666,0.3333333333333333,0.6666666666666666,17.285714285714285,21.0,12.75,24.666666666666668
3,25,0.98,0.5,0.95,0.5,2,kf_sa_seed_0002.npz,25,5,35,676,700,896,480,0.834319526627219,0.10650887573964497,0.05917159763313609,0.3742857142857143,0.4228571428571429,0.20285714285714285,0.9839449541284404,0.016055045871559634,0.0,0.2826086956521739,0.4543478260869565,0.26304347826086955,0.24107142857142858,0.623494216194655,0.7589285714285714,0.8088235294117647,368,152,216,0.41304347826086957,0.31666666666666665,0.7325581395348837,0.7003968253968254,0.29960317460317465,0.5185883347421809,0.8072009721048182,0.7762767083377661,0.09887736413428004,0.3692071931041601,0.27032982896988006,30,21.802325581395348,44.38709677419355,25.0,0.533501932846159,1.1937035541708845,0.3333333333333333,29.5,29.5,33.0,2.95,18.666666666666668,1.866666666666667,4,12,0.5,0.4166666666666667,0.08333333333333333,0.8333333333333334,0.16666666666666666,0.6666666666666666,16.0,20.5,11.416666666666666,25.5
3,25,0.99,0.5,0.95,0.5,2,kf_sa_seed_0002.npz,25,5,35,676,700,896,480,0.8239644970414202,0.11094674556213018,0.0650887573964497,0.4328571428571429,0.37857142857142856,0.18857142857142858,0.9724770642201835,0.027522935779816515,0.0,0.34347826086956523,0.40652173913043477,0.25,0.22209821428571427,0.6112385321100917,0.7779017857142857,0.7733142037302726,340,141,199,0.4147058823529412,0.29375,0.752906976744186,0.665057915057915,0.334942084942085,0.5062679628064244,0.7922559171597633,0.7511108638116353,0.10126179971548019,0.3238845926483309,0.22262279293285073,26,18.8953488372093,50.96296296296296,25.0,0.533501932846159,1.1937035541708845,0.3333333333333333,34.0,34.0,40.0,3.4000000000000004,19.833333333333332,1.9833333333333334,4,12,0.5,0.4166666666666667,0.08333333333333333,0.75,0.16666666666666666,0.6666666666666666,16.666666666666668,21.5,10.5,25.833333333333332
3,35,0.9,0.5,0.95,0.5,2,kf_sa_seed_0002.npz,35,5,35,666,700,886,480,0.8168168168168168,0.12162162162162163,0.06156156156156156,0.40714285714285714,0.39285714285714285,0.2,0.9812206572769953,0.018779342723004695,0.0,0.31521739130434784,0.41956521739130437,0.26521739130434785,0.22686230248307,0.6232190242906716,0.7731376975169301,0.7883211678832117,356,155,201,0.4353932584269663,0.3229166666666667,0.739385065885798,0.6772277227722773,0.3227722772277227,0.5084084084084084,0.798525311025311,0.7684230449291111,0.10677398395055003,0.36485980102736615,0.2580858170768161,38,27.81844802342606,35.02564102564103,35.0,0.5349790054060057,1.1937035541708845,0.5,57.666666666666664,37.0,109.0,5.766666666666667,20.5,2.0500000000000003,3,12,0.5,0.4166666666666667,0.08333333333333333,0.75,0.16666666666666666,0.6666666666666666,17.833333333333332,23.0,11.666666666666666,26.416666666666668
3,35,0.95,0.5,0.95,0.5,2,kf_sa_seed_0002.npz,35,5,35,666,700,886,480,0.8138138138138138,0.12012012012012012,0.06606606606606606,0.43857142857142856,0.37,0.19142857142857142,0.9765258215962441,0.023474178403755867,0.0,0.35434782608695653,0.391304347826087,0.2543478260869565,0.2144469525959368,0.6154368238416004,0.7855530474040632,0.7658045977011494,339,149,190,0.43952802359882004,0.3104166666666667,0.7518301610541728,0.6582278481012658,0.3417721518987342,0.5026211926211926,0.7927874302874303,0.7606056262195237,0.10724240714501873,0.3466336650143762,0.23939125786935747,32,23.42606149341142,41.39393939393939,35.0,0.5349790054060057,1.1937035541708845,0.3333333333333333,33.0,33.0,38.0,3.3000000000000003,20.833333333333332,2.0833333333333335,4,12,0.5,0.4166666666666667,0.08333333333333333,0.75,0.16666666666666666,0.6666666666666666,18.0,23.0,11.166666666666666,26.5
3,35,0.98,0.5,0.95,0.5,2,kf_sa_seed_0002.npz,35,5,35,666,700,886,480,0.8063063063063063,0.12312312312312312,0.07057057057057058,0.48714285714285716,0.3271428571428571,0.18571428571428572,0.9694835680751174,0.028169014084507043,0.002347417840375587,0.39565217391304347,0.35434782608695653,0.25,0.19751693002257337,0.6097417840375587,0.8024830699774267,0.7426160337552743,311,136,175,0.43729903536977494,0.2833333333333333,0.7723279648609077,0.6322274881516587,0.36777251184834125,0.496010296010296,0.7799967824967825,0.7430438450888371,0.10861442622389073,0.3095762209144214,0.20096179469053066,24,17.569546120058565,54.64,35.0,0.5349790054060057,1.1937035541708845,0.3333333333333333,35.0,35.0,40.0,3.5,21.666666666666668,2.166666666666667,4,12,0.5,0.4166666666666667,0.08333333333333333,0.6666666666666666,0.16666666666666666,0.6666666666666666,18.666666666666668,23.0,10.083333333333334,26.833333333333332
3,35,0.99,0.5,0.95,0.5,2,kf_sa_seed_0002.npz,35,5,35,666,700,886,480,0.8093093093093093,0.11561561561561562,0.07507507507507508,0.5185714285714286,0.3057142857142857,0.1757142857142857,0.9624413145539906,0.03051643192488263,0.007042253521126761,0.4108695652173913,0.34782608695652173,0.24130434782608695,0.19525959367945825,0.6018728311900388,0.8047404063205418,0.7307152875175316,291,118,173,0.4054982817869416,0.24583333333333332,0.7869692532942899,0.6158139534883721,0.3841860465116279,0.4925117975117975,0.759531317031317,0.7108304980617793,0.11172682606263028,0.2714585766448211,0.1597317505821908,28,20.497803806734993,47.10344827586207,35.0,0.5349790054060057,1.1937035541708845,0.3333333333333333,38.5,38.5,44.0,3.85,19.0,1.9000000000000001,4,12,0.4166666666666667,0.3333333333333333,0.08333333333333333,0.6666666666666666,0.0,0.6666666666666666,12.6,7.0,7.583333333333333,25.666666666666668
3,50,0.9,0.5,0.95,0.5,2,kf_sa_seed_0002.npz,50,5,35,651,700,871,480,0.7880184331797235,0.1336405529953917,0.07834101382488479,0.5385714285714286,0.2885714285714286,0.17285714285714285,0.9586374695863747,0.031630170316301706,0.009732360097323601,0.4260869565217391,0.3347826086956522,0.2391304347826087,0.19173363949483352,0.5988839521844918,0.8082663605051664,0.7159090909090909,289,122,167,0.42214532871972316,0.25416666666666665,0.7860843819393042,0.5969868173258004,0.4030131826741996,0.4804377880184332,0.7444854070660523,0.7188114273754725,0.11860388165990166,0.27142567851284893,0.15282179685294728,26,19.24500370096225,50.03703703703704,50.0,0.5362602886439857,1.1937035541708845,0.3333333333333333,39.5,39.5,45.0,3.95,21.0,2.1,4,12,0.4166666666666667,0.3333333333333333,0.08333333333333333,0.6666666666666666,0.0,0.6666666666666666,14.8,13.0,8.083333333333334,26.583333333333332
3,50,0.95,0.5,0.95,0.5,2,kf_sa_seed_0002.npz,50,5,35,651,700,871,480,0.7926267281105991,0.1259600614439324,0.08141321044546851,0.5471428571428572,0.2857142857142857,0.16714285714285715,0.9562043795620438,0.031630170316301706,0.012165450121654502,0.43043478260869567,0.33695652173913043,0.2326086956521739,0.1928817451205511,0.5944065376071088,0.8071182548794489,0.7112375533428165,282,114,168,0.40425531914893614,0.2375,0.7912657290895633,0.5921421889616464,0.4078578110383536,0.4798847926267281,0.73587228439763,0.7087463627482162,0.11990265955797826,0.2575286447823128,0.13762598522433456,20,14.803849000740193,64.33333333333333,50.0,0.5362602886439857,1.1937035541708845,0.3333333333333333,41.5,41.5,48.0,4.15,20.333333333333332,2.033333333333333,4,12,0.4166666666666667,0.25,0.16666666666666666,0.5833333333333334,0.0,0.5,13.8,12.0,7.583333333333333,26.166666666666668
3,50,0.98,0.5,0.95,0.5,2,kf_sa_seed_0002.npz,50,5,35,651,700,871,480,0.8125960061443932,0.09984639016897082,0.08755760368663594,0.5857142857142857,0.25285714285714284,0.16142857142857142,0.9440389294403893,0.0364963503649635,0.019464720194647202,0.44782608695652176,0.3282608695652174,0.22391304347826088,0.19058553386911595,0.583975986459325,0.8094144661308841,0.6964539007092199,242,76,166,0.3140495867768595,0.15833333333333333,0.8208734270910437,0.5788999098286745,0.42110009017132555,0.4870122887864823,0.7168850120693439,0.6797581437372996,0.12361378988443564,0.2341450476040134,0.11053125771957775,26,19.24500370096225,50.03703703703704,50.0,0.5362602886439857,1.1937035541708845,0.3333333333333333,43.5,43.5,50.0,4.3500000000000005,19.333333333333332,1.9333333333333333,4,12,0.3333333333333333,0.08333333333333333,0.25,0.5,0.0,0.16666666666666666,6.0,0.0,5.333333333333333,25.333333333333332
3,50,0.99,0.5,0.95,0.5,2,kf_sa_seed_0002.npz,50,5,35,651,700,871,480,0.815668202764977,0.09062980030721966,0.09370199692780339,0.6528571428571428,0.19142857142857142,0.15571428571428572,0.9367396593673966,0.0364963503649635,0.0267639902676399,0.5260869565217391,0.25869565217391305,0.21521739130434783,0.15384615384615385,0.5759785253358722,0.8461538461538461,0.6567164179104478,193,59,134,0.30569948186528495,0.12291666666666666,0.8571428571428571,0.5526770293609672,0.4473229706390328,0.48569124423963134,0.6929767390827298,0.6546928929358252,0.1285731847759244,0.2135047079187631,0.08493152314283872,24,17.764618800888233,54.04,50.0,0.5362602886439857,1.1937035541708845,0.3333333333333333,45.5,45.5,52.0,4.55,20.0,2.0,4,12,0.3333333333333333,0.08333333333333333,0.25,0.3333333333333333,0.0,0.16666666666666666,6.0,0.0,4.416666666666667,25.333333333333332
5,20,0.9,0.5,0.95,0.5,2,kf_sa_seed_0002.npz,20,5,35,681,700,901,480,0.3039647577092511,0.6637298091042585,0.032305433186490456,0.022857142857142857,0.8557142857142858,0.12142857142857143,0.3401360544217687,0.6598639455782312,0.0,0.006521739130434782,0.8478260869565217,0.14565217391304347,0.755826859045505,0.24289411416740608,0.244173140954495,0.9863636363636363,1051,370,681,0.3520456707897241,0.7708333333333334,0.2389572773352643,0.8848484848484849,0.11515151515151512,0.21269666456891126,0.8484078036500944,0.8242279934049964,0.1508961736778507,0.5120856639991599,0.3611894903213092,77,55.756698044895,17.705128205128204,20.0,0.5348113653674978,1.1937035541708845,0.3333333333333333,62.5,62.5,101.0,6.25,24.8,2.4800000000000004,4,12,0.3333333333333333,0.3333333333333333,0.0,1.0,0.16666666666666666,0.5,17.75,21.0,26.083333333333332,29.25
5,20,0.95,0.5,0.95,0.5,2,kf_sa_seed_0002.npz,20,5,35,681,700,901,480,0.44052863436123346,0.5242290748898678,0.03524229074889868,0.07,0.8114285714285714,0.11857142857142858,0.5102040816326531,0.4897959183673469,0.0,0.02608695652173913,0.8239130434782609,0.15,0.660377358490566,0.33010204081632655,0.33962264150943394,0.9607843137254902,925,330,595,0.3567567567567568,0.6875,0.33019551049963797,0.8399122807017544,0.1600877192982456,0.279550031466331,0.8417935808684708,0.8136210542098644,0.1328372751280918,0.48041688837888435,0.34757961325079256,72,52.136133236784936,18.91780821917808,20.0,0.5348113653674978,1.1937035541708845,0.3333333333333333,62.0,62.0,98.0,6.2,29.5,2.95,4,12,0.3333333333333333,0.3333333333333333,0.0,1.0,0.16666666666666666,0.5,18.0,20.0,24.333333333333332,29.333333333333332
5,20,0.98,0.5,0.95,0.5,2,kf_sa_seed_0002.npz,20,5,35,681,700,901,480,0.7004405286343612,0.2599118942731278,0.039647577092511016,0.16285714285714287,0.73,0.10714285714285714,0.8412698412698413,0.15873015873015872,0.0,0.06086956521739131,0.8065217391304348,0.13260869565217392,0.4894561598224195,0.4869392684610076,0.5105438401775805,0.9391304347826087,688,247,441,0.35901162790697677,0.5145833333333333,0.501810282404055,0.7965367965367965,0.20346320346320346,0.40379169288860917,0.8334529053912314,0.7971186150652777,0.11066316739511925,0.4357223213501898,0.32505915395507057,66,47.79145546705286,20.611940298507463,20.0,0.5348113653674978,1.1937035541708845,0.16666666666666666,26.0,26.0,26.0,2.6,23.666666666666668,2.3666666666666667,5,12,0.4166666666666667,0.4166666666666667,0.0,1.0,0.16666666666666666,0.6666666666666666,18.4,24.0,18.666666666666668,28.083333333333332
5,20,0.99,0.5,0.95,0.5,2,kf_sa_seed_0002.npz,20,5,35,681,700,901,480,0.8046989720998532,0.1527165932452276,0.042584434654919234,0.25857142857142856,0.6285714285714286,0.11285714285714285,0.9795918367346939,0.02040816326530612,0.0,0.13260869565217392,0.7326086956521739,0.13478260869565217,0.38401775804661487,0.5571872227151731,0.6159822419533851,0.8900900900900901,544,198,346,0.3639705882352941,0.4125,0.6060825488776249,0.7491039426523297,0.2508960573476703,0.45877805747849804,0.8176022655758338,0.7868318729798516,0.0987212745493039,0.40504615875675565,0.30632488420745174,40,28.96451846488052,33.68292682926829,20.0,0.5348113653674978,1.1937035541708845,0.16666666666666666,23.0,23.0,23.0,2.3000000000000003,22.166666666666668,2.216666666666667,5,12,0.5,0.5,0.0,0.9166666666666666,0.16666666666666666,0.8333333333333334,18.666666666666668,23.5,14.416666666666666,26.833333333333332
5,25,0.9,0.5,0.95,0.5,2,kf_sa_seed_0002.npz,25,5,35,676,700,896,480,0.4985207100591716,0.46449704142011833,0.03698224852071006,0.08857142857142856,0.8042857142857143,0.10714285714285714,0.5848623853211009,0.4151376146788991,0.0,0.03260869565217391,0.8347826086956521,0.13260869565217392,0.6305803571428571,0.3587355404866374,0.36941964285714285,0.9546827794561934,877,312,565,0.3557582668187001,0.65,0.3626453488372093,0.8256513026052105,0.17434869739478953,0.30283178360101437,0.8334594251901944,0.8040459489872103,0.13140317093309745,0.4741329369138203,0.34272976598072286,56,40.69767441860465,24.140350877192983,25.0,0.533501932846159,1.1937035541708845,0.16666666666666666,26.0,26.0,26.0,2.6,29.166666666666668,2.916666666666667,5,12,0.4166666666666667,0.4166666666666667,0.0,1.0,0.16666666666666666,0.6666666666666666,21.0,24.0,23.333333333333332,29.166666666666668
5,25,0.95,0.5,0.95,0.5,2,kf_sa_seed_0002.npz,25,5,35,676,700,896,480,0.6109467455621301,0.34911242603550297,0.03994082840236687,0.14,0.75,0.11,0.7201834862385321,0.2798165137614679,0.0,0.04782608695652174,0.8108695652173913,0.14130434782608695,0.5524553571428571,0.4307439170323095,0.44754464285714285,0.9451371571072319,761,266,495,0.3495400788436268,0.5541666666666667,0.44694767441860467,0.7967479674796748,0.2032520325203252,0.36047337278106506,0.8272316145393068,0.7930741999853027,0.12154309529309042,0.44639670668766324,0.3248536113945728,72,52.325581395348834,18.84931506849315,25.0,0.533501932846159,1.1937035541708845,0.3333333333333333,64.5,64.5,101.0,6.45,26.0,2.6,4,12,0.4166666666666667,0.4166666666666667,0.0,1.0,0.16666666666666666,0.6666666666666666,20.4,25.0,20.0,28.916666666666668
5,25,0.98,0.5,0.95,0.5,2,kf_sa_seed_0002.npz,25,5,35,676,700,896,480,0.7869822485207101,0.16863905325443787,0.04437869822485207,0.21571428571428572,0.6771428571428572,0.10714285714285714,0.9564220183486238,0.04357798165137615,0.0,0.08043478260869565,0.7847826086956522,0.13478260869565217,0.42410714285714285,0.545602313522138,0.5758928571428571,0.9282945736434108,588,208,380,0.35374149659863946,0.43333333333333335,0.5726744186046512,0.7703045685279187,0.22969543147208127,0.4470625528317836,0.8196830092983939,0.779478041632052,0.10910058107591622,0.40484251167793933,0.29574193060202314,42,30.523255813953487,32.0,25.0,0.533501932846159,1.1937035541708845,0.16666666666666666,27.0,27.0,27.0,2.7,22.333333333333332,2.2333333333333334,5,12,0.5,0.4166666666666667,0.08333333333333333,0.9166666666666666,0.16666666666666666,0.6666666666666666,19.5,25.5,15.666666666666666,27.25
5,25,0.99,0.5,0.95,0.5,2,kf_sa_seed_0002.npz,25,5,35,676,700,896,480,0.7899408284023669,0.16420118343195267,0.04585798816568047,0.3357142857142857,0.55,0.11428571428571428,0.9724770642201835,0.027522935779816515,0.0,0.2217391304347826,0.6347826086956522,0.14347826086956522,0.3392857142857143,0.5579776625448744,0.6607142857142857,0.8277027027027027,496,192,304,0.3870967741935484,0.4,0.6395348837209303,0.6977272727272728,0.30227272727272725,0.4521132713440406,0.7975718512256974,0.7646344869956987,0.10291872824625355,0.39005329123135196,0.28713456298509843,34,24.709302325581394,39.31428571428572,25.0,0.533501932846159,1.1937035541708845,0.3333333333333333,63.5,63.5,101.0,6.3500000000000005,23.666666666666668,2.3666666666666667,4,12,0.5,0.5,0.0,0.8333333333333334,0.16666666666666666,0.8333333333333334,20.166666666666668,25.5,14.083333333333334,27.583333333333332
5,35,0.9,0.5,0.95,0.5,2,kf_sa_seed_0002.npz,35,5,35,666,700,886,480,0.7552552552552553,0.1996996996996997,0.04504504504504504,0.21571428571428572,0.6742857142857143,0.11,0.9178403755868545,0.08215962441314555,0.0,0.08043478260869565,0.7717391304347826,0.14782608695652175,0.4401805869074492,0.5328332312716881,0.5598194130925508,0.9254032258064516,605,215,390,0.35537190082644626,0.4479166666666667,0.5571010248901903,0.7621550591327201,0.23784494086727992,0.43262762762762763,0.8058687258687258,0.7639126755774305,0.11905086007809983,0.4056866137699353,0.28663575369183547,54,39.53147877013177,24.836363636363636,35.0,0.5349790054060057,1.1937035541708845,0.3333333333333333,42.5,42.5,54.0,4.25,23.333333333333332,2.3333333333333335,4,12,0.5,0.4166666666666667,0.08333333333333333,0.9166666666666666,0.16666666666666666,0.6666666666666666,20.5,26.5,16.166666666666668,27.75
5,35,0.95,0.5,0.95,0.5,2,kf_sa_seed_0002.npz,35,5,35,666,700,886,480,0.7762762762762763,0.17717717717717718,0.046546546546546545,0.26571428571428574,0.6257142857142857,0.10857142857142857,0.9577464788732394,0.04225352112676056,0.0,0.13478260869565217,0.717391304347826,0.14782608695652175,0.3927765237020316,0.5527862829148805,0.6072234762979684,0.8847583643122676,556,208,348,0.37410071942446044,0.43333333333333335,0.5929721815519766,0.7320987654320987,0.26790123456790127,0.4424238524238524,0.7985671385671386,0.7549284426302327,0.11712997695304855,0.38614983430697214,0.2690198573539236,48,35.13909224011713,27.877551020408163,35.0,0.5349790054060057,1.1937035541708845,0.3333333333333333,43.5,43.5,55.0,4.3500000000000005,24.166666666666668,2.416666666666667,4,12,0.5,0.4166666666666667,0.08333333333333333,0.9166666666666666,0.16666666666666666,0.6666666666666666,21.333333333333332,28.0,15.666666666666666,28.166666666666668
5,35,0.98,0.5,0.95,0.5,2,kf_sa_seed_0002.npz,35,5,35,666,700,886,480,0.7822822822822822,0.16516516516516516,0.052552552552552555,0.37142857142857144,0.53,0.09857142857142857,0.971830985915493,0.028169014084507043,0.0,0.25217391304347825,0.6152173913043478,0.13260869565217392,0.3329571106094808,0.5522198407838335,0.6670428893905191,0.8037225042301185,481,186,295,0.3866943866943867,0.3875,0.6478770131771596,0.6666666666666666,0.33333333333333337,0.4404268554268554,0.7823981123981124,0.7351075416741006,0.11554818782884241,0.35442984142346756,0.23888165359462515,30,21.961932650073205,44.064516129032256,35.0,0.5349790054060057,1.1937035541708845,0.16666666666666666,32.0,32.0,32.0,3.2,24.333333333333332,2.4333333333333336,5,12,0.5,0.4166666666666667,0.08333333333333333,0.6666666666666666,0.16666666666666666,0.6666666666666666,21.833333333333332,29.5,13.833333333333334,28.416666666666668
5,35,0.99,0.5,0.95,0.5,2,kf_sa_seed_0002.npz,35,5,35,666,700,886,480,0.7747747747747747,0.17117117117117117,0.05405405405405406,0.43714285714285717,0.46,0.10285714285714286,0.9671361502347418,0.03051643192488263,0.002347417840375587,0.31521739130434784,0.55,0.13478260869565217,0.3002257336343115,0.550959379465197,0.6997742663656885,0.7645161290322581,436,170,266,0.38990825688073394,0.3541666666666667,0.6808199121522694,0.632258064516129,0.367741935483871,0.4388159588159588,0.7671332046332047,0.7253466974181414,0.11137488903147139,0.3502590337396071,0.2388841447081357,22,16.105417276720353,59.391304347826086,35.0,0.5349790054060057,1.1937035541708845,0.16666666666666666,30.0,30.0,30.0,3.0,25.0,2.5,5,12,0.5,0.4166666666666667,0.08333333333333333,0.6666666666666666,0.16666666666666666,0.6666666666666666,21.833333333333332,30.0,12.5,28.416666666666668
5,50,0.9,0.5,0.95,0.5,2,kf_sa_seed_0002.npz,50,5,35,651,700,871,480,0.7434715821812596,0.19815668202764977,0.05837173579109063,0.4114285714285714,0.48,0.10857142857142857,0.9464720194647201,0.046228710462287104,0.0072992700729927005,0.2847826086956522,0.5608695652173913,0.15434782608695652,0.31802525832376577,0.5504099227758383,0.6819747416762342,0.7744107744107744,465,188,277,0.4043010752688172,0.39166666666666666,0.6558105107327905,0.6320541760722348,0.3679458239277652,0.4260215053763441,0.7503050252359008,0.6967647387855327,0.12517587023756796,0.3171173311426418,0.19194146090507383,32,23.686158401184308,40.93939393939394,50.0,0.5362602886439857,1.1937035541708845,0.3333333333333333,48.5,48.5,58.0,4.8500000000000005,27.833333333333332,2.783333333333333,4,12,0.25,0.16666666666666666,0.08333333333333333,0.6666666666666666,0.0,0.3333333333333333,14.333333333333334,13.0,14.0,29.833333333333332
5,50,0.95,0.5,0.95,0.5,2,kf_sa_seed_0002.npz,50,5,35,651,700,871,480,0.7419354838709677,0.19815668202764977,0.059907834101382486,0.4442857142857143,0.45714285714285713,0.09857142857142857,0.9416058394160584,0.04866180048661801,0.009732360097323601,0.31521739130434784,0.5456521739130434,0.1391304347826087,0.3111366245694604,0.5403681370993335,0.6888633754305397,0.7516666666666667,449,178,271,0.39643652561247217,0.37083333333333335,0.6676535899333826,0.6119733924611973,0.3880266075388027,0.42025345622119814,0.7411323238973009,0.6861299545210984,0.12681154707238795,0.3003549242470274,0.17354337717463947,30,22.20577350111029,43.58064516129032,50.0,0.5362602886439857,1.1937035541708845,0.3333333333333333,53.5,53.5,67.0,5.3500000000000005,28.0,2.8000000000000003,4,12,0.3333333333333333,0.25,0.08333333333333333,0.6666666666666666,0.0,0.5,18.5,21.0,13.166666666666666,29.5
5,50,0.98,0.5,0.95,0.5,2,kf_sa_seed_0002.npz,50,5,35,651,700,871,480,0.7557603686635944,0.17972350230414746,0.06451612903225806,0.48857142857142855,0.4042857142857143,0.10714285714285714,0.9416058394160584,0.0413625304136253,0.0170316301703163,0.35,0.49782608695652175,0.15217391304347827,0.28243398392652125,0.5468898762297683,0.7175660160734788,0.7312,400,154,246,0.385,0.32083333333333336,0.7039230199851961,0.5962145110410094,0.4037854889589906,0.43145161290322576,0.7244590739521615,0.6676752215916855,0.13063174515791126,0.28187267663167487,0.1512409314737636,30,22.20577350111029,43.58064516129032,50.0,0.5362602886439857,1.1937035541708845,0.3333333333333333,48.5,48.5,59.0,4.8500000000000005,27.166666666666668,2.716666666666667,4,12,0.3333333333333333,0.25,0.08333333333333333,0.6666666666666666,0.0,0.5,17.25,19.0,11.166666666666666,29.083333333333332
5,50,0.99,0.5,0.95,0.5,2,kf_sa_seed_0002.npz,50,5,35,651,700,871,480,0.7665130568356375,0.1674347158218126,0.06605222734254992,0.5242857142857142,0.3871428571428571,0.08857142857142856,0.9343065693430657,0.046228710462287104,0.019464720194647202,0.3782608695652174,0.49782608695652175,0.12391304347826088,0.2847301951779564,0.5291098064106633,0.7152698048220436,0.7078651685393258,380,132,248,0.3473684210526316,0.275,0.7187268689859363,0.5777548918640577,0.4222451081359423,0.427542242703533,0.7061191573403555,0.656127291640182,0.12773963045123016,0.2776454916637544,0.14990586121252425,24,17.764618800888233,54.04,50.0,0.5362602886439857,1.1937035541708845,0.16666666666666666,38.0,38.0,38.0,3.8000000000000003,25.5,2.5500000000000003,5,12,0.3333333333333333,0.25,0.08333333333333333,0.6666666666666666,0.0,0.5,14.0,12.0,9.333333333333334,28.0
7,35,0.9,0.5,0.95,0.5,2,kf_sa_seed_0002.npz,35,5,35,666,700,886,480,0.41291291291291293,0.545045045045045,0.042042042042042045,0.09,0.8085714285714286,0.10142857142857142,0.5469483568075117,0.45305164319248825,0.0,0.0,0.8695652173913043,0.13043478260869565,0.6693002257336343,0.3386915697081037,0.3306997742663657,1.0,929,336,593,0.36167922497308935,0.7,0.31991215226939973,0.7917620137299771,0.20823798627002288,0.2571707421707422,0.7908837408837409,0.7555377495511015,0.15575542048722113,0.4360658570567976,0.2803104365695765,68,49.780380673499266,19.797101449275363,40.0,0.5349790054060057,1.1937035541708845,0.16666666666666666,29.0,29.0,29.0,2.9000000000000004,37.0,3.7,5,12,0.3333333333333333,0.3333333333333333,0.0,1.0,0.16666666666666666,0.5,28.0,30.0,24.583333333333332,32.666666666666664
7,35,0.95,0.5,0.95,0.5,2,kf_sa_seed_0002.npz,35,5,35,666,700,886,480,0.5615615615615616,0.3933933933933934,0.04504504504504504,0.13,0.7685714285714286,0.10142857142857142,0.7253521126760564,0.2746478873239437,0.0,0.02608695652173913,0.8434782608695652,0.13043478260869565,0.5699774266365688,0.427893447642376,0.43002257336343114,0.968503937007874,800,295,505,0.36875,0.6145833333333334,0.4143484626647145,0.7862190812720848,0.21378091872791516,0.3314950664950665,0.7812805662805663,0.745096903992049,0.1438074789738817,0.41233365735299715,0.2685261783791154,58,42.4597364568082,23.152542372881356,40.0,0.5349790054060057,1.1937035541708845,0.16666666666666666,29.0,29.0,29.0,2.9000000000000004,30.166666666666668,3.016666666666667,5,12,0.4166666666666667,0.4166666666666667,0.0,1.0,0.16666666666666666,0.6666666666666666,24.6,27.0,21.583333333333332,30.666666666666668
7,35,0.98,0.5,0.95,0.5,2,kf_sa_seed_0002.npz,35,5,35,666,700,886,480,0.6696696696696697,0.28378378378378377,0.046546546546546545,0.2257142857142857,0.6757142857142857,0.09857142857142857,0.8497652582159625,0.15023474178403756,0.0,0.08695652173913043,0.782608695652174,0.13043478260869565,0.4785553047404063,0.4901000204123291,0.5214446952595937,0.9134199134199135,662,238,424,0.3595166163141994,0.49583333333333335,0.5153733528550513,0.7315340909090909,0.26846590909090906,0.3841205491205491,0.7727177177177177,0.7317131679664044,0.12811564737296038,0.3708260978327233,0.24271045045976292,45,32.94289897510981,29.695652173913043,40.0,0.5349790054060057,1.1937035541708845,0.16666666666666666,31.0,31.0,31.0,3.1,26.666666666666668,2.666666666666667,5,12,0.4166666666666667,0.4166666666666667,0.0,0.9166666666666666,0.16666666666666666,0.6666666666666666,21.8,28.0,17.166666666666668,29.5
7,35,0.99,0.5,0.95,0.5,2,kf_sa_seed_0002.npz,35,5,35,666,700,886,480,0.7117117117117117,0.23723723723723725,0.05105105105105105,0.2885714285714286,0.6142857142857143,0.09714285714285714,0.92018779342723,0.07981220657276995,0.0,0.15217391304347827,0.717391304347826,0.13043478260869565,0.4108352144469526,0.5253112880179628,0.5891647855530474,0.8659003831417624,588,224,364,0.38095238095238093,0.4666666666666667,0.5695461200585652,0.6966580976863753,0.3033419023136247,0.4044272844272844,0.7490326040326041,0.7157459765417247,0.12132556577141088,0.34934246693703347,0.2280169011656226,35,25.62225475841874,37.94444444444444,40.0,0.5349790054060057,1.1937035541708845,0.16666666666666666,32.0,32.0,32.0,3.2,27.666666666666668,2.766666666666667,5,12,0.3333333333333333,0.3333333333333333,0.0,0.9166666666666666,0.16666666666666666,0.5,20.0,23.5,16.416666666666668,30.0
7,50,0.9,0.5,0.95,0.5,2,kf_sa_seed_0002.npz,50,5,35,651,700,871,480,0.7019969278033794,0.24270353302611367,0.055299539170506916,0.26857142857142857,0.6414285714285715,0.09,0.927007299270073,0.0705596107055961,0.0024330900243309003,0.11739130434782609,0.7565217391304347,0.12608695652173912,0.43283582089552236,0.5265471278959061,0.5671641791044776,0.888663967611336,607,230,377,0.37891268533772654,0.4791666666666667,0.5507031828275352,0.6989247311827957,0.30107526881720426,0.3959984639016897,0.759247311827957,0.7029420322181522,0.13856966114561306,0.3338918178025161,0.19532215665690303,32,23.686158401184308,40.93939393939394,50.0,0.5362602886439857,1.1937035541708845,0.16666666666666666,37.0,37.0,37.0,3.7,30.5,3.0500000000000003,5,12,0.25,0.16666666666666666,0.08333333333333333,0.75,0.0,0.3333333333333333,18.333333333333332,26.0,16.833333333333332,30.833333333333332
7,50,0.95,0.5,0.95,0.5,2,kf_sa_seed_0002.npz,50,5,35,651,700,871,480,0.7081413210445469,0.2350230414746544,0.05683563748079877,0.31285714285714283,0.5985714285714285,0.08857142857142856,0.9367396593673966,0.058394160583941604,0.004866180048661801,0.1673913043478261,0.7086956521739131,0.12391304347826088,0.4018369690011481,0.5303263514228287,0.5981630309988519,0.8483685220729367,572,222,350,0.3881118881118881,0.4625,0.5766099185788305,0.6713735558408216,0.3286264441591784,0.3983563748079877,0.7511103796357252,0.6944185879617656,0.13527508503167476,0.31657519264200235,0.18130010761032758,26,19.24500370096225,50.03703703703704,50.0,0.5362602886439857,1.1937035541708845,0.16666666666666666,38.0,38.0,38.0,3.8000000000000003,30.666666666666668,3.066666666666667,5,12,0.25,0.16666666666666666,0.08333333333333333,0.75,0.0,0.3333333333333333,18.333333333333332,26.0,16.083333333333332,30.833333333333332
7,50,0.98,0.5,0.95,0.5,2,kf_sa_seed_0002.npz,50,5,35,651,700,871,480,0.7158218125960062,0.22427035330261136,0.059907834101382486,0.3871428571428571,0.5228571428571429,0.09,0.9318734793187348,0.058394160583941604,0.009732360097323601,0.22391304347826088,0.65,0.12608695652173912,0.37083811710677383,0.528980217920237,0.6291618828932262,0.8047445255474452,512,189,323,0.369140625,0.39375,0.6210214655810511,0.6305125148986889,0.36948748510131113,0.4029109062980031,0.7319684002633311,0.6757835539805462,0.1327508705454211,0.2901264757125286,0.1573756051671075,18,13.323464100666174,71.10526315789474,50.0,0.5362602886439857,1.1937035541708845,0.16666666666666666,37.0,37.0,37.0,3.7,30.833333333333332,3.0833333333333335,5,12,0.3333333333333333,0.25,0.08333333333333333,0.6666666666666666,0.0,0.5,21.75,27.5,14.083333333333334,30.583333333333332
7,50,0.99,0.5,0.95,0.5,2,kf_sa_seed_0002.npz,50,5,35,651,700,871,480,0.7250384024577573,0.21351766513056836,0.06144393241167435,0.4157142857142857,0.4942857142857143,0.09,0.9294403892944039,0.058394160583941604,0.012165450121654502,0.24782608695652175,0.6260869565217392,0.12608695652173912,0.3582089552238806,0.5277636729080715,0.6417910447761194,0.7871198568872988,485,173,312,0.35670103092783506,0.36041666666666666,0.6410066617320503,0.6177829099307159,0.38221709006928406,0.40751920122887864,0.7012069343866579,0.6533426248522348,0.12967722580681154,0.2666586799613409,0.13698145415452936,26,19.24500370096225,50.03703703703704,50.0,0.5362602886439857,1.1937035541708845,0.16666666666666666,37.0,37.0,37.0,3.7,29.833333333333332,2.9833333333333334,5,12,0.3333333333333333,0.25,0.08333333333333333,0.6666666666666666,0.0,0.5,20.0,25.0,12.75,30.0
10,50,0.9,0.5,0.95,0.5,2,kf_sa_seed_0002.npz,50,5,35,651,700,871,480,0.3302611367127496,0.6159754224270353,0.053763440860215055,0.11285714285714285,0.8071428571428572,0.08,0.44282238442822386,0.5571776155717761,0.0,0.0,0.8891304347826087,0.1108695652173913,0.7324913892078071,0.2768459748228076,0.2675086107921929,1.0,966,328,638,0.33954451345755693,0.6833333333333333,0.2849740932642487,0.7038961038961039,0.2961038961038961,0.2051305683563748,0.7341386877331578,0.7009553134089348,0.17495887830872794,0.3460444828905931,0.17108560458186514,54,39.97039230199852,24.563636363636363,,0.5362602886439857,1.1937035541708845,0.16666666666666666,44.0,44.0,44.0,4.4,38.6,3.8600000000000003,5,12,0.08333333333333333,0.08333333333333333,0.0,0.9166666666666666,0.0,0.16666666666666666,5.0,5.0,23.0,32.5
10,50,0.95,0.5,0.95,0.5,2,kf_sa_seed_0002.npz,50,5,35,651,700,871,480,0.4838709677419355,0.4608294930875576,0.055299539170506916,0.14714285714285713,0.7757142857142857,0.07714285714285714,0.6447688564476886,0.35279805352798055,0.0024330900243309003,0.006521739130434782,0.8869565217391304,0.10652173913043478,0.634902411021814,0.37564529778906164,0.365097588978186,0.9874213836477987,843,290,553,0.34400948991696323,0.6041666666666666,0.3760177646188009,0.7263779527559056,0.27362204724409445,0.28050691244239634,0.7224402018872065,0.6868128014883343,0.16738677472264188,0.31870950779491675,0.15132273307227487,51,37.749814951887494,25.98076923076923,60.0,0.5362602886439857,1.1937035541708845,0.16666666666666666,46.0,46.0,46.0,4.6000000000000005,41.166666666666664,4.116666666666666,5,12,0.08333333333333333,0.08333333333333333,0.0,0.8333333333333334,0.0,0.16666666666666666,4.0,4.0,21.166666666666668,32.416666666666664
10,50,0.98,0.5,0.95,0.5,2,kf_sa_seed_0002.npz,50,5,35,651,700,871,480,0.6175115207373272,0.3241167434715822,0.05837173579109063,0.24857142857142858,0.6814285714285714,0.07,0.8223844282238443,0.170316301703163,0.0072992700729927005,0.08478260869565217,0.8195652173913044,0.09565217391304348,0.513203214695752,0.4590183010684439,0.48679678530424797,0.9009433962264151,688,241,447,0.3502906976744186,0.5020833333333333,0.49074759437453735,0.6802413273001509,0.31975867269984914,0.3437557603686636,0.6903269694974764,0.6516211796342329,0.15960220127991376,0.26790178098988926,0.1082995797099755,27,19.98519615099926,48.25,60.0,0.5362602886439857,1.1937035541708845,0.16666666666666666,51.0,51.0,51.0,5.1000000000000005,40.5,4.05,5,12,0.16666666666666666,0.16666666666666666,0.0,0.75,0.0,0.3333333333333333,18.0,18.0,18.0,32.166666666666664
10,50,0.99,0.5,0.95,0.5,2,kf_sa_seed_0002.npz,50,5,35,651,700,871,480,0.6298003072196621,0.3087557603686636,0.06144393241167435,0.37714285714285717,0.5642857142857143,0.05857142857142857,0.8199513381995134,0.1678832116788321,0.012165450121654502,0.21956521739130436,0.7021739130434783,0.0782608695652174,0.4500574052812859,0.4491061038823654,0.5499425947187141,0.778705636743215,596,204,392,0.3422818791946309,0.425,0.5588452997779423,0.5973509933774834,0.40264900662251657,0.34418586789554534,0.6533925828395875,0.6091074552655531,0.15424277475184905,0.21727633325983617,0.06303355850798711,25,18.50481125092524,51.96153846153846,55.0,0.5362602886439857,1.1937035541708845,0.16666666666666666,59.0,59.0,59.0,5.9,39.833333333333336,3.983333333333334,5,12,0.16666666666666666,0.16666666666666666,0.0,0.75,0.0,0.3333333333333333,15.0,15.0,14.916666666666666,31.666666666666668
3,20,0.9,0.5,0.95,0.5,3,kf_sa_seed_0003.npz,20,5,35,681,700,901,480,0.7180616740088106,0.2511013215859031,0.030837004405286344,0.22,0.5942857142857143,0.18571428571428572,0.7891156462585034,0.2108843537414966,0.0,0.12391304347826088,0.6565217391304348,0.21956521739130436,0.4384017758046615,0.5043404318249038,0.5615982241953386,0.8873517786561265,587,192,395,0.3270868824531516,0.4,0.5749456915278783,0.7795969773299748,0.2204030226700252,0.45188797986154816,0.7867316970841199,0.8006511075192689,0.09573571180246422,0.42090542603812553,0.3251697142356613,72,52.136133236784936,18.91780821917808,20.0,0.5448717857216463,1.0148248831744984,0.5,46.666666666666664,24.0,94.0,4.666666666666667,13.666666666666666,1.3666666666666667,3,12,0.5833333333333334,0.5,0.08333333333333333,0.8333333333333334,0.3333333333333333,0.6666666666666666,12.857142857142858,14.0,12.75,22.083333333333332
3,20,0.95,0.5,0.95,0.5,3,kf_sa_seed_0003.npz,20,5,35,681,700,901,480,0.7797356828193832,0.18795888399412627,0.032305433186490456,0.26857142857142857,0.5514285714285714,0.18,0.8639455782312925,0.1360544217687075,0.0,0.1608695652173913,0.6195652173913043,0.21956521739130436,0.38290788013318533,0.5417553978112984,0.6170921198668147,0.8669064748201439,514,169,345,0.32879377431906615,0.35208333333333336,0.6278059377262853,0.7577854671280276,0.24221453287197237,0.47986784140969163,0.7868533668974198,0.7969070762897721,0.08556124382136215,0.40136978980523175,0.3158085459838696,68,49.23968139029689,20.014492753623188,20.0,0.5448717857216463,1.0148248831744984,0.5,47.333333333333336,24.0,95.0,4.733333333333333,13.5,1.35,3,12,0.5833333333333334,0.4166666666666667,0.16666666666666666,0.75,0.3333333333333333,0.5,12.714285714285714,14.0,11.416666666666666,22.0
3,20,0.98,0.5,0.95,0.5,3,kf_sa_seed_0003.npz,20,5,35,681,700,901,480,0.8531571218795888,0.11013215859030837,0.03671071953010279,0.3385714285714286,0.49,0.17142857142857143,0.9501133786848073,0.049886621315192746,0.0,0.2,0.5782608695652174,0.2217391304347826,0.3196448390677026,0.585926254559795,0.6803551609322974,0.8499184339314845,418,130,288,0.31100478468899523,0.2708333333333333,0.6973207820419985,0.7279335410176532,0.2720664589823468,0.5122928466540801,0.7815691210404867,0.7860549600822021,0.0758523865819195,0.3678395952989201,0.29198720871700057,50,36.205648081100655,27.07843137254902,20.0,0.5448717857216463,1.0148248831744984,0.5,50.0,28.0,97.0,5.0,14.0,1.4000000000000001,3,12,0.5833333333333334,0.4166666666666667,0.16666666666666666,0.6666666666666666,0.3333333333333333,0.5,13.714285714285714,14.0,9.166666666666666,22.583333333333332
3,20,0.99,0.5,0.95,0.5,3,kf_sa_seed_0003.npz,20,5,35,681,700,901,480,0.8737151248164464,0.08663729809104258,0.039647577092511016,0.4085714285714286,0.43142857142857144,0.16,0.981859410430839,0.018140589569160998,0.0,0.2608695652173913,0.5195652173913043,0.21956521739130436,0.2741398446170921,0.6007123139110717,0.7258601553829079,0.8165137614678899,361,114,247,0.3157894736842105,0.2375,0.7385952208544533,0.6931372549019608,0.30686274509803924,0.5168575624082232,0.7694797566603734,0.7715977086691689,0.07343730300982944,0.3339571680228115,0.2605198650129821,40,28.96451846488052,33.68292682926829,20.0,0.5448717857216463,1.0148248831744984,0.5,64.33333333333333,63.0,101.0,6.433333333333334,14.166666666666666,1.4166666666666667,3,12,0.5,0.3333333333333333,0.16666666666666666,0.5833333333333334,0.16666666666666666,0.5,12.0,13.5,8.25,23.5
3,25,0.9,0.5,0.95,0.5,3,kf_sa_seed_0003.npz,25,5,35,676,700,896,480,0.8106508875739645,0.15532544378698224,0.034023668639053255,0.31142857142857144,0.5071428571428571,0.18142857142857144,0.9013761467889908,0.09862385321100918,0.0,0.19130434782608696,0.5869565217391305,0.2217391304347826,0.34933035714285715,0.5615576386118867,0.6506696428571429,0.8490566037735849,460,147,313,0.31956521739130433,0.30625,0.6656976744186046,0.7368995633187773,0.26310043668122274,0.49603972950126796,0.7827789518174133,0.7910325420900166,0.08225836284912315,0.3912618863262486,0.30900352347712545,72,52.325581395348834,18.84931506849315,25.0,0.5465480583136779,1.0148248831744984,0.5,48.333333333333336,24.0,97.0,4.833333333333334,13.833333333333334,1.3833333333333335,3,12,0.5833333333333334,0.4166666666666667,0.16666666666666666,0.75,0.3333333333333333,0.5,13.142857142857142,15.0,10.25,22.25
3,25,0.95,0.5,0.95,0.5,3,kf_sa_seed_0003.npz,25,5,35,676,700,896,480,0.8387573964497042,0.1242603550295858,0.03698224852071006,0.34714285714285714,0.47714285714285715,0.1757142857142857,0.9357798165137615,0.06422018348623854,0.0,0.2108695652173913,0.5673913043478261,0.2217391304347826,0.32254464285714285,0.578759473474272,0.6774553571428571,0.8401976935749588,418,129,289,0.30861244019138756,0.26875,0.6962209302325582,0.7202505219206681,0.2797494780793319,0.5072358410819949,0.7807480980557904,0.7864286326568805,0.07749617772258724,0.375685933459883,0.2981897557372958,48,34.883720930232556,28.081632653061224,25.0,0.5465480583136779,1.0148248831744984,0.5,49.666666666666664,26.0,98.0,4.966666666666667,14.0,1.4000000000000001,3,12,0.5833333333333334,0.4166666666666667,0.16666666666666666,0.75,0.3333333333333333,0.5,13.428571428571429,14.0,8.916666666666666,22.416666666666668
3,25,0.98,0.5,0.95,0.5,3,kf_sa_seed_0003.npz,25,5,35,676,700,896,480,0.871301775147929,0.08875739644970414,0.03994082840236687,0.38142857142857145,0.45571428571428574,0.16285714285714287,0.9793577981651376,0.020642201834862386,0.0,0.2391304347826087,0.5391304347826087,0.2217391304347826,0.28683035714285715,0.6005484642999601,0.7131696428571429,0.8278560250391236,379,122,257,0.32189973614775724,0.25416666666666665,0.7245639534883721,0.7051153460381143,0.2948846539618857,0.5170794590025359,0.7724344885883347,0.7753418946704671,0.07419436526256415,0.3473921735712537,0.27319780830868956,34,24.709302325581394,39.31428571428572,25.0,0.5465480583136779,1.0148248831744984,0.5,64.33333333333333,64.0,101.0,6.433333333333334,14.166666666666666,1.4166666666666667,3,12,0.5,0.3333333333333333,0.16666666666666666,0.6666666666666666,0.16666666666666666,0.5,11.833333333333334,13.5,8.916666666666666,23.416666666666668
3,25,0.99,0.5,0.95,0.5,3,kf_sa_seed_0003.npz,25,5,35,676,700,896,480,0.8683431952662722,0.08875739644970414,0.042899408284023666,0.4357142857142857,0.4157142857142857,0.14857142857142858,0.9770642201834863,0.022935779816513763,0.0,0.2847826086956522,0.508695652173913,0.20652173913043478,0.27232142857142855,0.5917929796569605,0.7276785714285714,0.799079754601227,351,107,244,0.30484330484330485,0.22291666666666668,0.7449127906976745,0.6741463414634147,0.3258536585365853,0.5084573119188505,0.7591208791208791,0.7603791098960271,0.07512112434416714,0.3170923030129337,0.24197117866876655,32,23.25581395348837,41.696969696969695,25.0,0.5465480583136779,1.0148248831744984,0.3333333333333333,47.5,47.5,64.0,4.75,14.833333333333334,1.4833333333333334,4,12,0.5,0.3333333333333333,0.16666666666666666,0.5833333333333334,0.16666666666666666,0.5,12.5,13.5,7.666666666666667,23.75
3,35,0.9,0.5,0.95,0.5,3,kf_sa_seed_0003.npz,35,5,35,666,700,886,480,0.8678678678678678,0.09009009009009009,0.042042042042042045,0.3985714285714286,0.42428571428571427,0.17714285714285713,0.9765258215962441,0.023474178403755867,0.0,0.24565217391304348,0.508695652173913,0.24565217391304348,0.27539503386004516,0.6110889977546438,0.7246049661399548,0.82398753894081,357,113,244,0.3165266106442577,0.23541666666666666,0.7386530014641288,0.6957383548067394,0.3042616451932606,0.5225053625053625,0.7702037752037753,0.769788403802597,0.07520454717385283,0.34534560778656037,0.27014106061270754,34,24.890190336749633,39.02857142857143,35.0,0.5499533855217135,1.0148248831744984,0.5,60.0,44.0,107.0,6.0,14.333333333333334,1.4333333333333336,3,12,0.5,0.3333333333333333,0.16666666666666666,0.6666666666666666,0.16666666666666666,0.5,12.0,13.5,8.166666666666666,23.5
3,35,0.95,0.5,0.95,0.5,3,kf_sa_seed_0003.npz,35,5,35,666,700,886,480,0.8693693693693694,0.08708708708708708,0.04354354354354354,0.41714285714285715,0.4042857142857143,0.17857142857142858,0.9765258215962441,0.023474178403755867,0.0,0.2565217391304348,0.4934782608695652,0.25,0.26749435665914223,0.613262910798122,0.7325056433408578,0.8181818181818182,341,104,237,0.30498533724340177,0.21666666666666667,0.7503660322108345,0.686829268292683,0.313170731707317,0.523970398970399,0.7667589017589017,0.7658474980357347,0.07571677694229309,0.3342958122672298,0.25857903532493676,28,20.497803806734993,47.10344827586207,35.0,0.5499533855217135,1.0148248831744984,0.5,60.333333333333336,44.0,107.0,6.033333333333334,14.5,1.4500000000000002,3,12,0.5,0.3333333333333333,0.16666666666666666,0.5833333333333334,0.16666666666666666,0.5,12.0,12.5,7.416666666666667,23.5
3,35,0.98,0.5,0.95,0.5,3,kf_sa_seed_0003.npz,35,5,35,666,700,886,480,0.8663663663663663,0.08708708708708708,0.046546546546546545,0.4585714285714286,0.38,0.16142857142857142,0.9741784037558685,0.025821596244131457,0.0,0.30434782608695654,0.46956521739130436,0.22608695652173913,0.2562076749435666,0.6001326801388038,0.7437923250564334,0.787556904400607,324,97,227,0.2993827160493827,0.20208333333333334,0.7628111273792094,0.6621880998080614,0.33781190019193863,0.5138974688974689,0.7559223509223509,0.7541240935794321,0.07840353428251078,0.31162583103517816,0.23322229675266737,34,24.890190336749633,39.02857142857143,35.0,0.5499533855217135,1.0148248831744984,0.3333333333333333,41.5,41.5,51.0,4.15,14.833333333333334,1.4833333333333334,4,12,0.5,0.3333333333333333,0.16666666666666666,0.5,0.16666666666666666,0.5,12.5,12.5,6.916666666666667,23.75
3,35,0.99,0.5,0.95,0.5,3,kf_sa_seed_0003.npz,35,5,35,666,700,886,480,0.8708708708708709,0.08108108108108109,0.04804804804804805,0.5114285714285715,0.3385714285714286,0.15,0.9694835680751174,0.03051643192488263,0.0,0.3739130434782609,0.41304347826086957,0.21304347826086956,0.2291196388261851,0.5912635231679935,0.7708803611738149,0.7481698389458272,291,88,203,0.3024054982817869,0.18333333333333332,0.7869692532942899,0.6372093023255814,0.3627906976744186,0.5104354354354355,0.7372865722865722,0.7359577606047916,0.08211849319977116,0.28473494086778617,0.202616447668015,32,23.42606149341142,41.39393939393939,35.0,0.5499533855217135,1.0148248831744984,0.3333333333333333,46.5,46.5,57.0,4.65,14.166666666666666,1.4166666666666667,4,12,0.4166666666666667,0.25,0.16666666666666666,0.5,0.0,0.5,7.4,7.0,6.166666666666667,23.5
3,50,0.9,0.5,0.95,0.5,3,kf_sa_seed_0003.npz,50,5,35,651,700,871,480,0.869431643625192,0.07680491551459294,0.053763440860215055,0.4957142857142857,0.34285714285714286,0.16142857142857142,0.9659367396593674,0.0340632603406326,0.0,0.35,0.4260869565217391,0.22391304347826088,0.24110218140068887,0.5949248915688141,0.7588978185993112,0.75642965204236,290,80,210,0.27586206896551724,0.16666666666666666,0.7853441894892672,0.6399622997172478,0.36003770028275217,0.5154301075268817,0.733833662497257,0.7344301401502493,0.08672960005463944,0.2926888991523588,0.20595929909771937,26,19.24500370096225,50.03703703703704,50.0,0.5546002542213687,1.0148248831744984,0.3333333333333333,43.5,43.5,50.0,4.3500000000000005,13.833333333333334,1.3833333333333335,4,12,0.4166666666666667,0.25,0.16666666666666666,0.4166666666666667,0.0,0.5,6.8,3.0,5.666666666666667,23.25
3,50,0.95,0.5,0.95,0.5,3,kf_sa_seed_0003.npz,50,5,35,651,700,871,480,0.8678955453149002,0.07526881720430108,0.05683563748079877,0.5228571428571429,0.31857142857142856,0.15857142857142856,0.9610705596107056,0.0364963503649635,0.0024330900243309003,0.3869565217391304,0.3934782608695652,0.21956521739130436,0.22502870264064295,0.590317888501005,0.7749712973593571,0.7348148148148148,272,76,196,0.27941176470588236,0.15833333333333333,0.7986676535899334,0.6265060240963856,0.37349397590361444,0.5132334869431644,0.7255562870309414,0.7257496605808402,0.08912950659158267,0.2827194931299784,0.19358998653839574,22,16.28423390081421,58.73913043478261,50.0,0.5546002542213687,1.0148248831744984,0.3333333333333333,44.5,44.5,51.0,4.45,14.166666666666666,1.4166666666666667,4,12,0.4166666666666667,0.25,0.16666666666666666,0.4166666666666667,0.0,0.5,6.8,3.0,5.416666666666667,23.25
3,50,0.98,0.5,0.95,0.5,3,kf_sa_seed_0003.npz,50,5,35,651,700,871,480,0.858678955453149,0.07987711213517665,0.06144393241167435,0.5485714285714286,0.30142857142857143,0.15,0.9562043795620438,0.0364963503649635,0.0072992700729927005,0.41739130434782606,0.3760869565217391,0.20652173913043478,0.2158438576349024,0.5813630593462393,0.7841561423650976,0.7144948755490483,263,75,188,0.28517110266159695,0.15625,0.8053293856402665,0.6102941176470589,0.3897058823529411,0.5043394777265745,0.706973886328725,0.7080247741770072,0.09346407113097882,0.2616016040139609,0.16813753288298205,18,13.323464100666174,71.10526315789474,50.0,0.5546002542213687,1.0148248831744984,0.3333333333333333,47.5,47.5,54.0,4.75,15.666666666666666,1.5666666666666667,4,12,0.4166666666666667,0.25,0.16666666666666666,0.4166666666666667,0.0,0.5,8.2,7.0,5.416666666666667,23.833333333333332
3,50,0.99,0.5,0.95,0.5,3,kf_sa_seed_0003.npz,50,5,35,651,700,871,480,0.8509984639016898,0.08602150537634409,0.0629800307219662,0.57,0.29285714285714287,0.13714285714285715,0.9416058394160584,0.04866180048661801,0.009732360097323601,0.43478260869565216,0.3782608695652174,0.18695652173913044,0.2227324913892078,0.5642811805775944,0.7772675086107922,0.6986706056129985,261,67,194,0.2567049808429119,0.13958333333333334,0.8068097705403405,0.5963302752293578,0.4036697247706422,0.49407066052227344,0.6846697388632873,0.6876960760099309,0.097352121237734,0.23695448533370916,0.13960236409597515,16,11.843079200592154,79.47058823529412,50.0,0.5546002542213687,1.0148248831744984,0.3333333333333333,52.0,52.0,59.0,5.2,16.0,1.6,4,12,0.4166666666666667,0.25,0.16666666666666666,0.4166666666666667,0.0,0.5,7.4,3.0,4.666666666666667,23.5
5,20,0.9,0.5,0.95,0.5,3,kf_sa_seed_0003.npz,20,5,35,681,700,901,480,0.19089574155653452,0.7870778267254038,0.022026431718061675,0.06142857142857143,0.82,0.11857142857142858,0.16099773242630386,0.8390022675736961,0.0,0.02826086956521739,0.8152173913043478,0.1565217391304348,0.8268590455049944,0.15875973577836933,0.17314095449500555,0.9166666666666666,1110,365,745,0.32882882882882886,0.7604166666666666,0.19623461259956554,0.7859778597785978,0.2140221402214022,0.15473358506398155,0.7897084119991609,0.8042975880021369,0.14952681954458633,0.441942557524186,0.29241573797959963,72,52.136133236784936,18.91780821917808,55.0,0.5448717857216463,1.0148248831744984,0.3333333333333333,62.5,62.5,96.0,6.25,27.333333333333332,2.7333333333333334,4,12,0.4166666666666667,0.4166666666666667,0.0,1.0,0.16666666666666666,0.6666666666666666,19.2,17.0,24.333333333333332,28.416666666666668
5,20,0.95,0.5,0.95,0.5,3,kf_sa_seed_0003.npz,20,5,35,681,700,901,480,0.35829662261380324,0.6152716593245228,0.02643171806167401,0.12142857142857143,0.7742857142857142,0.10428571428571429,0.36507936507936506,0.6349206349206349,0.0,0.06521739130434782,0.7956521739130434,0.1391304347826087,0.7169811320754716,0.2521048999309869,0.2830188679245283,0.8823529411764706,961,315,646,0.32778355879292403,0.65625,0.30412744388124546,0.7547619047619047,0.24523809523809526,0.23129116844975878,0.7881371932032725,0.7998913117084095,0.12541175315212091,0.41476678313748333,0.28935502998536244,98,70.96307023895727,13.94949494949495,46.0,0.5448717857216463,1.0148248831744984,0.16666666666666666,31.0,31.0,31.0,3.1,24.666666666666668,2.466666666666667,5,12,0.4166666666666667,0.4166666666666667,0.0,1.0,0.16666666666666666,0.6666666666666666,16.6,17.0,21.0,27.333333333333332
5,20,0.98,0.5,0.95,0.5,3,kf_sa_seed_0003.npz,20,5,35,681,700,901,480,0.6534508076358296,0.3186490455212922,0.027900146842878122,0.20714285714285716,0.7,0.09285714285714286,0.7392290249433107,0.26077097505668934,0.0,0.09565217391304348,0.7739130434782608,0.13043478260869565,0.5227524972253053,0.43483190377600317,0.4772475027746948,0.8976744186046511,707,236,471,0.3338048090523338,0.49166666666666664,0.4880521361332368,0.7566765578635015,0.24332344213649848,0.37315397524648625,0.7825928256765261,0.7892670190325815,0.09712490982873934,0.3730519414631178,0.2759270316343785,75,54.30847212165098,18.17105263157895,32.0,0.5448717857216463,1.0148248831744984,0.16666666666666666,35.0,35.0,35.0,3.5,16.333333333333332,1.6333333333333333,5,12,0.4166666666666667,0.3333333333333333,0.08333333333333333,0.8333333333333334,0.0,0.6666666666666666,11.4,15.0,15.166666666666666,25.166666666666668
5,20,0.99,0.5,0.95,0.5,3,kf_sa_seed_0003.npz,20,5,35,681,700,901,480,0.8149779735682819,0.1512481644640235,0.033773861967694566,0.2714285714285714,0.61,0.11857142857142858,0.9387755102040817,0.061224489795918366,0.0,0.14130434782608695,0.7043478260869566,0.15434782608695652,0.3895671476137625,0.5465616681455191,0.6104328523862376,0.8818181818181818,530,179,351,0.33773584905660375,0.3729166666666667,0.6162201303403331,0.7497062279670975,0.2502937720329025,0.46677470106985525,0.7738200125865324,0.7813159268752257,0.08319538744506698,0.3447176368636457,0.2615222494185787,37,26.792179580014484,36.3421052631579,31.0,0.5448717857216463,1.0148248831744984,0.3333333333333333,62.5,62.5,97.0,6.25,16.166666666666668,1.616666666666667,4,12,0.5,0.4166666666666667,0.08333333333333333,0.75,0.16666666666666666,0.6666666666666666,14.666666666666666,15.5,12.75,24.833333333333332
5,25,0.9,0.5,0.95,0.5,3,kf_sa_seed_0003.npz,25,5,35,676,700,896,480,0.4230769230769231,0.5488165680473372,0.028106508875739646,0.1442857142857143,0.7485714285714286,0.10714285714285714,0.4518348623853211,0.5481651376146789,0.0,0.07173913043478261,0.782608695652174,0.14565217391304347,0.6685267857142857,0.2987435181491823,0.3314732142857143,0.8888888888888888,895,296,599,0.3307262569832402,0.6166666666666667,0.3495639534883721,0.7505197505197505,0.2494802494802495,0.2651098901098901,0.7816610312764158,0.7930111642754313,0.12108240152152219,0.40901648248121075,0.28793408095968853,93,67.58720930232558,14.638297872340425,32.0,0.5465480583136779,1.0148248831744984,0.3333333333333333,68.0,68.0,104.0,6.800000000000001,25.333333333333332,2.533333333333333,4,12,0.4166666666666667,0.4166666666666667,0.0,1.0,0.16666666666666666,0.6666666666666666,17.6,18.0,20.0,27.75
5,25,0.95,0.5,0.95,0.5,3,kf_sa_seed_0003.npz,25,5,35,676,700,896,480,0.5650887573964497,0.4068047337278107,0.028106508875739646,0.19714285714285715,0.6985714285714286,0.10428571428571429,0.6307339449541285,0.36926605504587157,0.0,0.08695652173913043,0.7673913043478261,0.14565217391304347,0.5736607142857143,0.38819305943358595,0.4263392857142857,0.8952879581151832,764,250,514,0.32722513089005234,0.5208333333333334,0.44476744186046513,0.7434640522875817,0.2565359477124183,0.334687235841082,0.781458157227388,0.7876383004223964,0.10583715096347643,0.3885482384368203,0.28271108747334384,86,62.5,15.816091954022989,31.0,0.5465480583136779,1.0148248831744984,0.3333333333333333,69.0,69.0,104.0,6.9,16.666666666666668,1.666666666666667,4,12,0.4166666666666667,0.3333333333333333,0.08333333333333333,0.9166666666666666,0.0,0.6666666666666666,11.8,15.0,15.583333333333334,25.333333333333332
5,25,0.98,0.5,0.95,0.5,3,kf_sa_seed_0003.npz,25,5,35,676,700,896,480,0.7869822485207101,0.17899408284023668,0.034023668639053255,0.2642857142857143,0.6371428571428571,0.09857142857142857,0.9013761467889908,0.09862385321100918,0.0,0.1282608695652174,0.7369565217391304,0.13478260869565217,0.4263392857142857,0.5180793777423215,0.5736607142857143,0.8852140077821011,567,185,382,0.3262786596119929,0.3854166666666667,0.5879360465116279,0.7428924598269468,0.25710754017305315,0.4427768385460693,0.7726204564666103,0.774891663235786,0.089989428556893,0.3512575290003157,0.2612681004434227,50,36.33720930232558,26.980392156862745,31.0,0.5465480583136779,1.0148248831744984,0.16666666666666666,33.0,33.0,33.0,3.3000000000000003,16.666666666666668,1.666666666666667,5,12,0.4166666666666667,0.3333333333333333,0.08333333333333333,0.75,0.0,0.6666666666666666,11.6,15.0,12.916666666666666,25.25
5,25,0.99,0.5,0.95,0.5,3,kf_sa_seed_0003.npz,25,5,35,676,700,896,480,0.8150887573964497,0.14940828402366865,0.03550295857988166,0.3414285714285714,0.5428571428571428,0.11571428571428571,0.9288990825688074,0.07110091743119266,0.0,0.18478260869565216,0.658695652173913,0.1565217391304348,0.37276785714285715,0.5427104108496211,0.6272321428571429,0.8487544483985765,481,147,334,0.30561330561330563,0.30625,0.6504360465116279,0.7061452513966481,0.2938547486033519,0.46540152155536774,0.7519103972950126,0.7588224579873684,0.0852633744929145,0.33861280830618834,0.25334943381327385,44,31.976744186046513,30.57777777777778,31.0,0.5465480583136779,1.0148248831744984,0.3333333333333333,65.5,65.5,100.0,6.550000000000001,16.666666666666668,1.666666666666667,4,12,0.5,0.4166666666666667,0.08333333333333333,0.75,0.16666666666666666,0.6666666666666666,15.0,15.5,10.583333333333334,25.0
5,35,0.9,0.5,0.95,0.5,3,kf_sa_seed_0003.npz,35,5,35,666,700,886,480,0.7657657657657657,0.1981981981981982,0.036036036036036036,0.2671428571428571,0.6357142857142857,0.09714285714285714,0.8779342723004695,0.12206572769953052,0.0,0.1108695652173913,0.7521739130434782,0.13695652173913042,0.4492099322799097,0.5074453970198,0.5507900677200903,0.8954918032786885,577,179,398,0.31022530329289427,0.3729166666666667,0.5775988286969254,0.7325728770595691,0.2674271229404309,0.43145431145431146,0.7741184041184042,0.7766195975285461,0.09291957030505742,0.3580530745469641,0.2651335042419067,52,38.06734992679356,25.77358490566038,35.0,0.5499533855217135,1.0148248831744984,0.3333333333333333,56.5,56.5,75.0,5.65,17.666666666666668,1.7666666666666668,4,12,0.4166666666666667,0.3333333333333333,0.08333333333333333,0.75,0.0,0.6666666666666666,12.8,16.0,12.5,25.75
5,35,0.95,0.5,0.95,0.5,3,kf_sa_seed_0003.npz,35,5,35,666,700,886,480,0.8048048048048048,0.15765765765765766,0.03753753753753754,0.29,0.6114285714285714,0.09857142857142857,0.9272300469483568,0.07276995305164319,0.0,0.13695652173913042,0.7239130434782609,0.1391304347826087,0.4108352144469526,0.5331802408654828,0.5891647855530474,0.8793103448275862,533,169,364,0.3170731707317073,0.35208333333333336,0.609809663250366,0.7262905162064826,0.27370948379351745,0.45168811668811665,0.7688931788931789,0.7682915718264492,0.08905398258457005,0.3402668013551974,0.25121281877062734,40,29.282576866764277,33.31707317073171,35.0,0.5499533855217135,1.0148248831744984,0.3333333333333333,56.5,56.5,74.0,5.65,17.833333333333332,1.7833333333333332,4,12,0.4166666666666667,0.3333333333333333,0.08333333333333333,0.75,0.0,0.6666666666666666,12.4,16.0,11.833333333333334,25.583333333333332
5,35,0.98,0.5,0.95,0.5,3,kf_sa_seed_0003.npz,35,5,35,666,700,886,480,0.8378378378378378,0.12012012012012012,0.042042042042042045,0.37285714285714283,0.53,0.09714285714285714,0.9577464788732394,0.04225352112676056,0.0,0.20869565217391303,0.6543478260869565,0.13695652173913042,0.3600451467268623,0.5473515003061848,0.6399548532731377,0.8306878306878307,451,132,319,0.2926829268292683,0.275,0.6698389458272328,0.6841530054644809,0.3158469945355191,0.46749034749034746,0.7525611325611326,0.7459176383813212,0.08754637430897964,0.31058985501861636,0.2230434807096367,38,27.81844802342606,35.02564102564103,35.0,0.5499533855217135,1.0148248831744984,0.3333333333333333,57.0,57.0,75.0,5.7,17.0,1.7000000000000002,4,12,0.4166666666666667,0.25,0.16666666666666666,0.5833333333333334,0.0,0.5,11.0,14.0,9.25,25.0
5,35,0.99,0.5,0.95,0.5,3,kf_sa_seed_0003.npz,35,5,35,666,700,886,480,0.8468468468468469,0.1111111111111111,0.042042042042042045,0.43142857142857144,0.4714285714285714,0.09714285714285714,0.9765258215962441,0.023474178403755867,0.0,0.25217391304347825,0.6108695652173913,0.13695652173913042,0.32844243792325056,0.5567411716676873,0.6715575620767494,0.8050420168067227,404,113,291,0.27970297029702973,0.23541666666666666,0.7042459736456809,0.656964656964657,0.343035343035343,0.471994851994852,0.7256842556842557,0.7304052689135251,0.08850967506983232,0.30586912727850646,0.21735945220867414,34,24.890190336749633,39.02857142857143,35.0,0.5499533855217135,1.0148248831744984,0.16666666666666666,37.0,37.0,37.0,3.7,17.166666666666668,1.7166666666666668,5,12,0.4166666666666667,0.25,0.16666666666666666,0.5833333333333334,0.0,0.5,11.6,13.0,8.166666666666666,25.25
5,50,0.9,0.5,0.95,0.5,3,kf_sa_seed_0003.npz,50,5,35,651,700,871,480,0.8356374807987711,0.11827956989247312,0.04608294930875576,0.4085714285714286,0.48714285714285716,0.10428571428571429,0.9586374695863747,0.0413625304136253,0.0,0.25,0.6065217391304348,0.14347826086956522,0.33983926521239954,0.55105786522797,0.6601607347876005,0.8,418,122,296,0.291866028708134,0.25416666666666665,0.6905995558845299,0.6613076098606645,0.3386923901393355,0.4699615975422427,0.7465964450296247,0.7390196891966834,0.09400392382644321,0.2924853380495056,0.1984814142230624,42,31.088082901554404,31.41860465116279,50.0,0.5546002542213687,1.0148248831744984,0.3333333333333333,59.0,59.0,73.0,5.9,18.5,1.85,4,12,0.4166666666666667,0.3333333333333333,0.08333333333333333,0.5833333333333334,0.0,0.6666666666666666,11.8,13.0,8.666666666666666,25.333333333333332
5,50,0.95,0.5,0.95,0.5,3,kf_sa_seed_0003.npz,50,5,35,651,700,871,480,0.8341013824884793,0.11827956989247312,0.047619047619047616,0.43714285714285717,0.4614285714285714,0.10142857142857142,0.9562043795620438,0.043795620437956206,0.0,0.2717391304347826,0.5891304347826087,0.1391304347826087,0.33180252583237657,0.5476674071723263,0.6681974741676234,0.7852233676975945,400,111,289,0.2775,0.23125,0.7039230199851961,0.6456361724500526,0.35436382754994744,0.46776497695852537,0.7372218564845293,0.7285486547778758,0.09616319384295732,0.2777807592451206,0.18161756540216326,30,22.20577350111029,43.58064516129032,50.0,0.5546002542213687,1.0148248831744984,0.3333333333333333,59.5,59.5,73.0,5.95,17.0,1.7000000000000002,4,12,0.4166666666666667,0.3333333333333333,0.08333333333333333,0.5833333333333334,0.0,0.6666666666666666,9.8,3.0,7.25,24.5
5,50,0.98,0.5,0.95,0.5,3,kf_sa_seed_0003.npz,50,5,35,651,700,871,480,0.8341013824884793,0.11827956989247312,0.047619047619047616,0.5128571428571429,0.38571428571428573,0.10142857142857142,0.9513381995133819,0.04866180048661801,0.0,0.3630434782608696,0.5,0.13695652173913042,0.2870264064293915,0.5441473606262561,0.7129735935706085,0.7310789049919485,347,97,250,0.27953890489913547,0.20208333333333334,0.7431532198371577,0.6115537848605578,0.3884462151394422,0.46776497695852537,0.7129405310511301,0.7078111360455188,0.09928336925709885,0.2534838497285015,0.15420048047140267,30,22.20577350111029,43.58064516129032,50.0,0.5546002542213687,1.0148248831744984,0.3333333333333333,59.5,59.5,76.0,5.95,17.5,1.75,4,12,0.4166666666666667,0.25,0.16666666666666666,0.5,0.0,0.5,10.0,3.0,6.583333333333333,24.583333333333332
5,50,0.99,0.5,0.95,0.5,3,kf_sa_seed_0003.npz,50,5,35,651,700,871,480,0.8325652841781874,0.11827956989247312,0.04915514592933948,0.5585714285714286,0.36428571428571427,0.07714285714285714,0.9440389294403893,0.05596107055961071,0.0,0.4108695652173913,0.4826086956521739,0.10652173913043478,0.28128587830080365,0.525280334285412,0.7187141216991964,0.6980830670926518,332,87,245,0.2620481927710843,0.18125,0.7542561065877128,0.5848871442590775,0.4151128557409225,0.4548540706605223,0.6756484529295589,0.6837782455532444,0.1021271561040731,0.23862213477060748,0.13649497866653437,24,17.764618800888233,54.04,50.0,0.5546002542213687,1.0148248831744984,0.16666666666666666,46.0,46.0,46.0,4.6000000000000005,18.166666666666668,1.8166666666666669,5,12,0.4166666666666667,0.25,0.16666666666666666,0.5,0.0,0.5,10.2,1.0,6.0,24.666666666666668
7,35,0.9,0.5,0.95,0.5,3,kf_sa_seed_0003.npz,35,5,35,666,700,886,480,0.2897897897897898,0.6816816816816816,0.028528528528528527,0.11142857142857143,0.8014285714285714,0.08714285714285715,0.3732394366197183,0.6267605633802817,0.0,0.05652173913043478,0.8217391304347826,0.12173913043478261,0.7279909706546276,0.24748928352725047,0.27200902934537247,0.8921161825726142,1015,370,645,0.3645320197044335,0.7708333333333334,0.2569546120058565,0.7236467236467237,0.27635327635327633,0.18846632346632347,0.7615551265551266,0.7753857114817834,0.1422260034503683,0.3997764059453966,0.2575504024950283,60,43.92386530014641,22.39344262295082,39.0,0.5499533855217135,1.0148248831744984,0.16666666666666666,39.0,39.0,39.0,3.9000000000000004,40.333333333333336,4.033333333333334,5,12,0.16666666666666666,0.16666666666666666,0.0,1.0,0.0,0.3333333333333333,15.0,15.0,25.75,31.666666666666668
7,35,0.95,0.5,0.95,0.5,3,kf_sa_seed_0003.npz,35,5,35,666,700,886,480,0.45495495495495497,0.512012012012012,0.03303303303303303,0.15285714285714286,0.7614285714285715,0.08571428571428572,0.5845070422535211,0.4154929577464789,0.0,0.0891304347826087,0.7913043478260869,0.11956521739130435,0.6106094808126411,0.3520361298224127,0.3893905191873589,0.881159420289855,874,333,541,0.38100686498855835,0.69375,0.3601756954612006,0.7378048780487805,0.2621951219512195,0.27033462033462036,0.7506177606177606,0.7647342108538305,0.12583676986385423,0.3752486096780963,0.2494118398142421,55,40.26354319180088,24.392857142857142,39.0,0.5499533855217135,1.0148248831744984,0.16666666666666666,40.0,40.0,40.0,4.0,33.833333333333336,3.3833333333333337,5,12,0.25,0.25,0.0,0.9166666666666666,0.0,0.5,17.0,24.0,23.0,30.5
7,35,0.98,0.5,0.95,0.5,3,kf_sa_seed_0003.npz,35,5,35,666,700,886,480,0.5525525525525525,0.4144144144144144,0.03303303303303303,0.2557142857142857,0.66,0.08428571428571428,0.7183098591549296,0.28169014084507044,0.0,0.13260869565217392,0.75,0.11739130434782609,0.5248306997742663,0.41785058175137785,0.4751693002257336,0.8551068883610451,738,273,465,0.3699186991869919,0.56875,0.45973645680819913,0.6799363057324841,0.3200636942675159,0.3184191334191334,0.7331467181467182,0.7531090351760088,0.10807998123484694,0.3503744034592893,0.24229442222444234,51,37.33528550512445,26.26923076923077,39.0,0.5499533855217135,1.0148248831744984,0.16666666666666666,41.0,41.0,41.0,4.1000000000000005,36.5,3.6500000000000004,5,12,0.16666666666666666,0.16666666666666666,0.0,0.9166666666666666,0.0,0.3333333333333333,13.5,13.5,19.666666666666668,31.416666666666668
7,35,0.99,0.5,0.95,0.5,3,kf_sa_seed_0003.npz,35,5,35,666,700,886,480,0.6456456456456456,0.3183183183183183,0.036036036036036036,0.3357142857142857,0.58,0.08428571428571428,0.8262910798122066,0.17370892018779344,0.0,0.1673913043478261,0.7152173913043478,0.11739130434782609,0.4548532731376975,0.47184119208001635,0.5451467268623025,0.8405797101449275,618,215,403,0.3478964401294498,0.4479166666666667,0.5475841874084919,0.6537433155080213,0.34625668449197866,0.36496567996567997,0.7194358644358644,0.7373957049741794,0.1008592764935011,0.33403395064101166,0.23317467414751056,39,28.55051244509517,34.15,39.0,0.5499533855217135,1.0148248831744984,0.16666666666666666,41.0,41.0,41.0,4.1000000000000005,28.833333333333332,2.8833333333333333,5,12,0.3333333333333333,0.25,0.08333333333333333,0.75,0.0,0.5,18.0,23.5,14.166666666666666,29.333333333333332
7,50,0.9,0.5,0.95,0.5,3,kf_sa_seed_0003.npz,50,5,35,651,700,871,480,0.6328725038402457,0.3271889400921659,0.039938556067588324,0.26857142857142857,0.6557142857142857,0.07571428571428572,0.8248175182481752,0.17518248175182483,0.0,0.13043478260869565,0.7652173913043478,0.10434782608695652,0.48679678530424797,0.4645826721675658,0.513203214695752,0.8657718120805369,672,248,424,0.36904761904761907,0.5166666666666667,0.5025906735751295,0.6848306332842415,0.31516936671575846,0.35429339477726574,0.7476058810621022,0.7469214483667043,0.1101879912891913,0.3197612962584644,0.2095733049692731,44,32.56846780162842,30.022222222222222,50.0,0.5546002542213687,1.0148248831744984,0.16666666666666666,48.0,48.0,48.0,4.800000000000001,32.666666666666664,3.2666666666666666,5,12,0.25,0.25,0.0,0.9166666666666666,0.0,0.5,17.333333333333332,24.0,17.75,30.583333333333332
7,50,0.95,0.5,0.95,0.5,3,kf_sa_seed_0003.npz,50,5,35,651,700,871,480,0.6774193548387096,0.28110599078341014,0.041474654377880185,0.3057142857142857,0.62,0.07428571428571429,0.8759124087591241,0.12408759124087591,0.0,0.15,0.7478260869565218,0.10217391304347827,0.4535017221584386,0.4890431609013012,0.5464982778415615,0.8550420168067226,617,222,395,0.35980551053484605,0.4625,0.543301258327165,0.6716621253405994,0.32833787465940056,0.37585253456221196,0.7372459951722624,0.7378922974053815,0.10503676132654825,0.30403913628093276,0.1990023749543845,40,29.607698001480387,32.951219512195124,50.0,0.5546002542213687,1.0148248831744984,0.16666666666666666,48.0,48.0,48.0,4.800000000000001,29.833333333333332,2.9833333333333334,5,12,0.25,0.25,0.0,0.8333333333333334,0.0,0.5,17.0,24.0,16.0,30.5
7,50,0.98,0.5,0.95,0.5,3,kf_sa_seed_0003.npz,50,5,35,651,700,871,480,0.7434715821812596,0.21505376344086022,0.041474654377880185,0.36428571428571427,0.56,0.07571428571428572,0.9002433090024331,0.09975669099756691,0.0,0.20217391304347826,0.6934782608695652,0.10434782608695652,0.4133180252583238,0.5022955675446948,0.5866819747416763,0.8180039138943248,532,172,360,0.3233082706766917,0.35833333333333334,0.6062176165803109,0.6556776556776557,0.3443223443223443,0.4095929339477727,0.7126245336844416,0.7162092691004679,0.10288713105460669,0.2782063527510469,0.1753192216964402,46,34.048852701702444,28.74468085106383,50.0,0.5546002542213687,1.0148248831744984,0.16666666666666666,48.0,48.0,48.0,4.800000000000001,24.833333333333332,2.4833333333333334,5,12,0.3333333333333333,0.3333333333333333,0.0,0.75,0.0,0.6666666666666666,14.5,15.5,12.0,28.166666666666668
7,50,0.99,0.5,0.95,0.5,3,kf_sa_seed_0003.npz,50,5,35,651,700,871,480,0.7788018433179723,0.18125960061443933,0.039938556067588324,0.43714285714285717,0.49,0.07285714285714286,0.9294403892944039,0.0705596107055961,0.0,0.25869565217391305,0.6413043478260869,0.1,0.3719862227324914,0.514720194647202,0.6280137772675086,0.7824497257769653,461,137,324,0.29718004338394793,0.28541666666666665,0.6587712805329385,0.6269662921348315,0.37303370786516854,0.4258294930875576,0.6820430107526881,0.6965168451393474,0.10066446137495176,0.27182257005300414,0.17115810867805237,26,19.24500370096225,50.03703703703704,50.0,0.5546002542213687,1.0148248831744984,0.16666666666666666,49.0,49.0,49.0,4.9,23.0,2.3000000000000003,5,12,0.4166666666666667,0.3333333333333333,0.08333333333333333,0.5833333333333334,0.0,0.6666666666666666,16.2,17.0,9.75,27.166666666666668
10,50,0.9,0.5,0.95,0.5,3,kf_sa_seed_0003.npz,50,5,35,651,700,871,480,0.29493087557603687,0.6728110599078341,0.03225806451612903,0.08857142857142856,0.8457142857142858,0.06571428571428571,0.3771289537712895,0.6228710462287105,0.0,0.03695652173913044,0.8739130434782608,0.0891304347826087,0.7554535017221584,0.2331296942769491,0.24454649827784156,0.92018779342723,1030,372,658,0.3611650485436893,0.775,0.23760177646188008,0.7414330218068536,0.25856697819314645,0.1803225806451613,0.7317357910906298,0.7283398914327939,0.15068640575754014,0.32012762907466946,0.16944122331712932,31,22.945965951147297,42.21875,53.0,0.5546002542213687,1.0148248831744984,0.16666666666666666,54.0,54.0,54.0,5.4,43.4,4.34,5,12,0.16666666666666666,0.16666666666666666,0.0,1.0,0.0,0.3333333333333333,18.5,18.5,26.75,32.25
10,50,0.95,0.5,0.95,0.5,3,kf_sa_seed_0003.npz,50,5,35,651,700,871,480,0.37019969278033793,0.6006144393241167,0.029185867895545316,0.15285714285714286,0.7871428571428571,0.06,0.46472019464720193,0.5352798053527981,0.0,0.06521739130434782,0.8543478260869565,0.08043478260869565,0.703788748564868,0.2725774886279488,0.29621125143513205,0.8837209302325582,942,329,613,0.3492569002123142,0.6854166666666667,0.3027387120651369,0.6919315403422983,0.3080684596577017,0.21509984639016896,0.7186899275839368,0.7108918896087006,0.14060488792309847,0.29520695655870705,0.15460206863560857,43,31.828275351591415,30.704545454545453,53.0,0.5546002542213687,1.0148248831744984,0.16666666666666666,58.0,58.0,58.0,5.800000000000001,42.8,4.28,5,12,0.16666666666666666,0.16666666666666666,0.0,0.9166666666666666,0.0,0.3333333333333333,18.5,18.5,24.25,32.25
10,50,0.98,0.5,0.95,0.5,3,kf_sa_seed_0003.npz,50,5,35,651,700,871,480,0.5775729646697388,0.3932411674347158,0.029185867895545316,0.2985714285714286,0.6557142857142857,0.045714285714285714,0.7688564476885644,0.23114355231143552,0.0,0.1565217391304348,0.7847826086956522,0.058695652173913045,0.5235361653272101,0.41377604993123873,0.4764638346727899,0.8265060240963855,715,259,456,0.3622377622377622,0.5395833333333333,0.4707623982235381,0.6415094339622641,0.3584905660377359,0.3116436251920123,0.6841342988808427,0.6746171799487909,0.12726817842479146,0.24754228013255622,0.12027410170776476,39,28.867505551443376,33.775,53.0,0.5546002542213687,1.0148248831744984,0.16666666666666666,68.0,68.0,68.0,6.800000000000001,43.666666666666664,4.366666666666666,5,12,0.08333333333333333,0.08333333333333333,0.0,0.75,0.0,0.16666666666666666,5.0,5.0,19.5,32.5
10,50,0.99,0.5,0.95,0.5,3,kf_sa_seed_0003.npz,50,5,35,651,700,871,480,0.6559139784946236,0.31490015360983103,0.029185867895545316,0.4085714285714286,0.5614285714285714,0.03,0.8686131386861314,0.13138686131386862,0.0,0.22608695652173913,0.7391304347826086,0.034782608695652174,0.452353616532721,0.4516978736908918,0.547646383467279,0.7819706498951782,598,204,394,0.3411371237458194,0.425,0.5573649148778682,0.5949535192563081,0.4050464807436919,0.3429569892473118,0.6379394338380513,0.6329148410237788,0.11654019077570735,0.19787036503644173,0.08133017426073438,38,28.127313101406365,34.64102564102564,53.0,0.5546002542213687,1.0148248831744984,0.16666666666666666,79.0,79.0,79.0,7.9,37.166666666666664,3.716666666666667,5,12,0.08333333333333333,0.08333333333333333,0.0,0.75,0.0,0.16666666666666666,1.0,1.0,14.916666666666666,32.166666666666664
3,20,0.9,0.5,0.95,0.5,4,kf_sa_seed_0004.npz,20,5,35,681,700,901,480,0.7386196769456681,0.23201174743024963,0.02936857562408223,0.28,0.5628571428571428,0.15714285714285714,0.873015873015873,0.12698412698412698,0.0,0.23695652173913043,0.5826086956521739,0.18043478260869567,0.35960044395116536,0.5267253278122843,0.6403995560488346,0.8110918544194108,552,228,324,0.41304347826086957,0.475,0.6002896451846488,0.7394451145958987,0.2605548854041013,0.4478812670442626,0.7754982169079085,0.7756629600245838,0.09895785324451774,0.40629377800327965,0.3073359247587619,73,52.860246198406955,18.66216216216216,24.0,0.5468052012103914,0.9212443228803279,0.5,29.666666666666668,30.0,30.0,2.966666666666667,17.833333333333332,1.7833333333333332,3,12,0.5833333333333334,0.5,0.08333333333333333,0.9166666666666666,0.5,0.5,17.857142857142858,15.0,16.416666666666668,25.0
3,20,0.95,0.5,0.95,0.5,4,kf_sa_seed_0004.npz,20,5,35,681,700,901,480,0.7841409691629956,0.18502202643171806,0.030837004405286344,0.3028571428571429,0.5514285714285714,0.1457142857142857,0.9183673469387755,0.08163265306122448,0.0,0.24130434782608695,0.5782608695652174,0.18043478260869567,0.33518312985571586,0.5494010647737356,0.6648168701442841,0.8146911519198664,512,210,302,0.41015625,0.4375,0.6292541636495294,0.7318757192174914,0.2681242807825086,0.46492762743864063,0.7723348017621146,0.7679485787611223,0.09474398265606754,0.3798242446907505,0.28508026203468295,57,41.27443881245474,23.810344827586206,24.0,0.5468052012103914,0.9212443228803279,0.5,31.333333333333332,32.0,32.0,3.1333333333333333,18.0,1.8,3,12,0.5833333333333334,0.5,0.08333333333333333,0.9166666666666666,0.5,0.5,18.571428571428573,15.0,15.666666666666666,25.416666666666668
3,20,0.98,0.5,0.95,0.5,4,kf_sa_seed_0004.npz,20,5,35,681,700,901,480,0.8135095447870778,0.15418502202643172,0.032305433186490456,0.38571428571428573,0.5014285714285714,0.11285714285714285,0.9569160997732427,0.04308390022675737,0.0,0.29130434782608694,0.55,0.15869565217391304,0.3018867924528302,0.5578058759735779,0.6981132075471698,0.7869634340222575,456,184,272,0.40350877192982454,0.38333333333333336,0.6698044895003621,0.6843243243243243,0.31567567567567567,0.46318334382211035,0.765517096706524,0.7520726448663033,0.09232645598696453,0.33203725635325393,0.2397108003662894,45,32.58508327299059,30.02173913043478,24.0,0.5468052012103914,0.9212443228803279,0.5,48.333333333333336,35.0,75.0,4.833333333333334,18.666666666666668,1.866666666666667,3,12,0.3333333333333333,0.25,0.08333333333333333,0.9166666666666666,0.0,0.5,9.5,11.5,13.666666666666666,26.5
3,20,0.99,0.5,0.95,0.5,4,kf_sa_seed_0004.npz,20,5,35,681,700,901,480,0.8164464023494861,0.14977973568281938,0.033773861967694566,0.45285714285714285,0.4542857142857143,0.09285714285714286,0.963718820861678,0.036281179138321996,0.0,0.33695652173913043,0.532608695652174,0.13043478260869565,0.28967813540510545,0.5470768017351868,0.7103218645948945,0.7578125,420,159,261,0.37857142857142856,0.33125,0.6958725561187545,0.6462018730489074,0.3537981269510926,0.45465177260331446,0.7500062932662052,0.7223381740139242,0.09144270504766629,0.28223982041737833,0.19079711536971206,33,23.89572773352643,40.61764705882353,24.0,0.5468052012103914,0.9212443228803279,0.3333333333333333,57.0,57.0,75.0,5.7,19.166666666666668,1.916666666666667,4,12,0.3333333333333333,0.25,0.08333333333333333,0.8333333333333334,0.0,0.5,9.75,12.0,11.583333333333334,26.583333333333332
3,25,0.9,0.5,0.95,0.5,4,kf_sa_seed_0004.npz,25,5,35,676,700,896,480,0.8076923076923077,0.15532544378698224,0.03698224852071006,0.3485714285714286,0.5028571428571429,0.14857142857142858,0.9518348623853211,0.0481651376146789,0.0,0.26304347826086955,0.5478260869565217,0.1891304347826087,0.3046875,0.5704826485839649,0.6953125,0.8057784911717496,457,184,273,0.4026258205689278,0.38333333333333336,0.6678779069767442,0.7072905331882481,0.2927094668117519,0.47813186813186814,0.7671597633136095,0.7591361001785367,0.09651418212771924,0.36494210945393374,0.2684279273262145,58,42.151162790697676,23.322033898305083,25.0,0.5447196598631688,0.9212443228803279,0.5,32.333333333333336,33.0,33.0,3.233333333333334,18.166666666666668,1.8166666666666669,3,12,0.4166666666666667,0.3333333333333333,0.08333333333333333,0.9166666666666666,0.16666666666666666,0.5,13.8,15.0,13.916666666666666,26.166666666666668
3,25,0.95,0.5,0.95,0.5,4,kf_sa_seed_0004.npz,25,5,35,676,700,896,480,0.8165680473372781,0.15088757396449703,0.03254437869822485,0.38857142857142857,0.47714285714285715,0.13428571428571429,0.9655963302752294,0.034403669724770644,0.0,0.29130434782608694,0.5260869565217391,0.1826086956521739,0.28683035714285715,0.5741025129637016,0.7131696428571429,0.7902973395931142,436,179,257,0.4105504587155963,0.3729166666666667,0.6831395348837209,0.6872340425531915,0.31276595744680846,0.4754268808114962,0.7656551141166525,0.7537751943621888,0.09578954092259465,0.34388556029762085,0.2480960193750262,48,34.883720930232556,28.081632653061224,25.0,0.5447196598631688,0.9212443228803279,0.5,33.666666666666664,34.0,35.0,3.3666666666666667,18.5,1.85,3,12,0.4166666666666667,0.3333333333333333,0.08333333333333333,0.9166666666666666,0.16666666666666666,0.5,14.2,15.0,13.333333333333334,26.333333333333332
3,25,0.98,0.5,0.95,0.5,4,kf_sa_seed_0004.npz,25,5,35,676,700,896,480,0.8195266272189349,0.14497041420118342,0.03550295857988166,0.43714285714285717,0.46285714285714286,0.1,0.9701834862385321,0.02981651376146789,0.0,0.3239130434782609,0.5347826086956522,0.14130434782608695,0.2890625,0.5557439170323095,0.7109375,0.7660910518053375,422,163,259,0.3862559241706161,0.33958333333333335,0.6933139534883721,0.6540880503144654,0.3459119496855346,0.45976331360946743,0.7567624683009299,0.7384653566753423,0.09556977407609513,0.30329960638526304,0.20772983230916792,36,26.162790697674417,37.189189189189186,25.0,0.5447196598631688,0.9212443228803279,0.3333333333333333,55.5,55.5,73.0,5.550000000000001,18.833333333333332,1.8833333333333333,4,12,0.3333333333333333,0.25,0.08333333333333333,0.9166666666666666,0.0,0.5,9.75,12.0,11.916666666666666,26.583333333333332
3,25,0.99,0.5,0.95,0.5,4,kf_sa_seed_0004.npz,25,5,35,676,700,896,480,0.8269230769230769,0.1346153846153846,0.038461538461538464,0.5028571428571429,0.40714285714285714,0.09,0.9839449541284404,0.016055045871559634,0.0,0.3673913043478261,0.5065217391304347,0.12608695652173912,0.26785714285714285,0.5550159553250897,0.7321428571428571,0.7423780487804879,376,136,240,0.3617021276595745,0.2833333333333333,0.7267441860465116,0.622,0.378,0.4584615384615384,0.7380114116652579,0.710654343823478,0.09433642355238735,0.2578610127096188,0.16352458915723145,30,21.802325581395348,44.38709677419355,25.0,0.5447196598631688,0.9212443228803279,0.3333333333333333,58.0,58.0,75.0,5.800000000000001,19.5,1.9500000000000002,4,12,0.3333333333333333,0.25,0.08333333333333333,0.75,0.0,0.5,10.0,12.0,9.666666666666666,26.666666666666668
3,35,0.9,0.5,0.95,0.5,4,kf_sa_seed_0004.npz,35,5,35,666,700,886,480,0.8198198198198198,0.13513513513513514,0.04504504504504504,0.4614285714285714,0.4257142857142857,0.11285714285714285,0.9765258215962441,0.023474178403755867,0.0,0.3239130434782609,0.5152173913043478,0.1608695652173913,0.27878103837471785,0.5686976934068178,0.7212189616252822,0.7668231611893583,388,141,247,0.3634020618556701,0.29375,0.7159590043923866,0.6390593047034765,0.3609406952965235,0.4663384813384813,0.7526040326040326,0.7314303979929633,0.10435858068993754,0.3005874755178208,0.19622889482788325,44,32.210834553440705,30.355555555555554,35.0,0.5452426604459694,0.9212443228803279,0.5,49.333333333333336,48.0,61.0,4.933333333333334,19.333333333333332,1.9333333333333333,3,12,0.3333333333333333,0.25,0.08333333333333333,0.9166666666666666,0.0,0.5,10.0,12.5,10.083333333333334,26.666666666666668
3,35,0.95,0.5,0.95,0.5,4,kf_sa_seed_0004.npz,35,5,35,666,700,886,480,0.8258258258258259,0.13063063063063063,0.04354354354354354,0.4828571428571429,0.4085714285714286,0.10857142857142857,0.9859154929577465,0.014084507042253521,0.0,0.33043478260869563,0.5152173913043478,0.15434782608695652,0.2742663656884876,0.5701316595223516,0.7257336343115124,0.7636080870917574,373,130,243,0.3485254691689008,0.2708333333333333,0.7269399707174231,0.6304128902316214,0.3695871097683786,0.4671986271986272,0.7485757185757186,0.723880149349666,0.10464598340865214,0.28327051578561535,0.1786245323769632,44,32.210834553440705,30.355555555555554,35.0,0.5452426604459694,0.9212443228803279,0.3333333333333333,48.0,48.0,56.0,4.800000000000001,19.333333333333332,1.9333333333333333,4,12,0.3333333333333333,0.25,0.08333333333333333,0.8333333333333334,0.0,0.5,10.0,12.5,9.166666666666666,26.666666666666668
3,35,0.98,0.5,0.95,0.5,4,kf_sa_seed_0004.npz,35,5,35,666,700,886,480,0.8183183183183184,0.13663663663663664,0.04504504504504504,0.5371428571428571,0.36,0.10285714285714286,0.9765258215962441,0.023474178403755867,0.0,0.3869565217391304,0.4673913043478261,0.14565217391304347,0.25395033860045146,0.5610889977546438,0.7460496613995485,0.7307110438729199,343,118,225,0.34402332361516036,0.24583333333333332,0.7489019033674963,0.603128054740958,0.396871945259042,0.4605877305877306,0.7320484770484771,0.7037461380367113,0.10370799346361707,0.24712300085031774,0.14341500738670065,38,27.81844802342606,35.02564102564103,35.0,0.5452426604459694,0.9212443228803279,0.3333333333333333,49.0,49.0,56.0,4.9,20.166666666666668,2.016666666666667,4,12,0.3333333333333333,0.25,0.08333333333333333,0.75,0.0,0.5,10.25,12.5,8.166666666666666,26.75
3,35,0.99,0.5,0.95,0.5,4,kf_sa_seed_0004.npz,35,5,35,666,700,886,480,0.8123123123123123,0.13963963963963963,0.04804804804804805,0.5942857142857143,0.32,0.08571428571428572,0.9671361502347418,0.03286384976525822,0.0,0.45652173913043476,0.42391304347826086,0.11956521739130435,0.23589164785553046,0.5433506838130231,0.7641083521444695,0.689807976366322,317,108,209,0.34069400630914826,0.225,0.7679355783308931,0.572926596758818,0.42707340324118204,0.449013299013299,0.7043436293436294,0.6740179914366883,0.10036902352234547,0.20919267374780384,0.10882365022545837,28,20.497803806734993,47.10344827586207,35.0,0.5452426604459694,0.9212443228803279,0.3333333333333333,60.0,60.0,75.0,6.0,21.166666666666668,2.1166666666666667,4,12,0.3333333333333333,0.25,0.08333333333333333,0.75,0.0,0.5,10.25,12.0,7.583333333333333,26.75
3,50,0.9,0.5,0.95,0.5,4,kf_sa_seed_0004.npz,50,5,35,651,700,871,480,0.7956989247311828,0.15053763440860216,0.053763440860215055,0.5828571428571429,0.3057142857142857,0.11142857142857143,0.9440389294403893,0.05596107055961071,0.0,0.41956521739130437,0.4217391304347826,0.15869565217391304,0.24913892078071181,0.5513672908071512,0.7508610792192881,0.7048929663608563,312,95,217,0.30448717948717946,0.19791666666666666,0.769059955588453,0.5736284889316651,0.42637151106833493,0.4535637480798771,0.7050362080315997,0.6748567759468779,0.1146819671480135,0.21458303911788765,0.09990107196987415,38,28.127313101406365,34.64102564102564,50.0,0.5361067243886412,0.9212443228803279,0.3333333333333333,50.0,50.0,53.0,5.0,20.5,2.0500000000000003,4,12,0.3333333333333333,0.16666666666666666,0.16666666666666666,0.4166666666666667,0.0,0.3333333333333333,7.5,6.5,5.75,25.833333333333332
3,50,0.95,0.5,0.95,0.5,4,kf_sa_seed_0004.npz,50,5,35,651,700,871,480,0.8033794162826421,0.141321044546851,0.055299539170506916,0.6171428571428571,0.27714285714285714,0.10571428571428572,0.9391727493917275,0.058394160583941604,0.0024330900243309003,0.4652173913043478,0.3847826086956522,0.15,0.23076923076923078,0.5445863746958637,0.7692307692307693,0.6791044776119403,286,85,201,0.2972027972027972,0.17708333333333334,0.7883049592894152,0.5605633802816902,0.43943661971830983,0.4545468509984639,0.6941935483870968,0.6636302574280621,0.11394536209539484,0.2008936747167935,0.08694831262139867,46,34.048852701702444,28.74468085106383,50.0,0.5361067243886412,0.9212443228803279,0.3333333333333333,52.0,52.0,56.0,5.2,21.166666666666668,2.1166666666666667,4,12,0.3333333333333333,0.16666666666666666,0.16666666666666666,0.4166666666666667,0.0,0.3333333333333333,8.0,6.5,5.583333333333333,26.0
3,50,0.98,0.5,0.95,0.5,4,kf_sa_seed_0004.npz,50,5,35,651,700,871,480,0.7926267281105991,0.15053763440860216,0.05683563748079877,0.7028571428571428,0.20142857142857143,0.09571428571428571,0.9294403892944039,0.06569343065693431,0.004866180048661801,0.591304347826087,0.27391304347826084,0.13478260869565217,0.1756601607347876,0.532111498995028,0.8243398392652124,0.6183844011142061,239,86,153,0.3598326359832636,0.17916666666666667,0.8230940044411547,0.5242805755395683,0.4757194244604317,0.4441705069124424,0.666401141101602,0.638550085922527,0.11100425386912124,0.1770821775548208,0.06607792368569956,28,20.72538860103627,46.58620689655172,50.0,0.5361067243886412,0.9212443228803279,0.3333333333333333,55.5,55.5,61.0,5.550000000000001,22.666666666666668,2.266666666666667,4,12,0.3333333333333333,0.16666666666666666,0.16666666666666666,0.25,0.0,0.3333333333333333,9.25,5.0,5.916666666666667,26.416666666666668
3,50,0.99,0.5,0.95,0.5,4,kf_sa_seed_0004.npz,50,5,35,651,700,871,480,0.7895545314900153,0.15360983102918588,0.05683563748079877,0.7314285714285714,0.19857142857142857,0.07,0.9245742092457421,0.0705596107055961,0.004866180048661801,0.6326086956521739,0.2717391304347826,0.09565217391304348,0.17680826636050517,0.5101131915793928,0.8231917336394948,0.5913528591352859,239,85,154,0.35564853556485354,0.17708333333333334,0.8230940044411547,0.5062949640287769,0.49370503597122306,0.42977726574500763,0.6317050691244239,0.6094746556067826,0.1065526186855114,0.15552777704523493,0.048975158359723533,16,11.843079200592154,79.47058823529412,50.0,0.5361067243886412,0.9212443228803279,0.3333333333333333,65.0,65.0,75.0,6.5,23.0,2.3000000000000003,4,12,0.3333333333333333,0.16666666666666666,0.16666666666666666,0.25,0.0,0.3333333333333333,9.0,4.5,5.916666666666667,26.333333333333332
5,20,0.9,0.5,0.95,0.5,4,kf_sa_seed_0004.npz,20,5,35,681,700,901,480,0.17914831130690162,0.8032305433186491,0.01762114537444934,0.05142857142857143,0.8528571428571429,0.09571428571428571,0.2222222222222222,0.7777777777777778,0.0,0.034782608695652174,0.8326086956521739,0.13260869565217392,0.8057713651498335,0.17741545893719807,0.19422863485016648,0.9085714285714286,1144,418,726,0.36538461538461536,0.8708333333333333,0.1716147719044171,0.7974683544303798,0.20253164556962022,0.13743129851059366,0.787016991818754,0.7883290736267056,0.15522478160729034,0.4289045860436754,0.27367980443638507,76,55.03258508327299,17.935064935064936,42.0,0.5468052012103914,0.9212443228803279,0.16666666666666666,34.0,34.0,34.0,3.4000000000000004,39.0,3.9000000000000004,5,12,0.25,0.25,0.0,1.0,0.0,0.5,24.333333333333332,29.0,29.5,32.333333333333336
5,20,0.95,0.5,0.95,0.5,4,kf_sa_seed_0004.npz,20,5,35,681,700,901,480,0.42143906020558003,0.5594713656387665,0.01908957415565345,0.10428571428571429,0.8042857142857143,0.09142857142857143,0.528344671201814,0.47165532879818595,0.0,0.06739130434782609,0.8043478260869565,0.1282608695652174,0.6415094339622641,0.32830277038351574,0.3584905660377358,0.9040247678018576,944,366,578,0.3877118644067797,0.7625,0.3164373642288197,0.8032036613272311,0.1967963386727689,0.25643381581707575,0.7855087056849172,0.7818946567250293,0.13551231719861206,0.39316347458524253,0.25765115738663047,96,69.51484431571325,14.237113402061855,41.0,0.5468052012103914,0.9212443228803279,0.16666666666666666,36.0,36.0,36.0,3.6,30.666666666666668,3.066666666666667,5,12,0.25,0.25,0.0,1.0,0.0,0.5,16.666666666666668,15.0,25.833333333333332,30.416666666666668
5,20,0.98,0.5,0.95,0.5,4,kf_sa_seed_0004.npz,20,5,35,681,700,901,480,0.6740088105726872,0.3039647577092511,0.022026431718061675,0.21571428571428572,0.6942857142857143,0.09,0.8594104308390023,0.14058956916099774,0.0,0.13043478260869565,0.7434782608695653,0.12608695652173912,0.4483906770255272,0.49274869368037066,0.5516093229744728,0.8792756539235412,693,289,404,0.417027417027417,0.6020833333333333,0.498189717595945,0.7587209302325582,0.24127906976744184,0.3820044052863436,0.7770190895741557,0.7467472589411107,0.11668585493390855,0.3478128656649102,0.23112701073100167,46,33.3091962346126,29.382978723404257,31.0,0.5468052012103914,0.9212443228803279,0.16666666666666666,37.0,37.0,37.0,3.7,29.333333333333332,2.9333333333333336,5,12,0.25,0.25,0.0,1.0,0.0,0.5,17.0,17.0,21.5,30.5
5,20,0.99,0.5,0.95,0.5,4,kf_sa_seed_0004.npz,20,5,35,681,700,901,480,0.6989720998531571,0.28193832599118945,0.01908957415565345,0.34,0.5614285714285714,0.09857142857142857,0.8798185941043084,0.12018140589569161,0.0,0.1826086956521739,0.6826086956521739,0.13478260869565217,0.40732519422863483,0.5073006013999803,0.5926748057713651,0.8426966292134831,585,218,367,0.37264957264957266,0.45416666666666666,0.5763939174511223,0.6846733668341709,0.3153266331658291,0.3987717642122928,0.7574008810572688,0.7338927265045517,0.1029947794155848,0.3154507351670182,0.21245595575143342,41,29.688631426502536,32.88095238095238,31.0,0.5468052012103914,0.9212443228803279,0.3333333333333333,34.0,34.0,34.0,3.4000000000000004,28.333333333333332,2.8333333333333335,4,12,0.25,0.16666666666666666,0.08333333333333333,0.8333333333333334,0.0,0.3333333333333333,15.333333333333334,17.0,16.25,30.083333333333332
5,25,0.9,0.5,0.95,0.5,4,kf_sa_seed_0004.npz,25,5,35,676,700,896,480,0.5014792899408284,0.47781065088757396,0.020710059171597635,0.13,0.7785714285714286,0.09142857142857143,0.6330275229357798,0.3669724770642202,0.0,0.09347826086956522,0.7782608695652173,0.1282608695652174,0.578125,0.3806441962504986,0.421875,0.8862433862433863,868,350,518,0.4032258064516129,0.7291666666666666,0.3691860465116279,0.7933070866141733,0.20669291338582674,0.2964539306846999,0.7827916314454776,0.7767852855408632,0.1318555493838954,0.38563693284401895,0.2537813834601236,74,53.77906976744186,18.346666666666668,32.0,0.5447196598631688,0.9212443228803279,0.16666666666666666,36.0,36.0,36.0,3.6,29.5,2.95,5,12,0.25,0.25,0.0,1.0,0.0,0.5,17.0,15.0,25.333333333333332,30.5
5,25,0.95,0.5,0.95,0.5,4,kf_sa_seed_0004.npz,25,5,35,676,700,896,480,0.6301775147928994,0.34763313609467456,0.022189349112426034,0.17857142857142858,0.7328571428571429,0.08857142857142856,0.8119266055045872,0.18807339449541285,0.0,0.11956521739130435,0.7565217391304347,0.12391304347826088,0.4799107142857143,0.467919824491424,0.5200892857142857,0.8819742489270386,748,318,430,0.42513368983957217,0.6625,0.4563953488372093,0.7770700636942676,0.22292993630573243,0.35937447168216397,0.7786200338123415,0.7655494860335128,0.12080014443943966,0.35505337791787767,0.23425323347843802,54,39.24418604651163,25.01818181818182,31.0,0.5447196598631688,0.9212443228803279,0.16666666666666666,38.0,38.0,38.0,3.8000000000000003,29.333333333333332,2.9333333333333336,5,12,0.25,0.25,0.0,1.0,0.0,0.5,17.0,15.0,23.333333333333332,30.5
5,25,0.98,0.5,0.95,0.5,4,kf_sa_seed_0004.npz,25,5,35,676,700,896,480,0.7130177514792899,0.2603550295857988,0.026627218934911243,0.3157142857142857,0.5971428571428572,0.08714285714285715,0.9105504587155964,0.08944954128440367,0.0,0.17173913043478262,0.7065217391304348,0.12173913043478261,0.40625,0.5161447945751895,0.59375,0.8515037593984962,594,230,364,0.3872053872053872,0.4791666666666667,0.5683139534883721,0.6943734015345269,0.30562659846547313,0.40008030431107355,0.764683009298394,0.7329076911333503,0.11135184291100939,0.3127546570820714,0.201402814171062,29,21.075581395348838,45.86666666666667,33.0,0.5447196598631688,0.9212443228803279,0.16666666666666666,39.0,39.0,39.0,3.9000000000000004,28.833333333333332,2.8833333333333333,5,12,0.25,0.25,0.0,1.0,0.0,0.5,16.0,17.0,16.833333333333332,30.25
5,25,0.99,0.5,0.95,0.5,4,kf_sa_seed_0004.npz,25,5,35,676,700,896,480,0.7396449704142012,0.23372781065088757,0.026627218934911243,0.39285714285714285,0.5157142857142857,0.09142857142857143,0.9403669724770642,0.05963302752293578,0.0,0.23478260869565218,0.6369565217391304,0.1282608695652174,0.3560267857142857,0.5343139210211408,0.6439732142857143,0.8128249566724437,519,200,319,0.3853564547206166,0.4166666666666667,0.6228197674418605,0.6581096849474912,0.3418903150525088,0.4155367709213863,0.7547358410819949,0.7182604775651031,0.10179353621639055,0.29812751100689655,0.19633397479050602,29,21.075581395348838,45.86666666666667,33.0,0.5447196598631688,0.9212443228803279,0.16666666666666666,37.0,37.0,37.0,3.7,28.166666666666668,2.816666666666667,5,12,0.25,0.16666666666666666,0.08333333333333333,0.75,0.0,0.3333333333333333,15.333333333333334,17.0,15.0,30.083333333333332
5,35,0.9,0.5,0.95,0.5,4,kf_sa_seed_0004.npz,35,5,35,666,700,886,480,0.7132132132132132,0.25975975975975973,0.02702702702702703,0.30714285714285716,0.61,0.08285714285714285,0.9107981220657277,0.0892018779342723,0.0,0.1608695652173913,0.7239130434782609,0.11521739130434783,0.4187358916478555,0.5130077566850377,0.5812641083521445,0.8563106796116505,600,229,371,0.38166666666666665,0.47708333333333336,0.5607613469985359,0.695822454308094,0.304177545691906,0.398035178035178,0.7659030459030459,0.739824064930731,0.11797967863252427,0.31116348392439214,0.19318380529186785,40,29.282576866764277,33.31707317073171,35.0,0.5452426604459694,0.9212443228803279,0.16666666666666666,42.0,42.0,42.0,4.2,28.0,2.8000000000000003,5,12,0.3333333333333333,0.25,0.08333333333333333,0.9166666666666666,0.0,0.5,19.75,23.5,17.0,29.916666666666668
5,35,0.95,0.5,0.95,0.5,4,kf_sa_seed_0004.npz,35,5,35,666,700,886,480,0.7387387387387387,0.23423423423423423,0.02702702702702703,0.36857142857142855,0.5457142857142857,0.08571428571428572,0.9389671361502347,0.06103286384976526,0.0,0.21304347826086956,0.6673913043478261,0.11956521739130435,0.3758465011286682,0.5292661767707696,0.6241534988713319,0.8227848101265823,538,205,333,0.38104089219330856,0.4270833333333333,0.6061493411420205,0.6666666666666666,0.33333333333333337,0.41222651222651224,0.7586250536250536,0.729946048261514,0.113392700106129,0.28885971361912277,0.17546701351299376,36,26.35431918008785,36.91891891891892,35.0,0.5452426604459694,0.9212443228803279,0.16666666666666666,40.0,40.0,40.0,4.0,28.0,2.8000000000000003,5,12,0.3333333333333333,0.25,0.08333333333333333,0.9166666666666666,0.0,0.5,19.5,23.0,15.333333333333334,29.833333333333332
5,35,0.98,0.5,0.95,0.5,4,kf_sa_seed_0004.npz,35,5,35,666,700,886,480,0.7492492492492493,0.22372372372372373,0.02702702702702703,0.4328571428571429,0.48142857142857143,0.08571428571428572,0.9530516431924883,0.046948356807511735,0.0,0.2673913043478261,0.6130434782608696,0.11956521739130435,0.34085778781038373,0.5363084302918963,0.6591422121896162,0.7893835616438356,486,184,302,0.3786008230452675,0.38333333333333336,0.6442166910688141,0.6352272727272728,0.36477272727272725,0.4174817674817675,0.7392299442299443,0.7045255808250954,0.10944275370747289,0.2544836072599406,0.14504085355246774,30,21.961932650073205,44.064516129032256,35.0,0.5452426604459694,0.9212443228803279,0.16666666666666666,40.0,40.0,40.0,4.0,28.166666666666668,2.816666666666667,5,12,0.3333333333333333,0.25,0.08333333333333333,0.75,0.0,0.5,19.75,23.5,13.666666666666666,29.916666666666668
5,35,0.99,0.5,0.95,0.5,4,kf_sa_seed_0004.npz,35,5,35,666,700,886,480,0.7567567567567568,0.21021021021021022,0.03303303303303303,0.5142857142857142,0.3985714285714286,0.08714285714285715,0.9577464788732394,0.04225352112676056,0.0,0.35434782608695653,0.5239130434782608,0.12173913043478261,0.29232505643340856,0.539742804654011,0.7076749435665914,0.7400318979266348,419,160,259,0.3818615751789976,0.3333333333333333,0.6932650073206442,0.5966209081309398,0.4033790918690602,0.421949806949807,0.7064264264264264,0.677837770531788,0.11214702533474023,0.24026124964247897,0.12811422430773872,24,17.569546120058565,54.64,35.0,0.5452426604459694,0.9212443228803279,0.16666666666666666,39.0,39.0,39.0,3.9000000000000004,26.666666666666668,2.666666666666667,5,12,0.25,0.16666666666666666,0.08333333333333333,0.75,0.0,0.3333333333333333,13.0,19.0,11.666666666666666,29.5
5,50,0.9,0.5,0.95,0.5,4,kf_sa_seed_0004.npz,50,5,35,651,700,871,480,0.7250384024577573,0.2411674347158218,0.03379416282642089,0.4585714285714286,0.47,0.07142857142857142,0.9416058394160584,0.058394160583941604,0.0,0.28695652173913044,0.6152173913043478,0.09782608695652174,0.35246842709529275,0.5197159631862901,0.6475315729047072,0.7659574468085106,486,179,307,0.3683127572016461,0.3729166666666667,0.6402664692820134,0.6034682080924856,0.3965317919075144,0.39823348694316435,0.7210840465218346,0.6873846735796366,0.11473189420050887,0.23076015892553178,0.11602826472502291,20,14.803849000740193,64.33333333333333,50.0,0.5361067243886412,0.9212443228803279,0.16666666666666666,50.0,50.0,50.0,5.0,29.833333333333332,2.9833333333333334,5,12,0.25,0.16666666666666666,0.08333333333333333,0.75,0.0,0.3333333333333333,17.333333333333332,23.0,13.083333333333334,30.583333333333332
5,50,0.95,0.5,0.95,0.5,4,kf_sa_seed_0004.npz,50,5,35,651,700,871,480,0.7219662058371735,0.24270353302611367,0.03533026113671275,0.5,0.43142857142857144,0.06857142857142857,0.9391727493917275,0.06082725060827251,0.0,0.33260869565217394,0.5739130434782609,0.09347826086956522,0.33180252583237657,0.5163255051306463,0.6681974741676234,0.7371134020618557,460,171,289,0.3717391304347826,0.35625,0.6595114729829755,0.5813692480359147,0.4186307519640853,0.39526881720430107,0.7088413429888084,0.6765801089850733,0.11294651027788159,0.21455257516764611,0.10160606488976452,30,22.20577350111029,43.58064516129032,50.0,0.5361067243886412,0.9212443228803279,0.16666666666666666,52.0,52.0,52.0,5.2,30.166666666666668,3.016666666666667,5,12,0.25,0.16666666666666666,0.08333333333333333,0.75,0.0,0.3333333333333333,17.333333333333332,23.0,12.416666666666666,30.583333333333332
5,50,0.98,0.5,0.95,0.5,4,kf_sa_seed_0004.npz,50,5,35,651,700,871,480,0.7327188940092166,0.22734254992319508,0.039938556067588324,0.5742857142857143,0.35428571428571426,0.07142857142857142,0.9294403892944039,0.0705596107055961,0.0,0.41304347826086957,0.4891304347826087,0.09782608695652174,0.29161882893226176,0.5136332381254628,0.7083811710677382,0.6920583468395461,396,142,254,0.35858585858585856,0.29583333333333334,0.7068837897853442,0.5518324607329843,0.4481675392670157,0.402073732718894,0.6779372394118938,0.6516045210146183,0.11222156114047299,0.19091599064441997,0.07869442950394698,30,22.20577350111029,43.58064516129032,50.0,0.5361067243886412,0.9212443228803279,0.16666666666666666,50.0,50.0,50.0,5.0,28.5,2.85,5,12,0.25,0.16666666666666666,0.08333333333333333,0.5,0.0,0.3333333333333333,12.333333333333334,14.0,9.75,29.333333333333332
5,50,0.99,0.5,0.95,0.5,4,kf_sa_seed_0004.npz,50,5,35,651,700,871,480,0.7572964669738863,0.2073732718894009,0.03533026113671275,0.63,0.29714285714285715,0.07285714285714286,0.9318734793187348,0.0681265206812652,0.0,0.4826086956521739,0.41739130434782606,0.1,0.2525832376578645,0.5159367396593674,0.7474167623421355,0.6589861751152074,343,123,220,0.358600583090379,0.25625,0.7461139896373057,0.5396825396825397,0.46031746031746035,0.4150768049155146,0.6296927803379416,0.6252519930654734,0.11135181388483986,0.18051825902188204,0.06916644513704218,22,16.28423390081421,58.73913043478261,50.0,0.5361067243886412,0.9212443228803279,0.16666666666666666,49.0,49.0,49.0,4.9,19.833333333333332,1.9833333333333334,5,12,0.3333333333333333,0.16666666666666666,0.16666666666666666,0.4166666666666667,0.0,0.3333333333333333,7.75,4.0,6.583333333333333,25.916666666666668
7,35,0.9,0.5,0.95,0.5,4,kf_sa_seed_0004.npz,35,5,35,666,700,886,480,0.37987987987987987,0.5960960960960962,0.024024024024024024,0.10714285714285714,0.8057142857142857,0.08714285714285715,0.5305164319248826,0.4694835680751174,0.0,0.06086956521739131,0.8173913043478261,0.12173913043478261,0.6501128668171557,0.3261277811798326,0.34988713318284426,0.9096774193548387,961,385,576,0.4006243496357961,0.8020833333333334,0.2964860907759883,0.7753086419753087,0.2246913580246913,0.2335113685113685,0.7502659802659802,0.748639364047102,0.14434652891179645,0.3504846447154668,0.20613811580367036,82,60.02928257686676,16.457831325301203,35.0,0.5452426604459694,0.9212443228803279,0.16666666666666666,39.0,39.0,39.0,3.9000000000000004,38.666666666666664,3.8666666666666667,5,12,0.08333333333333333,0.08333333333333333,0.0,1.0,0.0,0.16666666666666666,24.0,24.0,28.666666666666668,34.083333333333336
7,35,0.95,0.5,0.95,0.5,4,kf_sa_seed_0004.npz,35,5,35,666,700,886,480,0.5825825825825826,0.3948948948948949,0.02252252252252252,0.22428571428571428,0.69,0.08571428571428572,0.795774647887324,0.20422535211267606,0.0,0.14782608695652175,0.7326086956521739,0.11956521739130435,0.4785553047404063,0.45766993263931416,0.5214446952595937,0.8528138528138528,746,322,424,0.4316353887399464,0.6708333333333333,0.4538799414348463,0.7225806451612903,0.2774193548387097,0.33414843414843415,0.7461175461175461,0.740433872082751,0.1278071941149207,0.32182782133052945,0.19402062721560875,54,39.53147877013177,24.836363636363636,35.0,0.5452426604459694,0.9212443228803279,0.16666666666666666,40.0,40.0,40.0,4.0,32.5,3.25,5,12,0.16666666666666666,0.16666666666666666,0.0,1.0,0.0,0.3333333333333333,12.5,12.5,22.416666666666668,31.25
7,35,0.98,0.5,0.95,0.5,4,kf_sa_seed_0004.npz,35,5,35,666,700,886,480,0.6636636636636637,0.3123123123123123,0.024024024024024024,0.3514285714285714,0.5642857142857143,0.08428571428571428,0.8779342723004695,0.12206572769953052,0.0,0.22608695652173913,0.6565217391304348,0.11739130434782609,0.39954853273137697,0.4976627883241478,0.600451467268623,0.8045112781954887,603,249,354,0.4129353233830846,0.51875,0.5585651537335286,0.6566186107470511,0.3433813892529489,0.373974688974689,0.721999141999142,0.717379622233304,0.11169946189471641,0.28393768940767083,0.17223822751295442,34,24.890190336749633,39.02857142857143,35.0,0.5452426604459694,0.9212443228803279,0.16666666666666666,41.0,41.0,41.0,4.1000000000000005,32.166666666666664,3.216666666666667,5,12,0.25,0.16666666666666666,0.08333333333333333,0.9166666666666666,0.0,0.3333333333333333,19.0,25.0,18.0,31.0
7,35,0.99,0.5,0.95,0.5,4,kf_sa_seed_0004.npz,35,5,35,666,700,886,480,0.6996996996996997,0.2777777777777778,0.02252252252252252,0.41714285714285715,0.49857142857142855,0.08428571428571428,0.9107981220657277,0.0892018779342723,0.0,0.2608695652173913,0.6217391304347826,0.11739130434782609,0.3656884875846501,0.5140947132067769,0.6343115124153499,0.7864768683274022,534,210,324,0.39325842696629215,0.4375,0.6090775988286969,0.6310096153846154,0.3689903846153846,0.391992706992707,0.6864757614757615,0.6945399012543214,0.09930456933905443,0.25573951280150625,0.15643494346245182,28,20.497803806734993,47.10344827586207,35.0,0.5452426604459694,0.9212443228803279,0.16666666666666666,41.0,41.0,41.0,4.1000000000000005,30.666666666666668,3.066666666666667,5,12,0.25,0.16666666666666666,0.08333333333333333,0.75,0.0,0.3333333333333333,19.0,25.0,15.666666666666666,31.0
7,50,0.9,0.5,0.95,0.5,4,kf_sa_seed_0004.npz,50,5,35,651,700,871,480,0.6804915514592934,0.29185867895545314,0.027649769585253458,0.34714285714285714,0.58,0.07285714285714286,0.9002433090024331,0.09975669099756691,0.0,0.20217391304347826,0.6978260869565217,0.1,0.41561423650975887,0.5001216545012166,0.5843857634902411,0.8172888015717092,596,234,362,0.3926174496644295,0.4875,0.5588452997779423,0.6543046357615894,0.34569536423841063,0.3766743471582181,0.7166842220759272,0.7026831541743829,0.11598221731353606,0.25887326375872377,0.1428910464451877,30,22.20577350111029,43.58064516129032,50.0,0.5361067243886412,0.9212443228803279,0.16666666666666666,49.0,49.0,49.0,4.9,32.166666666666664,3.216666666666667,5,12,0.25,0.16666666666666666,0.08333333333333333,0.9166666666666666,0.0,0.3333333333333333,18.333333333333332,25.0,16.916666666666668,30.833333333333332
7,50,0.95,0.5,0.95,0.5,4,kf_sa_seed_0004.npz,50,5,35,651,700,871,480,0.6912442396313364,0.28110599078341014,0.027649769585253458,0.4157142857142857,0.5128571428571429,0.07142857142857142,0.9002433090024331,0.09975669099756691,0.0,0.23695652173913043,0.6652173913043479,0.09782608695652174,0.3983926521239954,0.4990346979794774,0.6016073478760046,0.7919847328244275,542,195,347,0.35977859778597787,0.40625,0.5988156920799408,0.6180469715698393,0.38195302843016066,0.3813364055299539,0.6959534781654597,0.6869415443809703,0.1107893321585222,0.23744931776115655,0.12665998560263436,20,14.803849000740193,64.33333333333333,50.0,0.5361067243886412,0.9212443228803279,0.16666666666666666,52.0,52.0,52.0,5.2,32.333333333333336,3.233333333333334,5,12,0.25,0.16666666666666666,0.08333333333333333,0.75,0.0,0.3333333333333333,18.333333333333332,25.0,14.25,30.833333333333332
7,50,0.98,0.5,0.95,0.5,4,kf_sa_seed_0004.npz,50,5,35,651,700,871,480,0.6943164362519201,0.27342549923195086,0.03225806451612903,0.4742857142857143,0.45571428571428574,0.07,0.9075425790754258,0.09245742092457421,0.0,0.28043478260869564,0.6239130434782608,0.09565217391304348,0.373134328358209,0.5015973764942346,0.6268656716417911,0.7637362637362637,497,172,325,0.3460764587525151,0.35833333333333334,0.6321243523316062,0.5866510538641686,0.4133489461358314,0.38215821812596007,0.6567654158437568,0.6581468110897019,0.10468889788916627,0.2079358792876279,0.10324698139846164,22,16.28423390081421,58.73913043478261,50.0,0.5361067243886412,0.9212443228803279,0.16666666666666666,53.0,53.0,53.0,5.300000000000001,32.666666666666664,3.2666666666666666,5,12,0.25,0.16666666666666666,0.08333333333333333,0.6666666666666666,0.0,0.3333333333333333,18.666666666666668,26.0,12.416666666666666,30.916666666666668
7,50,0.99,0.5,0.95,0.5,4,kf_sa_seed_0004.npz,50,5,35,651,700,871,480,0.7142857142857143,0.25499231950844853,0.030721966205837174,0.5114285714285715,0.4157142857142857,0.07285714285714286,0.9197080291970803,0.08029197080291971,0.0,0.3239130434782609,0.5760869565217391,0.1,0.3421354764638347,0.5098540145985402,0.6578645235361653,0.7399650959860384,457,159,298,0.3479212253829322,0.33125,0.6617320503330866,0.5771812080536913,0.42281879194630867,0.39357142857142857,0.6192122010094361,0.6348811259427657,0.09951937489327618,0.18509676611257112,0.08557739121929493,30,22.20577350111029,43.58064516129032,50.0,0.5361067243886412,0.9212443228803279,0.16666666666666666,49.0,49.0,49.0,4.9,30.333333333333332,3.033333333333333,5,12,0.25,0.16666666666666666,0.08333333333333333,0.5833333333333334,0.0,0.3333333333333333,15.333333333333334,21.0,11.25,30.083333333333332
10,50,0.9,0.5,0.95,0.5,4,kf_sa_seed_0004.npz,50,5,35,651,700,871,480,0.39938556067588327,0.5806451612903226,0.019969278033794162,0.11285714285714285,0.8342857142857143,0.05285714285714286,0.5742092457420924,0.4257907542579075,0.0,0.1,0.8304347826086956,0.06956521739130435,0.6394948335246843,0.3218872315666984,0.3605051664753157,0.8535031847133758,962,405,557,0.420997920997921,0.84375,0.28793486306439675,0.7634961439588689,0.2365038560411311,0.22612135176651307,0.7176387974544657,0.6868877580942732,0.15816699110832275,0.2809247426592856,0.12275775155096283,43,31.828275351591415,30.704545454545453,50.0,0.5361067243886412,0.9212443228803279,0.16666666666666666,63.0,63.0,63.0,6.300000000000001,56.0,5.6000000000000005,5,12,0.08333333333333333,0.08333333333333333,0.0,1.0,0.0,0.16666666666666666,29.0,29.0,30.666666666666668,34.5
10,50,0.95,0.5,0.95,0.5,4,kf_sa_seed_0004.npz,50,5,35,651,700,871,480,0.4930875576036866,0.4869431643625192,0.019969278033794162,0.16714285714285715,0.7857142857142857,0.047142857142857146,0.7055961070559611,0.2944038929440389,0.0,0.12173913043478261,0.8173913043478261,0.06086956521739131,0.5706084959816303,0.3832328361366762,0.4293915040183697,0.8502673796791443,867,370,497,0.42675893886966554,0.7708333333333334,0.3582531458179127,0.731404958677686,0.26859504132231404,0.2701152073732719,0.6987996488918148,0.6684373169968496,0.14846403327366,0.2512881292809871,0.10282409600732709,31,22.945965951147297,42.21875,50.0,0.5361067243886412,0.9212443228803279,0.16666666666666666,67.0,67.0,67.0,6.7,50.833333333333336,5.083333333333334,5,12,0.08333333333333333,0.08333333333333333,0.0,1.0,0.0,0.16666666666666666,29.0,29.0,28.333333333333332,34.5
10,50,0.98,0.5,0.95,0.5,4,kf_sa_seed_0004.npz,50,5,35,651,700,871,480,0.5376344086021505,0.4470046082949309,0.015360983102918587,0.29428571428571426,0.6685714285714286,0.037142857142857144,0.7737226277372263,0.22627737226277372,0.0,0.14782608695652175,0.8065217391304348,0.04565217391304348,0.5327210103329506,0.4096874008251349,0.4672789896670494,0.8329238329238329,759,295,464,0.38866930171277997,0.6145833333333334,0.4381939304219097,0.6351351351351351,0.3648648648648649,0.2873886328725038,0.6458240070221637,0.6174334432891602,0.1346363127116233,0.19738348491472868,0.06274717220310538,34,25.166543301258326,38.6,50.0,0.5361067243886412,0.9212443228803279,0.16666666666666666,74.0,74.0,74.0,7.4,47.5,4.75,5,12,0.08333333333333333,0.08333333333333333,0.0,0.9166666666666666,0.0,0.16666666666666666,30.0,30.0,22.083333333333332,34.583333333333336
10,50,0.99,0.5,0.95,0.5,4,kf_sa_seed_0004.npz,50,5,35,651,700,871,480,0.5821812596006144,0.4039938556067588,0.013824884792626729,0.4685714285714286,0.5142857142857142,0.017142857142857144,0.8199513381995134,0.18004866180048662,0.0,0.2826086956521739,0.7021739130434783,0.015217391304347827,0.45579793340987373,0.4175843647519306,0.5442020665901263,0.7257383966244726,623,226,397,0.36276083467094705,0.4708333333333333,0.538860103626943,0.5370879120879121,0.46291208791208793,0.29966205837173576,0.583614219881501,0.5669387210723278,0.1211938686081282,0.14771516518654484,0.026521296578416648,26,19.24500370096225,50.03703703703704,50.0,0.5361067243886412,0.9212443228803279,0.16666666666666666,88.0,88.0,88.0,8.8,45.666666666666664,4.566666666666666,5,12,0.16666666666666666,0.16666666666666666,0.0,0.75,0.0,0.3333333333333333,29.0,29.0,16.75,34.0
3,20,0.9,0.5,0.95,0.5,5,kf_sa_seed_0005.npz,20,5,35,681,700,901,480,0.6901615271659325,0.28634361233480177,0.023494860499265784,0.25285714285714284,0.6571428571428571,0.09,0.7891156462585034,0.2108843537414966,0.0,0.25869565217391305,0.6239130434782608,0.11739130434782609,0.42175360710321863,0.45325347530316473,0.5782463928967814,0.7715930902111324,655,275,380,0.4198473282442748,0.5729166666666666,0.5257060101375814,0.7341597796143251,0.2658402203856749,0.39008076358296623,0.7790790853786449,0.7739642588668427,0.10262531860173478,0.40709545449425427,0.3044701358925195,95,68.79073135409124,14.385416666666666,25.0,0.5362943561618222,0.7744671363392382,0.6666666666666666,70.75,51.0,159.0,7.075,17.333333333333332,1.7333333333333334,2,12,0.5833333333333334,0.5,0.08333333333333333,0.9166666666666666,0.16666666666666666,0.8333333333333334,18.0,21.0,19.0,25.083333333333332
3,20,0.95,0.5,0.95,0.5,5,kf_sa_seed_0005.npz,20,5,35,681,700,901,480,0.7430249632892805,0.23641703377386197,0.020558002936857563,0.2985714285714286,0.6228571428571429,0.07857142857142857,0.8639455782312925,0.1360544217687075,0.0,0.29347826086956524,0.6,0.10652173913043478,0.3729189789123196,0.48523365868086366,0.6270810210876804,0.7610619469026548,597,261,336,0.4371859296482412,0.54375,0.5677045619116582,0.7155612244897959,0.28443877551020413,0.4107981959303545,0.777923222152297,0.7690887185299639,0.09309619716952586,0.38536638533380385,0.29227018816427797,79,57.20492396813903,17.2625,25.0,0.5362943561618222,0.7744671363392382,0.3333333333333333,52.0,52.0,55.0,5.2,17.833333333333332,1.7833333333333332,4,12,0.5,0.4166666666666667,0.08333333333333333,0.9166666666666666,0.0,0.8333333333333334,17.833333333333332,21.5,19.333333333333332,26.416666666666668
3,20,0.98,0.5,0.95,0.5,5,kf_sa_seed_0005.npz,20,5,35,681,700,901,480,0.8223201174743024,0.16152716593245228,0.016152716593245228,0.37714285714285717,0.55,0.07285714285714286,0.9795918367346939,0.02040816326530612,0.0,0.3347826086956522,0.5652173913043478,0.1,0.2985571587125416,0.539795918367347,0.7014428412874584,0.7563291139240507,495,226,269,0.45656565656565656,0.4708333333333333,0.6415640839971035,0.6896162528216704,0.3103837471783296,0.44758863016572265,0.7710950283196979,0.7605428726849456,0.08257065461348163,0.3418935839055098,0.25932292929202816,53,38.37798696596669,25.574074074074073,25.0,0.5362943561618222,0.7744671363392382,0.3333333333333333,53.0,53.0,56.0,5.300000000000001,18.166666666666668,1.8166666666666669,4,12,0.5,0.4166666666666667,0.08333333333333333,0.9166666666666666,0.0,0.8333333333333334,18.166666666666668,22.0,16.916666666666668,26.583333333333332
3,20,0.99,0.5,0.95,0.5,5,kf_sa_seed_0005.npz,20,5,35,681,700,901,480,0.8281938325991189,0.15859030837004406,0.013215859030837005,0.44571428571428573,0.49714285714285716,0.05714285714285714,0.9886621315192744,0.011337868480725623,0.0,0.3739130434782609,0.55,0.07608695652173914,0.28634850166481685,0.5323745440205068,0.7136514983351832,0.7325038880248833,456,198,258,0.4342105263157895,0.4125,0.6698044895003621,0.652972972972973,0.34702702702702704,0.44266834487098805,0.7569162995594714,0.7456608603560858,0.07714259957123265,0.2944600501808184,0.21731745060958574,33,23.89572773352643,40.61764705882353,25.0,0.5362943561618222,0.7744671363392382,0.3333333333333333,72.0,72.0,87.0,7.2,18.666666666666668,1.866666666666667,4,12,0.5,0.4166666666666667,0.08333333333333333,0.8333333333333334,0.0,0.8333333333333334,18.666666666666668,22.5,14.833333333333334,26.833333333333332
3,25,0.9,0.5,0.95,0.5,5,kf_sa_seed_0005.npz,25,5,35,676,700,896,480,0.7795857988165681,0.20118343195266272,0.019230769230769232,0.34,0.5785714285714286,0.08142857142857143,0.9243119266055045,0.07568807339449542,0.0,0.33043478260869563,0.5565217391304348,0.11304347826086956,0.32254464285714285,0.518677702433187,0.6774553571428571,0.7495881383855024,541,252,289,0.4658040665434381,0.525,0.6068313953488372,0.6994011976047905,0.30059880239520953,0.43050718512256975,0.7728191039729502,0.7611801649469473,0.09069230550203328,0.3763402680241389,0.2856479625221056,60,43.604651162790695,22.557377049180328,25.0,0.537332708278593,0.7744671363392382,0.3333333333333333,53.0,53.0,56.0,5.300000000000001,18.833333333333332,1.8833333333333333,4,12,0.5,0.4166666666666667,0.08333333333333333,0.9166666666666666,0.0,0.8333333333333334,18.833333333333332,23.0,19.0,26.916666666666668
3,25,0.95,0.5,0.95,0.5,5,kf_sa_seed_0005.npz,25,5,35,676,700,896,480,0.8239644970414202,0.15532544378698224,0.020710059171597635,0.3742857142857143,0.5471428571428572,0.07857142857142857,0.9885321100917431,0.011467889908256881,0.0,0.3391304347826087,0.5521739130434783,0.10869565217391304,0.2890625,0.548613881132828,0.7109375,0.7551020408163265,488,229,259,0.4692622950819672,0.47708333333333336,0.6453488372093024,0.6891891891891891,0.31081081081081086,0.45126796280642434,0.7713588334742181,0.7562118433827358,0.08590534256297283,0.3566695214883896,0.27076417892541677,58,42.151162790697676,23.322033898305083,25.0,0.537332708278593,0.7744671363392382,0.3333333333333333,53.0,53.0,56.0,5.300000000000001,19.0,1.9000000000000001,4,12,0.5,0.4166666666666667,0.08333333333333333,0.9166666666666666,0.0,0.8333333333333334,19.0,23.0,17.25,27.0
3,25,0.98,0.5,0.95,0.5,5,kf_sa_seed_0005.npz,25,5,35,676,700,896,480,0.8284023668639053,0.15088757396449703,0.020710059171597635,0.43142857142857144,0.49857142857142855,0.07,1.0,0.0,0.0,0.3652173913043478,0.5391304347826087,0.09565217391304348,0.2767857142857143,0.5478260869565217,0.7232142857142857,0.7407407407407407,451,203,248,0.4501108647450111,0.42291666666666666,0.6722383720930233,0.6583783783783784,0.3416216216216216,0.4492011834319527,0.7629860524091293,0.7485566749135142,0.08081533577289067,0.31707777940533277,0.2362624436324421,30,21.802325581395348,44.38709677419355,25.0,0.537332708278593,0.7744671363392382,0.3333333333333333,54.5,54.5,56.0,5.45,19.5,1.9500000000000002,4,12,0.5,0.4166666666666667,0.08333333333333333,0.8333333333333334,0.0,0.8333333333333334,19.5,23.5,15.25,27.25
3,25,0.99,0.5,0.95,0.5,5,kf_sa_seed_0005.npz,25,5,35,676,700,896,480,0.8284023668639053,0.15532544378698224,0.016272189349112426,0.4857142857142857,0.4471428571428571,0.06714285714285714,1.0,0.0,0.0,0.3804347826086957,0.5304347826086957,0.0891304347826087,0.27232142857142855,0.5445652173913044,0.7276785714285714,0.7315950920245399,418,174,244,0.41626794258373206,0.3625,0.6962209302325582,0.6336116910229646,0.36638830897703545,0.44777261200338125,0.7455642434488589,0.7333646780459461,0.07715700682790133,0.2737280320079113,0.19657102518000996,38,27.61627906976744,35.282051282051285,25.0,0.537332708278593,0.7744671363392382,0.3333333333333333,72.0,72.0,87.0,7.2,19.666666666666668,1.9666666666666668,4,12,0.5,0.4166666666666667,0.08333333333333333,0.75,0.0,0.8333333333333334,19.666666666666668,24.0,12.916666666666666,27.333333333333332
3,35,0.9,0.5,0.95,0.5,5,kf_sa_seed_0005.npz,35,5,35,666,700,886,480,0.8168168168168168,0.15465465465465467,0.028528528528528527,0.4442857142857143,0.4785714285714286,0.07714285714285714,0.9953051643192489,0.004694835680751174,0.0,0.3456521739130435,0.5565217391304348,0.09782608695652174,0.291196388261851,0.5465656256378854,0.708803611738149,0.7468152866242038,438,180,258,0.410958904109589,0.375,0.6793557833089312,0.6443965517241379,0.3556034482758621,0.446979836979837,0.7533504933504933,0.7372023233416028,0.0835353445264212,0.32025886465027764,0.23672352012385645,28,20.497803806734993,47.10344827586207,35.0,0.5350279985376701,0.7744671363392382,0.3333333333333333,72.0,72.0,87.0,7.2,20.166666666666668,2.016666666666667,4,12,0.4166666666666667,0.3333333333333333,0.08333333333333333,0.75,0.0,0.6666666666666666,16.8,21.0,13.583333333333334,27.416666666666668
3,35,0.95,0.5,0.95,0.5,5,kf_sa_seed_0005.npz,35,5,35,666,700,886,480,0.8168168168168168,0.15465465465465467,0.028528528528528527,0.4585714285714286,0.4642857142857143,0.07714285714285714,0.9953051643192489,0.004694835680751174,0.0,0.34782608695652173,0.5543478260869565,0.09782608695652174,0.29006772009029347,0.5465656256378854,0.7099322799097065,0.7456279809220986,428,171,257,0.39953271028037385,0.35625,0.6866764275256223,0.6375266524520256,0.36247334754797444,0.446979836979837,0.7494701844701844,0.7318438446661796,0.08236665226193093,0.3044644697957547,0.22209781753382377,20,14.641288433382138,65.04761904761905,35.0,0.5350279985376701,0.7744671363392382,0.3333333333333333,72.0,72.0,87.0,7.2,20.166666666666668,2.016666666666667,4,12,0.4166666666666667,0.3333333333333333,0.08333333333333333,0.75,0.0,0.6666666666666666,16.8,21.0,12.833333333333334,27.416666666666668
3,35,0.98,0.5,0.95,0.5,5,kf_sa_seed_0005.npz,35,5,35,666,700,886,480,0.8153153153153153,0.15615615615615616,0.028528528528528527,0.4828571428571429,0.44142857142857145,0.07571428571428572,0.9929577464788732,0.007042253521126761,0.0,0.358695652173913,0.5478260869565217,0.09347826086956522,0.2878103837471783,0.5432180036742192,0.7121896162528216,0.7385103011093502,413,158,255,0.38256658595641646,0.32916666666666666,0.6976573938506588,0.6253934942287513,0.37460650577124865,0.4455148005148005,0.7373101673101673,0.7207517277085513,0.08105516188976457,0.2719936815084392,0.19093851961867464,20,14.641288433382138,65.04761904761905,35.0,0.5350279985376701,0.7744671363392382,0.3333333333333333,73.0,73.0,88.0,7.300000000000001,20.5,2.0500000000000003,4,12,0.4166666666666667,0.3333333333333333,0.08333333333333333,0.75,0.0,0.6666666666666666,17.0,21.0,11.916666666666666,27.5
3,35,0.99,0.5,0.95,0.5,5,kf_sa_seed_0005.npz,35,5,35,666,700,886,480,0.8123123123123123,0.16516516516516516,0.02252252252252252,0.5357142857142857,0.3985714285714286,0.06571428571428571,0.9929577464788732,0.007042253521126761,0.0,0.4108695652173913,0.5108695652173914,0.0782608695652174,0.2686230248306998,0.5356093080220453,0.7313769751693002,0.7083333333333334,389,151,238,0.38817480719794345,0.3145833333333333,0.7152269399707174,0.6008188331627431,0.3991811668372569,0.439013299013299,0.7175418275418275,0.7057202646286236,0.07920625851325608,0.23561123666477016,0.15640497815151408,34,24.890190336749633,39.02857142857143,35.0,0.5350279985376701,0.7744671363392382,0.3333333333333333,77.0,77.0,93.0,7.7,21.0,2.1,4,12,0.4166666666666667,0.3333333333333333,0.08333333333333333,0.5833333333333334,0.0,0.6666666666666666,17.6,21.0,11.333333333333334,27.75
3,50,0.9,0.5,0.95,0.5,5,kf_sa_seed_0005.npz,50,5,35,651,700,871,480,0.8018433179723502,0.16129032258064516,0.03686635944700461,0.5628571428571428,0.3585714285714286,0.07857142857142857,0.9878345498783455,0.012165450121654502,0.0,0.43478260869565216,0.4673913043478261,0.09782608695652174,0.2525832376578645,0.5428303184174337,0.7474167623421355,0.6927803379416283,356,136,220,0.38202247191011235,0.2833333333333333,0.7364914877868246,0.5798994974874372,0.4201005025125628,0.4402073732718894,0.7163704191353961,0.7064090286899141,0.09011474410296684,0.2514436121114001,0.16132886800843327,30,22.20577350111029,43.58064516129032,50.0,0.5389938897222475,0.7744671363392382,0.3333333333333333,71.5,71.5,88.0,7.15,21.833333333333332,2.183333333333333,4,12,0.4166666666666667,0.3333333333333333,0.08333333333333333,0.5833333333333334,0.0,0.6666666666666666,18.2,27.0,10.083333333333334,28.0
3,50,0.95,0.5,0.95,0.5,5,kf_sa_seed_0005.npz,50,5,35,651,700,871,480,0.8003072196620584,0.1674347158218126,0.03225806451612903,0.5928571428571429,0.33,0.07714285714285714,0.9854014598540146,0.014598540145985401,0.0,0.46956521739130436,0.43478260869565216,0.09565217391304348,0.2365097588978186,0.5405268168835291,0.7634902411021814,0.675187969924812,340,134,206,0.3941176470588235,0.2791666666666667,0.7483345669874167,0.5687438180019783,0.43125618199802174,0.4387250384024578,0.7069804696071977,0.6977181920140213,0.09075847489184573,0.23878979220803168,0.14803131731618596,32,23.686158401184308,40.93939393939394,50.0,0.5389938897222475,0.7744671363392382,0.3333333333333333,72.0,72.0,88.0,7.2,21.833333333333332,2.183333333333333,4,12,0.4166666666666667,0.3333333333333333,0.08333333333333333,0.5833333333333334,0.0,0.6666666666666666,18.0,27.0,9.916666666666666,27.916666666666668
3,50,0.98,0.5,0.95,0.5,5,kf_sa_seed_0005.npz,50,5,35,651,700,871,480,0.7956989247311828,0.18433179723502305,0.019969278033794162,0.6357142857142857,0.29714285714285715,0.06714285714285714,0.9854014598540146,0.014598540145985401,0.0,0.508695652173913,0.4108695652173913,0.08043478260869565,0.22388059701492538,0.5329181212313552,0.7761194029850746,0.6538461538461539,328,133,195,0.4054878048780488,0.27708333333333335,0.7572168763878608,0.552297165200391,0.44770283479960904,0.43142089093701996,0.6862870309414089,0.676905029418889,0.09022410361036705,0.2129062166923539,0.12268211308198686,24,17.764618800888233,54.04,50.0,0.5389938897222475,0.7744671363392382,0.3333333333333333,76.5,76.5,94.0,7.65,22.666666666666668,2.266666666666667,4,12,0.3333333333333333,0.25,0.08333333333333333,0.5833333333333334,0.0,0.5,15.5,17.5,9.833333333333334,28.5
3,50,0.99,0.5,0.95,0.5,5,kf_sa_seed_0005.npz,50,5,35,651,700,871,480,0.7987711213517665,0.1889400921658986,0.01228878648233487,0.6642857142857143,0.2842857142857143,0.05142857142857143,0.9878345498783455,0.012165450121654502,0.0,0.5434782608695652,0.38913043478260867,0.06739130434782609,0.21125143513203215,0.5276129271130858,0.7887485648679678,0.636098981077147,322,138,184,0.42857142857142855,0.2875,0.7616580310880829,0.5403304178814383,0.4596695821185617,0.42509984639016896,0.6582685977616853,0.6505530185637446,0.08790308798952975,0.18371620607756683,0.09581311808803708,16,11.843079200592154,79.47058823529412,50.0,0.5389938897222475,0.7744671363392382,0.16666666666666666,63.0,63.0,63.0,6.300000000000001,21.833333333333332,2.183333333333333,5,12,0.3333333333333333,0.25,0.08333333333333333,0.4166666666666667,0.0,0.5,14.25,15.0,9.833333333333334,28.083333333333332
5,20,0.9,0.5,0.95,0.5,5,kf_sa_seed_0005.npz,20,5,35,681,700,901,480,0.18649045521292218,0.8135095447870778,0.0,0.07142857142857142,0.9285714285714286,0.0,0.23809523809523808,0.7619047619047619,0.0,0.08043478260869565,0.9195652173913044,0.0,0.8423973362930077,0.11904761904761904,0.15760266370699222,0.7394366197183099,1204,445,759,0.3696013289036545,0.9270833333333334,0.12816799420709632,0.7175141242937854,0.28248587570621464,0.09324522760646109,0.7651814558422488,0.7773224930820292,0.1385133220127617,0.3922809169340709,0.2537675949213092,78,56.480811006517015,17.481012658227847,,0.5362943561618222,0.7744671363392382,0.0,,,,,35.5,3.5500000000000003,6,12,0.16666666666666666,0.16666666666666666,0.0,1.0,0.0,0.3333333333333333,29.0,29.0,32.416666666666664,34.0
5,20,0.95,0.5,0.95,0.5,5,kf_sa_seed_0005.npz,20,5,35,681,700,901,480,0.40822320117474303,0.591776798825257,0.0,0.14857142857142858,0.8514285714285714,0.0,0.5056689342403629,0.4943310657596372,0.0,0.14347826086956522,0.8565217391304348,0.0,0.6792452830188679,0.2528344671201814,0.32075471698113206,0.7716262975778547,999,387,612,0.38738738738738737,0.80625,0.27661115133960895,0.7277486910994765,0.2722513089005235,0.20411160058737152,0.7650639815397524,0.7786783725425552,0.11389942576394126,0.36227403962441285,0.2483746138604716,107,77.4800868935554,12.787037037037036,28.0,0.5362943561618222,0.7744671363392382,0.0,,,,,23.2,2.32,6,12,0.4166666666666667,0.4166666666666667,0.0,1.0,0.0,0.8333333333333334,23.2,21.0,26.5,30.083333333333332
5,20,0.98,0.5,0.95,0.5,5,kf_sa_seed_0005.npz,20,5,35,681,700,901,480,0.7254038179148311,0.2745961820851689,0.0,0.32142857142857145,0.6785714285714286,0.0,0.8616780045351474,0.1383219954648526,0.0,0.25869565217391305,0.741304347826087,0.0,0.44617092119866814,0.4308390022675737,0.5538290788013318,0.7615230460921844,662,260,402,0.39274924471299094,0.5416666666666666,0.5206372194062274,0.6870653685674548,0.3129346314325452,0.36270190895741555,0.7538724564715754,0.770391336821506,0.08559094759234617,0.30549535975915526,0.2199044121668091,51,36.92976104272267,26.557692307692307,25.0,0.5362943561618222,0.7744671363392382,0.0,,,,,20.333333333333332,2.033333333333333,6,12,0.5,0.4166666666666667,0.08333333333333333,0.9166666666666666,0.0,0.8333333333333334,20.333333333333332,23.5,19.25,27.666666666666668
5,20,0.99,0.5,0.95,0.5,5,kf_sa_seed_0005.npz,20,5,35,681,700,901,480,0.7606461086637298,0.2393538913362702,0.0,0.43714285714285717,0.5628571428571428,0.0,0.9455782312925171,0.05442176870748299,0.0,0.3456521739130435,0.6543478260869565,0.0,0.3607103218645949,0.47278911564625853,0.6392896781354052,0.7239583333333334,557,232,325,0.41651705565529623,0.48333333333333334,0.5966690803765388,0.6286407766990292,0.3713592233009708,0.3803230543318649,0.7291315292636878,0.7396480086340064,0.08259054865956653,0.2737677100945935,0.19117716143502697,35,25.343953656770456,38.361111111111114,25.0,0.5362943561618222,0.7744671363392382,0.0,,,,,21.0,2.1,6,12,0.4166666666666667,0.3333333333333333,0.08333333333333333,0.9166666666666666,0.0,0.6666666666666666,18.2,20.0,16.166666666666668,28.0
5,25,0.9,0.5,0.95,0.5,5,kf_sa_seed_0005.npz,25,5,35,676,700,896,480,0.4985207100591716,0.5014792899408284,0.0,0.19,0.81,0.0,0.6146788990825688,0.3853211009174312,0.0,0.18043478260869567,0.8195652173913044,0.0,0.6082589285714286,0.3073394495412844,0.39174107142857145,0.7635327635327636,906,361,545,0.3984547461368653,0.7520833333333333,0.34156976744186046,0.7170212765957447,0.28297872340425534,0.2492603550295858,0.7628296703296703,0.7778574619391663,0.10933237383458591,0.35902663104589355,0.24969425721130764,116,84.30232558139535,11.760683760683762,25.0,0.537332708278593,0.7744671363392382,0.0,,,,,24.333333333333332,2.4333333333333336,6,12,0.4166666666666667,0.4166666666666667,0.0,1.0,0.0,0.8333333333333334,22.6,21.0,25.25,29.833333333333332
5,25,0.95,0.5,0.95,0.5,5,kf_sa_seed_0005.npz,25,5,35,676,700,896,480,0.6715976331360947,0.32840236686390534,0.0,0.27,0.73,0.0,0.8165137614678899,0.1834862385321101,0.0,0.2217391304347826,0.7782608695652173,0.0,0.4888392857142857,0.40825688073394495,0.5111607142857143,0.777292576419214,733,295,438,0.4024556616643929,0.6145833333333334,0.467296511627907,0.7060653188180405,0.29393468118195953,0.33579881656804733,0.7584995773457311,0.7754705768421647,0.09459627360620194,0.33264768904194,0.23805141543573805,74,53.77906976744186,18.346666666666668,25.0,0.537332708278593,0.7744671363392382,0.0,,,,,20.833333333333332,2.0833333333333335,6,12,0.5,0.4166666666666667,0.08333333333333333,0.9166666666666666,0.0,0.8333333333333334,20.833333333333332,22.5,20.916666666666668,27.916666666666668
5,25,0.98,0.5,0.95,0.5,5,kf_sa_seed_0005.npz,25,5,35,676,700,896,480,0.7840236686390533,0.21597633136094674,0.0,0.3742857142857143,0.6257142857142857,0.0,0.9426605504587156,0.05733944954128441,0.0,0.28695652173913044,0.7130434782608696,0.0,0.3939732142857143,0.4713302752293578,0.6060267857142857,0.7569060773480663,584,231,353,0.3955479452054795,0.48125,0.5755813953488372,0.6691919191919192,0.3308080808080808,0.39201183431952663,0.753180473372781,0.7647022800198388,0.07736224211712395,0.2817612612227968,0.20439901910567287,36,26.162790697674417,37.189189189189186,25.0,0.537332708278593,0.7744671363392382,0.0,,,,,20.166666666666668,2.016666666666667,6,12,0.5,0.4166666666666667,0.08333333333333333,0.9166666666666666,0.0,0.8333333333333334,20.166666666666668,23.0,17.166666666666668,27.583333333333332
5,25,0.99,0.5,0.95,0.5,5,kf_sa_seed_0005.npz,25,5,35,676,700,896,480,0.8047337278106509,0.1952662721893491,0.0,0.47714285714285715,0.5228571428571429,0.0,0.9977064220183486,0.0022935779816513763,0.0,0.3717391304347826,0.6282608695652174,0.0,0.3236607142857143,0.4988532110091743,0.6763392857142857,0.7178217821782178,498,208,290,0.41767068273092367,0.43333333333333335,0.6380813953488372,0.6195899772209568,0.38041002277904323,0.40236686390532544,0.7282586644125105,0.7441974894155591,0.07626942919218992,0.2836644142517354,0.20739498505954546,18,13.081395348837209,72.42105263157895,25.0,0.537332708278593,0.7744671363392382,0.0,,,,,20.833333333333332,2.0833333333333335,6,12,0.5,0.4166666666666667,0.08333333333333333,0.6666666666666666,0.0,0.8333333333333334,20.833333333333332,24.5,14.75,27.916666666666668
5,35,0.9,0.5,0.95,0.5,5,kf_sa_seed_0005.npz,35,5,35,666,700,886,480,0.7732732732732732,0.22672672672672672,0.0,0.36714285714285716,0.6314285714285715,0.0014285714285714286,0.9460093896713615,0.0539906103286385,0.0,0.26956521739130435,0.7282608695652174,0.002173913043478261,0.4040632054176072,0.4740916513574199,0.5959367945823928,0.7651515151515151,593,235,358,0.3962900505902192,0.4895833333333333,0.5658857979502196,0.6675291073738681,0.33247089262613194,0.38735092235092233,0.7386186186186187,0.757454933876726,0.08211726568409929,0.29962616792817043,0.21750890224407116,38,27.81844802342606,35.02564102564103,35.0,0.5350279985376701,0.7744671363392382,0.0,,,,,21.833333333333332,2.183333333333333,6,12,0.4166666666666667,0.3333333333333333,0.08333333333333333,0.9166666666666666,0.0,0.6666666666666666,18.8,20.0,17.5,28.25
5,35,0.95,0.5,0.95,0.5,5,kf_sa_seed_0005.npz,35,5,35,666,700,886,480,0.7912912912912913,0.2087087087087087,0.0,0.4085714285714286,0.5914285714285714,0.0,0.9765258215962441,0.023474178403755867,0.0,0.29782608695652174,0.7021739130434783,0.0,0.3758465011286682,0.48826291079812206,0.6241534988713319,0.7522603978300181,553,220,333,0.39783001808318263,0.4583333333333333,0.5951683748169839,0.6482164821648216,0.35178351783517836,0.39564564564564564,0.7341827541827541,0.7518332134670667,0.07677479546118166,0.2782406754145891,0.20146587995340742,34,24.890190336749633,39.02857142857143,35.0,0.5350279985376701,0.7744671363392382,0.0,,,,,22.166666666666668,2.216666666666667,6,12,0.4166666666666667,0.3333333333333333,0.08333333333333333,0.9166666666666666,0.0,0.6666666666666666,19.0,21.0,16.25,28.333333333333332
5,35,0.98,0.5,0.95,0.5,5,kf_sa_seed_0005.npz,35,5,35,666,700,886,480,0.8003003003003003,0.1996996996996997,0.0,0.5185714285714286,0.48142857142857143,0.0,0.9929577464788732,0.007042253521126761,0.0,0.391304347826087,0.6086956521739131,0.0,0.3194130925507901,0.4964788732394366,0.6805869074492099,0.7014925373134329,470,187,283,0.39787234042553193,0.38958333333333334,0.6559297218155198,0.5948660714285714,0.4051339285714286,0.40015015015015015,0.7183204633204633,0.7264106218341575,0.07179934838268352,0.24330341081991322,0.1715040624372297,16,11.71303074670571,80.3529411764706,35.0,0.5350279985376701,0.7744671363392382,0.0,,,,,22.333333333333332,2.2333333333333334,6,12,0.4166666666666667,0.3333333333333333,0.08333333333333333,0.6666666666666666,0.0,0.6666666666666666,19.2,21.0,13.5,28.416666666666668
5,35,0.99,0.5,0.95,0.5,5,kf_sa_seed_0005.npz,35,5,35,666,700,886,480,0.7897897897897898,0.21021021021021022,0.0,0.5457142857142857,0.4542857142857143,0.0,0.9835680751173709,0.01643192488262911,0.0,0.4152173913043478,0.5847826086956521,0.0,0.3115124153498871,0.49178403755868544,0.6884875846501128,0.6868852459016394,458,182,276,0.39737991266375544,0.37916666666666665,0.664714494875549,0.579295154185022,0.420704845814978,0.3948948948948949,0.7000450450450451,0.7199256049808024,0.06940700969949555,0.2398467816522341,0.17043977195273857,20,14.641288433382138,65.04761904761905,35.0,0.5350279985376701,0.7744671363392382,0.0,,,,,22.666666666666668,2.266666666666667,6,12,0.4166666666666667,0.3333333333333333,0.08333333333333333,0.6666666666666666,0.0,0.6666666666666666,20.0,24.0,13.083333333333334,28.75
5,50,0.9,0.5,0.95,0.5,5,kf_sa_seed_0005.npz,50,5,35,651,700,871,480,0.7849462365591398,0.21505376344086022,0.0,0.5442857142857143,0.45571428571428574,0.0,0.9878345498783455,0.012165450121654502,0.0,0.4108695652173913,0.5891304347826087,0.0,0.3168771526980482,0.49391727493917276,0.6831228473019518,0.6823529411764706,459,183,276,0.39869281045751637,0.38125,0.6602516654330126,0.5728699551569507,0.4271300448430493,0.3924731182795699,0.7083037085802063,0.7214352394043697,0.07426512272787508,0.22593258719117223,0.15166746446329715,12,8.882309400444116,103.92307692307692,50.0,0.5389938897222475,0.7744671363392382,0.0,,,,,23.666666666666668,2.3666666666666667,6,12,0.3333333333333333,0.25,0.08333333333333333,0.5833333333333334,0.0,0.5,17.25,20.5,13.166666666666666,29.083333333333332
5,50,0.95,0.5,0.95,0.5,5,kf_sa_seed_0005.npz,50,5,35,651,700,871,480,0.7849462365591398,0.21505376344086022,0.0,0.5585714285714286,0.44142857142857145,0.0,0.9854014598540146,0.014598540145985401,0.0,0.4282608695652174,0.5717391304347826,0.0,0.30884041331802525,0.4927007299270073,0.6911595866819747,0.6727574750830565,449,180,269,0.40089086859688194,0.375,0.6676535899333826,0.5665188470066519,0.4334811529933481,0.3924731182795699,0.697926267281106,0.7094288997731353,0.0735640743338444,0.2095317030310884,0.135967628697244,10,7.401924500370097,122.81818181818181,50.0,0.5389938897222475,0.7744671363392382,0.0,,,,,23.333333333333332,2.3333333333333335,6,12,0.4166666666666667,0.3333333333333333,0.08333333333333333,0.5833333333333334,0.0,0.6666666666666666,19.8,27.0,12.916666666666666,28.666666666666668
5,50,0.98,0.5,0.95,0.5,5,kf_sa_seed_0005.npz,50,5,35,651,700,871,480,0.7864823348694316,0.21351766513056836,0.0,0.6042857142857143,0.39571428571428574,0.0,0.9878345498783455,0.012165450121654502,0.0,0.45652173913043476,0.5434782608695652,0.0,0.2927669345579793,0.49391727493917276,0.7072330654420207,0.6590909090909091,416,161,255,0.3870192307692308,0.33541666666666664,0.692079940784604,0.5475935828877005,0.45240641711229945,0.3932411674347158,0.6730612244897959,0.6780648285719499,0.07499198584735978,0.1889711461138421,0.11397916026648233,12,8.882309400444116,103.92307692307692,50.0,0.5389938897222475,0.7744671363392382,0.0,,,,,23.333333333333332,2.3333333333333335,6,12,0.4166666666666667,0.3333333333333333,0.08333333333333333,0.5833333333333334,0.0,0.6666666666666666,20.0,26.0,11.333333333333334,28.75
5,50,0.99,0.5,0.95,0.5,5,kf_sa_seed_0005.npz,50,5,35,651,700,871,480,0.7757296466973886,0.22427035330261136,0.0,0.6214285714285714,0.37857142857142856,0.0,0.9878345498783455,0.012165450121654502,0.0,0.48695652173913045,0.5130434782608696,0.0,0.2766934557979334,0.49391727493917276,0.7233065442020666,0.6444444444444445,411,170,241,0.41362530413625304,0.3541666666666667,0.695780903034789,0.5372340425531915,0.4627659574468085,0.3878648233486943,0.6458086460390607,0.6498513116906103,0.0743034452291707,0.17587526235705928,0.10157181712788857,20,14.803849000740193,64.33333333333333,50.0,0.5389938897222475,0.7744671363392382,0.0,,,,,24.5,2.45,6,12,0.3333333333333333,0.25,0.08333333333333333,0.5,0.0,0.5,18.5,21.0,12.083333333333334,29.5
7,35,0.9,0.5,0.95,0.5,5,kf_sa_seed_0005.npz,35,5,35,666,700,886,480,0.2852852852852853,0.7147147147147147,0.0,0.10714285714285714,0.8928571428571429,0.0,0.38497652582159625,0.6150234741784038,0.0,0.06739130434782609,0.9326086956521739,0.0,0.7799097065462754,0.19248826291079812,0.2200902934537246,0.841025641025641,1101,410,691,0.3723887375113533,0.8541666666666666,0.19399707174231332,0.7169811320754716,0.28301886792452835,0.14264264264264265,0.753003003003003,0.754501409570352,0.13454968119581606,0.3406595989510656,0.20610991775524956,84,61.49341142020498,16.070588235294117,54.0,0.5350279985376701,0.7744671363392382,0.0,,,,,45.5,4.55,6,12,0.08333333333333333,0.08333333333333333,0.0,1.0,0.0,0.16666666666666666,17.0,17.0,29.583333333333332,33.5
7,35,0.95,0.5,0.95,0.5,5,kf_sa_seed_0005.npz,35,5,35,666,700,886,480,0.4519519519519519,0.5480480480480481,0.0,0.19142857142857142,0.8085714285714286,0.0,0.6056338028169014,0.39436619718309857,0.0,0.14347826086956522,0.8565217391304348,0.0,0.6343115124153499,0.3028169014084507,0.3656884875846501,0.7962962962962963,931,369,562,0.3963480128893663,0.76875,0.3184480234260615,0.6919540229885057,0.3080459770114943,0.22597597597597596,0.7386636636636636,0.749257862333838,0.11693724953571664,0.31253346430744217,0.1955962147717255,72,52.7086383601757,18.71232876712329,48.0,0.5350279985376701,0.7744671363392382,0.0,,,,,37.833333333333336,3.7833333333333337,6,12,0.08333333333333333,0.08333333333333333,0.0,1.0,0.0,0.16666666666666666,11.0,11.0,27.083333333333332,33.0
7,35,0.98,0.5,0.95,0.5,5,kf_sa_seed_0005.npz,35,5,35,666,700,886,480,0.6276276276276276,0.37237237237237236,0.0,0.30428571428571427,0.6957142857142857,0.0,0.823943661971831,0.176056338028169,0.0,0.21956521739130436,0.7804347826086957,0.0,0.4898419864559819,0.4119718309859155,0.510158013544018,0.7765486725663717,735,301,434,0.4095238095238095,0.6270833333333333,0.46193265007320644,0.6624405705229794,0.33755942947702056,0.3138138138138138,0.7226362076362076,0.7294661144083074,0.10130367342348433,0.28011431948425636,0.17881064606077202,54,39.53147877013177,24.836363636363636,46.0,0.5350279985376701,0.7744671363392382,0.0,,,,,34.0,3.4000000000000004,6,12,0.08333333333333333,0.0,0.08333333333333333,0.9166666666666666,0.0,0.0,0.0,0.0,22.916666666666668,32.083333333333336
7,35,0.99,0.5,0.95,0.5,5,kf_sa_seed_0005.npz,35,5,35,666,700,886,480,0.6576576576576577,0.34234234234234234,0.0,0.3842857142857143,0.6157142857142858,0.0,0.8685446009389671,0.13145539906103287,0.0,0.25,0.75,0.0,0.4525959367945824,0.43427230046948356,0.5474040632054176,0.7628865979381443,659,258,401,0.3915022761760243,0.5375,0.5175695461200586,0.6195190947666195,0.3804809052333805,0.32882882882882886,0.6967975117975118,0.7124729554010336,0.09360896500376528,0.2591003965649735,0.16549143156120824,38,27.81844802342606,35.02564102564103,41.0,0.5350279985376701,0.7744671363392382,0.0,,,,,34.0,3.4000000000000004,6,12,0.16666666666666666,0.08333333333333333,0.08333333333333333,0.75,0.0,0.16666666666666666,16.0,16.0,19.416666666666668,31.833333333333332
7,50,0.9,0.5,0.95,0.5,5,kf_sa_seed_0005.npz,50,5,35,651,700,871,480,0.6513056835637481,0.3486943164362519,0.0,0.37714285714285717,0.6228571428571429,0.0,0.8710462287104623,0.12895377128953772,0.0,0.2391304347826087,0.7608695652173914,0.0,0.4626865671641791,0.43552311435523117,0.5373134328358209,0.7649572649572649,663,260,403,0.39215686274509803,0.5416666666666666,0.5092524056254626,0.6162790697674418,0.38372093023255816,0.32565284178187404,0.6979372394118938,0.7086991393618324,0.10408348922200007,0.24838507236900892,0.14430158314700886,50,37.00962250185048,26.49019607843137,50.0,0.5389938897222475,0.7744671363392382,0.0,,,,,35.5,3.5500000000000003,6,12,0.08333333333333333,0.0,0.08333333333333333,0.8333333333333334,0.0,0.0,0.0,0.0,19.5,32.083333333333336
7,50,0.95,0.5,0.95,0.5,5,kf_sa_seed_0005.npz,50,5,35,651,700,871,480,0.685099846390169,0.31490015360983103,0.0,0.43714285714285717,0.5628571428571428,0.0,0.9099756690997567,0.09002433090024331,0.0,0.2826086956521739,0.717391304347826,0.0,0.4213547646383467,0.45498783454987834,0.5786452353616532,0.7420634920634921,599,232,367,0.38731218697829717,0.48333333333333334,0.5566247224278312,0.5930851063829787,0.40691489361702127,0.3425499231950845,0.6820956769804696,0.6907970738312281,0.09896313200689108,0.22462725610430267,0.1256641240974116,30,22.20577350111029,43.58064516129032,50.0,0.5389938897222475,0.7744671363392382,0.0,,,,,33.5,3.35,6,12,0.16666666666666666,0.08333333333333333,0.08333333333333333,0.75,0.0,0.16666666666666666,13.0,13.0,17.0,31.333333333333332
7,50,0.98,0.5,0.95,0.5,5,kf_sa_seed_0005.npz,50,5,35,651,700,871,480,0.6866359447004609,0.31336405529953915,0.0,0.4942857142857143,0.5057142857142857,0.0,0.902676399026764,0.09732360097323602,0.0,0.3347826086956522,0.6652173913043479,0.0,0.39724454649827784,0.451338199513382,0.6027554535017221,0.7066666666666667,558,212,346,0.37992831541218636,0.44166666666666665,0.5869726128793487,0.5636822194199244,0.43631778058007564,0.3433179723502304,0.6509194645600176,0.6610917062436051,0.09857421266768071,0.2001116691368153,0.10153745646913459,24,17.764618800888233,54.04,50.0,0.5389938897222475,0.7744671363392382,0.0,,,,,34.0,3.4000000000000004,6,12,0.25,0.16666666666666666,0.08333333333333333,0.5833333333333334,0.0,0.3333333333333333,19.333333333333332,26.0,15.5,31.083333333333332
7,50,0.99,0.5,0.95,0.5,5,kf_sa_seed_0005.npz,50,5,35,651,700,871,480,0.7035330261136713,0.2964669738863287,0.0,0.5385714285714286,0.4614285714285714,0.0,0.9197080291970803,0.08029197080291971,0.0,0.3673913043478261,0.6326086956521739,0.0,0.3719862227324914,0.45985401459854014,0.6280137772675086,0.6910420475319927,516,192,324,0.37209302325581395,0.4,0.6180606957809031,0.548502994011976,0.451497005988024,0.35176651305683565,0.6133684441518543,0.634808091155051,0.09406305717131232,0.17630475049519465,0.08224169332388233,22,16.28423390081421,58.73913043478261,50.0,0.5389938897222475,0.7744671363392382,0.0,,,,,32.166666666666664,3.216666666666667,6,12,0.25,0.16666666666666666,0.08333333333333333,0.5833333333333334,0.0,0.3333333333333333,18.666666666666668,25.0,13.916666666666666,30.916666666666668
10,50,0.9,0.5,0.95,0.5,5,kf_sa_seed_0005.npz,50,5,35,651,700,871,480,0.25499231950844853,0.7450076804915514,0.0,0.08857142857142856,0.9114285714285715,0.0,0.3771289537712895,0.6228710462287105,0.0,0.06521739130434782,0.9347826086956522,0.0,0.7876004592422503,0.18856447688564476,0.21239954075774972,0.8378378378378378,1123,437,686,0.38913624220837045,0.9104166666666667,0.1687638786084382,0.7280701754385965,0.27192982456140347,0.12749615975422426,0.7146280447662936,0.7204464528266683,0.13213237158282004,0.2621022195331356,0.12996984795031558,38,28.127313101406365,34.64102564102564,54.0,0.5389938897222475,0.7744671363392382,0.0,,,,,54.2,5.420000000000001,6,12,0.0,0.0,0.0,1.0,0.0,0.0,,,32.416666666666664,35.0
10,50,0.95,0.5,0.95,0.5,5,kf_sa_seed_0005.npz,50,5,35,651,700,871,480,0.40706605222734255,0.5929339477726574,0.0,0.16285714285714287,0.8371428571428572,0.0,0.5742092457420924,0.4257907542579075,0.0,0.10869565217391304,0.8913043478260869,0.0,0.6716417910447762,0.2871046228710462,0.3283582089552239,0.8251748251748252,972,387,585,0.39814814814814814,0.80625,0.28053293856402667,0.6992084432717678,0.3007915567282322,0.20353302611367127,0.6938951064296687,0.7002947665027296,0.1209464323954913,0.23123002079901822,0.11028358840352692,59,43.671354552183566,22.516666666666666,54.0,0.5389938897222475,0.7744671363392382,0.0,,,,,51.0,5.1000000000000005,6,12,0.08333333333333333,0.08333333333333333,0.0,1.0,0.0,0.16666666666666666,30.0,30.0,29.25,34.583333333333336
10,50,0.98,0.5,0.95,0.5,5,kf_sa_seed_0005.npz,50,5,35,651,700,871,480,0.5913978494623656,0.40860215053763443,0.0,0.4114285714285714,0.5885714285714285,0.0,0.7785888077858881,0.22141119221411193,0.0,0.29347826086956524,0.7065217391304348,0.0,0.47761194029850745,0.38929440389294406,0.5223880597014925,0.7032967032967034,678,262,416,0.3864306784660767,0.5458333333333333,0.4981495188749075,0.5720653789004457,0.42793462109955427,0.2956989247311828,0.6331994733377222,0.6452598183157471,0.1043992160589281,0.17531418158257484,0.07091496552364673,29,21.46558105107328,45.03333333333333,54.0,0.5389938897222475,0.7744671363392382,0.0,,,,,44.166666666666664,4.416666666666667,6,12,0.08333333333333333,0.0,0.08333333333333333,0.75,0.0,0.0,0.0,0.0,19.75,32.083333333333336
10,50,0.99,0.5,0.95,0.5,5,kf_sa_seed_0005.npz,50,5,35,651,700,871,480,0.6251920122887865,0.37480798771121354,0.0,0.5885714285714285,0.4114285714285714,0.0,0.829683698296837,0.170316301703163,0.0,0.4282608695652174,0.5717391304347826,0.0,0.3823191733639495,0.4148418491484185,0.6176808266360505,0.6338289962825279,532,199,333,0.37406015037593987,0.41458333333333336,0.6062176165803109,0.49694749694749696,0.503052503052503,0.31259600614439326,0.5652424840904103,0.5885562249377739,0.0868742868952702,0.12373652233978363,0.03686223544451343,15,11.102886750555145,84.4375,54.0,0.5389938897222475,0.7744671363392382,0.0,,,,,40.166666666666664,4.016666666666667,6,12,0.08333333333333333,0.0,0.08333333333333333,0.4166666666666667,0.0,0.0,0.0,0.0,14.5,32.083333333333336
3,20,0.9,0.5,0.95,0.5,6,kf_sa_seed_0006.npz,20,5,35,681,700,901,480,0.6255506607929515,0.342143906020558,0.032305433186490456,0.24571428571428572,0.5671428571428572,0.18714285714285714,0.7528344671201814,0.2471655328798186,0.0,0.21521739130434783,0.55,0.23478260869565218,0.4017758046614872,0.4938085379079168,0.5982241953385128,0.8163265306122449,630,268,362,0.4253968253968254,0.5583333333333333,0.5438088341781318,0.7416777629826897,0.2583222370173103,0.40634675896790434,0.7670736312146004,0.755461858336014,0.1039532664219329,0.41073068826296827,0.3067774218410354,79,57.20492396813903,17.2625,23.0,0.5217340307337965,0.9596901312552737,0.5,84.66666666666667,40.0,192.0,8.466666666666667,21.666666666666668,2.166666666666667,3,12,0.5,0.5,0.0,1.0,0.16666666666666666,0.8333333333333334,18.666666666666668,18.5,19.166666666666668,26.833333333333332
3,20,0.95,0.5,0.95,0.5,6,kf_sa_seed_0006.npz,20,5,35,681,700,901,480,0.7063142437591777,0.2599118942731278,0.033773861967694566,0.27285714285714285,0.5514285714285714,0.1757142857142857,0.81859410430839,0.18140589569160998,0.0,0.23043478260869565,0.5456521739130434,0.22391304347826088,0.36736958934517205,0.5212535738933254,0.632630410654828,0.8140350877192982,563,232,331,0.41207815275310833,0.48333333333333334,0.5923244026068066,0.7383863080684596,0.2616136919315404,0.4410142647367317,0.7670589469267883,0.7495606521580904,0.09371370522846022,0.38532073344510764,0.2916070282166474,69,49.9637943519189,19.728571428571428,23.0,0.5217340307337965,0.9596901312552737,0.3333333333333333,32.0,32.0,41.0,3.2,19.333333333333332,1.9333333333333333,4,12,0.5,0.4166666666666667,0.08333333333333333,0.9166666666666666,0.16666666666666666,0.6666666666666666,16.666666666666668,18.5,17.0,25.833333333333332
3,20,0.98,0.5,0.95,0.5,6,kf_sa_seed_0006.npz,20,5,35,681,700,901,480,0.7914831130690162,0.17327459618208516,0.03524229074889868,0.3442857142857143,0.5,0.15571428571428572,0.9206349206349206,0.07936507936507936,0.0,0.28043478260869564,0.5108695652173914,0.20869565217391303,0.29966703662597116,0.5646652864044168,0.7003329633740288,0.7955625990491284,468,198,270,0.4230769230769231,0.4125,0.6611151339608979,0.7097480832420592,0.2902519167579408,0.47359869939165095,0.7675393329137823,0.7393167053531293,0.08229472052586503,0.3387460839557696,0.2564513634299046,61,44.170890658942795,22.274193548387096,23.0,0.5217340307337965,0.9596901312552737,0.3333333333333333,36.0,36.0,45.0,3.6,14.5,1.4500000000000002,4,12,0.4166666666666667,0.3333333333333333,0.08333333333333333,0.9166666666666666,0.16666666666666666,0.5,8.8,6.0,13.0,24.083333333333332
3,20,0.99,0.5,0.95,0.5,6,kf_sa_seed_0006.npz,20,5,35,681,700,901,480,0.8472834067547724,0.11600587371512482,0.03671071953010279,0.4342857142857143,0.42142857142857143,0.1442857142857143,0.9863945578231292,0.013605442176870748,0.0,0.358695652173913,0.44130434782608696,0.2,0.23196448390677027,0.5931972789115646,0.7680355160932297,0.7615606936416185,374,165,209,0.4411764705882353,0.34375,0.7291817523533671,0.6732869910625621,0.32671300893743793,0.49578456052024333,0.7618481225089154,0.7260726580610505,0.07629051326422503,0.2944812690958767,0.21819075583165165,53,38.37798696596669,25.574074074074073,23.0,0.5217340307337965,0.9596901312552737,0.3333333333333333,43.5,43.5,56.0,4.3500000000000005,15.0,1.5,4,12,0.4166666666666667,0.3333333333333333,0.08333333333333333,0.8333333333333334,0.16666666666666666,0.5,10.0,5.0,11.416666666666666,24.583333333333332
3,25,0.9,0.5,0.95,0.5,6,kf_sa_seed_0006.npz,25,5,35,676,700,896,480,0.742603550295858,0.22189349112426035,0.03550295857988166,0.30714285714285716,0.5214285714285715,0.17142857142857143,0.8600917431192661,0.13990825688073394,0.0,0.24782608695652175,0.5304347826086957,0.2217391304347826,0.3404017857142857,0.5409154367770244,0.6595982142857143,0.8071065989847716,515,210,305,0.4077669902912621,0.4375,0.6257267441860465,0.7224157955865272,0.27758420441347276,0.4570160608622147,0.7616356720202874,0.7393053690881898,0.0920837011270881,0.37447758373173207,0.282393882604644,72,52.325581395348834,18.84931506849315,25.0,0.5227031097999821,0.9596901312552737,0.3333333333333333,33.5,33.5,42.0,3.35,16.5,1.6500000000000001,4,12,0.5,0.4166666666666667,0.08333333333333333,0.9166666666666666,0.16666666666666666,0.6666666666666666,14.333333333333334,13.5,14.583333333333334,24.666666666666668
3,25,0.95,0.5,0.95,0.5,6,kf_sa_seed_0006.npz,25,5,35,676,700,896,480,0.7884615384615384,0.1760355029585799,0.03550295857988166,0.3357142857142857,0.5,0.16428571428571428,0.9197247706422018,0.08027522935779817,0.0,0.2673913043478261,0.5130434782608696,0.21956521739130436,0.30245535714285715,0.5696449940167531,0.6975446428571429,0.8032,469,198,271,0.42217484008528783,0.4125,0.659156976744186,0.7144432194046306,0.2855567805953694,0.47637362637362635,0.7619885883347421,0.7351511100054401,0.08728550862230534,0.35279758011982715,0.2655120714975218,70,50.872093023255815,19.380281690140844,25.0,0.5227031097999821,0.9596901312552737,0.3333333333333333,34.5,34.5,43.0,3.45,16.5,1.6500000000000001,4,12,0.4166666666666667,0.3333333333333333,0.08333333333333333,0.9166666666666666,0.16666666666666666,0.5,11.0,8.0,13.833333333333334,25.0
3,25,0.98,0.5,0.95,0.5,6,kf_sa_seed_0006.npz,25,5,35,676,700,896,480,0.8476331360946746,0.11538461538461539,0.03698224852071006,0.4014285714285714,0.44142857142857145,0.15714285714285714,0.9793577981651376,0.020642201834862386,0.0,0.3282608695652174,0.45869565217391306,0.21304347826086956,0.24553571428571427,0.5962006382130036,0.7544642857142857,0.7766272189349113,387,167,220,0.4315245478036176,0.34791666666666665,0.71875,0.6905965621840243,0.3094034378159757,0.5023879966187659,0.7607586644125106,0.7260716327972009,0.08200503781713141,0.3128488006800276,0.23084376286289615,48,34.883720930232556,28.081632653061224,25.0,0.5227031097999821,0.9596901312552737,0.3333333333333333,36.5,36.5,45.0,3.6500000000000004,13.333333333333334,1.3333333333333335,4,12,0.4166666666666667,0.16666666666666666,0.25,0.6666666666666666,0.16666666666666666,0.16666666666666666,7.4,0.0,11.333333333333334,23.5
3,25,0.99,0.5,0.95,0.5,6,kf_sa_seed_0006.npz,25,5,35,676,700,896,480,0.863905325443787,0.09615384615384616,0.03994082840236687,0.48142857142857143,0.37285714285714283,0.1457142857142857,0.9931192660550459,0.006880733944954129,0.0,0.3804347826086957,0.4152173913043478,0.20434782608695654,0.21651785714285715,0.5987335460710012,0.7834821428571429,0.7507122507122507,326,132,194,0.4049079754601227,0.275,0.7630813953488372,0.6533333333333333,0.3466666666666667,0.5048098055790363,0.7533643279797126,0.713448971584964,0.07826580596619076,0.2749470726555688,0.19668126668937802,40,29.069767441860463,33.5609756097561,25.0,0.5227031097999821,0.9596901312552737,0.3333333333333333,44.0,44.0,56.0,4.4,14.5,1.4500000000000002,4,12,0.4166666666666667,0.25,0.16666666666666666,0.75,0.16666666666666666,0.3333333333333333,9.2,1.0,9.333333333333334,24.25
3,35,0.9,0.5,0.95,0.5,6,kf_sa_seed_0006.npz,35,5,35,666,700,886,480,0.8573573573573574,0.0990990990990991,0.04354354354354354,0.42714285714285716,0.41285714285714287,0.16,0.9835680751173709,0.01643192488262911,0.0,0.3391304347826087,0.44130434782608696,0.21956521739130436,0.23702031602708803,0.6015666462543376,0.7629796839729119,0.7692307692307693,355,145,210,0.4084507042253521,0.3020833333333333,0.7401171303074671,0.675568743818002,0.324431256181998,0.5086786786786787,0.7498906048906049,0.717721718946402,0.08793335803997941,0.3147007948714583,0.22676743683147887,44,32.210834553440705,30.355555555555554,35.0,0.5249965847462522,0.9596901312552737,0.3333333333333333,37.0,37.0,45.0,3.7,14.333333333333334,1.4333333333333336,4,12,0.4166666666666667,0.16666666666666666,0.25,0.6666666666666666,0.16666666666666666,0.16666666666666666,8.2,0.0,10.416666666666666,23.833333333333332
3,35,0.95,0.5,0.95,0.5,6,kf_sa_seed_0006.npz,35,5,35,666,700,886,480,0.8648648648648649,0.0915915915915916,0.04354354354354354,0.45,0.39571428571428574,0.15428571428571428,0.9882629107981221,0.011737089201877934,0.0,0.358695652173913,0.4260869565217391,0.21521739130434783,0.22686230248307,0.601740151051235,0.7731376975169301,0.7591240875912408,338,137,201,0.40532544378698226,0.28541666666666665,0.7525622254758418,0.6653696498054474,0.33463035019455256,0.5095752895752896,0.7488953238953239,0.7135228771322224,0.0876646578894012,0.29853282242015194,0.21086816453075075,34,24.890190336749633,39.02857142857143,35.0,0.5249965847462522,0.9596901312552737,0.3333333333333333,40.5,40.5,50.0,4.05,14.5,1.4500000000000002,4,12,0.4166666666666667,0.16666666666666666,0.25,0.6666666666666666,0.16666666666666666,0.16666666666666666,8.8,0.0,10.083333333333334,24.083333333333332
3,35,0.98,0.5,0.95,0.5,6,kf_sa_seed_0006.npz,35,5,35,666,700,886,480,0.8618618618618619,0.09309309309309309,0.04504504504504504,0.5228571428571429,0.33285714285714285,0.1442857142857143,0.9882629107981221,0.011737089201877934,0.0,0.4108695652173913,0.3826086956521739,0.20652173913043478,0.20428893905191872,0.5973923249642784,0.7957110609480813,0.7319148936170212,295,114,181,0.3864406779661017,0.2375,0.7840409956076134,0.6302521008403361,0.3697478991596639,0.5030737880737881,0.7437773487773488,0.7042033735256179,0.08622265283897874,0.2700282761359062,0.18380562329692746,34,24.890190336749633,39.02857142857143,35.0,0.5249965847462522,0.9596901312552737,0.3333333333333333,45.0,45.0,56.0,4.5,15.0,1.5,4,12,0.3333333333333333,0.08333333333333333,0.25,0.5,0.0,0.16666666666666666,3.75,0.0,8.083333333333334,24.583333333333332
3,35,0.99,0.5,0.95,0.5,6,kf_sa_seed_0006.npz,35,5,35,666,700,886,480,0.8633633633633634,0.09009009009009009,0.046546546546546545,0.5914285714285714,0.26857142857142857,0.14,0.9835680751173709,0.01643192488262911,0.0,0.4891304347826087,0.3108695652173913,0.2,0.16930022573363432,0.5917840375586855,0.8306997742663657,0.6942934782608695,248,98,150,0.3951612903225806,0.20416666666666666,0.8184480234260615,0.6019677996422182,0.39803220035778175,0.5016816816816817,0.7313513513513513,0.6907752867476142,0.08358080940868295,0.24227318111732843,0.15869237170864547,36,26.35431918008785,36.91891891891892,35.0,0.5249965847462522,0.9596901312552737,0.3333333333333333,48.0,48.0,59.0,4.800000000000001,14.666666666666666,1.4666666666666668,4,12,0.4166666666666667,0.25,0.16666666666666666,0.5833333333333334,0.0,0.5,9.2,1.0,6.75,24.25
3,50,0.9,0.5,0.95,0.5,6,kf_sa_seed_0006.npz,50,5,35,651,700,871,480,0.8509984639016898,0.0967741935483871,0.05222734254992319,0.5942857142857143,0.25142857142857145,0.15428571428571428,0.9781021897810219,0.021897810218978103,0.0,0.4826086956521739,0.29782608695652174,0.21956521739130436,0.16762342135476463,0.5988337035861632,0.8323765786452354,0.6937931034482758,239,93,146,0.3891213389121339,0.19375,0.8230940044411547,0.5953237410071942,0.4046762589928058,0.502642089093702,0.7254092604783849,0.6914611115739613,0.09677461021140082,0.2496903320473515,0.15291572183595067,32,23.686158401184308,40.93939393939394,50.0,0.530961570036312,0.9596901312552737,0.3333333333333333,45.5,45.5,56.0,4.55,15.833333333333334,1.5833333333333335,4,12,0.3333333333333333,0.08333333333333333,0.25,0.5,0.0,0.16666666666666666,4.0,0.0,6.5,24.666666666666668
3,50,0.95,0.5,0.95,0.5,6,kf_sa_seed_0006.npz,50,5,35,651,700,871,480,0.8448540706605223,0.10138248847926268,0.053763440860215055,0.6228571428571429,0.22714285714285715,0.15,0.9732360097323601,0.0267639902676399,0.0,0.5130434782608696,0.27608695652173915,0.2108695652173913,0.1584385763490241,0.5920527874748758,0.8415614236509759,0.6780354706684857,225,87,138,0.38666666666666666,0.18125,0.8334566987416728,0.5817051509769094,0.41829484902309055,0.49742703533026117,0.7201799429449199,0.6847759292756304,0.09578134506241902,0.23992123231384796,0.14413988725142896,32,23.686158401184308,40.93939393939394,50.0,0.530961570036312,0.9596901312552737,0.3333333333333333,47.0,47.0,56.0,4.7,16.5,1.6500000000000001,4,12,0.3333333333333333,0.16666666666666666,0.16666666666666666,0.4166666666666667,0.0,0.3333333333333333,4.5,0.5,6.083333333333333,24.833333333333332
3,50,0.98,0.5,0.95,0.5,6,kf_sa_seed_0006.npz,50,5,35,651,700,871,480,0.8341013824884793,0.11213517665130568,0.053763440860215055,0.6571428571428571,0.2057142857142857,0.13714285714285715,0.9683698296836983,0.031630170316301706,0.0,0.5543478260869565,0.2565217391304348,0.1891304347826087,0.15040183696900114,0.5787501322331535,0.8495981630309989,0.6554054054054054,217,86,131,0.39631336405529954,0.17916666666666667,0.8393782383419689,0.5634920634920635,0.4365079365079365,0.4856221198156682,0.7059183673469388,0.6692087910897596,0.09338554015897281,0.22104308610900386,0.12765754595003104,28,20.72538860103627,46.58620689655172,50.0,0.530961570036312,0.9596901312552737,0.3333333333333333,51.5,51.5,60.0,5.15,17.666666666666668,1.7666666666666668,4,12,0.3333333333333333,0.16666666666666666,0.16666666666666666,0.3333333333333333,0.0,0.3333333333333333,5.75,2.0,6.083333333333333,25.25
3,50,0.99,0.5,0.95,0.5,6,kf_sa_seed_0006.npz,50,5,35,651,700,871,480,0.8387096774193549,0.10445468509984639,0.05683563748079877,0.6942857142857143,0.1757142857142857,0.13,0.9635036496350365,0.0340632603406326,0.0024330900243309003,0.5956521739130435,0.22826086956521738,0.17608695652173914,0.13662456946039037,0.5697953030783879,0.8633754305396096,0.6343085106382979,191,72,119,0.3769633507853403,0.15,0.8586232420429312,0.5491379310344827,0.4508620689655173,0.48435483870967744,0.6823107307439105,0.6506100966517322,0.09122633743334756,0.20022562889089662,0.10899929145754907,22,16.28423390081421,58.73913043478261,50.0,0.530961570036312,0.9596901312552737,0.3333333333333333,54.5,54.5,63.0,5.45,13.666666666666666,1.3666666666666667,4,12,0.4166666666666667,0.16666666666666666,0.25,0.25,0.0,0.3333333333333333,6.4,0.0,3.5,23.083333333333332
5,20,0.9,0.5,0.95,0.5,6,kf_sa_seed_0006.npz,20,5,35,681,700,901,480,0.16593245227606462,0.8076358296622613,0.02643171806167401,0.041428571428571426,0.8671428571428571,0.09142857142857143,0.21768707482993196,0.782312925170068,0.0,0.017391304347826087,0.8608695652173913,0.12173913043478261,0.8224195338512763,0.16971310263235728,0.17758046614872364,0.95,1157,416,741,0.3595505617977528,0.8666666666666667,0.16220130340333092,0.7901785714285714,0.2098214285714286,0.12868051185231802,0.8213404657016992,0.7851505268062843,0.14615887052720694,0.43277052981115294,0.286611659283946,76,55.03258508327299,17.935064935064936,,0.5217340307337965,0.9596901312552737,0.16666666666666666,40.0,40.0,40.0,4.0,49.666666666666664,4.966666666666667,5,12,0.16666666666666666,0.16666666666666666,0.0,1.0,0.0,0.3333333333333333,27.5,27.5,30.166666666666668,33.75
5,20,0.95,0.5,0.95,0.5,6,kf_sa_seed_0006.npz,20,5,35,681,700,901,480,0.3803230543318649,0.591776798825257,0.027900146842878122,0.09,0.8271428571428572,0.08285714285714285,0.47845804988662133,0.5215419501133787,0.0,0.05217391304347826,0.8326086956521739,0.11521739130434783,0.6803551609322974,0.2968377205954846,0.3196448390677026,0.9166666666666666,982,369,613,0.3757637474541752,0.76875,0.2889210716871832,0.7944862155388471,0.20551378446115287,0.23159009859450388,0.8176253408852527,0.7768295644247646,0.12439382061383705,0.3971455004448587,0.27275167983102167,90,65.17016654598117,15.175824175824175,26.0,0.5217340307337965,0.9596901312552737,0.16666666666666666,42.0,42.0,42.0,4.2,26.5,2.6500000000000004,5,12,0.4166666666666667,0.4166666666666667,0.0,1.0,0.0,0.8333333333333334,24.0,22.0,25.5,30.416666666666668
5,20,0.98,0.5,0.95,0.5,6,kf_sa_seed_0006.npz,20,5,35,681,700,901,480,0.6886930983847284,0.28046989720998533,0.030837004405286344,0.18714285714285714,0.7328571428571429,0.08,0.8639455782312925,0.1360544217687075,0.0,0.09347826086956522,0.7956521739130434,0.1108695652173913,0.4728079911209767,0.4874075717243419,0.5271920088790233,0.9094736842105263,704,278,426,0.39488636363636365,0.5791666666666667,0.49022447501810285,0.7754800590841949,0.22451994091580507,0.38434654919236416,0.8016362492133418,0.7534424275051632,0.10132855567085677,0.33401898802506846,0.2326904323542117,63,45.61911658218682,21.578125,26.0,0.5217340307337965,0.9596901312552737,0.16666666666666666,44.0,44.0,44.0,4.4,24.5,2.45,5,12,0.3333333333333333,0.3333333333333333,0.0,1.0,0.0,0.6666666666666666,19.25,20.5,20.083333333333332,29.75
5,20,0.99,0.5,0.95,0.5,6,kf_sa_seed_0006.npz,20,5,35,681,700,901,480,0.7841409691629956,0.18208516886930984,0.033773861967694566,0.31,0.6185714285714285,0.07142857142857142,0.9750566893424036,0.024943310657596373,0.0,0.1782608695652174,0.7239130434782609,0.09782608695652174,0.38179800221975585,0.5364413881494627,0.6182019977802442,0.8527827648114902,557,213,344,0.38240574506283664,0.44375,0.5966690803765388,0.7087378640776699,0.2912621359223301,0.4277847702957835,0.7710509754562618,0.7220135356980093,0.09461095916903671,0.3013237793393928,0.20671282017035608,41,29.688631426502536,32.88095238095238,26.0,0.5217340307337965,0.9596901312552737,0.16666666666666666,50.0,50.0,50.0,5.0,22.833333333333332,2.283333333333333,5,12,0.4166666666666667,0.4166666666666667,0.0,0.9166666666666666,0.0,0.8333333333333334,19.8,21.0,15.416666666666666,28.666666666666668
5,25,0.9,0.5,0.95,0.5,6,kf_sa_seed_0006.npz,25,5,35,676,700,896,480,0.44970414201183434,0.5207100591715976,0.029585798816568046,0.12571428571428572,0.79,0.08428571428571428,0.5596330275229358,0.44036697247706424,0.0,0.06304347826086956,0.8195652173913044,0.11739130434782609,0.6350446428571429,0.3385121659353809,0.36495535714285715,0.9113149847094801,905,336,569,0.3712707182320442,0.7,0.342296511627907,0.7707006369426752,0.2292993630573248,0.2669949281487743,0.8109171597633136,0.7686301189163203,0.1213596902668352,0.39238111223150385,0.27102142196466866,72,52.325581395348834,18.84931506849315,26.0,0.5227031097999821,0.9596901312552737,0.16666666666666666,41.0,41.0,41.0,4.1000000000000005,26.5,2.6500000000000004,5,12,0.3333333333333333,0.3333333333333333,0.0,1.0,0.0,0.6666666666666666,21.75,21.5,23.75,30.583333333333332
5,25,0.95,0.5,0.95,0.5,6,kf_sa_seed_0006.npz,25,5,35,676,700,896,480,0.6035502958579881,0.36538461538461536,0.03106508875739645,0.16285714285714287,0.7542857142857143,0.08285714285714285,0.7637614678899083,0.23623853211009174,0.0,0.08260869565217391,0.8021739130434783,0.11521739130434783,0.5267857142857143,0.43948942959712806,0.4732142857142857,0.910377358490566,775,303,472,0.3909677419354839,0.63125,0.4367732558139535,0.7753743760399334,0.22462562396006658,0.3432037193575655,0.8040173288250211,0.7565483682043693,0.11020812706177766,0.36049916886173694,0.2502910417999593,84,61.04651162790697,16.188235294117646,26.0,0.5227031097999821,0.9596901312552737,0.16666666666666666,42.0,42.0,42.0,4.2,26.166666666666668,2.616666666666667,5,12,0.3333333333333333,0.3333333333333333,0.0,1.0,0.0,0.6666666666666666,21.0,21.0,21.75,30.333333333333332
5,25,0.98,0.5,0.95,0.5,6,kf_sa_seed_0006.npz,25,5,35,676,700,896,480,0.7736686390532544,0.1937869822485207,0.03254437869822485,0.2557142857142857,0.6671428571428571,0.07714285714285714,0.9587155963302753,0.04128440366972477,0.0,0.13260869565217392,0.7608695652173914,0.10652173913043478,0.4107142857142857,0.532618667730355,0.5892857142857143,0.884469696969697,598,230,368,0.38461538461538464,0.4791666666666667,0.565406976744186,0.7416452442159382,0.25835475578406175,0.4254057480980558,0.7849873203719357,0.7334213396969329,0.09767720265533639,0.30385777582223095,0.20618057316689456,55,39.97093023255814,24.571428571428573,26.0,0.5227031097999821,0.9596901312552737,0.16666666666666666,46.0,46.0,46.0,4.6000000000000005,21.333333333333332,2.1333333333333333,5,12,0.3333333333333333,0.3333333333333333,0.0,1.0,0.0,0.6666666666666666,14.25,14.0,16.166666666666668,28.083333333333332
5,25,0.99,0.5,0.95,0.5,6,kf_sa_seed_0006.npz,25,5,35,676,700,896,480,0.8180473372781065,0.14497041420118342,0.03698224852071006,0.3457142857142857,0.57,0.08428571428571428,0.9931192660550459,0.006880733944954129,0.0,0.19782608695652174,0.6869565217391305,0.11521739130434783,0.3560267857142857,0.5541683286796968,0.6439732142857143,0.8422876949740035,497,178,319,0.358148893360161,0.37083333333333335,0.6388081395348837,0.6962457337883959,0.30375426621160406,0.4511665257819104,0.7739898562975486,0.7175776012528016,0.09513192960213034,0.2881102861050939,0.19297835650296358,33,23.982558139534884,40.470588235294116,26.0,0.5227031097999821,0.9596901312552737,0.16666666666666666,42.0,42.0,42.0,4.2,20.666666666666668,2.066666666666667,5,12,0.3333333333333333,0.3333333333333333,0.0,0.9166666666666666,0.0,0.6666666666666666,14.0,13.0,12.75,28.0
5,35,0.9,0.5,0.95,0.5,6,kf_sa_seed_0006.npz,35,5,35,666,700,886,480,0.7582582582582582,0.2057057057057057,0.036036036036036036,0.26142857142857145,0.66,0.07857142857142857,0.9389671361502347,0.06103286384976526,0.0,0.12173913043478261,0.7695652173913043,0.10869565217391304,0.4288939051918736,0.5238313941620739,0.5711060948081265,0.8893280632411067,599,219,380,0.3656093489148581,0.45625,0.5614934114202049,0.7301173402868318,0.26988265971316816,0.41841484341484336,0.7794573144573145,0.7282973682609959,0.1067552305008577,0.3206765033906589,0.2139212728898012,50,36.603221083455345,26.784313725490197,35.0,0.5249965847462522,0.9596901312552737,0.16666666666666666,45.0,45.0,45.0,4.5,21.166666666666668,2.1166666666666667,5,12,0.3333333333333333,0.3333333333333333,0.0,0.9166666666666666,0.0,0.6666666666666666,13.5,14.0,15.083333333333334,27.833333333333332
5,35,0.95,0.5,0.95,0.5,6,kf_sa_seed_0006.npz,35,5,35,666,700,886,480,0.7972972972972973,0.16516516516516516,0.03753753753753754,0.32142857142857145,0.6028571428571429,0.07571428571428572,0.9835680751173709,0.01643192488262911,0.0,0.18043478260869567,0.7152173913043478,0.10434782608695652,0.3792325056433409,0.5439579506021637,0.6207674943566591,0.8490909090909091,532,196,336,0.3684210526315789,0.4083333333333333,0.6105417276720352,0.7002398081534772,0.2997601918465228,0.4365057915057915,0.7693758043758043,0.7186548851980111,0.10400356882946028,0.2967403455615096,0.1927367767320493,38,27.81844802342606,35.02564102564103,35.0,0.5249965847462522,0.9596901312552737,0.16666666666666666,47.0,47.0,47.0,4.7,21.833333333333332,2.183333333333333,5,12,0.3333333333333333,0.3333333333333333,0.0,0.9166666666666666,0.0,0.6666666666666666,14.0,13.0,13.916666666666666,28.0
5,35,0.98,0.5,0.95,0.5,6,kf_sa_seed_0006.npz,35,5,35,666,700,886,480,0.8048048048048048,0.15615615615615616,0.03903903903903904,0.40714285714285714,0.5185714285714286,0.07428571428571429,0.9859154929577465,0.014084507042253521,0.0,0.2543478260869565,0.6434782608695652,0.10217391304347827,0.34085778781038373,0.5440447030006124,0.6591422121896162,0.7996575342465754,467,165,302,0.3533190578158458,0.34375,0.6581259150805271,0.6540600667408232,0.3459399332591768,0.4395452595452595,0.7473466323466323,0.6956637871367181,0.09900748063429958,0.254826096944206,0.1558186163099064,20,14.641288433382138,65.04761904761905,35.0,0.5249965847462522,0.9596901312552737,0.16666666666666666,48.0,48.0,48.0,4.800000000000001,21.833333333333332,2.183333333333333,5,12,0.3333333333333333,0.3333333333333333,0.0,0.8333333333333334,0.0,0.6666666666666666,13.75,12.5,11.666666666666666,27.916666666666668
5,35,0.99,0.5,0.95,0.5,6,kf_sa_seed_0006.npz,35,5,35,666,700,886,480,0.7987987987987988,0.16366366366366367,0.03753753753753754,0.45285714285714285,0.4685714285714286,0.07857142857142857,0.9953051643192489,0.004694835680751174,0.0,0.3,0.591304347826087,0.10869565217391304,0.309255079006772,0.5520004082465809,0.690744920993228,0.7745098039215687,437,163,274,0.37299771167048057,0.33958333333333335,0.6800878477306003,0.6318622174381054,0.36813778256189456,0.43868511368511365,0.7259395109395109,0.6714639823703766,0.10207738093488113,0.23077070289043974,0.1286933219555586,24,17.569546120058565,54.64,35.0,0.5249965847462522,0.9596901312552737,0.16666666666666666,45.0,45.0,45.0,4.5,21.666666666666668,2.166666666666667,5,12,0.3333333333333333,0.3333333333333333,0.0,0.6666666666666666,0.0,0.6666666666666666,14.75,14.0,11.0,28.25
5,50,0.9,0.5,0.95,0.5,6,kf_sa_seed_0006.npz,50,5,35,651,700,871,480,0.7818740399385561,0.17357910906298002,0.0445468509984639,0.47285714285714286,0.45714285714285713,0.07,0.9708029197080292,0.029197080291970802,0.0,0.29347826086956524,0.6108695652173913,0.09565217391304348,0.33639494833524686,0.5332275468105363,0.6636050516647531,0.7664359861591695,433,140,293,0.3233256351039261,0.2916666666666667,0.6794966691339749,0.6078431372549019,0.3921568627450981,0.425937019969278,0.7110445468509985,0.6698103334104327,0.10576645517436976,0.23856435285415922,0.13279789767978945,24,17.764618800888233,54.04,50.0,0.530961570036312,0.9596901312552737,0.16666666666666666,51.0,51.0,51.0,5.1000000000000005,23.833333333333332,2.3833333333333333,5,12,0.3333333333333333,0.3333333333333333,0.0,0.75,0.0,0.6666666666666666,15.25,14.0,9.583333333333334,28.416666666666668
5,50,0.95,0.5,0.95,0.5,6,kf_sa_seed_0006.npz,50,5,35,651,700,871,480,0.7788018433179723,0.17511520737327188,0.04608294930875576,0.5014285714285714,0.42857142857142855,0.07,0.9683698296836983,0.031630170316301706,0.0,0.32608695652173914,0.5782608695652174,0.09565217391304348,0.3203214695752009,0.5320110017983709,0.6796785304247991,0.7466216216216216,414,135,279,0.32608695652173914,0.28125,0.6935603256846781,0.5933831376734259,0.4066168623265741,0.42440092165898613,0.6952973447443493,0.6541896226940987,0.10647695460918308,0.22174167303168016,0.11526471842249708,16,11.843079200592154,79.47058823529412,50.0,0.530961570036312,0.9596901312552737,0.16666666666666666,51.0,51.0,51.0,5.1000000000000005,24.0,2.4000000000000004,5,12,0.3333333333333333,0.3333333333333333,0.0,0.6666666666666666,0.0,0.6666666666666666,15.25,14.0,9.166666666666666,28.416666666666668
5,50,0.98,0.5,0.95,0.5,6,kf_sa_seed_0006.npz,50,5,35,651,700,871,480,0.7711213517665131,0.18125960061443933,0.047619047619047616,0.56,0.37857142857142856,0.06142857142857143,0.9610705596107056,0.038929440389294405,0.0,0.40652173913043477,0.5108695652173914,0.08260869565217391,0.2881745120551091,0.5218396276314398,0.711825487944891,0.6983870967741935,383,132,251,0.34464751958224543,0.275,0.7165062916358254,0.5630165289256198,0.4369834710743802,0.41627496159754224,0.6635681369321922,0.6280296866775306,0.10565533639940967,0.192598411328312,0.08694307492890234,16,11.843079200592154,79.47058823529412,50.0,0.530961570036312,0.9596901312552737,0.16666666666666666,58.0,58.0,58.0,5.800000000000001,24.833333333333332,2.4833333333333334,5,12,0.3333333333333333,0.3333333333333333,0.0,0.5833333333333334,0.0,0.6666666666666666,15.75,15.0,8.916666666666666,28.583333333333332
5,50,0.99,0.5,0.95,0.5,6,kf_sa_seed_0006.npz,50,5,35,651,700,871,480,0.7772657450076805,0.17665130568356374,0.04608294930875576,0.6214285714285714,0.31285714285714283,0.06571428571428571,0.9659367396593674,0.0340632603406326,0.0,0.4891304347826087,0.4217391304347826,0.0891304347826087,0.23880597014925373,0.5275335872209881,0.7611940298507462,0.6606334841628959,334,126,208,0.3772455089820359,0.2625,0.7527757216876387,0.5427728613569321,0.45722713864306785,0.42149001536098313,0.6403379416282642,0.6156382331764628,0.10026024362276936,0.18332979928039825,0.08306955565762889,28,20.72538860103627,46.58620689655172,50.0,0.530961570036312,0.9596901312552737,0.16666666666666666,54.0,54.0,54.0,5.4,24.166666666666668,2.416666666666667,5,12,0.3333333333333333,0.3333333333333333,0.0,0.5833333333333334,0.0,0.6666666666666666,15.75,15.5,8.583333333333334,28.583333333333332
7,35,0.9,0.5,0.95,0.5,6,kf_sa_seed_0006.npz,35,5,35,666,700,886,480,0.4519519519519519,0.5180180180180181,0.03003003003003003,0.08142857142857143,0.8428571428571429,0.07571428571428572,0.5845070422535211,0.4154929577464789,0.0,0.0391304347826087,0.8565217391304348,0.10434782608695652,0.6444695259593679,0.3444274341702388,0.35553047404063204,0.9428571428571428,935,364,571,0.3893048128342246,0.7583333333333333,0.31551976573938506,0.8213457076566125,0.17865429234338748,0.26383311883311883,0.8034620334620335,0.7559698007680801,0.1346250038863377,0.38121965249494777,0.24659464860861008,45,32.94289897510981,29.695652173913043,35.0,0.5249965847462522,0.9596901312552737,0.16666666666666666,47.0,47.0,47.0,4.7,30.0,3.0,5,12,0.3333333333333333,0.3333333333333333,0.0,1.0,0.0,0.6666666666666666,25.25,27.5,26.75,31.75
7,35,0.95,0.5,0.95,0.5,6,kf_sa_seed_0006.npz,35,5,35,666,700,886,480,0.5420420420420421,0.4264264264264264,0.03153153153153153,0.14714285714285713,0.7771428571428571,0.07571428571428572,0.6971830985915493,0.3028169014084507,0.0,0.06521739130434782,0.8304347826086956,0.10434782608695652,0.5767494356659142,0.40076546233925286,0.42325056433408575,0.92,828,317,511,0.3828502415458937,0.6604166666666667,0.3938506588579795,0.7695167286245354,0.23048327137546465,0.3088781638781639,0.7881939081939082,0.7379697687058777,0.12293616594754614,0.3443358650233689,0.22139969907582274,43,31.478770131771597,31.045454545454547,35.0,0.5249965847462522,0.9596901312552737,0.16666666666666666,47.0,47.0,47.0,4.7,29.0,2.9000000000000004,5,12,0.3333333333333333,0.3333333333333333,0.0,1.0,0.0,0.6666666666666666,23.75,25.5,23.416666666666668,31.25
7,35,0.98,0.5,0.95,0.5,6,kf_sa_seed_0006.npz,35,5,35,666,700,886,480,0.6891891891891891,0.2777777777777778,0.03303303303303303,0.26142857142857145,0.6628571428571428,0.07571428571428572,0.8990610328638498,0.10093896713615023,0.0,0.12391304347826088,0.7717391304347826,0.10434782608695652,0.4492099322799097,0.5017044294754032,0.5507900677200903,0.8831967213114754,649,251,398,0.386748844375963,0.5229166666666667,0.5248901903367497,0.7140864714086471,0.2859135285913529,0.38245173745173744,0.7562784212784213,0.7149083577733556,0.1089737267513581,0.29730828926121955,0.18833456250986147,40,29.282576866764277,33.31707317073171,35.0,0.5249965847462522,0.9596901312552737,0.16666666666666666,47.0,47.0,47.0,4.7,28.166666666666668,2.816666666666667,5,12,0.3333333333333333,0.3333333333333333,0.0,0.9166666666666666,0.0,0.6666666666666666,22.5,24.0,18.416666666666668,30.833333333333332
7,35,0.99,0.5,0.95,0.5,6,kf_sa_seed_0006.npz,35,5,35,666,700,886,480,0.7252252252252253,0.24624624624624625,0.028528528528528527,0.3357142857142857,0.5885714285714285,0.07571428571428572,0.9460093896713615,0.0539906103286385,0.0,0.17608695652173914,0.7195652173913043,0.10434782608695652,0.39954853273137697,0.525178607879159,0.600451467268623,0.8477443609022557,576,222,354,0.3854166666666667,0.4625,0.5783308931185944,0.6784810126582278,0.3215189873417722,0.4004697554697555,0.7234427284427284,0.6880653851316714,0.10536421472778056,0.2665068513634608,0.16114263663568024,38,27.81844802342606,35.02564102564103,35.0,0.5249965847462522,0.9596901312552737,0.16666666666666666,47.0,47.0,47.0,4.7,27.666666666666668,2.766666666666667,5,12,0.3333333333333333,0.3333333333333333,0.0,0.9166666666666666,0.0,0.6666666666666666,21.5,24.0,16.083333333333332,30.5
7,50,0.9,0.5,0.95,0.5,6,kf_sa_seed_0006.npz,50,5,35,651,700,871,480,0.6820276497695853,0.28110599078341014,0.03686635944700461,0.31285714285714283,0.6228571428571429,0.06428571428571428,0.8905109489051095,0.10948905109489052,0.0,0.1565217391304348,0.7565217391304347,0.08695652173913043,0.45120551090700345,0.48873373532211994,0.5487944890929966,0.8493723849372385,619,226,393,0.3651050080775444,0.4708333333333333,0.5418208734270911,0.6680327868852459,0.3319672131147541,0.3731566820276498,0.7475181040157999,0.7065799484454844,0.11528623246166095,0.28315681641834206,0.1678705839566811,34,25.166543301258326,38.6,50.0,0.530961570036312,0.9596901312552737,0.16666666666666666,54.0,54.0,54.0,5.4,28.5,2.85,5,12,0.3333333333333333,0.3333333333333333,0.0,0.8333333333333334,0.0,0.6666666666666666,21.75,22.5,16.333333333333332,30.583333333333332
7,50,0.95,0.5,0.95,0.5,6,kf_sa_seed_0006.npz,50,5,35,651,700,871,480,0.6927803379416283,0.271889400921659,0.03533026113671275,0.3757142857142857,0.5614285714285714,0.06285714285714286,0.9148418491484185,0.0851581508515815,0.0,0.20869565217391303,0.7065217391304348,0.08478260869565217,0.4133180252583238,0.4998122289220353,0.5866819747416763,0.812133072407045,570,210,360,0.3684210526315789,0.4375,0.5780903034789046,0.6338028169014085,0.3661971830985915,0.37781874039938557,0.7236032477507132,0.6903167507778479,0.11202634287282856,0.25933746838462857,0.1473111255118,28,20.72538860103627,46.58620689655172,50.0,0.530961570036312,0.9596901312552737,0.16666666666666666,58.0,58.0,58.0,5.800000000000001,29.166666666666668,2.916666666666667,5,12,0.3333333333333333,0.3333333333333333,0.0,0.8333333333333334,0.0,0.6666666666666666,22.5,23.0,15.0,30.833333333333332
7,50,0.98,0.5,0.95,0.5,6,kf_sa_seed_0006.npz,50,5,35,651,700,871,480,0.728110599078341,0.23348694316436253,0.03840245775729647,0.4114285714285714,0.5314285714285715,0.05714285714285714,0.9440389294403893,0.05596107055961071,0.0,0.23043478260869565,0.6934782608695652,0.07608695652173914,0.39265212399540755,0.5100629429810641,0.6073478760045924,0.7996219281663516,524,182,342,0.3473282442748092,0.37916666666666665,0.612139156180607,0.6215235792019347,0.3784764207980653,0.39262672811059907,0.6961553653719552,0.6672484052982355,0.10521245383830664,0.22787537534398358,0.12266292150567694,24,17.764618800888233,54.04,50.0,0.530961570036312,0.9596901312552737,0.16666666666666666,60.0,60.0,60.0,6.0,27.833333333333332,2.783333333333333,5,12,0.3333333333333333,0.3333333333333333,0.0,0.8333333333333334,0.0,0.6666666666666666,20.75,22.5,12.916666666666666,30.25
7,50,0.99,0.5,0.95,0.5,6,kf_sa_seed_0006.npz,50,5,35,651,700,871,480,0.7419354838709677,0.21812596006144394,0.039938556067588324,0.4357142857142857,0.5028571428571429,0.06142857142857143,0.9586374695863747,0.0413625304136253,0.0,0.2608695652173913,0.6565217391304348,0.08260869565217391,0.36624569460390355,0.5206230826192744,0.6337543053960965,0.782608695652174,494,175,319,0.354251012145749,0.3645833333333333,0.6343449296817173,0.6137689614935823,0.3862310385064177,0.40168202764976957,0.6676585472898837,0.6493908978686724,0.10127380379863017,0.21284447197908662,0.11157066818045645,22,16.28423390081421,58.73913043478261,50.0,0.530961570036312,0.9596901312552737,0.16666666666666666,57.0,57.0,57.0,5.7,28.333333333333332,2.8333333333333335,5,12,0.25,0.25,0.0,0.75,0.0,0.5,15.666666666666666,16.0,12.5,30.166666666666668
10,50,0.9,0.5,0.95,0.5,6,kf_sa_seed_0006.npz,50,5,35,651,700,871,480,0.2488479262672811,0.7204301075268817,0.030721966205837174,0.06428571428571428,0.91,0.025714285714285714,0.35523114355231145,0.6447688564476886,0.0,0.004347826086956522,0.967391304347826,0.02826086956521739,0.8151549942594719,0.19174600655876442,0.18484500574052812,0.9875776397515528,1106,396,710,0.35804701627486435,0.825,0.18134715025906736,0.7346938775510204,0.26530612244897955,0.13728110599078341,0.7236756638139127,0.6764974440297069,0.1581648118710958,0.2864029152299215,0.1282381033588257,44,32.56846780162842,30.022222222222222,,0.530961570036312,0.9596901312552737,0.16666666666666666,81.0,81.0,81.0,8.1,52.5,5.25,5,12,0.0,0.0,0.0,1.0,0.0,0.0,,,29.416666666666668,35.0
10,50,0.95,0.5,0.95,0.5,6,kf_sa_seed_0006.npz,50,5,35,651,700,871,480,0.40706605222734255,0.5637480798771122,0.029185867895545316,0.11857142857142858,0.8642857142857143,0.017142857142857144,0.559610705596107,0.44038929440389296,0.0,0.030434782608695653,0.9543478260869566,0.015217391304347827,0.711825487944891,0.28741404845022744,0.2881745120551091,0.9442231075697212,972,352,620,0.36213991769547327,0.7333333333333333,0.28053293856402667,0.7308707124010554,0.2691292875989446,0.21210445468509984,0.7023853412332675,0.6558744935290802,0.1459030446408889,0.2539541400812796,0.10805109544039068,48,35.529237601776465,27.571428571428573,60.0,0.530961570036312,0.9596901312552737,0.16666666666666666,88.0,88.0,88.0,8.8,42.333333333333336,4.233333333333333,5,12,0.16666666666666666,0.16666666666666666,0.0,0.9166666666666666,0.0,0.3333333333333333,26.5,26.5,26.25,33.583333333333336
10,50,0.98,0.5,0.95,0.5,6,kf_sa_seed_0006.npz,50,5,35,651,700,871,480,0.5775729646697388,0.39477726574500765,0.027649769585253458,0.32142857142857145,0.6685714285714286,0.01,0.7688564476885644,0.23114355231143552,0.0,0.16956521739130434,0.8260869565217391,0.004347826086956522,0.5453501722158438,0.38660213688776046,0.45464982778415614,0.803030303030303,725,250,475,0.3448275862068966,0.5208333333333334,0.463360473723168,0.6118210862619808,0.38817891373801916,0.2937864823348694,0.6511827956989247,0.6157980555642781,0.12756649491682145,0.19594853233352524,0.06838203741670379,39,28.867505551443376,33.775,58.0,0.530961570036312,0.9596901312552737,0.16666666666666666,93.0,93.0,93.0,9.3,38.0,3.8000000000000003,5,12,0.16666666666666666,0.16666666666666666,0.0,0.8333333333333334,0.0,0.3333333333333333,21.0,21.0,18.75,32.666666666666664
10,50,0.99,0.5,0.95,0.5,6,kf_sa_seed_0006.npz,50,5,35,651,700,871,480,0.6620583717357911,0.31797235023041476,0.019969278033794162,0.49142857142857144,0.5085714285714286,0.0,0.8661800486618005,0.13381995133819952,0.0,0.31956521739130433,0.6804347826086956,0.0,0.4225028702640643,0.43309002433090027,0.5774971297359357,0.7077534791252486,563,195,368,0.3463587921847247,0.40625,0.5832716506291635,0.5469543147208121,0.45304568527918787,0.33102918586789554,0.5948167654158437,0.5752867147825819,0.11177980883059953,0.14291637514543468,0.03113656631483515,33,24.42635085122132,39.73529411764706,58.0,0.530961570036312,0.9596901312552737,0.0,,,,,34.833333333333336,3.483333333333334,6,12,0.16666666666666666,0.16666666666666666,0.0,0.6666666666666666,0.0,0.3333333333333333,13.5,13.5,13.75,31.416666666666668
3,20,0.9,0.5,0.95,0.5,7,kf_sa_seed_0007.npz,20,5,35,681,700,901,480,0.6754772393538914,0.2936857562408223,0.030837004405286344,0.1442857142857143,0.6257142857142857,0.23,0.7687074829931972,0.23129251700680273,0.0,0.05,0.6804347826086956,0.26956521739130435,0.46059933407325193,0.5191363501922508,0.5394006659267481,0.9526748971193416,638,223,415,0.3495297805642633,0.46458333333333335,0.5380159304851557,0.8358008075370121,0.16419919246298786,0.4527386196769457,0.8536836584854206,0.8512010298874669,0.0961753327434462,0.5224334575008716,0.42625812475742536,86,62.27371469949312,15.873563218390805,20.0,0.5567564066955679,1.0518043671509247,0.8333333333333334,36.4,25.0,59.0,3.64,16.833333333333332,1.6833333333333333,1,12,0.75,0.75,0.0,1.0,0.5,1.0,19.11111111111111,18.0,14.5,23.083333333333332
3,20,0.95,0.5,0.95,0.5,7,kf_sa_seed_0007.npz,20,5,35,681,700,901,480,0.7430249632892805,0.22320117474302498,0.033773861967694566,0.16142857142857142,0.6228571428571429,0.21571428571428572,0.854875283446712,0.14512471655328799,0.0,0.06739130434782609,0.6673913043478261,0.26521739130434785,0.4117647058823529,0.56004633737553,0.5882352941176471,0.9415094339622642,588,217,371,0.36904761904761907,0.45208333333333334,0.5742215785662563,0.8284993694829761,0.1715006305170239,0.4793696245017831,0.8529368575624082,0.8484435770239488,0.08458341772196958,0.5016127434967697,0.41702932577480006,94,68.06661839246922,14.536842105263158,20.0,0.5567564066955679,1.0518043671509247,0.6666666666666666,41.0,41.0,55.0,4.1000000000000005,16.166666666666668,1.616666666666667,2,12,0.5833333333333334,0.5833333333333334,0.0,1.0,0.3333333333333333,0.8333333333333334,17.0,16.0,15.0,24.5
3,20,0.98,0.5,0.95,0.5,7,kf_sa_seed_0007.npz,20,5,35,681,700,901,480,0.8384728340675477,0.1277533039647577,0.033773861967694566,0.18857142857142858,0.6257142857142857,0.18571428571428572,0.9659863945578231,0.034013605442176874,0.0,0.08043478260869565,0.6782608695652174,0.24130434782608695,0.36293007769145397,0.603645371191955,0.6370699223085461,0.9355400696864111,525,198,327,0.37714285714285717,0.4125,0.6198406951484432,0.8189252336448598,0.1810747663551402,0.5120935598909166,0.8482357877071534,0.8385227979860039,0.0739896186773358,0.46095871063215715,0.3869690919548213,74,53.58435916002897,18.413333333333334,20.0,0.5567564066955679,1.0518043671509247,0.5,38.333333333333336,31.0,54.0,3.833333333333334,15.333333333333334,1.5333333333333334,3,12,0.5833333333333334,0.5833333333333334,0.0,1.0,0.3333333333333333,0.8333333333333334,17.0,16.0,14.083333333333334,24.5
3,20,0.99,0.5,0.95,0.5,7,kf_sa_seed_0007.npz,20,5,35,681,700,901,480,0.8575624082232012,0.10719530102790015,0.03524229074889868,0.22714285714285715,0.6242857142857143,0.14857142857142858,0.9841269841269841,0.015873015873015872,0.0,0.10652173913043478,0.6934782608695652,0.2,0.36182019977802443,0.5920634920634921,0.6381798002219756,0.9147826086956522,510,184,326,0.3607843137254902,0.38333333333333336,0.6307023895727734,0.7898966704936854,0.2101033295063146,0.5030669183973149,0.8380302076777848,0.8218012116806119,0.07234121165773356,0.4151938256219413,0.34285261396420774,56,40.55032585083273,24.228070175438596,20.0,0.5567564066955679,1.0518043671509247,0.5,42.666666666666664,40.0,55.0,4.266666666666667,15.166666666666666,1.5166666666666666,3,12,0.4166666666666667,0.4166666666666667,0.0,0.9166666666666666,0.0,0.8333333333333334,11.0,12.0,13.333333333333334,25.0
3,25,0.9,0.5,0.95,0.5,7,kf_sa_seed_0007.npz,25,5,35,676,700,896,480,0.7899408284023669,0.17307692307692307,0.03698224852071006,0.18,0.5942857142857143,0.2257142857142857,0.9105504587155964,0.08944954128440367,0.0,0.08478260869565217,0.6282608695652174,0.28695652173913044,0.36607142857142855,0.5987534902273635,0.6339285714285714,0.9313380281690141,533,205,328,0.38461538461538464,0.4270833333333333,0.6126453488372093,0.8208778173190985,0.17912218268090152,0.5078275570583263,0.8458748943364328,0.842532938420124,0.08139161843411795,0.49049214244843214,0.4091005240143142,74,53.77906976744186,18.346666666666668,25.0,0.5582368617481974,1.0518043671509247,0.6666666666666666,41.5,42.0,55.0,4.15,15.5,1.55,2,12,0.5833333333333334,0.5,0.08333333333333333,0.9166666666666666,0.3333333333333333,0.6666666666666666,16.428571428571427,17.0,14.333333333333334,24.166666666666668
3,25,0.95,0.5,0.95,0.5,7,kf_sa_seed_0007.npz,25,5,35,676,700,896,480,0.834319526627219,0.128698224852071,0.03698224852071006,0.18714285714285714,0.6,0.21285714285714286,0.9678899082568807,0.03211009174311927,0.0,0.08260869565217391,0.6369565217391304,0.28043478260869564,0.34263392857142855,0.6241623454327881,0.6573660714285714,0.9354838709677419,507,200,307,0.39447731755424065,0.4166666666666667,0.6315406976744186,0.8204833141542003,0.17951668584579972,0.5235883347421809,0.8441272189349113,0.8379426455325554,0.07635891480250402,0.47208817590616026,0.39572926110365625,60,43.604651162790695,22.557377049180328,25.0,0.5582368617481974,1.0518043671509247,0.6666666666666666,45.25,42.5,66.0,4.525,16.0,1.6,2,12,0.5833333333333334,0.5833333333333334,0.0,0.9166666666666666,0.3333333333333333,0.8333333333333334,17.142857142857142,17.0,14.333333333333334,24.583333333333332
3,25,0.98,0.5,0.95,0.5,7,kf_sa_seed_0007.npz,25,5,35,676,700,896,480,0.8579881656804734,0.10207100591715976,0.03994082840236687,0.21,0.6057142857142858,0.18428571428571427,0.9931192660550459,0.006880733944954129,0.0,0.09565217391304348,0.6521739130434783,0.25217391304347825,0.33816964285714285,0.6226465895492621,0.6618303571428571,0.9258010118043845,493,190,303,0.385395537525355,0.3958333333333333,0.6417151162790697,0.8029445073612684,0.19705549263873157,0.5211369399830938,0.838649619611158,0.8255986869952406,0.07324513331590048,0.43537673774882185,0.36213160443292136,56,40.69767441860465,24.140350877192983,25.0,0.5582368617481974,1.0518043671509247,0.5,41.666666666666664,38.0,55.0,4.166666666666667,15.666666666666666,1.5666666666666667,3,12,0.5,0.5,0.0,0.9166666666666666,0.16666666666666666,0.8333333333333334,14.833333333333334,14.0,13.833333333333334,24.916666666666668
3,25,0.99,0.5,0.95,0.5,7,kf_sa_seed_0007.npz,25,5,35,676,700,896,480,0.856508875739645,0.10059171597633136,0.042899408284023666,0.25857142857142856,0.5985714285714285,0.14285714285714285,0.9931192660550459,0.006880733944954129,0.0,0.11956521739130435,0.6869565217391305,0.1934782608695652,0.3560267857142857,0.5932987634623055,0.6439732142857143,0.9046793760831889,487,168,319,0.34496919917864477,0.35,0.6460755813953488,0.7637795275590551,0.2362204724409449,0.49968300929839393,0.8271999154691463,0.8065495485345928,0.07481772326019251,0.39310463205323676,0.3182869087930442,58,42.151162790697676,23.322033898305083,25.0,0.5582368617481974,1.0518043671509247,0.5,44.333333333333336,41.0,58.0,4.433333333333334,16.0,1.6,3,12,0.4166666666666667,0.4166666666666667,0.0,0.9166666666666666,0.0,0.8333333333333334,11.8,10.0,12.0,25.333333333333332
3,35,0.9,0.5,0.95,0.5,7,kf_sa_seed_0007.npz,35,5,35,666,700,886,480,0.8618618618618619,0.0960960960960961,0.042042042042042045,0.2542857142857143,0.55,0.1957142857142857,0.9906103286384976,0.009389671361502348,0.0,0.13260869565217392,0.5934782608695652,0.27391304347826084,0.3126410835214447,0.6322616860583792,0.6873589164785553,0.8998357963875205,449,172,277,0.3830734966592428,0.35833333333333334,0.671303074670571,0.7753544165757906,0.22464558342420937,0.5287880737880738,0.830969540969541,0.8179853258661235,0.07710044657196413,0.43894457716578017,0.36184413059381604,50,36.603221083455345,26.784313725490197,35.0,0.5622451064791708,1.0518043671509247,0.5,41.666666666666664,37.0,54.0,4.166666666666667,15.833333333333334,1.5833333333333335,3,12,0.4166666666666667,0.4166666666666667,0.0,0.9166666666666666,0.0,0.8333333333333334,11.4,6.0,12.666666666666666,25.166666666666668
3,35,0.95,0.5,0.95,0.5,7,kf_sa_seed_0007.npz,35,5,35,666,700,886,480,0.8588588588588588,0.0990990990990991,0.042042042042042045,0.27,0.5428571428571428,0.18714285714285714,0.9906103286384976,0.009389671361502348,0.0,0.14347826086956522,0.5934782608695652,0.26304347826086955,0.3126410835214447,0.6268269034496836,0.6873589164785553,0.8916256157635468,446,169,277,0.3789237668161435,0.35208333333333336,0.6734992679355783,0.7641304347826087,0.23586956521739133,0.5230008580008579,0.827957957957958,0.8111610381778064,0.07759095957663634,0.4238992393024316,0.34630827972579525,42,30.74670571010249,31.767441860465116,35.0,0.5622451064791708,1.0518043671509247,0.5,42.333333333333336,38.0,54.0,4.233333333333333,15.166666666666666,1.5166666666666666,3,12,0.4166666666666667,0.4166666666666667,0.0,0.9166666666666666,0.0,0.8333333333333334,10.4,6.0,12.0,24.75
3,35,0.98,0.5,0.95,0.5,7,kf_sa_seed_0007.npz,35,5,35,666,700,886,480,0.8438438438438438,0.1111111111111111,0.04504504504504504,0.30714285714285716,0.5357142857142857,0.15714285714285714,0.9859154929577465,0.014084507042253521,0.0,0.1673913043478261,0.6152173913043478,0.21739130434782608,0.3261851015801354,0.6016533986527863,0.6738148984198645,0.8710217755443886,449,160,289,0.35634743875278396,0.3333333333333333,0.671303074670571,0.732824427480916,0.26717557251908397,0.5004933504933504,0.8178528528528528,0.7926330972975336,0.08100565235125305,0.3904947699043592,0.30948911755310615,40,29.282576866764277,33.31707317073171,35.0,0.5622451064791708,1.0518043671509247,0.5,44.0,41.0,54.0,4.4,16.166666666666668,1.616666666666667,3,12,0.4166666666666667,0.4166666666666667,0.0,0.9166666666666666,0.0,0.8333333333333334,11.2,8.0,11.0,25.083333333333332
3,35,0.99,0.5,0.95,0.5,7,kf_sa_seed_0007.npz,35,5,35,666,700,886,480,0.8363363363363363,0.11711711711711711,0.046546546546546545,0.3442857142857143,0.5257142857142857,0.13,0.9812206572769953,0.018779342723004695,0.0,0.16521739130434782,0.658695652173913,0.17608695652173914,0.3510158013544018,0.5786538068993672,0.6489841986455982,0.8678260869565217,446,135,311,0.30269058295964124,0.28125,0.6734992679355783,0.7043478260869566,0.29565217391304344,0.48316816816816816,0.8022865722865723,0.7702848862385034,0.0851783568117877,0.34919247031025313,0.26401411349846543,36,26.35431918008785,36.91891891891892,35.0,0.5622451064791708,1.0518043671509247,0.3333333333333333,49.0,49.0,58.0,4.9,18.166666666666668,1.8166666666666669,4,12,0.3333333333333333,0.3333333333333333,0.0,0.9166666666666666,0.0,0.6666666666666666,7.75,7.5,9.5,25.916666666666668
3,50,0.9,0.5,0.95,0.5,7,kf_sa_seed_0007.npz,50,5,35,651,700,871,480,0.8202764976958525,0.1259600614439324,0.053763440860215055,0.38285714285714284,0.4742857142857143,0.14285714285714285,0.9537712895377128,0.046228710462287104,0.0,0.20217391304347826,0.6021739130434782,0.1956521739130435,0.33983926521239954,0.5747117317253781,0.6601607347876005,0.8382608695652174,414,118,296,0.28502415458937197,0.24583333333333332,0.6935603256846781,0.6766275346851655,0.32337246531483455,0.48156682027649766,0.7906758832565284,0.7587582255381806,0.09651995581452523,0.3652653111498758,0.2687453553353506,34,25.166543301258326,38.6,50.0,0.5689366009169473,1.0518043671509247,0.3333333333333333,46.5,46.5,51.0,4.65,20.0,2.0,4,12,0.3333333333333333,0.3333333333333333,0.0,0.8333333333333334,0.0,0.6666666666666666,7.75,6.5,8.166666666666666,25.916666666666668
3,50,0.95,0.5,0.95,0.5,7,kf_sa_seed_0007.npz,50,5,35,651,700,871,480,0.8141321044546851,0.13210445468509985,0.053763440860215055,0.39714285714285713,0.4614285714285714,0.14142857142857143,0.9513381995133819,0.04866180048661801,0.0,0.20217391304347826,0.6043478260869565,0.1934782608695652,0.3421354764638347,0.5724082301914736,0.6578645235361653,0.837696335078534,409,111,298,0.2713936430317848,0.23125,0.6972612879348631,0.667728237791932,0.332271762208068,0.4777803379416283,0.7840157998683345,0.7491135245743885,0.10004873870195469,0.3485329006865433,0.24848416198458861,26,19.24500370096225,50.03703703703704,50.0,0.5689366009169473,1.0518043671509247,0.3333333333333333,47.5,47.5,52.0,4.75,20.333333333333332,2.033333333333333,4,12,0.3333333333333333,0.3333333333333333,0.0,0.8333333333333334,0.0,0.6666666666666666,8.0,6.5,7.583333333333333,26.0
3,50,0.98,0.5,0.95,0.5,7,kf_sa_seed_0007.npz,50,5,35,651,700,871,480,0.804915514592934,0.13671274961597543,0.05837173579109063,0.42142857142857143,0.4442857142857143,0.13428571428571429,0.9464720194647201,0.0535279805352798,0.0,0.21521739130434783,0.6021739130434782,0.1826086956521739,0.34328358208955223,0.564540357558447,0.6567164179104478,0.8269230769230769,400,101,299,0.2525,0.21041666666666667,0.7039230199851961,0.6498422712933754,0.35015772870662465,0.4696006144393241,0.7673447443493526,0.7285506699480588,0.10558823017244039,0.3125591930215804,0.20697096284914002,30,22.20577350111029,43.58064516129032,50.0,0.5689366009169473,1.0518043671509247,0.3333333333333333,50.0,50.0,55.0,5.0,21.333333333333332,2.1333333333333333,4,12,0.3333333333333333,0.3333333333333333,0.0,0.8333333333333334,0.0,0.6666666666666666,9.0,7.5,6.75,26.333333333333332
3,50,0.99,0.5,0.95,0.5,7,kf_sa_seed_0007.npz,50,5,35,651,700,871,480,0.8003072196620584,0.1382488479262673,0.06144393241167435,0.4542857142857143,0.43857142857142856,0.10714285714285714,0.9391727493917275,0.06082725060827251,0.0,0.24565217391304348,0.6130434782608696,0.14130434782608695,0.35246842709529275,0.5402385486089072,0.6475315729047072,0.799645390070922,397,90,307,0.22670025188916876,0.1875,0.7061435973353072,0.6247379454926625,0.3752620545073375,0.45372503840245776,0.7452775949089313,0.7041233488515964,0.10952442997881887,0.2721132108848854,0.16258878090606652,28,20.72538860103627,46.58620689655172,50.0,0.5689366009169473,1.0518043671509247,0.3333333333333333,63.0,63.0,77.0,6.300000000000001,21.833333333333332,2.183333333333333,4,12,0.3333333333333333,0.3333333333333333,0.0,0.6666666666666666,0.0,0.6666666666666666,8.75,8.0,5.833333333333333,26.25
5,20,0.9,0.5,0.95,0.5,7,kf_sa_seed_0007.npz,20,5,35,681,700,901,480,0.2261380323054332,0.748898678414097,0.024963289280469897,0.017142857142857144,0.8642857142857143,0.11857142857142858,0.2471655328798186,0.7528344671201814,0.0,0.0,0.8391304347826087,0.1608695652173913,0.7968923418423973,0.20401754904860495,0.20310765815760268,1.0,1115,397,718,0.3560538116591928,0.8270833333333333,0.19261404779145547,0.8909774436090225,0.10902255639097747,0.1723547304384309,0.8760247535137403,0.863570963773025,0.1438865039519686,0.5234786466533276,0.379592142701359,63,45.61911658218682,21.578125,54.0,0.5567564066955679,1.0518043671509247,0.3333333333333333,96.5,96.5,161.0,9.65,35.333333333333336,3.5333333333333337,4,12,0.3333333333333333,0.3333333333333333,0.0,1.0,0.16666666666666666,0.5,24.25,23.5,28.75,31.416666666666668
5,20,0.95,0.5,0.95,0.5,7,kf_sa_seed_0007.npz,20,5,35,681,700,901,480,0.41262848751835535,0.5609397944199707,0.02643171806167401,0.05142857142857143,0.8314285714285714,0.11714285714285715,0.5079365079365079,0.49206349206349204,0.0,0.02391304347826087,0.8130434782608695,0.16304347826086957,0.655937846836848,0.33548999309868877,0.34406215316315203,0.964516129032258,964,373,591,0.3869294605809129,0.7770833333333333,0.30195510499637945,0.8705035971223022,0.1294964028776978,0.2648856723306062,0.8701447451227187,0.85541190856909,0.12106561992541896,0.49279759922678035,0.37173197930136137,87,62.99782766111513,15.693181818181818,53.0,0.5567564066955679,1.0518043671509247,0.3333333333333333,96.5,96.5,160.0,9.65,29.333333333333332,2.9333333333333336,4,12,0.3333333333333333,0.3333333333333333,0.0,1.0,0.0,0.6666666666666666,23.5,22.5,26.833333333333332,31.166666666666668
5,20,0.98,0.5,0.95,0.5,7,kf_sa_seed_0007.npz,20,5,35,681,700,901,480,0.6328928046989721,0.3377386196769457,0.02936857562408223,0.11857142857142858,0.7685714285714286,0.11285714285714285,0.7619047619047619,0.23809523809523808,0.0,0.02826086956521739,0.8217391304347826,0.15,0.5360710321864595,0.45595238095238094,0.46392896781354054,0.9688995215311005,768,285,483,0.37109375,0.59375,0.443881245474294,0.831973898858075,0.16802610114192496,0.3728749737780575,0.8573211663520034,0.8347506303539084,0.09841692640583473,0.4391948159250682,0.3407778895192335,65,47.067342505430844,20.924242424242426,37.0,0.5567564066955679,1.0518043671509247,0.5,98.0,95.0,165.0,9.8,27.5,2.75,3,12,0.3333333333333333,0.3333333333333333,0.0,1.0,0.0,0.6666666666666666,16.0,17.0,20.833333333333332,28.666666666666668
5,20,0.99,0.5,0.95,0.5,7,kf_sa_seed_0007.npz,20,5,35,681,700,901,480,0.7209985315712188,0.24522760646108663,0.033773861967694566,0.18428571428571427,0.71,0.10571428571428572,0.8934240362811792,0.10657596371882086,0.0,0.058695652173913045,0.7913043478260869,0.15,0.45615982241953384,0.5217120181405895,0.5438401775804661,0.9448979591836735,664,253,411,0.3810240963855422,0.5270833333333333,0.5191889934829833,0.7880055788005579,0.21199442119944212,0.4133564086427523,0.8327879169288861,0.8146053353681391,0.09397474971275,0.4138704575965062,0.3198957078837562,61,44.170890658942795,22.274193548387096,37.0,0.5567564066955679,1.0518043671509247,0.3333333333333333,100.0,100.0,164.0,10.0,24.333333333333332,2.4333333333333336,4,12,0.3333333333333333,0.3333333333333333,0.0,1.0,0.0,0.6666666666666666,17.75,16.5,18.583333333333332,29.25
5,25,0.9,0.5,0.95,0.5,7,kf_sa_seed_0007.npz,25,5,35,676,700,896,480,0.46597633136094674,0.5059171597633136,0.028106508875739646,0.06571428571428571,0.8142857142857143,0.12,0.5642201834862385,0.43577981651376146,0.0,0.02391304347826087,0.808695652173913,0.1673913043478261,0.6272321428571429,0.3658057439170323,0.37276785714285715,0.9670658682634731,912,350,562,0.38377192982456143,0.7291666666666666,0.3372093023255814,0.8599137931034483,0.1400862068965517,0.29298816568047337,0.8637658495350803,0.8487313932905355,0.11635075865238444,0.48641013821876844,0.370059379566384,77,55.9593023255814,17.641025641025642,37.0,0.5582368617481974,1.0518043671509247,0.3333333333333333,97.0,97.0,161.0,9.700000000000001,22.5,2.25,4,12,0.4166666666666667,0.4166666666666667,0.0,1.0,0.0,0.8333333333333334,19.6,19.0,23.666666666666668,28.583333333333332
5,25,0.95,0.5,0.95,0.5,7,kf_sa_seed_0007.npz,25,5,35,676,700,896,480,0.6020710059171598,0.3698224852071006,0.028106508875739646,0.12285714285714286,0.7657142857142857,0.11142857142857143,0.7362385321100917,0.26376146788990823,0.0,0.0391304347826087,0.8021739130434783,0.15869565217391304,0.5401785714285714,0.44746709214200237,0.45982142857142855,0.9563106796116505,786,302,484,0.3842239185750636,0.6291666666666667,0.42877906976744184,0.8220338983050848,0.17796610169491522,0.3567497886728656,0.8559446322907861,0.8392047930522281,0.10334540791969343,0.4592830054804194,0.35593759756072596,73,53.05232558139535,18.594594594594593,37.0,0.5582368617481974,1.0518043671509247,0.3333333333333333,99.0,99.0,163.0,9.9,21.166666666666668,2.1166666666666667,4,12,0.4166666666666667,0.4166666666666667,0.0,1.0,0.0,0.8333333333333334,17.8,18.0,20.416666666666668,27.833333333333332
5,25,0.98,0.5,0.95,0.5,7,kf_sa_seed_0007.npz,25,5,35,676,700,896,480,0.7204142011834319,0.2485207100591716,0.03106508875739645,0.16428571428571428,0.7285714285714285,0.10714285714285714,0.8738532110091743,0.12614678899082568,0.0,0.05217391304347826,0.7956521739130434,0.15217391304347827,0.46986607142857145,0.5130135620263263,0.5301339285714286,0.9494736842105264,678,257,421,0.37905604719764013,0.5354166666666667,0.5072674418604651,0.8051575931232091,0.19484240687679089,0.4137785291631445,0.8416969568892646,0.8200356006845498,0.09297871457760165,0.416478908027315,0.32350019344971337,45,32.70348837209303,29.91304347826087,37.0,0.5582368617481974,1.0518043671509247,0.3333333333333333,100.5,100.5,162.0,10.05,22.0,2.2,4,12,0.4166666666666667,0.4166666666666667,0.0,1.0,0.0,0.8333333333333334,18.4,17.0,18.666666666666668,28.083333333333332
5,25,0.99,0.5,0.95,0.5,7,kf_sa_seed_0007.npz,25,5,35,676,700,896,480,0.8002958579881657,0.16568047337278108,0.034023668639053255,0.24428571428571427,0.66,0.09571428571428571,0.9701834862385321,0.02981651376146789,0.0,0.07173913043478261,0.7934782608695652,0.13478260869565217,0.421875,0.5524830474670921,0.578125,0.9362934362934363,574,196,378,0.34146341463414637,0.4083333333333333,0.5828488372093024,0.7581047381546134,0.24189526184538657,0.44800507185122573,0.8385312764158918,0.8184846951364213,0.08481653938683402,0.41148447202815985,0.3266679326413258,37,26.88953488372093,36.21052631578947,37.0,0.5582368617481974,1.0518043671509247,0.16666666666666666,35.0,35.0,35.0,3.5,20.666666666666668,2.066666666666667,5,12,0.4166666666666667,0.4166666666666667,0.0,0.9166666666666666,0.0,0.8333333333333334,17.4,15.0,14.083333333333334,27.666666666666668
5,35,0.9,0.5,0.95,0.5,7,kf_sa_seed_0007.npz,35,5,35,666,700,886,480,0.7447447447447447,0.22372372372372373,0.03153153153153153,0.18857142857142858,0.7057142857142857,0.10571428571428572,0.9014084507042254,0.09859154929577464,0.0,0.07173913043478261,0.7804347826086957,0.14782608695652175,0.4525959367945824,0.5246172688303735,0.5474040632054176,0.931958762886598,643,242,401,0.37636080870917576,0.5041666666666667,0.5292825768667643,0.7883817427385892,0.2116182572614108,0.42522951522951524,0.8327327327327327,0.8138158519262424,0.09514399409459862,0.4218655643849302,0.3267215702903316,49,35.87115666178624,27.32,37.0,0.5622451064791708,1.0518043671509247,0.5,99.66666666666667,90.0,169.0,9.966666666666669,22.333333333333332,2.2333333333333334,3,12,0.4166666666666667,0.4166666666666667,0.0,1.0,0.0,0.8333333333333334,18.6,19.0,18.166666666666668,28.166666666666668
5,35,0.95,0.5,0.95,0.5,7,kf_sa_seed_0007.npz,35,5,35,666,700,886,480,0.7672672672672672,0.1981981981981982,0.03453453453453453,0.22714285714285715,0.6842857142857143,0.08857142857142856,0.9389671361502347,0.06103286384976526,0.0,0.08695652173913043,0.7913043478260869,0.12173913043478261,0.4401805869074492,0.5303531332925087,0.5598194130925508,0.9193548387096774,611,221,390,0.3617021276595745,0.46041666666666664,0.5527086383601757,0.7589403973509934,0.2410596026490066,0.4279193479193479,0.8242385242385243,0.8013609669686617,0.09285451888735226,0.39823937736971404,0.3053848584823618,43,31.478770131771597,31.045454545454547,37.0,0.5622451064791708,1.0518043671509247,0.16666666666666666,42.0,42.0,42.0,4.2,23.0,2.3000000000000003,5,12,0.3333333333333333,0.3333333333333333,0.0,1.0,0.0,0.6666666666666666,15.5,16.0,16.416666666666668,28.5
5,35,0.98,0.5,0.95,0.5,7,kf_sa_seed_0007.npz,35,5,35,666,700,886,480,0.7897897897897898,0.17267267267267267,0.03753753753753754,0.2842857142857143,0.6271428571428571,0.08857142857142856,0.9647887323943662,0.035211267605633804,0.0,0.10869565217391304,0.7673913043478261,0.12391304347826088,0.4153498871331828,0.5443508879363136,0.5846501128668171,0.9034749034749034,554,186,368,0.33574007220216606,0.3875,0.5944363103953147,0.7241379310344828,0.27586206896551724,0.43918060918060914,0.8054461604461605,0.7787008062079884,0.09314879034621913,0.3616781778826222,0.26852938753640304,31,22.693997071742313,42.6875,37.0,0.5622451064791708,1.0518043671509247,0.3333333333333333,106.0,106.0,171.0,10.600000000000001,23.0,2.3000000000000003,4,12,0.3333333333333333,0.3333333333333333,0.0,0.9166666666666666,0.0,0.6666666666666666,14.25,15.0,13.416666666666666,28.083333333333332
5,35,0.99,0.5,0.95,0.5,7,kf_sa_seed_0007.npz,35,5,35,666,700,886,480,0.8123123123123123,0.14864864864864866,0.03903903903903904,0.32,0.5928571428571429,0.08714285714285715,0.9788732394366197,0.02112676056338028,0.0,0.13043478260869565,0.7478260869565218,0.12173913043478261,0.3984198645598194,0.5503061849357012,0.6015801354401806,0.8874296435272045,514,161,353,0.3132295719844358,0.33541666666666664,0.623718887262079,0.7065727699530516,0.2934272300469484,0.44972758472758473,0.7932475332475333,0.7693589331055852,0.0920280349851548,0.346616159903134,0.2545881249179792,25,18.301610541727673,52.53846153846154,37.0,0.5622451064791708,1.0518043671509247,0.16666666666666666,39.0,39.0,39.0,3.9000000000000004,20.333333333333332,2.033333333333333,5,12,0.3333333333333333,0.3333333333333333,0.0,0.9166666666666666,0.0,0.6666666666666666,11.25,9.5,11.25,27.083333333333332
5,50,0.9,0.5,0.95,0.5,7,kf_sa_seed_0007.npz,50,5,35,651,700,871,480,0.7849462365591398,0.17204301075268819,0.043010752688172046,0.34285714285714286,0.5771428571428572,0.08,0.9586374695863747,0.0413625304136253,0.0,0.15434782608695652,0.741304347826087,0.10434782608695652,0.41102181400688864,0.5314926478366656,0.5889781859931114,0.8615984405458089,516,158,358,0.3062015503875969,0.32916666666666666,0.6180606957809031,0.6790419161676646,0.3209580838323354,0.43247311827956986,0.7787820934825543,0.7465089029595491,0.10479204483278962,0.328997423077767,0.2242053782449774,24,17.764618800888233,54.04,50.0,0.5689366009169473,1.0518043671509247,0.3333333333333333,70.0,70.0,90.0,7.0,23.333333333333332,2.3333333333333335,4,12,0.3333333333333333,0.3333333333333333,0.0,0.9166666666666666,0.0,0.6666666666666666,13.25,13.0,11.333333333333334,27.75
5,50,0.95,0.5,0.95,0.5,7,kf_sa_seed_0007.npz,50,5,35,651,700,871,480,0.783410138248848,0.17357910906298002,0.043010752688172046,0.36857142857142855,0.5585714285714286,0.07285714285714286,0.9562043795620438,0.043795620437956206,0.0,0.16304347826086957,0.741304347826087,0.09565217391304348,0.4121699196326062,0.5259282767375437,0.5878300803673938,0.853515625,504,145,359,0.2876984126984127,0.3020833333333333,0.6269430051813472,0.6623376623376623,0.33766233766233766,0.4281336405529954,0.7660675883256528,0.7333108466927147,0.10749343919324839,0.31055665953081163,0.20306322033756324,26,19.24500370096225,50.03703703703704,50.0,0.5689366009169473,1.0518043671509247,0.16666666666666666,52.0,52.0,52.0,5.2,23.5,2.35,5,12,0.3333333333333333,0.3333333333333333,0.0,0.9166666666666666,0.0,0.6666666666666666,13.25,13.0,10.166666666666666,27.75
5,50,0.98,0.5,0.95,0.5,7,kf_sa_seed_0007.npz,50,5,35,651,700,871,480,0.7711213517665131,0.1827956989247312,0.04608294930875576,0.4114285714285714,0.5185714285714286,0.07,0.9391727493917275,0.06082725060827251,0.0,0.20217391304347826,0.7021739130434783,0.09565217391304348,0.399540757749713,0.5174124616523854,0.600459242250287,0.8221797323135756,482,134,348,0.27800829875518673,0.2791666666666667,0.6432272390821614,0.6340621403912543,0.3659378596087457,0.4205606758832565,0.7426135615536538,0.708143537421182,0.11131069861313915,0.2799888574949909,0.16867815888185178,16,11.843079200592154,79.47058823529412,50.0,0.5689366009169473,1.0518043671509247,0.16666666666666666,51.0,51.0,51.0,5.1000000000000005,24.833333333333332,2.4833333333333334,5,12,0.3333333333333333,0.3333333333333333,0.0,0.75,0.0,0.6666666666666666,13.5,13.0,9.083333333333334,27.833333333333332
5,50,0.99,0.5,0.95,0.5,7,kf_sa_seed_0007.npz,50,5,35,651,700,871,480,0.783410138248848,0.17050691244239632,0.04608294930875576,0.4442857142857143,0.48428571428571426,0.07142857142857142,0.9562043795620438,0.043795620437956206,0.0,0.22826086956521738,0.6739130434782609,0.09782608695652174,0.37657864523536166,0.5270152332592828,0.6234213547646383,0.8066298342541437,450,122,328,0.27111111111111114,0.25416666666666665,0.6669133974833457,0.6215316315205327,0.3784683684794673,0.4274193548387097,0.7196598639455782,0.683404231357047,0.1108889563777356,0.2574235128761403,0.1465345564984047,20,14.803849000740193,64.33333333333333,50.0,0.5689366009169473,1.0518043671509247,0.16666666666666666,50.0,50.0,50.0,5.0,23.666666666666668,2.3666666666666667,5,12,0.3333333333333333,0.3333333333333333,0.0,0.6666666666666666,0.0,0.6666666666666666,13.5,11.5,8.083333333333334,27.833333333333332
7,35,0.9,0.5,0.95,0.5,7,kf_sa_seed_0007.npz,35,5,35,666,700,886,480,0.33483483483483484,0.6366366366366366,0.028528528528528527,0.08428571428571428,0.83,0.08571428571428572,0.44835680751173707,0.5516431924882629,0.0,0.02608695652173913,0.8543478260869565,0.11956521739130435,0.708803611738149,0.2839610124515207,0.291196388261851,0.9534883720930233,1005,377,628,0.37512437810945276,0.7854166666666667,0.2642752562225476,0.7839335180055401,0.21606648199445988,0.21027456027456026,0.8014414414414415,0.7842152234120902,0.15438618977423288,0.4523943023368394,0.2980081125626065,57,41.72767203513909,23.551724137931036,41.0,0.5622451064791708,1.0518043671509247,0.16666666666666666,40.0,40.0,40.0,4.0,53.0,5.300000000000001,5,12,0.25,0.25,0.0,1.0,0.0,0.5,26.333333333333332,25.0,27.333333333333332,32.833333333333336
7,35,0.95,0.5,0.95,0.5,7,kf_sa_seed_0007.npz,35,5,35,666,700,886,480,0.44144144144144143,0.5285285285285285,0.03003003003003003,0.12714285714285714,0.7871428571428571,0.08571428571428572,0.596244131455399,0.40375586854460094,0.0,0.030434782608695653,0.85,0.11956521739130435,0.6354401805869074,0.35790467442335167,0.36455981941309257,0.9566563467492261,903,340,563,0.37652270210409744,0.7083333333333334,0.3389458272327965,0.7645788336933045,0.23542116630669552,0.26357786357786356,0.7903517803517803,0.772911823437411,0.14001646524022116,0.42178713497928894,0.2817706697390678,51,37.33528550512445,26.26923076923077,41.0,0.5622451064791708,1.0518043671509247,0.16666666666666666,40.0,40.0,40.0,4.0,50.833333333333336,5.083333333333334,5,12,0.25,0.25,0.0,1.0,0.0,0.5,26.333333333333332,25.0,24.916666666666668,32.833333333333336
7,35,0.98,0.5,0.95,0.5,7,kf_sa_seed_0007.npz,35,5,35,666,700,886,480,0.5720720720720721,0.3948948948948949,0.03303303303303303,0.18428571428571427,0.73,0.08571428571428572,0.7723004694835681,0.22769953051643194,0.0,0.043478260869565216,0.8369565217391305,0.11956521739130435,0.5440180586907449,0.4459328434374362,0.45598194130925507,0.9504950495049505,774,292,482,0.3772609819121447,0.6083333333333333,0.4333821376281113,0.7449324324324325,0.25506756756756754,0.32889317889317893,0.7764350064350064,0.7555605281702109,0.1288123865337888,0.3828942764106838,0.254081889876895,49,35.87115666178624,27.32,41.0,0.5622451064791708,1.0518043671509247,0.16666666666666666,40.0,40.0,40.0,4.0,42.0,4.2,5,12,0.25,0.25,0.0,1.0,0.0,0.5,25.666666666666668,25.0,21.75,32.666666666666664
7,35,0.99,0.5,0.95,0.5,7,kf_sa_seed_0007.npz,35,5,35,666,700,886,480,0.6261261261261262,0.33633633633633636,0.03753753753753754,0.24714285714285714,0.6685714285714286,0.08428571428571428,0.812206572769953,0.18779342723004694,0.0,0.06956521739130435,0.8130434782608695,0.11739130434782609,0.5124153498871332,0.46479893855888954,0.48758465011286684,0.9259259259259259,692,238,454,0.3439306358381503,0.49583333333333335,0.493411420204978,0.7062314540059347,0.2937685459940653,0.35520592020592023,0.757067782067782,0.7422679682188119,0.12151019459399794,0.3525118628388523,0.23100166824485435,41,30.01464128843338,32.523809523809526,41.0,0.5622451064791708,1.0518043671509247,0.16666666666666666,41.0,41.0,41.0,4.1000000000000005,36.333333333333336,3.6333333333333337,5,12,0.3333333333333333,0.3333333333333333,0.0,1.0,0.0,0.6666666666666666,23.75,23.5,17.25,31.25
7,50,0.9,0.5,0.95,0.5,7,kf_sa_seed_0007.npz,50,5,35,651,700,871,480,0.5929339477726574,0.3671274961597542,0.039938556067588324,0.26571428571428574,0.6657142857142857,0.06857142857142857,0.8199513381995134,0.18004866180048662,0.0,0.09347826086956522,0.8130434782608695,0.09347826086956522,0.5143513203214696,0.4567147995345393,0.4856486796785304,0.8983451536643026,705,257,448,0.3645390070921986,0.5354166666666667,0.47816432272390824,0.6718266253869969,0.3281733746130031,0.330752688172043,0.7367654158437569,0.7221706053378446,0.13521379236838424,0.3532898816169863,0.21807608924860208,38,28.127313101406365,34.64102564102564,50.0,0.5689366009169473,1.0518043671509247,0.16666666666666666,52.0,52.0,52.0,5.2,41.166666666666664,4.116666666666666,5,12,0.16666666666666666,0.16666666666666666,0.0,1.0,0.0,0.3333333333333333,26.5,26.5,19.333333333333332,33.583333333333336
7,50,0.95,0.5,0.95,0.5,7,kf_sa_seed_0007.npz,50,5,35,651,700,871,480,0.6436251920122887,0.31643625192012287,0.039938556067588324,0.30428571428571427,0.6271428571428571,0.06857142857142857,0.8905109489051095,0.10948905109489052,0.0,0.11304347826086956,0.7934782608695652,0.09347826086956522,0.4707233065442021,0.4919946048873374,0.529276693455798,0.8872017353579176,645,235,410,0.3643410852713178,0.4895833333333333,0.5225758697261288,0.6614730878186968,0.33852691218130315,0.3560983102918587,0.7287974544656572,0.7110754428055642,0.13089295176511986,0.32750857612581374,0.19661562436069388,26,19.24500370096225,50.03703703703704,50.0,0.5689366009169473,1.0518043671509247,0.16666666666666666,52.0,52.0,52.0,5.2,38.5,3.85,5,12,0.16666666666666666,0.16666666666666666,0.0,0.9166666666666666,0.0,0.3333333333333333,24.5,24.5,17.5,33.25
7,50,0.98,0.5,0.95,0.5,7,kf_sa_seed_0007.npz,50,5,35,651,700,871,480,0.6804915514592934,0.2780337941628264,0.041474654377880185,0.3585714285714286,0.5714285714285714,0.07,0.9075425790754258,0.09245742092457421,0.0,0.1391304347826087,0.7652173913043478,0.09565217391304348,0.44776119402985076,0.5015973764942346,0.5522388059701493,0.8669438669438669,581,191,390,0.3287435456110155,0.39791666666666664,0.5699481865284974,0.638961038961039,0.36103896103896105,0.3752457757296467,0.7084814570989686,0.6870753018116424,0.12667382371995856,0.2972881957713319,0.17061437205137336,18,13.323464100666174,71.10526315789474,50.0,0.5689366009169473,1.0518043671509247,0.16666666666666666,51.0,51.0,51.0,5.1000000000000005,34.833333333333336,3.483333333333334,5,12,0.25,0.25,0.0,0.75,0.0,0.5,22.333333333333332,22.0,13.833333333333334,31.833333333333332
7,50,0.99,0.5,0.95,0.5,7,kf_sa_seed_0007.npz,50,5,35,651,700,871,480,0.6712749615975423,0.2887864823348694,0.039938556067588324,0.3985714285714286,0.5328571428571428,0.06857142857142857,0.8905109489051095,0.10948905109489052,0.0,0.1782608695652174,0.7282608695652174,0.09347826086956522,0.4362801377726751,0.4919946048873374,0.563719862227325,0.8329938900203666,561,181,380,0.3226381461675579,0.3770833333333333,0.5847520355292376,0.6139240506329114,0.38607594936708856,0.36992319508448546,0.6781961816984858,0.6656401073079339,0.12508784938221354,0.27224031668271403,0.1471524673005005,22,16.28423390081421,58.73913043478261,50.0,0.5689366009169473,1.0518043671509247,0.16666666666666666,52.0,52.0,52.0,5.2,36.166666666666664,3.6166666666666667,5,12,0.25,0.25,0.0,0.75,0.0,0.5,22.0,22.0,13.0,31.75
10,50,0.9,0.5,0.95,0.5,7,kf_sa_seed_0007.npz,50,5,35,651,700,871,480,0.34101382488479265,0.6298003072196621,0.029185867895545316,0.09142857142857143,0.8528571428571429,0.055714285714285716,0.48905109489051096,0.5109489051094891,0.0,0.004347826086956522,0.9217391304347826,0.07391304347826087,0.7278989667049368,0.2814820691843859,0.27210103329506313,0.9915611814345991,1007,373,634,0.37040714995034757,0.7770833333333333,0.2546262028127313,0.7587209302325582,0.24127906976744184,0.19836405529953918,0.7531797235023041,0.727840507617216,0.15715311671253743,0.34046999407746775,0.18331687736493033,49,36.26943005181347,27.02,58.0,0.5689366009169473,1.0518043671509247,0.16666666666666666,61.0,61.0,61.0,6.1000000000000005,57.666666666666664,5.766666666666667,5,12,0.08333333333333333,0.08333333333333333,0.0,1.0,0.0,0.16666666666666666,32.0,32.0,27.916666666666668,34.75
10,50,0.95,0.5,0.95,0.5,7,kf_sa_seed_0007.npz,50,5,35,651,700,871,480,0.49923195084485406,0.4700460829493088,0.030721966205837174,0.15571428571428572,0.7942857142857143,0.05,0.7104622871046229,0.2895377128953771,0.0,0.034782608695652174,0.9,0.06521739130434782,0.6119402985074627,0.38783983920448534,0.3880597014925373,0.9526627218934911,862,329,533,0.38167053364269143,0.6854166666666667,0.3619541080680977,0.7361963190184049,0.2638036809815951,0.27461597542242705,0.7357625630897521,0.7075179394515182,0.1507500221805203,0.30737611039859625,0.15662608821807594,43,31.828275351591415,30.704545454545453,58.0,0.5689366009169473,1.0518043671509247,0.16666666666666666,65.0,65.0,65.0,6.5,52.166666666666664,5.216666666666667,5,12,0.08333333333333333,0.08333333333333333,0.0,1.0,0.0,0.16666666666666666,30.0,30.0,25.083333333333332,34.583333333333336
10,50,0.98,0.5,0.95,0.5,7,kf_sa_seed_0007.npz,50,5,35,651,700,871,480,0.5622119815668203,0.40860215053763443,0.029185867895545316,0.25857142857142856,0.7028571428571428,0.03857142857142857,0.7956204379562044,0.20437956204379562,0.0,0.07173913043478261,0.8804347826086957,0.04782608695652174,0.5614236509758898,0.42172326245636305,0.43857634902411025,0.9136125654450262,758,269,489,0.3548812664907652,0.5604166666666667,0.4389341228719467,0.6627318718381113,0.33726812816188867,0.30039170506912444,0.696405529953917,0.6643371273781179,0.14066822216842964,0.24688330070126552,0.10621507853283588,37,27.387120651369354,35.55263157894737,58.0,0.5689366009169473,1.0518043671509247,0.16666666666666666,73.0,73.0,73.0,7.300000000000001,46.666666666666664,4.666666666666667,5,12,0.08333333333333333,0.08333333333333333,0.0,1.0,0.0,0.16666666666666666,29.0,29.0,20.333333333333332,34.5
10,50,0.99,0.5,0.95,0.5,7,kf_sa_seed_0007.npz,50,5,35,651,700,871,480,0.6113671274961597,0.3640552995391705,0.02457757296466974,0.35285714285714287,0.6242857142857143,0.022857142857142857,0.8369829683698297,0.1630170316301703,0.0,0.12391304347826088,0.8521739130434782,0.02391304347826087,0.5269804822043628,0.43044800592404525,0.4730195177956372,0.8616504854368932,674,215,459,0.3189910979228487,0.4479166666666667,0.5011102886750555,0.6115214180206795,0.3884785819793205,0.3171121351766513,0.6551174017994295,0.6217680959167515,0.12883896390140018,0.18957838465055626,0.06073942074915609,25,18.50481125092524,51.96153846153846,58.0,0.5689366009169473,1.0518043671509247,0.16666666666666666,84.0,84.0,84.0,8.4,41.333333333333336,4.133333333333334,5,12,0.16666666666666666,0.16666666666666666,0.0,0.8333333333333334,0.0,0.3333333333333333,24.5,24.5,15.833333333333334,33.25
3,20,0.9,0.5,0.95,0.5,8,kf_sa_seed_0008.npz,20,5,35,681,700,901,480,0.7077826725403817,0.2922173274596182,0.0,0.25,0.67,0.08,0.8049886621315193,0.19501133786848074,0.0,0.11739130434782609,0.7652173913043478,0.11739130434782609,0.48612652608213097,0.4611899832396727,0.5138734739178691,0.8833693304535637,668,230,438,0.344311377245509,0.4791666666666667,0.5162925416364953,0.7545582047685835,0.24544179523141652,0.39389133627019085,0.7828990979651773,0.8114338404880469,0.06783006182570347,0.31703301688867097,0.2492029550629675,98,70.96307023895727,13.94949494949495,20.0,0.5240064544619143,0.7663616329577855,0.3333333333333333,102.0,102.0,128.0,10.200000000000001,18.666666666666668,1.866666666666667,4,12,0.5,0.4166666666666667,0.08333333333333333,0.9166666666666666,0.0,0.8333333333333334,18.666666666666668,20.0,16.583333333333332,26.833333333333332
3,20,0.95,0.5,0.95,0.5,8,kf_sa_seed_0008.npz,20,5,35,681,700,901,480,0.7988252569750367,0.2011747430249633,0.0,0.31,0.6071428571428571,0.08285714285714285,0.9138321995464853,0.08616780045351474,0.0,0.17608695652173914,0.7065217391304348,0.11739130434782609,0.40288568257491675,0.5156117519471557,0.5971143174250833,0.8494423791821561,562,199,363,0.3540925266903915,0.41458333333333336,0.5930485155684286,0.7350427350427351,0.2649572649572649,0.4408411999160898,0.7763205370253828,0.806194189856723,0.05597470844002083,0.2901914011769517,0.23421669273693085,90,65.17016654598117,15.175824175824175,20.0,0.5240064544619143,0.7663616329577855,0.3333333333333333,102.5,102.5,129.0,10.25,15.666666666666666,1.5666666666666667,4,12,0.5,0.4166666666666667,0.08333333333333333,0.8333333333333334,0.0,0.8333333333333334,15.666666666666666,20.0,14.25,25.333333333333332
3,20,0.98,0.5,0.95,0.5,8,kf_sa_seed_0008.npz,20,5,35,681,700,901,480,0.8942731277533039,0.10572687224669604,0.0,0.42,0.5014285714285714,0.07857142857142857,0.9977324263038548,0.0022675736961451248,0.0,0.2543478260869565,0.6326086956521739,0.11304347826086956,0.32408435072142067,0.5553879522823622,0.6759156492785794,0.8078817733990148,423,131,292,0.30969267139479906,0.27291666666666664,0.6937002172338885,0.6931106471816284,0.3068893528183716,0.4864222781623663,0.7645017830920915,0.7921936477193463,0.041893425810241566,0.24411790928131274,0.2022244834710712,38,27.516292541636496,35.41025641025641,20.0,0.5240064544619143,0.7663616329577855,0.3333333333333333,103.5,103.5,131.0,10.350000000000001,10.666666666666666,1.0666666666666667,4,12,0.5,0.3333333333333333,0.16666666666666666,0.6666666666666666,0.0,0.6666666666666666,10.666666666666666,5.0,9.0,22.833333333333332
3,20,0.99,0.5,0.95,0.5,8,kf_sa_seed_0008.npz,20,5,35,681,700,901,480,0.9104258443465492,0.08957415565345081,0.0,0.5028571428571429,0.4185714285714286,0.07857142857142857,1.0,0.0,0.0,0.34782608695652173,0.5391304347826087,0.11304347826086956,0.27524972253052166,0.5565217391304348,0.7247502774694784,0.7549770290964778,354,106,248,0.2994350282485876,0.22083333333333333,0.7436640115858074,0.6572541382667965,0.34274586173320354,0.49449863645898884,0.7518691000629326,0.774782430832948,0.03380162436448507,0.20150228275944893,0.16770065839496384,24,17.378711078928312,55.24,20.0,0.5240064544619143,0.7663616329577855,0.3333333333333333,105.5,105.5,135.0,10.55,10.333333333333334,1.0333333333333334,4,12,0.5,0.25,0.25,0.5,0.0,0.5,10.333333333333334,4.0,7.583333333333333,22.666666666666668
3,25,0.9,0.5,0.95,0.5,8,kf_sa_seed_0008.npz,25,5,35,676,700,896,480,0.8505917159763313,0.14644970414201183,0.0029585798816568047,0.36142857142857143,0.5571428571428572,0.08142857142857143,0.9655963302752294,0.034403669724770644,0.0,0.22391304347826088,0.6630434782608695,0.11304347826086956,0.35714285714285715,0.5393199042680494,0.6428571428571429,0.8211805555555556,489,169,320,0.3456032719836401,0.35208333333333336,0.6446220930232558,0.7125140924464487,0.2874859075535513,0.46601014370245136,0.767242180896027,0.7985574774770825,0.05209323067842403,0.2797082125556934,0.22761498187726936,72,52.325581395348834,18.84931506849315,25.0,0.5261653282779474,0.7663616329577855,0.3333333333333333,103.5,103.5,131.0,10.350000000000001,13.166666666666666,1.3166666666666667,4,12,0.5,0.3333333333333333,0.16666666666666666,0.75,0.0,0.6666666666666666,13.166666666666666,13.5,11.416666666666666,24.083333333333332
3,25,0.95,0.5,0.95,0.5,8,kf_sa_seed_0008.npz,25,5,35,676,700,896,480,0.886094674556213,0.11094674556213018,0.0029585798816568047,0.42142857142857143,0.4942857142857143,0.08428571428571428,0.9954128440366973,0.0045871559633027525,0.0,0.26956521739130435,0.6130434782608696,0.11739130434782609,0.3169642857142857,0.5564020741922617,0.6830357142857143,0.7973856209150327,421,137,284,0.3254156769596199,0.28541666666666665,0.6940406976744186,0.6890052356020943,0.31099476439790574,0.48519019442096367,0.7611432797971259,0.7915044896693857,0.045953845198325426,0.2587161804850092,0.21276233528668378,44,31.976744186046513,30.57777777777778,25.0,0.5261653282779474,0.7663616329577855,0.3333333333333333,104.0,104.0,132.0,10.4,10.833333333333334,1.0833333333333335,4,12,0.5,0.3333333333333333,0.16666666666666666,0.6666666666666666,0.0,0.6666666666666666,10.833333333333334,5.0,9.0,22.916666666666668
3,25,0.98,0.5,0.95,0.5,8,kf_sa_seed_0008.npz,25,5,35,676,700,896,480,0.9068047337278107,0.08875739644970414,0.004437869822485207,0.49,0.42714285714285716,0.08285714285714285,1.0,0.0,0.0,0.33260869565217394,0.55,0.11739130434782609,0.28236607142857145,0.558695652173913,0.7176339285714286,0.7620528771384136,359,106,253,0.29526462395543174,0.22083333333333333,0.7390988372093024,0.6597836774827925,0.34021632251720746,0.49483093829247676,0.7506424344885884,0.7771706349665877,0.03796352188334891,0.22111493608222718,0.18315141419887826,24,17.441860465116278,55.04,25.0,0.5261653282779474,0.7663616329577855,0.3333333333333333,105.0,105.0,134.0,10.5,10.666666666666666,1.0666666666666667,4,12,0.5,0.25,0.25,0.5,0.0,0.5,10.666666666666666,4.0,7.666666666666667,22.833333333333332
3,25,0.99,0.5,0.95,0.5,8,kf_sa_seed_0008.npz,25,5,35,676,700,896,480,0.908284023668639,0.09023668639053255,0.0014792899408284023,0.5385714285714286,0.38142857142857145,0.08,1.0,0.0,0.0,0.3782608695652174,0.508695652173913,0.11304347826086956,0.2611607142857143,0.5565217391304348,0.7388392857142857,0.7371601208459214,328,94,234,0.2865853658536585,0.19583333333333333,0.7616279069767442,0.6393129770992366,0.3606870229007634,0.4941420118343195,0.7379839391377853,0.7614076949877405,0.03252970135734424,0.18532515398337782,0.15279545262603358,30,21.802325581395348,44.38709677419355,25.0,0.5261653282779474,0.7663616329577855,0.3333333333333333,106.5,106.5,137.0,10.65,10.5,1.05,4,12,0.5,0.25,0.25,0.4166666666666667,0.0,0.5,10.5,4.0,6.666666666666667,22.75
3,35,0.9,0.5,0.95,0.5,8,kf_sa_seed_0008.npz,35,5,35,666,700,886,480,0.9009009009009009,0.0915915915915916,0.0075075075075075074,0.4957142857142857,0.4228571428571429,0.08142857142857143,1.0,0.0,0.0,0.33260869565217394,0.5521739130434783,0.11521739130434783,0.2866817155756208,0.557608695652174,0.7133182844243793,0.7579113924050633,357,103,254,0.28851540616246496,0.21458333333333332,0.7386530014641288,0.6511397423191279,0.34886025768087214,0.49116473616473616,0.7344658944658945,0.7630376238867542,0.04229459004935686,0.22440781382325448,0.1821132237738976,20,14.641288433382138,65.04761904761905,35.0,0.5294336132223301,0.7663616329577855,0.3333333333333333,106.0,106.0,136.0,10.600000000000001,11.0,1.1,4,12,0.5,0.25,0.25,0.5,0.0,0.5,11.0,4.0,7.25,23.0
3,35,0.95,0.5,0.95,0.5,8,kf_sa_seed_0008.npz,35,5,35,666,700,886,480,0.9009009009009009,0.09309309309309309,0.006006006006006006,0.5214285714285715,0.3985714285714286,0.08,1.0,0.0,0.0,0.35434782608695653,0.532608695652174,0.11304347826086956,0.2765237020316027,0.5565217391304348,0.7234762979683973,0.7457098283931357,341,96,245,0.28152492668621704,0.2,0.7503660322108345,0.64,0.36,0.49045045045045044,0.7300643500643501,0.7586290385656239,0.039664012522521865,0.21048396843816425,0.1708199559156424,22,16.105417276720353,59.391304347826086,35.0,0.5294336132223301,0.7663616329577855,0.3333333333333333,107.0,107.0,138.0,10.700000000000001,11.0,1.1,4,12,0.5,0.25,0.25,0.4166666666666667,0.0,0.5,11.0,4.0,6.75,23.0
3,35,0.98,0.5,0.95,0.5,8,kf_sa_seed_0008.npz,35,5,35,666,700,886,480,0.8993993993993994,0.0945945945945946,0.006006006006006006,0.5728571428571428,0.3485714285714286,0.07857142857142857,1.0,0.0,0.0,0.40869565217391307,0.48043478260869565,0.1108695652173913,0.24943566591422123,0.5554347826086956,0.7505643340857788,0.7172932330827068,307,86,221,0.28013029315960913,0.17916666666666667,0.7752562225475842,0.6175637393767706,0.38243626062322944,0.48898541398541395,0.7206992706992706,0.7485804758949025,0.035656180216767905,0.18449556721465224,0.14883938699788435,32,23.42606149341142,41.39393939393939,35.0,0.5294336132223301,0.7663616329577855,0.3333333333333333,108.0,108.0,140.0,10.8,11.333333333333334,1.1333333333333335,4,12,0.5,0.25,0.25,0.3333333333333333,0.0,0.5,11.333333333333334,4.0,6.0,23.166666666666668
3,35,0.99,0.5,0.95,0.5,8,kf_sa_seed_0008.npz,35,5,35,666,700,886,480,0.9024024024024024,0.0945945945945946,0.003003003003003003,0.6257142857142857,0.30142857142857143,0.07285714285714286,1.0,0.0,0.0,0.4826086956521739,0.41304347826086957,0.10434782608695652,0.2144469525959368,0.5521739130434783,0.7855530474040632,0.6810344827586207,274,84,190,0.30656934306569344,0.175,0.7994143484626647,0.5970695970695971,0.40293040293040294,0.48762977262977264,0.7042320892320892,0.7327665158345427,0.03269488561023646,0.15864046368666915,0.1259455780764327,26,19.03367496339678,50.592592592592595,35.0,0.5294336132223301,0.7663616329577855,0.3333333333333333,109.5,109.5,143.0,10.950000000000001,10.833333333333334,1.0833333333333335,4,12,0.5,0.25,0.25,0.3333333333333333,0.0,0.5,10.833333333333334,3.0,5.75,22.916666666666668
3,50,0.9,0.5,0.95,0.5,8,kf_sa_seed_0008.npz,50,5,35,651,700,871,480,0.8970814132104454,0.10291858678955453,0.0,0.62,0.30714285714285716,0.07285714285714286,1.0,0.0,0.0,0.46956521739130436,0.41956521739130437,0.1108695652173913,0.22158438576349024,0.5554347826086956,0.7784156142365097,0.6814159292035398,282,89,193,0.31560283687943264,0.18541666666666667,0.7912657290895633,0.5940130963517306,0.4059869036482694,0.48496927803379414,0.6954180381830152,0.7302756289804782,0.039078544107566615,0.1700247265133096,0.130946182405743,16,11.843079200592154,79.47058823529412,50.0,0.5350219562337957,0.7663616329577855,0.3333333333333333,110.0,110.0,145.0,11.0,11.166666666666666,1.1166666666666667,4,12,0.4166666666666667,0.16666666666666666,0.25,0.3333333333333333,0.0,0.3333333333333333,6.8,0.0,5.916666666666667,23.25
3,50,0.95,0.5,0.95,0.5,8,kf_sa_seed_0008.npz,50,5,35,651,700,871,480,0.8970814132104454,0.10291858678955453,0.0,0.6314285714285715,0.29714285714285715,0.07142857142857142,1.0,0.0,0.0,0.48043478260869565,0.4108695652173913,0.10869565217391304,0.21699196326061998,0.5543478260869565,0.78300803673938,0.6759530791788856,275,86,189,0.31272727272727274,0.17916666666666667,0.7964470762398224,0.5892193308550185,0.41078066914498146,0.4842549923195084,0.6884551239850779,0.7241409677018238,0.037936452357529626,0.16236413688556106,0.12442768452803143,16,11.843079200592154,79.47058823529412,50.0,0.5350219562337957,0.7663616329577855,0.3333333333333333,111.0,111.0,147.0,11.100000000000001,11.166666666666666,1.1166666666666667,4,12,0.4166666666666667,0.16666666666666666,0.25,0.3333333333333333,0.0,0.3333333333333333,6.8,0.0,5.75,23.25
3,50,0.98,0.5,0.95,0.5,8,kf_sa_seed_0008.npz,50,5,35,651,700,871,480,0.9032258064516129,0.0967741935483871,0.0,0.6742857142857143,0.26,0.06571428571428571,1.0,0.0,0.0,0.5434782608695652,0.3630434782608696,0.09347826086956522,0.19173363949483352,0.5467391304347826,0.8082663605051664,0.6448863636363636,245,78,167,0.3183673469387755,0.1625,0.8186528497409327,0.5732368896925859,0.4267631103074141,0.4844700460829493,0.6718257625630898,0.7088908888277903,0.03619045843296462,0.14591271093634622,0.1097222525033816,26,19.24500370096225,50.03703703703704,50.0,0.5350219562337957,0.7663616329577855,0.3333333333333333,115.0,115.0,154.0,11.5,10.833333333333334,1.0833333333333335,4,12,0.4166666666666667,0.16666666666666666,0.25,0.3333333333333333,0.0,0.3333333333333333,6.0,0.0,5.333333333333333,22.916666666666668
3,50,0.99,0.5,0.95,0.5,8,kf_sa_seed_0008.npz,50,5,35,651,700,871,480,0.9093701996927803,0.09062980030721966,0.0,0.7471428571428571,0.20285714285714285,0.05,0.9975669099756691,0.0024330900243309003,0.0,0.6521739130434783,0.27391304347826084,0.07391304347826087,0.14580941446613088,0.5357399767269649,0.8541905855338691,0.5967741935483871,201,74,127,0.3681592039800995,0.15416666666666667,0.851221317542561,0.5452173913043479,0.4547826086956521,0.4796850998463902,0.6517335966644723,0.6885811786649907,0.03439572088854239,0.1269661776193743,0.09257045673083189,30,22.20577350111029,43.58064516129032,50.0,0.5350219562337957,0.7663616329577855,0.3333333333333333,118.0,118.0,159.0,11.8,10.0,1.0,4,12,0.4166666666666667,0.16666666666666666,0.25,0.25,0.0,0.3333333333333333,4.8,0.0,4.833333333333333,22.416666666666668
5,20,0.9,0.5,0.95,0.5,8,kf_sa_seed_0008.npz,20,5,35,681,700,901,480,0.2305433186490455,0.7694566813509545,0.0,0.08285714285714285,0.8871428571428571,0.03,0.30839002267573695,0.691609977324263,0.0,0.043478260869565216,0.9108695652173913,0.04565217391304348,0.8035516093229744,0.17702109829439022,0.19644839067702552,0.8870056497175142,1145,421,724,0.36768558951965064,0.8770833333333333,0.17089065894279507,0.7542372881355932,0.2457627118644068,0.13027165932452275,0.7480385986993916,0.7919423192603321,0.12485771211817333,0.3249652048031427,0.2001074926849694,74,53.58435916002897,18.413333333333334,55.0,0.5240064544619143,0.7663616329577855,0.16666666666666666,131.0,131.0,131.0,13.100000000000001,39.666666666666664,3.966666666666667,5,12,0.08333333333333333,0.08333333333333333,0.0,1.0,0.0,0.16666666666666666,24.0,24.0,30.916666666666668,34.083333333333336
5,20,0.95,0.5,0.95,0.5,8,kf_sa_seed_0008.npz,20,5,35,681,700,901,480,0.37151248164464024,0.6284875183553598,0.0,0.1742857142857143,0.7985714285714286,0.027142857142857142,0.5102040816326531,0.4897959183673469,0.0,0.09565217391304348,0.8630434782608696,0.041304347826086954,0.6803551609322974,0.27575421472937,0.3196448390677026,0.8472222222222222,987,374,613,0.3789260385005066,0.7791666666666667,0.28530050687907316,0.6903553299492385,0.30964467005076146,0.19932766939374869,0.7416656177889658,0.7882219125914361,0.09827562698306466,0.2914439247015432,0.19316829771847852,85,61.54960173787111,16.058139534883722,53.0,0.5240064544619143,0.7663616329577855,0.16666666666666666,134.0,134.0,134.0,13.4,38.833333333333336,3.8833333333333337,5,12,0.08333333333333333,0.08333333333333333,0.0,1.0,0.0,0.16666666666666666,24.0,24.0,27.416666666666668,34.083333333333336
5,20,0.98,0.5,0.95,0.5,8,kf_sa_seed_0008.npz,20,5,35,681,700,901,480,0.6226138032305433,0.37738619676945667,0.0,0.33714285714285713,0.6271428571428571,0.03571428571428571,0.7891156462585034,0.2108843537414966,0.0,0.19782608695652174,0.7478260869565218,0.05434782608695652,0.48501664816870144,0.42173173617272997,0.5149833518312985,0.8038793103448276,696,259,437,0.37212643678160917,0.5395833333333333,0.4960173787110789,0.6554744525547446,0.34452554744525543,0.3291640444724145,0.728657436542899,0.776493826064725,0.06572996727237294,0.23835476102432218,0.17262479375194922,65,47.067342505430844,20.924242424242426,51.0,0.5240064544619143,0.7663616329577855,0.16666666666666666,130.0,130.0,130.0,13.0,26.333333333333332,2.6333333333333333,5,12,0.3333333333333333,0.3333333333333333,0.0,0.9166666666666666,0.0,0.6666666666666666,19.5,21.0,17.75,29.833333333333332
5,20,0.99,0.5,0.95,0.5,8,kf_sa_seed_0008.npz,20,5,35,681,700,901,480,0.7547723935389133,0.24522760646108663,0.0,0.42714285714285716,0.5342857142857143,0.03857142857142857,0.9160997732426304,0.08390022675736962,0.0,0.2673913043478261,0.6739130434782609,0.058695652173913045,0.3851276359600444,0.4873977127082717,0.6148723640399556,0.7779783393501805,541,194,347,0.3585951940850277,0.4041666666666667,0.6082548877624909,0.6440476190476191,0.3559523809523809,0.39667191105517097,0.7035514998951122,0.7570213667915794,0.04593677826880112,0.20427219221967374,0.15833541395087264,35,25.343953656770456,38.361111111111114,45.0,0.5240064544619143,0.7663616329577855,0.16666666666666666,128.0,128.0,128.0,12.8,22.333333333333332,2.2333333333333334,5,12,0.3333333333333333,0.25,0.08333333333333333,0.6666666666666666,0.0,0.5,15.75,18.5,14.0,28.583333333333332
5,25,0.9,0.5,0.95,0.5,8,kf_sa_seed_0008.npz,25,5,35,676,700,896,480,0.4275147928994083,0.5724852071005917,0.0,0.21428571428571427,0.7571428571428571,0.02857142857142857,0.573394495412844,0.42660550458715596,0.0,0.12173913043478261,0.8347826086956521,0.043478260869565216,0.6361607142857143,0.3084363781412046,0.3638392857142857,0.8282208588957055,917,347,570,0.37840785169029445,0.7229166666666667,0.3335755813953488,0.673202614379085,0.326797385620915,0.22804311073541844,0.7361475063398141,0.7867944790874588,0.09132441228547278,0.2877969391807007,0.19647252689522793,85,61.77325581395349,16.0,53.0,0.5261653282779474,0.7663616329577855,0.16666666666666666,134.0,134.0,134.0,13.4,37.166666666666664,3.716666666666667,5,12,0.16666666666666666,0.16666666666666666,0.0,1.0,0.0,0.3333333333333333,24.0,24.0,25.0,33.166666666666664
5,25,0.95,0.5,0.95,0.5,8,kf_sa_seed_0008.npz,25,5,35,676,700,896,480,0.5532544378698225,0.4467455621301775,0.0,0.3,0.6685714285714286,0.03142857142857143,0.7247706422018348,0.27522935779816515,0.0,0.18043478260869567,0.7717391304347826,0.04782608695652174,0.5301339285714286,0.3862983645791783,0.46986607142857145,0.8028503562945368,770,295,475,0.38311688311688313,0.6145833333333334,0.44040697674418605,0.6534653465346535,0.3465346534653465,0.292341504649197,0.7287912087912088,0.7816574090439353,0.07390117676340617,0.260573558232473,0.18667238146906684,77,55.9593023255814,17.641025641025642,53.0,0.5261653282779474,0.7663616329577855,0.16666666666666666,133.0,133.0,133.0,13.3,27.5,2.75,5,12,0.25,0.25,0.0,1.0,0.0,0.5,17.333333333333332,23.0,19.75,30.583333333333332
5,25,0.98,0.5,0.95,0.5,8,kf_sa_seed_0008.npz,25,5,35,676,700,896,480,0.7204142011834319,0.27958579881656803,0.0,0.38571428571428573,0.5857142857142857,0.02857142857142857,0.8944954128440367,0.10550458715596331,0.0,0.22608695652173913,0.7304347826086957,0.043478260869565216,0.4263392857142857,0.4689868368568009,0.5736607142857143,0.7976653696498055,599,217,382,0.3622704507512521,0.45208333333333334,0.5646802325581395,0.6525096525096525,0.34749034749034746,0.37449281487743025,0.7171956889264581,0.7708940024717046,0.051502238889453364,0.219722056832553,0.16821981794309965,35,25.436046511627907,38.22222222222222,45.0,0.5261653282779474,0.7663616329577855,0.16666666666666666,135.0,135.0,135.0,13.5,23.666666666666668,2.3666666666666667,5,12,0.3333333333333333,0.25,0.08333333333333333,0.8333333333333334,0.0,0.5,17.75,21.0,15.5,29.25
5,25,0.99,0.5,0.95,0.5,8,kf_sa_seed_0008.npz,25,5,35,676,700,896,480,0.7973372781065089,0.20266272189349113,0.0,0.42428571428571427,0.5442857142857143,0.03142857142857143,0.9587155963302753,0.04128440366972477,0.0,0.2608695652173913,0.691304347826087,0.04782608695652174,0.375,0.5032708416433985,0.625,0.7857142857142857,518,182,336,0.35135135135135137,0.37916666666666665,0.623546511627907,0.6538461538461539,0.34615384615384615,0.4143829247675402,0.7089792899408284,0.7669326217723876,0.03905216807220313,0.196973110479142,0.15792094240693888,33,23.982558139534884,40.470588235294116,44.0,0.5261653282779474,0.7663616329577855,0.16666666666666666,134.0,134.0,134.0,13.4,20.166666666666668,2.016666666666667,5,12,0.5,0.4166666666666667,0.08333333333333333,0.6666666666666666,0.0,0.8333333333333334,20.166666666666668,20.0,13.083333333333334,27.583333333333332
5,35,0.9,0.5,0.95,0.5,8,kf_sa_seed_0008.npz,35,5,35,666,700,886,480,0.7027027027027027,0.2972972972972973,0.0,0.40285714285714286,0.57,0.027142857142857142,0.903755868544601,0.09624413145539906,0.0,0.24565217391304348,0.7130434782608696,0.041304347826086954,0.4164785553047404,0.47253010818534397,0.5835214446952596,0.781431334622824,597,228,369,0.38190954773869346,0.475,0.5629575402635432,0.6332899869960988,0.36671001300390116,0.36492277992277994,0.7114521664521665,0.7702279400741453,0.054690987996680596,0.22742781363147305,0.17273682563479245,45,32.94289897510981,29.695652173913043,44.0,0.5294336132223301,0.7663616329577855,0.16666666666666666,141.0,141.0,141.0,14.100000000000001,23.666666666666668,2.3666666666666667,5,12,0.25,0.16666666666666666,0.08333333333333333,0.8333333333333334,0.0,0.3333333333333333,13.0,19.0,15.666666666666666,29.5
5,35,0.95,0.5,0.95,0.5,8,kf_sa_seed_0008.npz,35,5,35,666,700,886,480,0.7777777777777778,0.2222222222222222,0.0,0.44,0.5328571428571428,0.027142857142857142,0.9741784037558685,0.025821596244131457,0.0,0.25869565217391305,0.7,0.041304347826086954,0.3758465011286682,0.5077413757909778,0.6241534988713319,0.7848101265822784,521,188,333,0.36084452975047987,0.39166666666666666,0.6185944363103953,0.6355029585798817,0.3644970414201183,0.40246031746031746,0.7032947232947233,0.762514417197407,0.046092093857034534,0.20709454885963557,0.16100245500260105,45,32.94289897510981,29.695652173913043,43.0,0.5294336132223301,0.7663616329577855,0.16666666666666666,140.0,140.0,140.0,14.0,17.333333333333332,1.7333333333333334,5,12,0.4166666666666667,0.3333333333333333,0.08333333333333333,0.6666666666666666,0.0,0.6666666666666666,14.2,19.0,11.166666666666666,26.333333333333332
5,35,0.98,0.5,0.95,0.5,8,kf_sa_seed_0008.npz,35,5,35,666,700,886,480,0.8363363363363363,0.16366366366366367,0.0,0.4957142857142857,0.4742857142857143,0.03,0.9906103286384976,0.009389671361502348,0.0,0.3239130434782609,0.6304347826086957,0.04565217391304348,0.33182844243792325,0.5181312512757705,0.6681715575620768,0.7483108108108109,441,147,294,0.3333333333333333,0.30625,0.6771595900439239,0.6248648648648648,0.3751351351351352,0.43316816816816817,0.685900900900901,0.7457201668224005,0.035418813293860624,0.17633160676709503,0.1409127934732344,41,30.01464128843338,32.523809523809526,43.0,0.5294336132223301,0.7663616329577855,0.16666666666666666,142.0,142.0,142.0,14.200000000000001,16.333333333333332,1.6333333333333333,5,12,0.4166666666666667,0.3333333333333333,0.08333333333333333,0.5833333333333334,0.0,0.6666666666666666,13.0,18.0,9.583333333333334,25.833333333333332
5,35,0.99,0.5,0.95,0.5,8,kf_sa_seed_0008.npz,35,5,35,666,700,886,480,0.8618618618618619,0.13813813813813813,0.0,0.5671428571428572,0.4,0.032857142857142856,0.9906103286384976,0.009389671361502348,0.0,0.40652173913043477,0.5434782608695652,0.05,0.2866817155756208,0.5203051643192488,0.7133182844243793,0.7041139240506329,372,118,254,0.3172043010752688,0.24583333333333332,0.7276720351390923,0.6006036217303823,0.3993963782696177,0.44735950235950234,0.6509009009009009,0.7138849626296695,0.029465766010757437,0.14440025519880317,0.11493448918804573,33,24.15812591508053,40.1764705882353,43.0,0.5294336132223301,0.7663616329577855,0.16666666666666666,140.0,140.0,140.0,14.0,11.833333333333334,1.1833333333333333,5,12,0.4166666666666667,0.25,0.16666666666666666,0.5,0.0,0.5,7.6,10.0,6.75,23.583333333333332
5,50,0.9,0.5,0.95,0.5,8,kf_sa_seed_0008.npz,50,5,35,651,700,871,480,0.8740399385560675,0.1259600614439324,0.0,0.5228571428571429,0.46714285714285714,0.01,1.0,0.0,0.0,0.3391304347826087,0.6456521739130435,0.015217391304347827,0.3409873708381171,0.5076086956521739,0.6590126291618829,0.7282229965156795,409,112,297,0.27383863080684595,0.23333333333333334,0.6972612879348631,0.6114649681528662,0.3885350318471338,0.4420199692780338,0.6794404213298223,0.7393549701761332,0.031447756505946785,0.1615954725567724,0.13014771605082562,18,13.323464100666174,71.10526315789474,50.0,0.5350219562337957,0.7663616329577855,0.16666666666666666,159.0,159.0,159.0,15.9,13.666666666666666,1.3666666666666667,5,12,0.4166666666666667,0.25,0.16666666666666666,0.5,0.0,0.5,9.6,10.0,7.666666666666667,24.416666666666668
5,50,0.95,0.5,0.95,0.5,8,kf_sa_seed_0008.npz,50,5,35,651,700,871,480,0.8771121351766513,0.1228878648233487,0.0,0.5528571428571428,0.4471428571428571,0.0,1.0,0.0,0.0,0.3717391304347826,0.6282608695652174,0.0,0.33180252583237657,0.5,0.6681974741676234,0.7061855670103093,393,104,289,0.26463104325699743,0.21666666666666667,0.7091043671354552,0.5960334029227558,0.40396659707724425,0.43855606758832566,0.6676168531928901,0.7288319377382946,0.028953362050164726,0.14787698434592256,0.11892362229575783,18,13.323464100666174,71.10526315789474,50.0,0.5350219562337957,0.7663616329577855,0.0,,,,,13.333333333333334,1.3333333333333335,6,12,0.4166666666666667,0.25,0.16666666666666666,0.4166666666666667,0.0,0.5,9.2,10.0,7.0,24.25
5,50,0.98,0.5,0.95,0.5,8,kf_sa_seed_0008.npz,50,5,35,651,700,871,480,0.8955453149001537,0.10445468509984639,0.0,0.6614285714285715,0.3385714285714286,0.0,1.0,0.0,0.0,0.5260869565217391,0.47391304347826085,0.0,0.2502870264064294,0.5,0.7497129735935706,0.6294027565084227,305,87,218,0.28524590163934427,0.18125,0.7742413027387121,0.5573613766730402,0.4426386233269598,0.4477726574500768,0.633868773315778,0.6996580877479831,0.025750037203395377,0.12490008798817091,0.09915005078477554,22,16.28423390081421,58.73913043478261,50.0,0.5350219562337957,0.7663616329577855,0.0,,,,,11.0,1.1,6,12,0.4166666666666667,0.25,0.16666666666666666,0.4166666666666667,0.0,0.5,6.2,3.0,5.583333333333333,23.0
5,50,0.99,0.5,0.95,0.5,8,kf_sa_seed_0008.npz,50,5,35,651,700,871,480,0.9062980030721967,0.09370199692780339,0.0,0.7,0.29,0.01,1.0,0.0,0.0,0.5760869565217391,0.40869565217391307,0.015217391304347827,0.2158438576349024,0.5076086956521739,0.7841561423650976,0.6120058565153733,264,76,188,0.2878787878787879,0.15833333333333333,0.8045891931902295,0.5492180312787488,0.4507819687212512,0.45814900153609833,0.5991112574061883,0.6762349174406241,0.023063450373567645,0.11301740813361211,0.08995395776004446,18,13.323464100666174,71.10526315789474,50.0,0.5350219562337957,0.7663616329577855,0.16666666666666666,160.0,160.0,160.0,16.0,10.166666666666666,1.0166666666666666,5,12,0.4166666666666667,0.16666666666666666,0.25,0.25,0.0,0.3333333333333333,5.2,0.0,5.083333333333333,22.583333333333332
7,35,0.9,0.5,0.95,0.5,8,kf_sa_seed_0008.npz,35,5,35,666,700,886,480,0.24324324324324326,0.7567567567567568,0.0,0.16714285714285715,0.8128571428571428,0.02,0.3286384976525822,0.6713615023474179,0.0,0.06956521739130435,0.9,0.030434782608695653,0.7900677200902935,0.1795366401306389,0.20993227990970656,0.8279569892473119,1073,373,700,0.34762348555452005,0.7770833333333333,0.2144948755490483,0.6006825938566553,0.39931740614334466,0.13162162162162164,0.7071321321321321,0.7712508220362114,0.1008794385366868,0.26789387671104925,0.16701443817436246,65,47.58418740849195,20.696969696969695,,0.5294336132223301,0.7663616329577855,0.16666666666666666,141.0,141.0,141.0,14.100000000000001,43.166666666666664,4.316666666666666,5,12,0.08333333333333333,0.08333333333333333,0.0,1.0,0.0,0.16666666666666666,9.0,9.0,25.75,32.833333333333336
7,35,0.95,0.5,0.95,0.5,8,kf_sa_seed_0008.npz,35,5,35,666,700,886,480,0.43543543543543545,0.5645645645645646,0.0,0.26285714285714284,0.7171428571428572,0.02,0.607981220657277,0.392018779342723,0.0,0.12173913043478261,0.8478260869565217,0.030434782608695653,0.628668171557562,0.31920800163298635,0.37133182844243795,0.8297872340425532,878,321,557,0.36560364464692485,0.66875,0.35724743777452417,0.6229508196721312,0.3770491803278688,0.22771771771771773,0.6985564135564135,0.7658175385858033,0.07866068135598875,0.23939455446927976,0.16073387311329101,91,66.61786237188872,14.847826086956522,54.0,0.5294336132223301,0.7663616329577855,0.16666666666666666,141.0,141.0,141.0,14.100000000000001,35.5,3.5500000000000003,5,12,0.08333333333333333,0.08333333333333333,0.0,0.9166666666666666,0.0,0.16666666666666666,8.0,8.0,22.0,32.75
7,35,0.98,0.5,0.95,0.5,8,kf_sa_seed_0008.npz,35,5,35,666,700,886,480,0.7027027027027027,0.2972972972972973,0.0,0.3657142857142857,0.6157142857142858,0.018571428571428572,0.9107981220657277,0.0892018779342723,0.0,0.17391304347826086,0.7978260869565217,0.02826086956521739,0.45711060948081267,0.46952949581547254,0.5428893905191874,0.8336798336798337,629,224,405,0.356120826709062,0.4666666666666667,0.5395314787701317,0.6526458616010855,0.3473541383989145,0.36063706563706566,0.6815915915915916,0.7485868546762918,0.0578601300006207,0.20172765932355236,0.14386752932293165,51,37.33528550512445,26.26923076923077,53.0,0.5294336132223301,0.7663616329577855,0.16666666666666666,141.0,141.0,141.0,14.100000000000001,24.5,2.45,5,12,0.25,0.25,0.0,0.75,0.0,0.5,15.333333333333334,16.0,14.916666666666666,30.083333333333332
7,35,0.99,0.5,0.95,0.5,8,kf_sa_seed_0008.npz,35,5,35,666,700,886,480,0.8003003003003003,0.1996996996996997,0.0,0.4685714285714286,0.5128571428571429,0.018571428571428572,0.9624413145539906,0.03755868544600939,0.0,0.2891304347826087,0.6826086956521739,0.02826086956521739,0.3724604966139955,0.495351092059604,0.6275395033860045,0.7607913669064749,492,162,330,0.32926829268292684,0.3375,0.6398243045387995,0.6247139588100686,0.37528604118993136,0.40943586443586444,0.6531338481338481,0.719915612205454,0.04561870222071401,0.1642150673923971,0.1185963651716831,47,34.40702781844802,28.458333333333332,50.0,0.5294336132223301,0.7663616329577855,0.16666666666666666,141.0,141.0,141.0,14.100000000000001,20.333333333333332,2.033333333333333,5,12,0.3333333333333333,0.25,0.08333333333333333,0.6666666666666666,0.0,0.5,13.5,15.0,11.416666666666666,27.833333333333332
7,50,0.9,0.5,0.95,0.5,8,kf_sa_seed_0008.npz,50,5,35,651,700,871,480,0.7665130568356375,0.23348694316436253,0.0,0.42,0.58,0.0,0.9659367396593674,0.0340632603406326,0.0,0.2217391304347826,0.7782608695652173,0.0,0.42709529276693453,0.4829683698296837,0.5729047072330654,0.7955911823647295,558,186,372,0.3333333333333333,0.3875,0.5869726128793487,0.6292559899117276,0.3707440100882724,0.38325652841781876,0.6687294272547729,0.7424073652670048,0.054878832162098636,0.19494481962512444,0.14006598746302582,32,23.686158401184308,40.93939393939394,50.0,0.5350219562337957,0.7663616329577855,0.0,,,,,22.5,2.25,6,12,0.25,0.08333333333333333,0.16666666666666666,0.5833333333333334,0.0,0.16666666666666666,8.666666666666666,0.0,13.083333333333334,28.416666666666668
7,50,0.95,0.5,0.95,0.5,8,kf_sa_seed_0008.npz,50,5,35,651,700,871,480,0.8125960061443932,0.18740399385560677,0.0,0.46285714285714286,0.5342857142857143,0.002857142857142857,0.9927007299270073,0.0072992700729927005,0.0,0.2782608695652174,0.717391304347826,0.004347826086956522,0.3823191733639495,0.4985242780069819,0.6176808266360505,0.7620817843866171,496,163,333,0.3286290322580645,0.33958333333333335,0.6328645447816432,0.6210526315789474,0.3789473684210526,0.40772657450076805,0.6646850998463901,0.7370471598399538,0.04703721670630777,0.17690564335727418,0.12986842665096643,34,25.166543301258326,38.6,50.0,0.5350219562337957,0.7663616329577855,0.0,,,,,19.5,1.9500000000000002,6,12,0.4166666666666667,0.25,0.16666666666666666,0.5833333333333334,0.0,0.5,16.2,24.0,11.583333333333334,27.166666666666668
7,50,0.98,0.5,0.95,0.5,8,kf_sa_seed_0008.npz,50,5,35,651,700,871,480,0.8341013824884793,0.16589861751152074,0.0,0.5671428571428572,0.4328571428571429,0.0,0.9951338199513382,0.004866180048661801,0.0,0.3978260869565217,0.6021739130434782,0.0,0.3203214695752009,0.4975669099756691,0.6796785304247991,0.6908783783783784,411,132,279,0.32116788321167883,0.275,0.695780903034789,0.5776595744680851,0.42234042553191486,0.41705069124423966,0.6361026991441738,0.7148176341857002,0.03811234936344012,0.15275399286804117,0.11464164350460104,20,14.803849000740193,64.33333333333333,50.0,0.5350219562337957,0.7663616329577855,0.0,,,,,18.5,1.85,6,12,0.4166666666666667,0.25,0.16666666666666666,0.5,0.0,0.5,14.8,23.0,9.333333333333334,26.583333333333332
7,50,0.99,0.5,0.95,0.5,8,kf_sa_seed_0008.npz,50,5,35,651,700,871,480,0.8709677419354839,0.12903225806451613,0.0,0.6342857142857142,0.3657142857142857,0.0,0.9951338199513382,0.004866180048661801,0.0,0.48478260869565215,0.5152173913043478,0.0,0.2743972445464983,0.4975669099756691,0.7256027554535017,0.6471518987341772,340,101,239,0.29705882352941176,0.21041666666666667,0.7483345669874167,0.5608308605341247,0.4391691394658753,0.43548387096774194,0.5953982883475971,0.6876461245529929,0.03246750241335483,0.13432541396920136,0.10185791155584653,20,14.803849000740193,64.33333333333333,50.0,0.5350219562337957,0.7663616329577855,0.0,,,,,13.0,1.3,6,12,0.4166666666666667,0.25,0.16666666666666666,0.5,0.0,0.5,8.2,10.0,6.25,23.833333333333332
10,50,0.9,0.5,0.95,0.5,8,kf_sa_seed_0008.npz,50,5,35,651,700,871,480,0.30721966205837176,0.6927803379416283,0.0,0.22142857142857142,0.7785714285714286,0.0,0.44525547445255476,0.5547445255474452,0.0,0.07391304347826087,0.9260869565217391,0.0,0.7508610792192881,0.22262773722627738,0.24913892078071181,0.8433179723502304,996,342,654,0.3433734939759036,0.7125,0.2627683197631384,0.5633802816901409,0.43661971830985913,0.15360983102918588,0.6525499231950845,0.7076487106245983,0.10499905197251566,0.20509450676734803,0.10009545479483237,69,51.073279052553666,19.3,,0.5350219562337957,0.7663616329577855,0.0,,,,,59.166666666666664,5.916666666666667,6,12,0.0,0.0,0.0,1.0,0.0,0.0,,,24.916666666666668,35.0
10,50,0.95,0.5,0.95,0.5,8,kf_sa_seed_0008.npz,50,5,35,651,700,871,480,0.4393241167434716,0.5606758832565284,0.0,0.3342857142857143,0.6657142857142857,0.0,0.6472019464720195,0.35279805352798055,0.0,0.17608695652173914,0.8239130434782609,0.0,0.6016073478760046,0.3236009732360097,0.3983926521239954,0.7665706051873199,831,307,524,0.3694344163658243,0.6395833333333333,0.38490007401924503,0.55,0.44999999999999996,0.2196620583717358,0.6338599956111477,0.6903145211674511,0.09136950029406488,0.17875029537999979,0.08738079508593491,43,31.828275351591415,30.704545454545453,67.0,0.5350219562337957,0.7663616329577855,0.0,,,,,50.666666666666664,5.066666666666666,6,12,0.0,0.0,0.0,0.8333333333333334,0.0,0.0,,,22.25,35.0
10,50,0.98,0.5,0.95,0.5,8,kf_sa_seed_0008.npz,50,5,35,651,700,871,480,0.5806451612903226,0.41935483870967744,0.0,0.4685714285714286,0.5314285714285715,0.0,0.8321167883211679,0.1678832116788321,0.0,0.3217391304347826,0.6782608695652174,0.0,0.43742824339839265,0.41605839416058393,0.5625717566016073,0.6979591836734694,645,264,381,0.40930232558139534,0.55,0.5225758697261288,0.5354107648725213,0.46458923512747874,0.2903225806451613,0.5865262233925829,0.6461824377639552,0.0712066191646907,0.13012774122028448,0.05892112205559377,27,19.98519615099926,48.25,64.0,0.5350219562337957,0.7663616329577855,0.0,,,,,44.333333333333336,4.433333333333334,6,12,0.08333333333333333,0.08333333333333333,0.0,0.6666666666666666,0.0,0.16666666666666666,31.0,31.0,19.5,34.666666666666664
10,50,0.99,0.5,0.95,0.5,8,kf_sa_seed_0008.npz,50,5,35,651,700,871,480,0.6973886328725039,0.30261136712749614,0.0,0.6142857142857143,0.38571428571428573,0.0,0.9124087591240876,0.08759124087591241,0.0,0.4782608695652174,0.5217391304347826,0.0,0.3168771526980482,0.4562043795620438,0.6831228473019518,0.6302521008403361,467,191,276,0.4089935760171306,0.39791666666666664,0.6543301258327165,0.5135746606334841,0.4864253393665159,0.3486943164362519,0.5309216589861752,0.5906949617926187,0.054244046398363104,0.0860912567053603,0.0318472103069972,29,21.46558105107328,45.03333333333333,64.0,0.5350219562337957,0.7663616329577855,0.0,,,,,31.5,3.1500000000000004,6,12,0.16666666666666666,0.16666666666666666,0.0,0.5,0.0,0.3333333333333333,12.5,12.5,13.333333333333334,31.25
3,20,0.9,0.5,0.95,0.5,9,kf_sa_seed_0009.npz,20,5,35,681,700,901,480,0.6505139500734214,0.31130690161527164,0.0381791483113069,0.33285714285714285,0.5257142857142857,0.14142857142857143,0.655328798185941,0.34467120181405897,0.0,0.31521739130434784,0.5260869565217391,0.15869565217391304,0.43729189789123196,0.407012225179927,0.562708102108768,0.7140039447731755,580,186,394,0.32068965517241377,0.3875,0.5800144822592325,0.6766541822721598,0.3233458177278402,0.3959712607509964,0.7163603943780156,0.7479750001363226,0.09700336288979691,0.3770730645104386,0.2800697016206417,87,62.99782766111513,15.693181818181818,41.0,0.534847825368356,0.8764997225205434,0.3333333333333333,28.5,28.5,37.0,2.85,12.833333333333334,1.2833333333333334,4,12,0.5,0.3333333333333333,0.16666666666666666,0.8333333333333334,0.16666666666666666,0.5,9.833333333333334,9.0,13.666666666666666,22.416666666666668
3,20,0.95,0.5,0.95,0.5,9,kf_sa_seed_0009.npz,20,5,35,681,700,901,480,0.7342143906020558,0.2261380323054332,0.039647577092511016,0.37285714285714283,0.49142857142857144,0.1357142857142857,0.7709750566893424,0.2290249433106576,0.0,0.34782608695652173,0.49782608695652175,0.15434782608695652,0.3662597114317425,0.46266144138814946,0.6337402885682575,0.7197898423817863,498,168,330,0.3373493975903614,0.35,0.6393917451122375,0.6738391845979615,0.32616081540203845,0.43496433815817076,0.7100062932662051,0.7406872561653253,0.08879956755209363,0.3535868848475773,0.26478731729548366,73,52.860246198406955,18.66216216216216,41.0,0.534847825368356,0.8764997225205434,0.3333333333333333,53.5,53.5,85.0,5.3500000000000005,12.833333333333334,1.2833333333333334,4,12,0.5,0.3333333333333333,0.16666666666666666,0.8333333333333334,0.16666666666666666,0.5,10.166666666666666,9.0,12.666666666666666,22.583333333333332
3,20,0.98,0.5,0.95,0.5,9,kf_sa_seed_0009.npz,20,5,35,681,700,901,480,0.8252569750367107,0.13215859030837004,0.042584434654919234,0.4585714285714286,0.4142857142857143,0.12714285714285714,0.9070294784580499,0.09297052154195011,0.0,0.40217391304347827,0.45,0.14782608695652175,0.27524972253052166,0.5274277827072859,0.7247502774694784,0.7166921898928025,380,132,248,0.3473684210526316,0.275,0.724837074583635,0.6503496503496503,0.3496503496503497,0.4761999160897839,0.6958401510383889,0.7188216385265577,0.08229035281004866,0.31384758312544264,0.231557230315394,53,38.37798696596669,25.574074074074073,33.0,0.534847825368356,0.8764997225205434,0.3333333333333333,55.5,55.5,87.0,5.550000000000001,13.166666666666666,1.3166666666666667,4,12,0.5,0.3333333333333333,0.16666666666666666,0.8333333333333334,0.16666666666666666,0.5,10.666666666666666,9.0,9.916666666666666,22.833333333333332
3,20,0.99,0.5,0.95,0.5,9,kf_sa_seed_0009.npz,20,5,35,681,700,901,480,0.8516886930983847,0.1027900146842878,0.04552129221732746,0.5257142857142857,0.35,0.12428571428571429,0.9433106575963719,0.05668934240362812,0.0,0.4369565217391304,0.4152173913043478,0.14782608695652175,0.2397336293007769,0.5455683722764468,0.7602663706992231,0.7065693430656934,315,99,216,0.3142857142857143,0.20625,0.7719044170890659,0.625703564727955,0.37429643527204504,0.4879872036920495,0.6784644430459409,0.6959433915410982,0.08218396725358011,0.2796266171079546,0.19744264985437449,41,29.688631426502536,32.88095238095238,33.0,0.534847825368356,0.8764997225205434,0.3333333333333333,56.5,56.5,87.0,5.65,14.333333333333334,1.4333333333333336,4,12,0.5,0.3333333333333333,0.16666666666666666,0.6666666666666666,0.16666666666666666,0.5,11.166666666666666,9.0,7.416666666666667,23.083333333333332
3,25,0.9,0.5,0.95,0.5,9,kf_sa_seed_0009.npz,25,5,35,676,700,896,480,0.8062130177514792,0.15088757396449703,0.042899408284023666,0.39571428571428574,0.4714285714285714,0.13285714285714287,0.8784403669724771,0.12155963302752294,0.0,0.358695652173913,0.49130434782608695,0.15,0.31138392857142855,0.5142201834862385,0.6886160714285714,0.7325769854132901,432,153,279,0.3541666666666667,0.31875,0.686046511627907,0.6758474576271186,0.3241525423728814,0.46953508030431107,0.7058685545224007,0.7346391184552586,0.08684714916849333,0.3426101903258771,0.25576304115738374,69,50.145348837209305,19.65714285714286,29.0,0.536021572707851,0.8764997225205434,0.3333333333333333,55.0,55.0,88.0,5.5,12.666666666666666,1.2666666666666666,4,12,0.5,0.3333333333333333,0.16666666666666666,0.8333333333333334,0.16666666666666666,0.5,10.0,8.0,11.5,22.5
3,25,0.95,0.5,0.95,0.5,9,kf_sa_seed_0009.npz,25,5,35,676,700,896,480,0.8284023668639053,0.12721893491124261,0.04437869822485207,0.4357142857142857,0.4357142857142857,0.12857142857142856,0.908256880733945,0.09174311926605505,0.0,0.391304347826087,0.4608695652173913,0.14782608695652175,0.28125,0.5280414838452333,0.71875,0.7204968944099379,391,139,252,0.3554987212276215,0.28958333333333336,0.715843023255814,0.6598984771573604,0.3401015228426396,0.47848689771766695,0.7015131022823331,0.7268931236934741,0.08437395409712974,0.32435865737038405,0.23998470327325433,57,41.424418604651166,23.724137931034484,33.0,0.536021572707851,0.8764997225205434,0.3333333333333333,55.5,55.5,88.0,5.550000000000001,12.833333333333334,1.2833333333333334,4,12,0.5,0.3333333333333333,0.16666666666666666,0.8333333333333334,0.16666666666666666,0.5,10.166666666666666,7.5,10.5,22.583333333333332
3,25,0.98,0.5,0.95,0.5,9,kf_sa_seed_0009.npz,25,5,35,676,700,896,480,0.8550295857988166,0.09615384615384616,0.04881656804733728,0.5042857142857143,0.37285714285714283,0.12285714285714286,0.9495412844036697,0.05045871559633028,0.0,0.41956521739130437,0.4369565217391304,0.14347826086956522,0.24888392857142858,0.5465097726366175,0.7511160714285714,0.7132243684992571,326,103,223,0.3159509202453988,0.21458333333333332,0.7630813953488372,0.6323809523809524,0.3676190476190476,0.48894336432797975,0.6886284868977177,0.7080488593121985,0.08393612691715265,0.293198796222315,0.20926266930516235,39,28.343023255813954,34.4,33.0,0.536021572707851,0.8764997225205434,0.3333333333333333,57.0,57.0,89.0,5.7,13.666666666666666,1.3666666666666667,4,12,0.5,0.3333333333333333,0.16666666666666666,0.6666666666666666,0.16666666666666666,0.5,11.0,9.0,7.75,23.0
3,25,0.99,0.5,0.95,0.5,9,kf_sa_seed_0009.npz,25,5,35,676,700,896,480,0.8609467455621301,0.08727810650887574,0.051775147928994084,0.59,0.2914285714285714,0.11857142857142858,0.9610091743119266,0.0389908256880734,0.0,0.4956521739130435,0.36086956521739133,0.14347826086956522,0.20424107142857142,0.5522437175907459,0.7957589285714286,0.6802244039270687,263,80,183,0.3041825095057034,0.16666666666666666,0.8088662790697675,0.5974842767295597,0.4025157232704403,0.48975908706677934,0.6713567202028741,0.6859373956949064,0.0860407655225189,0.2650876997581891,0.1790469342356702,27,19.622093023255815,49.142857142857146,33.0,0.536021572707851,0.8764997225205434,0.3333333333333333,58.5,58.5,89.0,5.8500000000000005,14.5,1.4500000000000002,4,12,0.5,0.3333333333333333,0.16666666666666666,0.5,0.16666666666666666,0.5,11.666666666666666,9.0,5.833333333333333,23.333333333333332
3,35,0.9,0.5,0.95,0.5,9,kf_sa_seed_0009.npz,35,5,35,666,700,886,480,0.8528528528528528,0.0915915915915916,0.05555555555555555,0.5257142857142857,0.36,0.11428571428571428,0.9483568075117371,0.051643192488262914,0.0,0.43043478260869567,0.43478260869565216,0.13478260869565217,0.2505643340857788,0.5415697081036946,0.7494356659142212,0.7018072289156626,313,91,222,0.29073482428115016,0.18958333333333333,0.7708638360175696,0.6153846153846154,0.3846153846153846,0.4835692835692836,0.6965186615186615,0.7123226131144514,0.0900707417066711,0.293759385298966,0.20368864359229488,34,24.890190336749633,39.02857142857143,35.0,0.5407450751649902,0.8764997225205434,0.3333333333333333,60.5,60.5,94.0,6.050000000000001,13.666666666666666,1.3666666666666667,4,12,0.5,0.3333333333333333,0.16666666666666666,0.6666666666666666,0.16666666666666666,0.5,11.333333333333334,8.5,6.75,23.166666666666668
3,35,0.95,0.5,0.95,0.5,9,kf_sa_seed_0009.npz,35,5,35,666,700,886,480,0.8603603603603603,0.08258258258258258,0.057057057057057055,0.5471428571428572,0.34,0.11285714285714285,0.9647887323943662,0.035211267605633804,0.0,0.44565217391304346,0.41956521739130437,0.13478260869565217,0.23476297968397292,0.5497856705450093,0.7652370203160271,0.6976401179941003,293,85,208,0.2901023890784983,0.17708333333333334,0.7855051244509517,0.6076421248835042,0.3923578751164958,0.4866087516087516,0.6881252681252681,0.7025352189396951,0.09173663322107968,0.2818505724262976,0.1901139392052179,28,20.497803806734993,47.10344827586207,35.0,0.5407450751649902,0.8764997225205434,0.3333333333333333,61.0,61.0,94.0,6.1000000000000005,14.166666666666666,1.4166666666666667,4,12,0.5,0.3333333333333333,0.16666666666666666,0.5,0.16666666666666666,0.5,11.833333333333334,9.5,6.25,23.416666666666668
3,35,0.98,0.5,0.95,0.5,9,kf_sa_seed_0009.npz,35,5,35,666,700,886,480,0.8603603603603603,0.07957957957957958,0.06006006006006006,0.6157142857142858,0.2714285714285714,0.11285714285714285,0.971830985915493,0.028169014084507043,0.0,0.532608695652174,0.33043478260869563,0.13695652173913042,0.18510158013544017,0.5543937538273117,0.8148984198645598,0.6606648199445984,243,79,164,0.32510288065843623,0.16458333333333333,0.822108345534407,0.5805877114870882,0.4194122885129118,0.4866087516087516,0.6704225654225654,0.6816100270104328,0.09446819315081091,0.26050140711820524,0.16603321396739434,36,26.35431918008785,36.91891891891892,35.0,0.5407450751649902,0.8764997225205434,0.3333333333333333,61.5,61.5,94.0,6.15,15.166666666666666,1.5166666666666666,4,12,0.5,0.3333333333333333,0.16666666666666666,0.5,0.16666666666666666,0.5,12.5,9.5,5.75,23.75
3,35,0.99,0.5,0.95,0.5,9,kf_sa_seed_0009.npz,35,5,35,666,700,886,480,0.8513513513513513,0.08708708708708708,0.06156156156156156,0.6671428571428571,0.22428571428571428,0.10857142857142857,0.9671361502347418,0.03286384976525822,0.0,0.6,0.26304347826086955,0.13695652173913042,0.1523702031602709,0.5520463359869361,0.8476297968397292,0.6324900133155792,215,80,135,0.37209302325581395,0.16666666666666666,0.842606149341142,0.5586446568201564,0.4413553431798436,0.47996138996138993,0.6519262119262119,0.6602289144023468,0.09707563861422318,0.23833507062034706,0.1412594320061239,20,14.641288433382138,65.04761904761905,35.0,0.5407450751649902,0.8764997225205434,0.3333333333333333,63.0,63.0,94.0,6.300000000000001,16.666666666666668,1.666666666666667,4,12,0.5,0.3333333333333333,0.16666666666666666,0.4166666666666667,0.16666666666666666,0.5,13.666666666666666,9.5,5.833333333333333,24.333333333333332
3,50,0.9,0.5,0.95,0.5,9,kf_sa_seed_0009.npz,50,5,35,651,700,871,480,0.8310291858678955,0.10445468509984639,0.06451612903225806,0.6685714285714286,0.21857142857142858,0.11285714285714285,0.9537712895377128,0.038929440389294405,0.0072992700729927005,0.6,0.25,0.15,0.15040183696900114,0.5518856447688564,0.8495981630309989,0.6229729729729729,221,90,131,0.4072398190045249,0.1875,0.8364174685418209,0.5486725663716814,0.4513274336283186,0.4719431643625192,0.6440157998683345,0.6529885904363699,0.11121552817561142,0.23965558028322886,0.12844005210761744,22,16.28423390081421,58.73913043478261,50.0,0.5426133823679122,0.8764997225205434,0.3333333333333333,56.0,56.0,77.0,5.6000000000000005,17.833333333333332,1.7833333333333332,4,12,0.3333333333333333,0.16666666666666666,0.16666666666666666,0.4166666666666667,0.0,0.3333333333333333,5.25,4.0,6.666666666666667,25.083333333333332
3,50,0.95,0.5,0.95,0.5,9,kf_sa_seed_0009.npz,50,5,35,651,700,871,480,0.8341013824884793,0.09984639016897082,0.06605222734254992,0.6728571428571428,0.21142857142857144,0.11571428571428571,0.9586374695863747,0.031630170316301706,0.009732360097323601,0.6043478260869565,0.24130434782608695,0.15434782608695652,0.1423650975889782,0.5564926478366656,0.8576349024110218,0.6224899598393574,213,89,124,0.41784037558685444,0.18541666666666667,0.8423390081421169,0.5483304042179262,0.4516695957820738,0.4749078341013825,0.6353434276936581,0.639025115831586,0.11194849383376469,0.23114543090383627,0.11919693707007158,16,11.843079200592154,79.47058823529412,50.0,0.5426133823679122,0.8764997225205434,0.3333333333333333,56.5,56.5,77.0,5.65,18.0,1.8,4,12,0.3333333333333333,0.16666666666666666,0.16666666666666666,0.4166666666666667,0.0,0.3333333333333333,5.25,4.0,6.583333333333333,25.083333333333332
3,50,0.98,0.5,0.95,0.5,9,kf_sa_seed_0009.npz,50,5,35,651,700,871,480,0.8294930875576036,0.10445468509984639,0.06605222734254992,0.6857142857142857,0.2042857142857143,0.11,0.9537712895377128,0.0364963503649635,0.009732360097323601,0.6173913043478261,0.23695652173913043,0.14565217391304347,0.1423650975889782,0.5497117317253781,0.8576349024110218,0.6144578313253012,211,87,124,0.41232227488151657,0.18125,0.843819393042191,0.5412280701754386,0.4587719298245614,0.4697465437788018,0.619267061663375,0.6144502218914811,0.11359720724033213,0.21396868902022556,0.10037148177989343,18,13.323464100666174,71.10526315789474,50.0,0.5426133823679122,0.8764997225205434,0.3333333333333333,62.0,62.0,85.0,6.2,18.666666666666668,1.866666666666667,4,12,0.3333333333333333,0.16666666666666666,0.16666666666666666,0.4166666666666667,0.0,0.3333333333333333,5.75,4.0,6.416666666666667,25.25
3,50,0.99,0.5,0.95,0.5,9,kf_sa_seed_0009.npz,50,5,35,651,700,871,480,0.8218125960061444,0.10906298003072197,0.06912442396313365,0.7,0.19857142857142857,0.10142857142857142,0.9391727493917275,0.04866180048661801,0.012165450121654502,0.6282608695652174,0.2391304347826087,0.13260869565217392,0.14925373134328357,0.5358907225219507,0.8507462686567164,0.6032388663967612,210,80,130,0.38095238095238093,0.16666666666666666,0.844559585492228,0.5311130587204207,0.4688869412795793,0.4616205837173579,0.6012947114329603,0.5962721325355507,0.11490962410492203,0.1946587289807483,0.07974910487582626,14,10.362694300518134,90.06666666666666,50.0,0.5426133823679122,0.8764997225205434,0.3333333333333333,64.5,64.5,87.0,6.45,19.5,1.9500000000000002,4,12,0.3333333333333333,0.16666666666666666,0.16666666666666666,0.4166666666666667,0.0,0.3333333333333333,5.5,3.5,5.833333333333333,25.166666666666668
5,20,0.9,0.5,0.95,0.5,9,kf_sa_seed_0009.npz,20,5,35,681,700,901,480,0.23201174743024963,0.7386196769456681,0.02936857562408223,0.11571428571428571,0.78,0.10428571428571429,0.2018140589569161,0.7981859410430839,0.0,0.11956521739130435,0.75,0.13043478260869565,0.7735849056603774,0.16612442078280587,0.22641509433962265,0.7303921568627451,1049,352,697,0.33555767397521447,0.7333333333333333,0.24040550325850832,0.6957831325301205,0.3042168674698795,0.16814873085798196,0.7624669603524229,0.7666856806202519,0.14220339441495466,0.4010996555229448,0.25889626110799013,93,67.34250543084721,14.691489361702128,32.0,0.534847825368356,0.8764997225205434,0.16666666666666666,27.0,27.0,27.0,2.7,26.333333333333332,2.6333333333333333,5,12,0.4166666666666667,0.3333333333333333,0.08333333333333333,0.9166666666666666,0.16666666666666666,0.5,16.0,22.0,23.666666666666668,27.083333333333332
5,20,0.95,0.5,0.95,0.5,9,kf_sa_seed_0009.npz,20,5,35,681,700,901,480,0.5066079295154186,0.46255506607929514,0.030837004405286344,0.16714285714285715,0.73,0.10285714285714286,0.5351473922902494,0.46485260770975056,0.0,0.17173913043478262,0.6978260869565217,0.13043478260869565,0.5837957824639289,0.33279108744947256,0.416204217536071,0.7893333333333333,826,300,526,0.36319612590799033,0.625,0.40188269370021723,0.7513513513513513,0.24864864864864866,0.3047325361862807,0.7607887560310468,0.7567705980999597,0.12397225697244332,0.3678636733965139,0.24389141642407056,93,67.34250543084721,14.691489361702128,29.0,0.534847825368356,0.8764997225205434,0.16666666666666666,28.0,28.0,28.0,2.8000000000000003,22.5,2.25,5,12,0.4166666666666667,0.25,0.16666666666666666,0.8333333333333334,0.16666666666666666,0.3333333333333333,14.4,21.0,22.25,26.416666666666668
5,20,0.98,0.5,0.95,0.5,9,kf_sa_seed_0009.npz,20,5,35,681,700,901,480,0.7254038179148311,0.2393538913362702,0.03524229074889868,0.2985714285714286,0.5985714285714285,0.10285714285714286,0.8412698412698413,0.15873015873015872,0.0,0.2673913043478261,0.6021739130434782,0.13043478260869565,0.3851276359600444,0.4858523119392685,0.6148723640399556,0.7779783393501805,582,235,347,0.40378006872852235,0.4895833333333333,0.5785662563359885,0.7083854818523154,0.2916145181476846,0.414130480385987,0.7510929305642962,0.7362460939518646,0.10731476588052248,0.31703450743734235,0.20971974155681988,47,34.03330919623461,28.770833333333332,27.0,0.534847825368356,0.8764997225205434,0.16666666666666666,28.0,28.0,28.0,2.8000000000000003,22.166666666666668,2.216666666666667,5,12,0.4166666666666667,0.25,0.16666666666666666,0.8333333333333334,0.16666666666666666,0.3333333333333333,14.0,19.0,17.916666666666668,26.25
5,20,0.99,0.5,0.95,0.5,9,kf_sa_seed_0009.npz,20,5,35,681,700,901,480,0.775330396475771,0.18795888399412627,0.03671071953010279,0.4142857142857143,0.48,0.10571428571428572,0.9024943310657596,0.09750566893424037,0.0,0.3239130434782609,0.5456521739130434,0.13043478260869565,0.3263041065482797,0.5164645568372276,0.6736958934517203,0.7545304777594728,464,170,294,0.36637931034482757,0.3541666666666667,0.664011585807386,0.6564885496183206,0.3435114503816794,0.44052234109502836,0.7396601636249214,0.7195495463287388,0.09971705849845013,0.28531976494323746,0.18560270644478732,35,25.343953656770456,38.361111111111114,27.0,0.534847825368356,0.8764997225205434,0.16666666666666666,26.0,26.0,26.0,2.6,21.666666666666668,2.166666666666667,5,12,0.4166666666666667,0.25,0.16666666666666666,0.75,0.16666666666666666,0.3333333333333333,13.0,16.0,12.833333333333334,25.833333333333332
5,25,0.9,0.5,0.95,0.5,9,kf_sa_seed_0009.npz,25,5,35,676,700,896,480,0.6109467455621301,0.35502958579881655,0.034023668639053255,0.19428571428571428,0.7042857142857143,0.10142857142857142,0.6697247706422018,0.3302752293577982,0.0,0.19130434782608696,0.6782608695652174,0.13043478260869565,0.5089285714285714,0.40007977662544875,0.49107142857142855,0.8,733,277,456,0.37789904502046384,0.5770833333333333,0.467296511627907,0.7527216174183515,0.24727838258164847,0.3561876584953508,0.7655135249366019,0.7583432853067963,0.12093143044036825,0.3618054992552706,0.24087406881490236,99,71.94767441860465,13.76,29.0,0.536021572707851,0.8764997225205434,0.16666666666666666,29.0,29.0,29.0,2.9000000000000004,22.333333333333332,2.2333333333333334,5,12,0.4166666666666667,0.25,0.16666666666666666,0.8333333333333334,0.16666666666666666,0.3333333333333333,14.6,20.0,21.083333333333332,26.5
5,25,0.95,0.5,0.95,0.5,9,kf_sa_seed_0009.npz,25,5,35,676,700,896,480,0.7100591715976331,0.25443786982248523,0.03550295857988166,0.25857142857142856,0.6428571428571429,0.09857142857142857,0.8165137614678899,0.1834862385321101,0.0,0.24565217391304348,0.6239130434782608,0.13043478260869565,0.4095982142857143,0.4734742720382928,0.5904017857142857,0.7863894139886578,622,255,367,0.409967845659164,0.53125,0.5479651162790697,0.7281167108753316,0.2718832891246684,0.4043153000845308,0.7602578191039729,0.7469901555065069,0.11178776448591486,0.33439081934348597,0.2226030548575711,65,47.23837209302326,20.848484848484848,27.0,0.536021572707851,0.8764997225205434,0.16666666666666666,31.0,31.0,31.0,3.1,22.166666666666668,2.216666666666667,5,12,0.4166666666666667,0.25,0.16666666666666666,0.8333333333333334,0.16666666666666666,0.3333333333333333,14.8,19.0,19.5,26.583333333333332
5,25,0.98,0.5,0.95,0.5,9,kf_sa_seed_0009.npz,25,5,35,676,700,896,480,0.7899408284023669,0.17307692307692307,0.03698224852071006,0.41714285714285715,0.48428571428571426,0.09857142857142857,0.9357798165137615,0.06422018348623854,0.0,0.3565217391304348,0.5130434782608696,0.13043478260869565,0.29464285714285715,0.5331072995612286,0.7053571428571429,0.740506329113924,456,192,264,0.42105263157894735,0.4,0.6686046511627907,0.6554347826086957,0.3445652173913043,0.4442561284868977,0.7436242603550296,0.7231011253371002,0.10516941505041814,0.2950357880230501,0.18986637297263192,39,28.343023255813954,34.4,27.0,0.536021572707851,0.8764997225205434,0.16666666666666666,31.0,31.0,31.0,3.1,22.0,2.2,5,12,0.4166666666666667,0.25,0.16666666666666666,0.8333333333333334,0.16666666666666666,0.3333333333333333,14.8,18.0,14.583333333333334,26.583333333333332
5,25,0.99,0.5,0.95,0.5,9,kf_sa_seed_0009.npz,25,5,35,676,700,896,480,0.7943786982248521,0.16272189349112426,0.042899408284023666,0.4657142857142857,0.4342857142857143,0.1,0.9380733944954128,0.06192660550458716,0.0,0.391304347826087,0.4782608695652174,0.13043478260869565,0.27566964285714285,0.5342540885520543,0.7243303571428571,0.7226502311248074,414,167,247,0.4033816425120773,0.34791666666666665,0.6991279069767442,0.6309771309771309,0.36902286902286907,0.447189349112426,0.7232734573119188,0.698987003189437,0.10035999909597265,0.26435090980157855,0.1639909107056059,21,15.261627906976743,62.54545454545455,27.0,0.536021572707851,0.8764997225205434,0.16666666666666666,30.0,30.0,30.0,3.0,21.5,2.15,5,12,0.4166666666666667,0.25,0.16666666666666666,0.6666666666666666,0.16666666666666666,0.3333333333333333,14.4,15.0,12.666666666666666,26.416666666666668
5,35,0.9,0.5,0.95,0.5,9,kf_sa_seed_0009.npz,35,5,35,666,700,886,480,0.7882882882882883,0.16966966966966968,0.042042042042042045,0.39,0.5171428571428571,0.09285714285714286,0.9389671361502347,0.06103286384976526,0.0,0.3173913043478261,0.5521739130434783,0.13043478260869565,0.3160270880361174,0.5347009593794652,0.6839729119638827,0.759075907590759,475,195,280,0.4105263157894737,0.40625,0.6522693997071742,0.6621773288439955,0.3378226711560045,0.4405727155727156,0.7572651222651222,0.7351645131009875,0.10924382900692323,0.2995964830415873,0.1903526540346641,44,32.210834553440705,30.355555555555554,35.0,0.5407450751649902,0.8764997225205434,0.16666666666666666,35.0,35.0,35.0,3.5,21.833333333333332,2.183333333333333,5,12,0.3333333333333333,0.16666666666666666,0.16666666666666666,0.8333333333333334,0.0,0.3333333333333333,11.25,8.5,15.0,27.083333333333332
5,35,0.95,0.5,0.95,0.5,9,kf_sa_seed_0009.npz,35,5,35,666,700,886,480,0.7987987987987988,0.15915915915915915,0.042042042042042045,0.46285714285714286,0.4471428571428571,0.09,0.9577464788732394,0.04225352112676056,0.0,0.3782608695652174,0.4956521739130435,0.12608695652173912,0.27765237020316025,0.5419167176974893,0.7223476297968398,0.728125,419,173,246,0.4128878281622912,0.36041666666666666,0.6932650073206442,0.6282998944033791,0.3717001055966209,0.4443993993993994,0.746006006006006,0.7240886815879957,0.10848527315230246,0.28115012890005947,0.17266485574775703,26,19.03367496339678,50.592592592592595,35.0,0.5407450751649902,0.8764997225205434,0.16666666666666666,37.0,37.0,37.0,3.7,22.333333333333332,2.2333333333333334,5,12,0.3333333333333333,0.16666666666666666,0.16666666666666666,0.75,0.0,0.3333333333333333,11.5,9.0,13.166666666666666,27.166666666666668
5,35,0.98,0.5,0.95,0.5,9,kf_sa_seed_0009.npz,35,5,35,666,700,886,480,0.7957957957957958,0.15915915915915915,0.04504504504504504,0.5342857142857143,0.37857142857142856,0.08714285714285715,0.9530516431924883,0.046948356807511735,0.0,0.44130434782608696,0.4369565217391304,0.12173913043478261,0.24943566591422123,0.5373953868136354,0.7505643340857788,0.6947368421052632,371,150,221,0.40431266846361186,0.3125,0.7284040995607614,0.5939698492462312,0.4060301507537688,0.4414693264693265,0.7192685542685543,0.6965857191528596,0.10911129167270156,0.252460172495386,0.14334888082268443,24,17.569546120058565,54.64,35.0,0.5407450751649902,0.8764997225205434,0.16666666666666666,39.0,39.0,39.0,3.9000000000000004,22.666666666666668,2.266666666666667,5,12,0.3333333333333333,0.16666666666666666,0.16666666666666666,0.5833333333333334,0.0,0.3333333333333333,11.5,9.0,11.25,27.166666666666668
5,35,0.99,0.5,0.95,0.5,9,kf_sa_seed_0009.npz,35,5,35,666,700,886,480,0.8003003003003003,0.15015015015015015,0.04954954954954955,0.59,0.32,0.09,0.9553990610328639,0.04460093896713615,0.0,0.5021739130434782,0.3717391304347826,0.12608695652173912,0.2144469525959368,0.5407430087773015,0.7855530474040632,0.6681034482758621,324,134,190,0.41358024691358025,0.2791666666666667,0.7628111273792094,0.5719769673704415,0.42802303262955854,0.44515015015015014,0.6921750321750322,0.6760730658172251,0.10495640987799018,0.2249867510429502,0.12003034116496003,16,11.71303074670571,80.3529411764706,35.0,0.5407450751649902,0.8764997225205434,0.16666666666666666,37.0,37.0,37.0,3.7,22.166666666666668,2.216666666666667,5,12,0.3333333333333333,0.16666666666666666,0.16666666666666666,0.5833333333333334,0.0,0.3333333333333333,11.0,7.5,9.916666666666666,27.0
5,50,0.9,0.5,0.95,0.5,9,kf_sa_seed_0009.npz,50,5,35,651,700,871,480,0.7757296466973886,0.17357910906298002,0.05069124423963134,0.5871428571428572,0.3342857142857143,0.07857142857142857,0.9367396593673966,0.06326034063260341,0.0,0.508695652173913,0.3826086956521739,0.10869565217391304,0.23191733639494833,0.5227176557706548,0.7680826636050516,0.6502242152466368,347,145,202,0.41786743515850144,0.3020833333333333,0.7431532198371577,0.5577689243027888,0.4422310756972112,0.4271505376344086,0.6937809962694755,0.6673269844401589,0.1202993355489109,0.2353493226909553,0.1150499871420444,16,11.843079200592154,79.47058823529412,50.0,0.5426133823679122,0.8764997225205434,0.16666666666666666,45.0,45.0,45.0,4.5,24.333333333333332,2.4333333333333336,5,12,0.3333333333333333,0.16666666666666666,0.16666666666666666,0.5833333333333334,0.0,0.3333333333333333,12.5,10.0,10.833333333333334,27.5
5,50,0.95,0.5,0.95,0.5,9,kf_sa_seed_0009.npz,50,5,35,651,700,871,480,0.7757296466973886,0.17357910906298002,0.05069124423963134,0.6114285714285714,0.30857142857142855,0.08,0.9343065693430657,0.06569343065693431,0.0,0.5304347826086957,0.358695652173913,0.1108695652173913,0.22043628013777267,0.5225880672802284,0.7795637198622273,0.6406480117820325,329,137,192,0.41641337386018235,0.28541666666666665,0.7564766839378239,0.5489236790606654,0.4510763209393346,0.4278648233486943,0.6799034452490673,0.6547530739933093,0.12147938655693302,0.22354794638418501,0.10206855982725199,14,10.362694300518134,90.06666666666666,50.0,0.5426133823679122,0.8764997225205434,0.16666666666666666,44.0,44.0,44.0,4.4,24.333333333333332,2.4333333333333336,5,12,0.3333333333333333,0.16666666666666666,0.16666666666666666,0.5833333333333334,0.0,0.3333333333333333,12.25,9.5,10.166666666666666,27.416666666666668
5,50,0.98,0.5,0.95,0.5,9,kf_sa_seed_0009.npz,50,5,35,651,700,871,480,0.7803379416282642,0.16282642089093702,0.05683563748079877,0.6557142857142857,0.2671428571428571,0.07714285714285714,0.9343065693430657,0.06082725060827251,0.004866180048661801,0.5652173913043478,0.3282608695652174,0.10652173913043478,0.2020665901262916,0.5204141542367502,0.7979334098737084,0.6230215827338129,293,117,176,0.3993174061433447,0.24375,0.7831236121391562,0.5311909262759924,0.4688090737240076,0.4287403993855607,0.6571099407504938,0.6419500124363247,0.12451495101152842,0.20165944043800776,0.07714448942647935,16,11.843079200592154,79.47058823529412,50.0,0.5426133823679122,0.8764997225205434,0.16666666666666666,46.0,46.0,46.0,4.6000000000000005,24.166666666666668,2.416666666666667,5,12,0.3333333333333333,0.16666666666666666,0.16666666666666666,0.4166666666666667,0.0,0.3333333333333333,12.0,9.0,8.5,27.333333333333332
5,50,0.99,0.5,0.95,0.5,9,kf_sa_seed_0009.npz,50,5,35,651,700,871,480,0.7818740399385561,0.1597542242703533,0.05837173579109063,0.6857142857142857,0.24285714285714285,0.07142857142857142,0.9294403892944039,0.06326034063260341,0.0072992700729927005,0.5956521739130435,0.3065217391304348,0.09782608695652174,0.19173363949483352,0.5136332381254628,0.8082663605051664,0.6065340909090909,274,107,167,0.3905109489051095,0.22291666666666668,0.7971872686898593,0.5190343546889508,0.48096564531104924,0.42665130568356374,0.6316260697827518,0.6275426808066151,0.12280724430923949,0.1870099356166587,0.06420269130741922,14,10.362694300518134,90.06666666666666,50.0,0.5426133823679122,0.8764997225205434,0.16666666666666666,50.0,50.0,50.0,5.0,23.833333333333332,2.3833333333333333,5,12,0.3333333333333333,0.16666666666666666,0.16666666666666666,0.4166666666666667,0.0,0.3333333333333333,10.75,6.0,7.666666666666667,26.916666666666668
7,35,0.9,0.5,0.95,0.5,9,kf_sa_seed_0009.npz,35,5,35,666,700,886,480,0.43843843843843844,0.527027027027027,0.03453453453453453,0.11142857142857143,0.7957142857142857,0.09285714285714286,0.5821596244131455,0.41784037558685444,0.0,0.11956521739130435,0.75,0.13043478260869565,0.590293453724605,0.3562972035109206,0.40970654627539504,0.8484848484848485,908,385,523,0.42400881057268724,0.8020833333333334,0.33528550512445093,0.7794759825327511,0.22052401746724892,0.26564779064779065,0.7733912483912484,0.757468886011624,0.13977618849236478,0.34886842205517815,0.20909223356281337,61,44.65592972181552,22.032258064516128,44.0,0.5407450751649902,0.8764997225205434,0.16666666666666666,35.0,35.0,35.0,3.5,35.5,3.5500000000000003,5,12,0.25,0.25,0.0,1.0,0.0,0.5,24.333333333333332,24.0,28.5,32.333333333333336
7,35,0.95,0.5,0.95,0.5,9,kf_sa_seed_0009.npz,35,5,35,666,700,886,480,0.5705705705705706,0.3933933933933934,0.036036036036036036,0.2,0.7085714285714285,0.09142857142857143,0.7535211267605634,0.24647887323943662,0.0,0.14782608695652175,0.7239130434782609,0.1282608695652174,0.49435665914221216,0.4408909981628904,0.5056433408577878,0.8482142857142857,758,320,438,0.42216358839050133,0.6666666666666666,0.445095168374817,0.7302631578947368,0.26973684210526316,0.330999570999571,0.7494959244959245,0.7365529908077452,0.12904500235763933,0.3164084708808148,0.18736346852317548,57,41.72767203513909,23.551724137931036,44.0,0.5407450751649902,0.8764997225205434,0.16666666666666666,36.0,36.0,36.0,3.6,33.833333333333336,3.3833333333333337,5,12,0.25,0.25,0.0,1.0,0.0,0.5,23.666666666666668,22.0,24.0,32.166666666666664
7,35,0.98,0.5,0.95,0.5,9,kf_sa_seed_0009.npz,35,5,35,666,700,886,480,0.6996996996996997,0.2627627627627628,0.03753753753753754,0.3271428571428571,0.5814285714285714,0.09142857142857143,0.8849765258215962,0.11502347417840375,0.0,0.21521739130434783,0.6565217391304348,0.1282608695652174,0.3961625282167043,0.5066186976934068,0.6038374717832957,0.8149532710280374,582,231,351,0.39690721649484534,0.48125,0.5739385065885798,0.6760204081632653,0.32397959183673475,0.39556413556413555,0.7236851136851137,0.710385261663726,0.11520440561704084,0.27304195797028985,0.157837552353249,45,32.94289897510981,29.695652173913043,44.0,0.5407450751649902,0.8764997225205434,0.16666666666666666,36.0,36.0,36.0,3.6,29.0,2.9000000000000004,5,12,0.25,0.25,0.0,1.0,0.0,0.5,13.666666666666666,12.0,17.166666666666668,29.666666666666668
7,35,0.99,0.5,0.95,0.5,9,kf_sa_seed_0009.npz,35,5,35,666,700,886,480,0.7342342342342343,0.2222222222222222,0.04354354354354354,0.44,0.4657142857142857,0.09428571428571429,0.9107981220657277,0.0892018779342723,0.0,0.3217391304347826,0.55,0.1282608695652174,0.32844243792325056,0.5195294958154726,0.6715575620767494,0.7512605042016807,474,183,291,0.3860759493670886,0.38125,0.6530014641288433,0.6221973094170403,0.3778026905829597,0.4142599742599743,0.6909309309309309,0.6834998992925465,0.10904649615246677,0.24454571063179453,0.13549921447932778,37,27.086383601756953,35.94736842105263,44.0,0.5407450751649902,0.8764997225205434,0.16666666666666666,36.0,36.0,36.0,3.6,28.166666666666668,2.816666666666667,5,12,0.25,0.16666666666666666,0.08333333333333333,0.8333333333333334,0.0,0.3333333333333333,12.333333333333334,9.0,13.583333333333334,29.333333333333332
7,50,0.9,0.5,0.95,0.5,9,kf_sa_seed_0009.npz,50,5,35,651,700,871,480,0.6912442396313364,0.2672811059907834,0.041474654377880185,0.38,0.5442857142857143,0.07571428571428572,0.9051094890510949,0.0948905109489051,0.0,0.26304347826086955,0.6326086956521739,0.10434782608695652,0.3788748564867968,0.5047286575690257,0.6211251435132032,0.7763401109057301,555,225,330,0.40540540540540543,0.46875,0.5891931902294597,0.6319095477386935,0.36809045226130654,0.38347926267281107,0.7214680710994075,0.6900558136062069,0.12685029481147556,0.26331026240587196,0.1364599675943964,34,25.166543301258326,38.6,50.0,0.5426133823679122,0.8764997225205434,0.16666666666666666,48.0,48.0,48.0,4.800000000000001,30.0,3.0,5,12,0.25,0.25,0.0,0.9166666666666666,0.0,0.5,14.666666666666666,14.0,16.0,29.916666666666668
7,50,0.95,0.5,0.95,0.5,9,kf_sa_seed_0009.npz,50,5,35,651,700,871,480,0.7142857142857143,0.2411674347158218,0.0445468509984639,0.4342857142857143,0.4928571428571429,0.07285714285714286,0.9075425790754258,0.09245742092457421,0.0,0.33260869565217394,0.5673913043478261,0.1,0.34328358208955223,0.5037712895377129,0.6567164179104478,0.7325174825174825,502,203,299,0.4043824701195219,0.42291666666666666,0.6284233900814211,0.607773851590106,0.392226148409894,0.39357142857142857,0.7079921000658328,0.6801425441617184,0.12460194421527182,0.2480593429154462,0.12345739870017439,24,17.764618800888233,54.04,50.0,0.5426133823679122,0.8764997225205434,0.16666666666666666,49.0,49.0,49.0,4.9,29.0,2.9000000000000004,5,12,0.25,0.16666666666666666,0.08333333333333333,0.75,0.0,0.3333333333333333,12.666666666666666,10.0,14.916666666666666,29.416666666666668
7,50,0.98,0.5,0.95,0.5,9,kf_sa_seed_0009.npz,50,5,35,651,700,871,480,0.7419354838709677,0.21044546850998463,0.047619047619047616,0.5528571428571428,0.3757142857142857,0.07142857142857142,0.9245742092457421,0.07542579075425791,0.0,0.4369565217391304,0.4652173913043478,0.09782608695652174,0.28128587830080365,0.5112001481011319,0.7187141216991964,0.6789137380191693,400,155,245,0.3875,0.3229166666666667,0.7039230199851961,0.5604626708727655,0.43953732912723453,0.4066820276497696,0.6635066929997806,0.65169748028681,0.12254647270188804,0.21939897927362587,0.09685250657173783,30,22.20577350111029,43.58064516129032,50.0,0.5426133823679122,0.8764997225205434,0.16666666666666666,50.0,50.0,50.0,5.0,27.666666666666668,2.766666666666667,5,12,0.25,0.08333333333333333,0.16666666666666666,0.5833333333333334,0.0,0.16666666666666666,10.0,0.0,11.5,28.75
7,50,0.99,0.5,0.95,0.5,9,kf_sa_seed_0009.npz,50,5,35,651,700,871,480,0.7419354838709677,0.21044546850998463,0.047619047619047616,0.6257142857142857,0.30428571428571427,0.07,0.9197080291970803,0.08029197080291971,0.0,0.5108695652173914,0.3934782608695652,0.09565217391304348,0.24569460390355913,0.5076801015550618,0.7543053960964409,0.6423135464231354,350,136,214,0.38857142857142857,0.2833333333333333,0.7409326424870466,0.5314685314685315,0.46853146853146854,0.4059677419354839,0.6297586131226685,0.6320114835936822,0.11854113043511086,0.1999925994843753,0.08145146904926445,14,10.362694300518134,90.06666666666666,50.0,0.5426133823679122,0.8764997225205434,0.16666666666666666,51.0,51.0,51.0,5.1000000000000005,28.0,2.8000000000000003,5,12,0.25,0.08333333333333333,0.16666666666666666,0.5,0.0,0.16666666666666666,10.0,0.0,10.083333333333334,28.75
10,50,0.9,0.5,0.95,0.5,9,kf_sa_seed_0009.npz,50,5,35,651,700,871,480,0.39938556067588327,0.5698924731182796,0.030721966205837174,0.18428571428571427,0.75,0.06571428571428571,0.5693430656934306,0.4306569343065693,0.0,0.18478260869565216,0.7260869565217392,0.0891304347826087,0.5866819747416763,0.3292367502380197,0.4133180252583238,0.7638888888888888,896,385,511,0.4296875,0.8020833333333334,0.33678756476683935,0.6725274725274726,0.3274725274725274,0.2325499231950845,0.6535374149659864,0.6375972251583139,0.15654825725108515,0.25787095417766975,0.1013226969265846,57,42.19096965210955,23.29310344827586,51.0,0.5426133823679122,0.8764997225205434,0.16666666666666666,54.0,54.0,54.0,5.4,40.166666666666664,4.016666666666667,5,12,0.16666666666666666,0.16666666666666666,0.0,1.0,0.0,0.3333333333333333,13.0,13.0,26.0,31.333333333333332
10,50,0.95,0.5,0.95,0.5,9,kf_sa_seed_0009.npz,50,5,35,651,700,871,480,0.533026113671275,0.4362519201228879,0.030721966205837174,0.32,0.6171428571428571,0.06285714285714286,0.7055961070559611,0.2944038929440389,0.0,0.30434782608695654,0.6108695652173913,0.08478260869565217,0.46153846153846156,0.3951893578758066,0.5384615384615384,0.7014925373134329,716,314,402,0.43854748603351956,0.6541666666666667,0.4700222057735011,0.6157480314960629,0.38425196850393706,0.2979416282642089,0.6340048277375466,0.618893547519297,0.14787319635225013,0.23363891669778009,0.08576572034552996,67,49.592894152479644,19.86764705882353,51.0,0.5426133823679122,0.8764997225205434,0.16666666666666666,56.0,56.0,56.0,5.6000000000000005,38.333333333333336,3.833333333333334,5,12,0.16666666666666666,0.08333333333333333,0.08333333333333333,0.9166666666666666,0.0,0.16666666666666666,11.0,11.0,22.666666666666668,31.0
10,50,0.98,0.5,0.95,0.5,9,kf_sa_seed_0009.npz,50,5,35,651,700,871,480,0.6344086021505376,0.3317972350230415,0.03379416282642089,0.5071428571428571,0.44,0.05285714285714286,0.8029197080291971,0.19708029197080293,0.0,0.40869565217391307,0.5217391304347826,0.06956521739130435,0.3685419058553387,0.43624246271025074,0.6314580941446614,0.6581818181818182,524,203,321,0.38740458015267176,0.42291666666666666,0.612139156180607,0.5441354292623942,0.4558645707376058,0.3436328725038402,0.5901382488479263,0.5826215306002721,0.1365282817599179,0.19183647884114513,0.05530819708122722,25,18.50481125092524,51.96153846153846,51.0,0.5426133823679122,0.8764997225205434,0.16666666666666666,63.0,63.0,63.0,6.300000000000001,37.666666666666664,3.7666666666666666,5,12,0.16666666666666666,0.08333333333333333,0.08333333333333333,0.75,0.0,0.16666666666666666,9.5,9.5,15.25,30.75
10,50,0.99,0.5,0.95,0.5,9,kf_sa_seed_0009.npz,50,5,35,651,700,871,480,0.6728110599078341,0.29185867895545314,0.03533026113671275,0.5828571428571429,0.3742857142857143,0.04285714285714286,0.8345498783454988,0.1654501216545012,0.0,0.4717391304347826,0.47391304347826085,0.05434782608695652,0.3283582089552239,0.44444885221622765,0.6716417910447762,0.629059829059829,452,166,286,0.3672566371681416,0.3458333333333333,0.6654330125832717,0.5205784204671857,0.4794215795328143,0.35783410138248845,0.5430743910467413,0.5475482255963048,0.12706830076339332,0.15318951750315424,0.026121216739760922,21,15.544041450777202,61.40909090909091,51.0,0.5426133823679122,0.8764997225205434,0.16666666666666666,70.0,70.0,70.0,7.0,35.5,3.5500000000000003,5,12,0.16666666666666666,0.08333333333333333,0.08333333333333333,0.6666666666666666,0.0,0.16666666666666666,3.0,3.0,12.166666666666666,29.666666666666668
3,20,0.9,0.5,0.95,0.5,10,kf_sa_seed_0010.npz,20,5,35,681,700,901,480,0.5682819383259912,0.4023494860499266,0.02936857562408223,0.27,0.57,0.16,0.6099773242630385,0.3900226757369615,0.0,0.20652173913043478,0.5826086956521739,0.2108695652173913,0.48834628190899,0.4104234447402149,0.51165371809101,0.7939262472885033,673,233,440,0.3462109955423477,0.48541666666666666,0.5126719768283853,0.7048022598870056,0.2951977401129944,0.3641409691629956,0.7426515628277743,0.7679255324107078,0.10799071141438654,0.393341931524284,0.28535122010989744,94,68.06661839246922,14.536842105263158,46.0,0.5226577012119303,0.8675315926143685,0.6666666666666666,58.5,61.0,87.0,5.8500000000000005,10.0,1.0,2,12,0.5,0.3333333333333333,0.16666666666666666,0.8333333333333334,0.16666666666666666,0.5,8.0,6.0,12.833333333333334,21.5
3,20,0.95,0.5,0.95,0.5,10,kf_sa_seed_0010.npz,20,5,35,681,700,901,480,0.657856093979442,0.31130690161527164,0.030837004405286344,0.3157142857142857,0.5314285714285715,0.15285714285714286,0.6870748299319728,0.3129251700680272,0.0,0.24347826086956523,0.5521739130434783,0.20434782608695654,0.43507214206437295,0.44571132800946467,0.564927857935627,0.7799607072691552,584,192,392,0.3287671232876712,0.4,0.5771180304127443,0.6963613550815558,0.30363864491844417,0.4053566184182924,0.7411118103629117,0.7615099109551213,0.09596090483080487,0.36716359007933413,0.27120268524852925,82,59.37726285300507,16.63855421686747,46.0,0.5226577012119303,0.8675315926143685,0.5,59.666666666666664,66.0,86.0,5.966666666666667,10.166666666666666,1.0166666666666666,3,12,0.5,0.3333333333333333,0.16666666666666666,0.8333333333333334,0.16666666666666666,0.5,8.333333333333334,6.0,11.666666666666666,21.666666666666668
3,20,0.98,0.5,0.95,0.5,10,kf_sa_seed_0010.npz,20,5,35,681,700,901,480,0.7782672540381792,0.18355359765051396,0.0381791483113069,0.41,0.44142857142857145,0.14857142857142858,0.8299319727891157,0.17006802721088435,0.0,0.31521739130434784,0.48478260869565215,0.2,0.33074361820199777,0.5149659863945578,0.6692563817980022,0.7595356550580431,434,136,298,0.31336405529953915,0.2833333333333333,0.6857349746560464,0.6694825765575502,0.33051742344244983,0.4634193413048039,0.7371869100062932,0.7484534688505745,0.08189556183412869,0.32064155180626963,0.23874598997214094,62,44.89500362056481,21.92063492063492,38.0,0.5226577012119303,0.8675315926143685,0.5,61.0,67.0,87.0,6.1000000000000005,10.166666666666666,1.0166666666666666,3,12,0.5,0.25,0.25,0.75,0.16666666666666666,0.3333333333333333,8.333333333333334,5.0,8.583333333333334,21.666666666666668
3,20,0.99,0.5,0.95,0.5,10,kf_sa_seed_0010.npz,20,5,35,681,700,901,480,0.8370044052863436,0.12187958883994127,0.041116005873715125,0.4857142857142857,0.3742857142857143,0.14,0.8888888888888888,0.1111111111111111,0.0,0.3826086956521739,0.4217391304347826,0.1956521739130435,0.26970033296337403,0.5422705314009661,0.730299667036626,0.7325227963525835,345,102,243,0.2956521739130435,0.2125,0.7501810282404056,0.6447876447876448,0.35521235521235517,0.4885022026431718,0.728380532829872,0.7315376434589926,0.0753574817166609,0.2766525077464941,0.20129502602983318,54,39.102099927588704,25.10909090909091,38.0,0.5226577012119303,0.8675315926143685,0.5,62.666666666666664,68.0,87.0,6.266666666666667,11.0,1.1,3,12,0.4166666666666667,0.16666666666666666,0.25,0.6666666666666666,0.0,0.3333333333333333,5.0,0.0,7.416666666666667,22.5
3,25,0.9,0.5,0.95,0.5,10,kf_sa_seed_0010.npz,25,5,35,676,700,896,480,0.6982248520710059,0.26627218934911245,0.03550295857988166,0.36,0.48142857142857143,0.15857142857142856,0.7385321100917431,0.26146788990825687,0.0,0.26304347826086955,0.5260869565217391,0.2108695652173913,0.39732142857142855,0.4747008376545672,0.6026785714285714,0.7759259259259259,517,161,356,0.3114119922630561,0.33541666666666664,0.6242732558139535,0.6786961583236322,0.32130384167636783,0.42839814032121726,0.7420139475908707,0.7578442584989425,0.09020240944973089,0.3546100195073854,0.2644076100576545,90,65.40697674418605,15.12087912087912,47.0,0.52205687123065,0.8675315926143685,0.5,60.0,67.0,85.0,6.0,10.833333333333334,1.0833333333333335,3,12,0.5,0.3333333333333333,0.16666666666666666,0.8333333333333334,0.16666666666666666,0.5,8.833333333333334,7.0,9.833333333333334,21.916666666666668
3,25,0.95,0.5,0.95,0.5,10,kf_sa_seed_0010.npz,25,5,35,676,700,896,480,0.75,0.21005917159763313,0.03994082840236687,0.39714285714285713,0.44571428571428573,0.15714285714285714,0.8004587155963303,0.19954128440366972,0.0,0.29130434782608694,0.49782608695652175,0.2108695652173913,0.35267857142857145,0.5056641404068608,0.6473214285714286,0.7689655172413793,454,138,316,0.3039647577092511,0.2875,0.6700581395348837,0.6691973969631236,0.33080260303687636,0.45357142857142857,0.7399852071005917,0.7510313698624708,0.08426943721139214,0.3325230201892777,0.24825358297788558,74,53.77906976744186,18.346666666666668,43.0,0.52205687123065,0.8675315926143685,0.5,60.333333333333336,67.0,85.0,6.033333333333334,10.666666666666666,1.0666666666666667,3,12,0.5,0.3333333333333333,0.16666666666666666,0.75,0.16666666666666666,0.5,8.833333333333334,6.5,8.5,21.916666666666668
3,25,0.98,0.5,0.95,0.5,10,kf_sa_seed_0010.npz,25,5,35,676,700,896,480,0.8165680473372781,0.14201183431952663,0.04142011834319527,0.47285714285714286,0.38285714285714284,0.1442857142857143,0.8715596330275229,0.12844036697247707,0.0,0.3739130434782609,0.4260869565217391,0.2,0.28125,0.5357798165137615,0.71875,0.7329192546583851,364,112,252,0.3076923076923077,0.23333333333333334,0.7354651162790697,0.6452569169960475,0.3547430830039525,0.4804268808114962,0.733019864750634,0.7379127658813893,0.07799784609370237,0.2931880721977333,0.21519022610403093,56,40.69767441860465,24.140350877192983,37.0,0.52205687123065,0.8675315926143685,0.5,62.666666666666664,68.0,87.0,6.266666666666667,11.166666666666666,1.1166666666666667,3,12,0.4166666666666667,0.16666666666666666,0.25,0.6666666666666666,0.0,0.3333333333333333,5.2,0.0,7.75,22.583333333333332
3,25,0.99,0.5,0.95,0.5,10,kf_sa_seed_0010.npz,25,5,35,676,700,896,480,0.8624260355029586,0.09467455621301775,0.042899408284023666,0.5671428571428572,0.2957142857142857,0.13714285714285715,0.9311926605504587,0.06880733944954129,0.0,0.45869565217391306,0.34782608695652173,0.1934782608695652,0.21205357142857142,0.562335460710012,0.7879464285714286,0.7011331444759207,271,81,190,0.2988929889298893,0.16875,0.8030523255813954,0.6144796380090498,0.3855203619909502,0.49978444632290786,0.7213651732882502,0.7191834398277186,0.07587717479932417,0.25639936924317974,0.1805221944438556,42,30.523255813953487,32.0,37.0,0.52205687123065,0.8675315926143685,0.5,63.666666666666664,69.0,87.0,6.366666666666667,11.666666666666666,1.1666666666666667,3,12,0.4166666666666667,0.16666666666666666,0.25,0.5833333333333334,0.0,0.3333333333333333,5.6,0.0,6.083333333333333,22.75
3,35,0.9,0.5,0.95,0.5,10,kf_sa_seed_0010.npz,35,5,35,666,700,886,480,0.8288288288288288,0.12612612612612611,0.04504504504504504,0.5057142857142857,0.34285714285714286,0.15142857142857144,0.892018779342723,0.107981220657277,0.0,0.4043478260869565,0.38913043478260867,0.20652173913043478,0.25395033860045146,0.5492702592365789,0.7460496613995485,0.7186081694402421,324,99,225,0.3055555555555556,0.20625,0.7628111273792094,0.6314779270633397,0.3685220729366603,0.49012870012870013,0.7327949377949378,0.7316643604454485,0.08305600136465816,0.29053224408807815,0.20747624272342,56,40.995607613469986,23.964912280701753,37.0,0.5211074135388661,0.8675315926143685,0.5,62.666666666666664,67.0,87.0,6.266666666666667,11.166666666666666,1.1166666666666667,3,12,0.4166666666666667,0.16666666666666666,0.25,0.5833333333333334,0.0,0.3333333333333333,5.4,0.0,7.083333333333333,22.666666666666668
3,35,0.95,0.5,0.95,0.5,10,kf_sa_seed_0010.npz,35,5,35,666,700,886,480,0.8438438438438438,0.1111111111111111,0.04504504504504504,0.5528571428571428,0.2985714285714286,0.14857142857142858,0.9107981220657277,0.0892018779342723,0.0,0.4434782608695652,0.3521739130434783,0.20434782608695654,0.22573363431151242,0.5575729740763421,0.7742663656884876,0.7026239067055393,283,83,200,0.29328621908127206,0.17291666666666666,0.7928257686676428,0.6149584487534626,0.3850415512465374,0.4962076362076362,0.7265122265122265,0.7223864092879234,0.08283175806077475,0.27577262940640096,0.1929408713456262,42,30.74670571010249,31.767441860465116,37.0,0.5211074135388661,0.8675315926143685,0.5,63.333333333333336,68.0,87.0,6.333333333333334,11.5,1.1500000000000001,3,12,0.4166666666666667,0.16666666666666666,0.25,0.5833333333333334,0.0,0.3333333333333333,5.6,0.0,6.25,22.75
3,35,0.98,0.5,0.95,0.5,10,kf_sa_seed_0010.npz,35,5,35,666,700,886,480,0.8693693693693694,0.08408408408408409,0.046546546546546545,0.6114285714285714,0.24857142857142858,0.14,0.9530516431924883,0.046948356807511735,0.0,0.48695652173913045,0.3217391304347826,0.19130434782608696,0.18961625282167044,0.5721779955092876,0.8103837471783296,0.6880222841225627,230,62,168,0.26956521739130435,0.12916666666666668,0.8316251830161054,0.5959507042253521,0.4040492957746479,0.5046846846846846,0.7126791076791077,0.7063433705171149,0.08295283267434539,0.24934385104310683,0.16639101836876144,32,23.42606149341142,41.39393939393939,37.0,0.5211074135388661,0.8675315926143685,0.5,64.33333333333333,68.0,88.0,6.433333333333334,12.333333333333334,1.2333333333333334,3,12,0.4166666666666667,0.16666666666666666,0.25,0.5,0.0,0.3333333333333333,6.4,0.0,4.75,23.083333333333332
3,35,0.99,0.5,0.95,0.5,10,kf_sa_seed_0010.npz,35,5,35,666,700,886,480,0.8798798798798799,0.07207207207207207,0.04804804804804805,0.6585714285714286,0.21142857142857144,0.13,0.971830985915493,0.028169014084507043,0.0,0.5391304347826087,0.2826086956521739,0.1782608695652174,0.16027088036117382,0.5750459277403552,0.8397291196388262,0.6666666666666666,196,54,142,0.2755102040816326,0.1125,0.8565153733528551,0.5786324786324787,0.4213675213675213,0.5049399399399399,0.6972994422994423,0.6880057963792732,0.08374021806989658,0.22343239686892896,0.1396921787990324,25,18.301610541727673,52.53846153846154,37.0,0.5211074135388661,0.8675315926143685,0.3333333333333333,54.5,54.5,70.0,5.45,12.833333333333334,1.2833333333333334,4,12,0.4166666666666667,0.16666666666666666,0.25,0.4166666666666667,0.0,0.3333333333333333,6.6,0.0,4.0,23.166666666666668
3,50,0.9,0.5,0.95,0.5,10,kf_sa_seed_0010.npz,50,5,35,651,700,871,480,0.8632872503840245,0.08448540706605223,0.05222734254992319,0.6471428571428571,0.22714285714285715,0.12571428571428572,0.9610705596107056,0.038929440389294405,0.0,0.5108695652173914,0.30869565217391304,0.18043478260869567,0.18140068886337543,0.5707526711097006,0.8185993111366245,0.6704067321178121,214,56,158,0.2616822429906542,0.11666666666666667,0.84159881569208,0.5716798592788038,0.4283201407211962,0.4945007680491551,0.6726640333552776,0.6752618364071098,0.0970740312493386,0.22966043460886207,0.13258640335952349,27,19.98519615099926,48.25,50.0,0.523940478510572,0.8675315926143685,0.3333333333333333,54.5,54.5,68.0,5.45,14.0,1.4000000000000001,4,12,0.4166666666666667,0.16666666666666666,0.25,0.4166666666666667,0.0,0.3333333333333333,7.6,0.0,3.8333333333333335,23.583333333333332
3,50,0.95,0.5,0.95,0.5,10,kf_sa_seed_0010.npz,50,5,35,651,700,871,480,0.8648233486943164,0.08141321044546851,0.053763440860215055,0.6742857142857143,0.20285714285714285,0.12285714285714286,0.9659367396593674,0.0340632603406326,0.0,0.5478260869565217,0.27608695652173915,0.17608695652173914,0.1618828932261768,0.5710118480905533,0.8381171067738232,0.6547945205479452,195,54,141,0.27692307692307694,0.1125,0.8556624722427831,0.5614186851211073,0.43858131487889274,0.49384024577572966,0.6658569234145271,0.6674049260123078,0.0969670338109952,0.22090924086996297,0.12394220705896777,24,17.764618800888233,54.04,50.0,0.523940478510572,0.8675315926143685,0.3333333333333333,55.0,55.0,68.0,5.5,14.5,1.4500000000000002,4,12,0.4166666666666667,0.16666666666666666,0.25,0.3333333333333333,0.0,0.3333333333333333,7.8,0.0,3.6666666666666665,23.666666666666668
3,50,0.98,0.5,0.95,0.5,10,kf_sa_seed_0010.npz,50,5,35,651,700,871,480,0.8602150537634409,0.08602150537634409,0.053763440860215055,0.7057142857142857,0.17857142857142858,0.11571428571428571,0.9610705596107056,0.038929440389294405,0.0,0.5869565217391305,0.24782608695652175,0.16521739130434782,0.14925373134328357,0.5631439754575267,0.8507462686567164,0.6356275303643725,181,51,130,0.281767955801105,0.10625,0.8660251665433013,0.5478632478632479,0.4521367521367521,0.4879646697388633,0.6549111257406188,0.6524267857911671,0.0973008579677521,0.20341742487439668,0.10611656690664457,16,11.843079200592154,79.47058823529412,50.0,0.523940478510572,0.8675315926143685,0.3333333333333333,57.0,57.0,69.0,5.7,15.166666666666666,1.5166666666666666,4,12,0.4166666666666667,0.16666666666666666,0.25,0.25,0.0,0.3333333333333333,8.0,0.0,3.4166666666666665,23.75
3,50,0.99,0.5,0.95,0.5,10,kf_sa_seed_0010.npz,50,5,35,651,700,871,480,0.8556067588325653,0.0890937019969278,0.055299539170506916,0.7371428571428571,0.16,0.10285714285714286,0.9537712895377128,0.043795620437956206,0.0024330900243309003,0.6326086956521739,0.2217391304347826,0.14565217391304347,0.1377726750861079,0.5497117317253781,0.8622273249138921,0.611185086551265,170,50,120,0.29411764705882354,0.10416666666666667,0.8741672834937083,0.5325994919559696,0.46740050804403044,0.4792319508448541,0.6412069343866579,0.6334833123170809,0.09848374648876074,0.18446873161345914,0.0859849851246984,16,11.843079200592154,79.47058823529412,50.0,0.523940478510572,0.8675315926143685,0.3333333333333333,61.5,61.5,75.0,6.15,15.666666666666666,1.5666666666666667,4,12,0.4166666666666667,0.16666666666666666,0.25,0.16666666666666666,0.0,0.3333333333333333,8.0,0.0,3.3333333333333335,23.75
5,20,0.9,0.5,0.95,0.5,10,kf_sa_seed_0010.npz,20,5,35,681,700,901,480,0.22173274596182085,0.7606461086637298,0.01762114537444934,0.04857142857142857,0.8514285714285714,0.1,0.26077097505668934,0.7392290249433107,0.0,0.01956521739130435,0.85,0.13043478260869565,0.7957824639289678,0.1956028788326925,0.20421753607103219,0.9510869565217391,1114,397,717,0.35637342908438063,0.8270833333333333,0.19333816075307747,0.8277153558052435,0.17228464419475653,0.16086637298091044,0.7663394168239983,0.7781996738439343,0.14744181553558797,0.412008979527047,0.2645671639914591,60,43.44677769732078,22.639344262295083,74.0,0.5226577012119303,0.8675315926143685,0.16666666666666666,30.0,30.0,30.0,3.0,37.833333333333336,3.7833333333333337,5,12,0.25,0.16666666666666666,0.08333333333333333,0.9166666666666666,0.16666666666666666,0.16666666666666666,10.666666666666666,2.0,25.916666666666668,28.916666666666668
5,20,0.95,0.5,0.95,0.5,10,kf_sa_seed_0010.npz,20,5,35,681,700,901,480,0.35976505139500736,0.6211453744493393,0.01908957415565345,0.09285714285714286,0.8114285714285714,0.09571428571428571,0.4013605442176871,0.5986394557823129,0.0,0.02826086956521739,0.841304347826087,0.13043478260869565,0.7225305216426193,0.2658976634131914,0.27746947835738067,0.948,991,340,651,0.343087790110999,0.7083333333333334,0.2824040550325851,0.8,0.19999999999999996,0.22773966855464653,0.7727669393748688,0.7734318523587193,0.12247267104831377,0.3786760496024921,0.25620337855417835,70,50.68790731354091,19.450704225352112,73.0,0.5226577012119303,0.8675315926143685,0.16666666666666666,33.0,33.0,33.0,3.3000000000000003,19.0,1.9000000000000001,5,12,0.3333333333333333,0.25,0.08333333333333333,0.9166666666666666,0.0,0.5,9.25,9.0,21.416666666666668,26.416666666666668
5,20,0.98,0.5,0.95,0.5,10,kf_sa_seed_0010.npz,20,5,35,681,700,901,480,0.6490455212922174,0.32158590308370044,0.02936857562408223,0.21428571428571427,0.6914285714285714,0.09428571428571429,0.746031746031746,0.25396825396825395,0.0,0.09347826086956522,0.7760869565217391,0.13043478260869565,0.5205327413984462,0.43823326432022086,0.4794672586015538,0.9004629629629629,703,234,469,0.3328591749644381,0.4875,0.49094858797972485,0.7492625368731564,0.25073746312684364,0.37166561778896584,0.7775896790434236,0.7695127174271892,0.09601833752555501,0.32244824647179077,0.22642990894623577,88,63.721940622737144,15.51685393258427,46.0,0.5226577012119303,0.8675315926143685,0.16666666666666666,34.0,34.0,34.0,3.4000000000000004,19.166666666666668,1.916666666666667,5,12,0.3333333333333333,0.16666666666666666,0.16666666666666666,0.8333333333333334,0.0,0.3333333333333333,9.25,9.0,16.5,26.416666666666668
5,20,0.99,0.5,0.95,0.5,10,kf_sa_seed_0010.npz,20,5,35,681,700,901,480,0.7870778267254038,0.18208516886930984,0.030837004405286344,0.3585714285714286,0.5385714285714286,0.10285714285714286,0.9229024943310657,0.07709750566893424,0.0,0.23043478260869565,0.6391304347826087,0.13043478260869565,0.36403995560488345,0.5266686384698807,0.6359600443951166,0.8150087260034904,501,173,328,0.34530938123752497,0.36041666666666666,0.6372194062273715,0.6909090909090909,0.3090909090909091,0.44496748479127335,0.7741787287602265,0.7675438097092436,0.08203845553871046,0.3041474814686503,0.2221090259299398,48,34.757422157856624,28.183673469387756,43.0,0.5226577012119303,0.8675315926143685,0.16666666666666666,28.0,28.0,28.0,2.8000000000000003,19.333333333333332,1.9333333333333333,5,12,0.5,0.3333333333333333,0.16666666666666666,0.75,0.16666666666666666,0.5,17.666666666666668,23.0,13.166666666666666,26.333333333333332
5,25,0.9,0.5,0.95,0.5,10,kf_sa_seed_0010.npz,25,5,35,676,700,896,480,0.40384615384615385,0.5680473372781065,0.028106508875739646,0.12285714285714286,0.7814285714285715,0.09571428571428571,0.43577981651376146,0.5642201834862385,0.0,0.043478260869565216,0.8260869565217391,0.13043478260869565,0.6986607142857143,0.28310729956122854,0.3013392857142857,0.9259259259259259,931,305,626,0.3276047261009667,0.6354166666666666,0.3234011627906977,0.7640449438202247,0.2359550561797753,0.24978021978021978,0.7673372781065089,0.7707428827518892,0.11702986218976853,0.37211400143092677,0.25508413924115825,80,58.13953488372093,16.987654320987655,74.0,0.52205687123065,0.8675315926143685,0.16666666666666666,33.0,33.0,33.0,3.3000000000000003,18.833333333333332,1.8833333333333333,5,12,0.3333333333333333,0.16666666666666666,0.16666666666666666,0.8333333333333334,0.0,0.3333333333333333,9.0,8.5,19.916666666666668,26.333333333333332
5,25,0.95,0.5,0.95,0.5,10,kf_sa_seed_0010.npz,25,5,35,676,700,896,480,0.5458579881656804,0.4245562130177515,0.029585798816568046,0.17,0.7371428571428571,0.09285714285714286,0.6146788990825688,0.3853211009174312,0.0,0.05217391304347826,0.8173913043478261,0.13043478260869565,0.6071428571428571,0.37255684084563223,0.39285714285714285,0.9318181818181818,803,259,544,0.32254047322540474,0.5395833333333333,0.4164244186046512,0.7574171029668412,0.24258289703315883,0.31935756551141165,0.7727557058326289,0.7657940285317695,0.10311476941795514,0.3441578026987342,0.24104303328077906,64,46.51162790697674,21.16923076923077,48.0,0.52205687123065,0.8675315926143685,0.16666666666666666,35.0,35.0,35.0,3.5,19.166666666666668,1.916666666666667,5,12,0.3333333333333333,0.16666666666666666,0.16666666666666666,0.8333333333333334,0.0,0.3333333333333333,9.5,9.5,17.75,26.5
5,25,0.98,0.5,0.95,0.5,10,kf_sa_seed_0010.npz,25,5,35,676,700,896,480,0.7662721893491125,0.20266272189349113,0.03106508875739645,0.30142857142857143,0.6042857142857143,0.09428571428571429,0.8853211009174312,0.11467889908256881,0.0,0.15869565217391304,0.7108695652173913,0.13043478260869565,0.42075892857142855,0.5078779417630634,0.5792410714285714,0.859344894026975,560,183,377,0.3267857142857143,0.38125,0.5930232558139535,0.7156862745098039,0.28431372549019607,0.4302789518174134,0.7799746407438715,0.7720723655947773,0.08686498866508653,0.302917588261862,0.21605259959677547,58,42.151162790697676,23.322033898305083,43.0,0.52205687123065,0.8675315926143685,0.16666666666666666,34.0,34.0,34.0,3.4000000000000004,19.5,1.9500000000000002,5,12,0.3333333333333333,0.16666666666666666,0.16666666666666666,0.75,0.0,0.3333333333333333,9.75,9.5,14.0,26.583333333333332
5,25,0.99,0.5,0.95,0.5,10,kf_sa_seed_0010.npz,25,5,35,676,700,896,480,0.8062130177514792,0.15828402366863906,0.03550295857988166,0.3985714285714286,0.5,0.10142857142857142,0.9587155963302753,0.04128440366972477,0.0,0.25869565217391305,0.6108695652173913,0.13043478260869565,0.33370535714285715,0.5445751894694855,0.6662946428571429,0.8006700167504187,457,158,299,0.34573304157549234,0.32916666666666666,0.6678779069767442,0.6702937976060935,0.32970620239390647,0.45382079459002533,0.7635143702451395,0.7592087460422056,0.08139917468540127,0.29902650478758896,0.2176273301021877,50,36.33720930232558,26.980392156862745,37.0,0.52205687123065,0.8675315926143685,0.16666666666666666,29.0,29.0,29.0,2.9000000000000004,18.666666666666668,1.866666666666667,5,12,0.5,0.3333333333333333,0.16666666666666666,0.75,0.16666666666666666,0.5,17.833333333333332,23.0,11.583333333333334,26.416666666666668
5,35,0.9,0.5,0.95,0.5,10,kf_sa_seed_0010.npz,35,5,35,666,700,886,480,0.7612612612612613,0.2042042042042042,0.03453453453453453,0.3057142857142857,0.6071428571428571,0.08714285714285715,0.892018779342723,0.107981220657277,0.0,0.16956521739130434,0.7086956521739131,0.12173913043478261,0.4198645598194131,0.5068789548887528,0.5801354401805869,0.8482490272373541,561,189,372,0.33689839572192515,0.39375,0.5893118594436311,0.7055900621118012,0.2944099378881988,0.4242020592020592,0.776038181038181,0.7515903722009534,0.09483479129669722,0.3070912785786929,0.21225648728199567,58,42.4597364568082,23.152542372881356,37.0,0.5211074135388661,0.8675315926143685,0.16666666666666666,39.0,39.0,39.0,3.9000000000000004,19.666666666666668,1.9666666666666668,5,12,0.3333333333333333,0.16666666666666666,0.16666666666666666,0.75,0.0,0.3333333333333333,10.25,10.0,14.25,26.75
5,35,0.95,0.5,0.95,0.5,10,kf_sa_seed_0010.npz,35,5,35,666,700,886,480,0.7927927927927928,0.16966966966966968,0.03753753753753754,0.35285714285714287,0.5628571428571428,0.08428571428571428,0.9389671361502347,0.06103286384976526,0.0,0.2108695652173913,0.6717391304347826,0.11739130434782609,0.3781038374717833,0.5281792202490304,0.6218961625282167,0.8239564428312159,507,172,335,0.33925049309664695,0.35833333333333334,0.6288433382137628,0.6833527357392316,0.3166472642607684,0.43853925353925355,0.771988416988417,0.750260092907026,0.09123681369179164,0.28670111097016315,0.1954642972783715,46,33.674963396778914,29.06382978723404,37.0,0.5211074135388661,0.8675315926143685,0.16666666666666666,41.0,41.0,41.0,4.1000000000000005,20.333333333333332,2.033333333333333,5,12,0.3333333333333333,0.16666666666666666,0.16666666666666666,0.75,0.0,0.3333333333333333,10.75,10.5,13.083333333333334,26.916666666666668
5,35,0.98,0.5,0.95,0.5,10,kf_sa_seed_0010.npz,35,5,35,666,700,886,480,0.8303303303303303,0.13063063063063063,0.03903903903903904,0.45,0.46285714285714286,0.08714285714285715,0.9741784037558685,0.025821596244131457,0.0,0.30869565217391304,0.5695652173913044,0.12173913043478261,0.30812641083521447,0.5479587670953255,0.6918735891647856,0.768352365415987,411,138,273,0.3357664233576642,0.2875,0.6991215226939971,0.6429319371727749,0.35706806282722514,0.45873659373659376,0.7601651651651652,0.7256884079215874,0.08775695602879643,0.25606021145255964,0.1683032554237632,41,30.01464128843338,32.523809523809526,37.0,0.5211074135388661,0.8675315926143685,0.16666666666666666,39.0,39.0,39.0,3.9000000000000004,18.333333333333332,1.8333333333333333,5,12,0.4166666666666667,0.25,0.16666666666666666,0.75,0.0,0.5,13.2,20.0,10.083333333333334,25.916666666666668
5,35,0.99,0.5,0.95,0.5,10,kf_sa_seed_0010.npz,35,5,35,666,700,886,480,0.8378378378378378,0.12012012012012012,0.042042042042042045,0.5285714285714286,0.38571428571428573,0.08571428571428572,0.9788732394366197,0.02112676056338028,0.0,0.391304347826087,0.4891304347826087,0.11956521739130435,0.26410835214446954,0.5492192284139621,0.7358916478555305,0.7239263803680982,350,116,234,0.3314285714285714,0.24166666666666667,0.7437774524158126,0.6082677165354331,0.3917322834645669,0.4617760617760618,0.734972114972115,0.718327065546635,0.08490795188705848,0.24374274669147641,0.15883479480441792,29,21.2298682284041,45.53333333333333,37.0,0.5211074135388661,0.8675315926143685,0.16666666666666666,40.0,40.0,40.0,4.0,18.0,1.8,5,12,0.4166666666666667,0.25,0.16666666666666666,0.6666666666666666,0.0,0.5,13.2,19.0,8.416666666666666,25.916666666666668
5,50,0.9,0.5,0.95,0.5,10,kf_sa_seed_0010.npz,50,5,35,651,700,871,480,0.8187403993855606,0.1382488479262673,0.043010752688172046,0.4942857142857143,0.4342857142857143,0.07142857142857142,0.9659367396593674,0.0340632603406326,0.0,0.33695652173913043,0.5652173913043478,0.09782608695652174,0.3145809414466131,0.5318814133079446,0.6854190585533869,0.7403685092127303,394,120,274,0.30456852791878175,0.25,0.7083641746854182,0.6091954022988506,0.3908045977011494,0.445084485407066,0.7335286372613562,0.7041788666631297,0.09720977853823379,0.2360906601531782,0.1388808816149444,34,25.166543301258326,38.6,50.0,0.523940478510572,0.8675315926143685,0.16666666666666666,50.0,50.0,50.0,5.0,19.833333333333332,1.9833333333333334,5,12,0.4166666666666667,0.25,0.16666666666666666,0.75,0.0,0.5,14.0,22.0,8.75,26.25
5,50,0.95,0.5,0.95,0.5,10,kf_sa_seed_0010.npz,50,5,35,651,700,871,480,0.8141321044546851,0.141321044546851,0.0445468509984639,0.5485714285714286,0.38142857142857145,0.07,0.9586374695863747,0.0413625304136253,0.0,0.38913043478260867,0.5152173913043478,0.09565217391304348,0.29161882893226176,0.5271448217497091,0.7083811710677382,0.7098865478119936,359,105,254,0.2924791086350975,0.21875,0.7342709104367136,0.5836693548387096,0.41633064516129037,0.4420660522273425,0.7262497256967303,0.6924076973705678,0.09719318848785685,0.22174801865089758,0.12455483016304073,26,19.24500370096225,50.03703703703704,50.0,0.523940478510572,0.8675315926143685,0.16666666666666666,51.0,51.0,51.0,5.1000000000000005,20.166666666666668,2.016666666666667,5,12,0.4166666666666667,0.25,0.16666666666666666,0.5833333333333334,0.0,0.5,13.8,19.0,7.5,26.166666666666668
5,50,0.98,0.5,0.95,0.5,10,kf_sa_seed_0010.npz,50,5,35,651,700,871,480,0.8172043010752689,0.1382488479262673,0.0445468509984639,0.6542857142857142,0.27714285714285714,0.06857142857142857,0.9586374695863747,0.0413625304136253,0.0,0.5217391304347826,0.3847826086956522,0.09347826086956522,0.2227324913892078,0.5260578652279699,0.7772675086107922,0.6454948301329394,284,90,194,0.31690140845070425,0.1875,0.7897853441894893,0.5435801312089972,0.4564198687910028,0.44288786482334874,0.712916392363397,0.6749144371361313,0.0979145975159919,0.20159854944745434,0.10368395193146245,36,26.646928201332347,36.513513513513516,50.0,0.523940478510572,0.8675315926143685,0.16666666666666666,52.0,52.0,52.0,5.2,20.333333333333332,2.033333333333333,5,12,0.4166666666666667,0.25,0.16666666666666666,0.4166666666666667,0.0,0.5,14.0,17.0,6.25,26.25
5,50,0.99,0.5,0.95,0.5,10,kf_sa_seed_0010.npz,50,5,35,651,700,871,480,0.8341013824884793,0.11674347158218126,0.04915514592933948,0.6771428571428572,0.25,0.07285714285714286,0.9708029197080292,0.029197080291970802,0.0,0.558695652173913,0.34130434782608693,0.1,0.19402985074626866,0.5354014598540147,0.8059701492537313,0.6339031339031339,251,82,169,0.32669322709163345,0.17083333333333334,0.8142116950407106,0.54,0.45999999999999996,0.4534792626728111,0.6830217248189598,0.6555147608022581,0.09783837733438366,0.18842076317560327,0.09058238584121961,20,14.803849000740193,64.33333333333333,50.0,0.523940478510572,0.8675315926143685,0.16666666666666666,49.0,49.0,49.0,4.9,17.0,1.7000000000000002,5,12,0.4166666666666667,0.25,0.16666666666666666,0.4166666666666667,0.0,0.5,11.0,3.0,5.083333333333333,25.0
7,35,0.9,0.5,0.95,0.5,10,kf_sa_seed_0010.npz,35,5,35,666,700,886,480,0.30180180180180183,0.6681681681681682,0.03003003003003003,0.06571428571428571,0.8457142857142858,0.08857142857142856,0.32629107981220656,0.6737089201877934,0.0,0.02826086956521739,0.8478260869565217,0.12391304347826088,0.7641083521444695,0.22510206164523372,0.23589164785553046,0.937799043062201,1037,360,677,0.3471552555448409,0.75,0.24084919472913616,0.7993920972644377,0.20060790273556228,0.1951866151866152,0.7850364650364651,0.7774596014594398,0.13843399164501485,0.3651588697739349,0.22672487812892006,68,49.780380673499266,19.797101449275363,41.0,0.5211074135388661,0.8675315926143685,0.16666666666666666,38.0,38.0,38.0,3.8000000000000003,25.166666666666668,2.516666666666667,5,12,0.3333333333333333,0.25,0.08333333333333333,0.9166666666666666,0.0,0.5,16.5,21.0,24.333333333333332,28.833333333333332
7,35,0.95,0.5,0.95,0.5,10,kf_sa_seed_0010.npz,35,5,35,666,700,886,480,0.47297297297297297,0.4954954954954955,0.03153153153153153,0.17142857142857143,0.74,0.08857142857142856,0.5446009389671361,0.45539906103286387,0.0,0.06086956521739131,0.8152173913043478,0.12391304347826088,0.6422121896162528,0.3342569912226985,0.3577878103837472,0.9116719242902208,848,279,569,0.3290094339622642,0.58125,0.37920937042459735,0.7277992277992278,0.2722007722007722,0.2807722007722008,0.7731510081510081,0.7672454171214829,0.12074555434560018,0.3345697252266641,0.21382417088106392,70,51.24450951683748,19.239436619718308,40.0,0.5211074135388661,0.8675315926143685,0.16666666666666666,38.0,38.0,38.0,3.8000000000000003,22.5,2.25,5,12,0.3333333333333333,0.25,0.08333333333333333,0.9166666666666666,0.0,0.5,12.5,12.5,18.333333333333332,27.5
7,35,0.98,0.5,0.95,0.5,10,kf_sa_seed_0010.npz,35,5,35,666,700,886,480,0.6171171171171171,0.34984984984984985,0.03303303303303303,0.2714285714285714,0.64,0.08857142857142856,0.7417840375586855,0.25821596244131456,0.0,0.12173913043478261,0.7543478260869565,0.12391304347826088,0.5158013544018059,0.4328485405184732,0.48419864559819414,0.8694638694638694,681,224,457,0.328928046989721,0.4666666666666667,0.5014641288433382,0.6905109489051094,0.30948905109489055,0.35284427284427283,0.751956241956242,0.7544007381206517,0.10465374124765818,0.2980637725362354,0.1934100312885772,62,45.387994143484626,21.682539682539684,40.0,0.5211074135388661,0.8675315926143685,0.16666666666666666,38.0,38.0,38.0,3.8000000000000003,22.5,2.25,5,12,0.3333333333333333,0.25,0.08333333333333333,0.8333333333333334,0.0,0.5,12.75,13.0,15.0,27.583333333333332
7,35,0.99,0.5,0.95,0.5,10,kf_sa_seed_0010.npz,35,5,35,666,700,886,480,0.7492492492492493,0.21621621621621623,0.03453453453453453,0.30857142857142855,0.6028571428571429,0.08857142857142856,0.8943661971830986,0.1056338028169014,0.0,0.1608695652173913,0.7152173913043478,0.12391304347826088,0.4221218961625282,0.5091396203306797,0.5778781038374717,0.85546875,566,192,374,0.3392226148409894,0.4,0.5856515373352855,0.70125,0.29874999999999996,0.4189103389103389,0.7355855855855856,0.7436068171147685,0.09568590577327214,0.27886493063473794,0.1831790248614658,36,26.35431918008785,36.91891891891892,40.0,0.5211074135388661,0.8675315926143685,0.16666666666666666,38.0,38.0,38.0,3.8000000000000003,20.666666666666668,2.066666666666667,5,12,0.4166666666666667,0.25,0.16666666666666666,0.75,0.0,0.5,15.4,24.0,13.75,26.833333333333332
7,50,0.9,0.5,0.95,0.5,10,kf_sa_seed_0010.npz,50,5,35,651,700,871,480,0.6789554531490015,0.28417818740399386,0.03686635944700461,0.3057142857142857,0.62,0.07428571428571429,0.8272506082725061,0.17274939172749393,0.0,0.11956521739130435,0.7782608695652173,0.10217391304347827,0.4925373134328358,0.46471226065799215,0.5074626865671642,0.8755656108597285,619,190,429,0.3069466882067851,0.3958333333333333,0.5418208734270911,0.674863387978142,0.32513661202185795,0.3766205837173579,0.7284902348035989,0.7224759502796873,0.11325765171368055,0.2715242601383062,0.15826660842462567,49,36.26943005181347,27.02,50.0,0.523940478510572,0.8675315926143685,0.16666666666666666,48.0,48.0,48.0,4.800000000000001,26.5,2.6500000000000004,5,12,0.3333333333333333,0.25,0.08333333333333333,0.8333333333333334,0.0,0.5,17.5,20.5,14.25,29.166666666666668
7,50,0.95,0.5,0.95,0.5,10,kf_sa_seed_0010.npz,50,5,35,651,700,871,480,0.7496159754224271,0.21351766513056836,0.03686635944700461,0.36142857142857143,0.5657142857142857,0.07285714285714286,0.9221411192214112,0.07785888077858881,0.0,0.16304347826086957,0.7369565217391304,0.1,0.425947187141217,0.5110705596107056,0.574052812858783,0.85,535,164,371,0.30654205607476637,0.3416666666666667,0.6039970392301999,0.6605392156862745,0.3394607843137255,0.41123655913978496,0.7232872503840245,0.7159709011387103,0.1069114982257686,0.2563558990861868,0.14944440086041816,51,37.749814951887494,25.98076923076923,50.0,0.523940478510572,0.8675315926143685,0.16666666666666666,49.0,49.0,49.0,4.9,26.333333333333332,2.6333333333333333,5,12,0.4166666666666667,0.3333333333333333,0.08333333333333333,0.8333333333333334,0.0,0.6666666666666666,21.0,24.0,12.416666666666666,29.166666666666668
7,50,0.98,0.5,0.95,0.5,10,kf_sa_seed_0010.npz,50,5,35,651,700,871,480,0.7803379416282642,0.1781874039938556,0.041474654377880185,0.42428571428571427,0.5042857142857143,0.07142857142857142,0.9440389294403893,0.05596107055961071,0.0,0.21304347826086956,0.6891304347826087,0.09782608695652174,0.39035591274397247,0.5209325081984555,0.6096440872560276,0.815442561205273,469,129,340,0.27505330490405117,0.26875,0.6528497409326425,0.6326530612244898,0.36734693877551017,0.4258832565284178,0.7003116085143735,0.6978236187096031,0.1030842645524817,0.23652753462180345,0.13344327006932177,29,21.46558105107328,45.03333333333333,50.0,0.523940478510572,0.8675315926143685,0.16666666666666666,50.0,50.0,50.0,5.0,22.166666666666668,2.216666666666667,5,12,0.4166666666666667,0.25,0.16666666666666666,0.75,0.0,0.5,16.0,24.0,9.083333333333334,27.083333333333332
7,50,0.99,0.5,0.95,0.5,10,kf_sa_seed_0010.npz,50,5,35,651,700,871,480,0.8125960061443932,0.14592933947772657,0.041474654377880185,0.45,0.48,0.07,0.9586374695863747,0.0413625304136253,0.0,0.25,0.6543478260869565,0.09565217391304348,0.365097588978186,0.5271448217497091,0.634902411021814,0.7920433996383364,431,113,318,0.26218097447795824,0.23541666666666666,0.6809770540340488,0.6282608695652174,0.37173913043478257,0.4412980030721966,0.6847772657450076,0.6747188757480795,0.09994430157313092,0.22385814257776027,0.12391384100462935,28,20.72538860103627,46.58620689655172,50.0,0.523940478510572,0.8675315926143685,0.16666666666666666,51.0,51.0,51.0,5.1000000000000005,18.666666666666668,1.866666666666667,5,12,0.4166666666666667,0.25,0.16666666666666666,0.6666666666666666,0.0,0.5,12.0,3.0,7.333333333333333,25.416666666666668
10,50,0.9,0.5,0.95,0.5,10,kf_sa_seed_0010.npz,50,5,35,651,700,871,480,0.2903225806451613,0.6789554531490015,0.030721966205837174,0.15142857142857144,0.7871428571428571,0.06142857142857143,0.3309002433090024,0.6690997566909975,0.0,0.034782608695652174,0.8826086956521739,0.08260869565217391,0.7818599311136625,0.20675446948058818,0.21814006888633755,0.9157894736842105,993,312,681,0.31419939577039274,0.65,0.26498889711324947,0.6480446927374302,0.35195530726256985,0.17587557603686638,0.6902567478604344,0.6951335590413655,0.15017806738740064,0.27266961252998384,0.1224915451425832,38,28.127313101406365,34.64102564102564,75.0,0.523940478510572,0.8675315926143685,0.16666666666666666,57.0,57.0,57.0,5.7,34.833333333333336,3.483333333333334,5,12,0.25,0.16666666666666666,0.08333333333333333,0.9166666666666666,0.0,0.3333333333333333,19.0,26.0,22.166666666666668,31.0
10,50,0.95,0.5,0.95,0.5,10,kf_sa_seed_0010.npz,50,5,35,651,700,871,480,0.4147465437788018,0.554531490015361,0.030721966205837174,0.20714285714285716,0.7357142857142858,0.05714285714285714,0.5085158150851582,0.49148418491484186,0.0,0.043478260869565216,0.8804347826086957,0.07608695652173914,0.6969001148105626,0.29230138580344867,0.3030998851894374,0.9242424242424242,876,269,607,0.3070776255707763,0.5604166666666667,0.3515914137675796,0.6526315789473685,0.34736842105263155,0.2359447004608295,0.6788501206934386,0.6811986264475205,0.13784629538604776,0.24580951623463132,0.10796322084858356,32,23.686158401184308,40.93939393939394,73.0,0.523940478510572,0.8675315926143685,0.16666666666666666,60.0,60.0,60.0,6.0,33.666666666666664,3.3666666666666667,5,12,0.25,0.16666666666666666,0.08333333333333333,0.9166666666666666,0.0,0.3333333333333333,19.0,25.0,19.333333333333332,31.0
10,50,0.98,0.5,0.95,0.5,10,kf_sa_seed_0010.npz,50,5,35,651,700,871,480,0.6236559139784946,0.3456221198156682,0.030721966205837174,0.34,0.6128571428571429,0.047142857142857146,0.7931873479318735,0.20681265206812652,0.0,0.1282608695652174,0.8108695652173913,0.06086956521739131,0.5258323765786452,0.4270284565746324,0.47416762342135477,0.8571428571428571,654,196,458,0.2996941896024465,0.4083333333333333,0.5159141376757957,0.629842180774749,0.37015781922525104,0.3353993855606759,0.649267061663375,0.6474724486745465,0.12128285059794082,0.19562327769764343,0.07434042709970261,42,31.088082901554404,31.41860465116279,68.0,0.523940478510572,0.8675315926143685,0.16666666666666666,67.0,67.0,67.0,6.7,33.0,3.3000000000000003,5,12,0.25,0.16666666666666666,0.08333333333333333,0.75,0.0,0.3333333333333333,18.333333333333332,23.0,14.666666666666666,30.833333333333332
10,50,0.99,0.5,0.95,0.5,10,kf_sa_seed_0010.npz,50,5,35,651,700,871,480,0.6989247311827957,0.2764976958525346,0.02457757296466974,0.4928571428571429,0.4685714285714286,0.03857142857142857,0.8710462287104623,0.12895377128953772,0.0,0.2782608695652174,0.6739130434782609,0.04782608695652174,0.41676234213547647,0.459436157833492,0.5832376578645235,0.7480314960629921,508,145,363,0.2854330708661417,0.3020833333333333,0.6239822353811991,0.571767497034401,0.428232502965599,0.36874807987711217,0.6121593153390389,0.605690983186995,0.10794485992946593,0.14774554168789894,0.039800681758433015,33,24.42635085122132,39.73529411764706,67.0,0.523940478510572,0.8675315926143685,0.16666666666666666,73.0,73.0,73.0,7.300000000000001,29.0,2.9000000000000004,5,12,0.25,0.08333333333333333,0.16666666666666666,0.4166666666666667,0.0,0.16666666666666666,10.666666666666666,0.0,10.166666666666666,28.916666666666668
3,20,0.9,0.5,0.95,0.5,11,kf_sa_seed_0011.npz,20,5,35,681,700,901,480,0.7444933920704846,0.2422907488986784,0.013215859030837005,0.3242857142857143,0.5814285714285714,0.09428571428571429,0.7959183673469388,0.20408163265306123,0.0,0.26956521739130435,0.6086956521739131,0.12173913043478261,0.41065482796892344,0.45882874889086067,0.5893451720310766,0.7664783427495292,572,202,370,0.3531468531468531,0.42083333333333334,0.5858073859522085,0.7082818294190358,0.29171817058096416,0.41938955317809945,0.7655989091671911,0.771394331271365,0.07783758241732462,0.3014927923523992,0.22365520993507454,77,55.756698044895,17.705128205128204,20.0,0.5097197622954689,0.7608556870256982,0.3333333333333333,118.0,118.0,167.0,11.8,13.833333333333334,1.3833333333333335,4,12,0.5,0.4166666666666667,0.08333333333333333,0.9166666666666666,0.0,0.8333333333333334,13.833333333333334,14.5,15.583333333333334,24.416666666666668
3,20,0.95,0.5,0.95,0.5,11,kf_sa_seed_0011.npz,20,5,35,681,700,901,480,0.7958883994126285,0.1894273127753304,0.014684287812041116,0.38285714285714284,0.5285714285714286,0.08857142857142856,0.873015873015873,0.12698412698412698,0.0,0.3173913043478261,0.5695652173913044,0.11304347826086956,0.35294117647058826,0.4930296756383713,0.6470588235294118,0.7495711835334476,499,181,318,0.3627254509018036,0.3770833333333333,0.6386676321506155,0.6848072562358276,0.3151927437641724,0.4422299139920285,0.7681015313614432,0.7653432502794136,0.06999727563221954,0.273836487384011,0.20383921175179148,49,35.481535119478636,27.62,20.0,0.5097197622954689,0.7608556870256982,0.3333333333333333,119.5,119.5,169.0,11.950000000000001,13.833333333333334,1.3833333333333335,4,12,0.5,0.3333333333333333,0.16666666666666666,0.8333333333333334,0.0,0.6666666666666666,13.833333333333334,14.5,14.0,24.416666666666668
3,20,0.98,0.5,0.95,0.5,11,kf_sa_seed_0011.npz,20,5,35,681,700,901,480,0.8252569750367107,0.15712187958883994,0.01762114537444934,0.4942857142857143,0.42142857142857143,0.08428571428571428,0.9138321995464853,0.08616780045351474,0.0,0.4043478260869565,0.4891304347826087,0.10652173913043478,0.29189789123196447,0.51017696933846,0.7081021087680355,0.7084639498432602,402,139,263,0.34577114427860695,0.28958333333333336,0.7089065894279507,0.634320735444331,0.365679264555669,0.4547713446612125,0.7610320956576463,0.7441053025445142,0.06315388865405762,0.2270677633426789,0.16391387468862129,51,36.92976104272267,26.557692307692307,20.0,0.5097197622954689,0.7608556870256982,0.3333333333333333,120.5,120.5,171.0,12.05,13.666666666666666,1.3666666666666667,4,12,0.5,0.3333333333333333,0.16666666666666666,0.6666666666666666,0.0,0.6666666666666666,13.666666666666666,13.5,10.583333333333334,24.333333333333332
3,20,0.99,0.5,0.95,0.5,11,kf_sa_seed_0011.npz,20,5,35,681,700,901,480,0.8649045521292217,0.1145374449339207,0.020558002936857563,0.5957142857142858,0.32857142857142857,0.07571428571428572,0.9682539682539683,0.031746031746031744,0.0,0.5021739130434782,0.4043478260869565,0.09347826086956522,0.22197558268590456,0.5308661145617667,0.7780244173140954,0.6704707560627675,308,108,200,0.35064935064935066,0.225,0.77697320782042,0.5983224603914259,0.4016775396085741,0.4703094189217537,0.7432578141388714,0.713590654125608,0.061741012388131324,0.18629605243913006,0.12455504005099874,43,31.13685734974656,31.386363636363637,20.0,0.5097197622954689,0.7608556870256982,0.3333333333333333,123.5,123.5,176.0,12.350000000000001,13.166666666666666,1.3166666666666667,4,12,0.5,0.3333333333333333,0.16666666666666666,0.6666666666666666,0.0,0.6666666666666666,13.166666666666666,11.5,8.166666666666666,24.083333333333332
3,25,0.9,0.5,0.95,0.5,11,kf_sa_seed_0011.npz,25,5,35,676,700,896,480,0.8106508875739645,0.17159763313609466,0.01775147928994083,0.42857142857142855,0.4757142857142857,0.09571428571428571,0.8944954128440367,0.10550458715596331,0.0,0.3521739130434783,0.5239130434782608,0.12391304347826088,0.3203125,0.5092042281611487,0.6796875,0.7339901477832512,449,162,287,0.36080178173719374,0.3375,0.6736918604651163,0.6634304207119741,0.3365695792880259,0.45318258664412514,0.7654543533389687,0.7575050587021785,0.06939698141947241,0.25890241728501806,0.18950543586554564,51,37.06395348837209,26.46153846153846,25.0,0.5101820718806096,0.7608556870256982,0.3333333333333333,112.5,112.5,170.0,11.25,13.666666666666666,1.3666666666666667,4,12,0.5,0.3333333333333333,0.16666666666666666,0.8333333333333334,0.0,0.6666666666666666,13.666666666666666,14.5,12.333333333333334,24.333333333333332
3,25,0.95,0.5,0.95,0.5,11,kf_sa_seed_0011.npz,25,5,35,676,700,896,480,0.8224852071005917,0.15976331360946747,0.01775147928994083,0.4857142857142857,0.4257142857142857,0.08857142857142856,0.9105504587155964,0.08944954128440367,0.0,0.40652173913043477,0.48043478260869565,0.11304347826086956,0.29017857142857145,0.511796968488233,0.7098214285714286,0.7059748427672956,406,146,260,0.35960591133004927,0.30416666666666664,0.7049418604651163,0.6371134020618556,0.3628865979381444,0.4555283178360101,0.7638377007607777,0.7494038820052085,0.06610846437675322,0.2364658929881744,0.17035742861142117,49,35.61046511627907,27.52,25.0,0.5101820718806096,0.7608556870256982,0.3333333333333333,121.0,121.0,172.0,12.100000000000001,13.666666666666666,1.3666666666666667,4,12,0.5,0.3333333333333333,0.16666666666666666,0.6666666666666666,0.0,0.6666666666666666,13.666666666666666,13.5,11.083333333333334,24.333333333333332
3,25,0.98,0.5,0.95,0.5,11,kf_sa_seed_0011.npz,25,5,35,676,700,896,480,0.8520710059171598,0.12130177514792899,0.026627218934911243,0.5785714285714286,0.3442857142857143,0.07714285714285714,0.9564220183486238,0.04357798165137615,0.0,0.48695652173913045,0.41739130434782606,0.09565217391304348,0.23549107142857142,0.5260370961308336,0.7645089285714286,0.672992700729927,323,112,211,0.34674922600619196,0.23333333333333334,0.7652616279069767,0.5982905982905983,0.4017094017094017,0.4646069315300085,0.7530473372781065,0.7251879002861552,0.06432177420650541,0.19889914181314217,0.13457736760663674,41,29.796511627906977,32.76190476190476,25.0,0.5101820718806096,0.7608556870256982,0.3333333333333333,123.0,123.0,176.0,12.3,13.833333333333334,1.3833333333333335,4,12,0.5,0.3333333333333333,0.16666666666666666,0.6666666666666666,0.0,0.6666666666666666,13.833333333333334,13.5,8.5,24.416666666666668
3,25,0.99,0.5,0.95,0.5,11,kf_sa_seed_0011.npz,25,5,35,676,700,896,480,0.8801775147928994,0.09467455621301775,0.02514792899408284,0.6628571428571428,0.2671428571428571,0.07,0.9977064220183486,0.0022935779816513763,0.0,0.5717391304347826,0.34347826086956523,0.08478260869565217,0.17745535714285715,0.5412445153570004,0.8225446428571429,0.6431478968792401,251,92,159,0.3665338645418327,0.19166666666666668,0.8175872093023255,0.5724444444444444,0.4275555555555556,0.47508875739644973,0.7320012679628064,0.6952508748286531,0.06501639592778957,0.16554436678549728,0.1005279708577077,48,34.883720930232556,28.081632653061224,25.0,0.5101820718806096,0.7608556870256982,0.3333333333333333,125.5,125.5,180.0,12.55,13.833333333333334,1.3833333333333335,4,12,0.5,0.3333333333333333,0.16666666666666666,0.5833333333333334,0.0,0.6666666666666666,13.833333333333334,12.5,6.833333333333333,24.416666666666668
3,35,0.9,0.5,0.95,0.5,11,kf_sa_seed_0011.npz,35,5,35,666,700,886,480,0.8588588588588588,0.10810810810810811,0.03303303303303303,0.6,0.31285714285714283,0.08714285714285715,0.9788732394366197,0.02112676056338028,0.0,0.5152173913043478,0.3739130434782609,0.1108695652173913,0.20428893905191872,0.5448714023270055,0.7957110609480813,0.6638297872340425,291,110,181,0.37800687285223367,0.22916666666666666,0.7869692532942899,0.5888372093023255,0.4111627906976745,0.473000858000858,0.7486700986700987,0.7181040710404331,0.06884422580641182,0.19274111156598095,0.12389688575956913,42,30.74670571010249,31.767441860465116,35.0,0.5115749756801041,0.7608556870256982,0.3333333333333333,119.5,119.5,179.0,11.950000000000001,14.166666666666666,1.4166666666666667,4,12,0.5,0.3333333333333333,0.16666666666666666,0.6666666666666666,0.0,0.6666666666666666,14.166666666666666,13.5,8.25,24.583333333333332
3,35,0.95,0.5,0.95,0.5,11,kf_sa_seed_0011.npz,35,5,35,666,700,886,480,0.8678678678678678,0.09759759759759759,0.03453453453453453,0.6471428571428571,0.2757142857142857,0.07714285714285714,0.9929577464788732,0.007042253521126761,0.0,0.5608695652173913,0.34347826086956523,0.09565217391304348,0.18171557562076748,0.5443049601959584,0.8182844243792325,0.6441379310344828,258,97,161,0.375968992248062,0.20208333333333334,0.8111273792093704,0.5703971119133574,0.4296028880866426,0.4725053625053625,0.7419090519090519,0.7059812406647514,0.06996328199006768,0.17850233924623135,0.10853905725616367,46,33.674963396778914,29.06382978723404,35.0,0.5115749756801041,0.7608556870256982,0.3333333333333333,124.0,124.0,180.0,12.4,14.333333333333334,1.4333333333333336,4,12,0.5,0.3333333333333333,0.16666666666666666,0.6666666666666666,0.0,0.6666666666666666,14.333333333333334,13.5,7.25,24.666666666666668
3,35,0.98,0.5,0.95,0.5,11,kf_sa_seed_0011.npz,35,5,35,666,700,886,480,0.8708708708708709,0.09009009009009009,0.03903903903903904,0.7042857142857143,0.22857142857142856,0.06714285714285714,1.0,0.0,0.0,0.6173913043478261,0.30217391304347824,0.08043478260869565,0.15688487584650113,0.5402173913043479,0.8431151241534989,0.6198125836680054,220,81,139,0.36818181818181817,0.16875,0.8389458272327965,0.5471204188481675,0.45287958115183247,0.46900686400686403,0.7227477477477477,0.6788745430953098,0.07228209828385614,0.15344998059930878,0.08116788231545265,16,11.71303074670571,80.3529411764706,35.0,0.5115749756801041,0.7608556870256982,0.3333333333333333,126.5,126.5,183.0,12.65,14.5,1.4500000000000002,4,12,0.4166666666666667,0.25,0.16666666666666666,0.5,0.0,0.5,10.8,9.0,5.916666666666667,24.916666666666668
3,35,0.99,0.5,0.95,0.5,11,kf_sa_seed_0011.npz,35,5,35,666,700,886,480,0.8798798798798799,0.08408408408408409,0.036036036036036036,0.73,0.21428571428571427,0.055714285714285716,1.0,0.0,0.0,0.6478260869565218,0.2891304347826087,0.06304347826086956,0.15011286681715574,0.5315217391304348,0.8498871331828443,0.6042496679946879,206,73,133,0.35436893203883496,0.15208333333333332,0.849194729136164,0.5387931034482759,0.4612068965517241,0.4677970827970828,0.6962097812097812,0.6504501275362982,0.07380612683958179,0.1294048403160598,0.05559871347647802,24,17.569546120058565,54.64,35.0,0.5115749756801041,0.7608556870256982,0.3333333333333333,132.0,132.0,187.0,13.200000000000001,13.5,1.35,4,12,0.4166666666666667,0.25,0.16666666666666666,0.4166666666666667,0.0,0.5,9.6,3.0,5.25,24.416666666666668
3,50,0.9,0.5,0.95,0.5,11,kf_sa_seed_0011.npz,50,5,35,651,700,871,480,0.8648233486943164,0.08448540706605223,0.05069124423963134,0.7471428571428571,0.19714285714285715,0.055714285714285716,1.0,0.0,0.0,0.6695652173913044,0.2673913043478261,0.06304347826086956,0.14121699196326062,0.5315217391304348,0.8587830080367393,0.5882352941176471,193,70,123,0.3626943005181347,0.14583333333333334,0.8571428571428571,0.5198618307426598,0.4801381692573402,0.4602688172043011,0.6831950844854071,0.6370524312012592,0.0842382417972382,0.12682781747221422,0.042589575674976024,20,14.803849000740193,64.33333333333333,50.0,0.5125431569909931,0.7608556870256982,0.3333333333333333,130.5,130.5,191.0,13.05,15.0,1.5,4,12,0.3333333333333333,0.16666666666666666,0.16666666666666666,0.4166666666666667,0.0,0.3333333333333333,5.75,4.5,5.0,25.25
3,50,0.95,0.5,0.95,0.5,11,kf_sa_seed_0011.npz,50,5,35,651,700,871,480,0.869431643625192,0.07987711213517665,0.05069124423963134,0.7628571428571429,0.18714285714285714,0.05,0.9975669099756691,0.0024330900243309003,0.0,0.6869565217391305,0.25869565217391305,0.05434782608695652,0.1377726750861079,0.5259573680313128,0.8622273249138921,0.5792276964047937,183,63,120,0.3442622950819672,0.13125,0.8645447816432272,0.514554794520548,0.485445205479452,0.459715821812596,0.6742966864165021,0.6281245053730127,0.08552807025292397,0.11812903229350397,0.032600962040579995,24,17.764618800888233,54.04,50.0,0.5125431569909931,0.7608556870256982,0.3333333333333333,132.5,132.5,194.0,13.25,14.833333333333334,1.4833333333333334,4,12,0.3333333333333333,0.16666666666666666,0.16666666666666666,0.4166666666666667,0.0,0.3333333333333333,4.75,3.0,4.5,24.916666666666668
3,50,0.98,0.5,0.95,0.5,11,kf_sa_seed_0011.npz,50,5,35,651,700,871,480,0.8663594470046083,0.08141321044546851,0.05222734254992319,0.7814285714285715,0.17714285714285713,0.041428571428571426,0.9829683698296837,0.0170316301703163,0.0,0.7021739130434783,0.25217391304347825,0.04565217391304348,0.14121699196326062,0.5143102718713636,0.8587830080367393,0.5681818181818182,177,54,123,0.3050847457627119,0.1125,0.8689859363434493,0.5051107325383305,0.4948892674616695,0.45389400921658984,0.6549396532806671,0.6105922071859001,0.08750890523576153,0.10196023933078578,0.014451334095024249,16,11.843079200592154,79.47058823529412,50.0,0.5125431569909931,0.7608556870256982,0.3333333333333333,136.0,136.0,197.0,13.600000000000001,14.833333333333334,1.4833333333333334,4,12,0.3333333333333333,0.16666666666666666,0.16666666666666666,0.4166666666666667,0.0,0.3333333333333333,3.0,1.0,3.9166666666666665,24.333333333333332
3,50,0.99,0.5,0.95,0.5,11,kf_sa_seed_0011.npz,50,5,35,651,700,871,480,0.8648233486943164,0.0967741935483871,0.03840245775729647,0.7928571428571428,0.1757142857142857,0.03142857142857143,0.975669099756691,0.024330900243309004,0.0,0.717391304347826,0.24565217391304348,0.03695652173913044,0.14121699196326062,0.5063128107479107,0.8587830080367393,0.5588235294117647,186,63,123,0.3387096774193548,0.13125,0.8623242042931162,0.5021459227467812,0.49785407725321884,0.44812596006144395,0.6309787140662717,0.5876624174566796,0.0880425022651026,0.08542806586651508,-0.002614436398587522,18,13.323464100666174,71.10526315789474,50.0,0.5125431569909931,0.7608556870256982,0.16666666666666666,78.0,78.0,78.0,7.800000000000001,15.0,1.5,5,12,0.3333333333333333,0.08333333333333333,0.25,0.25,0.0,0.16666666666666666,2.5,0.0,4.416666666666667,24.166666666666668
5,20,0.9,0.5,0.95,0.5,11,kf_sa_seed_0011.npz,20,5,35,681,700,901,480,0.2834067547723935,0.7165932452276065,0.0,0.06571428571428571,0.8871428571428571,0.047142857142857146,0.3469387755102041,0.6530612244897959,0.0,0.01956521739130435,0.9195652173913044,0.06086956521739131,0.7891231964483907,0.20390417036379768,0.21087680355160932,0.9526315789473684,1109,398,711,0.35888187556357076,0.8291666666666667,0.19695872556118754,0.8308823529411765,0.16911764705882348,0.16527480595762534,0.7944493392070484,0.7998150550425174,0.12986763349191469,0.3549437693235853,0.2250761358316706,78,56.480811006517015,17.481012658227847,26.0,0.5097197622954689,0.7608556870256982,0.3333333333333333,129.0,129.0,172.0,12.9,45.666666666666664,4.566666666666666,4,12,0.16666666666666666,0.16666666666666666,0.0,1.0,0.0,0.3333333333333333,23.0,23.0,29.166666666666668,33.0
5,20,0.95,0.5,0.95,0.5,11,kf_sa_seed_0011.npz,20,5,35,681,700,901,480,0.44933920704845814,0.5491923641703378,0.0014684287812041115,0.10285714285714286,0.8557142857142858,0.041428571428571426,0.5260770975056689,0.47392290249433106,0.0,0.03695652173913044,0.9108695652173913,0.05217391304347826,0.6970033296337403,0.2891255052745736,0.3029966703662597,0.9377289377289377,973,345,628,0.3545734840698869,0.71875,0.2954380883417813,0.821078431372549,0.178921568627451,0.24538388923851479,0.787579190266415,0.7852681495672833,0.10828950585717509,0.31523672473104697,0.20694721887387188,80,57.92903692976104,17.049382716049383,29.0,0.5097197622954689,0.7608556870256982,0.3333333333333333,131.5,131.5,176.0,13.15,36.0,3.6,4,12,0.3333333333333333,0.3333333333333333,0.0,1.0,0.0,0.6666666666666666,23.75,24.5,26.25,31.25
5,20,0.98,0.5,0.95,0.5,11,kf_sa_seed_0011.npz,20,5,35,681,700,901,480,0.6681350954478708,0.328928046989721,0.002936857562408223,0.21571428571428572,0.7471428571428571,0.037142857142857144,0.8072562358276644,0.1927437641723356,0.0,0.07608695652173914,0.8782608695652174,0.04565217391304348,0.5427302996670367,0.4264542048703539,0.4572697003329634,0.9150485436893204,747,258,489,0.3453815261044177,0.5375,0.45908761766835626,0.7586750788643533,0.24132492113564674,0.35263897629536395,0.7750430039857352,0.7602573447503868,0.0846860078602953,0.2586033907769622,0.17391738291666692,66,47.79145546705286,20.611940298507463,29.0,0.5097197622954689,0.7608556870256982,0.3333333333333333,134.0,134.0,175.0,13.4,29.833333333333332,2.9833333333333334,4,12,0.3333333333333333,0.3333333333333333,0.0,1.0,0.0,0.6666666666666666,18.25,20.0,19.416666666666668,29.416666666666668
5,20,0.99,0.5,0.95,0.5,11,kf_sa_seed_0011.npz,20,5,35,681,700,901,480,0.7547723935389133,0.24082232011747431,0.004405286343612335,0.42,0.5357142857142857,0.04428571428571428,0.8979591836734694,0.10204081632653061,0.0,0.2891304347826087,0.6543478260869565,0.05652173913043478,0.38401775804661487,0.4772404614019521,0.6159822419533851,0.7603603603603604,539,193,346,0.3580705009276438,0.40208333333333335,0.6097031136857349,0.6472684085510689,0.35273159144893107,0.3995290539123138,0.7515418502202643,0.7350246906343705,0.07289881983749752,0.21750519263877777,0.14460637280128025,71,51.412020275162924,19.180555555555557,29.0,0.5097197622954689,0.7608556870256982,0.3333333333333333,132.0,132.0,171.0,13.200000000000001,23.0,2.3000000000000003,4,12,0.3333333333333333,0.25,0.08333333333333333,0.8333333333333334,0.0,0.5,12.75,13.5,14.166666666666666,27.583333333333332
5,25,0.9,0.5,0.95,0.5,11,kf_sa_seed_0011.npz,25,5,35,676,700,896,480,0.5192307692307693,0.47633136094674555,0.004437869822485207,0.13,0.83,0.04,0.6055045871559633,0.3944954128440367,0.0,0.041304347826086954,0.908695652173913,0.05,0.6584821428571429,0.3277522935779817,0.34151785714285715,0.9379084967320261,903,313,590,0.34662236987818384,0.6520833333333333,0.34375,0.8012684989429175,0.19873150105708248,0.27961538461538465,0.78072696534235,0.7746762564856765,0.10482957360901116,0.304538028844037,0.19970845523502587,84,61.04651162790697,16.188235294117646,29.0,0.5101820718806096,0.7608556870256982,0.3333333333333333,133.5,133.5,176.0,13.350000000000001,32.833333333333336,3.2833333333333337,4,12,0.3333333333333333,0.3333333333333333,0.0,1.0,0.0,0.6666666666666666,19.75,21.0,23.666666666666668,29.916666666666668
5,25,0.95,0.5,0.95,0.5,11,kf_sa_seed_0011.npz,25,5,35,676,700,896,480,0.6420118343195266,0.35355029585798814,0.004437869822485207,0.18714285714285714,0.7728571428571429,0.04,0.7775229357798165,0.22247706422018348,0.0,0.06739130434782609,0.8826086956521739,0.05,0.5613839285714286,0.41376146788990825,0.43861607142857145,0.9211195928753181,780,277,503,0.35512820512820514,0.5770833333333333,0.4331395348837209,0.7751677852348994,0.22483221476510062,0.3410059171597633,0.772235841081995,0.7606809167235244,0.09247441992569495,0.27334648350016055,0.1808720635744656,60,43.604651162790695,22.557377049180328,29.0,0.5101820718806096,0.7608556870256982,0.3333333333333333,133.0,133.0,175.0,13.3,27.0,2.7,4,12,0.3333333333333333,0.3333333333333333,0.0,1.0,0.0,0.6666666666666666,19.5,21.0,21.0,29.833333333333332
5,25,0.98,0.5,0.95,0.5,11,kf_sa_seed_0011.npz,25,5,35,676,700,896,480,0.7233727810650887,0.27218934911242604,0.004437869822485207,0.33,0.6371428571428571,0.032857142857142856,0.8899082568807339,0.11009174311926606,0.0,0.18043478260869567,0.7804347826086957,0.0391304347826087,0.45424107142857145,0.4645193458316713,0.5457589285714286,0.8302658486707567,630,223,407,0.353968253968254,0.46458333333333335,0.5421511627906976,0.6863270777479893,0.3136729222520107,0.37811496196111577,0.7566377852916314,0.7368004434829482,0.07800794502468716,0.22665958426426017,0.148651639239573,66,47.96511627906977,20.53731343283582,29.0,0.5101820718806096,0.7608556870256982,0.3333333333333333,135.0,135.0,177.0,13.5,23.666666666666668,2.3666666666666667,4,12,0.3333333333333333,0.3333333333333333,0.0,0.9166666666666666,0.0,0.6666666666666666,18.25,19.5,16.5,29.416666666666668
5,25,0.99,0.5,0.95,0.5,11,kf_sa_seed_0011.npz,25,5,35,676,700,896,480,0.7781065088757396,0.21745562130177515,0.004437869822485207,0.5157142857142857,0.44857142857142857,0.03571428571428571,0.9311926605504587,0.06880733944954129,0.0,0.3847826086956522,0.5717391304347826,0.043478260869565216,0.32700892857142855,0.48733546071001194,0.6729910714285714,0.7064676616915423,461,168,293,0.3644251626898048,0.35,0.6649709302325582,0.6021857923497268,0.3978142076502732,0.40691039729501266,0.721821639898563,0.7054777913880081,0.0710387525556991,0.19164823908631692,0.12060948653061783,57,41.424418604651166,23.724137931034484,29.0,0.5101820718806096,0.7608556870256982,0.3333333333333333,134.5,134.5,176.0,13.450000000000001,23.0,2.3000000000000003,4,12,0.4166666666666667,0.3333333333333333,0.08333333333333333,0.75,0.0,0.6666666666666666,16.8,18.0,12.166666666666666,27.416666666666668
5,35,0.9,0.5,0.95,0.5,11,kf_sa_seed_0011.npz,35,5,35,666,700,886,480,0.6996996996996997,0.2882882882882883,0.012012012012012012,0.30714285714285716,0.6571428571428571,0.03571428571428571,0.8755868544600939,0.12441314553990611,0.0,0.14565217391304347,0.8173913043478261,0.03695652173913044,0.48419864559819414,0.45627168809961216,0.5158013544018059,0.8533916849015317,652,223,429,0.34202453987730064,0.46458333333333335,0.5226939970717424,0.6876750700280112,0.3123249299719888,0.3677069927069927,0.7437923637923638,0.7191455216307513,0.08574726541202425,0.23018265089777912,0.14443538548575485,67,49.04831625183016,20.08823529411765,35.0,0.5115749756801041,0.7608556870256982,0.3333333333333333,138.0,138.0,183.0,13.8,24.666666666666668,2.466666666666667,4,12,0.4166666666666667,0.4166666666666667,0.0,0.9166666666666666,0.0,0.8333333333333334,22.4,26.0,16.75,29.75
5,35,0.95,0.5,0.95,0.5,11,kf_sa_seed_0011.npz,35,5,35,666,700,886,480,0.7402402402402403,0.24774774774774774,0.012012012012012012,0.40285714285714286,0.5714285714285714,0.025714285714285714,0.9295774647887324,0.07042253521126761,0.0,0.2608695652173913,0.7108695652173913,0.02826086956521739,0.40293453724604966,0.47891916717697486,0.5970654627539503,0.7731568998109641,565,208,357,0.368141592920354,0.43333333333333335,0.5863836017569546,0.6379525593008739,0.3620474406991261,0.382977262977263,0.7324281424281425,0.7061552277038302,0.08104524846589936,0.20905478279202563,0.12800953432612627,77,56.36896046852123,17.512820512820515,35.0,0.5115749756801041,0.7608556870256982,0.3333333333333333,139.0,139.0,185.0,13.9,24.333333333333332,2.4333333333333336,4,12,0.3333333333333333,0.3333333333333333,0.0,0.9166666666666666,0.0,0.6666666666666666,19.25,20.0,15.333333333333334,29.75
5,35,0.98,0.5,0.95,0.5,11,kf_sa_seed_0011.npz,35,5,35,666,700,886,480,0.8018018018018018,0.1906906906906907,0.0075075075075075074,0.5657142857142857,0.4085714285714286,0.025714285714285714,0.9765258215962441,0.023474178403755867,0.0,0.43478260869565216,0.5369565217391304,0.02826086956521739,0.29006772009029347,0.5023933455807308,0.7099322799097065,0.6820349761526232,413,156,257,0.37772397094430993,0.325,0.6976573938506588,0.5792235047219307,0.42077649527806926,0.41375804375804376,0.7131102531102531,0.6865281018820352,0.07513533136247356,0.1803959808436023,0.10526064948112875,42,30.74670571010249,31.767441860465116,35.0,0.5115749756801041,0.7608556870256982,0.3333333333333333,138.0,138.0,183.0,13.8,21.5,2.15,4,12,0.4166666666666667,0.3333333333333333,0.08333333333333333,0.6666666666666666,0.0,0.6666666666666666,17.6,19.0,11.333333333333334,27.75
5,35,0.99,0.5,0.95,0.5,11,kf_sa_seed_0011.npz,35,5,35,666,700,886,480,0.8018018018018018,0.19519519519519518,0.003003003003003003,0.64,0.3357142857142857,0.024285714285714285,0.9765258215962441,0.023474178403755867,0.0,0.532608695652174,0.44130434782608696,0.02608695652173913,0.24040632054176073,0.5013063890589916,0.7595936794582393,0.6359583952451708,365,152,213,0.41643835616438357,0.31666666666666665,0.732796486090776,0.5504495504495505,0.44955044955044954,0.41304375804375804,0.6796911196911197,0.6593030955860855,0.07493076516132753,0.15492048636258862,0.07998972120126109,28,20.497803806734993,47.10344827586207,35.0,0.5115749756801041,0.7608556870256982,0.3333333333333333,138.5,138.5,182.0,13.850000000000001,20.333333333333332,2.033333333333333,4,12,0.3333333333333333,0.25,0.08333333333333333,0.5833333333333334,0.0,0.5,13.75,15.0,11.0,27.916666666666668
5,50,0.9,0.5,0.95,0.5,11,kf_sa_seed_0011.npz,50,5,35,651,700,871,480,0.8018433179723502,0.19201228878648233,0.006144393241167435,0.6371428571428571,0.3557142857142857,0.007142857142857143,0.9708029197080292,0.029197080291970802,0.0,0.5260869565217391,0.47391304347826085,0.0,0.26406429391504016,0.4854014598540146,0.7359357060849598,0.6224648985959438,374,144,230,0.3850267379679144,0.3,0.7231680236861584,0.5394063459570113,0.4605936540429887,0.40449308755760366,0.6760390607856046,0.6449492297504728,0.08279692550789101,0.15032067388494455,0.06752374837705354,20,14.803849000740193,64.33333333333333,50.0,0.5125431569909931,0.7608556870256982,0.16666666666666666,95.0,95.0,95.0,9.5,21.833333333333332,2.183333333333333,5,12,0.4166666666666667,0.3333333333333333,0.08333333333333333,0.5,0.0,0.6666666666666666,16.8,16.0,10.333333333333334,27.416666666666668
5,50,0.95,0.5,0.95,0.5,11,kf_sa_seed_0011.npz,50,5,35,651,700,871,480,0.8064516129032258,0.19201228878648233,0.0015360983102918587,0.6542857142857142,0.3385714285714286,0.007142857142857143,0.9683698296836983,0.031630170316301706,0.0,0.5478260869565217,0.45217391304347826,0.0,0.2537313432835821,0.48418491484184917,0.746268656716418,0.6123076923076923,362,141,221,0.38950276243093923,0.29375,0.7320503330866025,0.5358948432760364,0.4641051567239636,0.40679723502304144,0.6658042571867456,0.6352061508885429,0.08048837381366719,0.1375736176299667,0.05708524381629951,20,14.803849000740193,64.33333333333333,50.0,0.5125431569909931,0.7608556870256982,0.16666666666666666,95.0,95.0,95.0,9.5,20.5,2.0500000000000003,5,12,0.4166666666666667,0.3333333333333333,0.08333333333333333,0.5,0.0,0.6666666666666666,15.0,9.0,9.833333333333334,26.666666666666668
5,50,0.98,0.5,0.95,0.5,11,kf_sa_seed_0011.npz,50,5,35,651,700,871,480,0.8033794162826421,0.19508448540706605,0.0015360983102918587,0.7085714285714285,0.2885714285714286,0.002857142857142857,0.9659367396593674,0.0340632603406326,0.0,0.6217391304347826,0.3782608695652174,0.0,0.2158438576349024,0.4829683698296837,0.7841561423650976,0.5812591508052709,329,141,188,0.42857142857142855,0.29375,0.7564766839378239,0.5136986301369864,0.48630136986301364,0.4031182795698925,0.6445183234584156,0.6152402990860308,0.07759891755525991,0.11859620626514471,0.0409972887098848,32,23.686158401184308,40.93939393939394,50.0,0.5125431569909931,0.7608556870256982,0.0,,,,,20.833333333333332,2.0833333333333335,6,12,0.3333333333333333,0.25,0.08333333333333333,0.5,0.0,0.5,10.5,7.0,9.583333333333334,26.833333333333332
5,50,0.99,0.5,0.95,0.5,11,kf_sa_seed_0011.npz,50,5,35,651,700,871,480,0.8110599078341014,0.18740399385560677,0.0015360983102918587,0.7442857142857143,0.24857142857142858,0.007142857142857143,0.9635036496350365,0.0364963503649635,0.0,0.6608695652173913,0.3391304347826087,0.0,0.19632606199770378,0.48175182481751827,0.8036739380022963,0.5657142857142857,296,125,171,0.4222972972972973,0.2604166666666667,0.7809030347890451,0.5052132701421801,0.4947867298578199,0.40910138248847927,0.6168488040377441,0.5899648940367616,0.07509760627344754,0.09972712546880232,0.024629519195354777,32,23.686158401184308,40.93939393939394,50.0,0.5125431569909931,0.7608556870256982,0.16666666666666666,95.0,95.0,95.0,9.5,21.0,2.1,5,12,0.3333333333333333,0.25,0.08333333333333333,0.5,0.0,0.5,10.25,8.0,8.916666666666666,26.75
7,35,0.9,0.5,0.95,0.5,11,kf_sa_seed_0011.npz,35,5,35,666,700,886,480,0.36786786786786785,0.6321321321321322,0.0,0.09428571428571429,0.8885714285714286,0.017142857142857144,0.4295774647887324,0.5704225352112676,0.0,0.004347826086956522,0.9695652173913043,0.02608695652173913,0.7776523702031602,0.22783221065523576,0.22234762979683972,0.9898477157360406,1043,354,689,0.33940556088207097,0.7375,0.23645680819912152,0.7956656346749226,0.20433436532507743,0.1925053625053625,0.758942513942514,0.7356039212039002,0.12727605994004093,0.28244703050140685,0.15517097056136592,69,50.512445095168374,19.514285714285716,38.0,0.5115749756801041,0.7608556870256982,0.16666666666666666,185.0,185.0,185.0,18.5,29.833333333333332,2.9833333333333334,5,12,0.4166666666666667,0.4166666666666667,0.0,1.0,0.0,0.8333333333333334,24.4,28.0,25.25,30.583333333333332
7,35,0.95,0.5,0.95,0.5,11,kf_sa_seed_0011.npz,35,5,35,666,700,886,480,0.5480480480480481,0.4519519519519519,0.0,0.15714285714285714,0.83,0.012857142857142857,0.687793427230047,0.31220657276995306,0.0,0.01956521739130435,0.9608695652173913,0.01956521739130435,0.6489841986455982,0.35367932231067567,0.3510158013544018,0.9710610932475884,882,307,575,0.34807256235827666,0.6395833333333333,0.35431918008784774,0.7727272727272727,0.2272727272727273,0.2804525954525955,0.7470463320463321,0.7209908795042828,0.11487012611554744,0.2508870061512033,0.13601688003565587,63,46.120058565153734,21.34375,38.0,0.5115749756801041,0.7608556870256982,0.16666666666666666,186.0,186.0,186.0,18.6,30.0,3.0,5,12,0.4166666666666667,0.4166666666666667,0.0,1.0,0.0,0.8333333333333334,24.8,31.0,22.25,30.75
7,35,0.98,0.5,0.95,0.5,11,kf_sa_seed_0011.npz,35,5,35,666,700,886,480,0.7162162162162162,0.28378378378378377,0.0,0.25857142857142856,0.7328571428571429,0.008571428571428572,0.903755868544601,0.09624413145539906,0.0,0.08043478260869565,0.9065217391304348,0.013043478260869565,0.5169300225733634,0.4583996734027353,0.48306997742663654,0.9135514018691588,702,244,458,0.3475783475783476,0.5083333333333333,0.486090775988287,0.7274096385542169,0.2725903614457831,0.3623938223938224,0.7262612612612612,0.7043540547530369,0.10026787699751326,0.21783017751538755,0.1175623005178743,43,31.478770131771597,31.045454545454547,38.0,0.5115749756801041,0.7608556870256982,0.16666666666666666,187.0,187.0,187.0,18.7,27.833333333333332,2.783333333333333,5,12,0.3333333333333333,0.3333333333333333,0.0,1.0,0.0,0.6666666666666666,20.0,19.5,17.75,30.0
7,35,0.99,0.5,0.95,0.5,11,kf_sa_seed_0011.npz,35,5,35,666,700,886,480,0.7447447447447447,0.2552552552552553,0.0,0.4014285714285714,0.5842857142857143,0.014285714285714285,0.9413145539906104,0.05868544600938967,0.0,0.20434782608695654,0.7760869565217391,0.01956521739130435,0.43115124153498874,0.48043988569095736,0.5688487584650113,0.8134920634920635,579,197,382,0.34024179620034545,0.41041666666666665,0.5761346998535871,0.6429479034307497,0.3570520965692503,0.3795152295152295,0.6816001716001716,0.6658645034808282,0.09442051065955857,0.18351181539616598,0.08909130473660741,45,32.94289897510981,29.695652173913043,38.0,0.5115749756801041,0.7608556870256982,0.16666666666666666,186.0,186.0,186.0,18.6,26.833333333333332,2.6833333333333336,5,12,0.3333333333333333,0.3333333333333333,0.0,0.9166666666666666,0.0,0.6666666666666666,19.0,18.0,14.166666666666666,29.666666666666668
7,50,0.9,0.5,0.95,0.5,11,kf_sa_seed_0011.npz,50,5,35,651,700,871,480,0.6881720430107527,0.3118279569892473,0.0,0.36714285714285716,0.6328571428571429,0.0,0.9197080291970803,0.08029197080291971,0.0,0.1956521739130435,0.8043478260869565,0.0,0.4626865671641791,0.45985401459854014,0.5373134328358209,0.8076923076923077,646,243,403,0.3761609907120743,0.50625,0.5218356772760918,0.6354609929078014,0.36453900709219855,0.34408602150537637,0.6852775949089314,0.6495158686675636,0.10289161856350869,0.1802410321103725,0.07734941354686382,36,26.646928201332347,36.513513513513516,50.0,0.5125431569909931,0.7608556870256982,0.0,,,,,33.5,3.35,6,12,0.16666666666666666,0.16666666666666666,0.0,0.8333333333333334,0.0,0.3333333333333333,15.0,15.0,17.75,31.666666666666668
7,50,0.95,0.5,0.95,0.5,11,kf_sa_seed_0011.npz,50,5,35,651,700,871,480,0.706605222734255,0.29339477726574503,0.0,0.44285714285714284,0.5571428571428572,0.0,0.902676399026764,0.09732360097323602,0.0,0.28043478260869564,0.7195652173913043,0.0,0.425947187141217,0.451338199513382,0.574052812858783,0.742,581,210,371,0.3614457831325301,0.4375,0.5699481865284974,0.5974025974025974,0.4025974025974026,0.3533026113671275,0.6738907175773535,0.6409247009393068,0.09735898818824502,0.16081311970896023,0.0634541315207152,33,24.42635085122132,39.73529411764706,50.0,0.5125431569909931,0.7608556870256982,0.0,,,,,31.833333333333332,3.1833333333333336,6,12,0.16666666666666666,0.08333333333333333,0.08333333333333333,0.6666666666666666,0.0,0.16666666666666666,6.0,6.0,15.416666666666666,30.166666666666668
7,50,0.98,0.5,0.95,0.5,11,kf_sa_seed_0011.npz,50,5,35,651,700,871,480,0.7019969278033794,0.2980030721966206,0.0,0.58,0.42,0.0,0.8953771289537713,0.10462287104622871,0.0,0.4543478260869565,0.5456521739130434,0.0,0.3375430539609644,0.44768856447688565,0.6624569460390356,0.6377816291161178,488,194,294,0.3975409836065574,0.4041666666666667,0.6387860843819393,0.52954808806489,0.47045191193511005,0.3509984639016897,0.6334408602150537,0.60735546382134,0.09329982487601488,0.13495078870867042,0.04165096383265554,36,26.646928201332347,36.513513513513516,50.0,0.5125431569909931,0.7608556870256982,0.0,,,,,32.333333333333336,3.233333333333334,6,12,0.16666666666666666,0.08333333333333333,0.08333333333333333,0.5833333333333334,0.0,0.16666666666666666,5.5,5.5,14.083333333333334,30.083333333333332
7,50,0.99,0.5,0.95,0.5,11,kf_sa_seed_0011.npz,50,5,35,651,700,871,480,0.7235023041474654,0.2764976958525346,0.0,0.6742857142857143,0.32571428571428573,0.0,0.9148418491484185,0.0851581508515815,0.0,0.5826086956521739,0.41739130434782606,0.0,0.2606199770378875,0.45742092457420924,0.7393800229621125,0.5838509316770186,408,181,227,0.44362745098039214,0.3770833333333333,0.6980014803849001,0.49946977730646874,0.5005302226935313,0.3617511520737327,0.6077660741716041,0.5920326403479379,0.08927534943897598,0.11959113528666851,0.030315785847692525,34,25.166543301258326,38.6,50.0,0.5125431569909931,0.7608556870256982,0.0,,,,,29.5,2.95,6,12,0.16666666666666666,0.08333333333333333,0.08333333333333333,0.5833333333333334,0.0,0.16666666666666666,4.0,4.0,13.0,29.833333333333332
10,50,0.9,0.5,0.95,0.5,11,kf_sa_seed_0011.npz,50,5,35,651,700,871,480,0.2119815668202765,0.7880184331797235,0.0,0.1,0.9,0.0,0.291970802919708,0.708029197080292,0.0,0.004347826086956522,0.9956521739130435,0.0,0.8599311136624569,0.145985401459854,0.14006888633754305,0.9836065573770492,1143,394,749,0.3447069116360455,0.8208333333333333,0.153960029607698,0.6634615384615384,0.33653846153846156,0.10599078341013825,0.6008251042352425,0.5911643398023807,0.15432331337589084,0.19989093834503466,0.04556762496914382,49,36.26943005181347,27.02,50.0,0.5125431569909931,0.7608556870256982,0.0,,,,,68.2,6.82,6,12,0.0,0.0,0.0,1.0,0.0,0.0,,,29.25,35.0
10,50,0.95,0.5,0.95,0.5,11,kf_sa_seed_0011.npz,50,5,35,651,700,871,480,0.3655913978494624,0.6344086021505376,0.0,0.21714285714285714,0.7828571428571428,0.0,0.5109489051094891,0.48905109489051096,0.0,0.034782608695652174,0.9652173913043478,0.0,0.7405281285878301,0.25547445255474455,0.25947187141216993,0.9292035398230089,961,316,645,0.32882414151925077,0.6583333333333333,0.28867505551443373,0.6102564102564103,0.3897435897435897,0.1827956989247312,0.592348035988589,0.5790916917209044,0.13841225716425415,0.17285286023525234,0.034440603070998194,47,34.78904515173945,28.145833333333332,50.0,0.5125431569909931,0.7608556870256982,0.0,,,,,57.333333333333336,5.733333333333334,6,12,0.16666666666666666,0.16666666666666666,0.0,1.0,0.0,0.3333333333333333,31.0,31.0,23.0,34.333333333333336
10,50,0.98,0.5,0.95,0.5,11,kf_sa_seed_0011.npz,50,5,35,651,700,871,480,0.5268817204301075,0.4731182795698925,0.0,0.4228571428571429,0.5771428571428572,0.0,0.6885644768856448,0.31143552311435524,0.0,0.2217391304347826,0.7782608695652173,0.0,0.5579793340987371,0.3442822384428224,0.44202066590126293,0.7350649350649351,712,226,486,0.31741573033707865,0.4708333333333333,0.47298297557364916,0.5367762128325508,0.46322378716744916,0.26344086021505375,0.5682598200570551,0.5535565890931063,0.11294276915645411,0.12706085967459216,0.014118090518138046,48,35.529237601776465,27.571428571428573,50.0,0.5125431569909931,0.7608556870256982,0.0,,,,,43.166666666666664,4.316666666666666,6,12,0.16666666666666666,0.08333333333333333,0.08333333333333333,0.5833333333333334,0.0,0.16666666666666666,14.5,14.5,15.75,31.583333333333332
10,50,0.99,0.5,0.95,0.5,11,kf_sa_seed_0011.npz,50,5,35,651,700,871,480,0.6344086021505376,0.3655913978494624,0.0,0.6342857142857142,0.3657142857142857,0.0,0.8199513381995134,0.18004866180048662,0.0,0.508695652173913,0.49130434782608695,0.0,0.34443168771526983,0.4099756690997567,0.6555683122847302,0.5901926444833625,494,194,300,0.39271255060728744,0.4041666666666667,0.6343449296817173,0.48191365227537925,0.5180863477246207,0.3172043010752688,0.5296532806671056,0.5237673794854697,0.08948333254189918,0.08726903298324838,-0.002214299558650795,34,25.166543301258326,38.6,50.0,0.5125431569909931,0.7608556870256982,0.0,,,,,38.666666666666664,3.8666666666666667,6,12,0.16666666666666666,0.08333333333333333,0.08333333333333333,0.5,0.0,0.16666666666666666,12.5,12.5,14.083333333333334,31.25
3,20,0.9,0.5,0.95,0.5,12,kf_sa_seed_0012.npz,20,5,35,681,700,901,480,0.6740088105726872,0.32599118942731276,0.0,0.26571428571428574,0.54,0.19428571428571428,0.7755102040816326,0.22448979591836735,0.0,0.18043478260869567,0.5739130434782609,0.24565217391304348,0.40288568257491675,0.5105811889973381,0.5971143174250833,0.845724907063197,600,237,363,0.395,0.49375,0.5655322230267922,0.7618437900128041,0.2381562099871959,0.43414726242920076,0.7877847702957835,0.8301716410038881,0.0841502635522586,0.44794082372152233,0.3637905601692637,85,61.54960173787111,16.058139534883722,39.0,0.480574666883001,0.8974166334087276,0.5,62.0,35.0,133.0,6.2,16.333333333333332,1.6333333333333333,3,12,0.5,0.4166666666666667,0.08333333333333333,0.9166666666666666,0.16666666666666666,0.6666666666666666,12.166666666666666,12.5,15.166666666666666,23.583333333333332
3,20,0.95,0.5,0.95,0.5,12,kf_sa_seed_0012.npz,20,5,35,681,700,901,480,0.7444933920704846,0.2555066079295154,0.0,0.30142857142857143,0.5071428571428571,0.19142857142857142,0.8480725623582767,0.15192743764172337,0.0,0.21304347826086956,0.5391304347826087,0.24782608695652175,0.34961154273029965,0.5479493246573992,0.6503884572697003,0.8327645051194539,529,214,315,0.4045368620037807,0.44583333333333336,0.6169442433019551,0.7523474178403756,0.24765258215962438,0.467960981749528,0.7871386616320537,0.8258258060454258,0.07362277479105594,0.4274530802441939,0.3538303054531379,61,44.170890658942795,22.274193548387096,31.0,0.480574666883001,0.8974166334087276,0.5,63.333333333333336,37.0,133.0,6.333333333333334,16.333333333333332,1.6333333333333333,3,12,0.5,0.4166666666666667,0.08333333333333333,0.8333333333333334,0.16666666666666666,0.6666666666666666,12.5,13.0,14.583333333333334,23.75
3,20,0.98,0.5,0.95,0.5,12,kf_sa_seed_0012.npz,20,5,35,681,700,901,480,0.8208516886930984,0.1776798825256975,0.0014684287812041115,0.37714285714285717,0.44,0.18285714285714286,0.9229024943310657,0.07709750566893424,0.0,0.26521739130434785,0.4956521739130435,0.2391304347826087,0.290788013318535,0.5810164645568372,0.709211986681465,0.809076682316119,429,167,262,0.38927738927738925,0.34791666666666665,0.6893555394641564,0.7216386554621849,0.27836134453781514,0.5018544157751207,0.786641493601846,0.8184346611725898,0.06241237693131717,0.38959976321655954,0.32718738628524235,61,44.170890658942795,22.274193548387096,31.0,0.480574666883001,0.8974166334087276,0.5,66.0,41.0,136.0,6.6000000000000005,15.833333333333334,1.5833333333333335,3,12,0.5,0.4166666666666667,0.08333333333333333,0.8333333333333334,0.16666666666666666,0.6666666666666666,12.166666666666666,12.0,12.083333333333334,23.583333333333332
3,20,0.99,0.5,0.95,0.5,12,kf_sa_seed_0012.npz,20,5,35,681,700,901,480,0.8649045521292217,0.13215859030837004,0.002936857562408223,0.4542857142857143,0.39571428571428574,0.15,0.9659863945578231,0.034013605442176874,0.0,0.33260869565217394,0.45652173913043476,0.2108695652173913,0.24972253052164262,0.5884279798876072,0.7502774694783574,0.7736686390532544,367,142,225,0.3869209809264305,0.29583333333333334,0.7342505430847213,0.6844181459566075,0.31558185404339245,0.5074522760646109,0.7801342563457101,0.8065874747338133,0.05812133351819495,0.3500250073304096,0.29190367381221466,47,34.03330919623461,28.770833333333332,31.0,0.480574666883001,0.8974166334087276,0.5,69.66666666666667,46.0,138.0,6.966666666666668,14.5,1.4500000000000002,3,12,0.5,0.4166666666666667,0.08333333333333333,0.75,0.16666666666666666,0.6666666666666666,11.833333333333334,11.0,9.916666666666666,23.416666666666668
3,25,0.9,0.5,0.95,0.5,12,kf_sa_seed_0012.npz,25,5,35,676,700,896,480,0.7825443786982249,0.21597633136094674,0.0014792899408284023,0.3442857142857143,0.46714285714285714,0.18857142857142858,0.8967889908256881,0.10321100917431193,0.0,0.23695652173913043,0.5173913043478261,0.24565217391304348,0.3158482142857143,0.5712205823693658,0.6841517857142857,0.8221859706362153,473,190,283,0.40169133192389006,0.3958333333333333,0.65625,0.7320044296788483,0.26799557032115173,0.48555790363482676,0.7778930684699915,0.818033070639438,0.07140179225110613,0.41898528132763463,0.3475834890765285,63,45.78488372093023,21.5,31.0,0.48208277728889387,0.8974166334087276,0.5,64.33333333333333,38.0,134.0,6.433333333333334,16.0,1.6,3,12,0.5,0.4166666666666667,0.08333333333333333,0.8333333333333334,0.16666666666666666,0.6666666666666666,12.666666666666666,13.0,13.083333333333334,23.833333333333332
3,25,0.95,0.5,0.95,0.5,12,kf_sa_seed_0012.npz,25,5,35,676,700,896,480,0.8136094674556213,0.1849112426035503,0.0014792899408284023,0.37285714285714283,0.43857142857142856,0.18857142857142858,0.9243119266055045,0.07568807339449542,0.0,0.2608695652173913,0.49130434782608695,0.24782608695652175,0.2890625,0.5860690067810131,0.7109375,0.8116169544740973,432,173,259,0.40046296296296297,0.36041666666666666,0.686046511627907,0.722457627118644,0.27754237288135597,0.501090448013525,0.779323753169907,0.8156944131980556,0.0662227784835583,0.4024374698385699,0.3362146913550116,53,38.51744186046512,25.48148148148148,31.0,0.48208277728889387,0.8974166334087276,0.5,66.0,41.0,135.0,6.6000000000000005,16.5,1.6500000000000001,3,12,0.5,0.4166666666666667,0.08333333333333333,0.8333333333333334,0.16666666666666666,0.6666666666666666,13.0,14.0,12.416666666666666,24.0
3,25,0.98,0.5,0.95,0.5,12,kf_sa_seed_0012.npz,25,5,35,676,700,896,480,0.863905325443787,0.13313609467455623,0.0029585798816568047,0.4442857142857143,0.38142857142857145,0.1742857142857143,0.9701834862385321,0.02981651376146789,0.0,0.3282608695652174,0.4369565217391304,0.23478260869565218,0.23883928571428573,0.6024830474670921,0.7611607142857143,0.7785923753665689,357,143,214,0.4005602240896359,0.29791666666666666,0.7405523255813954,0.6928361138370952,0.3071638861629048,0.5190955198647507,0.7778317836010143,0.8080832196541454,0.06158957575007872,0.36972431846657333,0.3081347427164946,55,39.97093023255814,24.571428571428573,31.0,0.48208277728889387,0.8974166334087276,0.5,68.33333333333333,44.0,137.0,6.833333333333333,15.0,1.5,3,12,0.5,0.4166666666666667,0.08333333333333333,0.75,0.16666666666666666,0.6666666666666666,11.833333333333334,11.0,10.333333333333334,23.416666666666668
3,25,0.99,0.5,0.95,0.5,12,kf_sa_seed_0012.npz,25,5,35,676,700,896,480,0.8772189349112426,0.11834319526627218,0.004437869822485207,0.49714285714285716,0.3557142857142857,0.14714285714285713,0.9793577981651376,0.020642201834862386,0.0,0.3695652173913043,0.41739130434782606,0.21304347826086956,0.22433035714285715,0.5962006382130036,0.7756696428571429,0.7553956834532374,329,128,201,0.3890577507598784,0.26666666666666666,0.7609011627906976,0.664756446991404,0.335243553008596,0.5121808960270499,0.7684995773457312,0.7938537196363742,0.06022018890929329,0.3346009092631706,0.2743807203538773,35,25.436046511627907,38.22222222222222,31.0,0.48208277728889387,0.8974166334087276,0.5,82.33333333333333,58.0,139.0,8.233333333333333,13.333333333333334,1.3333333333333335,3,12,0.4166666666666667,0.25,0.16666666666666666,0.6666666666666666,0.0,0.5,7.8,2.0,9.416666666666666,23.666666666666668
3,35,0.9,0.5,0.95,0.5,12,kf_sa_seed_0012.npz,35,5,35,666,700,886,480,0.8663663663663663,0.12912912912912913,0.0045045045045045045,0.46285714285714286,0.36857142857142855,0.16857142857142857,0.9812206572769953,0.018779342723004695,0.0,0.34782608695652173,0.4152173913043478,0.23695652173913043,0.22460496613995484,0.6090885895080629,0.7753950338600452,0.7671033478893741,344,145,199,0.42151162790697677,0.3020833333333333,0.7481698389458272,0.6800391389432485,0.3199608610567515,0.5174688974688975,0.7700943800943801,0.8038873244119366,0.06583313164487875,0.3718942130790958,0.30606108143421706,48,35.13909224011713,27.877551020408163,35.0,0.48445087285017796,0.8974166334087276,0.5,69.33333333333333,46.0,137.0,6.933333333333334,15.0,1.5,3,12,0.5,0.4166666666666667,0.08333333333333333,0.75,0.16666666666666666,0.6666666666666666,12.0,10.5,10.083333333333334,23.5
3,35,0.95,0.5,0.95,0.5,12,kf_sa_seed_0012.npz,35,5,35,666,700,886,480,0.8678678678678678,0.12762762762762764,0.0045045045045045045,0.48428571428571426,0.3485714285714286,0.16714285714285715,0.9812206572769953,0.018779342723004695,0.0,0.358695652173913,0.4,0.24130434782608695,0.21670428893905191,0.6112625025515411,0.7832957110609481,0.7622478386167147,329,137,192,0.41641337386018235,0.28541666666666665,0.7591508052708639,0.6702025072324012,0.32979749276759884,0.5175053625053625,0.7664006864006864,0.7983104041376806,0.06594523153117654,0.35883842202537086,0.2928931904941943,36,26.35431918008785,36.91891891891892,35.0,0.48445087285017796,0.8974166334087276,0.5,79.33333333333333,52.0,138.0,7.933333333333334,15.333333333333334,1.5333333333333334,3,12,0.4166666666666667,0.3333333333333333,0.08333333333333333,0.75,0.0,0.6666666666666666,9.8,6.0,10.166666666666666,24.5
3,35,0.98,0.5,0.95,0.5,12,kf_sa_seed_0012.npz,35,5,35,666,700,886,480,0.8708708708708709,0.12312312312312312,0.006006006006006006,0.5257142857142857,0.3142857142857143,0.16,0.9812206572769953,0.018779342723004695,0.0,0.391304347826087,0.3782608695652174,0.23043478260869565,0.2054176072234763,0.6058277199428455,0.7945823927765236,0.7443181818181818,302,120,182,0.3973509933774834,0.25,0.7789165446559297,0.650375939849624,0.34962406015037595,0.5154354354354355,0.7572286572286572,0.7844729042448076,0.0668663671912257,0.332937676793048,0.2660713096018223,26,19.03367496339678,50.592592592592595,35.0,0.48445087285017796,0.8974166334087276,0.5,82.0,52.0,142.0,8.200000000000001,14.333333333333334,1.4333333333333336,3,12,0.4166666666666667,0.25,0.16666666666666666,0.5833333333333334,0.0,0.5,8.6,2.0,8.833333333333334,24.0
3,35,0.99,0.5,0.95,0.5,12,kf_sa_seed_0012.npz,35,5,35,666,700,886,480,0.8693693693693694,0.12462462462462462,0.006006006006006006,0.5614285714285714,0.30142857142857143,0.13714285714285715,0.9835680751173709,0.01643192488262911,0.0,0.43043478260869567,0.3717391304347826,0.19782608695652174,0.20090293453724606,0.5906970810369463,0.7990970654627539,0.7203389830508474,294,116,178,0.3945578231292517,0.24166666666666667,0.7847730600292826,0.6296641791044776,0.3703358208955224,0.5032561132561133,0.741008151008151,0.7640767332080103,0.06798782577819885,0.30335880315046077,0.23537097737226192,24,17.569546120058565,54.64,35.0,0.48445087285017796,0.8974166334087276,0.5,86.0,56.0,147.0,8.6,14.666666666666666,1.4666666666666668,3,12,0.4166666666666667,0.25,0.16666666666666666,0.5,0.0,0.5,9.0,1.0,8.416666666666666,24.166666666666668
3,50,0.9,0.5,0.95,0.5,12,kf_sa_seed_0012.npz,50,5,35,651,700,871,480,0.8632872503840245,0.11674347158218126,0.019969278033794162,0.5657142857142857,0.27285714285714285,0.16142857142857142,0.9805352798053528,0.019464720194647202,0.0,0.41956521739130437,0.3565217391304348,0.22391304347826088,0.19747416762342135,0.6022241616418068,0.8025258323765786,0.7238912732474965,267,95,172,0.35580524344569286,0.19791666666666666,0.8023686158401184,0.6226937269372693,0.3773062730627307,0.512357910906298,0.7241101601931095,0.7550051318410221,0.07768086788395223,0.3108400258961828,0.23315915801223058,32,23.686158401184308,40.93939393939394,50.0,0.48304983687475517,0.8974166334087276,0.6666666666666666,79.75,60.5,147.0,7.9750000000000005,14.833333333333334,1.4833333333333334,2,12,0.4166666666666667,0.16666666666666666,0.25,0.4166666666666667,0.0,0.3333333333333333,9.2,0.0,7.333333333333333,24.25
3,50,0.95,0.5,0.95,0.5,12,kf_sa_seed_0012.npz,50,5,35,651,700,871,480,0.8632872503840245,0.1152073732718894,0.021505376344086023,0.5842857142857143,0.26142857142857145,0.15428571428571428,0.9829683698296837,0.0170316301703163,0.0,0.4391304347826087,0.34782608695652173,0.21304347826086956,0.19173363949483352,0.5980059240452766,0.8082663605051664,0.7130681818181818,258,91,167,0.35271317829457366,0.18958333333333333,0.8090303478904515,0.6129917657822507,0.3870082342177493,0.5087864823348694,0.7170111915734035,0.7458657055836556,0.07924742116394663,0.3004299066215063,0.2211824854575597,28,20.72538860103627,46.58620689655172,50.0,0.48304983687475517,0.8974166334087276,0.6666666666666666,81.0,62.5,148.0,8.1,15.0,1.5,2,12,0.4166666666666667,0.16666666666666666,0.25,0.3333333333333333,0.0,0.3333333333333333,9.4,0.0,7.166666666666667,24.333333333333332
3,50,0.98,0.5,0.95,0.5,12,kf_sa_seed_0012.npz,50,5,35,651,700,871,480,0.8556067588325653,0.12135176651305683,0.02304147465437788,0.6171428571428571,0.25285714285714284,0.13,0.9805352798053528,0.019464720194647202,0.0,0.48695652173913045,0.33695652173913043,0.17608695652173914,0.18714121699196326,0.578311118163546,0.8128587830080367,0.6836158192090396,256,93,163,0.36328125,0.19375,0.8105107327905255,0.5917808219178082,0.40821917808219177,0.49280337941628266,0.7013429888084266,0.7275965014262019,0.0817753782368189,0.27762194749161584,0.19584656925479693,30,22.20577350111029,43.58064516129032,50.0,0.48304983687475517,0.8974166334087276,0.5,89.66666666666667,65.0,151.0,8.966666666666667,15.666666666666666,1.5666666666666667,3,12,0.4166666666666667,0.16666666666666666,0.25,0.3333333333333333,0.0,0.3333333333333333,10.2,0.0,7.333333333333333,24.666666666666668
3,50,0.99,0.5,0.95,0.5,12,kf_sa_seed_0012.npz,50,5,35,651,700,871,480,0.8509984639016898,0.1336405529953917,0.015360983102918587,0.64,0.27,0.09,0.9805352798053528,0.019464720194647202,0.0,0.5152173913043478,0.36086956521739133,0.12391304347826088,0.1997703788748565,0.5522241616418069,0.8002296211251435,0.6599713055954088,276,102,174,0.3695652173913043,0.2125,0.7957068837897854,0.573953488372093,0.42604651162790697,0.47049923195084487,0.6799495281983762,0.7048662355786512,0.08289919175449866,0.2491954514803762,0.16629625972587753,16,11.843079200592154,79.47058823529412,50.0,0.48304983687475517,0.8974166334087276,0.3333333333333333,63.5,63.5,72.0,6.3500000000000005,16.166666666666668,1.616666666666667,4,12,0.4166666666666667,0.16666666666666666,0.25,0.3333333333333333,0.0,0.3333333333333333,10.8,0.0,7.75,24.916666666666668
5,20,0.9,0.5,0.95,0.5,12,kf_sa_seed_0012.npz,20,5,35,681,700,901,480,0.29515418502202645,0.7048458149779736,0.0,0.08142857142857143,0.88,0.03857142857142857,0.34467120181405897,0.655328798185941,0.0,0.02826086956521739,0.9130434782608695,0.058695652173913045,0.7869034406215316,0.201683426993986,0.21309655937846836,0.9322916666666666,1096,387,709,0.3531021897810219,0.80625,0.20637219406227372,0.8,0.19999999999999996,0.16686280679672752,0.8051164254247954,0.8430994995442146,0.11875073654946548,0.4322304910704947,0.3134797545210292,102,73.85952208544533,13.407766990291263,68.0,0.480574666883001,0.8974166334087276,0.3333333333333333,100.0,100.0,138.0,10.0,39.666666666666664,3.966666666666667,4,12,0.16666666666666666,0.16666666666666666,0.0,1.0,0.0,0.3333333333333333,11.5,11.5,27.0,31.083333333333332
5,20,0.95,0.5,0.95,0.5,12,kf_sa_seed_0012.npz,20,5,35,681,700,901,480,0.47283406754772395,0.527165932452276,0.0,0.14,0.8342857142857143,0.025714285714285714,0.546485260770975,0.45351473922902497,0.0,0.05652173913043478,0.9043478260869565,0.0391304347826087,0.683684794672586,0.29280784777679186,0.316315205327414,0.9087719298245615,943,327,616,0.34676564156945916,0.68125,0.3171614771904417,0.776255707762557,0.22374429223744297,0.24927417663100482,0.8030480385986994,0.837086953826063,0.09596833453908817,0.3980462856741208,0.30207795113503266,79,57.20492396813903,17.2625,41.0,0.480574666883001,0.8974166334087276,0.3333333333333333,101.0,101.0,140.0,10.100000000000001,22.833333333333332,2.283333333333333,4,12,0.3333333333333333,0.3333333333333333,0.0,1.0,0.0,0.6666666666666666,14.5,15.5,22.083333333333332,28.166666666666668
5,20,0.98,0.5,0.95,0.5,12,kf_sa_seed_0012.npz,20,5,35,681,700,901,480,0.7958883994126285,0.20411160058737152,0.0,0.30857142857142855,0.6814285714285714,0.01,0.9251700680272109,0.07482993197278912,0.0,0.1826086956521739,0.8021739130434783,0.015217391304347827,0.44617092119866814,0.4701937296657794,0.5538290788013318,0.8316633266533067,616,214,402,0.3474025974025974,0.44583333333333336,0.55394641564084,0.7176470588235294,0.2823529411764706,0.40294419970631423,0.7957856093979442,0.8243688918122898,0.06959312002487125,0.3432053723213602,0.273612252296489,67,48.515568428674875,20.308823529411764,36.0,0.480574666883001,0.8974166334087276,0.16666666666666666,147.0,147.0,147.0,14.700000000000001,18.333333333333332,1.8333333333333333,5,12,0.4166666666666667,0.3333333333333333,0.08333333333333333,0.8333333333333334,0.0,0.6666666666666666,13.8,15.0,15.166666666666666,26.166666666666668
5,20,0.99,0.5,0.95,0.5,12,kf_sa_seed_0012.npz,20,5,35,681,700,901,480,0.8193832599118943,0.18061674008810572,0.0,0.37714285714285717,0.5771428571428572,0.045714285714285714,0.9591836734693877,0.04081632653061224,0.0,0.22391304347826088,0.7065217391304348,0.06956521739130435,0.3806881243063263,0.514374445430346,0.6193118756936737,0.8154121863799283,527,184,343,0.349146110056926,0.38333333333333336,0.6183924692251991,0.6908665105386417,0.3091334894613583,0.43254877281309,0.7969498636458989,0.8267036894162223,0.05966214089117598,0.35701644400902965,0.29735430311785366,39,28.240405503258508,34.525,31.0,0.480574666883001,0.8974166334087276,0.3333333333333333,98.5,98.5,139.0,9.850000000000001,18.5,1.85,4,12,0.4166666666666667,0.3333333333333333,0.08333333333333333,0.75,0.0,0.6666666666666666,14.0,13.0,13.25,26.25
5,25,0.9,0.5,0.95,0.5,12,kf_sa_seed_0012.npz,25,5,35,676,700,896,480,0.5310650887573964,0.46893491124260356,0.0,0.17285714285714285,0.7885714285714286,0.03857142857142857,0.6307339449541285,0.36926605504587157,0.0,0.08260869565217391,0.8586956521739131,0.058695652173913045,0.6205357142857143,0.34471479856402076,0.3794642857142857,0.888235294117647,869,313,556,0.36018411967779057,0.6520833333333333,0.3684593023255814,0.7613412228796844,0.23865877712031558,0.2848182586644125,0.7931149619611159,0.8303264111006146,0.09257192786981455,0.39253613620845157,0.299964208338637,87,63.22674418604651,15.636363636363637,41.0,0.48208277728889387,0.8974166334087276,0.3333333333333333,101.0,101.0,140.0,10.100000000000001,22.5,2.25,4,12,0.3333333333333333,0.3333333333333333,0.0,1.0,0.0,0.6666666666666666,14.75,16.0,21.083333333333332,28.25
5,25,0.95,0.5,0.95,0.5,12,kf_sa_seed_0012.npz,25,5,35,676,700,896,480,0.7204142011834319,0.27958579881656803,0.0,0.24857142857142858,0.73,0.02142857142857143,0.8371559633027523,0.1628440366972477,0.0,0.13043478260869565,0.8369565217391305,0.03260869565217391,0.5089285714285714,0.43488232947746314,0.49107142857142855,0.8636363636363636,700,244,456,0.3485714285714286,0.5083333333333333,0.49127906976744184,0.742603550295858,0.257396449704142,0.3709213863060017,0.793852493660186,0.8264229288197005,0.0785428918277961,0.36419500251013726,0.28565211068234114,89,64.68023255813954,15.28888888888889,31.0,0.48208277728889387,0.8974166334087276,0.16666666666666666,145.0,145.0,145.0,14.5,19.333333333333332,1.9333333333333333,5,12,0.4166666666666667,0.3333333333333333,0.08333333333333333,0.8333333333333334,0.0,0.6666666666666666,15.0,15.0,17.0,26.666666666666668
5,25,0.98,0.5,0.95,0.5,12,kf_sa_seed_0012.npz,25,5,35,676,700,896,480,0.8298816568047337,0.17011834319526628,0.0,0.38,0.6114285714285714,0.008571428571428572,0.9747706422018348,0.02522935779816514,0.0,0.2326086956521739,0.7543478260869565,0.013043478260869565,0.39955357142857145,0.4939070602313522,0.6004464285714286,0.8011152416356877,543,185,358,0.3406998158379374,0.3854166666666667,0.6053779069767442,0.680672268907563,0.31932773109243695,0.4192265426880811,0.7889623837700761,0.8168375451604017,0.06353493251007936,0.3292481853479953,0.26571325283791597,29,21.075581395348838,45.86666666666667,29.0,0.48208277728889387,0.8974166334087276,0.16666666666666666,148.0,148.0,148.0,14.8,18.333333333333332,1.8333333333333333,5,12,0.4166666666666667,0.3333333333333333,0.08333333333333333,0.75,0.0,0.6666666666666666,13.8,13.0,13.333333333333334,26.166666666666668
5,25,0.99,0.5,0.95,0.5,12,kf_sa_seed_0012.npz,25,5,35,676,700,896,480,0.8254437869822485,0.17455621301775148,0.0,0.43142857142857144,0.5371428571428571,0.03142857142857143,0.9770642201834863,0.022935779816513763,0.0,0.29130434782608694,0.6608695652173913,0.04782608695652174,0.35044642857142855,0.512445153570004,0.6495535714285714,0.7697594501718213,494,180,314,0.3643724696356275,0.375,0.6409883720930233,0.6575963718820862,0.3424036281179138,0.42843617920541,0.7807650042265427,0.807535395071677,0.06166405213336221,0.32776881351332465,0.2661047613799624,35,25.436046511627907,38.22222222222222,29.0,0.48208277728889387,0.8974166334087276,0.16666666666666666,139.0,139.0,139.0,13.9,18.5,1.85,5,12,0.4166666666666667,0.3333333333333333,0.08333333333333333,0.75,0.0,0.6666666666666666,14.0,12.0,12.666666666666666,26.25
5,35,0.9,0.5,0.95,0.5,12,kf_sa_seed_0012.npz,35,5,35,666,700,886,480,0.8183183183183184,0.1816816816816817,0.0,0.37,0.5942857142857143,0.03571428571428571,0.9741784037558685,0.025821596244131457,0.0,0.22608695652173913,0.7195652173913043,0.05434782608695652,0.3860045146726862,0.5142631149214125,0.6139954853273137,0.8088235294117647,537,195,342,0.36312849162011174,0.40625,0.6068814055636896,0.6875753920386007,0.31242460796139926,0.42701630201630203,0.7766237666237666,0.8089786933968357,0.06900289127915761,0.3296438914331266,0.260641000153969,34,24.890190336749633,39.02857142857143,35.0,0.48445087285017796,0.8974166334087276,0.5,98.33333333333333,86.0,148.0,9.833333333333334,19.833333333333332,1.9833333333333334,3,12,0.4166666666666667,0.3333333333333333,0.08333333333333333,0.8333333333333334,0.0,0.6666666666666666,15.4,18.0,14.166666666666666,26.833333333333332
5,35,0.95,0.5,0.95,0.5,12,kf_sa_seed_0012.npz,35,5,35,666,700,886,480,0.8288288288288288,0.17117117117117117,0.0,0.4057142857142857,0.58,0.014285714285714285,0.9859154929577465,0.014084507042253521,0.0,0.24782608695652175,0.7304347826086957,0.021739130434782608,0.3860045146726862,0.5038273116962646,0.6139954853273137,0.7904411764705882,520,178,342,0.3423076923076923,0.37083333333333335,0.6193265007320644,0.6643026004728132,0.3356973995271868,0.4215572715572715,0.7733697983697984,0.8019962357146322,0.06440889461656192,0.30800507697655716,0.24359618235999525,32,23.42606149341142,41.39393939393939,35.0,0.48445087285017796,0.8974166334087276,0.16666666666666666,90.0,90.0,90.0,9.0,19.0,1.9000000000000001,5,12,0.4166666666666667,0.3333333333333333,0.08333333333333333,0.75,0.0,0.6666666666666666,14.6,13.0,12.75,26.5
5,35,0.98,0.5,0.95,0.5,12,kf_sa_seed_0012.npz,35,5,35,666,700,886,480,0.8303303303303303,0.16966966966966968,0.0,0.4614285714285714,0.5342857142857143,0.004285714285714286,0.9929577464788732,0.007042253521126761,0.0,0.3,0.6934782608695652,0.006521739130434782,0.36343115124153497,0.499739742804654,0.636568848758465,0.7553191489361702,487,165,322,0.33880903490759756,0.34375,0.6434846266471449,0.6325369738339022,0.36746302616609783,0.41730802230802233,0.7593457743457743,0.786968761960845,0.06017348201455837,0.28395299637727256,0.2237795143627142,36,26.35431918008785,36.91891891891892,35.0,0.48445087285017796,0.8974166334087276,0.0,,,,,18.833333333333332,1.8833333333333333,6,12,0.4166666666666667,0.3333333333333333,0.08333333333333333,0.6666666666666666,0.0,0.6666666666666666,15.0,12.0,11.666666666666666,26.666666666666668
5,35,0.99,0.5,0.95,0.5,12,kf_sa_seed_0012.npz,35,5,35,666,700,886,480,0.8423423423423423,0.15765765765765766,0.0,0.5485714285714286,0.4328571428571429,0.018571428571428572,0.9929577464788732,0.007042253521126761,0.0,0.40869565217391307,0.5630434782608695,0.02826086956521739,0.29571106094808125,0.5106093080220453,0.7042889390519187,0.6987179487179487,408,146,262,0.35784313725490197,0.30416666666666664,0.7013177159590044,0.5991649269311065,0.40083507306889354,0.43045688545688543,0.7293350493350493,0.760285364093533,0.06447043817655679,0.2751753768286931,0.2107049386521363,24,17.569546120058565,54.64,35.0,0.48445087285017796,0.8974166334087276,0.16666666666666666,148.0,148.0,148.0,14.8,18.0,1.8,5,12,0.4166666666666667,0.3333333333333333,0.08333333333333333,0.5833333333333334,0.0,0.6666666666666666,14.0,12.0,10.416666666666666,26.25
5,50,0.9,0.5,0.95,0.5,12,kf_sa_seed_0012.npz,50,5,35,651,700,871,480,0.8356374807987711,0.16436251920122888,0.0,0.5142857142857142,0.4757142857142857,0.01,0.9927007299270073,0.0072992700729927005,0.0,0.35,0.6391304347826087,0.010869565217391304,0.3409873708381171,0.5017851475721993,0.6590126291618829,0.7195121951219512,440,143,297,0.325,0.29791666666666666,0.6743153219837158,0.6048298572996706,0.39517014270032935,0.42281874039938555,0.731266183892912,0.7557437897670901,0.06499121623647193,0.25496199924783897,0.18997078301136705,22,16.28423390081421,58.73913043478261,50.0,0.48304983687475517,0.8974166334087276,0.16666666666666666,90.0,90.0,90.0,9.0,17.833333333333332,1.7833333333333332,5,12,0.4166666666666667,0.25,0.16666666666666666,0.5,0.0,0.5,13.8,13.0,10.416666666666666,26.166666666666668
5,50,0.95,0.5,0.95,0.5,12,kf_sa_seed_0012.npz,50,5,35,651,700,871,480,0.8448540706605223,0.15514592933947774,0.0,0.5542857142857143,0.43857142857142856,0.007142857142857143,0.9927007299270073,0.0072992700729927005,0.0,0.39565217391304347,0.5978260869565217,0.006521739130434782,0.31917336394948337,0.499611234528721,0.6808266360505166,0.6930860033726813,408,130,278,0.31862745098039214,0.2708333333333333,0.6980014803849001,0.5885471898197243,0.4114528101802757,0.4259984639016897,0.7227254772876893,0.7425013576808227,0.06494595017576164,0.23754956876262903,0.1726036185868674,26,19.24500370096225,50.03703703703704,50.0,0.48304983687475517,0.8974166334087276,0.16666666666666666,91.0,91.0,91.0,9.1,16.166666666666668,1.616666666666667,5,12,0.4166666666666667,0.25,0.16666666666666666,0.5,0.0,0.5,11.8,2.0,9.0,25.333333333333332
5,50,0.98,0.5,0.95,0.5,12,kf_sa_seed_0012.npz,50,5,35,651,700,871,480,0.8494623655913979,0.15053763440860216,0.0,0.6228571428571429,0.37714285714285717,0.0,0.9927007299270073,0.0072992700729927005,0.0,0.46956521739130436,0.5304347826086957,0.0,0.2835820895522388,0.49635036496350365,0.7164179104477612,0.6538461538461539,362,115,247,0.31767955801104975,0.23958333333333334,0.7320503330866025,0.5591506572295247,0.44084934277047527,0.42473118279569894,0.7030370858020628,0.7237937063270284,0.06941898170389235,0.22181494416302558,0.15239596245913323,20,14.803849000740193,64.33333333333333,50.0,0.48304983687475517,0.8974166334087276,0.0,,,,,16.333333333333332,1.6333333333333333,6,12,0.3333333333333333,0.08333333333333333,0.25,0.3333333333333333,0.0,0.16666666666666666,6.75,0.0,8.166666666666666,25.583333333333332
5,50,0.99,0.5,0.95,0.5,12,kf_sa_seed_0012.npz,50,5,35,651,700,871,480,0.847926267281106,0.15207373271889402,0.0,0.64,0.36,0.0,0.9951338199513382,0.004866180048661801,0.0,0.48478260869565215,0.5152173913043478,0.0,0.2743972445464983,0.4975669099756691,0.7256027554535017,0.6471518987341772,351,112,239,0.3190883190883191,0.23333333333333334,0.7401924500370096,0.552,0.44799999999999995,0.423963133640553,0.6728110599078341,0.7013244506570842,0.06763553449780732,0.2054557010266011,0.13782016652879378,14,10.362694300518134,90.06666666666666,50.0,0.48304983687475517,0.8974166334087276,0.0,,,,,16.5,1.6500000000000001,6,12,0.3333333333333333,0.08333333333333333,0.25,0.25,0.0,0.16666666666666666,7.25,0.0,8.083333333333334,25.75
7,35,0.9,0.5,0.95,0.5,12,kf_sa_seed_0012.npz,35,5,35,666,700,886,480,0.35135135135135137,0.6486486486486487,0.0,0.13142857142857142,0.8642857142857143,0.004285714285714286,0.4272300469483568,0.5727699530516432,0.0,0.021739130434782608,0.9717391304347827,0.006521739130434782,0.7799097065462754,0.2168758930393958,0.2200902934537246,0.9487179487179487,1037,346,691,0.33365477338476374,0.7208333333333333,0.24084919472913616,0.7203647416413373,0.27963525835866265,0.17781853281853283,0.7862805662805663,0.8289418539621906,0.10779551090292047,0.3744596387127741,0.2666641278098536,64,46.85212298682284,21.015384615384615,85.0,0.48445087285017796,0.8974166334087276,0.0,,,,,32.833333333333336,3.2833333333333337,6,12,0.25,0.25,0.0,1.0,0.0,0.5,23.666666666666668,27.0,25.583333333333332,32.166666666666664
7,35,0.95,0.5,0.95,0.5,12,kf_sa_seed_0012.npz,35,5,35,666,700,886,480,0.5135135135135135,0.4864864864864865,0.0,0.18571428571428572,0.8128571428571428,0.0014285714285714286,0.6220657276995305,0.3779342723004695,0.0,0.034782608695652174,0.9630434782608696,0.002173913043478261,0.6817155756207675,0.3121198203715044,0.3182844243792325,0.9432624113475178,893,289,604,0.3236282194848824,0.6020833333333333,0.3462664714494876,0.7251585623678647,0.2748414376321353,0.25747104247104247,0.776992706992707,0.820371314196411,0.09319117269494971,0.34650628443323067,0.253315111738281,66,48.31625183016106,20.388059701492537,63.0,0.48445087285017796,0.8974166334087276,0.0,,,,,30.5,3.0500000000000003,6,12,0.25,0.25,0.0,0.9166666666666666,0.0,0.5,19.0,16.0,21.333333333333332,31.0
7,35,0.98,0.5,0.95,0.5,12,kf_sa_seed_0012.npz,35,5,35,666,700,886,480,0.6636636636636637,0.33633633633633636,0.0,0.2842857142857143,0.7157142857142857,0.0,0.8051643192488263,0.19483568075117372,0.0,0.09347826086956522,0.9065217391304348,0.0,0.5643340857787811,0.4025821596244131,0.435665914221219,0.8886010362694301,725,225,500,0.3103448275862069,0.46875,0.46925329428989754,0.6895475819032761,0.31045241809672386,0.33183183183183185,0.7428185328185328,0.7932088177979199,0.0805759704728928,0.31246524325268393,0.23188927277979113,46,33.674963396778914,29.06382978723404,60.0,0.48445087285017796,0.8974166334087276,0.0,,,,,25.333333333333332,2.533333333333333,6,12,0.3333333333333333,0.25,0.08333333333333333,0.75,0.0,0.5,16.75,19.0,16.25,28.916666666666668
7,35,0.99,0.5,0.95,0.5,12,kf_sa_seed_0012.npz,35,5,35,666,700,886,480,0.7372372372372372,0.2627627627627628,0.0,0.3842857142857143,0.6157142857142858,0.0,0.8873239436619719,0.11267605633802817,0.0,0.18478260869565216,0.8152173913043478,0.0,0.47742663656884876,0.44366197183098594,0.5225733634311512,0.816414686825054,606,183,423,0.30198019801980197,0.38125,0.5563689604685212,0.6460526315789473,0.3539473684210527,0.3686186186186186,0.7041184041184041,0.7662931456998426,0.0736530190064535,0.2871689257556556,0.21351590674920212,37,27.086383601756953,35.94736842105263,59.0,0.48445087285017796,0.8974166334087276,0.0,,,,,21.833333333333332,2.183333333333333,6,12,0.3333333333333333,0.25,0.08333333333333333,0.5833333333333334,0.0,0.5,13.0,12.0,12.75,27.666666666666668
7,50,0.9,0.5,0.95,0.5,12,kf_sa_seed_0012.npz,50,5,35,651,700,871,480,0.7665130568356375,0.23348694316436253,0.0,0.32571428571428573,0.6742857142857143,0.0,0.9464720194647201,0.0535279805352798,0.0,0.1282608695652174,0.8717391304347826,0.0,0.4856486796785304,0.4732360097323601,0.5143513203214696,0.8683035714285714,624,201,423,0.32211538461538464,0.41875,0.5381199111769059,0.686382393397524,0.31361760660247595,0.38325652841781876,0.7411213517665131,0.7823929097190957,0.08000602998424511,0.2832782594461965,0.2032722294619514,31,22.945965951147297,42.21875,54.0,0.48304983687475517,0.8974166334087276,0.0,,,,,23.0,2.3000000000000003,6,12,0.3333333333333333,0.25,0.08333333333333333,0.75,0.0,0.5,14.5,16.5,14.5,28.166666666666668
7,50,0.95,0.5,0.95,0.5,12,kf_sa_seed_0012.npz,50,5,35,651,700,871,480,0.7788018433179723,0.22119815668202766,0.0,0.40285714285714286,0.5971428571428572,0.0,0.9635036496350365,0.0364963503649635,0.0,0.20869565217391303,0.7913043478260869,0.0,0.4351320321469575,0.48175182481751827,0.5648679678530425,0.8048780487804879,562,183,379,0.32562277580071175,0.38125,0.5840118430792006,0.6425855513307985,0.35741444866920147,0.38940092165898615,0.7305551898178626,0.7692333016220654,0.07577873016717572,0.2637270192243561,0.18794828905718036,23,17.024426350851222,56.291666666666664,54.0,0.48304983687475517,0.8974166334087276,0.0,,,,,23.166666666666668,2.316666666666667,6,12,0.3333333333333333,0.25,0.08333333333333333,0.5833333333333334,0.0,0.5,15.25,18.0,13.166666666666666,28.416666666666668
7,50,0.98,0.5,0.95,0.5,12,kf_sa_seed_0012.npz,50,5,35,651,700,871,480,0.7864823348694316,0.21351766513056836,0.0,0.43714285714285717,0.5628571428571428,0.0,0.9708029197080292,0.029197080291970802,0.0,0.24782608695652175,0.7521739130434782,0.0,0.41102181400688864,0.4854014598540146,0.5889781859931114,0.7777777777777778,533,175,358,0.32833020637898686,0.3645833333333333,0.6054774241302738,0.6259168704156479,0.3740831295843521,0.3932411674347158,0.7128483651525126,0.7533714299022145,0.07153507061714819,0.2383302379927746,0.16679516737562644,23,17.024426350851222,56.291666666666664,54.0,0.48304983687475517,0.8974166334087276,0.0,,,,,22.5,2.25,6,12,0.3333333333333333,0.25,0.08333333333333333,0.5833333333333334,0.0,0.5,14.25,14.5,12.333333333333334,28.083333333333332
7,50,0.99,0.5,0.95,0.5,12,kf_sa_seed_0012.npz,50,5,35,651,700,871,480,0.8018433179723502,0.19815668202764977,0.0,0.48428571428571426,0.5157142857142857,0.0,0.9683698296836983,0.031630170316301706,0.0,0.2956521739130435,0.7043478260869566,0.0,0.3869115958668197,0.48418491484184917,0.6130884041331802,0.7453183520599251,490,153,337,0.3122448979591837,0.31875,0.6373056994818653,0.6062717770034843,0.39372822299651566,0.4009216589861751,0.686166337502743,0.7348363799270857,0.06878397609028188,0.2215268062840722,0.1527428301937903,25,18.50481125092524,51.96153846153846,54.0,0.48304983687475517,0.8974166334087276,0.0,,,,,21.0,2.1,6,12,0.3333333333333333,0.25,0.08333333333333333,0.5833333333333334,0.0,0.5,11.75,9.0,10.5,27.25
10,50,0.9,0.5,0.95,0.5,12,kf_sa_seed_0012.npz,50,5,35,651,700,871,480,0.4930875576036866,0.5069124423963134,0.0,0.12428571428571429,0.8757142857142857,0.0,0.6690997566909975,0.3309002433090024,0.0,0.0,1.0,0.0,0.6842709529276694,0.33454987834549876,0.3157290470723307,1.0,943,347,596,0.3679745493107105,0.7229166666666667,0.30199851961509994,0.7867647058823529,0.21323529411764708,0.2465437788018433,0.7669826640333552,0.7843555236690375,0.10576108650402682,0.28107926651670834,0.1753181800126815,51,37.749814951887494,25.98076923076923,70.0,0.48304983687475517,0.8974166334087276,0.0,,,,,40.5,4.05,6,12,0.08333333333333333,0.08333333333333333,0.0,1.0,0.0,0.16666666666666666,9.0,9.0,25.166666666666668,32.833333333333336
10,50,0.95,0.5,0.95,0.5,12,kf_sa_seed_0012.npz,50,5,35,651,700,871,480,0.6021505376344086,0.3978494623655914,0.0,0.19,0.81,0.0,0.8102189781021898,0.1897810218978102,0.0,0.0,1.0,0.0,0.6176808266360505,0.4051094890510949,0.3823191733639495,1.0,826,288,538,0.3486682808716707,0.6,0.38860103626943004,0.7466666666666667,0.2533333333333333,0.3010752688172043,0.7519179284617072,0.7644569604495566,0.09550583607238318,0.2505545220300822,0.15504868595769905,39,28.867505551443376,33.775,67.0,0.48304983687475517,0.8974166334087276,0.0,,,,,37.166666666666664,3.716666666666667,6,12,0.16666666666666666,0.16666666666666666,0.0,1.0,0.0,0.3333333333333333,20.5,20.5,21.25,32.583333333333336
10,50,0.98,0.5,0.95,0.5,12,kf_sa_seed_0012.npz,50,5,35,651,700,871,480,0.6574500768049155,0.3425499231950845,0.0,0.2757142857142857,0.7242857142857143,0.0,0.8832116788321168,0.11678832116788321,0.0,0.05217391304347826,0.9478260869565217,0.0,0.5556831228473019,0.4416058394160584,0.4443168771526981,0.937984496124031,730,246,484,0.336986301369863,0.5125,0.45965951147298295,0.6892109500805152,0.31078904991948475,0.32872503840245776,0.7136251920122888,0.7202448628076923,0.08161636202860428,0.19439143189051025,0.11277506986190597,29,21.46558105107328,45.03333333333333,67.0,0.48304983687475517,0.8974166334087276,0.0,,,,,34.166666666666664,3.4166666666666665,6,12,0.16666666666666666,0.16666666666666666,0.0,0.8333333333333334,0.0,0.3333333333333333,18.5,18.5,18.0,32.25
10,50,0.99,0.5,0.95,0.5,12,kf_sa_seed_0012.npz,50,5,35,651,700,871,480,0.6943164362519201,0.30568356374807987,0.0,0.47714285714285715,0.5228571428571429,0.0,0.8978102189781022,0.10218978102189781,0.0,0.2847826086956522,0.7152173913043478,0.0,0.425947187141217,0.4489051094890511,0.574052812858783,0.738,565,194,371,0.3433628318584071,0.4041666666666667,0.5817912657290896,0.5750636132315522,0.4249363867684478,0.34715821812596004,0.6693197278911565,0.6704802620461471,0.06833780686288445,0.13967674570879074,0.0713389388459063,27,19.98519615099926,48.25,67.0,0.48304983687475517,0.8974166334087276,0.0,,,,,30.166666666666668,3.016666666666667,6,12,0.25,0.25,0.0,0.5833333333333334,0.0,0.5,17.666666666666668,18.0,13.583333333333334,30.666666666666668
3,20,0.9,0.5,0.95,0.5,13,kf_sa_seed_0013.npz,20,5,35,681,700,901,480,0.7224669603524229,0.23494860499265785,0.042584434654919234,0.15714285714285714,0.6471428571428571,0.1957142857142857,0.8888888888888888,0.1111111111111111,0.0,0.041304347826086954,0.6869565217391305,0.2717391304347826,0.4051054384017758,0.5803140096618358,0.5948945615982242,0.9645522388059702,613,248,365,0.40456769983686786,0.5166666666666667,0.556118754525706,0.8190104166666666,0.18098958333333337,0.4590906230333543,0.8417474302496329,0.7918885947470565,0.10411562849616304,0.48126582024402986,0.3771501917478668,81,58.65314989138306,16.841463414634145,35.0,0.5425380474685275,1.075061233131892,0.5,52.0,36.0,92.0,5.2,22.333333333333332,2.2333333333333334,3,12,0.5,0.5,0.0,1.0,0.16666666666666666,0.8333333333333334,20.5,22.5,17.583333333333332,27.75
3,20,0.95,0.5,0.95,0.5,13,kf_sa_seed_0013.npz,20,5,35,681,700,901,480,0.7635829662261381,0.19089574155653452,0.04552129221732746,0.19428571428571428,0.6085714285714285,0.19714285714285715,0.9251700680272109,0.07482993197278912,0.0,0.05434782608695652,0.6717391304347826,0.27391304347826084,0.3795782463928968,0.5995415557527359,0.6204217536071032,0.9552772808586762,556,214,342,0.38489208633093525,0.44583333333333336,0.5973931933381608,0.7975757575757576,0.2024242424242424,0.48036291168449763,0.8386721208307112,0.7853572698101441,0.09749998278233524,0.4549298535984366,0.35742987081610134,71,51.412020275162924,19.180555555555557,34.0,0.5425380474685275,1.075061233131892,0.5,53.666666666666664,41.0,92.0,5.366666666666667,20.166666666666668,2.016666666666667,3,12,0.5,0.5,0.0,1.0,0.16666666666666666,0.8333333333333334,18.5,19.0,14.666666666666666,26.75
3,20,0.98,0.5,0.95,0.5,13,kf_sa_seed_0013.npz,20,5,35,681,700,901,480,0.8105726872246696,0.14096916299559473,0.048458149779735685,0.28285714285714286,0.5371428571428571,0.18,0.9523809523809523,0.047619047619047616,0.0,0.13478260869565217,0.6130434782608696,0.25217391304347825,0.3362930077691454,0.6022774327122153,0.6637069922308546,0.8963210702341137,472,169,303,0.3580508474576271,0.35208333333333336,0.6582186821144098,0.7458745874587459,0.2541254125412541,0.4952863436123348,0.8254898258863017,0.7671352713417785,0.09308681023521585,0.4064019514242399,0.31331514118902404,61,44.170890658942795,22.274193548387096,32.0,0.5425380474685275,1.075061233131892,0.5,55.333333333333336,42.0,94.0,5.533333333333334,17.333333333333332,1.7333333333333334,3,12,0.5,0.5,0.0,0.9166666666666666,0.16666666666666666,0.8333333333333334,15.833333333333334,12.0,11.083333333333334,25.416666666666668
3,20,0.99,0.5,0.95,0.5,13,kf_sa_seed_0013.npz,20,5,35,681,700,901,480,0.8355359765051396,0.11013215859030837,0.05433186490455213,0.35428571428571426,0.48,0.1657142857142857,0.9682539682539683,0.031746031746031744,0.0,0.2,0.5695652173913044,0.23043478260869565,0.30632630410654826,0.5993443754313319,0.6936736958934517,0.8528,411,135,276,0.3284671532846715,0.28125,0.7023895727733527,0.7061855670103093,0.2938144329896907,0.5006251311097126,0.8034990560100692,0.7417336269195335,0.09380486531199635,0.35910742344389696,0.2653025581319006,57,41.27443881245474,23.810344827586206,30.0,0.5425380474685275,1.075061233131892,0.3333333333333333,38.5,38.5,45.0,3.85,17.833333333333332,1.7833333333333332,4,12,0.4166666666666667,0.4166666666666667,0.0,0.8333333333333334,0.16666666666666666,0.6666666666666666,13.0,8.0,9.083333333333334,25.833333333333332
3,25,0.9,0.5,0.95,0.5,13,kf_sa_seed_0013.npz,25,5,35,676,700,896,480,0.7958579881656804,0.15976331360946747,0.04437869822485207,0.23714285714285716,0.5528571428571428,0.21,0.9587155963302753,0.04128440366972477,0.0,0.0891304347826087,0.6130434782608696,0.29782608695652174,0.33482142857142855,0.6282708416433985,0.6651785714285714,0.9312080536912751,495,195,300,0.3939393939393939,0.40625,0.6402616279069767,0.7775255391600454,0.2224744608399546,0.5029289940828402,0.8327134404057481,0.7784679491596341,0.09663656438192247,0.44349387495659165,0.3468573105746692,75,54.50581395348837,18.105263157894736,34.0,0.54407992830928,1.075061233131892,0.5,51.333333333333336,36.0,88.0,5.133333333333334,18.333333333333332,1.8333333333333333,3,12,0.5,0.4166666666666667,0.08333333333333333,0.8333333333333334,0.16666666666666666,0.6666666666666666,17.333333333333332,19.5,13.0,26.166666666666668
3,25,0.95,0.5,0.95,0.5,13,kf_sa_seed_0013.npz,25,5,35,676,700,896,480,0.8195266272189349,0.13165680473372782,0.04881656804733728,0.2785714285714286,0.52,0.20142857142857143,0.9701834862385321,0.02981651376146789,0.0,0.1282608695652174,0.5869565217391305,0.2847826086956522,0.3158482142857143,0.6274830474670922,0.6841517857142857,0.9037520391517129,453,170,283,0.37527593818984545,0.3541666666666667,0.6707848837209303,0.752979414951246,0.24702058504875402,0.5104775993237531,0.827605663567202,0.770380677332477,0.0948460058523722,0.42068091741302965,0.32583491156065747,45,32.70348837209303,29.91304347826087,30.0,0.54407992830928,1.075061233131892,0.5,52.333333333333336,38.0,89.0,5.233333333333334,19.666666666666668,1.9666666666666668,3,12,0.5,0.4166666666666667,0.08333333333333333,0.75,0.16666666666666666,0.6666666666666666,18.333333333333332,21.5,12.083333333333334,26.666666666666668
3,25,0.98,0.5,0.95,0.5,13,kf_sa_seed_0013.npz,25,5,35,676,700,896,480,0.8313609467455622,0.11686390532544379,0.051775147928994084,0.32285714285714284,0.4928571428571429,0.18428571428571427,0.9793577981651376,0.020642201834862386,0.0,0.16521739130434782,0.5782608695652174,0.2565217391304348,0.30691964285714285,0.6179397686477862,0.6930803571428571,0.8776167471819646,424,149,275,0.35141509433962265,0.3104166666666667,0.6918604651162791,0.7258403361344538,0.27415966386554624,0.5078233305156382,0.8132396449704142,0.7512352345886742,0.09486402304505646,0.3788220484532761,0.2839580254082196,43,31.25,31.272727272727273,30.0,0.54407992830928,1.075061233131892,0.5,55.666666666666664,42.0,94.0,5.566666666666666,17.5,1.75,3,12,0.4166666666666667,0.3333333333333333,0.08333333333333333,0.75,0.16666666666666666,0.5,12.4,9.0,10.0,25.583333333333332
3,25,0.99,0.5,0.95,0.5,13,kf_sa_seed_0013.npz,25,5,35,676,700,896,480,0.849112426035503,0.09467455621301775,0.05621301775147929,0.4157142857142857,0.4157142857142857,0.16857142857142857,0.9747706422018348,0.02522935779816514,0.0,0.26521739130434785,0.5,0.23478260869565218,0.2689732142857143,0.6047766254487436,0.7310267857142857,0.8137404580152672,355,114,241,0.3211267605633803,0.2375,0.7420058139534884,0.6777668952007836,0.3222331047992164,0.5088419273034658,0.7880536770921386,0.7250240465996689,0.09768587210483311,0.3377608125716303,0.24007494046679723,47,34.156976744186046,28.666666666666668,30.0,0.54407992830928,1.075061233131892,0.3333333333333333,39.0,39.0,45.0,3.9000000000000004,16.333333333333332,1.6333333333333333,4,12,0.3333333333333333,0.16666666666666666,0.16666666666666666,0.5,0.0,0.3333333333333333,5.25,3.0,7.666666666666667,25.083333333333332
3,35,0.9,0.5,0.95,0.5,13,kf_sa_seed_0013.npz,35,5,35,666,700,886,480,0.8078078078078078,0.13663663663663664,0.05555555555555555,0.35,0.44857142857142857,0.20142857142857143,0.9859154929577465,0.014084507042253521,0.0,0.18695652173913044,0.5391304347826087,0.27391304347826084,0.2866817155756208,0.6299142682180037,0.7133182844243793,0.8639240506329114,405,151,254,0.3728395061728395,0.3145833333333333,0.7035139092240117,0.7065556711758585,0.2934443288241415,0.5046181896181896,0.8037408837408837,0.7440891920751761,0.10045696845152706,0.37444440016055225,0.2739874317090252,48,35.13909224011713,27.877551020408163,35.0,0.547307162897022,1.075061233131892,0.5,54.333333333333336,42.0,91.0,5.433333333333334,19.666666666666668,1.9666666666666668,3,12,0.4166666666666667,0.3333333333333333,0.08333333333333333,0.75,0.16666666666666666,0.5,14.4,14.0,10.25,26.416666666666668
3,35,0.95,0.5,0.95,0.5,13,kf_sa_seed_0013.npz,35,5,35,666,700,886,480,0.8228228228228228,0.11861861861861862,0.05855855855855856,0.3842857142857143,0.4228571428571429,0.19285714285714287,0.9812206572769953,0.018779342723004695,0.0,0.22391304347826088,0.5130434782608696,0.26304347826086955,0.27539503386004516,0.6221320677689324,0.7246049661399548,0.839563862928349,375,131,244,0.34933333333333333,0.27291666666666664,0.7254758418740849,0.6892028254288597,0.3107971745711403,0.5078399828399829,0.7955469755469755,0.7337367960853174,0.1014106535424481,0.3582527659195208,0.2568421123770727,48,35.13909224011713,27.877551020408163,35.0,0.547307162897022,1.075061233131892,0.5,55.666666666666664,43.0,93.0,5.566666666666666,19.0,1.9000000000000001,3,12,0.4166666666666667,0.3333333333333333,0.08333333333333333,0.6666666666666666,0.16666666666666666,0.5,13.4,9.0,8.833333333333334,26.0
3,35,0.98,0.5,0.95,0.5,13,kf_sa_seed_0013.npz,35,5,35,666,700,886,480,0.8408408408408409,0.0945945945945946,0.06456456456456457,0.4657142857142857,0.3557142857142857,0.17857142857142858,0.9694835680751174,0.03051643192488263,0.0,0.3239130434782609,0.43043478260869567,0.24565217391304348,0.2381489841986456,0.6075678709940804,0.7618510158013544,0.7792592592592592,312,101,211,0.32371794871794873,0.21041666666666667,0.7715959004392386,0.6499051233396584,0.35009487666034156,0.5097061347061347,0.7757314457314457,0.7132570352625747,0.10426930761604143,0.3286678670712174,0.224398559455176,44,32.210834553440705,30.355555555555554,35.0,0.547307162897022,1.075061233131892,0.3333333333333333,39.0,39.0,45.0,3.9000000000000004,17.666666666666668,1.7666666666666668,4,12,0.3333333333333333,0.25,0.08333333333333333,0.5,0.0,0.5,5.75,2.0,6.916666666666667,25.25
3,35,0.99,0.5,0.95,0.5,13,kf_sa_seed_0013.npz,35,5,35,666,700,886,480,0.8378378378378378,0.0915915915915916,0.07057057057057058,0.5242857142857142,0.30714285714285716,0.16857142857142857,0.960093896713615,0.03755868544600939,0.002347417840375587,0.3804347826086957,0.3847826086956522,0.23478260869565218,0.2178329571106095,0.5974382527046336,0.7821670428893905,0.746031746031746,276,83,193,0.3007246376811594,0.17291666666666666,0.7979502196193266,0.6201834862385321,0.37981651376146786,0.5032046332046332,0.7488331188331189,0.6901377651902854,0.1083018818945828,0.2981655071087856,0.1898636252142028,24,17.569546120058565,54.64,35.0,0.547307162897022,1.075061233131892,0.3333333333333333,41.0,41.0,47.0,4.1000000000000005,18.0,1.8,4,12,0.3333333333333333,0.16666666666666666,0.16666666666666666,0.4166666666666667,0.0,0.3333333333333333,5.25,1.0,6.083333333333333,25.083333333333332
3,50,0.9,0.5,0.95,0.5,13,kf_sa_seed_0013.npz,50,5,35,651,700,871,480,0.8248847926267281,0.0967741935483871,0.07834101382488479,0.53,0.3,0.17,0.9513381995133819,0.038929440389294405,0.009732360097323601,0.3847826086956522,0.3826086956521739,0.2326086956521739,0.22043628013777267,0.5919734475827779,0.7795637198622273,0.7334315169366715,273,81,192,0.2967032967032967,0.16875,0.7979274611398963,0.608534322820037,0.39146567717996295,0.49744239631336407,0.7373151195962255,0.686700986536259,0.11534740979085438,0.30706408134889196,0.19171667155803757,32,23.686158401184308,40.93939393939394,50.0,0.5548706365817799,1.075061233131892,0.3333333333333333,41.5,41.5,50.0,4.15,18.333333333333332,1.8333333333333333,4,12,0.3333333333333333,0.08333333333333333,0.25,0.3333333333333333,0.0,0.16666666666666666,5.0,0.0,5.583333333333333,25.0
3,50,0.95,0.5,0.95,0.5,13,kf_sa_seed_0013.npz,50,5,35,651,700,871,480,0.8233486943164362,0.09523809523809523,0.08141321044546851,0.5428571428571428,0.29285714285714287,0.16428571428571428,0.948905109489051,0.038929440389294405,0.012165450121654502,0.3978260869565217,0.3739130434782609,0.22826086956521738,0.2158438576349024,0.5885829895271342,0.7841561423650976,0.7247437774524158,267,79,188,0.2958801498127341,0.16458333333333333,0.8023686158401184,0.6005535055350554,0.3994464944649446,0.49381720430107523,0.7270561773096336,0.6769984868129731,0.117716968837286,0.29634750138547833,0.17863053254819233,22,16.28423390081421,58.73913043478261,50.0,0.5548706365817799,1.075061233131892,0.3333333333333333,42.5,42.5,50.0,4.25,18.833333333333332,1.8833333333333333,4,12,0.3333333333333333,0.16666666666666666,0.16666666666666666,0.4166666666666667,0.0,0.3333333333333333,5.5,1.0,5.583333333333333,25.166666666666668
3,50,0.98,0.5,0.95,0.5,13,kf_sa_seed_0013.npz,50,5,35,651,700,871,480,0.8202764976958525,0.09523809523809523,0.08448540706605223,0.5671428571428572,0.2757142857142857,0.15714285714285714,0.9391727493917275,0.046228710462287104,0.014598540145985401,0.42391304347826086,0.358695652173913,0.21739130434782608,0.21125143513203215,0.5782820268697768,0.7887485648679678,0.7074235807860262,255,71,184,0.2784313725490196,0.14791666666666667,0.8112509252405625,0.5875912408759124,0.4124087591240876,0.48870967741935484,0.701295808646039,0.6543622845283135,0.12279853844018129,0.2732598010696826,0.15046126262950132,14,10.362694300518134,90.06666666666666,50.0,0.5548706365817799,1.075061233131892,0.3333333333333333,45.0,45.0,53.0,4.5,19.5,1.9500000000000002,4,12,0.3333333333333333,0.16666666666666666,0.16666666666666666,0.4166666666666667,0.0,0.3333333333333333,5.5,1.5,5.083333333333333,25.166666666666668
3,50,0.99,0.5,0.95,0.5,13,kf_sa_seed_0013.npz,50,5,35,651,700,871,480,0.8125960061443932,0.09984639016897082,0.08755760368663594,0.5871428571428572,0.26571428571428574,0.14714285714285713,0.9294403892944039,0.0535279805352798,0.0170316301703163,0.4391304347826087,0.358695652173913,0.20217391304347826,0.21469575200918484,0.5658071511689411,0.7853042479908151,0.6944444444444444,251,64,187,0.2549800796812749,0.13333333333333333,0.8142116950407106,0.5745454545454546,0.4254545454545454,0.47986943164362517,0.6680030721966206,0.6291671668684743,0.12784539927776145,0.24716814696605444,0.11932274768829298,14,10.362694300518134,90.06666666666666,50.0,0.5548706365817799,1.075061233131892,0.3333333333333333,48.5,48.5,56.0,4.8500000000000005,20.333333333333332,2.033333333333333,4,12,0.3333333333333333,0.16666666666666666,0.16666666666666666,0.3333333333333333,0.0,0.3333333333333333,5.75,2.0,4.5,25.25
5,20,0.9,0.5,0.95,0.5,13,kf_sa_seed_0013.npz,20,5,35,681,700,901,480,0.2525697503671072,0.7195301027900147,0.027900146842878122,0.015714285714285715,0.8714285714285714,0.11285714285714285,0.35147392290249435,0.6485260770975056,0.0,0.0,0.85,0.15,0.7513873473917869,0.2507369614512472,0.2486126526082131,1.0,1100,423,677,0.3845454545454545,0.88125,0.20347574221578565,0.8932384341637011,0.10676156583629892,0.18271344661212502,0.8648374239563666,0.8058401565085598,0.14978430494973094,0.47402672033845283,0.3242424153887219,82,59.37726285300507,16.63855421686747,,0.5425380474685275,1.075061233131892,0.3333333333333333,89.5,89.5,149.0,8.950000000000001,38.5,3.85,4,12,0.25,0.25,0.0,1.0,0.16666666666666666,0.3333333333333333,29.0,30.0,30.833333333333332,33.5
5,20,0.95,0.5,0.95,0.5,13,kf_sa_seed_0013.npz,20,5,35,681,700,901,480,0.4552129221732746,0.5139500734214391,0.030837004405286344,0.03,0.8685714285714285,0.10142857142857142,0.6122448979591837,0.3877551020408163,0.0,0.0,0.8652173913043478,0.13478260869565217,0.6315205327413984,0.37351375332741793,0.36847946725860153,1.0,958,389,569,0.40605427974947805,0.8104166666666667,0.30629978276611153,0.900709219858156,0.099290780141844,0.278320746800923,0.8556660373400462,0.7948382254514735,0.12964832090596087,0.4397517570249008,0.31010343611894,75,54.30847212165098,18.17105263157895,23.0,0.5425380474685275,1.075061233131892,0.16666666666666666,31.0,31.0,31.0,3.1,29.666666666666668,2.966666666666667,5,12,0.4166666666666667,0.4166666666666667,0.0,1.0,0.16666666666666666,0.6666666666666666,23.8,22.0,26.833333333333332,30.333333333333332
5,20,0.98,0.5,0.95,0.5,13,kf_sa_seed_0013.npz,20,5,35,681,700,901,480,0.6960352422907489,0.2701908957415565,0.033773861967694566,0.14,0.7642857142857142,0.09571428571428571,0.8866213151927438,0.11337868480725624,0.0,0.010869565217391304,0.8586956521739131,0.13043478260869565,0.4938956714761376,0.5085280489007197,0.5061043285238623,0.9890350877192983,719,274,445,0.3810848400556328,0.5708333333333333,0.47936278059377263,0.8172205438066465,0.18277945619335345,0.3958747640025173,0.8376274386406545,0.7749876073862514,0.10706389648385917,0.39119832776041286,0.2841344312765537,61,44.170890658942795,22.274193548387096,23.0,0.5425380474685275,1.075061233131892,0.16666666666666666,33.0,33.0,33.0,3.3000000000000003,27.666666666666668,2.766666666666667,5,12,0.3333333333333333,0.3333333333333333,0.0,1.0,0.0,0.6666666666666666,20.75,19.5,20.083333333333332,30.25
5,20,0.99,0.5,0.95,0.5,13,kf_sa_seed_0013.npz,20,5,35,681,700,901,480,0.748898678414097,0.21879588839941264,0.032305433186490456,0.22285714285714286,0.6814285714285714,0.09571428571428571,0.9569160997732427,0.04308390022675737,0.0,0.08260869565217391,0.7869565217391304,0.13043478260869565,0.42286348501664817,0.5436754411909691,0.5771365149833518,0.926923076923077,626,245,381,0.3913738019169329,0.5104166666666666,0.5467052860246199,0.7642384105960265,0.23576158940397351,0.42230648206419136,0.8110299979022446,0.754409120892141,0.09840855039677668,0.35342904938143094,0.2550204989846543,35,25.343953656770456,38.361111111111114,23.0,0.5425380474685275,1.075061233131892,0.16666666666666666,33.0,33.0,33.0,3.3000000000000003,27.666666666666668,2.766666666666667,5,12,0.3333333333333333,0.3333333333333333,0.0,0.9166666666666666,0.0,0.6666666666666666,21.0,20.5,18.333333333333332,30.333333333333332
5,25,0.9,0.5,0.95,0.5,13,kf_sa_seed_0013.npz,25,5,35,676,700,896,480,0.5399408284023669,0.4275147928994083,0.03254437869822485,0.04428571428571428,0.8557142857142858,0.1,0.7201834862385321,0.2798165137614679,0.0,0.0,0.8673913043478261,0.13260869565217392,0.5814732142857143,0.426396090945353,0.4185267857142857,1.0,888,367,521,0.4132882882882883,0.7645833333333333,0.3546511627906977,0.8913934426229508,0.10860655737704916,0.31997041420118344,0.8502726120033812,0.7899629816104071,0.1259080488039187,0.4349243064916412,0.3090162576877225,70,50.872093023255815,19.380281690140844,25.0,0.54407992830928,1.075061233131892,0.16666666666666666,31.0,31.0,31.0,3.1,28.0,2.8000000000000003,5,12,0.3333333333333333,0.3333333333333333,0.0,1.0,0.16666666666666666,0.5,21.5,21.0,25.833333333333332,30.5
5,25,0.95,0.5,0.95,0.5,13,kf_sa_seed_0013.npz,25,5,35,676,700,896,480,0.6553254437869822,0.3106508875739645,0.034023668639053255,0.11428571428571428,0.7871428571428571,0.09857142857142857,0.8532110091743119,0.14678899082568808,0.0,0.02826086956521739,0.8391304347826087,0.13260869565217392,0.5022321428571429,0.4929098524132429,0.49776785714285715,0.9708520179372198,761,311,450,0.40867279894875164,0.6479166666666667,0.44694767441860467,0.832520325203252,0.16747967479674797,0.37694843617920537,0.8397590870667794,0.778899879684508,0.11495003332849604,0.4080187022029676,0.2930686688744716,64,46.51162790697674,21.16923076923077,25.0,0.54407992830928,1.075061233131892,0.16666666666666666,32.0,32.0,32.0,3.2,27.5,2.75,5,12,0.3333333333333333,0.3333333333333333,0.0,1.0,0.16666666666666666,0.5,21.0,20.0,22.5,30.333333333333332
5,25,0.98,0.5,0.95,0.5,13,kf_sa_seed_0013.npz,25,5,35,676,700,896,480,0.7544378698224852,0.20562130177514792,0.03994082840236687,0.22142857142857142,0.6842857142857143,0.09428571428571429,0.9541284403669725,0.045871559633027525,0.0,0.058695652173913045,0.808695652173913,0.13260869565217392,0.4375,0.5433685680095732,0.5625,0.9464285714285714,618,226,392,0.3656957928802589,0.4708333333333333,0.5508720930232558,0.7598944591029023,0.24010554089709768,0.42436179205409974,0.8154311073541842,0.7559289223335723,0.10217581904156618,0.373095566181044,0.2709197471394778,32,23.25581395348837,41.696969696969695,25.0,0.54407992830928,1.075061233131892,0.16666666666666666,35.0,35.0,35.0,3.5,26.166666666666668,2.616666666666667,5,12,0.3333333333333333,0.3333333333333333,0.0,1.0,0.0,0.6666666666666666,19.0,17.5,16.75,29.666666666666668
5,25,0.99,0.5,0.95,0.5,13,kf_sa_seed_0013.npz,25,5,35,676,700,896,480,0.7692307692307693,0.1952662721893491,0.03550295857988166,0.26142857142857145,0.6442857142857142,0.09428571428571429,0.9770642201834863,0.022935779816513763,0.0,0.09782608695652174,0.7717391304347826,0.13043478260869565,0.40736607142857145,0.5537495013960909,0.5926339285714286,0.9152542372881356,583,218,365,0.37392795883361923,0.45416666666666666,0.5763081395348837,0.7389659520807061,0.26103404791929385,0.4317582417582418,0.7915004226542688,0.7366423119215781,0.09589831288354343,0.33482553237469964,0.2389272194911562,22,15.988372093023257,59.82608695652174,25.0,0.54407992830928,1.075061233131892,0.16666666666666666,34.0,34.0,34.0,3.4000000000000004,26.0,2.6,5,12,0.3333333333333333,0.3333333333333333,0.0,0.9166666666666666,0.0,0.6666666666666666,19.0,17.5,16.083333333333332,29.666666666666668
5,35,0.9,0.5,0.95,0.5,13,kf_sa_seed_0013.npz,35,5,35,666,700,886,480,0.7402402402402403,0.21771771771771772,0.042042042042042045,0.2257142857142857,0.6814285714285714,0.09285714285714286,0.9671361502347418,0.03286384976525822,0.0,0.058695652173913045,0.8108695652173913,0.13043478260869565,0.4367945823927765,0.5487854664217187,0.5632054176072234,0.9458917835671342,622,235,387,0.3778135048231511,0.4895833333333333,0.5446559297218155,0.75,0.25,0.41654869154869156,0.8164929214929215,0.7561760243330028,0.10855443682654423,0.3711030082479993,0.26254857142145505,28,20.497803806734993,47.10344827586207,35.0,0.547307162897022,1.075061233131892,0.16666666666666666,35.0,35.0,35.0,3.5,27.166666666666668,2.716666666666667,5,12,0.25,0.25,0.0,1.0,0.0,0.5,15.666666666666666,18.0,16.916666666666668,30.166666666666668
5,35,0.95,0.5,0.95,0.5,13,kf_sa_seed_0013.npz,35,5,35,666,700,886,480,0.7567567567567568,0.1996996996996997,0.04354354354354354,0.26,0.6485714285714286,0.09142857142857143,0.971830985915493,0.028169014084507043,0.0,0.06304347826086956,0.808695652173913,0.1282608695652174,0.43340857787810383,0.5500459277403552,0.5665914221218962,0.9422310756972112,587,203,384,0.34582623509369675,0.42291666666666666,0.5702781844802343,0.7291399229781772,0.2708600770218228,0.4240926640926641,0.8016366366366366,0.7405644460704439,0.10641028282553776,0.3482436835515715,0.2418334007260337,18,13.177159590043924,71.89473684210526,35.0,0.547307162897022,1.075061233131892,0.16666666666666666,36.0,36.0,36.0,3.6,27.0,2.7,5,12,0.25,0.25,0.0,0.9166666666666666,0.0,0.5,15.333333333333334,17.0,14.833333333333334,30.083333333333332
5,35,0.98,0.5,0.95,0.5,13,kf_sa_seed_0013.npz,35,5,35,666,700,886,480,0.7582582582582582,0.19519519519519518,0.046546546546546545,0.30857142857142855,0.6042857142857143,0.08714285714285715,0.9671361502347418,0.03286384976525822,0.0,0.1,0.7782608695652173,0.12173913043478261,0.4198645598194131,0.5444376403347622,0.5801354401805869,0.9105058365758755,553,181,372,0.32730560578661844,0.3770833333333333,0.5951683748169839,0.6961869618696187,0.3038130381303813,0.4227005577005577,0.7733268983268984,0.7157435754855747,0.10397645849462846,0.31701284331072227,0.21303638481609383,28,20.497803806734993,47.10344827586207,35.0,0.547307162897022,1.075061233131892,0.16666666666666666,39.0,39.0,39.0,3.9000000000000004,27.0,2.7,5,12,0.3333333333333333,0.3333333333333333,0.0,0.8333333333333334,0.0,0.6666666666666666,19.5,19.0,13.0,29.833333333333332
5,35,0.99,0.5,0.95,0.5,13,kf_sa_seed_0013.npz,35,5,35,666,700,886,480,0.7687687687687688,0.18768768768768768,0.04354354354354354,0.4142857142857143,0.48857142857142855,0.09714285714285714,0.9741784037558685,0.025821596244131457,0.0,0.23043478260869565,0.6391304347826087,0.13043478260869565,0.3442437923250564,0.552306593182282,0.6557562076749436,0.8175559380378657,467,162,305,0.3468950749464668,0.3375,0.6581259150805271,0.6451612903225806,0.3548387096774194,0.432955812955813,0.738989703989704,0.6964127279261022,0.101609853860744,0.3062073357648042,0.20459748190406019,30,21.961932650073205,44.064516129032256,35.0,0.547307162897022,1.075061233131892,0.16666666666666666,32.0,32.0,32.0,3.2,25.666666666666668,2.566666666666667,5,12,0.4166666666666667,0.4166666666666667,0.0,0.75,0.16666666666666666,0.6666666666666666,21.0,21.0,11.416666666666666,29.166666666666668
5,50,0.9,0.5,0.95,0.5,13,kf_sa_seed_0013.npz,50,5,35,651,700,871,480,0.7357910906298003,0.2119815668202765,0.05222734254992319,0.38142857142857145,0.5342857142857143,0.08428571428571428,0.948905109489051,0.051094890510948905,0.0,0.18478260869565216,0.6978260869565217,0.11739130434782609,0.39265212399540755,0.5331482069184386,0.6073478760045924,0.8393194706994329,512,170,342,0.33203125,0.3541666666666667,0.6210214655810511,0.6412395709177592,0.3587604290822408,0.4100384024577573,0.7432521395655036,0.6936431030705072,0.11361914399593633,0.2934289303247431,0.1798097863288068,30,22.20577350111029,43.58064516129032,50.0,0.5548706365817799,1.075061233131892,0.16666666666666666,41.0,41.0,41.0,4.1000000000000005,29.0,2.9000000000000004,5,12,0.3333333333333333,0.3333333333333333,0.0,0.6666666666666666,0.0,0.6666666666666666,20.75,19.5,12.083333333333334,30.25
5,50,0.95,0.5,0.95,0.5,13,kf_sa_seed_0013.npz,50,5,35,651,700,871,480,0.7419354838709677,0.20430107526881722,0.053763440860215055,0.41,0.5071428571428571,0.08285714285714285,0.9464720194647201,0.0535279805352798,0.0,0.21521739130434783,0.6695652173913044,0.11521739130434783,0.3788748564867968,0.530844705384534,0.6211251435132032,0.8170055452865065,488,158,330,0.3237704918032787,0.32916666666666666,0.6387860843819393,0.626882966396292,0.37311703360370796,0.4123963133640553,0.7300702216370419,0.6805088650491635,0.11520531220071728,0.2799639774468708,0.1647586652461535,26,19.24500370096225,50.03703703703704,50.0,0.5548706365817799,1.075061233131892,0.16666666666666666,42.0,42.0,42.0,4.2,28.5,2.85,5,12,0.3333333333333333,0.3333333333333333,0.0,0.5833333333333334,0.0,0.6666666666666666,19.75,18.5,11.083333333333334,29.916666666666668
5,50,0.98,0.5,0.95,0.5,13,kf_sa_seed_0013.npz,50,5,35,651,700,871,480,0.7665130568356375,0.17665130568356374,0.05683563748079877,0.49142857142857144,0.42857142857142855,0.08,0.948905109489051,0.046228710462287104,0.004866180048661801,0.31956521739130433,0.5695652173913044,0.1108695652173913,0.32261768082663606,0.5298873373532211,0.677382319173364,0.747457627118644,415,134,281,0.3228915662650602,0.2791666666666667,0.692820133234641,0.592948717948718,0.40705128205128205,0.42325652841781874,0.7049484309852974,0.6608075215612005,0.11680558656463226,0.25408062093406425,0.137275034369432,36,26.646928201332347,36.513513513513516,50.0,0.5548706365817799,1.075061233131892,0.16666666666666666,44.0,44.0,44.0,4.4,25.666666666666668,2.566666666666667,5,12,0.3333333333333333,0.3333333333333333,0.0,0.5833333333333334,0.0,0.6666666666666666,15.75,17.0,9.25,28.583333333333332
5,50,0.99,0.5,0.95,0.5,13,kf_sa_seed_0013.npz,50,5,35,651,700,871,480,0.7788018433179723,0.16282642089093702,0.05837173579109063,0.5385714285714286,0.38142857142857145,0.08,0.9367396593673966,0.05596107055961071,0.0072992700729927005,0.3652173913043478,0.5239130434782608,0.1108695652173913,0.3030998851894374,0.523804612292394,0.6969001148105626,0.7182866556836903,373,109,264,0.29222520107238603,0.22708333333333333,0.7239082161361954,0.5756646216768916,0.4243353783231084,0.42940092165898613,0.6741540487162607,0.6446504138514734,0.11566421472806658,0.25136612650057655,0.13570191177250995,20,14.803849000740193,64.33333333333333,50.0,0.5548706365817799,1.075061233131892,0.16666666666666666,44.0,44.0,44.0,4.4,23.833333333333332,2.3833333333333333,5,12,0.3333333333333333,0.16666666666666666,0.16666666666666666,0.3333333333333333,0.0,0.3333333333333333,11.25,11.0,7.333333333333333,27.083333333333332
7,35,0.9,0.5,0.95,0.5,13,kf_sa_seed_0013.npz,35,5,35,666,700,886,480,0.42792792792792794,0.5345345345345346,0.03753753753753754,0.06857142857142857,0.84,0.09142857142857143,0.6056338028169014,0.39436619718309857,0.0,0.0,0.8717391304347826,0.1282608695652174,0.6422121896162528,0.3669473361910594,0.3577878103837472,1.0,944,375,569,0.3972457627118644,0.78125,0.3089311859443631,0.8270142180094787,0.17298578199052128,0.2596782496782497,0.8205362505362506,0.7669073743749769,0.14061335959950508,0.3998291269084922,0.2592157673089871,71,51.97657393850659,18.97222222222222,46.0,0.547307162897022,1.075061233131892,0.16666666666666666,36.0,36.0,36.0,3.6,44.333333333333336,4.433333333333334,5,12,0.08333333333333333,0.08333333333333333,0.0,1.0,0.0,0.16666666666666666,21.0,21.0,27.5,33.833333333333336
7,35,0.95,0.5,0.95,0.5,13,kf_sa_seed_0013.npz,35,5,35,666,700,886,480,0.5675675675675675,0.3918918918918919,0.04054054054054054,0.11142857142857143,0.7957142857142857,0.09285714285714286,0.7676056338028169,0.2323943661971831,0.0,0.0,0.8695652173913043,0.13043478260869565,0.5632054176072234,0.4490202082057563,0.4367945823927765,1.0,818,319,499,0.3899755501222494,0.6645833333333333,0.4011713030746706,0.8083941605839416,0.19160583941605835,0.3302123552123552,0.8063963963963964,0.7518914239662633,0.12978338851818955,0.3690566486249184,0.23927326010672884,53,38.79941434846266,25.296296296296298,41.0,0.547307162897022,1.075061233131892,0.16666666666666666,35.0,35.0,35.0,3.5,42.0,4.2,5,12,0.25,0.25,0.0,1.0,0.0,0.5,26.0,25.0,23.583333333333332,32.75
7,35,0.98,0.5,0.95,0.5,13,kf_sa_seed_0013.npz,35,5,35,666,700,886,480,0.6231231231231231,0.33633633633633636,0.04054054054054054,0.21571428571428572,0.6957142857142857,0.08857142857142856,0.8215962441314554,0.1784037558685446,0.0,0.010869565217391304,0.8652173913043478,0.12391304347826088,0.5349887133182845,0.4727546438048581,0.4650112866817156,0.9878640776699029,711,237,474,0.3333333333333333,0.49375,0.479502196193265,0.7282442748091603,0.2717557251908397,0.3558472758472758,0.7772737022737023,0.7269583084106418,0.1202902732164297,0.331516062249652,0.2112257890332223,33,24.15812591508053,40.1764705882353,41.0,0.547307162897022,1.075061233131892,0.16666666666666666,38.0,38.0,38.0,3.8000000000000003,37.5,3.75,5,12,0.3333333333333333,0.3333333333333333,0.0,1.0,0.0,0.6666666666666666,25.75,26.0,17.333333333333332,31.916666666666668
7,35,0.99,0.5,0.95,0.5,13,kf_sa_seed_0013.npz,35,5,35,666,700,886,480,0.6651651651651652,0.2912912912912913,0.04354354354354354,0.2814285714285714,0.6257142857142857,0.09285714285714286,0.8450704225352113,0.15492957746478872,0.0,0.05434782608695652,0.8152173913043478,0.13043478260869565,0.49774266365688485,0.48775260257195346,0.5022573363431151,0.9438202247191011,632,191,441,0.3022151898734177,0.39791666666666664,0.5373352855051244,0.6920980926430518,0.3079019073569482,0.37901115401115404,0.7470763620763621,0.702377404094381,0.11298156741879223,0.2960766275183861,0.18309506009959386,33,24.15812591508053,40.1764705882353,41.0,0.547307162897022,1.075061233131892,0.16666666666666666,35.0,35.0,35.0,3.5,32.666666666666664,3.2666666666666666,5,12,0.3333333333333333,0.3333333333333333,0.0,0.8333333333333334,0.0,0.6666666666666666,20.5,19.5,13.25,30.166666666666668
7,50,0.9,0.5,0.95,0.5,13,kf_sa_seed_0013.npz,50,5,35,651,700,871,480,0.6804915514592934,0.27035330261136714,0.04915514592933948,0.24142857142857144,0.68,0.07857142857142857,0.8978102189781022,0.10218978102189781,0.0,0.05,0.841304347826087,0.10869565217391304,0.4925373134328358,0.5032529355760076,0.5074626865671642,0.9479638009049773,652,223,429,0.34202453987730064,0.46458333333333335,0.5173945225758697,0.7124463519313304,0.28755364806866957,0.379531490015361,0.7484671933289445,0.7097457657308477,0.12784901971228915,0.306109658638608,0.17826063892631885,34,25.166543301258326,38.6,50.0,0.5548706365817799,1.075061233131892,0.16666666666666666,45.0,45.0,45.0,4.5,35.833333333333336,3.583333333333334,5,12,0.3333333333333333,0.3333333333333333,0.0,0.8333333333333334,0.0,0.6666666666666666,25.75,25.5,16.5,31.916666666666668
7,50,0.95,0.5,0.95,0.5,13,kf_sa_seed_0013.npz,50,5,35,651,700,871,480,0.6881720430107527,0.2626728110599078,0.04915514592933948,0.29,0.6328571428571429,0.07714285714285714,0.8953771289537713,0.10462287104622871,0.0,0.07608695652173914,0.8173913043478261,0.10652173913043478,0.48105625717566014,0.500949434042103,0.5189437428243399,0.922566371681416,614,195,419,0.31758957654723124,0.40625,0.5455218356772761,0.6811397557666214,0.31886024423337855,0.38265745007680496,0.7344020188720649,0.6929358813750752,0.12563492780344668,0.28765139919861243,0.16201647139516576,28,20.72538860103627,46.58620689655172,50.0,0.5548706365817799,1.075061233131892,0.16666666666666666,46.0,46.0,46.0,4.6000000000000005,34.166666666666664,3.4166666666666665,5,12,0.3333333333333333,0.3333333333333333,0.0,0.75,0.0,0.6666666666666666,23.0,23.0,14.166666666666666,31.0
7,50,0.98,0.5,0.95,0.5,13,kf_sa_seed_0013.npz,50,5,35,651,700,871,480,0.7112135176651305,0.23655913978494625,0.05222734254992319,0.3585714285714286,0.5642857142857143,0.07714285714285714,0.8905109489051095,0.10948905109489052,0.0,0.14130434782608695,0.7521739130434782,0.10652173913043478,0.4489092996555683,0.4985163440177721,0.5510907003444316,0.8645833333333334,549,158,391,0.2877959927140255,0.32916666666666666,0.5936343449296817,0.6446384039900249,0.3553615960099751,0.39417818740399385,0.698220320386219,0.6694356059945611,0.1229753935479929,0.25977561677335964,0.13680022322536672,16,11.843079200592154,79.47058823529412,50.0,0.5548706365817799,1.075061233131892,0.16666666666666666,46.0,46.0,46.0,4.6000000000000005,30.833333333333332,3.0833333333333335,5,12,0.3333333333333333,0.3333333333333333,0.0,0.6666666666666666,0.0,0.6666666666666666,17.5,15.0,10.833333333333334,29.166666666666668
7,50,0.99,0.5,0.95,0.5,13,kf_sa_seed_0013.npz,50,5,35,651,700,871,480,0.7296466973886329,0.21812596006144394,0.05222734254992319,0.46714285714285714,0.45571428571428574,0.07714285714285714,0.8856447688564477,0.11435523114355231,0.0,0.28043478260869564,0.6130434782608696,0.10652173913043478,0.3777267508610792,0.4960832539934412,0.6222732491389208,0.7619926199261993,461,132,329,0.28633405639913234,0.275,0.6587712805329385,0.5943820224719101,0.4056179775280899,0.403394777265745,0.660513495720869,0.6424236927914216,0.12259321037911838,0.238283369865763,0.11569015948664463,36,26.646928201332347,36.513513513513516,50.0,0.5548706365817799,1.075061233131892,0.16666666666666666,46.0,46.0,46.0,4.6000000000000005,30.0,3.0,5,12,0.3333333333333333,0.3333333333333333,0.0,0.5833333333333334,0.0,0.6666666666666666,15.5,13.5,9.0,28.5
10,50,0.9,0.5,0.95,0.5,13,kf_sa_seed_0013.npz,50,5,35,651,700,871,480,0.3794162826420891,0.576036866359447,0.0445468509984639,0.13428571428571429,0.7957142857142857,0.07,0.5742092457420924,0.4257907542579075,0.0,0.02826086956521739,0.8760869565217392,0.09565217391304348,0.6636050516647531,0.33493070982756795,0.33639494833524686,0.9556313993174061,932,354,578,0.3798283261802575,0.7375,0.31014063656550706,0.7064439140811456,0.2935560859188544,0.22470814132104455,0.7082773754663155,0.6740039278988021,0.16735136463154088,0.3140177027861403,0.1466663381545994,47,34.78904515173945,28.145833333333332,79.0,0.5548706365817799,1.075061233131892,0.16666666666666666,51.0,51.0,51.0,5.1000000000000005,50.0,5.0,5,12,0.0,0.0,0.0,1.0,0.0,0.0,,,25.833333333333332,35.0
10,50,0.95,0.5,0.95,0.5,13,kf_sa_seed_0013.npz,50,5,35,651,700,871,480,0.48540706605222733,0.4685099846390169,0.04608294930875576,0.2357142857142857,0.6985714285714286,0.06571428571428571,0.7104622871046229,0.2895377128953771,0.0,0.04565217391304348,0.8652173913043478,0.0891304347826087,0.5935706084959816,0.3997963609436158,0.40642939150401836,0.940677966101695,794,277,517,0.34886649874055414,0.5770833333333333,0.41228719467061437,0.6499102333931778,0.35008976660682223,0.2755606758832565,0.6884178187403994,0.6546154913890069,0.16050475309941445,0.2859922352668797,0.12548748216746528,33,24.42635085122132,39.73529411764706,67.0,0.5548706365817799,1.075061233131892,0.16666666666666666,54.0,54.0,54.0,5.4,49.5,4.95,5,12,0.0,0.0,0.0,1.0,0.0,0.0,,,20.5,35.0
10,50,0.98,0.5,0.95,0.5,13,kf_sa_seed_0013.npz,50,5,35,651,700,871,480,0.5514592933947773,0.4009216589861751,0.047619047619047616,0.32,0.6214285714285714,0.05857142857142857,0.7956204379562044,0.20437956204379562,0.0,0.08695652173913043,0.8347826086956521,0.0782608695652174,0.5373134328358209,0.4369406537607109,0.4626865671641791,0.9007444168734491,696,228,468,0.3275862068965517,0.475,0.4848260547742413,0.6106870229007634,0.3893129770992366,0.30501536098310295,0.6372920781215712,0.6120164747928925,0.15205901692470636,0.23366484040066385,0.08160582347595749,25,18.50481125092524,51.96153846153846,63.0,0.5548706365817799,1.075061233131892,0.16666666666666666,59.0,59.0,59.0,5.9,47.0,4.7,5,12,0.0,0.0,0.0,0.75,0.0,0.0,,,16.916666666666668,35.0
10,50,0.99,0.5,0.95,0.5,13,kf_sa_seed_0013.npz,50,5,35,651,700,871,480,0.5576036866359447,0.3932411674347158,0.04915514592933948,0.41285714285714287,0.5385714285714286,0.04857142857142857,0.805352798053528,0.19464720194647203,0.0,0.1956521739130435,0.741304347826087,0.06304347826086956,0.4833524684270953,0.43419813815719877,0.5166475315729047,0.8,633,212,421,0.334913112164297,0.44166666666666665,0.5314581791265729,0.552924791086351,0.44707520891364905,0.30308755760368666,0.5806956330919465,0.5694494884999514,0.14351976218449042,0.1828455050361096,0.03932574285161919,19,14.063656550703183,67.55,62.0,0.5548706365817799,1.075061233131892,0.16666666666666666,66.0,66.0,66.0,6.6000000000000005,46.333333333333336,4.633333333333334,5,12,0.0,0.0,0.0,0.5833333333333334,0.0,0.0,,,15.583333333333334,35.0
3,20,0.9,0.5,0.95,0.5,14,kf_sa_seed_0014.npz,20,5,35,681,700,901,480,0.7180616740088106,0.2422907488986784,0.039647577092511016,0.20285714285714285,0.6114285714285714,0.18571428571428572,0.7777777777777778,0.2222222222222222,0.0,0.12173913043478261,0.6652173913043479,0.21304347826086956,0.4483906770255272,0.4954106280193237,0.5516093229744728,0.8873239436619719,593,189,404,0.31871838111298484,0.39375,0.5706010137581463,0.7855329949238579,0.21446700507614214,0.45188797986154816,0.8166603734004615,0.8039774520057769,0.0950986962735632,0.4365762860639051,0.3414775897903419,70,50.68790731354091,19.450704225352112,20.0,0.5609351332721512,1.0168752688565459,0.5,79.66666666666667,24.0,191.0,7.966666666666668,15.833333333333334,1.5833333333333335,3,12,0.5833333333333334,0.5,0.08333333333333333,0.9166666666666666,0.3333333333333333,0.6666666666666666,14.857142857142858,16.0,14.0,23.25
3,20,0.95,0.5,0.95,0.5,14,kf_sa_seed_0014.npz,20,5,35,681,700,901,480,0.7709251101321586,0.1894273127753304,0.039647577092511016,0.25285714285714284,0.57,0.17714285714285713,0.8412698412698413,0.15873015873015872,0.0,0.17608695652173914,0.6173913043478261,0.20652173913043478,0.39289678135405104,0.523895790200138,0.607103218645949,0.8519195612431444,528,174,354,0.32954545454545453,0.3625,0.6176683562635771,0.7608440797186401,0.2391559202813599,0.47403398363750787,0.8101174743024964,0.7952206598991038,0.088367550534178,0.4094538395887043,0.3210862890545263,58,41.99855177407676,23.406779661016948,20.0,0.5609351332721512,1.0168752688565459,0.5,82.0,25.0,196.0,8.200000000000001,15.0,1.5,3,12,0.5833333333333334,0.5,0.08333333333333333,0.9166666666666666,0.3333333333333333,0.6666666666666666,14.428571428571429,14.0,13.083333333333334,23.0
3,20,0.98,0.5,0.95,0.5,14,kf_sa_seed_0014.npz,20,5,35,681,700,901,480,0.8149779735682819,0.14390602055800295,0.041116005873715125,0.31857142857142856,0.5228571428571429,0.15857142857142856,0.9115646258503401,0.08843537414965986,0.0,0.22391304347826088,0.5804347826086956,0.1956521739130435,0.33962264150943394,0.5536083998816919,0.660377358490566,0.826890756302521,464,158,306,0.34051724137931033,0.32916666666666666,0.664011585807386,0.7262813522355507,0.2737186477644493,0.48677470106985526,0.7961359345500315,0.7765329001237028,0.08117661896919655,0.3613863565343913,0.28020973756519474,50,36.205648081100655,27.07843137254902,20.0,0.5609351332721512,1.0168752688565459,0.3333333333333333,27.0,27.0,27.0,2.7,16.0,1.6,4,12,0.5833333333333334,0.5,0.08333333333333333,0.8333333333333334,0.3333333333333333,0.6666666666666666,15.142857142857142,14.0,11.5,23.416666666666668
3,20,0.99,0.5,0.95,0.5,14,kf_sa_seed_0014.npz,20,5,35,681,700,901,480,0.856093979441997,0.09985315712187959,0.04405286343612335,0.4,0.46285714285714286,0.13714285714285715,0.9750566893424036,0.024943310657596373,0.0,0.28695652173913044,0.5282608695652173,0.18478260869565216,0.28190899001109876,0.5799196490190279,0.7180910099889012,0.7959814528593508,392,138,254,0.3520408163265306,0.2875,0.7161477190441708,0.6865520728008089,0.3134479271991911,0.4966184182924271,0.7767610656597441,0.7547972881373178,0.07801160008354596,0.3164104764179912,0.23839887633444523,36,26.068066618392468,37.32432432432432,20.0,0.5609351332721512,1.0168752688565459,0.3333333333333333,45.5,45.5,62.0,4.55,16.333333333333332,1.6333333333333333,4,12,0.5,0.4166666666666667,0.08333333333333333,0.8333333333333334,0.16666666666666666,0.6666666666666666,13.5,12.5,9.833333333333334,24.25
3,25,0.9,0.5,0.95,0.5,14,kf_sa_seed_0014.npz,25,5,35,676,700,896,480,0.7869822485207101,0.16715976331360946,0.04585798816568047,0.2642857142857143,0.5585714285714286,0.17714285714285713,0.8646788990825688,0.1353211009174312,0.0,0.17391304347826086,0.6130434782608696,0.21304347826086956,0.38058035714285715,0.5388611886717192,0.6194196428571429,0.8558558558558559,504,163,341,0.32341269841269843,0.33958333333333335,0.6337209302325582,0.7522935779816514,0.24770642201834858,0.4820625528317836,0.8011792054099747,0.7860236881563764,0.0893672924290383,0.39480301106763316,0.30543571863859487,48,34.883720930232556,28.081632653061224,25.0,0.5616348789420165,1.0168752688565459,0.5,83.0,27.0,197.0,8.3,15.0,1.5,3,12,0.5833333333333334,0.5,0.08333333333333333,0.9166666666666666,0.3333333333333333,0.6666666666666666,14.571428571428571,15.0,12.166666666666666,23.083333333333332
3,25,0.95,0.5,0.95,0.5,14,kf_sa_seed_0014.npz,25,5,35,676,700,896,480,0.8121301775147929,0.14497041420118342,0.042899408284023666,0.30428571428571427,0.5271428571428571,0.16857142857142857,0.908256880733945,0.09174311926605505,0.0,0.20434782608695654,0.5826086956521739,0.21304347826086956,0.34375,0.5606501794974073,0.65625,0.8401360544217688,467,159,308,0.3404710920770878,0.33125,0.6606104651162791,0.7337733773377337,0.26622662266226627,0.49035080304311074,0.7932480980557903,0.7757169774774423,0.0867903055426616,0.37215125875871957,0.285360953216058,48,34.883720930232556,28.081632653061224,25.0,0.5616348789420165,1.0168752688565459,0.3333333333333333,27.5,27.5,28.0,2.75,15.666666666666666,1.5666666666666667,4,12,0.5833333333333334,0.5,0.08333333333333333,0.8333333333333334,0.3333333333333333,0.6666666666666666,15.285714285714286,16.0,11.583333333333334,23.5
3,25,0.98,0.5,0.95,0.5,14,kf_sa_seed_0014.npz,25,5,35,676,700,896,480,0.8505917159763313,0.10502958579881656,0.04437869822485207,0.3757142857142857,0.4714285714285714,0.15285714285714286,0.9701834862385321,0.02981651376146789,0.0,0.2565217391304348,0.5369565217391304,0.20652173913043478,0.29017857142857145,0.5883526126844835,0.7098214285714286,0.8144654088050315,401,141,260,0.3516209476309227,0.29375,0.7085755813953488,0.6994871794871795,0.30051282051282047,0.5017244294167371,0.7773626373626373,0.7559572053438453,0.08340933239596224,0.33247988172555987,0.24907054932959763,44,31.976744186046513,30.57777777777778,25.0,0.5616348789420165,1.0168752688565459,0.3333333333333333,34.0,34.0,39.0,3.4000000000000004,16.333333333333332,1.6333333333333333,4,12,0.5,0.4166666666666667,0.08333333333333333,0.8333333333333334,0.16666666666666666,0.6666666666666666,13.666666666666666,13.5,10.083333333333334,24.333333333333332
3,25,0.99,0.5,0.95,0.5,14,kf_sa_seed_0014.npz,25,5,35,676,700,896,480,0.849112426035503,0.10355029585798817,0.047337278106508875,0.4614285714285714,0.40285714285714286,0.1357142857142857,0.9678899082568807,0.03211009174311927,0.0,0.34130434782608693,0.46956521739130436,0.1891304347826087,0.25669642857142855,0.5785101715197447,0.7433035714285714,0.7642642642642643,352,122,230,0.3465909090909091,0.25416666666666665,0.7441860465116279,0.6533203125,0.3466796875,0.4924133558748943,0.7583051563820794,0.7342535105002662,0.08153867806045766,0.29394779338397453,0.21240911532351686,30,21.802325581395348,44.38709677419355,25.0,0.5616348789420165,1.0168752688565459,0.3333333333333333,48.5,48.5,62.0,4.8500000000000005,17.0,1.7000000000000002,4,12,0.4166666666666667,0.3333333333333333,0.08333333333333333,0.6666666666666666,0.0,0.6666666666666666,10.6,13.0,8.666666666666666,24.833333333333332
3,35,0.9,0.5,0.95,0.5,14,kf_sa_seed_0014.npz,35,5,35,666,700,886,480,0.8423423423423423,0.10810810810810811,0.04954954954954955,0.40285714285714286,0.4185714285714286,0.17857142857142858,0.9741784037558685,0.025821596244131457,0.0,0.28043478260869564,0.47391304347826085,0.24565217391304348,0.2584650112866817,0.609915288834456,0.7415349887133182,0.8036529680365296,365,136,229,0.3726027397260274,0.2833333333333333,0.732796486090776,0.6853146853146853,0.3146853146853147,0.5104568854568854,0.7622586872586873,0.738199296158664,0.09254191115880418,0.32687787275857594,0.23433596159977177,40,29.282576866764277,33.31707317073171,35.0,0.5557971879495394,1.0168752688565459,0.5,77.66666666666667,39.0,161.0,7.7666666666666675,17.833333333333332,1.7833333333333332,3,12,0.4166666666666667,0.3333333333333333,0.08333333333333333,0.8333333333333334,0.0,0.6666666666666666,12.2,12.0,10.0,25.5
3,35,0.95,0.5,0.95,0.5,14,kf_sa_seed_0014.npz,35,5,35,666,700,886,480,0.8363363363363363,0.11261261261261261,0.05105105105105105,0.44142857142857145,0.38857142857142857,0.17,0.9671361502347418,0.03286384976525822,0.0,0.3173913043478261,0.4434782608695652,0.2391304347826087,0.24604966139954854,0.6031332925086752,0.7539503386004515,0.781437125748503,347,129,218,0.37175792507204614,0.26875,0.7459736456808199,0.6633954857703631,0.3366045142296369,0.5031681681681681,0.7552466752466752,0.7299430738123189,0.09103809952380325,0.31199119330014186,0.2209530937763386,38,27.81844802342606,35.02564102564103,35.0,0.5557971879495394,1.0168752688565459,0.3333333333333333,37.0,37.0,39.0,3.7,18.0,1.8,4,12,0.4166666666666667,0.3333333333333333,0.08333333333333333,0.75,0.0,0.6666666666666666,11.8,13.0,9.333333333333334,25.333333333333332
3,35,0.98,0.5,0.95,0.5,14,kf_sa_seed_0014.npz,35,5,35,666,700,886,480,0.8363363363363363,0.10960960960960961,0.05405405405405406,0.49857142857142855,0.3514285714285714,0.15,0.9647887323943662,0.03286384976525822,0.002347417840375587,0.3869565217391304,0.4043478260869565,0.20869565217391303,0.22573363431151242,0.5867421922841396,0.7742663656884876,0.739067055393586,319,119,200,0.3730407523510972,0.24791666666666667,0.7664714494875549,0.6322827125119389,0.3677172874880611,0.49316816816816816,0.7421450021450021,0.7145304502011243,0.08883605612007447,0.2837853608493755,0.19494930472930103,24,17.569546120058565,54.64,35.0,0.5557971879495394,1.0168752688565459,0.3333333333333333,48.0,48.0,60.0,4.800000000000001,18.0,1.8,4,12,0.4166666666666667,0.3333333333333333,0.08333333333333333,0.5833333333333334,0.0,0.6666666666666666,11.6,14.0,8.5,25.25
3,35,0.99,0.5,0.95,0.5,14,kf_sa_seed_0014.npz,35,5,35,666,700,886,480,0.8333333333333334,0.11261261261261261,0.05405405405405406,0.5471428571428572,0.31142857142857144,0.14142857142857143,0.9624413145539906,0.035211267605633804,0.002347417840375587,0.4217391304347826,0.3847826086956522,0.1934782608695652,0.21670428893905191,0.5779597877117779,0.7832957110609481,0.7190201729106628,293,101,192,0.3447098976109215,0.21041666666666667,0.7855051244509517,0.6095060577819198,0.3904939422180802,0.4873809523809524,0.7247275847275847,0.6945885216153976,0.08784027871603756,0.25355004923364693,0.16570977051760938,18,13.177159590043924,71.89473684210526,35.0,0.5557971879495394,1.0168752688565459,0.3333333333333333,50.5,50.5,62.0,5.050000000000001,18.833333333333332,1.8833333333333333,4,12,0.4166666666666667,0.3333333333333333,0.08333333333333333,0.5,0.0,0.6666666666666666,12.4,14.0,7.166666666666667,25.583333333333332
3,50,0.9,0.5,0.95,0.5,14,kf_sa_seed_0014.npz,50,5,35,651,700,871,480,0.8310291858678955,0.10906298003072197,0.059907834101382486,0.5471428571428572,0.3,0.15285714285714286,0.9562043795620438,0.0340632603406326,0.009732360097323601,0.41739130434782606,0.3717391304347826,0.2108695652173913,0.21239954075774972,0.5835369723897176,0.7876004592422503,0.7142857142857143,281,96,185,0.3416370106761566,0.2,0.7920059215396003,0.6056074766355141,0.39439252336448594,0.49194316436251917,0.7158613122668422,0.677593017835525,0.09803451963613233,0.26153368394551096,0.16349916430937864,20,14.803849000740193,64.33333333333333,50.0,0.5479679733753187,1.0168752688565459,0.3333333333333333,47.0,47.0,54.0,4.7,18.833333333333332,1.8833333333333333,4,12,0.4166666666666667,0.3333333333333333,0.08333333333333333,0.5,0.0,0.6666666666666666,12.0,10.0,6.75,25.416666666666668
3,50,0.95,0.5,0.95,0.5,14,kf_sa_seed_0014.npz,50,5,35,651,700,871,480,0.8248847926267281,0.1152073732718894,0.059907834101382486,0.5628571428571428,0.2914285714285714,0.1457142857142857,0.9537712895377128,0.0364963503649635,0.009732360097323601,0.4369565217391304,0.3630434782608696,0.2,0.208955223880597,0.5768856447688564,0.7910447761194029,0.7024673439767779,279,97,182,0.34767025089605735,0.20208333333333334,0.7934863064396743,0.5960820895522388,0.40391791044776115,0.4852995391705069,0.709945139346061,0.6703744183343366,0.0986046548662511,0.24988927968140062,0.15128462481514954,18,13.323464100666174,71.10526315789474,50.0,0.5479679733753187,1.0168752688565459,0.3333333333333333,49.0,49.0,56.0,4.9,19.333333333333332,1.9333333333333333,4,12,0.4166666666666667,0.3333333333333333,0.08333333333333333,0.5,0.0,0.6666666666666666,12.4,10.0,6.833333333333333,25.583333333333332
3,50,0.98,0.5,0.95,0.5,14,kf_sa_seed_0014.npz,50,5,35,651,700,871,480,0.8233486943164362,0.11213517665130568,0.06451612903225806,0.5871428571428572,0.2742857142857143,0.13857142857142857,0.948905109489051,0.0340632603406326,0.0170316301703163,0.46956521739130436,0.34130434782608693,0.1891304347826087,0.19632606199770378,0.5690177721358298,0.8036739380022963,0.6814285714285714,265,94,171,0.35471698113207545,0.19583333333333333,0.8038490007401925,0.5828729281767956,0.4171270718232044,0.4809600614439324,0.6937722185648453,0.654304578269665,0.10034715300100337,0.2263086358325561,0.12596148283155273,20,14.803849000740193,64.33333333333333,50.0,0.5479679733753187,1.0168752688565459,0.3333333333333333,51.5,51.5,60.0,5.15,19.333333333333332,1.9333333333333333,4,12,0.4166666666666667,0.3333333333333333,0.08333333333333333,0.5,0.0,0.6666666666666666,12.0,10.0,6.583333333333333,25.416666666666668
3,50,0.99,0.5,0.95,0.5,14,kf_sa_seed_0014.npz,50,5,35,651,700,871,480,0.8218125960061444,0.11367127496159754,0.06451612903225806,0.62,0.2542857142857143,0.12571428571428572,0.9391727493917275,0.043795620437956206,0.0170316301703163,0.5108695652173914,0.31956521739130433,0.16956521739130434,0.1894374282433984,0.5543689833915159,0.8105625717566016,0.6572237960339944,252,87,165,0.34523809523809523,0.18125,0.8134715025906736,0.5668789808917197,0.43312101910828027,0.47376344086021505,0.6694930875576037,0.6326308570133125,0.102314277800605,0.2007888645909702,0.0984745867903652,18,13.323464100666174,71.10526315789474,50.0,0.5479679733753187,1.0168752688565459,0.3333333333333333,56.0,56.0,63.0,5.6000000000000005,19.166666666666668,1.916666666666667,4,12,0.4166666666666667,0.3333333333333333,0.08333333333333333,0.5,0.0,0.6666666666666666,11.0,10.0,5.916666666666667,25.0
5,20,0.9,0.5,0.95,0.5,14,kf_sa_seed_0014.npz,20,5,35,681,700,901,480,0.15565345080763582,0.8149779735682819,0.02936857562408223,0.04285714285714286,0.8542857142857143,0.10285714285714286,0.13378684807256236,0.8662131519274376,0.0,0.004347826086956522,0.8652173913043478,0.13043478260869565,0.8657047724750278,0.13211081534062902,0.13429522752497225,0.9834710743801653,1153,373,780,0.32350390286209885,0.7770833333333333,0.16509775524981898,0.7807017543859649,0.2192982456140351,0.12925529683238934,0.7804090623033354,0.7720196677728753,0.16594072790823572,0.4406534633380376,0.2747127354298019,59,42.72266473569877,23.016666666666666,,0.5609351332721512,1.0168752688565459,0.16666666666666666,28.0,28.0,28.0,2.8000000000000003,45.8,4.58,5,12,0.25,0.25,0.0,1.0,0.16666666666666666,0.3333333333333333,17.0,22.0,26.25,30.5
5,20,0.95,0.5,0.95,0.5,14,kf_sa_seed_0014.npz,20,5,35,681,700,901,480,0.3377386196769457,0.6328928046989721,0.02936857562408223,0.09857142857142857,0.8014285714285714,0.1,0.3378684807256236,0.6621315192743764,0.0,0.04565217391304348,0.8239130434782609,0.13043478260869565,0.7447280799112098,0.23415163166715963,0.25527192008879024,0.908695652173913,992,321,671,0.3235887096774194,0.66875,0.2816799420709631,0.7712082262210797,0.22879177377892035,0.21886930983847286,0.7733899727291798,0.7609361372713,0.14051909847138308,0.403939626506231,0.26342052803484794,91,65.89427950760319,15.01086956521739,,0.5609351332721512,1.0168752688565459,0.16666666666666666,30.0,30.0,30.0,3.0,28.666666666666668,2.866666666666667,5,12,0.4166666666666667,0.3333333333333333,0.08333333333333333,0.9166666666666666,0.16666666666666666,0.5,20.4,22.0,23.0,28.916666666666668
5,20,0.98,0.5,0.95,0.5,14,kf_sa_seed_0014.npz,20,5,35,681,700,901,480,0.6270190895741556,0.3406754772393539,0.032305433186490456,0.26857142857142857,0.63,0.10142857142857142,0.7233560090702947,0.2766439909297052,0.0,0.1565217391304348,0.7130434782608696,0.13043478260869565,0.49944506104328523,0.4268953958394952,0.5005549389567148,0.8403547671840355,673,223,450,0.3313521545319465,0.46458333333333335,0.5126719768283853,0.7033898305084746,0.2966101694915254,0.36422383050136353,0.7590140549611916,0.751322350046134,0.11034230451691916,0.3465094839852789,0.23616717946835974,69,49.9637943519189,19.728571428571428,23.0,0.5609351332721512,1.0168752688565459,0.16666666666666666,29.0,29.0,29.0,2.9000000000000004,23.333333333333332,2.3333333333333335,5,12,0.5,0.4166666666666667,0.08333333333333333,0.9166666666666666,0.16666666666666666,0.6666666666666666,20.5,22.5,16.333333333333332,27.75
5,20,0.99,0.5,0.95,0.5,14,kf_sa_seed_0014.npz,20,5,35,681,700,901,480,0.6930983847283406,0.2701908957415565,0.03671071953010279,0.3385714285714286,0.56,0.10142857142857142,0.8095238095238095,0.19047619047619047,0.0,0.18695652173913044,0.6826086956521739,0.13043478260869565,0.44173140954495005,0.4699792960662526,0.55826859045505,0.8290258449304175,576,178,398,0.3090277777777778,0.37083333333333335,0.5829109341057205,0.6745341614906832,0.32546583850931676,0.397263478078456,0.7556471575414306,0.7390204777909695,0.09798522297023794,0.30425334501683615,0.20626812204659822,55,39.826212889210716,24.660714285714285,23.0,0.5609351332721512,1.0168752688565459,0.16666666666666666,29.0,29.0,29.0,2.9000000000000004,24.166666666666668,2.416666666666667,5,12,0.4166666666666667,0.3333333333333333,0.08333333333333333,0.8333333333333334,0.16666666666666666,0.5,18.4,18.0,13.166666666666666,28.083333333333332
5,25,0.9,0.5,0.95,0.5,14,kf_sa_seed_0014.npz,25,5,35,676,700,896,480,0.40236686390532544,0.5650887573964497,0.03254437869822485,0.12428571428571429,0.7785714285714286,0.09714285714285714,0.42660550458715596,0.573394495412844,0.0,0.05434782608695652,0.8152173913043478,0.13043478260869565,0.6975446428571429,0.2785201435979258,0.30245535714285715,0.9077490774907749,927,302,625,0.325782092772384,0.6291666666666667,0.32630813953488375,0.7572383073496659,0.2427616926503341,0.2497548605240913,0.7645731191885038,0.7526082314937733,0.13814195980726235,0.39651148069236153,0.2583695208850992,94,68.31395348837209,14.48421052631579,,0.5616348789420165,1.0168752688565459,0.16666666666666666,32.0,32.0,32.0,3.2,28.0,2.8000000000000003,5,12,0.4166666666666667,0.3333333333333333,0.08333333333333333,0.9166666666666666,0.16666666666666666,0.5,20.8,22.0,22.083333333333332,29.083333333333332
5,25,0.95,0.5,0.95,0.5,14,kf_sa_seed_0014.npz,25,5,35,676,700,896,480,0.5562130177514792,0.40976331360946744,0.034023668639053255,0.22714285714285715,0.68,0.09285714285714286,0.6353211009174312,0.3646788990825688,0.0,0.14130434782608695,0.7282608695652174,0.13043478260869565,0.5513392857142857,0.38287794176306345,0.4486607142857143,0.8383084577114428,753,259,494,0.34395750332005315,0.5395833333333333,0.45276162790697677,0.7078651685393258,0.2921348314606742,0.32453508030431105,0.7576331360946745,0.7462867409867614,0.1218951374492709,0.3658522294521207,0.24395709200284982,84,61.04651162790697,16.188235294117646,,0.5616348789420165,1.0168752688565459,0.16666666666666666,35.0,35.0,35.0,3.5,23.166666666666668,2.316666666666667,5,12,0.4166666666666667,0.3333333333333333,0.08333333333333333,0.9166666666666666,0.0,0.6666666666666666,19.2,22.0,18.916666666666668,28.416666666666668
5,25,0.98,0.5,0.95,0.5,14,kf_sa_seed_0014.npz,25,5,35,676,700,896,480,0.7130177514792899,0.25,0.03698224852071006,0.3385714285714286,0.5657142857142857,0.09571428571428571,0.8394495412844036,0.16055045871559634,0.0,0.21956521739130436,0.65,0.13043478260869565,0.41183035714285715,0.48494216194654965,0.5881696428571429,0.8083491461100569,565,196,369,0.34690265486725663,0.4083333333333333,0.5893895348837209,0.6769420468557337,0.32305795314426633,0.40436601859678784,0.7401204564666103,0.7278137943270474,0.10455958648644738,0.316744561988899,0.21218497550245163,44,31.976744186046513,30.57777777777778,25.0,0.5616348789420165,1.0168752688565459,0.16666666666666666,33.0,33.0,33.0,3.3000000000000003,23.5,2.35,5,12,0.4166666666666667,0.3333333333333333,0.08333333333333333,0.8333333333333334,0.0,0.6666666666666666,18.2,21.0,14.333333333333334,28.0
5,25,0.99,0.5,0.95,0.5,14,kf_sa_seed_0014.npz,25,5,35,676,700,896,480,0.7677514792899408,0.1937869822485207,0.038461538461538464,0.3914285714285714,0.51,0.09857142857142857,0.9013761467889908,0.09862385321100918,0.0,0.24130434782608695,0.6282608695652174,0.13043478260869565,0.3705357142857143,0.5159054646988432,0.6294642857142857,0.8031914893617021,488,156,332,0.319672131147541,0.325,0.6453488372093024,0.6621621621621622,0.33783783783783783,0.43316145393068467,0.7249873203719358,0.7152747851189489,0.0929005936271666,0.275407863556286,0.1825072699291194,42,30.523255813953487,32.0,25.0,0.5616348789420165,1.0168752688565459,0.16666666666666666,31.0,31.0,31.0,3.1,20.833333333333332,2.0833333333333335,5,12,0.5,0.4166666666666667,0.08333333333333333,0.75,0.16666666666666666,0.6666666666666666,18.5,19.5,11.25,26.75
5,35,0.9,0.5,0.95,0.5,14,kf_sa_seed_0014.npz,35,5,35,666,700,886,480,0.7042042042042042,0.25825825825825827,0.03753753753753754,0.34,0.5728571428571428,0.08714285714285715,0.8427230046948356,0.1572769953051643,0.0,0.21521739130434783,0.6630434782608695,0.12173913043478261,0.4198645598194131,0.4822310675648091,0.5801354401805869,0.8073929961089494,573,201,372,0.3507853403141361,0.41875,0.5805270863836017,0.6683480453972257,0.3316519546027743,0.39567353067353067,0.7381231231231231,0.7190482904119179,0.11061333292170732,0.3238489137640942,0.21323558084238686,52,38.06734992679356,25.77358490566038,35.0,0.5557971879495394,1.0168752688565459,0.16666666666666666,39.0,39.0,39.0,3.9000000000000004,22.5,2.25,5,12,0.4166666666666667,0.3333333333333333,0.08333333333333333,0.8333333333333334,0.0,0.6666666666666666,17.8,23.0,14.5,27.833333333333332
5,35,0.95,0.5,0.95,0.5,14,kf_sa_seed_0014.npz,35,5,35,666,700,886,480,0.7402402402402403,0.22072072072072071,0.03903903903903904,0.3657142857142857,0.5485714285714286,0.08571428571428572,0.8943661971830986,0.1056338028169014,0.0,0.22826086956521738,0.6521739130434783,0.11956521739130435,0.3893905191873589,0.5069657072872015,0.6106094808126411,0.8059149722735675,531,186,345,0.3502824858757062,0.3875,0.6112737920937042,0.6622754491017964,0.33772455089820363,0.412977262977263,0.7336486486486486,0.7035579677586137,0.1057369981005876,0.3019694294257989,0.1962324313252113,32,23.42606149341142,41.39393939393939,35.0,0.5557971879495394,1.0168752688565459,0.16666666666666666,40.0,40.0,40.0,4.0,22.833333333333332,2.283333333333333,5,12,0.4166666666666667,0.3333333333333333,0.08333333333333333,0.8333333333333334,0.0,0.6666666666666666,18.0,22.0,13.5,27.916666666666668
5,35,0.98,0.5,0.95,0.5,14,kf_sa_seed_0014.npz,35,5,35,666,700,886,480,0.7852852852852853,0.17267267267267267,0.042042042042042045,0.4042857142857143,0.51,0.08571428571428572,0.9507042253521126,0.04929577464788732,0.0,0.24782608695652175,0.6326086956521739,0.11956521739130435,0.35214446952595935,0.5351347213717085,0.6478555304740407,0.8013937282229965,472,160,312,0.3389830508474576,0.3333333333333333,0.6544655929721815,0.6521252796420581,0.34787472035794187,0.4354997854997855,0.7188760188760189,0.6983040115366633,0.09730343420378988,0.2619129617805879,0.16460952757679803,28,20.497803806734993,47.10344827586207,35.0,0.5557971879495394,1.0168752688565459,0.16666666666666666,40.0,40.0,40.0,4.0,23.333333333333332,2.3333333333333335,5,12,0.4166666666666667,0.3333333333333333,0.08333333333333333,0.6666666666666666,0.0,0.6666666666666666,18.2,21.0,11.666666666666666,28.0
5,35,0.99,0.5,0.95,0.5,14,kf_sa_seed_0014.npz,35,5,35,666,700,886,480,0.7912912912912913,0.16366366366366367,0.04504504504504504,0.4642857142857143,0.44857142857142857,0.08714285714285715,0.9647887323943662,0.035211267605633804,0.0,0.2826086956521739,0.5956521739130435,0.12173913043478261,0.3261851015801354,0.5432639314145744,0.6738148984198645,0.7822445561139029,423,134,289,0.31678486997635935,0.2791666666666667,0.6903367496339677,0.623541887592789,0.37645811240721105,0.43921707421707423,0.702996567996568,0.6842704806415763,0.09712340242157376,0.2407482611502276,0.14362485872865383,22,16.105417276720353,59.391304347826086,35.0,0.5557971879495394,1.0168752688565459,0.16666666666666666,39.0,39.0,39.0,3.9000000000000004,23.166666666666668,2.316666666666667,5,12,0.4166666666666667,0.3333333333333333,0.08333333333333333,0.5833333333333334,0.0,0.6666666666666666,18.0,21.0,9.5,27.916666666666668
5,50,0.9,0.5,0.95,0.5,14,kf_sa_seed_0014.npz,50,5,35,651,700,871,480,0.7649769585253456,0.1889400921658986,0.04608294930875576,0.48142857142857143,0.44857142857142857,0.07,0.9586374695863747,0.0413625304136253,0.0,0.3065217391304348,0.5978260869565217,0.09565217391304348,0.33524684270952926,0.5271448217497091,0.6647531572904707,0.7564766839378239,437,145,292,0.3318077803203661,0.3020833333333333,0.6765358993338267,0.5984682713347921,0.4015317286652079,0.41748847926267285,0.713778801843318,0.6757995194086923,0.10120266121692133,0.24597458043719286,0.14477191922027155,20,14.803849000740193,64.33333333333333,50.0,0.5479679733753187,1.0168752688565459,0.16666666666666666,51.0,51.0,51.0,5.1000000000000005,26.0,2.6,5,12,0.3333333333333333,0.25,0.08333333333333333,0.5833333333333334,0.0,0.5,17.5,21.5,10.416666666666666,29.166666666666668
5,50,0.95,0.5,0.95,0.5,14,kf_sa_seed_0014.npz,50,5,35,651,700,871,480,0.7711213517665131,0.17972350230414746,0.04915514592933948,0.49857142857142855,0.4342857142857143,0.06714285714285714,0.9562043795620438,0.043795620437956206,0.0,0.3282608695652174,0.5804347826086956,0.09130434782608696,0.32721010332950634,0.5237543636940654,0.6727898966704937,0.742320819112628,421,136,285,0.32304038004750596,0.2833333333333333,0.688378978534419,0.5903225806451613,0.4096774193548387,0.41913210445468513,0.7040509106868554,0.6658338745076932,0.10020808885803172,0.22921034472156065,0.12900225586352893,20,14.803849000740193,64.33333333333333,50.0,0.5479679733753187,1.0168752688565459,0.16666666666666666,53.0,53.0,53.0,5.300000000000001,25.166666666666668,2.516666666666667,5,12,0.3333333333333333,0.25,0.08333333333333333,0.5833333333333334,0.0,0.5,16.0,20.0,9.666666666666666,28.666666666666668
5,50,0.98,0.5,0.95,0.5,14,kf_sa_seed_0014.npz,50,5,35,651,700,871,480,0.7772657450076805,0.17357910906298002,0.04915514592933948,0.5257142857142857,0.40714285714285714,0.06714285714285714,0.9562043795620438,0.043795620437956206,0.0,0.358695652173913,0.55,0.09130434782608696,0.3111366245694604,0.5237543636940654,0.6888633754305397,0.725,398,127,271,0.31909547738693467,0.26458333333333334,0.7054034048852702,0.5802728226652676,0.4197271773347324,0.42220430107526885,0.6805924950625412,0.6437601947340971,0.10037593332839267,0.1999038321448059,0.09952789881641322,26,19.24500370096225,50.03703703703704,50.0,0.5479679733753187,1.0168752688565459,0.16666666666666666,53.0,53.0,53.0,5.300000000000001,24.166666666666668,2.416666666666667,5,12,0.3333333333333333,0.25,0.08333333333333333,0.5833333333333334,0.0,0.5,14.75,17.5,8.833333333333334,28.25
5,50,0.99,0.5,0.95,0.5,14,kf_sa_seed_0014.npz,50,5,35,651,700,871,480,0.7726574500768049,0.17357910906298002,0.053763440860215055,0.5871428571428572,0.3457142857142857,0.06714285714285714,0.9635036496350365,0.0364963503649635,0.0,0.4391304347826087,0.46956521739130436,0.09130434782608696,0.26521239954075776,0.5274039987305618,0.7347876004592423,0.684375,355,124,231,0.3492957746478873,0.25833333333333336,0.7372316802368616,0.5522088353413654,0.44779116465863456,0.419900153609831,0.6516436251920122,0.6223591039116375,0.09948654907229329,0.17404166906176738,0.07455511998947409,20,14.803849000740193,64.33333333333333,50.0,0.5479679733753187,1.0168752688565459,0.16666666666666666,53.0,53.0,53.0,5.300000000000001,25.166666666666668,2.516666666666667,5,12,0.3333333333333333,0.25,0.08333333333333333,0.4166666666666667,0.0,0.5,17.0,20.5,8.666666666666666,29.0
7,35,0.9,0.5,0.95,0.5,14,kf_sa_seed_0014.npz,35,5,35,666,700,886,480,0.3993993993993994,0.5630630630630631,0.03753753753753754,0.08857142857142856,0.8242857142857143,0.08714285714285715,0.5211267605633803,0.4788732394366197,0.0,0.03260869565217391,0.8456521739130435,0.12173913043478261,0.6693002257336343,0.3214329454990814,0.3306997742663657,0.9488054607508533,952,359,593,0.37710084033613445,0.7479166666666667,0.30307467057101023,0.7898550724637681,0.21014492753623193,0.24327112827112826,0.7912912912912913,0.7499211826054323,0.14150348593054185,0.3883091376627287,0.24680565173218683,80,58.565153733528554,16.864197530864196,,0.5557971879495394,1.0168752688565459,0.16666666666666666,39.0,39.0,39.0,3.9000000000000004,36.333333333333336,3.6333333333333337,5,12,0.16666666666666666,0.08333333333333333,0.08333333333333333,0.9166666666666666,0.0,0.16666666666666666,15.0,15.0,26.083333333333332,31.666666666666668
7,35,0.95,0.5,0.95,0.5,14,kf_sa_seed_0014.npz,35,5,35,666,700,886,480,0.5975975975975976,0.3633633633633634,0.03903903903903904,0.17,0.7442857142857143,0.08571428571428572,0.7863849765258216,0.2136150234741784,0.0,0.0782608695652174,0.8021739130434783,0.11956521739130435,0.5191873589164786,0.452975096958563,0.48081264108352145,0.9154929577464789,763,303,460,0.39711664482306686,0.63125,0.44143484626647145,0.7595356550580431,0.2404643449419569,0.34165594165594165,0.7839146289146289,0.7401143972301787,0.12767972583626247,0.35729841146958913,0.22961868563332666,67,49.04831625183016,20.08823529411765,43.0,0.5557971879495394,1.0168752688565459,0.16666666666666666,40.0,40.0,40.0,4.0,33.5,3.35,5,12,0.16666666666666666,0.08333333333333333,0.08333333333333333,0.9166666666666666,0.0,0.16666666666666666,15.0,15.0,23.0,31.666666666666668
7,35,0.98,0.5,0.95,0.5,14,kf_sa_seed_0014.npz,35,5,35,666,700,886,480,0.6771771771771772,0.2807807807807808,0.042042042042042045,0.2885714285714286,0.6242857142857143,0.08714285714285715,0.8849765258215962,0.11502347417840375,0.0,0.13695652173913042,0.741304347826087,0.12173913043478261,0.4401805869074492,0.5033578281281894,0.5598194130925508,0.8729838709677419,624,234,390,0.375,0.4875,0.5431918008784773,0.6900269541778976,0.3099730458221024,0.3821600171600172,0.7685885885885886,0.723033752469206,0.11440311695328649,0.32205582662115256,0.2076527096678661,41,30.01464128843338,32.523809523809526,43.0,0.5557971879495394,1.0168752688565459,0.16666666666666666,39.0,39.0,39.0,3.9000000000000004,29.333333333333332,2.9333333333333336,5,12,0.25,0.16666666666666666,0.08333333333333333,0.8333333333333334,0.0,0.3333333333333333,18.333333333333332,25.0,17.25,30.833333333333332
7,35,0.99,0.5,0.95,0.5,14,kf_sa_seed_0014.npz,35,5,35,666,700,886,480,0.7027027027027027,0.25375375375375375,0.04354354354354354,0.37714285714285717,0.5371428571428571,0.08571428571428572,0.9084507042253521,0.09154929577464789,0.0,0.1782608695652174,0.7021739130434783,0.11956521739130435,0.40857787810383744,0.5140079608083282,0.5914221218961625,0.8435114503816794,545,183,362,0.3357798165137615,0.38125,0.6010248901903368,0.6431181485992692,0.3568818514007308,0.39420849420849424,0.7320291720291721,0.7025218168448689,0.10750468297395792,0.2936372440052175,0.18613256103125958,29,21.2298682284041,45.53333333333333,43.0,0.5557971879495394,1.0168752688565459,0.16666666666666666,40.0,40.0,40.0,4.0,29.0,2.9000000000000004,5,12,0.25,0.16666666666666666,0.08333333333333333,0.8333333333333334,0.0,0.3333333333333333,17.666666666666668,23.0,13.416666666666666,30.666666666666668
7,50,0.9,0.5,0.95,0.5,14,kf_sa_seed_0014.npz,50,5,35,651,700,871,480,0.6943164362519201,0.261136712749616,0.0445468509984639,0.37,0.5628571428571428,0.06714285714285714,0.9197080291970803,0.08029197080291971,0.0,0.22608695652173913,0.6826086956521739,0.09130434782608696,0.3983926521239954,0.5055061885115836,0.6016073478760046,0.8015267175572519,564,217,347,0.38475177304964536,0.45208333333333334,0.5825314581791265,0.6340533672172808,0.3659466327827192,0.3807296466973886,0.749651086240948,0.6955656734103218,0.12035661034657687,0.2949875888799151,0.17463097853333825,32,23.686158401184308,40.93939393939394,50.0,0.5479679733753187,1.0168752688565459,0.16666666666666666,53.0,53.0,53.0,5.300000000000001,31.333333333333332,3.1333333333333333,5,12,0.16666666666666666,0.08333333333333333,0.08333333333333333,0.8333333333333334,0.0,0.16666666666666666,13.5,13.5,16.25,31.416666666666668
7,50,0.95,0.5,0.95,0.5,14,kf_sa_seed_0014.npz,50,5,35,651,700,871,480,0.7050691244239631,0.2488479262672811,0.04608294930875576,0.4157142857142857,0.5185714285714286,0.06571428571428571,0.9367396593673966,0.06326034063260341,0.0,0.2391304347826087,0.6717391304347826,0.0891304347826087,0.38461538461538464,0.5129350470750026,0.6153846153846154,0.7947761194029851,525,190,335,0.3619047619047619,0.3958333333333333,0.6113989637305699,0.6113801452784504,0.3886198547215496,0.3853917050691244,0.7303159973666886,0.6797325392742594,0.11852382555969702,0.27433770350951747,0.15581387794982043,16,11.843079200592154,79.47058823529412,50.0,0.5479679733753187,1.0168752688565459,0.16666666666666666,54.0,54.0,54.0,5.4,31.333333333333332,3.1333333333333333,5,12,0.16666666666666666,0.08333333333333333,0.08333333333333333,0.6666666666666666,0.0,0.16666666666666666,13.5,13.5,14.166666666666666,31.416666666666668
7,50,0.98,0.5,0.95,0.5,14,kf_sa_seed_0014.npz,50,5,35,651,700,871,480,0.6927803379416283,0.25960061443932414,0.047619047619047616,0.4614285714285714,0.4742857142857143,0.06428571428571428,0.9221411192214112,0.07785888077858881,0.0,0.29130434782608694,0.6217391304347826,0.08695652173913043,0.365097588978186,0.5045488204802708,0.634902411021814,0.7576853526220615,501,183,318,0.3652694610778443,0.38125,0.6291635825314582,0.5835294117647059,0.41647058823529415,0.3785330261136713,0.6952600394996709,0.6552231821580836,0.11550322227013189,0.24746440360841265,0.13196118133828078,16,11.843079200592154,79.47058823529412,50.0,0.5479679733753187,1.0168752688565459,0.16666666666666666,55.0,55.0,55.0,5.5,33.5,3.35,5,12,0.16666666666666666,0.08333333333333333,0.08333333333333333,0.5833333333333334,0.0,0.16666666666666666,15.5,15.5,13.583333333333334,31.75
7,50,0.99,0.5,0.95,0.5,14,kf_sa_seed_0014.npz,50,5,35,651,700,871,480,0.6943164362519201,0.2565284178187404,0.04915514592933948,0.5271428571428571,0.41,0.06285714285714286,0.9245742092457421,0.07542579075425791,0.0,0.3760869565217391,0.5391304347826087,0.08478260869565217,0.3203214695752009,0.5046784089706972,0.6796785304247991,0.7077702702702703,454,175,279,0.3854625550660793,0.3645833333333333,0.6639526276831976,0.5529542920847269,0.4470457079152731,0.37858678955453146,0.6522427035330262,0.6299823477539748,0.11388300435677297,0.22481241114145722,0.11092940678468426,24,17.764618800888233,54.04,50.0,0.5479679733753187,1.0168752688565459,0.16666666666666666,56.0,56.0,56.0,5.6000000000000005,33.333333333333336,3.333333333333334,5,12,0.16666666666666666,0.08333333333333333,0.08333333333333333,0.5833333333333334,0.0,0.16666666666666666,15.5,15.5,12.916666666666666,31.75
10,50,0.9,0.5,0.95,0.5,14,kf_sa_seed_0014.npz,50,5,35,651,700,871,480,0.4377880184331797,0.5238095238095238,0.03840245775729647,0.10714285714285714,0.8342857142857143,0.05857142857142857,0.6034063260340633,0.39659367396593675,0.0,0.05217391304347826,0.8695652173913043,0.0782608695652174,0.6463834672789897,0.34083359779964034,0.35361653272101035,0.922077922077922,925,362,563,0.39135135135135135,0.7541666666666667,0.3153219837157661,0.7652582159624414,0.23474178403755863,0.24817972350230413,0.7430524467851657,0.6950813710707672,0.1457706871314799,0.2955911215851293,0.1498204344536494,53,39.23019985196151,25.01851851851852,,0.5479679733753187,1.0168752688565459,0.16666666666666666,59.0,59.0,59.0,5.9,42.166666666666664,4.216666666666667,5,12,0.08333333333333333,0.08333333333333333,0.0,1.0,0.0,0.16666666666666666,10.0,10.0,26.416666666666668,32.916666666666664
10,50,0.95,0.5,0.95,0.5,14,kf_sa_seed_0014.npz,50,5,35,651,700,871,480,0.5253456221198156,0.434715821812596,0.039938556067588324,0.19857142857142857,0.7471428571428571,0.054285714285714284,0.7128953771289538,0.2871046228710462,0.0,0.1391304347826087,0.7891304347826087,0.07173913043478261,0.5522388059701493,0.3923172537818682,0.44776119402985076,0.8358974358974359,806,325,481,0.4032258064516129,0.6770833333333334,0.40340488527017027,0.6972477064220184,0.3027522935779816,0.28981566820276494,0.727910906298003,0.67823111899491,0.13776793897208148,0.2667050607578127,0.12893712178573122,45,33.30866025166543,29.369565217391305,,0.5479679733753187,1.0168752688565459,0.16666666666666666,62.0,62.0,62.0,6.2,41.0,4.1000000000000005,5,12,0.08333333333333333,0.08333333333333333,0.0,1.0,0.0,0.16666666666666666,5.0,5.0,24.083333333333332,32.5
10,50,0.98,0.5,0.95,0.5,14,kf_sa_seed_0014.npz,50,5,35,651,700,871,480,0.5960061443932412,0.36251920122887865,0.041474654377880185,0.38,0.5771428571428572,0.04285714285714286,0.7980535279805353,0.20194647201946472,0.0,0.24130434782608695,0.7043478260869566,0.05434782608695652,0.4672789896670494,0.4262006770337459,0.5327210103329506,0.7607758620689655,640,233,407,0.3640625,0.48541666666666666,0.5262768319763138,0.5879043600562588,0.4120956399437412,0.319431643625192,0.6819618169848585,0.6368163537911307,0.1278556207916401,0.21313951140400791,0.08528389061236782,37,27.387120651369354,35.55263157894737,63.0,0.5479679733753187,1.0168752688565459,0.16666666666666666,70.0,70.0,70.0,7.0,39.333333333333336,3.9333333333333336,5,12,0.08333333333333333,0.08333333333333333,0.0,0.8333333333333334,0.0,0.16666666666666666,5.0,5.0,17.333333333333332,32.5
10,50,0.99,0.5,0.95,0.5,14,kf_sa_seed_0014.npz,50,5,35,651,700,871,480,0.6298003072196621,0.3317972350230415,0.03840245775729647,0.4828571428571429,0.48428571428571426,0.032857142857142856,0.8418491484184915,0.15815085158150852,0.0,0.3217391304347826,0.6391304347826087,0.0391304347826087,0.4121699196326062,0.4404897916005501,0.5878300803673938,0.7109375,555,196,359,0.35315315315315315,0.4083333333333333,0.5891931902294597,0.5439698492462312,0.45603015075376885,0.33132872503840244,0.6164055299539171,0.5888995369403478,0.11842435269260004,0.1614259581914447,0.04300160549884466,23,17.024426350851222,56.291666666666664,63.0,0.5479679733753187,1.0168752688565459,0.16666666666666666,77.0,77.0,77.0,7.7,38.5,3.85,5,12,0.08333333333333333,0.08333333333333333,0.0,0.6666666666666666,0.0,0.16666666666666666,1.0,1.0,14.25,32.166666666666664
3,20,0.9,0.5,0.95,0.5,15,kf_sa_seed_0015.npz,20,5,35,681,700,901,480,0.6651982378854625,0.29515418502202645,0.039647577092511016,0.21,0.5671428571428572,0.22285714285714286,0.7664399092970522,0.23356009070294784,0.0,0.11521739130434783,0.5978260869565217,0.28695652173913044,0.4195338512763596,0.5266982155180913,0.5804661487236404,0.8986615678776291,598,220,378,0.36789297658862874,0.4583333333333333,0.5669804489500362,0.7777777777777778,0.2222222222222222,0.4440276903713027,0.7918984686385567,0.8031729767486149,0.11960294161033982,0.504498039982744,0.3848950983724042,78,56.480811006517015,17.481012658227847,20.0,0.6286169644974468,1.1944357238565733,0.6666666666666666,51.25,49.5,82.0,5.125,20.333333333333332,2.033333333333333,2,12,0.5833333333333334,0.5,0.08333333333333333,0.9166666666666666,0.3333333333333333,0.6666666666666666,17.857142857142858,22.0,15.333333333333334,25.0
3,20,0.95,0.5,0.95,0.5,15,kf_sa_seed_0015.npz,20,5,35,681,700,901,480,0.723935389133627,0.23494860499265785,0.041116005873715125,0.24714285714285714,0.5328571428571428,0.22,0.8435374149659864,0.1564625850340136,0.0,0.15,0.5630434782608695,0.28695652173913044,0.36403995560488345,0.5652469683525585,0.6359600443951166,0.8795811518324608,533,205,328,0.38461538461538464,0.4270833333333333,0.6140477914554671,0.7629716981132075,0.23702830188679247,0.4719676945668135,0.7892154394797567,0.7962110446535051,0.11157416578802118,0.48235422519450016,0.37078005940647896,78,56.480811006517015,17.481012658227847,20.0,0.6286169644974468,1.1944357238565733,0.6666666666666666,68.0,78.5,90.0,6.800000000000001,20.833333333333332,2.0833333333333335,2,12,0.5,0.4166666666666667,0.08333333333333333,0.9166666666666666,0.16666666666666666,0.6666666666666666,17.166666666666668,21.5,15.25,26.083333333333332
3,20,0.98,0.5,0.95,0.5,15,kf_sa_seed_0015.npz,20,5,35,681,700,901,480,0.7812041116005873,0.1762114537444934,0.042584434654919234,0.3057142857142857,0.47714285714285715,0.21714285714285714,0.9319727891156463,0.06802721088435375,0.0,0.1934782608695652,0.5217391304347826,0.2847826086956522,0.29966703662597116,0.6083776989056493,0.7003329633740288,0.8589540412044374,454,184,270,0.4052863436123348,0.38333333333333336,0.6712527154236061,0.7378640776699029,0.2621359223300971,0.49917348437172226,0.7837591776798826,0.7822519545082305,0.1053678186179399,0.4392471534093342,0.3338793347913943,44,31.860970311368572,30.68888888888889,20.0,0.6286169644974468,1.1944357238565733,0.6666666666666666,70.0,80.0,93.0,7.0,21.333333333333332,2.1333333333333333,2,12,0.5,0.4166666666666667,0.08333333333333333,0.9166666666666666,0.16666666666666666,0.6666666666666666,17.666666666666668,22.0,13.916666666666666,26.333333333333332
3,20,0.99,0.5,0.95,0.5,15,kf_sa_seed_0015.npz,20,5,35,681,700,901,480,0.7841409691629956,0.17033773861967694,0.04552129221732746,0.3485714285714286,0.45285714285714285,0.19857142857142857,0.9387755102040817,0.061224489795918366,0.0,0.2217391304347826,0.5130434782608696,0.26521739130434785,0.29189789123196447,0.6019964507542148,0.7081021087680355,0.8401253918495298,433,170,263,0.39260969976905313,0.3541666666666667,0.6864590876176684,0.709915611814346,0.29008438818565396,0.49135619886721205,0.7706419131529264,0.7600680031493714,0.10526512816635221,0.3939065798682644,0.2886414517019122,42,30.412744388124548,32.116279069767444,20.0,0.6286169644974468,1.1944357238565733,0.6666666666666666,72.5,83.5,93.0,7.25,21.5,2.15,2,12,0.5,0.4166666666666667,0.08333333333333333,0.8333333333333334,0.16666666666666666,0.6666666666666666,18.333333333333332,23.0,12.666666666666666,26.666666666666668
3,25,0.9,0.5,0.95,0.5,15,kf_sa_seed_0015.npz,25,5,35,676,700,896,480,0.7396449704142012,0.21597633136094674,0.04437869822485207,0.2671428571428571,0.5042857142857143,0.22857142857142856,0.8692660550458715,0.13073394495412843,0.0,0.17173913043478262,0.532608695652174,0.2956521739130435,0.33705357142857145,0.5824591144794575,0.6629464285714286,0.867003367003367,499,197,302,0.39478957915831664,0.41041666666666665,0.6373546511627907,0.7525655644241733,0.24743443557582667,0.48410819949281486,0.7882713440405749,0.7901914561538002,0.11127116312157047,0.4711797452837398,0.3599085821621693,60,43.604651162790695,22.557377049180328,25.0,0.6277355299899169,1.1944357238565733,0.6666666666666666,68.75,79.0,91.0,6.875,21.0,2.1,2,12,0.5,0.4166666666666667,0.08333333333333333,0.9166666666666666,0.16666666666666666,0.6666666666666666,17.5,22.0,15.0,26.25
3,25,0.95,0.5,0.95,0.5,15,kf_sa_seed_0015.npz,25,5,35,676,700,896,480,0.7766272189349113,0.17751479289940827,0.04585798816568047,0.29428571428571426,0.4828571428571429,0.22285714285714286,0.926605504587156,0.07339449541284404,0.0,0.18695652173913044,0.5195652173913043,0.29347826086956524,0.30245535714285715,0.6100418827283606,0.6975446428571429,0.8624,458,187,271,0.40829694323144106,0.38958333333333334,0.6671511627906976,0.7418300653594772,0.25816993464052285,0.49974218089602707,0.7868026204564667,0.7839219747270875,0.10885671880491118,0.45105382326612997,0.34219710446121876,48,34.883720930232556,28.081632653061224,25.0,0.6277355299899169,1.1944357238565733,0.6666666666666666,69.25,79.5,91.0,6.925000000000001,21.666666666666668,2.166666666666667,2,12,0.5,0.4166666666666667,0.08333333333333333,0.9166666666666666,0.16666666666666666,0.6666666666666666,18.0,22.0,14.166666666666666,26.5
3,25,0.98,0.5,0.95,0.5,15,kf_sa_seed_0015.npz,25,5,35,676,700,896,480,0.7855029585798816,0.16715976331360946,0.047337278106508875,0.35,0.43857142857142856,0.21142857142857144,0.9403669724770642,0.05963302752293578,0.0,0.22608695652173913,0.4934782608695652,0.28043478260869564,0.28236607142857145,0.61040087754288,0.7176339285714286,0.838258164852255,420,167,253,0.3976190476190476,0.34791666666666665,0.6947674418604651,0.7102510460251046,0.2897489539748954,0.4984657650042265,0.778799661876585,0.7682875260233919,0.1086314819383496,0.41180959287953134,0.30317811094118174,44,31.976744186046513,30.57777777777778,25.0,0.6277355299899169,1.1944357238565733,0.6666666666666666,72.25,83.0,93.0,7.2250000000000005,21.5,2.15,2,12,0.5,0.4166666666666667,0.08333333333333333,0.9166666666666666,0.16666666666666666,0.6666666666666666,18.333333333333332,23.0,12.583333333333334,26.666666666666668
3,25,0.99,0.5,0.95,0.5,15,kf_sa_seed_0015.npz,25,5,35,676,700,896,480,0.7884615384615384,0.15680473372781065,0.05473372781065089,0.39571428571428574,0.4114285714285714,0.19285714285714287,0.9495412844036697,0.05045871559633028,0.0,0.24782608695652175,0.4934782608695652,0.25869565217391305,0.2779017857142857,0.6041184682887913,0.7220982142857143,0.8238021638330757,394,145,249,0.3680203045685279,0.3020833333333333,0.7136627906976745,0.6802443991853361,0.3197556008146639,0.49065934065934064,0.7618977176669485,0.7410021880104252,0.11136608056048163,0.3714418170377953,0.26007573647731363,46,33.43023255813954,29.27659574468085,25.0,0.6277355299899169,1.1944357238565733,0.6666666666666666,75.25,88.0,93.0,7.525,22.0,2.2,2,12,0.5,0.4166666666666667,0.08333333333333333,0.75,0.16666666666666666,0.6666666666666666,19.0,24.0,10.666666666666666,27.0
3,35,0.9,0.5,0.95,0.5,15,kf_sa_seed_0015.npz,35,5,35,666,700,886,480,0.7912912912912913,0.15165165165165165,0.057057057057057055,0.36142857142857143,0.43857142857142856,0.2,0.9530516431924883,0.046948356807511735,0.0,0.22826086956521738,0.5021739130434782,0.26956521739130435,0.2832957110609481,0.6113084302918963,0.7167042889390519,0.8346456692913385,408,157,251,0.38480392156862747,0.32708333333333334,0.7013177159590044,0.6962421711899791,0.3037578288100209,0.4956456456456456,0.7781510081510081,0.7614335812444005,0.11731525605783096,0.40932025831408086,0.2920050022562499,38,27.81844802342606,35.02564102564103,35.0,0.6288646752939038,1.1944357238565733,0.5,67.0,81.0,89.0,6.7,21.666666666666668,2.166666666666667,3,12,0.5,0.4166666666666667,0.08333333333333333,0.8333333333333334,0.16666666666666666,0.6666666666666666,18.666666666666668,23.0,11.583333333333334,26.833333333333332
3,35,0.95,0.5,0.95,0.5,15,kf_sa_seed_0015.npz,35,5,35,666,700,886,480,0.7882882882882883,0.15015015015015015,0.06156156156156156,0.38285714285714284,0.42142857142857143,0.1957142857142857,0.9530516431924883,0.046948356807511735,0.0,0.2326086956521739,0.5043478260869565,0.26304347826086955,0.28442437923250563,0.6080475607266789,0.7155756207674944,0.831230283911672,395,143,252,0.3620253164556962,0.29791666666666666,0.7108345534407028,0.6817713697219362,0.3182286302780638,0.49200128700128704,0.7721750321750321,0.7523007225455445,0.11957037683407262,0.39294927743447616,0.27337890060040354,36,26.35431918008785,36.91891891891892,35.0,0.6288646752939038,1.1944357238565733,0.6666666666666666,76.25,88.0,97.0,7.625,22.0,2.2,2,12,0.5,0.4166666666666667,0.08333333333333333,0.75,0.16666666666666666,0.6666666666666666,19.166666666666668,23.5,10.5,27.083333333333332
3,35,0.98,0.5,0.95,0.5,15,kf_sa_seed_0015.npz,35,5,35,666,700,886,480,0.7897897897897898,0.14714714714714713,0.06306306306306306,0.4257142857142857,0.38571428571428573,0.18857142857142858,0.9553990610328639,0.04460093896713615,0.0,0.26956521739130435,0.47608695652173916,0.2543478260869565,0.2686230248306998,0.6048734435599101,0.7313769751693002,0.808641975308642,368,130,238,0.3532608695652174,0.2708333333333333,0.7306002928257687,0.6593186372745491,0.3406813627254509,0.4891806091806092,0.7568972543972544,0.7313494527888527,0.1236825919693823,0.36267518673802224,0.23899259476863993,38,27.81844802342606,35.02564102564103,35.0,0.6288646752939038,1.1944357238565733,0.6666666666666666,76.5,89.5,93.0,7.65,22.5,2.25,2,12,0.4166666666666667,0.3333333333333333,0.08333333333333333,0.6666666666666666,0.0,0.6666666666666666,17.0,23.0,9.75,27.5
3,35,0.99,0.5,0.95,0.5,15,kf_sa_seed_0015.npz,35,5,35,666,700,886,480,0.7927927927927928,0.14264264264264265,0.06456456456456457,0.48,0.3442857142857143,0.1757142857142857,0.9624413145539906,0.03286384976525822,0.004694835680751174,0.31956521739130433,0.4434782608695652,0.23695652173913043,0.24604966139954854,0.5996989181465605,0.7539503386004515,0.7769461077844312,336,118,218,0.35119047619047616,0.24583333333333332,0.7540263543191801,0.6320388349514563,0.3679611650485437,0.48425353925353926,0.7334019734019734,0.7012730894288243,0.1267119637504326,0.3320317652617219,0.2053198015112893,34,24.890190336749633,39.02857142857143,35.0,0.6288646752939038,1.1944357238565733,0.6666666666666666,79.5,93.5,94.0,7.95,23.333333333333332,2.3333333333333335,2,12,0.4166666666666667,0.3333333333333333,0.08333333333333333,0.5833333333333334,0.0,0.6666666666666666,17.8,24.0,8.916666666666666,27.833333333333332
3,50,0.9,0.5,0.95,0.5,15,kf_sa_seed_0015.npz,50,5,35,651,700,871,480,0.7695852534562212,0.1597542242703533,0.0706605222734255,0.49,0.3271428571428571,0.18285714285714286,0.9586374695863747,0.0340632603406326,0.0072992700729927005,0.32608695652173914,0.4260869565217391,0.24782608695652175,0.24110218140068887,0.6032317782714482,0.7588978185993112,0.7685325264750378,333,123,210,0.36936936936936937,0.25625,0.7535159141376758,0.6178781925343811,0.38212180746561886,0.476221198156682,0.7273765635286372,0.7092905971113809,0.1443846698799712,0.3362675355517833,0.1918828656718121,36,26.646928201332347,36.513513513513516,50.0,0.6289455828866365,1.1944357238565733,0.6666666666666666,70.5,75.0,94.0,7.050000000000001,25.0,2.5,2,12,0.3333333333333333,0.25,0.08333333333333333,0.5833333333333334,0.0,0.5,16.25,18.5,9.333333333333334,28.75
3,50,0.95,0.5,0.95,0.5,15,kf_sa_seed_0015.npz,50,5,35,651,700,871,480,0.7649769585253456,0.16129032258064516,0.07373271889400922,0.5028571428571429,0.3171428571428571,0.18,0.9537712895377128,0.0340632603406326,0.012165450121654502,0.33695652173913043,0.41956521739130437,0.24347826086956523,0.23765786452353616,0.598624775203639,0.7623421354764638,0.7590361445783133,327,120,207,0.3669724770642202,0.25,0.7579570688378978,0.609375,0.390625,0.4724884792626728,0.7174281325433399,0.6971795310347518,0.14550433462889023,0.32678049968328937,0.18127616505439914,30,22.20577350111029,43.58064516129032,50.0,0.6289455828866365,1.1944357238565733,0.6666666666666666,71.25,75.5,95.0,7.125,25.5,2.5500000000000003,2,12,0.3333333333333333,0.25,0.08333333333333333,0.5,0.0,0.5,16.5,19.0,9.083333333333334,28.833333333333332
3,50,0.98,0.5,0.95,0.5,15,kf_sa_seed_0015.npz,50,5,35,651,700,871,480,0.7526881720430108,0.17357910906298002,0.07373271889400922,0.53,0.30428571428571427,0.1657142857142857,0.9391727493917275,0.043795620437956206,0.0170316301703163,0.3630434782608696,0.4108695652173913,0.22608695652173913,0.23765786452353616,0.5826298529567333,0.7623421354764638,0.7379518072289156,326,119,207,0.36503067484662577,0.24791666666666667,0.7586972612879349,0.5912195121951219,0.4087804878048781,0.4592012288786482,0.6958360763660303,0.6744312549701029,0.146173322796558,0.3083570032130022,0.16218368041644418,30,22.20577350111029,43.58064516129032,50.0,0.6289455828866365,1.1944357238565733,0.5,77.0,93.0,97.0,7.7,26.833333333333332,2.6833333333333336,3,12,0.3333333333333333,0.25,0.08333333333333333,0.5,0.0,0.5,16.75,19.5,8.833333333333334,28.916666666666668
3,50,0.99,0.5,0.95,0.5,15,kf_sa_seed_0015.npz,50,5,35,651,700,871,480,0.7526881720430108,0.17050691244239632,0.07680491551459294,0.57,0.2785714285714286,0.15142857142857144,0.9318734793187348,0.046228710462287104,0.021897810218978103,0.4108695652173913,0.3782608695652174,0.2108695652173913,0.22158438576349024,0.5713715222680631,0.7784156142365097,0.7079646017699115,306,113,193,0.369281045751634,0.23541666666666666,0.7735011102886751,0.570334928229665,0.42966507177033497,0.4520583717357911,0.6735264428351986,0.6512468208742249,0.14571172530854806,0.2872300955385526,0.14151837023000455,26,19.24500370096225,50.03703703703704,50.0,0.6289455828866365,1.1944357238565733,0.5,80.33333333333333,97.0,100.0,8.033333333333333,27.0,2.7,3,12,0.3333333333333333,0.25,0.08333333333333333,0.4166666666666667,0.0,0.5,16.0,17.5,8.083333333333334,28.666666666666668
5,20,0.9,0.5,0.95,0.5,15,kf_sa_seed_0015.npz,20,5,35,681,700,901,480,0.17474302496328928,0.7958883994126285,0.02936857562408223,0.07285714285714286,0.7628571428571429,0.16428571428571428,0.1927437641723356,0.8072562358276644,0.0,0.03260869565217391,0.7456521739130435,0.2217391304347826,0.7758046614872364,0.2072414473035591,0.2241953385127636,0.9257425742574258,1076,377,699,0.3503717472118959,0.7854166666666667,0.22085445329471398,0.7672131147540984,0.23278688524590163,0.16951436962450178,0.7905034612964128,0.8060263620534477,0.17253816638997127,0.4951409891238307,0.32260282273385943,51,36.92976104272267,26.557692307692307,,0.6286169644974468,1.1944357238565733,0.3333333333333333,57.0,57.0,87.0,5.7,43.8,4.38,4,12,0.25,0.25,0.0,1.0,0.16666666666666666,0.3333333333333333,23.0,25.0,27.333333333333332,32.0
5,20,0.95,0.5,0.95,0.5,15,kf_sa_seed_0015.npz,20,5,35,681,700,901,480,0.30837004405286345,0.6622613803230544,0.02936857562408223,0.11142857142857143,0.7285714285714285,0.16,0.3310657596371882,0.6689342403628118,0.0,0.043478260869565216,0.7369565217391304,0.21956521739130436,0.7036625971143174,0.27531548851424625,0.29633740288568255,0.9250936329588015,961,327,634,0.34027055150884494,0.68125,0.30412744388124546,0.7666666666666667,0.23333333333333328,0.2341850220264317,0.7822425005244389,0.7937077881544462,0.15008406131518232,0.46557299286155235,0.31548893154637003,65,47.067342505430844,20.924242424242426,50.0,0.6286169644974468,1.1944357238565733,0.3333333333333333,59.5,59.5,90.0,5.95,35.8,3.58,4,12,0.3333333333333333,0.25,0.08333333333333333,0.9166666666666666,0.16666666666666666,0.3333333333333333,17.5,20.5,22.666666666666668,29.166666666666668
5,20,0.98,0.5,0.95,0.5,15,kf_sa_seed_0015.npz,20,5,35,681,700,901,480,0.5359765051395007,0.4302496328928047,0.033773861967694566,0.19,0.6357142857142857,0.1742857142857143,0.6077097505668935,0.3922902494331066,0.0,0.08260869565217391,0.6847826086956522,0.2326086956521739,0.5416204217536071,0.4201592231095337,0.4583795782463929,0.9079903147699758,738,250,488,0.33875338753387535,0.5208333333333334,0.4656046343229544,0.7573872472783826,0.24261275272161742,0.3551311097126075,0.7729955947136564,0.7741360721460638,0.12596843810427164,0.42729386637121997,0.3013254282669483,67,48.515568428674875,20.308823529411764,32.0,0.6286169644974468,1.1944357238565733,0.3333333333333333,55.5,55.5,86.0,5.550000000000001,33.166666666666664,3.3166666666666664,4,12,0.4166666666666667,0.3333333333333333,0.08333333333333333,0.9166666666666666,0.16666666666666666,0.5,16.2,18.0,17.75,27.166666666666668
5,20,0.99,0.5,0.95,0.5,15,kf_sa_seed_0015.npz,20,5,35,681,700,901,480,0.618208516886931,0.3465491923641703,0.03524229074889868,0.2957142857142857,0.5271428571428571,0.17714285714285713,0.7188208616780045,0.2811791383219955,0.0,0.13478260869565217,0.6260869565217392,0.2391304347826087,0.4572697003329634,0.4789756482303066,0.5427302996670367,0.8732106339468303,605,193,412,0.31900826446280994,0.40208333333333335,0.5619116582186822,0.7023195876288659,0.2976804123711341,0.3976756870148941,0.743830501363541,0.7551677643827633,0.11670231670958951,0.39516553872610577,0.27846322201651624,29,20.99927588703838,46.03333333333333,29.0,0.6286169644974468,1.1944357238565733,0.3333333333333333,56.0,56.0,86.0,5.6000000000000005,42.5,4.25,4,12,0.3333333333333333,0.25,0.08333333333333333,0.8333333333333334,0.16666666666666666,0.3333333333333333,13.75,14.5,14.25,27.916666666666668
5,25,0.9,0.5,0.95,0.5,15,kf_sa_seed_0015.npz,25,5,35,676,700,896,480,0.39644970414201186,0.5710059171597633,0.03254437869822485,0.12428571428571429,0.7157142857142857,0.16,0.4426605504587156,0.5573394495412844,0.0,0.05217391304347826,0.7260869565217392,0.2217391304347826,0.6439732142857143,0.3321998404467491,0.3560267857142857,0.9247648902821317,887,310,577,0.34949267192784667,0.6458333333333334,0.3553779069767442,0.7770961145194274,0.2229038854805726,0.27822485207100595,0.7802007607776839,0.7891058850046121,0.14604320130394774,0.45969133541780643,0.3136481341138587,65,47.23837209302326,20.848484848484848,34.0,0.6277355299899169,1.1944357238565733,0.3333333333333333,60.0,60.0,90.0,6.0,35.833333333333336,3.583333333333334,4,12,0.4166666666666667,0.3333333333333333,0.08333333333333333,0.9166666666666666,0.16666666666666666,0.5,19.2,23.0,21.583333333333332,28.416666666666668
5,25,0.95,0.5,0.95,0.5,15,kf_sa_seed_0015.npz,25,5,35,676,700,896,480,0.4985207100591716,0.46745562130177515,0.034023668639053255,0.15857142857142856,0.6828571428571428,0.15857142857142856,0.5596330275229358,0.44036697247706424,0.0,0.07173913043478261,0.7086956521739131,0.21956521739130436,0.578125,0.38959912245712003,0.421875,0.9126984126984127,794,276,518,0.34760705289672544,0.575,0.42296511627906974,0.7697594501718213,0.23024054982817865,0.32854606931530006,0.7722252747252747,0.7789315147861959,0.13309863095291918,0.4379877365485128,0.3048891055955936,55,39.97093023255814,24.571428571428573,32.0,0.6277355299899169,1.1944357238565733,0.3333333333333333,61.0,61.0,92.0,6.1000000000000005,34.833333333333336,3.483333333333334,4,12,0.4166666666666667,0.3333333333333333,0.08333333333333333,0.9166666666666666,0.16666666666666666,0.5,18.4,19.0,20.0,28.083333333333332
5,25,0.98,0.5,0.95,0.5,15,kf_sa_seed_0015.npz,25,5,35,676,700,896,480,0.6553254437869822,0.3076923076923077,0.03698224852071006,0.2714285714285714,0.5571428571428572,0.17142857142857143,0.7545871559633027,0.24541284403669725,0.0,0.12391304347826088,0.6413043478260869,0.23478260869565218,0.4486607142857143,0.49468488232947744,0.5513392857142857,0.8846153846153846,598,196,402,0.3277591973244147,0.4083333333333333,0.565406976744186,0.7236503856041131,0.2763496143958869,0.41337700760777685,0.7596999154691463,0.7576044334805356,0.12048068167635449,0.4054181208211131,0.2849374391447586,53,38.51744186046512,25.48148148148148,29.0,0.6277355299899169,1.1944357238565733,0.3333333333333333,58.0,58.0,88.0,5.800000000000001,26.0,2.6,4,12,0.4166666666666667,0.3333333333333333,0.08333333333333333,0.8333333333333334,0.16666666666666666,0.5,16.4,20.0,14.25,27.25
5,25,0.99,0.5,0.95,0.5,15,kf_sa_seed_0015.npz,25,5,35,676,700,896,480,0.6745562130177515,0.28550295857988167,0.03994082840236687,0.33285714285714285,0.49857142857142855,0.16857142857142857,0.8073394495412844,0.1926605504587156,0.0,0.15217391304347827,0.6130434782608696,0.23478260869565218,0.40848214285714285,0.5210610291184683,0.5915178571428571,0.8679245283018868,542,176,366,0.3247232472324723,0.36666666666666664,0.6061046511627907,0.6882494004796164,0.31175059952038364,0.42156382079459004,0.7410883347421809,0.7432814006128995,0.10944331610553823,0.3751978080039261,0.26575449189838785,43,31.25,31.272727272727273,29.0,0.6277355299899169,1.1944357238565733,0.3333333333333333,60.0,60.0,90.0,6.0,27.833333333333332,2.783333333333333,4,12,0.3333333333333333,0.25,0.08333333333333333,0.8333333333333334,0.16666666666666666,0.3333333333333333,14.75,14.5,12.583333333333334,28.25
5,35,0.9,0.5,0.95,0.5,15,kf_sa_seed_0015.npz,35,5,35,666,700,886,480,0.6246246246246246,0.33783783783783783,0.03753753753753754,0.24,0.61,0.15,0.7347417840375586,0.2652582159624413,0.0,0.09782608695652174,0.6847826086956522,0.21739130434782608,0.48306997742663654,0.47606654419269234,0.5169300225733634,0.9017467248908297,652,224,428,0.34355828220858897,0.4666666666666667,0.5226939970717424,0.7296918767507002,0.27030812324929976,0.38731231231231233,0.7560188760188761,0.7542839873760959,0.12508972450424363,0.40308983076617355,0.27800010626192995,58,42.4597364568082,23.152542372881356,35.0,0.6288646752939038,1.1944357238565733,0.3333333333333333,65.5,65.5,96.0,6.550000000000001,23.833333333333332,2.3833333333333333,4,12,0.3333333333333333,0.25,0.08333333333333333,0.8333333333333334,0.0,0.5,14.75,15.0,16.0,28.25
5,35,0.95,0.5,0.95,0.5,15,kf_sa_seed_0015.npz,35,5,35,666,700,886,480,0.6891891891891891,0.2672672672672673,0.04354354354354354,0.30142857142857143,0.5471428571428572,0.15142857142857144,0.8192488262910798,0.1807511737089202,0.0,0.12608695652173912,0.6543478260869565,0.21956521739130436,0.42663656884875845,0.519407021841192,0.5733634311512416,0.8858267716535433,561,183,378,0.32620320855614976,0.38125,0.5893118594436311,0.7018633540372671,0.2981366459627329,0.4203088803088803,0.7437644787644787,0.7459764272289656,0.12227998406247334,0.38365868774393724,0.2613787036814639,54,39.53147877013177,24.836363636363636,35.0,0.6288646752939038,1.1944357238565733,0.3333333333333333,66.0,66.0,96.0,6.6000000000000005,23.666666666666668,2.3666666666666667,4,12,0.3333333333333333,0.25,0.08333333333333333,0.8333333333333334,0.0,0.5,14.5,14.5,13.083333333333334,28.166666666666668
5,35,0.98,0.5,0.95,0.5,15,kf_sa_seed_0015.npz,35,5,35,666,700,886,480,0.7447447447447447,0.2042042042042042,0.05105105105105105,0.35428571428571426,0.48857142857142855,0.15714285714285714,0.8896713615023474,0.11032863849765258,0.0,0.15434782608695652,0.6173913043478261,0.22826086956521738,0.37358916478555304,0.5589661155337824,0.626410835214447,0.872072072072072,478,147,331,0.3075313807531381,0.30625,0.6500732064421669,0.6824324324324325,0.31756756756756754,0.45094380094380093,0.7216816816816817,0.7099753675821607,0.1207659502785208,0.3576244879285323,0.2368585376500115,40,29.282576866764277,33.31707317073171,35.0,0.6288646752939038,1.1944357238565733,0.3333333333333333,65.0,65.0,95.0,6.5,22.666666666666668,2.266666666666667,4,12,0.4166666666666667,0.3333333333333333,0.08333333333333333,0.6666666666666666,0.0,0.6666666666666666,17.0,22.0,10.333333333333334,27.5
5,35,0.99,0.5,0.95,0.5,15,kf_sa_seed_0015.npz,35,5,35,666,700,886,480,0.7912912912912913,0.15465465465465467,0.05405405405405406,0.4,0.44142857142857145,0.15857142857142856,0.9553990610328639,0.04225352112676056,0.002347417840375587,0.2217391304347826,0.5478260869565217,0.23043478260869565,0.3047404063205418,0.5929169218207797,0.6952595936794582,0.8327922077922078,412,142,270,0.3446601941747573,0.29583333333333334,0.698389458272328,0.6687631027253669,0.3312368972746331,0.47493135993135993,0.7154332904332904,0.7049075909642168,0.11329722001584085,0.335544040608077,0.22224682059223616,38,27.81844802342606,35.02564102564103,35.0,0.6288646752939038,1.1944357238565733,0.3333333333333333,65.0,65.0,95.0,6.5,22.166666666666668,2.216666666666667,4,12,0.4166666666666667,0.3333333333333333,0.08333333333333333,0.5833333333333334,0.0,0.6666666666666666,16.4,23.0,9.833333333333334,27.25
5,50,0.9,0.5,0.95,0.5,15,kf_sa_seed_0015.npz,50,5,35,651,700,871,480,0.7373271889400922,0.20583717357910905,0.05683563748079877,0.42714285714285716,0.4342857142857143,0.13857142857142857,0.902676399026764,0.09245742092457421,0.004866180048661801,0.2326086956521739,0.5673913043478261,0.2,0.34328358208955223,0.551338199513382,0.6567164179104478,0.8094405594405595,438,139,299,0.317351598173516,0.28958333333333336,0.6757957068837898,0.6319824753559693,0.3680175246440307,0.4379493087557604,0.6977836295808646,0.7001692036667155,0.13082919306532909,0.33459120602707854,0.20376201296174945,38,28.127313101406365,34.64102564102564,50.0,0.6289455828866365,1.1944357238565733,0.3333333333333333,73.0,73.0,104.0,7.300000000000001,27.166666666666668,2.716666666666667,4,12,0.25,0.16666666666666666,0.08333333333333333,0.5,0.0,0.3333333333333333,10.666666666666666,8.0,9.916666666666666,28.916666666666668
5,50,0.95,0.5,0.95,0.5,15,kf_sa_seed_0015.npz,50,5,35,651,700,871,480,0.7542242703533026,0.18740399385560677,0.05837173579109063,0.44857142857142857,0.4157142857142857,0.1357142857142857,0.9245742092457421,0.0681265206812652,0.0072992700729927005,0.25869565217391305,0.5456521739130434,0.1956521739130435,0.3203214695752009,0.5601131915793928,0.6796785304247991,0.793918918918919,413,134,279,0.324455205811138,0.2791666666666667,0.694300518134715,0.6247334754797441,0.3752665245202559,0.44496927803379416,0.6865635286372613,0.6884868231095898,0.13212670733130225,0.3200545661535994,0.18792785882229715,30,22.20577350111029,43.58064516129032,50.0,0.6289455828866365,1.1944357238565733,0.3333333333333333,74.5,74.5,106.0,7.45,26.0,2.6,4,12,0.3333333333333333,0.25,0.08333333333333333,0.5,0.0,0.5,15.0,17.0,9.333333333333334,28.333333333333332
5,50,0.98,0.5,0.95,0.5,15,kf_sa_seed_0015.npz,50,5,35,651,700,871,480,0.7619047619047619,0.17511520737327188,0.0629800307219662,0.47714285714285715,0.3842857142857143,0.13857142857142857,0.9318734793187348,0.0535279805352798,0.014598540145985401,0.2891304347826087,0.5108695652173914,0.2,0.29506314580941445,0.5659367396593674,0.7049368541905855,0.7736156351791531,383,126,257,0.3289817232375979,0.2625,0.7165062916358254,0.612603305785124,0.387396694214876,0.4502380952380952,0.6685977616853193,0.6646900167606724,0.13323265828519482,0.30439006713378775,0.17115740884859293,22,16.28423390081421,58.73913043478261,50.0,0.6289455828866365,1.1944357238565733,0.3333333333333333,74.0,74.0,105.0,7.4,26.166666666666668,2.616666666666667,4,12,0.3333333333333333,0.25,0.08333333333333333,0.5,0.0,0.5,15.0,16.0,8.833333333333334,28.333333333333332
5,50,0.99,0.5,0.95,0.5,15,kf_sa_seed_0015.npz,50,5,35,651,700,871,480,0.7726574500768049,0.16282642089093702,0.06451612903225806,0.5228571428571429,0.3314285714285714,0.1457142857142857,0.9343065693430657,0.04866180048661801,0.0170316301703163,0.35,0.4391304347826087,0.2108695652173913,0.25487944890929964,0.5725880672802285,0.7451205510907003,0.7411402157164869,338,116,222,0.3431952662721893,0.24166666666666667,0.7498149518874907,0.5972359328726555,0.40276406712734447,0.4591858678955453,0.6496335308316875,0.650614698915678,0.12749668429000066,0.2821423840873731,0.15464569979737242,24,17.764618800888233,54.04,50.0,0.6289455828866365,1.1944357238565733,0.3333333333333333,72.5,72.5,104.0,7.25,24.833333333333332,2.4833333333333334,4,12,0.3333333333333333,0.16666666666666666,0.16666666666666666,0.4166666666666667,0.0,0.3333333333333333,13.25,12.5,8.0,27.75
7,35,0.9,0.5,0.95,0.5,15,kf_sa_seed_0015.npz,35,5,35,666,700,886,480,0.25075075075075076,0.7132132132132132,0.036036036036036036,0.13857142857142857,0.71,0.15142857142857144,0.29107981220657275,0.7089201877934272,0.0,0.034782608695652174,0.7478260869565218,0.21739130434782608,0.7291196388261851,0.2542355582771994,0.2708803611738149,0.9333333333333333,972,326,646,0.33539094650205764,0.6791666666666667,0.2884333821376281,0.6928934010152284,0.30710659898477155,0.2010896610896611,0.7522887172887173,0.7573432172001127,0.164605428840656,0.43592045843601196,0.27131502959535597,50,36.603221083455345,26.784313725490197,36.0,0.6288646752939038,1.1944357238565733,0.3333333333333333,64.5,64.5,95.0,6.45,38.2,3.8200000000000003,4,12,0.25,0.16666666666666666,0.08333333333333333,0.9166666666666666,0.0,0.3333333333333333,19.333333333333332,28.0,22.583333333333332,31.083333333333332
7,35,0.95,0.5,0.95,0.5,15,kf_sa_seed_0015.npz,35,5,35,666,700,886,480,0.3843843843843844,0.5780780780780781,0.03753753753753754,0.1742857142857143,0.6728571428571428,0.15285714285714286,0.4694835680751174,0.5305164319248826,0.0,0.07173913043478261,0.7065217391304348,0.2217391304347826,0.6218961625282167,0.34561134925494996,0.3781038374717833,0.9014925373134328,856,305,551,0.35630841121495327,0.6354166666666666,0.3733528550512445,0.711764705882353,0.28823529411764703,0.2686207636207636,0.7425396825396825,0.741666449448351,0.14934313549037542,0.4104912717087549,0.26114813621837946,32,23.42606149341142,41.39393939393939,36.0,0.6288646752939038,1.1944357238565733,0.3333333333333333,64.5,64.5,94.0,6.45,40.166666666666664,4.016666666666667,4,12,0.25,0.16666666666666666,0.08333333333333333,0.9166666666666666,0.0,0.3333333333333333,18.666666666666668,27.0,21.75,30.916666666666668
7,35,0.98,0.5,0.95,0.5,15,kf_sa_seed_0015.npz,35,5,35,666,700,886,480,0.6021021021021021,0.35135135135135137,0.046546546546546545,0.23714285714285716,0.61,0.15285714285714286,0.7511737089201878,0.24882629107981222,0.0,0.09347826086956522,0.6847826086956522,0.2217391304347826,0.4751693002257336,0.4864564196774852,0.5248306997742663,0.9075268817204301,661,240,421,0.3630862329803328,0.5,0.5161054172767203,0.7205673758865249,0.27943262411347514,0.3774796224796225,0.7292084942084942,0.7272052830484775,0.13180683313231262,0.3726562041018283,0.2408493709695157,33,24.15812591508053,40.1764705882353,36.0,0.6288646752939038,1.1944357238565733,0.3333333333333333,65.5,65.5,95.0,6.550000000000001,38.0,3.8000000000000003,4,12,0.25,0.16666666666666666,0.08333333333333333,0.9166666666666666,0.0,0.3333333333333333,15.666666666666666,20.0,17.75,30.166666666666668
7,35,0.99,0.5,0.95,0.5,15,kf_sa_seed_0015.npz,35,5,35,666,700,886,480,0.6831831831831832,0.26876876876876876,0.04804804804804805,0.32571428571428573,0.5214285714285715,0.15285714285714286,0.8591549295774648,0.14084507042253522,0.0,0.14130434782608695,0.6369565217391304,0.2217391304347826,0.3984198645598194,0.5404470300061237,0.6015801354401806,0.8780487804878049,544,191,353,0.35110294117647056,0.39791666666666664,0.6017569546120058,0.683698296836983,0.316301703163017,0.418020163020163,0.6951887601887602,0.705798899097311,0.12180341250945206,0.34654896386300804,0.22474555135355598,39,28.55051244509517,34.15,36.0,0.6288646752939038,1.1944357238565733,0.3333333333333333,66.0,66.0,96.0,6.6000000000000005,31.666666666666668,3.166666666666667,4,12,0.25,0.16666666666666666,0.08333333333333333,0.75,0.0,0.3333333333333333,15.333333333333334,18.0,14.166666666666666,30.083333333333332
7,50,0.9,0.5,0.95,0.5,15,kf_sa_seed_0015.npz,50,5,35,651,700,871,480,0.6405529953917051,0.30721966205837176,0.05222734254992319,0.26571428571428574,0.6,0.13428571428571429,0.8029197080291971,0.19708029197080293,0.0,0.0891304347826087,0.717391304347826,0.1934782608695652,0.4718714121699196,0.49819898444938115,0.5281285878300803,0.9108695652173913,620,209,411,0.3370967741935484,0.4354166666666667,0.5410806809770541,0.6990424076607387,0.30095759233926134,0.3874193548387097,0.7025565064735572,0.7110634158482239,0.1426480904886758,0.35433535949588557,0.21168726900720977,42,31.088082901554404,31.41860465116279,50.0,0.6289455828866365,1.1944357238565733,0.3333333333333333,73.5,73.5,104.0,7.3500000000000005,31.666666666666668,3.166666666666667,4,12,0.25,0.16666666666666666,0.08333333333333333,0.8333333333333334,0.0,0.3333333333333333,15.666666666666666,19.0,15.583333333333334,30.166666666666668
7,50,0.95,0.5,0.95,0.5,15,kf_sa_seed_0015.npz,50,5,35,651,700,871,480,0.6712749615975423,0.2749615975422427,0.053763440860215055,0.32,0.5457142857142857,0.13428571428571429,0.8491484184914841,0.15085158150851583,0.0,0.11304347826086956,0.6934782608695652,0.1934782608695652,0.43742824339839265,0.5213133396805247,0.5625717566016073,0.8938775510204081,561,180,381,0.32085561497326204,0.375,0.5847520355292376,0.6721518987341772,0.32784810126582276,0.40278033794162826,0.6880118499012509,0.6952736643006037,0.13983958241818287,0.33724910874552005,0.1974095263273372,36,26.646928201332347,36.513513513513516,50.0,0.6289455828866365,1.1944357238565733,0.3333333333333333,74.0,74.0,104.0,7.4,32.0,3.2,4,12,0.25,0.16666666666666666,0.08333333333333333,0.6666666666666666,0.0,0.3333333333333333,15.666666666666666,19.0,13.25,30.166666666666668
7,50,0.98,0.5,0.95,0.5,15,kf_sa_seed_0015.npz,50,5,35,651,700,871,480,0.7127496159754224,0.23195084485407066,0.055299539170506916,0.40285714285714286,0.46285714285714286,0.13428571428571429,0.9075425790754258,0.09002433090024331,0.0024330900243309003,0.20217391304347826,0.6043478260869565,0.1934782608695652,0.3616532721010333,0.5505104199724955,0.6383467278989667,0.8309352517985612,475,160,315,0.3368421052631579,0.3333333333333333,0.6484085862324205,0.636986301369863,0.363013698630137,0.4235176651305683,0.6657296466973887,0.6760201412422268,0.13395520416399523,0.31319907550641496,0.17924387134241973,30,22.20577350111029,43.58064516129032,50.0,0.6289455828866365,1.1944357238565733,0.3333333333333333,75.0,75.0,105.0,7.5,29.833333333333332,2.9833333333333334,4,12,0.25,0.16666666666666666,0.08333333333333333,0.5833333333333334,0.0,0.3333333333333333,15.666666666666666,18.0,11.666666666666666,30.166666666666668
7,50,0.99,0.5,0.95,0.5,15,kf_sa_seed_0015.npz,50,5,35,651,700,871,480,0.7204301075268817,0.22119815668202766,0.05837173579109063,0.44571428571428573,0.41714285714285715,0.13714285714285715,0.9148418491484185,0.07785888077858881,0.0072992700729927005,0.2391304347826087,0.5630434782608695,0.19782608695652174,0.3340987370838117,0.5563339680524702,0.6659012629161883,0.8051724137931034,436,145,291,0.33256880733944955,0.3020833333333333,0.6772760917838638,0.6174863387978142,0.3825136612021858,0.42878648233486943,0.6349155145929339,0.6522472925057682,0.13043863281906623,0.2956045134860997,0.16516588066703344,24,17.764618800888233,54.04,50.0,0.6289455828866365,1.1944357238565733,0.3333333333333333,74.5,74.5,104.0,7.45,29.166666666666668,2.916666666666667,4,12,0.3333333333333333,0.25,0.08333333333333333,0.5,0.0,0.5,19.75,23.5,10.416666666666666,29.916666666666668
10,50,0.9,0.5,0.95,0.5,15,kf_sa_seed_0015.npz,50,5,35,651,700,871,480,0.18433179723502305,0.7757296466973886,0.039938556067588324,0.10142857142857142,0.79,0.10857142857142857,0.20681265206812652,0.7931873479318735,0.0,0.06086956521739131,0.7847826086956522,0.15434782608695652,0.7887485648679678,0.1805802390775415,0.21125143513203215,0.8478260869565217,1058,371,687,0.3506616257088847,0.7729166666666667,0.21687638786084382,0.6689419795221843,0.33105802047781574,0.1464516129032258,0.6690937019969279,0.6872354591012486,0.18401104992939232,0.3546282690266215,0.17061721909722916,36,26.646928201332347,36.513513513513516,,0.6289455828866365,1.1944357238565733,0.3333333333333333,81.0,81.0,110.0,8.1,31.75,3.1750000000000003,4,12,0.08333333333333333,0.0,0.08333333333333333,0.9166666666666666,0.0,0.0,0.0,0.0,26.416666666666668,32.083333333333336
10,50,0.95,0.5,0.95,0.5,15,kf_sa_seed_0015.npz,50,5,35,651,700,871,480,0.2857142857142857,0.6697388632872504,0.0445468509984639,0.19857142857142857,0.7,0.10142857142857142,0.35766423357664234,0.6423357664233577,0.0,0.0782608695652174,0.7782608695652173,0.14347826086956522,0.7141216991963261,0.25057124722310375,0.28587830080367393,0.8554216867469879,926,304,622,0.3282937365010799,0.6333333333333333,0.3145817912657291,0.6047058823529412,0.3952941176470588,0.19357142857142856,0.6578977397410577,0.6713164158799925,0.17312061303832624,0.3293723645137454,0.15625175147541917,58,42.93116210214656,22.89830508474576,54.0,0.6289455828866365,1.1944357238565733,0.3333333333333333,83.5,83.5,113.0,8.35,31.25,3.125,4,12,0.08333333333333333,0.0,0.08333333333333333,0.9166666666666666,0.0,0.0,0.0,0.0,21.25,32.083333333333336
10,50,0.98,0.5,0.95,0.5,15,kf_sa_seed_0015.npz,50,5,35,651,700,871,480,0.5176651305683564,0.434715821812596,0.047619047619047616,0.34,0.5814285714285714,0.07857142857142857,0.6520681265206812,0.34793187347931875,0.0,0.12173913043478261,0.7695652173913043,0.10869565217391304,0.5706084959816303,0.38038188934729716,0.4293915040183697,0.8502673796791443,690,193,497,0.2797101449275362,0.40208333333333335,0.48926720947446334,0.5930408472012103,0.4069591527987897,0.29811827956989245,0.6344985736229976,0.6402490206642961,0.15787390893481035,0.2819132200475019,0.12403931111269156,39,28.867505551443376,33.775,54.0,0.6289455828866365,1.1944357238565733,0.3333333333333333,90.5,90.5,120.0,9.05,38.8,3.88,4,12,0.16666666666666666,0.08333333333333333,0.08333333333333333,0.75,0.0,0.16666666666666666,13.5,13.5,13.833333333333334,31.416666666666668
10,50,0.99,0.5,0.95,0.5,15,kf_sa_seed_0015.npz,50,5,35,651,700,871,480,0.5867895545314901,0.37019969278033793,0.043010752688172046,0.42428571428571427,0.5342857142857143,0.041428571428571426,0.7396593673965937,0.26034063260340634,0.0,0.21304347826086956,0.7347826086956522,0.05217391304347826,0.5109070034443168,0.395916640220036,0.4890929965556831,0.7699530516431925,615,170,445,0.2764227642276423,0.3541666666666667,0.5447816432272391,0.5584239130434783,0.44157608695652173,0.3141090629800307,0.6052007899934168,0.5988324301507663,0.14454450492640272,0.232582505289355,0.08803800036295228,25,18.50481125092524,51.96153846153846,54.0,0.6289455828866365,1.1944357238565733,0.16666666666666666,71.0,71.0,71.0,7.1000000000000005,32.2,3.2200000000000006,5,12,0.16666666666666666,0.08333333333333333,0.08333333333333333,0.5833333333333334,0.0,0.16666666666666666,9.0,9.0,11.833333333333334,30.666666666666668
3,20,0.9,0.5,0.95,0.5,16,kf_sa_seed_0016.npz,20,5,35,681,700,901,480,0.7444933920704846,0.2143906020558003,0.041116005873715125,0.21142857142857144,0.6142857142857143,0.1742857142857143,0.8049886621315193,0.19501133786848074,0.0,0.11521739130434783,0.6760869565217391,0.20869565217391303,0.4406215316315205,0.5068421571527162,0.5593784683684795,0.8948412698412699,576,179,397,0.3107638888888889,0.3729166666666667,0.5829109341057205,0.7813664596273292,0.2186335403726708,0.45938955317809943,0.8111222991399203,0.8053816259528848,0.08409766355013427,0.441473072210293,0.35737540866015877,76,55.03258508327299,17.935064935064936,20.0,0.5489621534259315,0.9628171013595602,0.5,54.666666666666664,26.0,115.0,5.466666666666667,12.166666666666666,1.2166666666666668,3,12,0.5833333333333334,0.5,0.08333333333333333,0.8333333333333334,0.3333333333333333,0.6666666666666666,12.0,10.0,11.75,21.583333333333332
3,20,0.95,0.5,0.95,0.5,16,kf_sa_seed_0016.npz,20,5,35,681,700,901,480,0.8032305433186491,0.15418502202643172,0.042584434654919234,0.25142857142857145,0.5842857142857143,0.16428571428571428,0.8775510204081632,0.12244897959183673,0.0,0.14130434782608695,0.6543478260869565,0.20434782608695654,0.3940066592674806,0.5409494232475599,0.6059933407325194,0.8809523809523809,514,159,355,0.3093385214007782,0.33125,0.6278059377262853,0.7635524798154556,0.2364475201845444,0.48375812880218166,0.8073001887979862,0.7997612041505545,0.07554487912339206,0.4177110027020086,0.34216612357861653,70,50.68790731354091,19.450704225352112,20.0,0.5489621534259315,0.9628171013595602,0.5,56.666666666666664,29.0,116.0,5.666666666666667,11.333333333333334,1.1333333333333335,3,12,0.5833333333333334,0.5,0.08333333333333333,0.8333333333333334,0.3333333333333333,0.6666666666666666,11.714285714285714,9.0,10.166666666666666,21.416666666666668
3,20,0.98,0.5,0.95,0.5,16,kf_sa_seed_0016.npz,20,5,35,681,700,901,480,0.8810572687224669,0.07488986784140969,0.04405286343612335,0.33285714285714285,0.52,0.14714285714285713,0.9659863945578231,0.034013605442176874,0.0,0.16521739130434782,0.6456521739130435,0.1891304347826087,0.3462819089900111,0.5775584146702158,0.6537180910099889,0.8709677419354839,415,103,312,0.24819277108433735,0.21458333333333332,0.6994931209268646,0.727743271221532,0.27225672877846796,0.514100062932662,0.7941095028319698,0.786853456494957,0.06805725158600102,0.3747324903274562,0.3066752387414552,30,21.72338884866039,44.54838709677419,20.0,0.5489621534259315,0.9628171013595602,0.5,59.666666666666664,31.0,121.0,5.966666666666667,12.5,1.25,3,12,0.5833333333333334,0.4166666666666667,0.16666666666666666,0.75,0.3333333333333333,0.5,12.285714285714286,10.0,7.0,21.75
3,20,0.99,0.5,0.95,0.5,16,kf_sa_seed_0016.npz,20,5,35,681,700,901,480,0.8883994126284875,0.06461086637298091,0.04698972099853157,0.37857142857142856,0.49,0.13142857142857142,0.9682539682539683,0.031746031746031744,0.0,0.19130434782608696,0.6282608695652174,0.18043478260869567,0.3362930077691454,0.574344375431332,0.6637069922308546,0.8528428093645485,387,84,303,0.21705426356589147,0.175,0.719768283852281,0.7012072434607646,0.2987927565392354,0.5099139920285295,0.7735913572477449,0.7681511146832843,0.06711467929162418,0.3301643695480263,0.2630496902564021,30,21.72338884866039,44.54838709677419,20.0,0.5489621534259315,0.9628171013595602,0.3333333333333333,77.5,77.5,124.0,7.75,12.833333333333334,1.2833333333333334,4,12,0.5,0.3333333333333333,0.16666666666666666,0.5833333333333334,0.16666666666666666,0.5,9.833333333333334,9.0,5.833333333333333,22.416666666666668
3,25,0.9,0.5,0.95,0.5,16,kf_sa_seed_0016.npz,25,5,35,676,700,896,480,0.8461538461538461,0.10946745562130178,0.04437869822485207,0.29714285714285715,0.5428571428571428,0.16,0.9288990825688074,0.07110091743119266,0.0,0.15217391304347827,0.6478260869565218,0.2,0.3671875,0.5644495412844037,0.6328125,0.8765432098765432,454,125,329,0.2753303964757709,0.2604166666666667,0.6700581395348837,0.7418655097613883,0.2581344902386117,0.5030769230769231,0.7946217244294167,0.791146305251311,0.0736496648717355,0.40638021917565653,0.332730554303921,58,42.151162790697676,23.322033898305083,25.0,0.5498644425416285,0.9628171013595602,0.5,57.666666666666664,29.0,118.0,5.766666666666667,12.166666666666666,1.2166666666666668,3,12,0.5833333333333334,0.4166666666666667,0.16666666666666666,0.75,0.3333333333333333,0.5,12.571428571428571,11.0,8.5,21.916666666666668
3,25,0.95,0.5,0.95,0.5,16,kf_sa_seed_0016.npz,25,5,35,676,700,896,480,0.8609467455621301,0.09467455621301775,0.04437869822485207,0.32857142857142857,0.5185714285714286,0.15285714285714286,0.944954128440367,0.05504587155963303,0.0,0.15869565217391304,0.6456521739130435,0.1956521739130435,0.35825892857142855,0.5703031511767053,0.6417410714285714,0.8730434782608696,427,106,321,0.24824355971896955,0.22083333333333333,0.6896802325581395,0.726027397260274,0.273972602739726,0.5069019442096365,0.7873055790363482,0.7847262809698993,0.07013854888592332,0.38665064916071334,0.31651210027479004,36,26.162790697674417,37.189189189189186,25.0,0.5498644425416285,0.9628171013595602,0.5,59.333333333333336,30.0,120.0,5.933333333333334,12.666666666666666,1.2666666666666666,3,12,0.5833333333333334,0.4166666666666667,0.16666666666666666,0.75,0.3333333333333333,0.5,12.428571428571429,10.0,7.166666666666667,21.833333333333332
3,25,0.98,0.5,0.95,0.5,16,kf_sa_seed_0016.npz,25,5,35,676,700,896,480,0.8890532544378699,0.06360946745562131,0.047337278106508875,0.36428571428571427,0.49142857142857144,0.1442857142857143,0.9701834862385321,0.02981651376146789,0.0,0.18043478260869567,0.6217391304347826,0.19782608695652174,0.33370535714285715,0.584004786597527,0.6662946428571429,0.8609715242881072,387,88,299,0.22739018087855298,0.18333333333333332,0.71875,0.7098078867542973,0.2901921132457027,0.516669484361792,0.7712447168216399,0.7693492419120214,0.06809041840397047,0.35002489701266293,0.2819344786086925,26,18.8953488372093,50.96296296296296,25.0,0.5498644425416285,0.9628171013595602,0.3333333333333333,76.5,76.5,123.0,7.65,12.666666666666666,1.2666666666666666,4,12,0.5,0.3333333333333333,0.16666666666666666,0.6666666666666666,0.16666666666666666,0.5,9.666666666666666,9.0,6.25,22.333333333333332
3,25,0.99,0.5,0.95,0.5,16,kf_sa_seed_0016.npz,25,5,35,676,700,896,480,0.8905325443786982,0.05917159763313609,0.05029585798816568,0.42428571428571427,0.45285714285714285,0.12285714285714286,0.9655963302752294,0.034403669724770644,0.0,0.24565217391304348,0.5826086956521739,0.17173913043478262,0.3158482142857143,0.5686677303550061,0.6841517857142857,0.8156606851549756,357,74,283,0.20728291316526612,0.15416666666666667,0.7405523255813954,0.6751717369970559,0.3248282630029441,0.5066948436179205,0.7529374471682164,0.7509635170177468,0.06960610639740171,0.3102358479849435,0.2406297415875418,32,23.25581395348837,41.696969696969695,25.0,0.5498644425416285,0.9628171013595602,0.3333333333333333,84.0,84.0,135.0,8.4,12.666666666666666,1.2666666666666666,4,12,0.4166666666666667,0.25,0.16666666666666666,0.5833333333333334,0.0,0.5,5.2,6.0,5.083333333333333,22.583333333333332
3,35,0.9,0.5,0.95,0.5,16,kf_sa_seed_0016.npz,35,5,35,666,700,886,480,0.8858858858858859,0.06156156156156156,0.052552552552552555,0.38285714285714284,0.46714285714285714,0.15,0.960093896713615,0.03990610328638498,0.0,0.18478260869565216,0.6043478260869565,0.2108695652173913,0.3329571106094808,0.5854817309655032,0.6670428893905191,0.856175972927242,368,73,295,0.1983695652173913,0.15208333333333332,0.7306002928257687,0.6963927855711423,0.30360721442885774,0.517942942942943,0.7514199914199914,0.7570768669216764,0.07175373512622583,0.34875735835474025,0.2770036232285144,28,20.497803806734993,47.10344827586207,35.0,0.5533862403266041,0.9628171013595602,0.5,72.0,58.0,126.0,7.2,12.166666666666666,1.2166666666666668,3,12,0.5,0.3333333333333333,0.16666666666666666,0.5,0.16666666666666666,0.5,9.333333333333334,6.5,5.0,22.166666666666668
3,35,0.95,0.5,0.95,0.5,16,kf_sa_seed_0016.npz,35,5,35,666,700,886,480,0.8888888888888888,0.05855855855855856,0.052552552552552555,0.4057142857142857,0.44857142857142857,0.1457142857142857,0.9647887323943662,0.035211267605633804,0.0,0.21304347826086956,0.5804347826086956,0.20652173913043478,0.3182844243792325,0.5856552357624005,0.6817155756207675,0.8377483443708609,353,71,282,0.20113314447592068,0.14791666666666667,0.7415812591508053,0.6850937808489634,0.31490621915103656,0.5173015873015873,0.7457207207207207,0.7503218498837071,0.07242301940318048,0.33482185532483455,0.2623988359216541,26,19.03367496339678,50.592592592592595,35.0,0.5533862403266041,0.9628171013595602,0.5,73.66666666666667,58.0,130.0,7.366666666666667,12.333333333333334,1.2333333333333334,3,12,0.4166666666666667,0.25,0.16666666666666666,0.5,0.0,0.5,4.8,2.0,4.833333333333333,22.416666666666668
3,35,0.98,0.5,0.95,0.5,16,kf_sa_seed_0016.npz,35,5,35,666,700,886,480,0.8873873873873874,0.057057057057057055,0.05555555555555555,0.45285714285714285,0.4157142857142857,0.13142857142857142,0.960093896713615,0.035211267605633804,0.004694835680751174,0.26304347826086955,0.5478260869565217,0.1891304347826087,0.3013544018058691,0.5746121657481118,0.698645598194131,0.8012924071082391,329,62,267,0.1884498480243161,0.12916666666666668,0.7591508052708639,0.6586306653809064,0.3413693346190936,0.5094079794079794,0.7326683826683826,0.7346080824995382,0.07501695641317263,0.30534767051268535,0.23033071409951272,30,21.961932650073205,44.064516129032256,35.0,0.5533862403266041,0.9628171013595602,0.5,77.0,58.0,135.0,7.7,12.5,1.25,3,12,0.4166666666666667,0.25,0.16666666666666666,0.5,0.0,0.5,4.6,2.0,4.25,22.333333333333332
3,35,0.99,0.5,0.95,0.5,16,kf_sa_seed_0016.npz,35,5,35,666,700,886,480,0.8843843843843844,0.06006006006006006,0.05555555555555555,0.5228571428571429,0.36142857142857143,0.11571428571428571,0.9530516431924883,0.04225352112676056,0.004694835680751174,0.34782608695652173,0.48695652173913045,0.16521739130434782,0.27313769751693,0.559134517248418,0.7268623024830699,0.7484472049689441,293,51,242,0.17406143344709898,0.10625,0.7855051244509517,0.6244175209692451,0.3755824790307549,0.500049335049335,0.7152102102102103,0.715150707483466,0.07808406334910506,0.26961724723026387,0.1915331838811588,30,21.961932650073205,44.064516129032256,35.0,0.5533862403266041,0.9628171013595602,0.5,80.33333333333333,60.0,140.0,8.033333333333333,13.0,1.3,3,12,0.4166666666666667,0.25,0.16666666666666666,0.5,0.0,0.5,4.6,2.0,3.4166666666666665,22.333333333333332
3,50,0.9,0.5,0.95,0.5,16,kf_sa_seed_0016.npz,50,5,35,651,700,871,480,0.8771121351766513,0.06144393241167435,0.06144393241167435,0.51,0.35428571428571426,0.1357142857142857,0.9464720194647201,0.0413625304136253,0.012165450121654502,0.3217391304347826,0.4826086956521739,0.1956521739130435,0.2743972445464983,0.5710620966888819,0.7256027554535017,0.7579113924050633,288,49,239,0.1701388888888889,0.10208333333333333,0.7868245743893413,0.6265286923800565,0.3734713076199435,0.5064132104454685,0.7025982005705508,0.6921873754331791,0.08625297192350866,0.2761848291856751,0.18993185726216644,28,20.72538860103627,46.58620689655172,50.0,0.5566870993935149,0.9628171013595602,0.5,80.0,56.0,140.0,8.0,13.333333333333334,1.3333333333333335,3,12,0.4166666666666667,0.25,0.16666666666666666,0.5,0.0,0.5,4.6,2.0,3.1666666666666665,22.333333333333332
3,50,0.95,0.5,0.95,0.5,16,kf_sa_seed_0016.npz,50,5,35,651,700,871,480,0.8755760368663594,0.06144393241167435,0.0629800307219662,0.5257142857142857,0.3457142857142857,0.12857142857142856,0.9416058394160584,0.043795620437956206,0.014598540145985401,0.33695652173913043,0.4782608695652174,0.18478260869565216,0.27324913892078073,0.5631942240558553,0.7267508610792193,0.7456556082148499,282,44,238,0.15602836879432624,0.09166666666666666,0.7912657290895633,0.617399438727783,0.382600561272217,0.502073732718894,0.6974347158218126,0.6861408918408355,0.08785104876126835,0.2636736349468795,0.17582258618561114,34,25.166543301258326,38.6,50.0,0.5566870993935149,0.9628171013595602,0.5,81.66666666666667,57.0,142.0,8.166666666666668,13.666666666666666,1.3666666666666667,3,12,0.4166666666666667,0.25,0.16666666666666666,0.5,0.0,0.5,4.6,2.0,2.75,22.333333333333332
3,50,0.98,0.5,0.95,0.5,16,kf_sa_seed_0016.npz,50,5,35,651,700,871,480,0.8725038402457758,0.059907834101382486,0.06758832565284179,0.5842857142857143,0.3057142857142857,0.11,0.9391727493917275,0.038929440389294405,0.021897810218978103,0.41304347826086957,0.43043478260869567,0.1565217391304348,0.24569460390355913,0.5478472442610811,0.7543053960964409,0.6971080669710806,253,39,214,0.1541501976284585,0.08125,0.8127313101406366,0.587431693989071,0.412568306010929,0.4912519201228879,0.681814790432302,0.6704880279761526,0.09095560122466183,0.23882515948874775,0.14786955826408593,36,26.646928201332347,36.513513513513516,50.0,0.5566870993935149,0.9628171013595602,0.5,85.66666666666667,60.0,149.0,8.566666666666668,14.0,1.4000000000000001,3,12,0.4166666666666667,0.16666666666666666,0.25,0.3333333333333333,0.0,0.3333333333333333,4.8,0.0,2.4166666666666665,22.416666666666668
3,50,0.99,0.5,0.95,0.5,16,kf_sa_seed_0016.npz,50,5,35,651,700,871,480,0.869431643625192,0.059907834101382486,0.0706605222734255,0.6457142857142857,0.27285714285714285,0.08142857142857143,0.9343065693430657,0.038929440389294405,0.0267639902676399,0.4934782608695652,0.3934782608695652,0.11304347826086956,0.2261768082663605,0.5236750238019676,0.7738231917336394,0.6468842729970327,230,33,197,0.14347826086956522,0.06875,0.8297557364914878,0.5557537912578056,0.44424620874219445,0.4754301075268817,0.6619749835418038,0.6467003994488788,0.0937370752691692,0.2110986735737093,0.11736159830454009,18,13.323464100666174,71.10526315789474,50.0,0.5566870993935149,0.9628171013595602,0.3333333333333333,102.0,102.0,152.0,10.200000000000001,14.333333333333334,1.4333333333333336,4,12,0.4166666666666667,0.16666666666666666,0.25,0.16666666666666666,0.0,0.3333333333333333,4.8,0.0,1.9166666666666667,22.416666666666668
5,20,0.9,0.5,0.95,0.5,16,kf_sa_seed_0016.npz,20,5,35,681,700,901,480,0.2966226138032305,0.6740088105726872,0.02936857562408223,0.06428571428571428,0.8328571428571429,0.10285714285714286,0.3922902494331066,0.6077097505668935,0.0,0.01956521739130435,0.85,0.13043478260869565,0.7314095449500555,0.2613625160209011,0.2685904550499445,0.9628099173553719,1042,383,659,0.3675623800383877,0.7979166666666667,0.24547429398986242,0.8082595870206489,0.19174041297935107,0.1997398783301867,0.8248269351793581,0.8127254885803872,0.13477215809850443,0.44767104339514535,0.3128988852966409,61,44.170890658942795,22.274193548387096,20.0,0.5489621534259315,0.9628171013595602,0.16666666666666666,28.0,28.0,28.0,2.8000000000000003,42.166666666666664,4.216666666666667,5,12,0.25,0.25,0.0,1.0,0.16666666666666666,0.3333333333333333,22.0,22.0,27.083333333333332,31.75
5,20,0.95,0.5,0.95,0.5,16,kf_sa_seed_0016.npz,20,5,35,681,700,901,480,0.4522760646108664,0.5168869309838473,0.030837004405286344,0.11428571428571428,0.7857142857142857,0.1,0.5668934240362812,0.4331065759637188,0.0,0.05,0.8195652173913044,0.13043478260869565,0.6304106548279689,0.34866410332248843,0.36958934517203107,0.9309309309309309,902,334,568,0.37028824833702884,0.6958333333333333,0.34685010861694426,0.7891440501043842,0.21085594989561585,0.2761380323054332,0.8216530312565555,0.8085541170570127,0.11275628453158552,0.41443580193157,0.30167951739998444,71,51.412020275162924,19.180555555555557,20.0,0.5489621534259315,0.9628171013595602,0.16666666666666666,30.0,30.0,30.0,3.0,34.833333333333336,3.483333333333334,5,12,0.3333333333333333,0.3333333333333333,0.0,1.0,0.16666666666666666,0.5,21.0,19.5,23.583333333333332,30.333333333333332
5,20,0.98,0.5,0.95,0.5,16,kf_sa_seed_0016.npz,20,5,35,681,700,901,480,0.6989720998531571,0.26725403817914833,0.033773861967694566,0.21857142857142858,0.6828571428571428,0.09857142857142857,0.8684807256235828,0.13151927437641722,0.0,0.09347826086956522,0.7760869565217391,0.13043478260869565,0.46059933407325193,0.49945775411613924,0.5394006659267481,0.911522633744856,660,245,415,0.3712121212121212,0.5104166666666666,0.5220854453294714,0.7558945908460472,0.24410540915395285,0.3987717642122928,0.8087392490035662,0.794133468244349,0.08850527125026517,0.3713059095718128,0.28280063832154767,48,34.757422157856624,28.183673469387756,20.0,0.5489621534259315,0.9628171013595602,0.16666666666666666,31.0,31.0,31.0,3.1,22.833333333333332,2.283333333333333,5,12,0.5,0.5,0.0,1.0,0.16666666666666666,0.8333333333333334,19.833333333333332,15.5,16.25,27.416666666666668
5,20,0.99,0.5,0.95,0.5,16,kf_sa_seed_0016.npz,20,5,35,681,700,901,480,0.8193832599118943,0.14537444933920704,0.03524229074889868,0.2885714285714286,0.61,0.10142857142857142,0.9727891156462585,0.027210884353741496,0.0,0.12173913043478261,0.7478260869565218,0.13043478260869565,0.3951165371809101,0.551611949127477,0.6048834628190899,0.8972477064220183,526,170,356,0.3231939163498099,0.3541666666666667,0.6191165821868212,0.735672514619883,0.26432748538011697,0.46040591567023287,0.8008978393119363,0.7949169796625623,0.07024632225139214,0.36862814665887106,0.2983818244074789,26,18.82693700217234,51.148148148148145,20.0,0.5489621534259315,0.9628171013595602,0.16666666666666666,29.0,29.0,29.0,2.9000000000000004,17.333333333333332,1.7333333333333334,5,12,0.5,0.5,0.0,0.8333333333333334,0.16666666666666666,0.8333333333333334,14.333333333333334,12.5,10.416666666666666,24.666666666666668
5,25,0.9,0.5,0.95,0.5,16,kf_sa_seed_0016.npz,25,5,35,676,700,896,480,0.5044378698224852,0.4630177514792899,0.03254437869822485,0.12857142857142856,0.7728571428571429,0.09857142857142857,0.6238532110091743,0.3761467889908257,0.0,0.058695652173913045,0.8108695652173913,0.13043478260869565,0.5993303571428571,0.377143996808935,0.40066964285714285,0.924791086350975,854,317,537,0.3711943793911007,0.6604166666666667,0.3793604651162791,0.7854406130268199,0.2145593869731801,0.30150464919695685,0.8136158072696534,0.8030490411009171,0.10899391259572079,0.4090382089136863,0.30004429631796553,84,61.04651162790697,16.188235294117646,25.0,0.5498644425416285,0.9628171013595602,0.16666666666666666,31.0,31.0,31.0,3.1,28.666666666666668,2.866666666666667,5,12,0.4166666666666667,0.4166666666666667,0.0,1.0,0.16666666666666666,0.6666666666666666,19.8,19.0,21.333333333333332,28.666666666666668
5,25,0.95,0.5,0.95,0.5,16,kf_sa_seed_0016.npz,25,5,35,676,700,896,480,0.6301775147928994,0.33579881656804733,0.034023668639053255,0.18142857142857144,0.7185714285714285,0.1,0.768348623853211,0.231651376146789,0.0,0.09130434782608696,0.7782608695652173,0.13043478260869565,0.5122767857142857,0.44939170323095334,0.4877232142857143,0.9038901601830663,730,271,459,0.37123287671232874,0.5645833333333333,0.4694767441860465,0.7678018575851393,0.2321981424148607,0.3650887573964497,0.8082882502113271,0.7975557619705815,0.09525458945727448,0.38265637905136324,0.28740178959408874,74,53.77906976744186,18.346666666666668,25.0,0.5498644425416285,0.9628171013595602,0.16666666666666666,30.0,30.0,30.0,3.0,21.666666666666668,2.166666666666667,5,12,0.5,0.5,0.0,1.0,0.16666666666666666,0.8333333333333334,18.833333333333332,17.5,17.916666666666668,26.916666666666668
5,25,0.98,0.5,0.95,0.5,16,kf_sa_seed_0016.npz,25,5,35,676,700,896,480,0.7928994082840237,0.17159763313609466,0.03550295857988166,0.2885714285714286,0.6185714285714285,0.09285714285714286,0.9334862385321101,0.06651376146788991,0.0,0.13260869565217392,0.7369565217391304,0.13043478260869565,0.4107142857142857,0.5319605105704028,0.5892857142857143,0.884469696969697,549,181,368,0.3296903460837887,0.3770833333333333,0.6010174418604651,0.7267230955259976,0.27327690447400244,0.4428782755705833,0.7922548605240913,0.7811202031382612,0.08029730404462054,0.34556100515664145,0.2652637011120209,42,30.523255813953487,32.0,25.0,0.5498644425416285,0.9628171013595602,0.16666666666666666,35.0,35.0,35.0,3.5,18.5,1.85,5,12,0.4166666666666667,0.3333333333333333,0.08333333333333333,0.75,0.0,0.6666666666666666,12.4,14.0,11.75,25.583333333333332
5,25,0.99,0.5,0.95,0.5,16,kf_sa_seed_0016.npz,25,5,35,676,700,896,480,0.863905325443787,0.09615384615384616,0.03994082840236687,0.33714285714285713,0.5642857142857143,0.09857142857142857,0.9701834862385321,0.02981651376146789,0.0,0.16304347826086957,0.7065217391304348,0.13043478260869565,0.37723214285714285,0.5503091344236138,0.6227678571428571,0.8655913978494624,460,122,338,0.26521739130434785,0.25416666666666665,0.6656976744186046,0.712882096069869,0.28711790393013104,0.48123837700760774,0.777292899408284,0.7712486701268441,0.06908744802778065,0.32667634347086427,0.2575888954430836,24,17.441860465116278,55.04,25.0,0.5498644425416285,0.9628171013595602,0.16666666666666666,31.0,31.0,31.0,3.1,15.0,1.5,5,12,0.5,0.3333333333333333,0.16666666666666666,0.6666666666666666,0.16666666666666666,0.5,12.166666666666666,11.5,8.333333333333334,23.583333333333332
5,35,0.9,0.5,0.95,0.5,16,kf_sa_seed_0016.npz,35,5,35,666,700,886,480,0.7792792792792793,0.18018018018018017,0.04054054054054054,0.2985714285714286,0.6128571428571429,0.08857142857142856,0.92018779342723,0.07981220657276995,0.0,0.15,0.7260869565217392,0.12391304347826088,0.4153498871331828,0.5220504184527455,0.5846501128668171,0.8667953667953668,549,181,368,0.3296903460837887,0.3770833333333333,0.5980966325036603,0.7111383108935129,0.28886168910648713,0.4339253539253539,0.7833612183612184,0.7744713404745173,0.0844127556975315,0.35004712842304475,0.26563437272551327,44,32.210834553440705,30.355555555555554,35.0,0.5533862403266041,0.9628171013595602,0.16666666666666666,38.0,38.0,38.0,3.8000000000000003,17.666666666666668,1.7666666666666668,5,12,0.4166666666666667,0.3333333333333333,0.08333333333333333,0.75,0.0,0.6666666666666666,11.8,14.0,11.333333333333334,25.333333333333332
5,35,0.95,0.5,0.95,0.5,16,kf_sa_seed_0016.npz,35,5,35,666,700,886,480,0.8318318318318318,0.12612612612612611,0.042042042042042045,0.32571428571428573,0.5871428571428572,0.08714285714285715,0.9389671361502347,0.06103286384976526,0.0,0.1608695652173913,0.717391304347826,0.12173913043478261,0.4018058690744921,0.5303531332925087,0.5981941309255079,0.8603773584905661,495,139,356,0.2808080808080808,0.28958333333333336,0.637628111273792,0.7060849598163031,0.29391504018369685,0.4594873444873445,0.7742599742599743,0.7608440538913135,0.08059418596851438,0.3321062542619868,0.25151206829347245,36,26.35431918008785,36.91891891891892,35.0,0.5533862403266041,0.9628171013595602,0.16666666666666666,39.0,39.0,39.0,3.9000000000000004,15.5,1.55,5,12,0.4166666666666667,0.25,0.16666666666666666,0.6666666666666666,0.0,0.5,8.8,12.0,9.0,24.083333333333332
5,35,0.98,0.5,0.95,0.5,16,kf_sa_seed_0016.npz,35,5,35,666,700,886,480,0.8603603603603603,0.0945945945945946,0.04504504504504504,0.3657142857142857,0.5471428571428572,0.08714285714285715,0.9624413145539906,0.03755868544600939,0.0,0.1826086956521739,0.6956521739130435,0.12173913043478261,0.3792325056433409,0.5420902224943867,0.6207674943566591,0.8472727272727273,446,110,336,0.24663677130044842,0.22916666666666666,0.6734992679355783,0.6891304347826087,0.3108695652173913,0.47375160875160877,0.7538202488202488,0.7457038539000502,0.0786749437570085,0.3035199929763599,0.2248450492193514,22,16.105417276720353,59.391304347826086,35.0,0.5533862403266041,0.9628171013595602,0.16666666666666666,39.0,39.0,39.0,3.9000000000000004,15.333333333333334,1.5333333333333334,5,12,0.4166666666666667,0.25,0.16666666666666666,0.6666666666666666,0.0,0.5,8.2,9.0,7.166666666666667,23.833333333333332
5,35,0.99,0.5,0.95,0.5,16,kf_sa_seed_0016.npz,35,5,35,666,700,886,480,0.8543543543543544,0.1006006006006006,0.04504504504504504,0.4142857142857143,0.4928571428571429,0.09285714285714286,0.9647887323943662,0.035211267605633804,0.0,0.2326086956521739,0.6369565217391304,0.13043478260869565,0.3476297968397291,0.5476117575015309,0.6523702031602708,0.8148788927335641,412,104,308,0.2524271844660194,0.21666666666666667,0.698389458272328,0.6645702306079665,0.3354297693920335,0.4736057486057486,0.7276018876018876,0.7335765527565098,0.07397499967233051,0.3079029612054347,0.2339279615331042,24,17.569546120058565,54.64,35.0,0.5533862403266041,0.9628171013595602,0.16666666666666666,35.0,35.0,35.0,3.5,16.666666666666668,1.666666666666667,5,12,0.4166666666666667,0.25,0.16666666666666666,0.5833333333333334,0.0,0.5,10.0,9.0,6.833333333333333,24.583333333333332
5,50,0.9,0.5,0.95,0.5,16,kf_sa_seed_0016.npz,50,5,35,651,700,871,480,0.8494623655913979,0.10138248847926268,0.04915514592933948,0.42857142857142855,0.49857142857142855,0.07285714285714286,0.9537712895377128,0.046228710462287104,0.0,0.23478260869565218,0.6652173913043479,0.1,0.373134328358209,0.5268856447688565,0.6268656716417911,0.8021978021978022,415,90,325,0.21686746987951808,0.1875,0.692820133234641,0.6452991452991453,0.35470085470085466,0.46115975422427036,0.7293285055957867,0.7075601817955126,0.08452890714326236,0.27547185019391024,0.19094294305064788,18,13.323464100666174,71.10526315789474,50.0,0.5566870993935149,0.9628171013595602,0.16666666666666666,49.0,49.0,49.0,4.9,16.666666666666668,1.666666666666667,5,12,0.4166666666666667,0.25,0.16666666666666666,0.5833333333333334,0.0,0.5,9.2,9.0,6.0,24.25
5,50,0.95,0.5,0.95,0.5,16,kf_sa_seed_0016.npz,50,5,35,651,700,871,480,0.8387096774193549,0.10752688172043011,0.053763440860215055,0.45285714285714285,0.4742857142857143,0.07285714285714286,0.9464720194647201,0.0535279805352798,0.0,0.25869565217391305,0.6413043478260869,0.1,0.3639494833524684,0.5232360097323601,0.6360505166475315,0.7851985559566786,402,85,317,0.21144278606965175,0.17708333333333334,0.7024426350851222,0.6290832455216017,0.37091675447839834,0.45578341013824886,0.7181325433399166,0.6959244932584027,0.08605885648321732,0.259601315549824,0.1735424590666067,18,13.323464100666174,71.10526315789474,50.0,0.5566870993935149,0.9628171013595602,0.16666666666666666,49.0,49.0,49.0,4.9,17.833333333333332,1.7833333333333332,5,12,0.4166666666666667,0.25,0.16666666666666666,0.5,0.0,0.5,10.0,9.0,5.583333333333333,24.583333333333332
5,50,0.98,0.5,0.95,0.5,16,kf_sa_seed_0016.npz,50,5,35,651,700,871,480,0.8325652841781874,0.11367127496159754,0.053763440860215055,0.4957142857142857,0.4328571428571429,0.07142857142857142,0.9416058394160584,0.058394160583941604,0.0,0.30217391304347824,0.6,0.09782608695652174,0.34443168771526983,0.5197159631862901,0.6555683122847302,0.7565674255691769,377,77,300,0.20424403183023873,0.16041666666666668,0.7209474463360473,0.6078028747433265,0.3921971252566735,0.4519969278033794,0.6934013605442176,0.6743440402241293,0.08912322418724165,0.24413573189044865,0.15501250770320701,18,13.323464100666174,71.10526315789474,50.0,0.5566870993935149,0.9628171013595602,0.16666666666666666,50.0,50.0,50.0,5.0,18.333333333333332,1.8333333333333333,5,12,0.4166666666666667,0.25,0.16666666666666666,0.4166666666666667,0.0,0.5,10.2,8.0,5.0,24.666666666666668
5,50,0.99,0.5,0.95,0.5,16,kf_sa_seed_0016.npz,50,5,35,651,700,871,480,0.8356374807987711,0.10906298003072197,0.055299539170506916,0.5685714285714286,0.36,0.07142857142857142,0.9513381995133819,0.046228710462287104,0.0024330900243309003,0.4,0.5021739130434782,0.09782608695652174,0.2870264064293915,0.5245821432349519,0.7129735935706085,0.7020933977455717,323,73,250,0.2260061919504644,0.15208333333333332,0.7609178386380459,0.5778210116731517,0.4221789883268483,0.45353302611367124,0.6592868114987931,0.657739736278773,0.08924463094057776,0.24459538848142254,0.15535075754084476,26,19.24500370096225,50.03703703703704,50.0,0.5566870993935149,0.9628171013595602,0.16666666666666666,50.0,50.0,50.0,5.0,18.0,1.8,5,12,0.4166666666666667,0.25,0.16666666666666666,0.4166666666666667,0.0,0.5,10.6,8.0,4.75,24.833333333333332
7,35,0.9,0.5,0.95,0.5,16,kf_sa_seed_0016.npz,35,5,35,666,700,886,480,0.31981981981981983,0.6456456456456456,0.03453453453453453,0.14714285714285713,0.7657142857142857,0.08714285714285715,0.4014084507042254,0.5985915492957746,0.0,0.07173913043478261,0.8065217391304348,0.12173913043478261,0.7065462753950339,0.26157379056950397,0.29345372460496616,0.8730769230769231,966,340,626,0.35196687370600416,0.7083333333333334,0.29282576866764276,0.685,0.31499999999999995,0.20348133848133848,0.7746546546546547,0.7787457009868582,0.12545657636517346,0.3967439758603442,0.2712873994951708,69,50.512445095168374,19.514285714285716,35.0,0.5533862403266041,0.9628171013595602,0.16666666666666666,39.0,39.0,39.0,3.9000000000000004,36.8,3.6799999999999997,5,12,0.16666666666666666,0.08333333333333333,0.08333333333333333,0.9166666666666666,0.0,0.16666666666666666,14.0,14.0,23.583333333333332,31.5
7,35,0.95,0.5,0.95,0.5,16,kf_sa_seed_0016.npz,35,5,35,666,700,886,480,0.5720720720720721,0.3948948948948949,0.03303303303303303,0.2042857142857143,0.7085714285714285,0.08714285714285715,0.7183098591549296,0.28169014084507044,0.0,0.1108695652173913,0.7673913043478261,0.12173913043478261,0.5338600451467269,0.4200244947948561,0.46613995485327314,0.8765133171912833,759,286,473,0.37681159420289856,0.5958333333333333,0.4443631039531479,0.728171334431631,0.27182866556836904,0.32960746460746465,0.7647897897897898,0.7691090268496117,0.11035347349181457,0.37101292401966557,0.260659450527851,68,49.780380673499266,19.797101449275363,35.0,0.5533862403266041,0.9628171013595602,0.16666666666666666,39.0,39.0,39.0,3.9000000000000004,28.666666666666668,2.866666666666667,5,12,0.3333333333333333,0.25,0.08333333333333333,0.8333333333333334,0.0,0.5,18.75,23.5,20.25,29.583333333333332
7,35,0.98,0.5,0.95,0.5,16,kf_sa_seed_0016.npz,35,5,35,666,700,886,480,0.6696696696696697,0.29429429429429427,0.036036036036036036,0.28,0.6328571428571429,0.08714285714285715,0.8427230046948356,0.1572769953051643,0.0,0.1565217391304348,0.7217391304347827,0.12173913043478261,0.4503386004514673,0.4822310675648091,0.5496613995485328,0.8521560574948666,639,240,399,0.3755868544600939,0.5,0.5322108345534406,0.6973865199449794,0.30261348005502064,0.37840626340626343,0.7494551694551694,0.7541144601295426,0.09813817670393545,0.34318082672591466,0.24504265002197922,38,27.81844802342606,35.02564102564103,35.0,0.5533862403266041,0.9628171013595602,0.16666666666666666,39.0,39.0,39.0,3.9000000000000004,26.166666666666668,2.616666666666667,5,12,0.3333333333333333,0.25,0.08333333333333333,0.8333333333333334,0.0,0.5,17.25,20.5,16.75,29.083333333333332
7,35,0.99,0.5,0.95,0.5,16,kf_sa_seed_0016.npz,35,5,35,666,700,886,480,0.7147147147147147,0.24324324324324326,0.042042042042042045,0.3628571428571429,0.55,0.08714285714285715,0.8755868544600939,0.12441314553990611,0.0,0.1826086956521739,0.6956521739130435,0.12173913043478261,0.42099322799097066,0.4986629924474382,0.5790067720090294,0.8362573099415205,547,174,373,0.3180987202925046,0.3625,0.5995607613469985,0.6556776556776557,0.3443223443223443,0.40092878592878595,0.725002145002145,0.7332742743260912,0.09385850681642496,0.3204422205217136,0.22658371370528865,34,24.890190336749633,39.02857142857143,35.0,0.5533862403266041,0.9628171013595602,0.16666666666666666,39.0,39.0,39.0,3.9000000000000004,25.833333333333332,2.5833333333333335,5,12,0.3333333333333333,0.25,0.08333333333333333,0.75,0.0,0.5,15.5,16.5,12.25,28.5
7,50,0.9,0.5,0.95,0.5,16,kf_sa_seed_0016.npz,50,5,35,651,700,871,480,0.7665130568356375,0.1966205837173579,0.03686635944700461,0.33714285714285713,0.5914285714285714,0.07142857142857142,0.9464720194647201,0.0535279805352798,0.0,0.1782608695652174,0.7239130434782609,0.09782608695652174,0.40757749712973596,0.522149053210621,0.5924225028702641,0.8410852713178295,542,187,355,0.34501845018450183,0.38958333333333334,0.5988156920799408,0.6786155747836835,0.3213844252163165,0.41897081413210446,0.7423436471362739,0.7208240646257913,0.09783676157815466,0.30805940779787433,0.21022264621971967,24,17.764618800888233,54.04,50.0,0.5566870993935149,0.9628171013595602,0.16666666666666666,50.0,50.0,50.0,5.0,21.666666666666668,2.166666666666667,5,12,0.4166666666666667,0.3333333333333333,0.08333333333333333,0.8333333333333334,0.0,0.6666666666666666,15.0,15.0,12.25,26.666666666666668
7,50,0.95,0.5,0.95,0.5,16,kf_sa_seed_0016.npz,50,5,35,651,700,871,480,0.7818740399385561,0.17665130568356374,0.041474654377880185,0.36857142857142855,0.5614285714285714,0.07,0.9464720194647201,0.0535279805352798,0.0,0.2,0.7043478260869566,0.09565217391304348,0.39724454649827784,0.5210620966888818,0.6027554535017221,0.8247619047619048,508,162,346,0.3188976377952756,0.3375,0.6239822353811991,0.6619217081850534,0.33807829181494664,0.425937019969278,0.7344042132982225,0.7129362005646714,0.09377883565475649,0.29004987432532375,0.19627103867056728,26,19.24500370096225,50.03703703703704,50.0,0.5566870993935149,0.9628171013595602,0.16666666666666666,51.0,51.0,51.0,5.1000000000000005,22.0,2.2,5,12,0.4166666666666667,0.3333333333333333,0.08333333333333333,0.75,0.0,0.6666666666666666,15.0,15.0,10.916666666666666,26.666666666666668
7,50,0.98,0.5,0.95,0.5,16,kf_sa_seed_0016.npz,50,5,35,651,700,871,480,0.804915514592934,0.15207373271889402,0.043010752688172046,0.4142857142857143,0.5157142857142857,0.07,0.9416058394160584,0.058394160583941604,0.0,0.23043478260869565,0.6739130434782609,0.09565217391304348,0.38346727898966704,0.5186290066645509,0.616532721010333,0.8026070763500931,460,126,334,0.27391304347826084,0.2625,0.6595114729829755,0.6430976430976431,0.35690235690235694,0.43745775729646696,0.7121790651744568,0.6960717521668541,0.09236549657480614,0.2654500858659293,0.17308458929112314,20,14.803849000740193,64.33333333333333,50.0,0.5566870993935149,0.9628171013595602,0.16666666666666666,51.0,51.0,51.0,5.1000000000000005,21.5,2.15,5,12,0.4166666666666667,0.3333333333333333,0.08333333333333333,0.6666666666666666,0.0,0.6666666666666666,14.0,13.0,8.833333333333334,26.25
7,50,0.99,0.5,0.95,0.5,16,kf_sa_seed_0016.npz,50,5,35,651,700,871,480,0.7972350230414746,0.15207373271889402,0.05069124423963134,0.43714285714285717,0.49142857142857144,0.07142857142857142,0.9464720194647201,0.0535279805352798,0.0,0.2565217391304348,0.6456521739130435,0.09782608695652174,0.36624569460390355,0.522149053210621,0.6337543053960965,0.7862318840579711,443,124,319,0.2799097065462754,0.25833333333333336,0.6720947446336047,0.6266519823788547,0.37334801762114533,0.434331797235023,0.6762036427474215,0.6771043317774221,0.09353144944714589,0.2430386749578332,0.14950722551068732,24,17.764618800888233,54.04,50.0,0.5566870993935149,0.9628171013595602,0.16666666666666666,50.0,50.0,50.0,5.0,21.666666666666668,2.166666666666667,5,12,0.3333333333333333,0.25,0.08333333333333333,0.5833333333333334,0.0,0.5,10.0,10.0,8.333333333333334,26.666666666666668
10,50,0.9,0.5,0.95,0.5,16,kf_sa_seed_0016.npz,50,5,35,651,700,871,480,0.4147465437788018,0.554531490015361,0.030721966205837174,0.19142857142857142,0.75,0.05857142857142857,0.5912408759124088,0.40875912408759124,0.0,0.11521739130434783,0.8065217391304348,0.0782608695652174,0.618828932261768,0.3347508727388131,0.3811710677382319,0.8403614457831325,886,347,539,0.39164785553047404,0.7229166666666667,0.3441894892672095,0.6688172043010753,0.3311827956989247,0.2366589861751152,0.7107395216150977,0.6935002693870828,0.1355218031940276,0.30086316983570155,0.16534136664167395,36,26.646928201332347,36.513513513513516,50.0,0.5566870993935149,0.9628171013595602,0.16666666666666666,59.0,59.0,59.0,5.9,53.166666666666664,5.316666666666666,5,12,0.16666666666666666,0.16666666666666666,0.0,1.0,0.0,0.3333333333333333,29.5,29.5,25.583333333333332,34.083333333333336
10,50,0.95,0.5,0.95,0.5,16,kf_sa_seed_0016.npz,50,5,35,651,700,871,480,0.5161290322580645,0.45161290322580644,0.03225806451612903,0.26857142857142857,0.68,0.05142857142857143,0.6958637469586375,0.30413625304136255,0.0,0.14782608695652175,0.7847826086956522,0.06739130434782609,0.5579793340987371,0.38162752565323177,0.44202066590126293,0.8233766233766234,770,284,486,0.36883116883116884,0.5916666666666667,0.43005181347150256,0.6402753872633391,0.3597246127366609,0.28377880184331794,0.7010138248847926,0.6797981174683921,0.12732300290960932,0.2724651647389886,0.14514216182937925,34,25.166543301258326,38.6,50.0,0.5566870993935149,0.9628171013595602,0.16666666666666666,64.0,64.0,64.0,6.4,49.5,4.95,5,12,0.16666666666666666,0.16666666666666666,0.0,1.0,0.0,0.3333333333333333,21.0,21.0,20.666666666666668,32.666666666666664
10,50,0.98,0.5,0.95,0.5,16,kf_sa_seed_0016.npz,50,5,35,651,700,871,480,0.6067588325652842,0.36098310291858676,0.03225806451612903,0.36428571428571427,0.5928571428571429,0.04285714285714286,0.7907542579075426,0.20924574209245742,0.0,0.1608695652173913,0.7847826086956522,0.05434782608695652,0.513203214695752,0.4225510419972496,0.48679678530424797,0.8254716981132075,650,203,447,0.3123076923076923,0.42291666666666666,0.5188749074759438,0.6062767475035663,0.3937232524964337,0.3248079877112135,0.6692846170726355,0.646876127643687,0.11738885402834945,0.21791406818528547,0.10052521415693602,26,19.24500370096225,50.03703703703704,50.0,0.5566870993935149,0.9628171013595602,0.16666666666666666,70.0,70.0,70.0,7.0,42.0,4.2,5,12,0.16666666666666666,0.16666666666666666,0.0,0.8333333333333334,0.0,0.3333333333333333,15.0,15.0,14.833333333333334,31.666666666666668
10,50,0.99,0.5,0.95,0.5,16,kf_sa_seed_0016.npz,50,5,35,651,700,871,480,0.685099846390169,0.2887864823348694,0.026113671274961597,0.43857142857142856,0.5457142857142857,0.015714285714285715,0.851581508515815,0.14841849148418493,0.0,0.23478260869565218,0.7521739130434782,0.013043478260869565,0.4672789896670494,0.4323124933883423,0.5327210103329506,0.7672413793103449,570,163,407,0.28596491228070176,0.33958333333333335,0.5780903034789046,0.5851472471190781,0.41485275288092194,0.3504070660522273,0.6268224709238535,0.6089623232449453,0.10814239866568075,0.16381854206169508,0.05567614339601433,22,16.28423390081421,58.73913043478261,50.0,0.5566870993935149,0.9628171013595602,0.16666666666666666,89.0,89.0,89.0,8.9,34.333333333333336,3.4333333333333336,5,12,0.25,0.25,0.0,0.6666666666666666,0.0,0.5,13.0,14.0,11.5,29.5
3,20,0.9,0.5,0.95,0.5,17,kf_sa_seed_0017.npz,20,5,35,681,700,901,480,0.6372980910425844,0.36270190895741555,0.0,0.19428571428571428,0.7371428571428571,0.06857142857142857,0.7301587301587301,0.2698412698412698,0.0,0.09130434782608696,0.8217391304347826,0.08695652173913043,0.5516093229744728,0.4085576259489303,0.4483906770255272,0.8960396039603961,763,266,497,0.3486238532110092,0.5541666666666667,0.44750181028240404,0.7799352750809061,0.2200647249190939,0.3529347598070065,0.8384455632473253,0.8787417080026036,0.0645455592596937,0.45172856636375847,0.3871830071040648,109,78.92831281679942,12.554545454545455,20.0,0.5166474408142651,0.8476074049028413,0.6666666666666666,57.75,68.0,73.0,5.775,13.166666666666666,1.3166666666666667,2,12,0.5833333333333334,0.5833333333333334,0.0,1.0,0.16666666666666666,1.0,14.428571428571429,17.0,15.0,23.0
3,20,0.95,0.5,0.95,0.5,17,kf_sa_seed_0017.npz,20,5,35,681,700,901,480,0.7694566813509545,0.2305433186490455,0.0,0.2257142857142857,0.7342857142857143,0.04,0.8888888888888888,0.1111111111111111,0.0,0.12173913043478261,0.8195652173913044,0.058695652173913045,0.4728079911209767,0.47379227053140094,0.5271920088790233,0.8821052631578947,671,245,426,0.3651266766020864,0.5104166666666666,0.5141202027516293,0.7774647887323943,0.22253521126760567,0.40472834067547725,0.8376505139500734,0.8764847520306096,0.052322236175947764,0.4253665719256607,0.3730443357497129,96,69.51484431571325,14.237113402061855,20.0,0.5166474408142651,0.8476074049028413,0.3333333333333333,63.5,63.5,68.0,6.3500000000000005,12.833333333333334,1.2833333333333334,4,12,0.5,0.5,0.0,1.0,0.0,1.0,12.833333333333334,14.0,15.166666666666666,23.916666666666668
3,20,0.98,0.5,0.95,0.5,17,kf_sa_seed_0017.npz,20,5,35,681,700,901,480,0.8707782672540382,0.12922173274596183,0.0,0.2985714285714286,0.6771428571428572,0.024285714285714285,0.9954648526077098,0.0045351473922902496,0.0,0.15217391304347827,0.8108695652173913,0.03695652173913044,0.416204217536071,0.5162106871734201,0.5837957824639289,0.8669201520912547,562,187,375,0.33274021352313166,0.38958333333333334,0.5930485155684286,0.7448107448107448,0.25518925518925517,0.4475319907698762,0.8305915670232851,0.8672203886219411,0.03925732223635118,0.3706424073078808,0.3313850850715296,46,33.3091962346126,29.382978723404257,20.0,0.5166474408142651,0.8476074049028413,0.3333333333333333,65.0,65.0,71.0,6.5,14.0,1.4000000000000001,4,12,0.5,0.5,0.0,1.0,0.0,1.0,14.0,15.5,13.0,24.5
3,20,0.99,0.5,0.95,0.5,17,kf_sa_seed_0017.npz,20,5,35,681,700,901,480,0.8795888399412628,0.12041116005873716,0.0,0.3585714285714286,0.6228571428571429,0.018571428571428572,1.0,0.0,0.0,0.2,0.7717391304347826,0.02826086956521739,0.3940066592674806,0.5141304347826087,0.6059933407325194,0.8315018315018315,518,163,355,0.31467181467181465,0.33958333333333335,0.6249094858797972,0.709154113557358,0.290845886442642,0.4490801342563457,0.8161107614852108,0.8505534093524066,0.03298793540419658,0.3090328846507424,0.2760449492465458,32,23.171614771904416,41.84848484848485,20.0,0.5166474408142651,0.8476074049028413,0.3333333333333333,68.0,68.0,72.0,6.800000000000001,13.833333333333334,1.3833333333333335,4,12,0.5,0.5,0.0,0.8333333333333334,0.0,1.0,13.833333333333334,15.5,11.416666666666666,24.416666666666668
3,25,0.9,0.5,0.95,0.5,17,kf_sa_seed_0017.npz,25,5,35,676,700,896,480,0.8180473372781065,0.1819526627218935,0.0,0.25857142857142856,0.7057142857142857,0.03571428571428571,0.9495412844036697,0.05045871559633028,0.0,0.14347826086956522,0.8043478260869565,0.05217391304347826,0.4375,0.5008575987235739,0.5625,0.8690476190476191,617,225,392,0.3646677471636953,0.46875,0.5515988372093024,0.761528326745718,0.23847167325428198,0.4268808114961961,0.837138630600169,0.8721630412483046,0.049485742931933856,0.41519716290258674,0.3657114199706529,72,52.325581395348834,18.84931506849315,25.0,0.5135980972857355,0.8476074049028413,0.3333333333333333,65.0,65.0,71.0,6.5,13.5,1.35,4,12,0.5,0.5,0.0,1.0,0.0,1.0,13.5,14.5,14.416666666666666,24.25
3,25,0.95,0.5,0.95,0.5,17,kf_sa_seed_0017.npz,25,5,35,676,700,896,480,0.8609467455621301,0.1390532544378698,0.0,0.2957142857142857,0.67,0.03428571428571429,0.9885321100917431,0.011467889908256881,0.0,0.15869565217391304,0.7891304347826087,0.05217391304347826,0.4107142857142857,0.5203530115676107,0.5892857142857143,0.8617424242424242,563,195,368,0.3463587921847247,0.40625,0.590843023255814,0.7453874538745388,0.25461254612546125,0.4476162299239222,0.8332079459002536,0.8681500581233136,0.043263083264475935,0.39069603266108305,0.3474329493966071,46,33.43023255813954,29.27659574468085,25.0,0.5135980972857355,0.8476074049028413,0.3333333333333333,65.0,65.0,71.0,6.5,13.833333333333334,1.3833333333333335,4,12,0.5,0.5,0.0,0.9166666666666666,0.0,1.0,13.833333333333334,15.0,13.416666666666666,24.416666666666668
3,25,0.98,0.5,0.95,0.5,17,kf_sa_seed_0017.npz,25,5,35,676,700,896,480,0.871301775147929,0.128698224852071,0.0,0.3485714285714286,0.6214285714285714,0.03,1.0,0.0,0.0,0.1891304347826087,0.7652173913043478,0.04565217391304348,0.39285714285714285,0.5228260869565218,0.6071428571428571,0.8400735294117647,522,170,352,0.32567049808429116,0.3541666666666667,0.6206395348837209,0.7142857142857143,0.2857142857142857,0.4506508875739645,0.8213250211327134,0.8558094435855951,0.03692423706564199,0.3394783362815926,0.30255409921595056,36,26.162790697674417,37.189189189189186,25.0,0.5135980972857355,0.8476074049028413,0.3333333333333333,65.5,65.5,72.0,6.550000000000001,14.5,1.4500000000000002,4,12,0.5,0.5,0.0,0.8333333333333334,0.0,1.0,14.5,15.5,12.0,24.75
3,25,0.99,0.5,0.95,0.5,17,kf_sa_seed_0017.npz,25,5,35,676,700,896,480,0.8772189349112426,0.1227810650887574,0.0,0.4,0.5885714285714285,0.011428571428571429,1.0,0.0,0.0,0.23695652173913043,0.7456521739130435,0.017391304347826087,0.3828125,0.508695652173913,0.6171875,0.8028933092224232,495,152,343,0.30707070707070705,0.31666666666666665,0.6402616279069767,0.6821793416572077,0.3178206583427923,0.444323753169907,0.802187235841082,0.8347259514107018,0.03318323103162923,0.2821153216191123,0.24893209058748306,30,21.802325581395348,44.38709677419355,25.0,0.5135980972857355,0.8476074049028413,0.16666666666666666,66.0,66.0,66.0,6.6000000000000005,14.5,1.4500000000000002,5,12,0.5,0.5,0.0,0.8333333333333334,0.0,1.0,14.5,16.5,10.583333333333334,24.75
3,35,0.9,0.5,0.95,0.5,17,kf_sa_seed_0017.npz,35,5,35,666,700,886,480,0.8633633633633634,0.13663663663663664,0.0,0.37,0.6042857142857143,0.025714285714285714,1.0,0.0,0.0,0.20434782608695654,0.7565217391304347,0.0391304347826087,0.3927765237020316,0.5195652173913043,0.6072234762979684,0.8252788104089219,514,166,348,0.3229571984435798,0.3458333333333333,0.623718887262079,0.6960093896713615,0.3039906103286385,0.44453882453882454,0.816928356928357,0.8511667723988606,0.04006205882311311,0.3433851668452627,0.3033231080221496,46,33.674963396778914,29.06382978723404,35.0,0.509073725803243,0.8476074049028413,0.5,112.66666666666667,83.0,189.0,11.266666666666667,13.166666666666666,1.3166666666666667,3,12,0.5,0.4166666666666667,0.08333333333333333,0.75,0.0,0.8333333333333334,13.166666666666666,16.0,10.666666666666666,24.083333333333332
3,35,0.95,0.5,0.95,0.5,17,kf_sa_seed_0017.npz,35,5,35,666,700,886,480,0.8648648648648649,0.13513513513513514,0.0,0.39285714285714285,0.5828571428571429,0.024285714285714285,1.0,0.0,0.0,0.22391304347826088,0.7391304347826086,0.03695652173913044,0.3837471783295711,0.5184782608695652,0.6162528216704289,0.8113553113553114,498,158,340,0.3172690763052209,0.32916666666666666,0.6354319180087847,0.6831797235023042,0.31682027649769584,0.4445752895752896,0.8079150579150579,0.8421668280624584,0.039136068834790254,0.3217424631356803,0.28260639430089,44,32.210834553440705,30.355555555555554,35.0,0.509073725803243,0.8476074049028413,0.3333333333333333,75.0,75.0,84.0,7.5,13.333333333333334,1.3333333333333335,4,12,0.5,0.4166666666666667,0.08333333333333333,0.75,0.0,0.8333333333333334,13.333333333333334,16.5,10.25,24.166666666666668
3,35,0.98,0.5,0.95,0.5,17,kf_sa_seed_0017.npz,35,5,35,666,700,886,480,0.8633633633633634,0.13663663663663664,0.0,0.43142857142857144,0.5428571428571428,0.025714285714285714,1.0,0.0,0.0,0.2543478260869565,0.7065217391304348,0.0391304347826087,0.36681715575620766,0.5195652173913043,0.6331828442437923,0.7914438502673797,471,146,325,0.3099787685774947,0.30416666666666664,0.6551976573938506,0.6625698324022347,0.33743016759776534,0.44453882453882454,0.7871171171171171,0.820830209895499,0.03741290154258697,0.278025443947409,0.24061254240482205,36,26.35431918008785,36.91891891891892,35.0,0.509073725803243,0.8476074049028413,0.16666666666666666,55.0,55.0,55.0,5.5,14.166666666666666,1.4166666666666667,5,12,0.5,0.4166666666666667,0.08333333333333333,0.6666666666666666,0.0,0.8333333333333334,14.166666666666666,18.0,9.583333333333334,24.583333333333332
3,35,0.99,0.5,0.95,0.5,17,kf_sa_seed_0017.npz,35,5,35,666,700,886,480,0.8708708708708709,0.12912912912912913,0.0,0.5242857142857142,0.4657142857142857,0.01,1.0,0.0,0.0,0.3739130434782609,0.6108695652173913,0.015217391304347827,0.31715575620767494,0.5076086956521739,0.6828442437923251,0.715702479338843,412,131,281,0.3179611650485437,0.27291666666666664,0.698389458272328,0.6153039832285115,0.38469601677148846,0.44043543543543545,0.7612676962676963,0.793572900434537,0.03511752793414113,0.23065153784326728,0.19553400990912614,42,30.74670571010249,31.767441860465116,35.0,0.509073725803243,0.8476074049028413,0.16666666666666666,90.0,90.0,90.0,9.0,14.0,1.4000000000000001,5,12,0.5,0.4166666666666667,0.08333333333333333,0.6666666666666666,0.0,0.8333333333333334,14.0,18.0,8.666666666666666,24.5
3,50,0.9,0.5,0.95,0.5,17,kf_sa_seed_0017.npz,50,5,35,651,700,871,480,0.8617511520737328,0.1382488479262673,0.0,0.53,0.43714285714285717,0.032857142857142856,1.0,0.0,0.0,0.3804347826086957,0.5695652173913044,0.05,0.3008036739380023,0.525,0.6991963260619977,0.7126436781609196,396,134,262,0.3383838383838384,0.2791666666666667,0.7068837897853442,0.6115183246073298,0.3884816753926702,0.4473041474654378,0.7518630678077682,0.7803641369993484,0.04684979756085619,0.2459171827979028,0.19906738523704662,22,16.28423390081421,58.73913043478261,50.0,0.5078728463878107,0.8476074049028413,0.16666666666666666,53.0,53.0,53.0,5.300000000000001,15.0,1.5,5,12,0.5,0.4166666666666667,0.08333333333333333,0.5,0.0,0.8333333333333334,15.0,19.0,9.083333333333334,25.0
3,50,0.95,0.5,0.95,0.5,17,kf_sa_seed_0017.npz,50,5,35,651,700,871,480,0.858678955453149,0.141321044546851,0.0,0.5471428571428572,0.42,0.032857142857142856,1.0,0.0,0.0,0.40217391304347827,0.5478260869565217,0.05,0.2893226176808266,0.525,0.7106773823191733,0.7011308562197092,386,134,252,0.3471502590673575,0.2791666666666667,0.7142857142857143,0.6031088082901555,0.39689119170984455,0.4457680491551459,0.7395479482115427,0.7681451726719196,0.046291804342579984,0.22946585638986047,0.1831740520472805,22,16.28423390081421,58.73913043478261,50.0,0.5078728463878107,0.8476074049028413,0.16666666666666666,54.0,54.0,54.0,5.4,15.333333333333334,1.5333333333333334,5,12,0.5,0.4166666666666667,0.08333333333333333,0.5,0.0,0.8333333333333334,15.333333333333334,20.0,9.083333333333334,25.166666666666668
3,50,0.98,0.5,0.95,0.5,17,kf_sa_seed_0017.npz,50,5,35,651,700,871,480,0.8540706605222734,0.14592933947772657,0.0,0.5871428571428572,0.38285714285714284,0.03,1.0,0.0,0.0,0.45652173913043476,0.49782608695652175,0.04565217391304348,0.2629161882893226,0.5228260869565218,0.7370838117106774,0.6728971962616822,363,134,229,0.3691460055096419,0.2791666666666667,0.7313101406365655,0.5840080971659919,0.4159919028340081,0.4420353302611367,0.7150888742593812,0.7436237844530907,0.04421212107952356,0.19693540290282247,0.15272328182329892,22,16.28423390081421,58.73913043478261,50.0,0.5078728463878107,0.8476074049028413,0.16666666666666666,57.0,57.0,57.0,5.7,15.833333333333334,1.5833333333333335,5,12,0.5,0.4166666666666667,0.08333333333333333,0.5,0.0,0.8333333333333334,15.833333333333334,19.0,9.083333333333334,25.416666666666668
3,50,0.99,0.5,0.95,0.5,17,kf_sa_seed_0017.npz,50,5,35,651,700,871,480,0.858678955453149,0.141321044546851,0.0,0.63,0.35428571428571426,0.015714285714285715,1.0,0.0,0.0,0.5043478260869565,0.4717391304347826,0.02391304347826087,0.24913892078071181,0.5119565217391304,0.7508610792192881,0.6452599388379205,340,123,217,0.36176470588235293,0.25625,0.7483345669874167,0.5637982195845698,0.43620178041543023,0.43719662058371733,0.6875663813912661,0.7162262156990863,0.04176827588164033,0.16218775136477456,0.12041947548313423,32,23.686158401184308,40.93939393939394,50.0,0.5078728463878107,0.8476074049028413,0.16666666666666666,64.0,64.0,64.0,6.4,15.5,1.55,5,12,0.5,0.4166666666666667,0.08333333333333333,0.5,0.0,0.8333333333333334,15.5,18.0,8.166666666666666,25.25
5,20,0.9,0.5,0.95,0.5,17,kf_sa_seed_0017.npz,20,5,35,681,700,901,480,0.1527165932452276,0.8472834067547724,0.0,0.03428571428571429,0.9657142857142857,0.0,0.21541950113378686,0.7845804988662132,0.0,0.015217391304347827,0.9847826086956522,0.0,0.8867924528301887,0.10770975056689343,0.11320754716981132,0.9313725490196079,1253,454,799,0.36233040702314445,0.9458333333333333,0.09268645908761766,0.8125,0.1875,0.0763582966226138,0.8391734843717222,0.8726622221190522,0.12488503028726394,0.4190590779998444,0.29417404771258043,66,47.79145546705286,20.611940298507463,24.0,0.5166474408142651,0.8476074049028413,0.0,,,,,52.6,5.260000000000001,6,12,0.08333333333333333,0.08333333333333333,0.0,1.0,0.0,0.16666666666666666,29.0,29.0,32.833333333333336,34.5
5,20,0.95,0.5,0.95,0.5,17,kf_sa_seed_0017.npz,20,5,35,681,700,901,480,0.342143906020558,0.657856093979442,0.0,0.08,0.92,0.0,0.4512471655328798,0.5487528344671202,0.0,0.043478260869565216,0.9565217391304348,0.0,0.7569367369589345,0.2256235827664399,0.24306326304106549,0.908675799086758,1092,410,682,0.37545787545787546,0.8541666666666666,0.20926864590876176,0.8062283737024222,0.19377162629757783,0.171071953010279,0.8369498636458989,0.8685353437486988,0.09910987466489461,0.3815675724782927,0.2824576978133981,98,70.96307023895727,13.94949494949495,24.0,0.5166474408142651,0.8476074049028413,0.0,,,,,35.333333333333336,3.5333333333333337,6,12,0.16666666666666666,0.16666666666666666,0.0,1.0,0.0,0.3333333333333333,26.5,26.5,30.0,33.583333333333336
5,20,0.98,0.5,0.95,0.5,17,kf_sa_seed_0017.npz,20,5,35,681,700,901,480,0.644640234948605,0.355359765051395,0.0,0.22285714285714286,0.7771428571428571,0.0,0.8526077097505669,0.1473922902494331,0.0,0.12391304347826088,0.8760869565217392,0.0,0.5194228634850167,0.42630385487528344,0.48057713651498335,0.8683602771362586,786,318,468,0.40458015267175573,0.6625,0.43084721216509775,0.7378151260504202,0.2621848739495798,0.3223201174743025,0.8272057898049088,0.8553470669382877,0.06766328415445037,0.32202689950864744,0.25436361535419705,61,44.170890658942795,22.274193548387096,24.0,0.5166474408142651,0.8476074049028413,0.0,,,,,27.5,2.75,6,12,0.3333333333333333,0.3333333333333333,0.0,1.0,0.0,0.6666666666666666,21.75,25.0,21.916666666666668,30.583333333333332
5,20,0.99,0.5,0.95,0.5,17,kf_sa_seed_0017.npz,20,5,35,681,700,901,480,0.7342143906020558,0.2657856093979442,0.0,0.2785714285714286,0.7214285714285714,0.0,0.963718820861678,0.036281179138321996,0.0,0.13260869565217392,0.8673913043478261,0.0,0.46059933407325193,0.481859410430839,0.5394006659267481,0.8744855967078189,686,271,415,0.39504373177842567,0.5645833333333333,0.503258508327299,0.7194244604316546,0.28057553956834536,0.3671071953010279,0.8096706524019299,0.8390173285672631,0.05645064822587545,0.2961968590479689,0.23974621082209344,37,26.792179580014484,36.3421052631579,24.0,0.5166474408142651,0.8476074049028413,0.0,,,,,25.833333333333332,2.5833333333333335,6,12,0.4166666666666667,0.4166666666666667,0.0,0.9166666666666666,0.0,0.8333333333333334,22.2,26.0,18.25,29.666666666666668
5,25,0.9,0.5,0.95,0.5,17,kf_sa_seed_0017.npz,25,5,35,676,700,896,480,0.4171597633136095,0.5828402366863905,0.0,0.10571428571428572,0.8942857142857142,0.0,0.5527522935779816,0.44724770642201833,0.0,0.06304347826086956,0.9369565217391305,0.0,0.6986607142857143,0.2763761467889908,0.3013392857142857,0.8925925925925926,1020,394,626,0.3862745098039216,0.8208333333333333,0.25872093023255816,0.7921348314606742,0.2078651685393258,0.20857988165680474,0.8290469146238377,0.8627423314414789,0.09317378329876892,0.3771966418530461,0.28402285855427717,75,54.50581395348837,18.105263157894736,25.0,0.5135980972857355,0.8476074049028413,0.0,,,,,34.0,3.4000000000000004,6,12,0.25,0.25,0.0,1.0,0.0,0.5,25.666666666666668,25.0,28.916666666666668,32.666666666666664
5,25,0.95,0.5,0.95,0.5,17,kf_sa_seed_0017.npz,25,5,35,676,700,896,480,0.591715976331361,0.40828402366863903,0.0,0.1657142857142857,0.8342857142857143,0.0,0.7844036697247706,0.21559633027522937,0.0,0.09347826086956522,0.9065217391304348,0.0,0.5703125,0.3922018348623853,0.4296875,0.8883116883116883,860,349,511,0.40581395348837207,0.7270833333333333,0.375,0.7751937984496124,0.22480620155038755,0.2958579881656805,0.8254120879120879,0.8566015725267783,0.07724978166309708,0.34411306833073046,0.26686328666763337,82,59.593023255813954,16.57831325301205,25.0,0.5135980972857355,0.8476074049028413,0.0,,,,,31.833333333333332,3.1833333333333336,6,12,0.3333333333333333,0.3333333333333333,0.0,1.0,0.0,0.6666666666666666,26.75,26.0,25.916666666666668,32.25
5,25,0.98,0.5,0.95,0.5,17,kf_sa_seed_0017.npz,25,5,35,676,700,896,480,0.727810650887574,0.27218934911242604,0.0,0.2757142857142857,0.7242857142857143,0.0,0.9495412844036697,0.05045871559633028,0.0,0.14347826086956522,0.8565217391304348,0.0,0.4642857142857143,0.47477064220183485,0.5357142857142857,0.8625,691,275,416,0.3979739507959479,0.5729166666666666,0.49781976744186046,0.7182481751824817,0.28175182481751826,0.363905325443787,0.8141208791208792,0.8419696395738424,0.057847237994046986,0.2990820788939495,0.24123484089990252,46,33.43023255813954,29.27659574468085,25.0,0.5135980972857355,0.8476074049028413,0.0,,,,,27.333333333333332,2.7333333333333334,6,12,0.4166666666666667,0.4166666666666667,0.0,0.9166666666666666,0.0,0.8333333333333334,24.2,26.0,19.416666666666668,30.5
5,25,0.99,0.5,0.95,0.5,17,kf_sa_seed_0017.npz,25,5,35,676,700,896,480,0.7840236686390533,0.21597633136094674,0.0,0.32,0.68,0.0,0.9793577981651376,0.020642201834862386,0.0,0.14130434782608695,0.8586956521739131,0.0,0.45089285714285715,0.4896788990825688,0.5491071428571429,0.8678861788617886,622,218,404,0.3504823151125402,0.45416666666666666,0.5479651162790697,0.7029177718832891,0.2970822281167109,0.39201183431952663,0.7891821639898563,0.8260478782452122,0.053661079083706445,0.2931848442927561,0.23952376520904967,26,18.8953488372093,50.96296296296296,25.0,0.5135980972857355,0.8476074049028413,0.0,,,,,23.333333333333332,2.3333333333333335,6,12,0.4166666666666667,0.4166666666666667,0.0,0.9166666666666666,0.0,0.8333333333333334,19.2,17.0,15.083333333333334,28.416666666666668
5,35,0.9,0.5,0.95,0.5,17,kf_sa_seed_0017.npz,35,5,35,666,700,886,480,0.7027027027027027,0.2972972972972973,0.0,0.27714285714285714,0.7228571428571429,0.0,0.9154929577464789,0.08450704225352113,0.0,0.13478260869565217,0.8652173913043478,0.0,0.4898419864559819,0.45774647887323944,0.510158013544018,0.8628318584070797,704,270,434,0.3835227272727273,0.5625,0.48462664714494874,0.7069486404833837,0.2930513595166163,0.35135135135135137,0.8074238524238524,0.8344117975186315,0.06365002578721292,0.30446972916462367,0.24081970337741077,48,35.13909224011713,27.877551020408163,35.0,0.509073725803243,0.8476074049028413,0.0,,,,,24.833333333333332,2.4833333333333334,6,12,0.4166666666666667,0.4166666666666667,0.0,0.9166666666666666,0.0,0.8333333333333334,22.4,25.0,18.583333333333332,29.75
5,35,0.95,0.5,0.95,0.5,17,kf_sa_seed_0017.npz,35,5,35,666,700,886,480,0.7582582582582582,0.24174174174174173,0.0,0.2985714285714286,0.7014285714285714,0.0,0.9671361502347418,0.03286384976525822,0.0,0.15,0.85,0.0,0.45711060948081267,0.4835680751173709,0.5428893905191874,0.8565488565488566,652,247,405,0.37883435582822084,0.5145833333333333,0.5226939970717424,0.7072829131652661,0.29271708683473385,0.3791291291291291,0.800023595023595,0.823709211104392,0.05731932238128932,0.2775702648081483,0.22025094242685897,40,29.282576866764277,33.31707317073171,35.0,0.509073725803243,0.8476074049028413,0.0,,,,,24.333333333333332,2.4333333333333336,6,12,0.4166666666666667,0.4166666666666667,0.0,0.9166666666666666,0.0,0.8333333333333334,22.0,25.0,17.666666666666668,29.583333333333332
5,35,0.98,0.5,0.95,0.5,17,kf_sa_seed_0017.npz,35,5,35,666,700,886,480,0.7987987987987988,0.2012012012012012,0.0,0.35285714285714287,0.6471428571428571,0.0,0.9976525821596244,0.002347417840375587,0.0,0.16956521739130434,0.8304347826086956,0.0,0.4322799097065463,0.4988262910798122,0.5677200902934537,0.8449304174950298,587,204,383,0.3475298126064736,0.425,0.5702781844802343,0.6829268292682927,0.31707317073170727,0.3993993993993994,0.7737816387816387,0.794998682477692,0.0534517066191129,0.24110764893161868,0.18765594231250576,40,29.282576866764277,33.31707317073171,35.0,0.509073725803243,0.8476074049028413,0.0,,,,,23.166666666666668,2.316666666666667,6,12,0.4166666666666667,0.4166666666666667,0.0,0.9166666666666666,0.0,0.8333333333333334,20.6,20.0,14.25,29.0
5,35,0.99,0.5,0.95,0.5,17,kf_sa_seed_0017.npz,35,5,35,666,700,886,480,0.8108108108108109,0.1891891891891892,0.0,0.39571428571428574,0.6042857142857143,0.0,1.0,0.0,0.0,0.19782608695652174,0.8021739130434783,0.0,0.4164785553047404,0.5,0.5835214446952596,0.8239845261121856,549,180,369,0.32786885245901637,0.375,0.5980966325036603,0.6609547123623011,0.3390452876376989,0.40540540540540543,0.7599592449592449,0.7925975099860926,0.04788744412081036,0.2341723624801604,0.18628491835935004,38,27.81844802342606,35.02564102564103,35.0,0.509073725803243,0.8476074049028413,0.0,,,,,19.166666666666668,1.916666666666667,6,12,0.5,0.5,0.0,0.8333333333333334,0.0,1.0,19.166666666666668,23.0,11.666666666666666,27.083333333333332
5,50,0.9,0.5,0.95,0.5,17,kf_sa_seed_0017.npz,50,5,35,651,700,871,480,0.7972350230414746,0.20276497695852536,0.0,0.4,0.6,0.0,1.0,0.0,0.0,0.2,0.8,0.0,0.4225028702640643,0.5,0.5774971297359357,0.8170974155069582,552,184,368,0.3333333333333333,0.38333333333333336,0.5914137675795706,0.6495619524405507,0.3504380475594493,0.3986175115207373,0.7486175115207373,0.7737471047007707,0.05184131537213392,0.21238521068214267,0.16054389531000873,28,20.72538860103627,46.58620689655172,50.0,0.5078728463878107,0.8476074049028413,0.0,,,,,22.5,2.25,6,12,0.3333333333333333,0.3333333333333333,0.0,0.8333333333333334,0.0,0.6666666666666666,17.0,15.5,12.833333333333334,29.0
5,50,0.95,0.5,0.95,0.5,17,kf_sa_seed_0017.npz,50,5,35,651,700,871,480,0.8018433179723502,0.19815668202764977,0.0,0.43714285714285717,0.5628571428571428,0.0,1.0,0.0,0.0,0.23695652173913043,0.7630434782608696,0.0,0.40298507462686567,0.5,0.5970149253731343,0.7903846153846154,523,172,351,0.32887189292543023,0.35833333333333334,0.612879348630644,0.6304347826086957,0.3695652173913043,0.4009216589861751,0.7374259381171824,0.7600677615927698,0.04903403659501758,0.19226333669507037,0.1432293001000528,32,23.686158401184308,40.93939393939394,50.0,0.5078728463878107,0.8476074049028413,0.0,,,,,22.5,2.25,6,12,0.3333333333333333,0.3333333333333333,0.0,0.6666666666666666,0.0,0.6666666666666666,16.75,15.0,11.833333333333334,28.916666666666668
5,50,0.98,0.5,0.95,0.5,17,kf_sa_seed_0017.npz,50,5,35,651,700,871,480,0.8033794162826421,0.1966205837173579,0.0,0.5285714285714286,0.4714285714285714,0.0,1.0,0.0,0.0,0.35434782608695653,0.6456521739130435,0.0,0.3409873708381171,0.5,0.6590126291618829,0.7160278745644599,458,161,297,0.35152838427947597,0.33541666666666664,0.6609918578830496,0.5856662933930571,0.4143337066069429,0.40168970814132104,0.7104344963791969,0.7306336177279745,0.04650901410986401,0.16081267500082944,0.11430366089096543,22,16.28423390081421,58.73913043478261,50.0,0.5078728463878107,0.8476074049028413,0.0,,,,,22.0,2.2,6,12,0.3333333333333333,0.3333333333333333,0.0,0.5833333333333334,0.0,0.6666666666666666,16.0,13.5,11.0,28.666666666666668
5,50,0.99,0.5,0.95,0.5,17,kf_sa_seed_0017.npz,50,5,35,651,700,871,480,0.7987711213517665,0.2012288786482335,0.0,0.5428571428571428,0.45714285714285713,0.0,0.9975669099756691,0.0024330900243309003,0.0,0.3630434782608696,0.6369565217391304,0.0,0.3375430539609644,0.49878345498783455,0.6624569460390356,0.7105719237435009,451,157,294,0.34811529933481156,0.32708333333333334,0.6661732050333087,0.5777777777777777,0.4222222222222223,0.39938556067588327,0.6849374588545095,0.7115224023266878,0.04478787375214268,0.1484425779260904,0.1036547041739477,26,19.24500370096225,50.03703703703704,50.0,0.5078728463878107,0.8476074049028413,0.0,,,,,21.833333333333332,2.183333333333333,6,12,0.25,0.16666666666666666,0.08333333333333333,0.4166666666666667,0.0,0.3333333333333333,8.333333333333334,8.0,10.75,28.333333333333332
7,35,0.9,0.5,0.95,0.5,17,kf_sa_seed_0017.npz,35,5,35,666,700,886,480,0.3123123123123123,0.6876876876876877,0.0,0.09428571428571429,0.9057142857142857,0.0,0.43896713615023475,0.5610328638497653,0.0,0.030434782608695653,0.9695652173913043,0.0,0.7731376975169301,0.21948356807511737,0.22686230248307,0.9303482587064676,1092,407,685,0.3727106227106227,0.8479166666666667,0.2005856515373353,0.7591240875912408,0.24087591240875916,0.15615615615615616,0.7933311883311883,0.8428288160921052,0.1089771713891613,0.3437203971066951,0.2347432257175338,75,54.904831625183014,17.973684210526315,38.0,0.509073725803243,0.8476074049028413,0.0,,,,,52.333333333333336,5.233333333333334,6,12,0.08333333333333333,0.08333333333333333,0.0,1.0,0.0,0.16666666666666666,32.0,32.0,30.25,34.75
7,35,0.95,0.5,0.95,0.5,17,kf_sa_seed_0017.npz,35,5,35,666,700,886,480,0.487987987987988,0.512012012012012,0.0,0.21857142857142858,0.7814285714285715,0.0,0.6971830985915493,0.3028169014084507,0.0,0.09782608695652174,0.9021739130434783,0.0,0.6139954853273137,0.3485915492957746,0.3860045146726862,0.868421052631579,888,344,544,0.38738738738738737,0.7166666666666667,0.34992679355783307,0.6799163179916318,0.32008368200836823,0.243993993993994,0.7735413985413986,0.8259731730517043,0.09227825669457426,0.3095276074240413,0.21724935072946702,68,49.780380673499266,19.797101449275363,38.0,0.509073725803243,0.8476074049028413,0.0,,,,,43.5,4.3500000000000005,6,12,0.08333333333333333,0.08333333333333333,0.0,1.0,0.0,0.16666666666666666,32.0,32.0,25.75,34.75
7,35,0.98,0.5,0.95,0.5,17,kf_sa_seed_0017.npz,35,5,35,666,700,886,480,0.6246246246246246,0.37537537537537535,0.0,0.2857142857142857,0.7142857142857143,0.0,0.8896713615023474,0.11032863849765258,0.0,0.12173913043478261,0.8782608695652174,0.0,0.5090293453724605,0.4448356807511737,0.4909706546275395,0.871264367816092,750,299,451,0.39866666666666667,0.6229166666666667,0.45095168374816985,0.6753246753246753,0.3246753246753247,0.3123123123123123,0.7511561561561562,0.8109578421526578,0.07300899499508788,0.26869996093299225,0.19569096593790436,28,20.497803806734993,47.10344827586207,35.0,0.509073725803243,0.8476074049028413,0.0,,,,,39.5,3.95,6,12,0.08333333333333333,0.08333333333333333,0.0,0.8333333333333334,0.0,0.16666666666666666,28.0,28.0,22.416666666666668,34.416666666666664
7,35,0.99,0.5,0.95,0.5,17,kf_sa_seed_0017.npz,35,5,35,666,700,886,480,0.6666666666666666,0.3333333333333333,0.0,0.32,0.68,0.0,0.9225352112676056,0.07746478873239436,0.0,0.14782608695652175,0.8521739130434782,0.0,0.4796839729119639,0.4612676056338028,0.5203160270880361,0.8524945770065075,698,273,425,0.39111747851002865,0.56875,0.4890190336749634,0.6646706586826348,0.33532934131736525,0.3333333333333333,0.7221814671814671,0.7872436470525956,0.0650826355362379,0.237291594726022,0.17220895918978407,28,20.497803806734993,47.10344827586207,35.0,0.509073725803243,0.8476074049028413,0.0,,,,,33.666666666666664,3.3666666666666667,6,12,0.08333333333333333,0.08333333333333333,0.0,0.8333333333333334,0.0,0.16666666666666666,24.0,24.0,20.25,34.083333333333336
7,50,0.9,0.5,0.95,0.5,17,kf_sa_seed_0017.npz,50,5,35,651,700,871,480,0.663594470046083,0.33640552995391704,0.0,0.32142857142857145,0.6785714285714286,0.0,0.9051094890510949,0.0948905109489051,0.0,0.16521739130434782,0.8347826086956521,0.0,0.4856486796785304,0.45255474452554745,0.5143513203214696,0.8303571428571429,694,271,423,0.3904899135446686,0.5645833333333333,0.4863064396743153,0.6575342465753424,0.34246575342465757,0.3317972350230415,0.7248869870528857,0.7788603758444276,0.07318188478692052,0.23845588568399453,0.165274000897074,26,19.24500370096225,50.03703703703704,50.0,0.5078728463878107,0.8476074049028413,0.0,,,,,36.666666666666664,3.6666666666666665,6,12,0.25,0.25,0.0,0.8333333333333334,0.0,0.5,25.666666666666668,25.0,19.916666666666668,32.666666666666664
7,50,0.95,0.5,0.95,0.5,17,kf_sa_seed_0017.npz,50,5,35,651,700,871,480,0.6835637480798771,0.31643625192012287,0.0,0.36,0.64,0.0,0.9124087591240876,0.08759124087591241,0.0,0.18695652173913044,0.8130434782608695,0.0,0.4707233065442021,0.4562043795620438,0.529276693455798,0.8134490238611713,654,244,410,0.3730886850152905,0.5083333333333333,0.5159141376757957,0.6384505021520803,0.3615494978479197,0.34178187403993854,0.7102896642527979,0.7645407749981873,0.06605200947780404,0.21594585188350862,0.14989384240570458,28,20.72538860103627,46.58620689655172,50.0,0.5078728463878107,0.8476074049028413,0.0,,,,,34.0,3.4000000000000004,6,12,0.25,0.25,0.0,0.8333333333333334,0.0,0.5,21.0,21.0,17.5,31.5
7,50,0.98,0.5,0.95,0.5,17,kf_sa_seed_0017.npz,50,5,35,651,700,871,480,0.7265745007680492,0.27342549923195086,0.0,0.4114285714285714,0.5885714285714285,0.0,0.9659367396593674,0.0340632603406326,0.0,0.22826086956521738,0.7717391304347826,0.0,0.42365097588978184,0.4829683698296837,0.5763490241102182,0.7908366533864541,590,221,369,0.37457627118644066,0.46041666666666664,0.5632864544781643,0.621550591327201,0.37844940867279897,0.3632872503840246,0.6843888523151196,0.7408520979367117,0.0591946664502793,0.1835978521772936,0.12440318572701431,28,20.72538860103627,46.58620689655172,50.0,0.5078728463878107,0.8476074049028413,0.0,,,,,30.0,3.0,6,12,0.25,0.25,0.0,0.75,0.0,0.5,20.666666666666668,21.0,15.916666666666666,31.416666666666668
7,50,0.99,0.5,0.95,0.5,17,kf_sa_seed_0017.npz,50,5,35,651,700,871,480,0.7327188940092166,0.2672811059907834,0.0,0.45,0.55,0.0,0.9781021897810219,0.021897810218978103,0.0,0.2543478260869565,0.7456521739130435,0.0,0.4041331802525832,0.48905109489051096,0.5958668197474167,0.7745664739884393,559,207,352,0.370304114490161,0.43125,0.5862324204293117,0.6022727272727273,0.3977272727272727,0.3663594470046083,0.6449440421329822,0.717248590798241,0.053727353128737367,0.16098474446738534,0.10725739133864798,30,22.20577350111029,43.58064516129032,50.0,0.5078728463878107,0.8476074049028413,0.0,,,,,30.0,3.0,6,12,0.25,0.25,0.0,0.6666666666666666,0.0,0.5,22.0,24.0,14.75,31.75
10,50,0.9,0.5,0.95,0.5,17,kf_sa_seed_0017.npz,50,5,35,651,700,871,480,0.271889400921659,0.728110599078341,0.0,0.11857142857142858,0.8814285714285715,0.0,0.3844282238442822,0.6155717761557178,0.0,0.05652173913043478,0.9434782608695652,0.0,0.7887485648679678,0.1922141119221411,0.21125143513203215,0.8586956521739131,1091,404,687,0.3703024747937672,0.8416666666666667,0.19245003700962252,0.6807692307692308,0.3192307692307692,0.1359447004608295,0.7321066491112574,0.7593015312719987,0.11278521690550367,0.24632928367968565,0.13354406677418199,49,36.26943005181347,27.02,52.0,0.5078728463878107,0.8476074049028413,0.0,,,,,51.5,5.15,6,12,0.0,0.0,0.0,1.0,0.0,0.0,,,30.25,35.0
10,50,0.95,0.5,0.95,0.5,17,kf_sa_seed_0017.npz,50,5,35,651,700,871,480,0.4715821812596006,0.5284178187403994,0.0,0.21714285714285714,0.7828571428571428,0.0,0.6690997566909975,0.3309002433090024,0.0,0.08260869565217391,0.9173913043478261,0.0,0.6406429391504018,0.33454987834549876,0.3593570608495982,0.8785942492012779,892,334,558,0.3744394618834081,0.6958333333333333,0.33974833456698744,0.6688453159041394,0.3311546840958606,0.2357910906298003,0.7162211981566821,0.7372479023061048,0.09962405341225104,0.21562330614889838,0.11599925273664734,46,34.048852701702444,28.74468085106383,52.0,0.5078728463878107,0.8476074049028413,0.0,,,,,43.8,4.38,6,12,0.08333333333333333,0.08333333333333333,0.0,1.0,0.0,0.16666666666666666,30.0,30.0,24.916666666666668,34.583333333333336
10,50,0.98,0.5,0.95,0.5,17,kf_sa_seed_0017.npz,50,5,35,651,700,871,480,0.6067588325652842,0.3932411674347158,0.0,0.32285714285714284,0.6771428571428572,0.0,0.8588807785888077,0.1411192214111922,0.0,0.11956521739130435,0.8804347826086957,0.0,0.5315729047072331,0.42944038929440387,0.46842709529276694,0.8651960784313726,730,267,463,0.36575342465753424,0.55625,0.45965951147298295,0.6360708534621579,0.36392914653784214,0.3033794162826421,0.6793307000219443,0.6871270150000286,0.07977358323872873,0.15959326547008473,0.079819682231356,36,26.646928201332347,36.513513513513516,54.0,0.5078728463878107,0.8476074049028413,0.0,,,,,42.5,4.25,6,12,0.16666666666666666,0.16666666666666666,0.0,0.8333333333333334,0.0,0.3333333333333333,28.5,28.5,19.5,33.916666666666664
10,50,0.99,0.5,0.95,0.5,17,kf_sa_seed_0017.npz,50,5,35,651,700,871,480,0.6804915514592934,0.3195084485407066,0.0,0.45714285714285713,0.5428571428571428,0.0,0.9172749391727494,0.0827250608272506,0.0,0.26521739130434785,0.7347826086956522,0.0,0.42709529276693453,0.4586374695863747,0.5729047072330654,0.7555110220440882,588,216,372,0.3673469387755102,0.45,0.5647668393782384,0.580602883355177,0.41939711664482304,0.3402457757296467,0.6332565284178188,0.6367277557108781,0.06256379320575338,0.10818681865113114,0.04562302544537776,42,31.088082901554404,31.41860465116279,54.0,0.5078728463878107,0.8476074049028413,0.0,,,,,35.166666666666664,3.5166666666666666,6,12,0.25,0.25,0.0,0.6666666666666666,0.0,0.5,23.666666666666668,25.0,15.416666666666666,32.166666666666664
3,20,0.9,0.5,0.95,0.5,18,kf_sa_seed_0018.npz,20,5,35,681,700,901,480,0.8002936857562408,0.15859030837004406,0.041116005873715125,0.26857142857142857,0.5428571428571428,0.18857142857142858,0.9160997732426304,0.08390022675736962,0.0,0.14565217391304347,0.6326086956521739,0.2217391304347826,0.36403995560488345,0.5689194518387065,0.6359600443951166,0.8830715532286213,488,160,328,0.32786885245901637,0.3333333333333333,0.6466328747284577,0.7581187010078387,0.24188129899216126,0.4944325571638347,0.821558632263478,0.7978871863496563,0.08920762156986171,0.3746173431683376,0.2854097215984759,72,52.136133236784936,18.91780821917808,20.0,0.5592434309515947,0.9286727665022976,0.5,30.333333333333332,29.0,40.0,3.033333333333333,17.166666666666668,1.7166666666666668,3,12,0.5833333333333334,0.5,0.08333333333333333,0.9166666666666666,0.3333333333333333,0.6666666666666666,16.0,18.0,11.666666666666666,23.916666666666668
3,20,0.95,0.5,0.95,0.5,18,kf_sa_seed_0018.npz,20,5,35,681,700,901,480,0.8252569750367107,0.13215859030837004,0.042584434654919234,0.30857142857142855,0.5128571428571429,0.17857142857142858,0.9455782312925171,0.05442176870748299,0.0,0.17173913043478262,0.6130434782608696,0.21521739130434783,0.33962264150943394,0.5803978112984325,0.660377358490566,0.8672268907563025,449,143,306,0.3184855233853007,0.29791666666666666,0.6748732802317161,0.7371244635193133,0.26287553648068673,0.5019142018040696,0.8208537864485002,0.7933005775257506,0.08581196166095846,0.3485389749025434,0.26272701324158493,62,44.89500362056481,21.92063492063492,20.0,0.5592434309515947,0.9286727665022976,0.5,32.333333333333336,30.0,43.0,3.233333333333334,17.333333333333332,1.7333333333333334,3,12,0.5833333333333334,0.5,0.08333333333333333,0.9166666666666666,0.3333333333333333,0.6666666666666666,16.571428571428573,18.0,10.666666666666666,24.25
3,20,0.98,0.5,0.95,0.5,18,kf_sa_seed_0018.npz,20,5,35,681,700,901,480,0.8428781204111601,0.1130690161527166,0.04405286343612335,0.3942857142857143,0.45285714285714285,0.15285714285714286,0.9705215419501134,0.02947845804988662,0.0,0.2565217391304348,0.5478260869565217,0.1956521739130435,0.29411764705882354,0.5830868579315784,0.7058823529411765,0.8144654088050315,394,129,265,0.32741116751269034,0.26875,0.7146994931209268,0.6899696048632219,0.3100303951367781,0.4978676316341515,0.8102286553387875,0.778117986338599,0.08423677343151853,0.30516103095043995,0.22092425751892142,60,43.44677769732078,22.639344262295083,20.0,0.5592434309515947,0.9286727665022976,0.5,38.0,34.0,48.0,3.8000000000000003,17.166666666666668,1.7166666666666668,3,12,0.5,0.3333333333333333,0.16666666666666666,0.75,0.16666666666666666,0.5,15.333333333333334,16.0,9.583333333333334,25.166666666666668
3,20,0.99,0.5,0.95,0.5,18,kf_sa_seed_0018.npz,20,5,35,681,700,901,480,0.8502202643171806,0.1013215859030837,0.048458149779735685,0.4957142857142857,0.36714285714285716,0.13714285714285715,0.9773242630385488,0.022675736961451247,0.0,0.3630434782608696,0.45,0.18695652173913044,0.24084350721420644,0.5821403923888396,0.7591564927857936,0.7558479532163743,326,109,217,0.3343558282208589,0.22708333333333333,0.7639391745112237,0.6398104265402843,0.3601895734597157,0.49368156073001884,0.7914033983637507,0.7579247608721237,0.08428799477360967,0.26530463581722497,0.1810166410436153,40,28.96451846488052,33.68292682926829,20.0,0.5592434309515947,0.9286727665022976,0.3333333333333333,35.5,35.5,36.0,3.5500000000000003,17.166666666666668,1.7166666666666668,4,12,0.4166666666666667,0.25,0.16666666666666666,0.75,0.0,0.5,11.6,14.0,8.0,25.25
3,25,0.9,0.5,0.95,0.5,18,kf_sa_seed_0018.npz,25,5,35,676,700,896,480,0.8313609467455622,0.1227810650887574,0.04585798816568047,0.3357142857142857,0.49,0.1742857142857143,0.9495412844036697,0.05045871559633028,0.0,0.1934782608695652,0.5934782608695652,0.21304347826086956,0.32924107142857145,0.5812923813322697,0.6707589285714286,0.8519134775374376,426,131,295,0.3075117370892019,0.27291666666666664,0.690406976744186,0.72,0.28,0.5028233305156382,0.8138165680473373,0.7842541283549777,0.08707275697399333,0.33240790846646057,0.24533515149246723,44,31.976744186046513,30.57777777777778,25.0,0.5576198165472018,0.9286727665022976,0.5,33.333333333333336,31.0,44.0,3.333333333333334,17.0,1.7000000000000002,3,12,0.5833333333333334,0.4166666666666667,0.16666666666666666,0.75,0.3333333333333333,0.5,16.428571428571427,18.0,9.75,24.166666666666668
3,25,0.95,0.5,0.95,0.5,18,kf_sa_seed_0018.npz,25,5,35,676,700,896,480,0.8357988165680473,0.11686390532544379,0.047337278106508875,0.3757142857142857,0.4585714285714286,0.1657142857142857,0.9610091743119266,0.0389908256880734,0.0,0.23478260869565218,0.5608695652173913,0.20434782608695654,0.30691964285714285,0.5826785001994416,0.6930803571428571,0.8260869565217391,400,125,275,0.3125,0.2604166666666667,0.7093023255813954,0.6977459016393442,0.30225409836065575,0.5007565511411665,0.8067836010143703,0.7757453544562155,0.08763590919915831,0.31253477878289954,0.22489886958374122,50,36.33720930232558,26.980392156862745,25.0,0.5576198165472018,0.9286727665022976,0.5,35.0,32.0,47.0,3.5,17.166666666666668,1.7166666666666668,3,12,0.5833333333333334,0.4166666666666667,0.16666666666666666,0.75,0.3333333333333333,0.5,16.857142857142858,19.0,9.333333333333334,24.416666666666668
3,25,0.98,0.5,0.95,0.5,18,kf_sa_seed_0018.npz,25,5,35,676,700,896,480,0.8446745562130178,0.10207100591715976,0.05325443786982249,0.46714285714285714,0.3914285714285714,0.14142857142857143,0.9747706422018348,0.02522935779816514,0.0,0.3282608695652174,0.48043478260869565,0.19130434782608696,0.25892857142857145,0.583037495013961,0.7410714285714286,0.7725903614457831,343,111,232,0.3236151603498542,0.23125,0.7507267441860465,0.648596321393998,0.35140367860600197,0.4930515638207946,0.7922844463229078,0.7592541559587356,0.08856384765673755,0.2790484777782199,0.19048463012148234,30,21.802325581395348,44.38709677419355,25.0,0.5576198165472018,0.9286727665022976,0.3333333333333333,34.5,34.5,35.0,3.45,17.333333333333332,1.7333333333333334,4,12,0.4166666666666667,0.25,0.16666666666666666,0.75,0.0,0.5,11.8,14.0,8.166666666666666,25.333333333333332
3,25,0.99,0.5,0.95,0.5,18,kf_sa_seed_0018.npz,25,5,35,676,700,896,480,0.8446745562130178,0.10059171597633136,0.05473372781065089,0.5557142857142857,0.31857142857142856,0.12571428571428572,0.9747706422018348,0.02522935779816514,0.0,0.4260869565217391,0.4043478260869565,0.16956521739130434,0.21986607142857142,0.5721679297965696,0.7801339285714286,0.7195994277539342,291,94,197,0.3230240549828179,0.19583333333333333,0.7885174418604651,0.6073732718894009,0.39262672811059907,0.48519442096365173,0.7736538461538461,0.7402606426507904,0.08884992428853401,0.24551107613873568,0.15666115185020169,30,21.802325581395348,44.38709677419355,25.0,0.5576198165472018,0.9286727665022976,0.3333333333333333,38.0,38.0,39.0,3.8000000000000003,17.5,1.75,4,12,0.4166666666666667,0.25,0.16666666666666666,0.5,0.0,0.5,11.8,15.0,7.0,25.333333333333332
3,35,0.9,0.5,0.95,0.5,18,kf_sa_seed_0018.npz,35,5,35,666,700,886,480,0.8423423423423423,0.09759759759759759,0.06006006006006006,0.4957142857142857,0.37285714285714283,0.13142857142857142,0.9741784037558685,0.025821596244131457,0.0,0.35434782608695653,0.4673913043478261,0.1782608695652174,0.255079006772009,0.576219636660543,0.744920993227991,0.753030303030303,326,100,226,0.3067484662576687,0.20833333333333334,0.7613469985358712,0.6278846153846154,0.3721153846153846,0.48688545688545687,0.76998712998713,0.7412825711624251,0.09920324643080498,0.27856606985307053,0.17936282342226556,30,21.961932650073205,44.064516129032256,35.0,0.555248336022493,0.9286727665022976,0.3333333333333333,35.5,35.5,36.0,3.5500000000000003,17.5,1.75,4,12,0.4166666666666667,0.25,0.16666666666666666,0.6666666666666666,0.0,0.5,11.8,15.0,7.25,25.333333333333332
3,35,0.95,0.5,0.95,0.5,18,kf_sa_seed_0018.npz,35,5,35,666,700,886,480,0.8408408408408409,0.0990990990990991,0.06006006006006006,0.5228571428571429,0.34714285714285714,0.13,0.971830985915493,0.028169014084507043,0.0,0.3826086956521739,0.44130434782608696,0.17608695652173914,0.24266365688487584,0.573958971218616,0.7573363431151241,0.7377049180327869,309,94,215,0.3042071197411003,0.19583333333333333,0.773792093704246,0.6158940397350994,0.3841059602649006,0.48542042042042044,0.7649528099528099,0.7344370528624363,0.09951911307341518,0.265355623470033,0.16583651039661781,30,21.961932650073205,44.064516129032256,35.0,0.555248336022493,0.9286727665022976,0.3333333333333333,36.0,36.0,37.0,3.6,17.833333333333332,1.7833333333333332,4,12,0.4166666666666667,0.25,0.16666666666666666,0.5833333333333334,0.0,0.5,11.8,15.0,6.833333333333333,25.333333333333332
3,35,0.98,0.5,0.95,0.5,18,kf_sa_seed_0018.npz,35,5,35,666,700,886,480,0.8303303303303303,0.10810810810810811,0.06156156156156156,0.5771428571428572,0.30428571428571427,0.11857142857142858,0.9647887323943662,0.035211267605633804,0.0,0.4434782608695652,0.3978260869565217,0.15869565217391304,0.2234762979683973,0.5617421922841397,0.7765237020316027,0.7034883720930233,285,87,198,0.30526315789473685,0.18125,0.7913616398243045,0.5883441258094357,0.41165587419056426,0.47445087945087944,0.7524817674817674,0.7207294379130229,0.09890363020723039,0.23927696290633024,0.14037333269909985,28,20.497803806734993,47.10344827586207,35.0,0.555248336022493,0.9286727665022976,0.3333333333333333,39.0,39.0,39.0,3.9000000000000004,19.0,1.9000000000000001,4,12,0.4166666666666667,0.25,0.16666666666666666,0.4166666666666667,0.0,0.5,12.8,16.0,6.666666666666667,25.75
3,35,0.99,0.5,0.95,0.5,18,kf_sa_seed_0018.npz,35,5,35,666,700,886,480,0.8348348348348348,0.1006006006006006,0.06456456456456457,0.6128571428571429,0.28285714285714286,0.10428571428571429,0.9577464788732394,0.03755868544600939,0.004694835680751174,0.4826086956521739,0.3804347826086957,0.13695652173913042,0.21557562076749437,0.5473515003061848,0.7844243792325056,0.6776978417266187,265,74,191,0.2792452830188679,0.15416666666666667,0.8060029282576867,0.5712988192552225,0.4287011807447775,0.46956027456027455,0.7349764049764049,0.7023389387317481,0.0983058497978815,0.21173948862984276,0.11343363883196127,24,17.569546120058565,54.64,35.0,0.555248336022493,0.9286727665022976,0.3333333333333333,43.0,43.0,44.0,4.3,15.833333333333334,1.5833333333333335,4,12,0.4166666666666667,0.16666666666666666,0.25,0.3333333333333333,0.0,0.3333333333333333,8.4,0.0,4.5,23.916666666666668
3,50,0.9,0.5,0.95,0.5,18,kf_sa_seed_0018.npz,50,5,35,651,700,871,480,0.815668202764977,0.11981566820276497,0.06451612903225806,0.62,0.2742857142857143,0.10571428571428572,0.9513381995133819,0.0340632603406326,0.014598540145985401,0.4891304347826087,0.36086956521739133,0.15,0.2066590126291619,0.550669099756691,0.7933409873708381,0.6657018813314037,270,90,180,0.3333333333333333,0.1875,0.8001480384900074,0.5596669750231268,0.4403330249768732,0.46069124423963137,0.7211696291419794,0.690458639795763,0.11068465228591773,0.22048967893036076,0.10980502664444303,34,25.166543301258326,38.6,50.0,0.5616323207294222,0.9286727665022976,0.3333333333333333,45.5,45.5,48.0,4.55,16.666666666666668,1.666666666666667,4,12,0.4166666666666667,0.16666666666666666,0.25,0.3333333333333333,0.0,0.3333333333333333,9.0,0.0,5.0,24.166666666666668
3,50,0.95,0.5,0.95,0.5,18,kf_sa_seed_0018.npz,50,5,35,651,700,871,480,0.8172043010752689,0.11981566820276497,0.0629800307219662,0.6271428571428571,0.27,0.10285714285714286,0.948905109489051,0.0364963503649635,0.014598540145985401,0.4934782608695652,0.3630434782608696,0.14347826086956522,0.208955223880597,0.5461916851793082,0.7910447761194029,0.6618287373004355,267,85,182,0.31835205992509363,0.17708333333333334,0.8023686158401184,0.5571955719557196,0.44280442804428044,0.46003072196620587,0.7146148782093482,0.6836948271411349,0.1100169358981836,0.21009920791226014,0.10008227201407655,26,19.24500370096225,50.03703703703704,50.0,0.5616323207294222,0.9286727665022976,0.3333333333333333,62.0,62.0,80.0,6.2,17.333333333333332,1.7333333333333334,4,12,0.4166666666666667,0.16666666666666666,0.25,0.3333333333333333,0.0,0.3333333333333333,9.6,0.0,4.916666666666667,24.416666666666668
3,50,0.98,0.5,0.95,0.5,18,kf_sa_seed_0018.npz,50,5,35,651,700,871,480,0.815668202764977,0.11981566820276497,0.06451612903225806,0.67,0.22,0.11,0.9440389294403893,0.038929440389294405,0.0170316301703163,0.5521739130434783,0.3,0.14782608695652175,0.17680826636050517,0.5459325081984555,0.8231917336394948,0.6359832635983264,232,78,154,0.33620689655172414,0.1625,0.8282753515914137,0.5433422698838248,0.45665773011617516,0.4628341013824885,0.697357910906298,0.6658488876361442,0.11001417384896751,0.190418969099248,0.08040479525028048,30,22.20577350111029,43.58064516129032,50.0,0.5616323207294222,0.9286727665022976,0.3333333333333333,61.0,61.0,76.0,6.1000000000000005,18.0,1.8,4,12,0.3333333333333333,0.08333333333333333,0.25,0.3333333333333333,0.0,0.16666666666666666,4.0,0.0,5.0,24.666666666666668
3,50,0.99,0.5,0.95,0.5,18,kf_sa_seed_0018.npz,50,5,35,651,700,871,480,0.8279569892473119,0.10445468509984639,0.06758832565284179,0.7342857142857143,0.15857142857142856,0.10714285714285714,0.9367396593673966,0.043795620437956206,0.019464720194647202,0.6347826086956522,0.22391304347826088,0.14130434782608695,0.13892078071182548,0.5390220035967418,0.8610792192881745,0.6,179,58,121,0.3240223463687151,0.12083333333333333,0.8675055514433753,0.5238907849829352,0.4761092150170648,0.4675499231950845,0.6770243581303489,0.6462477345103312,0.11136254689660594,0.1700651292743924,0.05870258237778647,16,11.843079200592154,79.47058823529412,50.0,0.5616323207294222,0.9286727665022976,0.3333333333333333,62.5,62.5,77.0,6.25,18.666666666666668,1.866666666666667,4,12,0.3333333333333333,0.08333333333333333,0.25,0.3333333333333333,0.0,0.16666666666666666,4.0,0.0,4.416666666666667,24.666666666666668
5,20,0.9,0.5,0.95,0.5,18,kf_sa_seed_0018.npz,20,5,35,681,700,901,480,0.2701908957415565,0.697503671071953,0.032305433186490456,0.06142857142857143,0.8471428571428572,0.09142857142857143,0.3287981859410431,0.671201814058957,0.0,0.04565217391304348,0.8260869565217391,0.1282608695652174,0.7502774694783574,0.22852952775313023,0.24972253052164262,0.9066666666666666,1068,392,676,0.36704119850187267,0.8166666666666667,0.2266473569876901,0.792332268370607,0.207667731629393,0.18080973358506397,0.797203692049507,0.7899532400898803,0.14433843130434698,0.407163101417749,0.262824670113402,90,65.17016654598117,15.175824175824175,27.0,0.5592434309515947,0.9286727665022976,0.16666666666666666,36.0,36.0,36.0,3.6,33.833333333333336,3.3833333333333337,5,12,0.16666666666666666,0.16666666666666666,0.0,1.0,0.0,0.3333333333333333,4.0,4.0,26.083333333333332,29.833333333333332
5,20,0.95,0.5,0.95,0.5,18,kf_sa_seed_0018.npz,20,5,35,681,700,901,480,0.49045521292217326,0.47577092511013214,0.033773861967694566,0.12,0.79,0.09,0.5736961451247166,0.42630385487528344,0.0,0.05,0.8239130434782609,0.12608695652173912,0.6293007769145395,0.34989155082322787,0.3706992230854606,0.9311377245508982,877,310,567,0.35347776510832385,0.6458333333333334,0.36495293265749457,0.7876984126984127,0.21230158730158732,0.29022760646108664,0.7939857352632683,0.7824663474723854,0.12446745359083483,0.37071444848328383,0.246246994892449,80,57.92903692976104,17.049382716049383,27.0,0.5592434309515947,0.9286727665022976,0.16666666666666666,37.0,37.0,37.0,3.7,26.5,2.6500000000000004,5,12,0.3333333333333333,0.25,0.08333333333333333,0.9166666666666666,0.0,0.5,14.75,14.0,21.416666666666668,28.25
5,20,0.98,0.5,0.95,0.5,18,kf_sa_seed_0018.npz,20,5,35,681,700,901,480,0.7033773861967695,0.26138032305433184,0.03524229074889868,0.24,0.6742857142857143,0.08571428571428572,0.8344671201814059,0.1655328798185941,0.0,0.10217391304347827,0.7782608695652173,0.11956521739130435,0.47835738068812433,0.4770161687863551,0.5216426193118757,0.9,650,219,431,0.33692307692307694,0.45625,0.5293265749456916,0.7373461012311902,0.26265389876880985,0.3945458359555276,0.7815019928676317,0.7551921940678452,0.10485210942523307,0.325773747666174,0.22092163824094094,59,42.72266473569877,23.016666666666666,27.0,0.5592434309515947,0.9286727665022976,0.16666666666666666,41.0,41.0,41.0,4.1000000000000005,23.166666666666668,2.316666666666667,5,12,0.4166666666666667,0.3333333333333333,0.08333333333333333,0.9166666666666666,0.0,0.6666666666666666,17.6,20.0,15.833333333333334,27.75
5,20,0.99,0.5,0.95,0.5,18,kf_sa_seed_0018.npz,20,5,35,681,700,901,480,0.7782672540381792,0.18355359765051396,0.0381791483113069,0.32857142857142857,0.5885714285714285,0.08285714285714285,0.9160997732426304,0.08390022675736962,0.0,0.15434782608695652,0.7304347826086957,0.11521739130434783,0.413984461709212,0.5156585822734892,0.586015538290788,0.865530303030303,537,164,373,0.3054003724394786,0.3416666666666667,0.611151339608979,0.6966824644549763,0.3033175355450237,0.430562198447661,0.7662051604782882,0.7457484168516966,0.09562936159729274,0.29890113767924337,0.20327177608195063,37,26.792179580014484,36.3421052631579,24.0,0.5592434309515947,0.9286727665022976,0.16666666666666666,42.0,42.0,42.0,4.2,21.666666666666668,2.166666666666667,5,12,0.4166666666666667,0.3333333333333333,0.08333333333333333,0.8333333333333334,0.0,0.6666666666666666,16.0,20.0,12.0,27.083333333333332
5,25,0.9,0.5,0.95,0.5,18,kf_sa_seed_0018.npz,25,5,35,676,700,896,480,0.5621301775147929,0.40384615384615385,0.034023668639053255,0.1357142857142857,0.7757142857142857,0.08857142857142856,0.6559633027522935,0.3440366972477064,0.0,0.058695652173913045,0.8173913043478261,0.12391304347826088,0.5870535714285714,0.38993817311527723,0.41294642857142855,0.927027027027027,816,290,526,0.3553921568627451,0.6041666666666666,0.4069767441860465,0.7892857142857143,0.21071428571428574,0.3253508030431107,0.7932459847844463,0.7773985162897413,0.12066570017706435,0.36449796836983905,0.2438322681927747,73,53.05232558139535,18.594594594594593,25.0,0.5576198165472018,0.9286727665022976,0.16666666666666666,38.0,38.0,38.0,3.8000000000000003,23.666666666666668,2.3666666666666667,5,12,0.4166666666666667,0.3333333333333333,0.08333333333333333,0.9166666666666666,0.0,0.6666666666666666,18.4,20.0,20.666666666666668,28.083333333333332
5,25,0.95,0.5,0.95,0.5,18,kf_sa_seed_0018.npz,25,5,35,676,700,896,480,0.6775147928994083,0.2869822485207101,0.03550295857988166,0.2,0.7128571428571429,0.08714285714285715,0.805045871559633,0.19495412844036697,0.0,0.08043478260869565,0.7978260869565217,0.12173913043478261,0.5044642857142857,0.4633925009972078,0.4955357142857143,0.9166666666666666,693,241,452,0.3477633477633478,0.5020833333333333,0.49636627906976744,0.7598828696925329,0.24011713030746706,0.38232882502113275,0.7875612848689771,0.7688837688852344,0.10982432177210306,0.3334031678720826,0.22357884609997952,64,46.51162790697674,21.16923076923077,25.0,0.5576198165472018,0.9286727665022976,0.16666666666666666,39.0,39.0,39.0,3.9000000000000004,23.333333333333332,2.3333333333333335,5,12,0.4166666666666667,0.3333333333333333,0.08333333333333333,0.9166666666666666,0.0,0.6666666666666666,17.8,20.0,17.5,27.833333333333332
5,25,0.98,0.5,0.95,0.5,18,kf_sa_seed_0018.npz,25,5,35,676,700,896,480,0.7633136094674556,0.1997041420118343,0.03698224852071006,0.3171428571428571,0.6014285714285714,0.08142857142857143,0.9013761467889908,0.09862385321100918,0.0,0.15434782608695652,0.7326086956521739,0.11304347826086956,0.42410714285714285,0.5072098125249301,0.5758928571428571,0.8624031007751938,556,176,380,0.31654676258992803,0.36666666666666664,0.5959302325581395,0.698780487804878,0.301219512195122,0.4223710904480135,0.7690236686390532,0.7355428400103261,0.10033001918542017,0.2940828705519715,0.19375285136655135,32,23.25581395348837,41.696969696969695,25.0,0.5576198165472018,0.9286727665022976,0.16666666666666666,43.0,43.0,43.0,4.3,22.166666666666668,2.216666666666667,5,12,0.4166666666666667,0.3333333333333333,0.08333333333333333,0.8333333333333334,0.0,0.6666666666666666,16.4,20.0,13.0,27.25
5,25,0.99,0.5,0.95,0.5,18,kf_sa_seed_0018.npz,25,5,35,676,700,896,480,0.8106508875739645,0.14940828402366865,0.03994082840236687,0.4057142857142857,0.5057142857142857,0.08857142857142856,0.9655963302752294,0.034403669724770644,0.0,0.2391304347826087,0.6369565217391304,0.12391304347826088,0.34375,0.5447546868767451,0.65625,0.8129251700680272,455,147,308,0.3230769230769231,0.30625,0.6693313953488372,0.6623235613463626,0.3376764386536374,0.4496111580726965,0.7516124260355029,0.7288166257160457,0.0973065111265733,0.2757898859917874,0.1784833748652141,28,20.348837209302324,47.44827586206897,25.0,0.5576198165472018,0.9286727665022976,0.16666666666666666,38.0,38.0,38.0,3.8000000000000003,21.166666666666668,2.1166666666666667,5,12,0.4166666666666667,0.3333333333333333,0.08333333333333333,0.75,0.0,0.6666666666666666,15.6,20.0,10.583333333333334,26.916666666666668
5,35,0.9,0.5,0.95,0.5,18,kf_sa_seed_0018.npz,35,5,35,666,700,886,480,0.7597597597597597,0.2012012012012012,0.03903903903903904,0.29714285714285715,0.6214285714285714,0.08142857142857143,0.903755868544601,0.09624413145539906,0.0,0.14565217391304347,0.741304347826087,0.11304347826086956,0.43115124153498874,0.5083996734027353,0.5688487584650113,0.8670634920634921,569,187,382,0.3286467486818981,0.38958333333333334,0.5834553440702782,0.7063989962358845,0.29360100376411546,0.42059416559416557,0.7651029601029601,0.7374192802077955,0.10509242392728776,0.2941433639573473,0.18905094003005954,42,30.74670571010249,31.767441860465116,35.0,0.555248336022493,0.9286727665022976,0.16666666666666666,43.0,43.0,43.0,4.3,22.5,2.25,5,12,0.4166666666666667,0.3333333333333333,0.08333333333333333,0.8333333333333334,0.0,0.6666666666666666,16.8,20.0,13.916666666666666,27.416666666666668
5,35,0.95,0.5,0.95,0.5,18,kf_sa_seed_0018.npz,35,5,35,666,700,886,480,0.7747747747747747,0.18468468468468469,0.04054054054054054,0.35714285714285715,0.5628571428571428,0.08,0.9248826291079812,0.07511737089201878,0.0,0.18478260869565216,0.7043478260869566,0.1108695652173913,0.4018058690744921,0.5178760971626862,0.5981941309255079,0.839622641509434,517,161,356,0.3114119922630561,0.33541666666666664,0.6215226939970717,0.673733804475854,0.32626619552414604,0.42738738738738735,0.7543329043329043,0.7250558830463635,0.1017606389384927,0.2718454325842211,0.17008479364572843,44,32.210834553440705,30.355555555555554,35.0,0.555248336022493,0.9286727665022976,0.16666666666666666,44.0,44.0,44.0,4.4,22.333333333333332,2.2333333333333334,5,12,0.4166666666666667,0.3333333333333333,0.08333333333333333,0.8333333333333334,0.0,0.6666666666666666,16.6,20.0,11.75,27.333333333333332
5,35,0.98,0.5,0.95,0.5,18,kf_sa_seed_0018.npz,35,5,35,666,700,886,480,0.8018018018018018,0.15465465465465467,0.04354354354354354,0.4685714285714286,0.4514285714285714,0.08,0.9553990610328639,0.04460093896713615,0.0,0.30434782608695654,0.5847826086956521,0.1108695652173913,0.32505643340857787,0.5331343131251276,0.6749435665914221,0.7658862876254181,419,131,288,0.3126491646778043,0.27291666666666664,0.6932650073206442,0.6230200633579726,0.37697993664202745,0.4409009009009009,0.7352788502788503,0.7027323828861017,0.101184698599691,0.24334829295893476,0.14216359435924375,24,17.569546120058565,54.64,35.0,0.555248336022493,0.9286727665022976,0.16666666666666666,44.0,44.0,44.0,4.4,22.0,2.2,5,12,0.4166666666666667,0.3333333333333333,0.08333333333333333,0.6666666666666666,0.0,0.6666666666666666,15.6,20.0,9.25,26.916666666666668
5,35,0.99,0.5,0.95,0.5,18,kf_sa_seed_0018.npz,35,5,35,666,700,886,480,0.8063063063063063,0.14714714714714713,0.046546546546546545,0.5257142857142857,0.3942857142857143,0.08,0.9553990610328639,0.04460093896713615,0.0,0.38913043478260867,0.5,0.1108695652173913,0.28103837471783294,0.5331343131251276,0.718961625282167,0.7189952904238619,374,125,249,0.3342245989304813,0.2604166666666667,0.726207906295754,0.5977822580645161,0.4022177419354839,0.4431531531531531,0.7060253110253111,0.6741702654557049,0.10216694131482228,0.23801961569796862,0.13585267438314635,24,17.569546120058565,54.64,35.0,0.555248336022493,0.9286727665022976,0.16666666666666666,44.0,44.0,44.0,4.4,21.5,2.15,5,12,0.4166666666666667,0.25,0.16666666666666666,0.5833333333333334,0.0,0.5,15.0,20.0,8.75,26.666666666666668
5,50,0.9,0.5,0.95,0.5,18,kf_sa_seed_0018.npz,50,5,35,651,700,871,480,0.7726574500768049,0.1781874039938556,0.04915514592933948,0.5057142857142857,0.4257142857142857,0.06857142857142857,0.9440389294403893,0.05596107055961071,0.0,0.33260869565217394,0.5739130434782609,0.09347826086956522,0.32950631458094143,0.5187585951549772,0.6704936854190585,0.738013698630137,414,127,287,0.30676328502415456,0.26458333333333334,0.6935603256846781,0.5880469583778015,0.4119530416221985,0.42061443932411674,0.7008316875137152,0.6785130365069724,0.1057101227191932,0.21968953966331192,0.11397941694411873,18,13.323464100666174,71.10526315789474,50.0,0.5616323207294222,0.9286727665022976,0.16666666666666666,52.0,52.0,52.0,5.2,24.833333333333332,2.4833333333333334,5,12,0.4166666666666667,0.3333333333333333,0.08333333333333333,0.6666666666666666,0.0,0.6666666666666666,18.2,20.0,9.25,28.0
5,50,0.95,0.5,0.95,0.5,18,kf_sa_seed_0018.npz,50,5,35,651,700,871,480,0.7788018433179723,0.16897081413210446,0.05222734254992319,0.54,0.39285714285714285,0.06714285714285714,0.9416058394160584,0.058394160583941604,0.0,0.3652173913043478,0.5434782608695652,0.09130434782608696,0.3145809414466131,0.5164550936210727,0.6854190585533869,0.7185929648241206,385,111,274,0.2883116883116883,0.23125,0.7150259067357513,0.5734989648033126,0.42650103519668736,0.42297235023041474,0.6884924292297564,0.6674710466536761,0.1057416584729321,0.20684647761553918,0.10110481914260708,28,20.72538860103627,46.58620689655172,50.0,0.5616323207294222,0.9286727665022976,0.16666666666666666,53.0,53.0,53.0,5.300000000000001,24.666666666666668,2.466666666666667,5,12,0.3333333333333333,0.25,0.08333333333333333,0.5833333333333334,0.0,0.5,13.75,13.5,8.0,27.916666666666668
5,50,0.98,0.5,0.95,0.5,18,kf_sa_seed_0018.npz,50,5,35,651,700,871,480,0.7895545314900153,0.15821812596006143,0.05222734254992319,0.63,0.3057142857142857,0.06428571428571428,0.9367396593673966,0.06326034063260341,0.0,0.48478260869565215,0.4282608695652174,0.08695652173913043,0.25602755453501724,0.5118480905532635,0.7439724454649828,0.6558641975308642,317,94,223,0.29652996845425866,0.19583333333333333,0.765358993338268,0.5406189555125726,0.45938104448742745,0.4269201228878648,0.6623217028746983,0.6395196721508072,0.10797419592430298,0.1857798483836644,0.07780565245936143,26,19.24500370096225,50.03703703703704,50.0,0.5616323207294222,0.9286727665022976,0.16666666666666666,55.0,55.0,55.0,5.5,19.5,1.9500000000000002,5,12,0.3333333333333333,0.16666666666666666,0.16666666666666666,0.4166666666666667,0.0,0.3333333333333333,5.5,1.0,4.916666666666667,25.166666666666668
5,50,0.99,0.5,0.95,0.5,18,kf_sa_seed_0018.npz,50,5,35,651,700,871,480,0.7864823348694316,0.16129032258064516,0.05222734254992319,0.6685714285714286,0.2571428571428571,0.07428571428571429,0.9464720194647201,0.0535279805352798,0.0,0.532608695652174,0.3652173913043478,0.10217391304347827,0.21814006888633755,0.5243229662540992,0.7818599311136625,0.6402349486049926,285,95,190,0.3333333333333333,0.19791666666666666,0.7890451517394522,0.5290806754221389,0.4709193245778611,0.43038402457757297,0.6400570550800966,0.6242713645463912,0.11093285875742306,0.1881739587948087,0.07724110003738563,30,22.20577350111029,43.58064516129032,50.0,0.5616323207294222,0.9286727665022976,0.16666666666666666,52.0,52.0,52.0,5.2,23.333333333333332,2.3333333333333335,5,12,0.3333333333333333,0.16666666666666666,0.16666666666666666,0.4166666666666667,0.0,0.3333333333333333,12.0,10.0,7.083333333333333,27.333333333333332
7,35,0.9,0.5,0.95,0.5,18,kf_sa_seed_0018.npz,35,5,35,666,700,886,480,0.44894894894894893,0.515015015015015,0.036036036036036036,0.07714285714285714,0.8414285714285714,0.08142857142857143,0.5234741784037559,0.4765258215962441,0.0,0.041304347826086954,0.8456521739130435,0.11304347826086956,0.6681715575620768,0.3182588283323127,0.33182844243792325,0.935374149659864,932,340,592,0.3648068669527897,0.7083333333333334,0.31771595900439237,0.8202764976958525,0.17972350230414746,0.2651887601887602,0.7733590733590734,0.7445628157978477,0.14600688740208453,0.34037770776151505,0.1943708203594305,71,51.97657393850659,18.97222222222222,35.0,0.555248336022493,0.9286727665022976,0.16666666666666666,43.0,43.0,43.0,4.3,31.666666666666668,3.166666666666667,5,12,0.25,0.25,0.0,1.0,0.0,0.5,13.666666666666666,12.0,24.583333333333332,29.666666666666668
7,35,0.95,0.5,0.95,0.5,18,kf_sa_seed_0018.npz,35,5,35,666,700,886,480,0.5945945945945946,0.36786786786786785,0.03753753753753754,0.1657142857142857,0.7557142857142857,0.07857142857142857,0.7253521126760564,0.2746478873239437,0.0,0.08260869565217391,0.808695652173913,0.10869565217391304,0.5519187358916479,0.4170238824249847,0.44808126410835214,0.9042821158690176,774,285,489,0.3682170542635659,0.59375,0.4333821376281113,0.7618243243243243,0.23817567567567566,0.3365830115830116,0.7635757185757186,0.7347651942995732,0.1322986486771008,0.3137008732707357,0.1814022245936349,69,50.512445095168374,19.514285714285716,35.0,0.555248336022493,0.9286727665022976,0.16666666666666666,45.0,45.0,45.0,4.5,30.833333333333332,3.0833333333333335,5,12,0.3333333333333333,0.3333333333333333,0.0,1.0,0.0,0.6666666666666666,18.25,17.0,20.833333333333332,29.416666666666668
7,35,0.98,0.5,0.95,0.5,18,kf_sa_seed_0018.npz,35,5,35,666,700,886,480,0.6621621621621622,0.2987987987987988,0.03903903903903904,0.3,0.6214285714285714,0.07857142857142857,0.8028169014084507,0.19718309859154928,0.0,0.14565217391304347,0.7456521739130435,0.10869565217391304,0.481941309255079,0.4557562767911819,0.518058690744921,0.8540305010893247,634,207,427,0.3264984227129338,0.43125,0.5358711566617862,0.6775956284153005,0.3224043715846995,0.3703667953667954,0.731977691977692,0.7076144170951276,0.12074765206610784,0.27816049503137424,0.15741284296526642,27,19.765739385065885,48.785714285714285,35.0,0.555248336022493,0.9286727665022976,0.16666666666666666,45.0,45.0,45.0,4.5,30.666666666666668,3.066666666666667,5,12,0.3333333333333333,0.3333333333333333,0.0,0.8333333333333334,0.0,0.6666666666666666,17.75,16.0,15.166666666666666,29.25
7,35,0.99,0.5,0.95,0.5,18,kf_sa_seed_0018.npz,35,5,35,666,700,886,480,0.6951951951951952,0.26426426426426425,0.04054054054054054,0.36714285714285716,0.5528571428571428,0.08,0.8380281690140845,0.1619718309859155,0.0,0.22826086956521738,0.6608695652173913,0.1108695652173913,0.42099322799097066,0.4744488671157379,0.5790067720090294,0.7953216374269005,563,190,373,0.33747779751332146,0.3958333333333333,0.5878477306002928,0.6463262764632628,0.3536737235367372,0.3875975975975976,0.7083976833976834,0.6900402435488444,0.11106933390940232,0.25233486942043687,0.14126553551103455,34,24.890190336749633,39.02857142857143,35.0,0.555248336022493,0.9286727665022976,0.16666666666666666,44.0,44.0,44.0,4.4,29.666666666666668,2.966666666666667,5,12,0.3333333333333333,0.3333333333333333,0.0,0.8333333333333334,0.0,0.6666666666666666,16.25,14.5,13.833333333333334,28.75
7,50,0.9,0.5,0.95,0.5,18,kf_sa_seed_0018.npz,50,5,35,651,700,871,480,0.6682027649769585,0.2887864823348694,0.043010752688172046,0.35285714285714287,0.5785714285714286,0.06857142857142857,0.8369829683698297,0.1630170316301703,0.0,0.19130434782608696,0.7152173913043478,0.09347826086956522,0.45464982778415614,0.46523061461969745,0.5453501722158438,0.8147368421052632,593,197,396,0.33220910623946037,0.41041666666666665,0.5610658771280533,0.637203166226913,0.362796833773087,0.36838709677419357,0.7157998683344305,0.6897060742130493,0.120334702440598,0.2531724386937808,0.1328377362531828,43,31.828275351591415,30.704545454545453,50.0,0.5616323207294222,0.9286727665022976,0.16666666666666666,52.0,52.0,52.0,5.2,32.0,3.2,5,12,0.25,0.16666666666666666,0.08333333333333333,0.75,0.0,0.3333333333333333,13.666666666666666,12.0,14.333333333333334,29.666666666666668
7,50,0.95,0.5,0.95,0.5,18,kf_sa_seed_0018.npz,50,5,35,651,700,871,480,0.6912442396313364,0.2642089093701997,0.0445468509984639,0.40714285714285714,0.5257142857142857,0.06714285714285714,0.851581508515815,0.14841849148418493,0.0,0.23695652173913043,0.6717391304347826,0.09130434782608696,0.42479908151549944,0.471442928170951,0.5752009184845006,0.782435129740519,540,170,370,0.3148148148148148,0.3541666666666667,0.6002960769800149,0.6128236744759556,0.38717632552404435,0.3791935483870968,0.7040904103576915,0.6788647701252912,0.11565015263474768,0.23442612134749255,0.11877596871274487,34,25.166543301258326,38.6,50.0,0.5616323207294222,0.9286727665022976,0.16666666666666666,53.0,53.0,53.0,5.300000000000001,31.5,3.1500000000000004,5,12,0.25,0.16666666666666666,0.08333333333333333,0.75,0.0,0.3333333333333333,12.333333333333334,11.0,12.5,29.333333333333332
7,50,0.98,0.5,0.95,0.5,18,kf_sa_seed_0018.npz,50,5,35,651,700,871,480,0.7357910906298003,0.22119815668202766,0.043010752688172046,0.4757142857142857,0.4585714285714286,0.06571428571428571,0.8978102189781022,0.10218978102189781,0.0,0.30869565217391304,0.6021739130434782,0.0891304347826087,0.36624569460390355,0.49347032688035547,0.6337543053960965,0.7427536231884058,465,146,319,0.3139784946236559,0.30416666666666664,0.6558105107327905,0.59255079006772,0.40744920993227995,0.400752688172043,0.6764077243800746,0.6567662250524288,0.1124953698163061,0.209777934855271,0.09728256503896489,30,22.20577350111029,43.58064516129032,50.0,0.5616323207294222,0.9286727665022976,0.16666666666666666,54.0,54.0,54.0,5.4,28.833333333333332,2.8833333333333333,5,12,0.25,0.16666666666666666,0.08333333333333333,0.6666666666666666,0.0,0.3333333333333333,9.0,4.0,10.833333333333334,28.5
7,50,0.99,0.5,0.95,0.5,18,kf_sa_seed_0018.npz,50,5,35,651,700,871,480,0.7434715821812596,0.20890937019969277,0.047619047619047616,0.5971428571428572,0.3357142857142857,0.06714285714285714,0.8929440389294404,0.1070559610705596,0.0,0.44565217391304346,0.46304347826086956,0.09130434782608696,0.29506314580941445,0.4921241933777637,0.7049368541905855,0.6661237785016286,371,114,257,0.30727762803234504,0.2375,0.7253886010362695,0.5418367346938775,0.4581632653061225,0.4053072196620584,0.6273447443493526,0.6236855748311598,0.10893864351226244,0.19650985674734509,0.08757121323508264,32,23.686158401184308,40.93939393939394,50.0,0.5616323207294222,0.9286727665022976,0.16666666666666666,53.0,53.0,53.0,5.300000000000001,28.166666666666668,2.816666666666667,5,12,0.25,0.08333333333333333,0.16666666666666666,0.5,0.0,0.16666666666666666,7.333333333333333,0.0,8.5,28.083333333333332
10,50,0.9,0.5,0.95,0.5,18,kf_sa_seed_0018.npz,50,5,35,651,700,871,480,0.3087557603686636,0.65284178187404,0.03840245775729647,0.11857142857142858,0.8328571428571429,0.04857142857142857,0.41362530413625304,0.5863746958637469,0.0,0.05652173913043478,0.8804347826086957,0.06304347826086956,0.7416762342135477,0.2383343911985613,0.25832376578645233,0.8844444444444445,1008,362,646,0.35912698412698413,0.7541666666666667,0.2538860103626943,0.685131195335277,0.314868804664723,0.1786635944700461,0.6952380952380952,0.6762426518991899,0.15533858148342836,0.2713276828830995,0.11598910139967114,37,27.387120651369354,35.55263157894737,,0.5616323207294222,0.9286727665022976,0.16666666666666666,66.0,66.0,66.0,6.6000000000000005,49.0,4.9,5,12,0.08333333333333333,0.08333333333333333,0.0,1.0,0.0,0.16666666666666666,15.0,15.0,26.5,33.333333333333336
10,50,0.95,0.5,0.95,0.5,18,kf_sa_seed_0018.npz,50,5,35,651,700,871,480,0.40706605222734255,0.5560675883256528,0.03686635944700461,0.19,0.7642857142857142,0.045714285714285714,0.51338199513382,0.48661800486618007,0.0,0.09130434782608696,0.85,0.058695652173913045,0.6785304247990815,0.2860388236538665,0.3214695752009185,0.85,897,306,591,0.3411371237458194,0.6375,0.3360473723168024,0.6541850220264317,0.3458149779735683,0.22639016897081413,0.6783958744788238,0.6593853387847538,0.14546739869302863,0.2438802281062973,0.09841282941326868,45,33.30866025166543,29.369565217391305,,0.5616323207294222,0.9286727665022976,0.16666666666666666,68.0,68.0,68.0,6.800000000000001,41.0,4.1000000000000005,5,12,0.16666666666666666,0.16666666666666666,0.0,1.0,0.0,0.3333333333333333,13.5,13.5,21.666666666666668,31.416666666666668
10,50,0.98,0.5,0.95,0.5,18,kf_sa_seed_0018.npz,50,5,35,651,700,871,480,0.543778801843318,0.41935483870967744,0.03686635944700461,0.3414285714285714,0.6214285714285714,0.037142857142857144,0.6593673965936739,0.340632603406326,0.0,0.18695652173913044,0.7673913043478261,0.04565217391304348,0.56601607347876,0.3525097852533587,0.43398392652123996,0.7724867724867724,708,215,493,0.3036723163841808,0.4479166666666667,0.4759437453737972,0.5909797822706065,0.40902021772939345,0.29046082949308755,0.6373666886109283,0.6182338046825956,0.132883213644505,0.1945153772402328,0.06163216359572779,43,31.828275351591415,30.704545454545453,89.0,0.5616323207294222,0.9286727665022976,0.16666666666666666,74.0,74.0,74.0,7.4,38.166666666666664,3.8166666666666664,5,12,0.16666666666666666,0.08333333333333333,0.08333333333333333,0.75,0.0,0.16666666666666666,6.5,6.5,15.666666666666666,30.25
10,50,0.99,0.5,0.95,0.5,18,kf_sa_seed_0018.npz,50,5,35,651,700,871,480,0.6466973886328725,0.3195084485407066,0.03379416282642089,0.5328571428571428,0.44142857142857145,0.025714285714285714,0.7883211678832117,0.2116788321167883,0.0,0.36086956521739133,0.6108695652173913,0.02826086956521739,0.4225028702640643,0.4082910187242145,0.5774971297359357,0.6699801192842942,517,149,368,0.28820116054158607,0.3104166666666667,0.6173205033308661,0.526378896882494,0.47362110311750605,0.3362058371735791,0.5917862628922537,0.5719966997084248,0.12159162543959962,0.14824988930203237,0.02665826386243275,41,30.347890451517394,32.166666666666664,65.0,0.5616323207294222,0.9286727665022976,0.16666666666666666,82.0,82.0,82.0,8.200000000000001,34.833333333333336,3.483333333333334,5,12,0.25,0.16666666666666666,0.08333333333333333,0.5833333333333334,0.0,0.3333333333333333,13.0,11.0,10.75,29.5
3,20,0.9,0.5,0.95,0.5,19,kf_sa_seed_0019.npz,20,5,35,681,700,901,480,0.7400881057268722,0.2511013215859031,0.00881057268722467,0.23857142857142857,0.7042857142857143,0.05714285714285714,0.854875283446712,0.14512471655328799,0.0,0.15869565217391304,0.7804347826086957,0.06086956521739131,0.4694783573806881,0.45787242433205166,0.5305216426193119,0.8472803347280334,664,241,423,0.3629518072289157,0.5020833333333333,0.5191889934829833,0.7587168758716876,0.24128312412831243,0.3986154814348647,0.7916005873715125,0.8021759087054238,0.08079731612754587,0.3890078669025233,0.30821055077497744,102,73.85952208544533,13.407766990291263,20.0,0.5249026643308399,0.7699927159842874,0.5,75.66666666666667,95.0,99.0,7.566666666666667,11.333333333333334,1.1333333333333335,3,12,0.4166666666666667,0.3333333333333333,0.08333333333333333,0.9166666666666666,0.0,0.6666666666666666,7.0,3.0,15.25,23.333333333333332
3,20,0.95,0.5,0.95,0.5,19,kf_sa_seed_0019.npz,20,5,35,681,700,901,480,0.8237885462555066,0.17180616740088106,0.004405286343612335,0.26571428571428574,0.6842857142857143,0.05,0.9206349206349206,0.07936507936507936,0.0,0.1782608695652174,0.7652173913043478,0.05652173913043478,0.4295227524972253,0.4885783298826777,0.5704772475027747,0.8404669260700389,596,209,387,0.35067114093959734,0.4354166666666667,0.5684286748732802,0.759235668789809,0.24076433121019103,0.4368942731277533,0.7908453954268932,0.800026588120078,0.07041014194999205,0.36095882343457464,0.29054868148458257,72,52.136133236784936,18.91780821917808,20.0,0.5249026643308399,0.7699927159842874,0.5,76.66666666666667,96.0,100.0,7.666666666666668,11.0,1.1,3,12,0.5,0.4166666666666667,0.08333333333333333,0.9166666666666666,0.0,0.8333333333333334,11.0,8.5,14.583333333333334,23.0
3,20,0.98,0.5,0.95,0.5,19,kf_sa_seed_0019.npz,20,5,35,681,700,901,480,0.8898678414096917,0.10866372980910426,0.0014684287812041115,0.3271428571428571,0.6371428571428571,0.03571428571428571,0.9863945578231292,0.013605442176870748,0.0,0.2108695652173913,0.7521739130434782,0.03695652173913044,0.390677025527192,0.5116755397811298,0.609322974472808,0.8233151183970856,520,168,352,0.3230769230769231,0.35,0.6234612599565532,0.7328687572590011,0.26713124274099886,0.4627910635619887,0.7874428361653031,0.791664964185759,0.05922141131891098,0.30713563726653087,0.2479142259476199,48,34.757422157856624,28.183673469387756,20.0,0.5249026643308399,0.7699927159842874,0.5,98.33333333333333,96.0,104.0,9.833333333333334,10.833333333333334,1.0833333333333335,3,12,0.5,0.3333333333333333,0.16666666666666666,0.8333333333333334,0.0,0.6666666666666666,10.833333333333334,8.5,12.75,22.916666666666668
3,20,0.99,0.5,0.95,0.5,19,kf_sa_seed_0019.npz,20,5,35,681,700,901,480,0.9030837004405287,0.09544787077826726,0.0014684287812041115,0.42142857142857143,0.5657142857142857,0.012857142857142857,0.9977324263038548,0.0022675736961451248,0.0,0.27608695652173915,0.7130434782608696,0.010869565217391304,0.365149833518313,0.504300995760623,0.634850166481687,0.777972027972028,461,132,329,0.28633405639913234,0.275,0.666183924692252,0.6782608695652174,0.32173913043478264,0.4579704216488358,0.7823368995175163,0.7756030685533299,0.05264766430701255,0.2519918115663336,0.19934414725932104,34,24.619840695148444,39.457142857142856,20.0,0.5249026643308399,0.7699927159842874,0.3333333333333333,102.5,102.5,108.0,10.25,11.0,1.1,4,12,0.5,0.25,0.25,0.6666666666666666,0.0,0.5,11.0,8.5,9.833333333333334,23.0
3,25,0.9,0.5,0.95,0.5,19,kf_sa_seed_0019.npz,25,5,35,676,700,896,480,0.8683431952662722,0.1242603550295858,0.0073964497041420114,0.2957142857142857,0.6514285714285715,0.05285714285714286,0.9793577981651376,0.020642201834862386,0.0,0.1934782608695652,0.7456521739130435,0.06086956521739131,0.39285714285714285,0.5201136816912645,0.6071428571428571,0.8363970588235294,540,188,352,0.34814814814814815,0.39166666666666666,0.6075581395348837,0.7464114832535885,0.2535885167464115,0.46060016906170753,0.7881382079459003,0.7945286071380626,0.0686343219615697,0.3509601617150727,0.282325839753503,64,46.51162790697674,21.16923076923077,25.0,0.5264983283074416,0.7699927159842874,0.5,77.66666666666667,97.0,102.0,7.7666666666666675,11.0,1.1,3,12,0.5,0.3333333333333333,0.16666666666666666,0.8333333333333334,0.0,0.6666666666666666,11.0,8.5,13.333333333333334,23.0
3,25,0.95,0.5,0.95,0.5,19,kf_sa_seed_0019.npz,25,5,35,676,700,896,480,0.886094674556213,0.10946745562130178,0.004437869822485207,0.3242857142857143,0.6285714285714286,0.047142857142857146,0.9931192660550459,0.006880733944954129,0.0,0.20869565217391303,0.7326086956521739,0.058695652173913045,0.3794642857142857,0.5259074591144794,0.6205357142857143,0.8273381294964028,514,174,340,0.33852140077821014,0.3625,0.626453488372093,0.7331786542923434,0.2668213457076566,0.4666187658495351,0.7856318681318681,0.7911610325908867,0.06375283176273998,0.32613269425789243,0.26237986249515244,44,31.976744186046513,30.57777777777778,25.0,0.5264983283074416,0.7699927159842874,0.3333333333333333,69.5,69.5,104.0,6.95,11.333333333333334,1.1333333333333335,4,12,0.5,0.3333333333333333,0.16666666666666666,0.8333333333333334,0.0,0.6666666666666666,11.333333333333334,9.0,12.916666666666666,23.166666666666668
3,25,0.98,0.5,0.95,0.5,19,kf_sa_seed_0019.npz,25,5,35,676,700,896,480,0.8964497041420119,0.10207100591715976,0.0014792899408284023,0.3985714285714286,0.5742857142857143,0.027142857142857142,0.9954128440366973,0.0045871559633027525,0.0,0.25869565217391305,0.7065217391304348,0.034782608695652174,0.36495535714285715,0.5150977263661747,0.6350446428571429,0.7908611599297012,471,144,327,0.3057324840764331,0.3,0.657703488372093,0.6906077348066298,0.30939226519337015,0.4617962806424345,0.7802282333051563,0.7810696584197451,0.05744603549399402,0.2786583982649653,0.22121236277097128,46,33.43023255813954,29.27659574468085,25.0,0.5264983283074416,0.7699927159842874,0.3333333333333333,73.0,73.0,108.0,7.300000000000001,11.333333333333334,1.1333333333333335,4,12,0.5,0.25,0.25,0.6666666666666666,0.0,0.5,11.333333333333334,8.5,10.75,23.166666666666668
3,25,0.99,0.5,0.95,0.5,19,kf_sa_seed_0019.npz,25,5,35,676,700,896,480,0.8964497041420119,0.10207100591715976,0.0014792899408284023,0.4642857142857143,0.5328571428571428,0.002857142857142857,1.0,0.0,0.0,0.3108695652173913,0.6891304347826087,0.0,0.35379464285714285,0.5,0.6462053571428571,0.7530224525043178,442,125,317,0.2828054298642534,0.2604166666666667,0.6787790697674418,0.6509635974304069,0.3490364025695931,0.4496534234995774,0.773751056635672,0.7598513770577746,0.0524349389034824,0.22880785078234162,0.17637291187885923,26,18.8953488372093,50.96296296296296,25.0,0.5264983283074416,0.7699927159842874,0.0,,,,,11.666666666666666,1.1666666666666667,6,12,0.5,0.25,0.25,0.5833333333333334,0.0,0.5,11.666666666666666,9.5,9.25,23.333333333333332
3,35,0.9,0.5,0.95,0.5,19,kf_sa_seed_0019.npz,35,5,35,666,700,886,480,0.8888888888888888,0.1111111111111111,0.0,0.4185714285714286,0.5442857142857143,0.037142857142857144,0.9976525821596244,0.002347417840375587,0.0,0.26956521739130435,0.6760869565217391,0.05434782608695652,0.35214446952595935,0.5260002041232904,0.6478555304740407,0.7839721254355401,455,143,312,0.3142857142857143,0.29791666666666666,0.6669106881405563,0.6783754116355654,0.32162458836443464,0.463015873015873,0.774989274989275,0.7827168855410225,0.06151145304492979,0.28397375734160585,0.22246230429667607,36,26.35431918008785,36.91891891891892,35.0,0.5300298084761375,0.7699927159842874,0.3333333333333333,73.5,73.5,110.0,7.3500000000000005,12.166666666666666,1.2166666666666668,4,12,0.4166666666666667,0.16666666666666666,0.25,0.6666666666666666,0.0,0.3333333333333333,7.8,0.0,10.5,23.666666666666668
3,35,0.95,0.5,0.95,0.5,19,kf_sa_seed_0019.npz,35,5,35,666,700,886,480,0.8858858858858859,0.11411411411411411,0.0,0.4471428571428571,0.5314285714285715,0.02142857142857143,0.9976525821596244,0.002347417840375587,0.0,0.2891304347826087,0.6826086956521739,0.02826086956521739,0.35553047404063204,0.5129567258624209,0.6444695259593679,0.7670753064798599,448,133,315,0.296875,0.27708333333333335,0.6720351390922401,0.659041394335512,0.340958605664488,0.4536572286572287,0.7709631059631059,0.7769608752534183,0.0591656658844212,0.26503752585571466,0.20587185997129345,26,19.03367496339678,50.592592592592595,35.0,0.5300298084761375,0.7699927159842874,0.3333333333333333,77.5,77.5,116.0,7.75,12.5,1.25,4,12,0.4166666666666667,0.16666666666666666,0.25,0.5833333333333334,0.0,0.3333333333333333,8.2,0.0,9.833333333333334,23.833333333333332
3,35,0.98,0.5,0.95,0.5,19,kf_sa_seed_0019.npz,35,5,35,666,700,886,480,0.8873873873873874,0.11261261261261261,0.0,0.48142857142857143,0.5157142857142857,0.002857142857142857,1.0,0.0,0.0,0.3173913043478261,0.6826086956521739,0.0,0.3544018058690745,0.5,0.6455981941309256,0.7447552447552448,436,122,314,0.2798165137614679,0.25416666666666665,0.6808199121522694,0.6376344086021506,0.3623655913978494,0.44512226512226516,0.7641741741741742,0.7582678675278733,0.054964819224639604,0.22610298738748716,0.17113816816284755,20,14.641288433382138,65.04761904761905,35.0,0.5300298084761375,0.7699927159842874,0.0,,,,,12.5,1.25,6,12,0.4166666666666667,0.16666666666666666,0.25,0.5,0.0,0.3333333333333333,8.4,0.0,9.083333333333334,23.916666666666668
3,35,0.99,0.5,0.95,0.5,19,kf_sa_seed_0019.npz,35,5,35,666,700,886,480,0.8843843843843844,0.11561561561561562,0.0,0.55,0.4471428571428571,0.002857142857142857,1.0,0.0,0.0,0.3934782608695652,0.6065217391304348,0.0,0.3148984198645598,0.5,0.6851015801354402,0.7018121911037891,390,111,279,0.2846153846153846,0.23125,0.7144948755490483,0.6055327868852459,0.3944672131147541,0.44362076362076364,0.7538266838266838,0.7357827370127658,0.04996742714398767,0.1825665243884658,0.13259909724447813,26,19.03367496339678,50.592592592592595,35.0,0.5300298084761375,0.7699927159842874,0.0,,,,,12.833333333333334,1.2833333333333334,6,12,0.5,0.25,0.25,0.4166666666666667,0.0,0.5,12.833333333333334,10.5,8.166666666666666,23.916666666666668
3,50,0.9,0.5,0.95,0.5,19,kf_sa_seed_0019.npz,50,5,35,651,700,871,480,0.8709677419354839,0.12749615975422426,0.0015360983102918587,0.5471428571428572,0.44571428571428573,0.007142857142857143,0.9975669099756691,0.0024330900243309003,0.0,0.3673913043478261,0.6326086956521739,0.0,0.33524684270952926,0.49878345498783455,0.6647531572904707,0.7081174438687392,395,103,292,0.2607594936708861,0.21458333333333332,0.7076239822353811,0.5983263598326359,0.40167364016736407,0.4390552995391705,0.7412332675005486,0.7389183911702562,0.052540998454521516,0.19705509086240536,0.14451409240788385,22,16.28423390081421,58.73913043478261,50.0,0.533546236197049,0.7699927159842874,0.16666666666666666,95.0,95.0,95.0,9.5,14.666666666666666,1.4666666666666668,5,12,0.4166666666666667,0.16666666666666666,0.25,0.4166666666666667,0.0,0.3333333333333333,10.0,0.0,7.75,24.583333333333332
3,50,0.95,0.5,0.95,0.5,19,kf_sa_seed_0019.npz,50,5,35,651,700,871,480,0.8709677419354839,0.12749615975422426,0.0015360983102918587,0.5642857142857143,0.42857142857142855,0.007142857142857143,0.9975669099756691,0.0024330900243309003,0.0,0.38913043478260867,0.6108695652173913,0.0,0.3237657864523536,0.49878345498783455,0.6762342135476463,0.6960950764006791,383,101,282,0.26370757180156656,0.21041666666666667,0.7165062916358254,0.5909090909090909,0.40909090909090906,0.4390552995391705,0.7366074171604126,0.7300932095158513,0.0508892653423826,0.18139428380629827,0.13050501846391566,22,16.28423390081421,58.73913043478261,50.0,0.533546236197049,0.7699927159842874,0.16666666666666666,95.0,95.0,95.0,9.5,14.666666666666666,1.4666666666666668,5,12,0.4166666666666667,0.16666666666666666,0.25,0.4166666666666667,0.0,0.3333333333333333,10.0,0.0,7.583333333333333,24.583333333333332
3,50,0.98,0.5,0.95,0.5,19,kf_sa_seed_0019.npz,50,5,35,651,700,871,480,0.8740399385560675,0.12442396313364056,0.0015360983102918587,0.6214285714285714,0.37285714285714283,0.005714285714285714,1.0,0.0,0.0,0.4652173913043478,0.5347826086956522,0.0,0.28243398392652125,0.5,0.7175660160734788,0.6576,342,96,246,0.2807017543859649,0.2,0.7468541820873427,0.5678889990089198,0.43211100099108024,0.4398771121351766,0.7257581742374369,0.712639567658117,0.04753614376229854,0.1509717786388498,0.10343563487655127,22,16.28423390081421,58.73913043478261,50.0,0.533546236197049,0.7699927159842874,0.16666666666666666,96.0,96.0,96.0,9.600000000000001,13.833333333333334,1.3833333333333335,5,12,0.4166666666666667,0.16666666666666666,0.25,0.4166666666666667,0.0,0.3333333333333333,10.0,0.0,7.083333333333333,24.583333333333332
3,50,0.99,0.5,0.95,0.5,19,kf_sa_seed_0019.npz,50,5,35,651,700,871,480,0.8755760368663594,0.1228878648233487,0.0015360983102918587,0.6614285714285715,0.3357142857142857,0.002857142857142857,1.0,0.0,0.0,0.5217391304347826,0.4782608695652174,0.0,0.2525832376578645,0.5,0.7474167623421355,0.631336405529954,315,95,220,0.30158730158730157,0.19791666666666666,0.7668393782383419,0.5521235521235521,0.44787644787644787,0.43921658986175116,0.7094228659205618,0.6915359098684731,0.043584511864621714,0.12051756896283168,0.07693305709820997,20,14.803849000740193,64.33333333333333,50.0,0.533546236197049,0.7699927159842874,0.0,,,,,14.0,1.4000000000000001,6,12,0.5,0.25,0.25,0.3333333333333333,0.0,0.5,14.0,12.5,6.833333333333333,24.5
5,20,0.9,0.5,0.95,0.5,19,kf_sa_seed_0019.npz,20,5,35,681,700,901,480,0.14390602055800295,0.856093979441997,0.0,0.03571428571428571,0.9442857142857143,0.02,0.1836734693877551,0.8163265306122449,0.0,0.021739130434782608,0.9478260869565217,0.030434782608695653,0.8834628190899001,0.10705412599822538,0.11653718091009989,0.9047619047619048,1244,448,796,0.36012861736334406,0.9333333333333333,0.09920347574221579,0.8175182481751825,0.18248175182481752,0.08195301027900147,0.8295259072792113,0.8335643724939441,0.1292170350232146,0.3907659037687746,0.26154886874556005,72,52.136133236784936,18.91780821917808,45.0,0.5249026643308399,0.7699927159842874,0.16666666666666666,101.0,101.0,101.0,10.100000000000001,32.2,3.2200000000000006,5,12,0.16666666666666666,0.16666666666666666,0.0,1.0,0.0,0.3333333333333333,9.0,9.0,29.5,30.666666666666668
5,20,0.95,0.5,0.95,0.5,19,kf_sa_seed_0019.npz,20,5,35,681,700,901,480,0.34801762114537443,0.6519823788546255,0.0,0.10285714285714286,0.8828571428571429,0.014285714285714285,0.4217687074829932,0.5782312925170068,0.0,0.05434782608695652,0.9239130434782609,0.021739130434782608,0.7547169811320755,0.2217539189588879,0.24528301886792453,0.8868778280542986,1062,382,680,0.35969868173258,0.7958333333333333,0.23099203475742217,0.774294670846395,0.22570532915360497,0.18115166771554436,0.8243297671491504,0.828427285969448,0.10175848520278927,0.3519634098562496,0.25020492465346034,100,72.41129616220131,13.673267326732674,40.0,0.5249026643308399,0.7699927159842874,0.16666666666666666,104.0,104.0,104.0,10.4,30.333333333333332,3.033333333333333,5,12,0.25,0.16666666666666666,0.08333333333333333,0.9166666666666666,0.0,0.3333333333333333,10.0,12.0,25.0,28.75
5,20,0.98,0.5,0.95,0.5,19,kf_sa_seed_0019.npz,20,5,35,681,700,901,480,0.7444933920704846,0.2555066079295154,0.0,0.2257142857142857,0.7642857142857142,0.01,0.8390022675736961,0.16099773242630386,0.0,0.12391304347826088,0.8608695652173913,0.015217391304347827,0.5183129855715871,0.427109829439022,0.4816870144284129,0.868663594470046,709,242,467,0.34132581100141046,0.5041666666666667,0.4866039102099928,0.7648809523809523,0.23511904761904767,0.3772466960352423,0.8097105097545626,0.8135277133053546,0.06917728601669591,0.2888785326246967,0.21970124660800078,59,42.72266473569877,23.016666666666666,31.0,0.5249026643308399,0.7699927159842874,0.16666666666666666,105.0,105.0,105.0,10.5,19.666666666666668,1.9666666666666668,5,12,0.4166666666666667,0.3333333333333333,0.08333333333333333,0.9166666666666666,0.0,0.6666666666666666,13.4,19.0,17.916666666666668,26.0
5,20,0.99,0.5,0.95,0.5,19,kf_sa_seed_0019.npz,20,5,35,681,700,901,480,0.8399412628487518,0.16005873715124816,0.0,0.34285714285714286,0.6314285714285715,0.025714285714285714,0.9795918367346939,0.02040816326530612,0.0,0.1673913043478261,0.7934782608695652,0.0391304347826087,0.41509433962264153,0.5093611357586513,0.5849056603773585,0.8538899430740038,551,177,374,0.32123411978221417,0.36875,0.6010137581462708,0.7108433734939759,0.28915662650602414,0.43282777428151875,0.8115502412418713,0.812679900347129,0.0524567336267196,0.2691411165176011,0.2166843828908815,35,25.343953656770456,38.361111111111114,28.0,0.5249026643308399,0.7699927159842874,0.16666666666666666,98.0,98.0,98.0,9.8,16.666666666666668,1.666666666666667,5,12,0.5,0.3333333333333333,0.16666666666666666,0.5833333333333334,0.0,0.6666666666666666,16.666666666666668,18.5,13.0,25.833333333333332
5,25,0.9,0.5,0.95,0.5,19,kf_sa_seed_0019.npz,25,5,35,676,700,896,480,0.47928994082840237,0.5207100591715976,0.0,0.13,0.8557142857142858,0.014285714285714285,0.5665137614678899,0.4334862385321101,0.0,0.06304347826086956,0.9152173913043479,0.021739130434782608,0.6808035714285714,0.29412644595133625,0.31919642857142855,0.8986013986013986,951,341,610,0.35856992639327023,0.7104166666666667,0.30886627906976744,0.7858823529411765,0.21411764705882352,0.24678782755705833,0.8217349957734573,0.8266250476378947,0.09616137737575067,0.34772869244789706,0.25156731507214636,92,66.86046511627907,14.795698924731182,28.0,0.5264983283074416,0.7699927159842874,0.16666666666666666,105.0,105.0,105.0,10.5,24.333333333333332,2.4333333333333336,5,12,0.3333333333333333,0.25,0.08333333333333333,0.9166666666666666,0.0,0.5,12.5,15.0,22.583333333333332,27.5
5,25,0.95,0.5,0.95,0.5,19,kf_sa_seed_0019.npz,25,5,35,676,700,896,480,0.6834319526627219,0.3165680473372781,0.0,0.19142857142857142,0.7928571428571428,0.015714285714285715,0.7844036697247706,0.21559633027522937,0.0,0.1,0.8760869565217392,0.02391304347826087,0.5546875,0.4041583566015157,0.4453125,0.8847117794486216,769,272,497,0.35370611183355005,0.5666666666666667,0.44113372093023256,0.7792421746293245,0.22075782537067545,0.3495731191885038,0.8130325443786982,0.8192418455558557,0.07911079569433771,0.3165132811601533,0.2374024854658156,72,52.325581395348834,18.84931506849315,28.0,0.5264983283074416,0.7699927159842874,0.16666666666666666,104.0,104.0,104.0,10.4,21.5,2.15,5,12,0.4166666666666667,0.3333333333333333,0.08333333333333333,0.9166666666666666,0.0,0.6666666666666666,15.2,19.0,19.583333333333332,26.75
5,25,0.98,0.5,0.95,0.5,19,kf_sa_seed_0019.npz,25,5,35,676,700,896,480,0.8284023668639053,0.17159763313609466,0.0,0.30714285714285716,0.6728571428571428,0.02,0.9587155963302753,0.04128440366972477,0.0,0.16521739130434782,0.8043478260869565,0.030434782608695653,0.4330357142857143,0.4945751894694855,0.5669642857142857,0.8503937007874016,587,199,388,0.3390119250425894,0.41458333333333336,0.5734011627906976,0.7275031685678074,0.2724968314321926,0.4242011834319527,0.7976627218934911,0.8025368498240814,0.058700099469718506,0.2655605632875262,0.2068604638178077,37,26.88953488372093,36.21052631578947,28.0,0.5264983283074416,0.7699927159842874,0.16666666666666666,103.0,103.0,103.0,10.3,16.333333333333332,1.6333333333333333,5,12,0.4166666666666667,0.25,0.16666666666666666,0.75,0.0,0.5,12.8,18.0,14.666666666666666,25.75
5,25,0.99,0.5,0.95,0.5,19,kf_sa_seed_0019.npz,25,5,35,676,700,896,480,0.8461538461538461,0.15384615384615385,0.0,0.4057142857142857,0.5757142857142857,0.018571428571428572,0.9931192660550459,0.006880733944954129,0.0,0.2565217391304348,0.7152173913043478,0.02826086956521739,0.3705357142857143,0.5106900678101316,0.6294642857142857,0.7907801418439716,507,175,332,0.34516765285996054,0.3645833333333333,0.6315406976744186,0.6731875719217492,0.32681242807825084,0.43236263736263736,0.7981720202874049,0.8006147395656886,0.04783669838290243,0.2541133662529954,0.20627666787009297,23,16.71511627906977,57.333333333333336,28.0,0.5264983283074416,0.7699927159842874,0.16666666666666666,102.0,102.0,102.0,10.200000000000001,17.0,1.7000000000000002,5,12,0.5,0.3333333333333333,0.16666666666666666,0.5833333333333334,0.0,0.6666666666666666,17.0,20.0,12.916666666666666,26.0
5,35,0.9,0.5,0.95,0.5,19,kf_sa_seed_0019.npz,35,5,35,666,700,886,480,0.8153153153153153,0.18468468468468469,0.0,0.2885714285714286,0.7114285714285714,0.0,0.960093896713615,0.03990610328638498,0.0,0.1565217391304348,0.8434782608695652,0.0,0.45711060948081267,0.4800469483568075,0.5428893905191874,0.8503118503118503,621,216,405,0.34782608695652173,0.45,0.5453879941434846,0.7288590604026846,0.27114093959731544,0.40765765765765766,0.7891720291720292,0.8016258976553331,0.06317497128976593,0.27889884090647377,0.21572386961670784,28,20.497803806734993,47.10344827586207,35.0,0.5300298084761375,0.7699927159842874,0.0,,,,,18.166666666666668,1.8166666666666669,6,12,0.4166666666666667,0.3333333333333333,0.08333333333333333,0.8333333333333334,0.0,0.6666666666666666,14.2,18.0,15.916666666666666,26.333333333333332
5,35,0.95,0.5,0.95,0.5,19,kf_sa_seed_0019.npz,35,5,35,666,700,886,480,0.8348348348348348,0.16516516516516516,0.0,0.35,0.65,0.0,0.9835680751173709,0.01643192488262911,0.0,0.19782608695652174,0.8021739130434783,0.0,0.42437923250564336,0.49178403755868544,0.5756207674943566,0.8215686274509804,565,189,376,0.3345132743362832,0.39375,0.5863836017569546,0.6941323345817728,0.3058676654182272,0.4174174174174174,0.7836851136851137,0.79174127232079,0.05663508718858454,0.25651549685797964,0.1998804096693951,22,16.105417276720353,59.391304347826086,35.0,0.5300298084761375,0.7699927159842874,0.0,,,,,17.333333333333332,1.7333333333333334,6,12,0.4166666666666667,0.25,0.16666666666666666,0.6666666666666666,0.0,0.5,14.2,18.0,13.666666666666666,26.333333333333332
5,35,0.98,0.5,0.95,0.5,19,kf_sa_seed_0019.npz,35,5,35,666,700,886,480,0.8438438438438438,0.15615615615615616,0.0,0.44,0.5542857142857143,0.005714285714285714,1.0,0.0,0.0,0.2782608695652174,0.7130434782608696,0.008695652173913044,0.37020316027088035,0.5043478260869565,0.6297968397291196,0.7706093189964157,492,164,328,0.3333333333333333,0.3416666666666667,0.6398243045387995,0.6475972540045767,0.3524027459954233,0.42477906477906474,0.7733311883311883,0.7746666911460446,0.04791207220765075,0.21952436806025544,0.17161229585260468,20,14.641288433382138,65.04761904761905,35.0,0.5300298084761375,0.7699927159842874,0.16666666666666666,111.0,111.0,111.0,11.100000000000001,17.333333333333332,1.7333333333333334,5,12,0.4166666666666667,0.25,0.16666666666666666,0.5833333333333334,0.0,0.5,14.2,18.0,12.0,26.333333333333332
5,35,0.99,0.5,0.95,0.5,19,kf_sa_seed_0019.npz,35,5,35,666,700,886,480,0.8423423423423423,0.15765765765765766,0.0,0.5185714285714286,0.4785714285714286,0.002857142857142857,1.0,0.0,0.0,0.3695652173913043,0.6260869565217392,0.004347826086956522,0.32505643340857787,0.5021739130434782,0.6749435665914221,0.7157190635451505,440,152,288,0.34545454545454546,0.31666666666666665,0.677891654465593,0.6079913606911447,0.3920086393088553,0.4225997425997426,0.7586507936507937,0.7619327603262814,0.04508060585143771,0.21267746989143438,0.16759686403999668,20,14.641288433382138,65.04761904761905,35.0,0.5300298084761375,0.7699927159842874,0.0,,,,,17.5,1.75,6,12,0.5,0.3333333333333333,0.16666666666666666,0.5833333333333334,0.0,0.6666666666666666,17.5,21.5,11.0,26.25
5,50,0.9,0.5,0.95,0.5,19,kf_sa_seed_0019.npz,50,5,35,651,700,871,480,0.8310291858678955,0.16897081413210446,0.0,0.48,0.52,0.0,0.9975669099756691,0.0024330900243309003,0.0,0.3108695652173913,0.6891304347826087,0.0,0.365097588978186,0.49878345498783455,0.634902411021814,0.7414104882459313,474,156,318,0.3291139240506329,0.325,0.6491487786824575,0.6168757126567845,0.38312428734321546,0.41551459293394777,0.7464625850340136,0.747781170938982,0.047730915613875095,0.19599450333909285,0.14826358772521775,20,14.803849000740193,64.33333333333333,50.0,0.533546236197049,0.7699927159842874,0.0,,,,,18.5,1.85,6,12,0.3333333333333333,0.16666666666666666,0.16666666666666666,0.5,0.0,0.3333333333333333,10.25,8.0,11.333333333333334,26.75
5,50,0.95,0.5,0.95,0.5,19,kf_sa_seed_0019.npz,50,5,35,651,700,871,480,0.8279569892473119,0.17204301075268819,0.0,0.5157142857142857,0.48428571428571426,0.0,0.9975669099756691,0.0024330900243309003,0.0,0.36086956521739133,0.6391304347826087,0.0,0.338691159586682,0.49878345498783455,0.661308840413318,0.7118055555555556,451,156,295,0.3458980044345898,0.325,0.6661732050333087,0.5988888888888889,0.4011111111111111,0.41397849462365593,0.7407109940750494,0.737147844945033,0.04564216779569176,0.17843723720560825,0.13279506940991648,12,8.882309400444116,103.92307692307692,50.0,0.533546236197049,0.7699927159842874,0.0,,,,,18.666666666666668,1.866666666666667,6,12,0.3333333333333333,0.16666666666666666,0.16666666666666666,0.5,0.0,0.3333333333333333,10.75,9.0,11.333333333333334,26.916666666666668
5,50,0.98,0.5,0.95,0.5,19,kf_sa_seed_0019.npz,50,5,35,651,700,871,480,0.8294930875576036,0.17050691244239632,0.0,0.5657142857142857,0.4342857142857143,0.0,0.9975669099756691,0.0024330900243309003,0.0,0.42391304347826086,0.5760869565217391,0.0,0.30539609644087257,0.49878345498783455,0.6946039035591275,0.6776859504132231,415,149,266,0.35903614457831323,0.3104166666666667,0.692820133234641,0.5769230769230769,0.42307692307692313,0.4147465437788018,0.7227781435154707,0.7138284145992011,0.04455847504272466,0.1530789243932636,0.10852044935053894,18,13.323464100666174,71.10526315789474,50.0,0.533546236197049,0.7699927159842874,0.0,,,,,18.5,1.85,6,12,0.4166666666666667,0.25,0.16666666666666666,0.5,0.0,0.5,15.0,18.0,10.75,26.666666666666668
5,50,0.99,0.5,0.95,0.5,19,kf_sa_seed_0019.npz,50,5,35,651,700,871,480,0.8294930875576036,0.17050691244239632,0.0,0.6128571428571429,0.3871428571428571,0.0,0.9975669099756691,0.0024330900243309003,0.0,0.48043478260869565,0.5195652173913043,0.0,0.2755453501722158,0.49878345498783455,0.7244546498277842,0.6497622820919176,382,142,240,0.3717277486910995,0.29583333333333334,0.7172464840858623,0.5572755417956656,0.44272445820433437,0.4147465437788018,0.6978099626947554,0.6953679560049141,0.044920913735481155,0.14096695310255672,0.09604603936707556,20,14.803849000740193,64.33333333333333,50.0,0.533546236197049,0.7699927159842874,0.0,,,,,18.833333333333332,1.8833333333333333,6,12,0.4166666666666667,0.25,0.16666666666666666,0.5,0.0,0.5,15.4,20.0,10.166666666666666,26.833333333333332
7,35,0.9,0.5,0.95,0.5,19,kf_sa_seed_0019.npz,35,5,35,666,700,886,480,0.25975975975975973,0.7402402402402403,0.0,0.07857142857142857,0.9214285714285714,0.0,0.352112676056338,0.647887323943662,0.0,0.021739130434782608,0.9782608695652174,0.0,0.8194130925507901,0.176056338028169,0.18058690744920994,0.9375,1138,412,726,0.36203866432337434,0.8583333333333333,0.16691068814055637,0.7587719298245614,0.24122807017543857,0.12987987987987987,0.8001394251394252,0.8258351651918037,0.10982566171013437,0.33312332836185093,0.22329766665171658,82,60.02928257686676,16.457831325301203,53.0,0.5300298084761375,0.7699927159842874,0.0,,,,,47.833333333333336,4.783333333333334,6,12,0.08333333333333333,0.08333333333333333,0.0,1.0,0.0,0.16666666666666666,27.0,27.0,30.333333333333332,34.333333333333336
7,35,0.95,0.5,0.95,0.5,19,kf_sa_seed_0019.npz,35,5,35,666,700,886,480,0.484984984984985,0.515015015015015,0.0,0.1457142857142857,0.8542857142857143,0.0,0.6197183098591549,0.38028169014084506,0.0,0.04782608695652174,0.9521739130434783,0.0,0.6772009029345373,0.30985915492957744,0.3227990970654628,0.9230769230769231,941,341,600,0.36238044633368754,0.7104166666666667,0.31112737920937045,0.76,0.24,0.2424924924924925,0.7924860574860575,0.8178591807869415,0.09012036517004748,0.2999988824077073,0.2098785172376598,77,56.36896046852123,17.512820512820515,43.0,0.5300298084761375,0.7699927159842874,0.0,,,,,28.666666666666668,2.866666666666667,6,12,0.3333333333333333,0.3333333333333333,0.0,1.0,0.0,0.6666666666666666,20.75,27.0,23.75,30.25
7,35,0.98,0.5,0.95,0.5,19,kf_sa_seed_0019.npz,35,5,35,666,700,886,480,0.7537537537537538,0.24624624624624625,0.0,0.2742857142857143,0.7257142857142858,0.0,0.9553990610328639,0.04460093896713615,0.0,0.10652173913043478,0.8934782608695652,0.0,0.4853273137697517,0.47769953051643194,0.5146726862302483,0.8925438596491229,672,242,430,0.3601190476190476,0.5041666666666667,0.5080527086383602,0.723342939481268,0.27665706051873196,0.3768768768768769,0.7887558987558988,0.8086229646219155,0.06828082581670286,0.2536192639484105,0.18533843813170764,43,31.478770131771597,31.045454545454547,40.0,0.5300298084761375,0.7699927159842874,0.0,,,,,24.166666666666668,2.416666666666667,6,12,0.3333333333333333,0.25,0.08333333333333333,0.8333333333333334,0.0,0.5,18.0,22.0,17.75,29.333333333333332
7,35,0.99,0.5,0.95,0.5,19,kf_sa_seed_0019.npz,35,5,35,666,700,886,480,0.7807807807807807,0.21921921921921922,0.0,0.37285714285714283,0.6271428571428571,0.0,0.9859154929577465,0.014084507042253521,0.0,0.2,0.8,0.0,0.4221218961625282,0.49295774647887325,0.5778781038374717,0.8203125,585,211,374,0.3606837606837607,0.4395833333333333,0.5717423133235725,0.6658130601792573,0.33418693982074266,0.39039039039039036,0.7693736593736594,0.7918329421904599,0.0564362025211939,0.22661686285998453,0.17018066033879065,21,15.373352855051245,62.09090909090909,40.0,0.5300298084761375,0.7699927159842874,0.0,,,,,23.833333333333332,2.3833333333333333,6,12,0.3333333333333333,0.25,0.08333333333333333,0.6666666666666666,0.0,0.5,18.25,20.5,15.5,29.416666666666668
7,50,0.9,0.5,0.95,0.5,19,kf_sa_seed_0019.npz,50,5,35,651,700,871,480,0.7711213517665131,0.22887864823348694,0.0,0.3485714285714286,0.6514285714285715,0.0,0.9659367396593674,0.0340632603406326,0.0,0.20217391304347826,0.7978260869565217,0.0,0.43742824339839265,0.4829683698296837,0.5625717566016073,0.810204081632653,605,224,381,0.3702479338842975,0.4666666666666667,0.5521835677276091,0.6729222520107239,0.32707774798927614,0.38556067588325654,0.7731643625192012,0.7824341009627465,0.06573113664986034,0.22490987088523112,0.15917873423537077,22,16.28423390081421,58.73913043478261,50.0,0.533546236197049,0.7699927159842874,0.0,,,,,24.5,2.45,6,12,0.3333333333333333,0.25,0.08333333333333333,0.75,0.0,0.5,16.0,18.0,16.5,28.666666666666668
7,50,0.95,0.5,0.95,0.5,19,kf_sa_seed_0019.npz,50,5,35,651,700,871,480,0.7788018433179723,0.22119815668202766,0.0,0.3914285714285714,0.6085714285714285,0.0,0.9732360097323601,0.0267639902676399,0.0,0.23478260869565218,0.7652173913043478,0.0,0.41676234213547647,0.48661800486618007,0.5832376578645235,0.7874015748031497,570,207,363,0.3631578947368421,0.43125,0.5780903034789046,0.649167733674776,0.350832266325224,0.38940092165898615,0.7663221417599297,0.7708796884137399,0.05911333692227586,0.20473812616151044,0.14562478923923458,20,14.803849000740193,64.33333333333333,50.0,0.533546236197049,0.7699927159842874,0.0,,,,,24.0,2.4000000000000004,6,12,0.3333333333333333,0.25,0.08333333333333333,0.75,0.0,0.5,15.75,18.0,15.166666666666666,28.583333333333332
7,50,0.98,0.5,0.95,0.5,19,kf_sa_seed_0019.npz,50,5,35,651,700,871,480,0.7910906298003072,0.20890937019969277,0.0,0.46,0.54,0.0,0.9805352798053528,0.019464720194647202,0.0,0.2956521739130435,0.7043478260869566,0.0,0.3811710677382319,0.4902676399026764,0.618828932261768,0.7476808905380334,514,182,332,0.3540856031128405,0.37916666666666665,0.619541080680977,0.6152927120669056,0.3847072879330944,0.3955453149001536,0.7372196620583717,0.7420046939555758,0.050955511641902165,0.17154360206761599,0.12058809042571382,18,13.323464100666174,71.10526315789474,50.0,0.533546236197049,0.7699927159842874,0.0,,,,,23.0,2.3000000000000003,6,12,0.3333333333333333,0.25,0.08333333333333333,0.6666666666666666,0.0,0.5,15.0,16.5,13.083333333333334,28.333333333333332
7,50,0.99,0.5,0.95,0.5,19,kf_sa_seed_0019.npz,50,5,35,651,700,871,480,0.8079877112135176,0.19201228878648233,0.0,0.53,0.47,0.0,0.9854014598540146,0.014598540145985401,0.0,0.3630434782608696,0.6369565217391304,0.0,0.34328358208955223,0.4927007299270073,0.6567164179104478,0.708041958041958,454,155,299,0.34140969162995594,0.3229166666666667,0.6639526276831976,0.5863991081382386,0.4136008918617614,0.4039938556067588,0.694292297564187,0.7088437147983164,0.0481327519311126,0.1485662747307584,0.10043352279964579,12,8.882309400444116,103.92307692307692,50.0,0.533546236197049,0.7699927159842874,0.0,,,,,20.833333333333332,2.0833333333333335,6,12,0.3333333333333333,0.16666666666666666,0.16666666666666666,0.5833333333333334,0.0,0.3333333333333333,12.25,11.0,11.25,27.416666666666668
10,50,0.9,0.5,0.95,0.5,19,kf_sa_seed_0019.npz,50,5,35,651,700,871,480,0.38863287250384027,0.6113671274961597,0.0,0.10142857142857142,0.8985714285714286,0.0,0.5766423357664233,0.4233576642335766,0.0,0.021739130434782608,0.9782608695652174,0.0,0.7164179104477612,0.28832116788321166,0.2835820895522388,0.9595141700404858,1027,403,624,0.3924050632911392,0.8395833333333333,0.23982235381199113,0.7808641975308642,0.21913580246913578,0.19431643625192013,0.7623195084485407,0.7568576811530818,0.09986721977315545,0.22965648911508443,0.12978926934192897,66,48.85270170244264,20.16417910447761,51.0,0.533546236197049,0.7699927159842874,0.0,,,,,47.4,4.74,6,12,0.0,0.0,0.0,1.0,0.0,0.0,,,29.916666666666668,35.0
10,50,0.95,0.5,0.95,0.5,19,kf_sa_seed_0019.npz,50,5,35,651,700,871,480,0.5238095238095238,0.47619047619047616,0.0,0.21285714285714286,0.7871428571428571,0.0,0.7518248175182481,0.24817518248175183,0.0,0.05652173913043478,0.9434782608695652,0.0,0.6153846153846154,0.3759124087591241,0.38461538461538464,0.9223880597014925,861,325,536,0.37746806039488967,0.6770833333333334,0.3626943005181347,0.6959183673469388,0.3040816326530612,0.2619047619047619,0.7512617950405969,0.7416113623156142,0.08650190181650838,0.20127140768379126,0.11476950586728288,65,48.11250925240562,20.46969696969697,51.0,0.533546236197049,0.7699927159842874,0.0,,,,,41.666666666666664,4.166666666666667,6,12,0.16666666666666666,0.16666666666666666,0.0,0.9166666666666666,0.0,0.3333333333333333,29.0,29.0,23.666666666666668,34.0
10,50,0.98,0.5,0.95,0.5,19,kf_sa_seed_0019.npz,50,5,35,651,700,871,480,0.6774193548387096,0.3225806451612903,0.0,0.36857142857142855,0.6314285714285715,0.0,0.9051094890510949,0.0948905109489051,0.0,0.18478260869565216,0.8152173913043478,0.0,0.4753157290470723,0.45255474452554745,0.5246842709529277,0.8140043763676149,652,238,414,0.36503067484662577,0.49583333333333335,0.5173945225758697,0.630901287553648,0.36909871244635195,0.3387096774193548,0.7191661180601273,0.7102610507482228,0.06786431402971406,0.15218829257990657,0.08432397855019251,25,18.50481125092524,51.96153846153846,51.0,0.533546236197049,0.7699927159842874,0.0,,,,,32.5,3.25,6,12,0.16666666666666666,0.08333333333333333,0.08333333333333333,0.6666666666666666,0.0,0.16666666666666666,11.5,11.5,17.083333333333332,31.083333333333332
10,50,0.99,0.5,0.95,0.5,19,kf_sa_seed_0019.npz,50,5,35,651,700,871,480,0.738863287250384,0.261136712749616,0.0,0.46285714285714286,0.5371428571428571,0.0,0.9464720194647201,0.0535279805352798,0.0,0.29782608695652174,0.7021739130434783,0.0,0.3960964408725603,0.4732360097323601,0.6039035591274398,0.7395437262357415,546,201,345,0.36813186813186816,0.41875,0.5958549222797928,0.5975155279503106,0.4024844720496894,0.369431643625192,0.6710972130787799,0.6731194337857969,0.05277419781916169,0.10818590986812715,0.05541171204896546,27,19.98519615099926,48.25,51.0,0.533546236197049,0.7699927159842874,0.0,,,,,28.333333333333332,2.8333333333333335,6,12,0.16666666666666666,0.08333333333333333,0.08333333333333333,0.5833333333333334,0.0,0.16666666666666666,5.5,5.5,14.666666666666666,30.083333333333332
