k,p_ok_griebel_innovation_mean,p_ok_radial_mean,p_ok_x_mean,p_ok_y_mean,p_ok_overall_mean,u_griebel_innovation_mean,u_radial_mean,u_x_mean,u_y_mean,u_overall_mean,griebel_multinomial_dc_mean,griebel_multinomial_uncertainty_mean,griebel_multinomial_threshold_mean,dc_josang_history_mean,dc_norm_history_mean,nis_score_mean,nis_lower_band_mean,nis_upper_band_mean,rmse_mean
0,0.953333333333335,0.4375,0.6187184335382284,0.6187184335382284,0.400213068181818,0.6666666666666659,0.875,0.875,0.875,0.800426136363636,0.0118621141443105,0.875,0.2251221802536836,0.0133928571428571,0.125,1.4298187876321184,0.0,9.210340371976168,0.440400855203434
1,0.9549999999999988,0.4203703703703702,0.5810830520339804,0.5840460149969434,0.3661958215760301,0.5,0.7777777777777771,0.7777777777777771,0.7777777777777771,0.6820699828988515,0.030007882604111,0.7777777777777771,0.2251221802536836,0.0363315696649029,0.1907407407407406,1.5845880101275014,0.0,6.6383520679938055,0.4825743941082597
2,0.9480000000000004,0.4269999999999999,0.5734747468305824,0.5794747468305824,0.3652331217975512,0.3999999999999991,0.7000000000000013,0.7000000000000013,0.7000000000000013,0.6067338924997696,0.0439486696042335,0.7000000000000013,0.3119384432880467,0.0573428571428572,0.2229999999999997,1.669205932568404,0.0,5.603964609923647,0.4421190507457258
3,0.9516666666666672,0.4466666666666659,0.5881588607550755,0.5930073456035604,0.3848108625858378,0.3333333333333329,0.6363636363636349,0.6363636363636349,0.6363636363636349,0.5566179846156982,0.0550533255033916,0.6363636363636349,0.3274504440053576,0.0732939787485241,0.2351515151515152,1.7261938245992388,0.3361032717537028,5.488738747664898,0.4723682324247961
4,0.9499999999999992,0.4770833333333336,0.6013678445810421,0.6152567334699309,0.4109743267349592,0.2857142857142854,0.5833333333333341,0.5833333333333341,0.5833333333333341,0.5162714195352875,0.0671024759427607,0.5833333333333341,0.3355923321934642,0.0825892857142856,0.2312499999999999,1.751924269728631,0.4311712962609277,5.03763591439423,0.5041536783667298
5,0.9524999999999983,0.5123076923076924,0.6222882667927564,0.6392113437158331,0.4436064015362356,0.25,0.5384615384615397,0.5384615384615397,0.5384615384615397,0.4841669654243496,0.0744384769824209,0.5384615384615397,0.3382562223035587,0.0864243448858834,0.218461538461538,1.7272302609781878,0.5123039396815564,4.716586470340998,0.5262294354076181
6,0.9522222222222232,0.54,0.6485533905932737,0.6652200572599406,0.4760950495121617,0.2222222222222216,0.5,0.5,0.5,0.4578280021086787,0.0795804808395468,0.5000000000000001,0.3401913921220345,0.0899999999999999,0.21,1.789263162594948,0.5820964224856199,4.474192803227892,0.5567639357352386
7,0.9499999999999996,0.5442222222222226,0.6522053867759439,0.6592053867759443,0.4778580239259981,0.1999999999999996,0.4666666666666667,0.4666666666666667,0.4666666666666667,0.425632003685057,0.0866293920689028,0.4666666666666679,0.3397848586268794,0.1016888888888889,0.2224444444444443,1.8305080805668987,0.6427756803804603,4.283398317228332,0.5475127244695691
8,0.9481818181818186,0.5504166666666669,0.6527967167691142,0.664255050102448,0.4832351753023596,0.1818181818181818,0.4375,0.4375,0.4375,0.3988501382163539,0.0917280811730972,0.4375,0.3377788850218068,0.1112946428571427,0.2308333333333334,1.8446088079602123,0.6960894093896066,4.128494606289634,0.5507007538367976
9,0.9466666666666658,0.5603921568627455,0.6613576942140682,0.6702792628415195,0.493597631436026,0.1666666666666674,0.4117647058823529,0.4117647058823529,0.4117647058823529,0.3766911898149231,0.0940282725186318,0.411764705882353,0.3353853066180616,0.1178447849728126,0.2337254901960783,1.8138187039556235,0.7433844262934233,3.999684631293861,0.5767465333200831
10,0.9461538461538448,0.5771296296296297,0.6720230074984717,0.6795230074984717,0.5087739783001062,0.1538461538461534,0.3888888888888885,0.3888888888888885,0.3888888888888885,0.3578203403061099,0.0947097775130687,0.3888888888888886,0.3327297987025349,0.1196516754850088,0.2284259259259261,1.83262434271758,0.7857014909696727,3.890514090846237,0.5693385568887215
11,0.9478571428571442,0.5942105263157899,0.685249866752939,0.6898112702617112,0.5260003084020439,0.1428571428571424,0.3684210526315792,0.3684210526315792,0.3684210526315792,0.3413911174383134,0.0995006834861321,0.3684210526315792,0.328983794307057,0.1199525128611001,0.2215789473684209,1.8301928967769387,0.8238527918534547,3.796542661377545,0.5956339058472642
12,0.9486666666666664,0.6124166666666666,0.6977373734152914,0.7049040400819584,0.5453151228598476,0.1333333333333334,0.3500000000000006,0.3500000000000006,0.3500000000000006,0.3270372234028944,0.1019478948773376,0.3500000000000006,0.3252278902245292,0.1184392857142856,0.2125833333333332,1.8421787107584413,0.8584798004741662,3.714606333265916,0.6038949157105071
13,0.9500000000000012,0.6288888888888892,0.7129244826177379,0.7168133715066267,0.5638290584992866,0.1249999999999999,0.333333333333333,0.3333333333333329,0.3333333333333329,0.3140169637457115,0.1036615484957136,0.3333333333333329,0.3212285814492812,0.1168253968253966,0.2044444444444444,1.8402210494768725,0.8900954248573255,3.642384019178526,0.5943671224912539
14,0.9500000000000004,0.6329545454545454,0.7125642788623865,0.7177915515896588,0.5662349905463757,0.1176470588235295,0.3181818181818175,0.3181818181818175,0.3181818181818174,0.2994033996569036,0.103981055298095,0.3181818181818174,0.3173593383751212,0.1215318772136954,0.2079545454545454,1.8531795378923468,0.9191146573001832,3.578130795349369,0.563188739011939
15,0.9511111111111106,0.6421739130434783,0.7136846725350362,0.7212933681872107,0.5724653837969859,0.1111111111111112,0.3043478260869569,0.3043478260869569,0.3043478260869568,0.2864622951356813,0.1027313720118539,0.3043478260869568,0.3132518587881009,0.1226248987307588,0.2056521739130434,1.8448377993930172,0.9458770065884844,3.5205071849819256,0.5738423187536373
16,0.9510526315789484,0.6518055555555559,0.7201978111794098,0.7232533667349651,0.5805583844513905,0.1052631578947378,0.2916666666666671,0.2916666666666671,0.2916666666666671,0.2750324387241489,0.1027259310775019,0.2916666666666671,0.3094008426184258,0.1228621031746032,0.2023611111111111,1.8528647097134268,0.9706630867967296,3.4684662279717235,0.5978960341074164
17,0.9504999999999992,0.6560666666666666,0.7230565653988996,0.7253898987322333,0.5846092375233538,0.0999999999999995,0.2800000000000004,0.2800000000000003,0.2800000000000003,0.2641824916539889,0.1041078087371376,0.2800000000000003,0.305786600314845,0.1258559999999999,0.203933333333333,1.8530315181481576,0.9937070279611224,3.421176617486517,0.5831719857829188
18,0.9504761904761898,0.6687820512820515,0.7308236205758657,0.7359518257040706,0.5981978032588358,0.0952380952380956,0.269230769230769,0.269230769230769,0.269230769230769,0.255412642615188,0.104113200909145,0.2692307692307698,0.3026372152396463,0.1231466610312765,0.1966025641025643,1.866015035379574,1.015205871520578,3.3779690714424286,0.5838964358649597
19,0.9513636363636372,0.6791975308641978,0.7394968198137967,0.7445585482088585,0.6101473713022488,0.0909090909090907,0.2592592592592595,0.2592592592592595,0.2592592592592595,0.2471826845139355,0.1031911492230902,0.2592592592592594,0.2990301952218708,0.1213795806388398,0.1911728395061725,1.8767407855186236,1.0353267658485052,3.3382980916401888,0.5578994267799762
20,0.9504347826086964,0.6920833333333334,0.7492766952966368,0.7471933619633033,0.6214008847147879,0.0869565217391307,0.250000000000001,0.2500000000000009,0.250000000000001,0.2391567266673475,0.1034772995481364,0.25,0.2955706628728277,0.1175892857142854,0.1829166666666662,1.8781322941673304,1.0542125382605017,3.3017141646143027,0.5975763206719836
21,0.9520833333333326,0.695632183908046,0.7494740506312357,0.7470027862634196,0.6231660996593477,0.0833333333333337,0.2413793103448267,0.2413793103448267,0.2413793103448267,0.2307292044977602,0.1027397783171264,0.241379310344828,0.2927780591315597,0.1194360455240362,0.1836781609195403,1.890167896176816,1.0719860551466676,3.2678432026817763,0.5843248499031359
22,0.9519999999999992,0.699444444444444,0.7508249156101945,0.7501026933879723,0.626920857603324,0.0799999999999998,0.2333333333333343,0.2333333333333343,0.2333333333333343,0.2232297779955228,0.1018782419938683,0.2333333333333339,0.289191001446856,0.1208412698412694,0.1838888888888885,1.878322565201988,1.088753667460565,3.2363711031348488,0.6134679411260767
23,0.9507692307692304,0.700913978494624,0.7553681979023384,0.7522499183324465,0.6304675992306421,0.0769230769230757,0.2258064516129038,0.2258064516129038,0.2258064516129038,0.2163507401432697,0.1031605197554289,0.2258064516129036,0.2855338858237978,0.1235498736435259,0.1861827956989246,1.902579212958796,1.1046079585723905,3.207031988835185,0.5972891301001746
24,0.95111111111111,0.7059374999999997,0.7578566917178903,0.7561900250512239,0.6354750252002592,0.0740740740740741,0.2187500000000022,0.2187500000000023,0.2187500000000022,0.2099131710866449,0.1028935935861242,0.21875,0.2819802759743681,0.1236746651785708,0.1846874999999993,1.9065401223214944,1.1196299546549295,3.179599138673155,0.5668943421676718
25,0.951785714285714,0.7145454545454548,0.7650428525749251,0.7590327515648241,0.6438247596607946,0.071428571428572,0.2121212121212098,0.2121212121212099,0.2121212121212099,0.2041117348843751,0.1060375449820095,0.2121212121212121,0.2791851411152499,0.1211491538764273,0.1793939393939398,1.9081326970650825,1.133890917067433,3.153877911645206,0.5459081150735193
26,0.9506896551724132,0.7243627450980399,0.7708749255384066,0.7661690431854659,0.6539932418794514,0.068965517241378,0.2058823529411738,0.2058823529411738,0.2058823529411738,0.1988280735133188,0.1054118831916419,0.2058823529411771,0.2761212765728988,0.1175494315373216,0.172696078431373,1.9043901565467711,1.1474538067429203,3.1297001678806096,0.5453652988794289
27,0.949666666666668,0.7330000000000002,0.7800880229039763,0.7717546895706425,0.6643851829347913,0.0666666666666673,0.1999999999999992,0.1999999999999992,0.1999999999999992,0.1939604400445211,0.1041972700524215,0.1999999999999996,0.2734060865674503,0.1145142857142858,0.1669999999999999,1.9030733227668404,1.160374489040522,3.106919827173992,0.5146305341289696
28,0.9483870967741946,0.7356481481481485,0.7782337259714587,0.7724003926381252,0.6652895856194128,0.064516129032258,0.1944444444444431,0.1944444444444431,0.1944444444444431,0.188427951530501,0.1032355635643022,0.1944444444444443,0.2703541087425067,0.1153990299823634,0.1671296296296298,1.905248560726372,1.172702731611157,3.085409301426927,0.5211795769007899
29,0.9490625000000016,0.736891891891892,0.7787319135578156,0.7767499315758333,0.6679963432410868,0.0624999999999979,0.1891891891891898,0.1891891891891898,0.1891891891891898,0.1835512580975887,0.1030621680884361,0.1891891891891894,0.267108341117151,0.11711363873526,0.1685135135135133,1.912622328711454,1.1844830359579523,3.0650566053209904,0.5359362892648103
30,0.950303030303031,0.739122807017544,0.7804758105694518,0.7776249333764689,0.6701540259982532,0.0606060606060602,0.1842105263157896,0.1842105263157896,0.1842105263157896,0.1787862289744566,0.1027422760578131,0.1842105263157896,0.2642064089533258,0.1180134546893548,0.1687719298245613,1.9028714244451117,1.1957553344419665,3.0457629983185357,0.5480000027476138
31,0.950294117647059,0.7422649572649572,0.7836260034608326,0.7811046359394652,0.674460368040786,0.0588235294117635,0.1794871794871808,0.1794871794871809,0.1794871794871809,0.1745123908871742,0.1010265348696951,0.1794871794871792,0.2618373313236741,0.1181478350709115,0.1679914529914525,1.9065184160462056,1.20655557770429,3.027441046547437,0.5461759916314195
32,0.9499999999999996,0.7503333333333332,0.786785353374312,0.7872436867076453,0.6822874517192062,0.0571428571428569,0.1750000000000019,0.1750000000000019,0.175000000000002,0.1705841443971153,0.0992256978602794,0.1750000000000003,0.2588780431699549,0.1146749999999994,0.1621666666666662,1.906621372323067,1.216916232286436,3.0100130192019123,0.5305458301374598
33,0.949722222222222,0.7568292682926839,0.792554816300143,0.7907661984139644,0.6893659930215599,0.0555555555555544,0.1707317073170689,0.1707317073170689,0.170731707317069,0.1668404377095905,0.099735214156662,0.1707317073170729,0.2564839344640734,0.1121679272541864,0.1578048780487813,1.905905172837942,1.2268667042279595,2.9934095534724703,0.5363420704691838
34,0.9508108108108108,0.7624999999999997,0.7967400190866465,0.7939622413088692,0.6953345057846795,0.0540540540540561,0.1666666666666682,0.1666666666666682,0.1666666666666682,0.1631878368916929,0.1003614589289578,0.1666666666666665,0.2539042835678078,0.110119047619047,0.1541666666666663,1.90537732612111,1.236433701309239,2.9775685365661952,0.5406503553927539
35,0.9502702702702704,0.7641085271317819,0.7963894760071122,0.7935987783326933,0.6958005670213909,0.0540540540540561,0.1627906976744206,0.1627906976744206,0.1627906976744206,0.1593067521009166,0.0999612539619031,0.1627906976744188,0.2515615037586216,0.1108676504674335,0.1544961240310073,1.922111911709136,1.236433701309239,2.9775685365661952,0.5599194261872518
36,0.950810810810811,0.7671819734509442,0.7974721529580924,0.7942895092948414,0.6981174336653869,0.0540540540540561,0.159132183162539,0.159132183162539,0.159132183162539,0.1557685258581068,0.099408035585531,0.1590909090909087,0.2491148374081799,0.1104553885564104,0.1532519349677862,1.9224224949456208,1.236433701309239,2.9775685365661952,0.5583075474293522
37,0.9518918918918922,0.7702709680423636,0.7979248340556708,0.7965172401196324,0.7007727301219944,0.0540540540540561,0.1556831294683701,0.1556831294683701,0.1556831294683701,0.1524733381882409,0.0981770887155824,0.1555555555555553,0.2469596019397929,0.1099209865706398,0.1518874672234511,1.928607737630366,1.236433701309239,2.9775685365661952,0.5157660906197811
38,0.9516216216216222,0.7729418567368325,0.7997676813059975,0.7984922283522202,0.7037616798424808,0.0540540540540561,0.1524352784347941,0.152435278434794,0.1524352784347941,0.1494272173664812,0.0981701867189371,0.1521739130434784,0.2447230124029091,0.1095832198391216,0.1508405040457702,1.928084248071052,1.236433701309239,2.9775685365661952,0.5029353444967317
39,0.951621621621622,0.7775875912530037,0.8044975769022525,0.8025329121879011,0.7098217696263498,0.0540540540540561,0.1493802003426531,0.149380200342653,0.149380200342653,0.1467885355809689,0.0986445173287736,0.1489361702127657,0.2426285154126233,0.1077047318790486,0.1477223085756695,1.9370802812932124,1.236433701309239,2.9775685365661952,0.4980911515689905
40,0.9508108108108112,0.7812994125395349,0.8085384873831646,0.8068652609825543,0.7152723281994363,0.0540540540540561,0.146509376949508,0.146509376949508,0.146509376949508,0.1443069292284081,0.0979471786945776,0.1458333333333335,0.240814816408832,0.1064028950961029,0.145445898985711,1.945656939162996,1.236433701309239,2.9775685365661952,0.5100738871620091
41,0.9508108108108114,0.7836999756845686,0.8120601665764374,0.8103092771940799,0.7194534030991572,0.0540540540540561,0.1438142747950958,0.1438142747950958,0.1438142747950958,0.1419249841548621,0.098447186404572,0.1428571428571427,0.2382793119915538,0.1059661102287576,0.1443928869178828,1.9433466914165785,1.236433701309239,2.9775685365661952,0.5235266562593004
42,0.9518918918918924,0.7847110325813773,0.8130756772880317,0.8112476196816196,0.7208085146068502,0.0540540540540561,0.1412864091045804,0.1412864091045804,0.1412864091045804,0.1394835755743041,0.0975476415168052,0.1400000000000001,0.2362560169439771,0.1064650992332191,0.1446457628663324,1.934012448215734,1.236433701309239,2.9775685365661952,0.5610778956494643
43,0.9521621621621628,0.7852270800579002,0.8115969522465655,0.8125923940113404,0.720996258366938,0.0540540540540561,0.1389173987512124,0.1389173987512124,0.1389173987512124,0.1371061731647596,0.0994705738598361,0.1372549019607842,0.2346717352285456,0.1072521831804313,0.1453142205664938,1.929050145996764,1.236433701309239,2.9775685365661952,0.547648527416873
44,0.9527027027027034,0.7866217029927824,0.8129913784586675,0.8129752708196187,0.7224600531769326,0.0540540540540561,0.1366990128344802,0.1366990128344802,0.1366990128344802,0.1349608817120407,0.0981830298109163,0.1346153846153849,0.2325812798672002,0.1073172840717849,0.1450287905899774,1.936593558829192,1.236433701309239,2.9775685365661952,0.5474221758348693
45,0.9535135135135142,0.7888077903442834,0.8134461608409397,0.8151835651293551,0.7246657686025398,0.0540540540540561,0.1346232094929261,0.1346232094929261,0.1346232094929261,0.1329970005953432,0.0986404108040213,0.1320754716981134,0.23072943466284,0.1067236595079309,0.1438806049092534,1.935823309883145,1.236433701309239,2.9775685365661952,0.5357855485757471
46,0.9529729729729738,0.7924613185830389,0.8149490518400597,0.818286542852217,0.728467835896746,0.0540540540540561,0.1326821676071367,0.1326821676071366,0.1326821676071366,0.131235463099068,0.0972112579139896,0.1296296296296297,0.2291379746103893,0.1049684522581093,0.1411975976133927,1.9395493462019189,1.236433701309239,2.9775685365661952,0.5368945331731794
47,0.9535135135135142,0.7948502479618814,0.8148173718443911,0.8216061896565512,0.731025031658845,0.0540540540540561,0.1308683120626367,0.131226295608677,0.1308683120626367,0.1296417138184365,0.0962791558623034,0.1272727272727271,0.2269712178096819,0.1040839301044842,0.1397155960068002,1.937030166115404,1.236433701309239,2.9775685365661952,0.5590137017068532
48,0.953243243243244,0.7977870803955293,0.8172833586858698,0.8236961783672352,0.7344783682217972,0.0540540540540561,0.1291743332387729,0.1295104968831294,0.1291743332387729,0.128116025328126,0.095308132860166,0.125,0.2252092873605648,0.1027268898057873,0.1376257529850841,1.936124908556501,1.236433701309239,2.9775685365661952,0.5484746940502973
49,0.953243243243244,0.7997789556944127,0.8193876259871473,0.8253968338690459,0.7371231964024026,0.0540540540540561,0.1275932013720445,0.1279085911899496,0.1275932013720445,0.1266736727531825,0.0940253971655288,0.1228070175438596,0.2234522146195608,0.1020150960966385,0.1364244436195652,1.936845226130408,1.236433701309239,2.9775685365661952,0.5368724407174971
50,0.9529729729729738,0.802417828853234,0.8190104774500664,0.8252217599937687,0.7382513054909421,0.0540540540540561,0.1265236613167545,0.1268193108472959,0.1261181764142302,0.1254409587386972,0.0932643079463891,0.120689655172414,0.2218509227360054,0.1005632457797846,0.1343203404883889,1.9440144760708653,1.236433701309239,2.9775685365661952,0.5730809647687714
51,0.9516216216216224,0.8016101375187642,0.8192280936637855,0.8267863317886417,0.7385738324339962,0.0540540540540561,0.125542531334024,0.1254002174517053,0.1247428139700134,0.1242814215177177,0.0930963336689884,0.1186440677966102,0.2201355206785642,0.101632257360622,0.1356185968142238,1.944751678440236,1.236433701309239,2.9775685365661952,0.5473801651866279
52,0.9510810810810816,0.8028366995924795,0.8211683197873464,0.826023196378864,0.7396063878953555,0.0540540540540561,0.1246430342974643,0.1240768723360616,0.1238930248462581,0.1232926350237445,0.0906921815978793,0.1166666666666669,0.2185698140402287,0.1011411633989424,0.1348417832587888,1.9491441791764053,1.236433701309239,2.9775685365661952,0.5800207298869704
53,0.9516216216216222,0.8041368184935629,0.8223108706578508,0.8277375167471601,0.7416481025344396,0.0540540540540561,0.1233748462060018,0.1232873778337939,0.1226720288756297,0.122270636885851,0.0895074818791729,0.1147540983606559,0.2173019202045711,0.1007854756432928,0.1341757584034361,1.9453640788809563,1.236433701309239,2.9775685365661952,0.547513019641992
54,0.9518918918918924,0.8048654995248801,0.8236272226781146,0.8295166902898257,0.7433705517383007,0.0540540540540561,0.1221925907792862,0.1221104873776723,0.1215345012336284,0.1212219082641601,0.0893374200407315,0.1129032258064518,0.2155025020766899,0.1008171364103299,0.134038205085477,1.9423373315344452,1.236433701309239,2.9775685365661952,0.5591123433597707
55,0.9529729729729732,0.8059182113496304,0.8258709427600173,0.8322971043661052,0.7461068342226842,0.0540540540540561,0.1210909163860195,0.121013918229659,0.1204751519137823,0.1203177175542901,0.088863201350197,0.1111111111111108,0.2140601696461595,0.1005657990656243,0.1335363304573595,1.9438835992329837,1.236433701309239,2.9775685365661952,0.5805917759492369
56,0.9513513513513516,0.8049461651578897,0.8274509793315104,0.8318012253292841,0.7461595450299106,0.0540540540540561,0.1205398465452672,0.1199925921576191,0.11996407434154,0.1196581008277572,0.0880206185790954,0.109375,0.2125867614183306,0.1015539571669159,0.1347839115694767,1.939832610694984,1.236433701309239,2.9775685365661952,0.5942582834356641
57,0.9521621621621624,0.8060702963866074,0.8289705604170279,0.833437760083451,0.7480910065424378,0.0540540540540561,0.119554557391765,0.1190416976786894,0.1190165211221137,0.1188060429388762,0.0882505180587757,0.1076923076923074,0.2111137629399282,0.1011948719875378,0.1341524249175101,1.9640170659125096,1.236433701309239,2.9775685365661952,0.5897234217221766
58,0.9529729729729732,0.807555957515994,0.82876698555056,0.8345320633288213,0.7493130429735747,0.0540540540540561,0.1186369419700082,0.1186490843859592,0.1181344667878841,0.118068413529591,0.0879027236257169,0.106060606060606,0.2098822100168617,0.100518257219268,0.1331255714990017,1.9520929225520325,1.236433701309239,2.9775685365661952,0.5976572111845804
59,0.9529729729729732,0.810660838367519,0.8303414985327978,0.8358938716999824,0.7521497001912972,0.0540540540540561,0.1177826567869849,0.117794641075615,0.1173136529722976,0.1173290174422743,0.0875648462385677,0.1044776119402985,0.208338336475252,0.0985928528119906,0.1304478332389887,1.9530212211315403,1.236433701309239,2.9775685365661952,0.5819757557377973
60,0.9529729729729732,0.8115378112139888,0.830925436507731,0.8371336769559217,0.7533506259037572,0.0540540540540561,0.1169875968334906,0.1169993536707876,0.1165500622143472,0.1166065742342975,0.0884057850137679,0.1029411764705882,0.2070173007454067,0.0983285225713295,0.1299683903692662,1.954966430973312,1.236433701309239,2.9775685365661952,0.5599607678340849
61,0.9535135135135137,0.812407188898188,0.8296338011442507,0.8385991765061789,0.7538156722336344,0.0540540540540561,0.1162478878869086,0.1162593604857426,0.1158399091984827,0.1158896041111505,0.0885894162336619,0.1014492753623189,0.2059205606834507,0.0980357558391779,0.1294688671583576,1.9532886875475952,1.236433701309239,2.9775685365661952,0.562841663228331
62,0.9543243243243248,0.8109245501603921,0.8285849838821006,0.8400861390948292,0.7533005960630307,0.0540540540540561,0.1160801413912465,0.1160912841840579,0.1151796315974447,0.1155617097093619,0.0882632613146747,0.0999999999999998,0.2045126700036169,0.0992100868670334,0.1310353791439843,1.951096303153939,1.236433701309239,2.9775685365661952,0.5568425036436504
63,0.9543243243243248,0.8113918008603743,0.8298608930515597,0.8390631397200893,0.7535746988644769,0.0540540540540561,0.1154074095987753,0.1154181869757373,0.1145658806563582,0.1149206247994159,0.0883675820798062,0.0985915492957746,0.2031839579639945,0.0991983537552208,0.130904494340238,1.951897520955646,1.236433701309239,2.9775685365661952,0.5443643298126517
64,0.954594594594595,0.812960189100651,0.831346486251465,0.8386444836194186,0.7548890740178196,0.0540540540540561,0.114781469333649,0.1147918544500299,0.1145269147742423,0.1144790739936462,0.0880349926854682,0.0972222222222221,0.2016658935626801,0.0983300436303822,0.1296490762325242,1.944768466924761,1.236433701309239,2.9775685365661952,0.5656188239951205
65,0.954594594594595,0.8131498538730202,0.83214779302523,0.8394786966324906,0.7556686902351636,0.0540540540540561,0.1141992323800351,0.114209206042113,0.1139631983713792,0.1139610542668234,0.0879674747981948,0.0958904109589042,0.2006380542493852,0.0984791954435154,0.1297505299369618,1.9521876743777324,1.236433701309239,2.9775685365661952,0.5517461874985002
66,0.9548648648648652,0.8143003154723296,0.8334009984635752,0.8397680639589447,0.7568460962316109,0.0540540540540561,0.1136577929140777,0.1136673425492654,0.1134389659285689,0.113477361287887,0.0875270651573885,0.0945945945945947,0.1993937291661827,0.0978813114570691,0.1288707880706315,1.9546942614455505,1.236433701309239,2.9775685365661952,0.5468694548606773
67,0.9545945945945952,0.8149569576021561,0.8329517732186322,0.8401703723349546,0.7571186084188117,0.0540540540540561,0.1131544194651079,0.1131635381789027,0.1129515723988214,0.1129780464768124,0.0877029595289373,0.0933333333333335,0.198124067129452,0.0976363125942149,0.1284658326652901,1.9694036940670607,1.236433701309239,2.9775685365661952,0.5187314298198644
68,0.955675675675676,0.81501380292807,0.8350853944520991,0.8397983435995642,0.7579419964421125,0.0540540540540561,0.1126865468718434,0.1126952325917635,0.1124985346335481,0.1125770390933051,0.087770516540602,0.0921052631578948,0.1970422198759306,0.0978190891969615,0.128642923636008,1.9664863509295147,1.236433701309239,2.9775685365661952,0.5243133306084747
69,0.9548648648648652,0.816674075821945,0.8351373576175327,0.8410927614963708,0.7593218355711748,0.0540540540540561,0.112251768291889,0.1122600229966496,0.1120775233751735,0.1121941965681195,0.0869816854152769,0.0909090909090909,0.1958159644253171,0.0967755405808834,0.1272000400321103,1.9614104424835133,1.236433701309239,2.9775685365661952,0.5144560494816882
70,0.9554054054054056,0.8171879395361341,0.8371659763596889,0.8415130313561099,0.7606603447503356,0.0540540540540561,0.1118478273142127,0.1118556563449436,0.1116863554079548,0.1118808713264167,0.0864195774361498,0.0921052631578946,0.1968426604807782,0.0965907855387876,0.1268881468067597,1.951484030803103,1.236433701309239,2.9775685365661952,0.5373724063819306
71,0.9543243243243243,0.8197619311308206,0.8389581891724538,0.8442609956630467,0.7639577876510382,0.0540540540540561,0.1114726102164031,0.1114800216656718,0.1113229858974969,0.1116573010858372,0.0853704747662495,0.0932080400551484,0.1980165392757921,0.0948078505585027,0.1245017637609776,1.956476837476404,1.236433701309239,2.9775685365661952,0.544239647206388
72,0.954594594594595,0.8204918245605384,0.838927359105178,0.8450071192653545,0.7648000097799222,0.0540540540540561,0.1111241384013794,0.1116936864806889,0.1109855009438165,0.1114674315568674,0.084773684474655,0.0942250876392135,0.1992112932053469,0.0944171048365515,0.1239461062387718,1.9611719895341475,1.236433701309239,2.9775685365661952,0.5134981246297585
73,0.954594594594595,0.8203568765878986,0.8387488507745884,0.8449259414484794,0.7646619612300224,0.0540540540540561,0.1108005610418247,0.1113336922943098,0.1112373923635369,0.1112660827352088,0.0842828321416993,0.0951633885699126,0.2004275329442524,0.0946808960553318,0.1242428428911889,1.9686978994024944,1.236433701309239,2.9775685365661952,0.4774249665399433
74,0.9545945945945952,0.8198220429967761,0.8408855185400244,0.8428496854652061,0.7646246981959116,0.0540540540540561,0.1105001479548483,0.1109988517428032,0.1114780240981989,0.1110905185175339,0.084073439494419,0.0960293107804995,0.2016658935626801,0.0952346509375235,0.1249278830257996,1.9587014676691803,1.236433701309239,2.9775685365661952,0.5021356000035504
75,0.9556756756756758,0.8202377318748687,0.8421139312823539,0.8412517476046646,0.7646586157896772,0.0540540540540561,0.1102212827242628,0.1106874836554082,0.1111372775465635,0.110779828873476,0.0820020608517472,0.0968286681583496,0.2016658935626801,0.0950539508137162,0.1246516267629999,1.9588124538549392,1.236433701309239,2.9775685365661952,0.5388548142417223
76,0.9548648648648652,0.8185830148592385,0.8407430646549797,0.8413196775763635,0.7631678663298918,0.0540540540540561,0.1099624560833365,0.1103980100768621,0.1108198556730373,0.1104579901108768,0.0824264957828747,0.0975667743242603,0.2029270357216301,0.0964464704696258,0.1264357570990934,1.950177400540737,1.236433701309239,2.9775685365661952,0.539545804360413
77,0.9543243243243243,0.8176004782040597,0.8419367778362467,0.8416061837959471,0.7634285936970427,0.0540540540540561,0.1102966454046373,0.1101289509590245,0.1105242582370507,0.1104696424781046,0.0816632428090441,0.0982484904174806,0.2029270357216301,0.096943247832459,0.1272511990936214,1.956084373246688,1.236433701309239,2.9775685365661952,0.5583471047991558
78,0.9543243243243248,0.8171132080556177,0.842210631376377,0.8439031362447612,0.7642704290564276,0.0540540540540561,0.1100368833009458,0.1098789190196369,0.1102490704787969,0.1102978905387851,0.0815943671163776,0.0988782676582532,0.2042116469334519,0.0974494129499583,0.12786835029391,1.9580427992529628,1.236433701309239,2.9775685365661952,0.5694759011185516
79,0.9548648648648652,0.8192797631693232,0.8425576870582645,0.8441901719822046,0.7655950911514775,0.0540540540540561,0.1097952505169605,0.1096466147726733,0.1099929593813848,0.1100852519036602,0.0805602660150587,0.0994601853467181,0.2042116469334519,0.0959289442208739,0.1258226115721969,1.962735404331275,1.236433701309239,2.9775685365661952,0.5201781663293377
80,0.954594594594595,0.820729246309631,0.8439831559922141,0.8435891988172668,0.7666592195440419,0.0540540540540561,0.109570535599103,0.1094308217339025,0.1097546700030121,0.1098933342876002,0.0800619436935294,0.0999979848624344,0.2042116469334519,0.0949363834300175,0.1244854858908174,1.9606448301626265,1.236433701309239,2.9775685365661952,0.5440675384180487
81,0.955675675675676,0.819321630722535,0.8418065232004531,0.8426040394627194,0.7648051896521662,0.0540540540540561,0.1093616019184151,0.1103926310923073,0.109533021880549,0.1098621843806983,0.0804734275308662,0.1004951001493008,0.2055204428906911,0.0961174889946539,0.1259975683182574,1.9532073054629544,1.236433701309239,2.9775685365661952,0.5351147633863924
82,0.9551351351351351,0.8199538797960239,0.8432913301791598,0.842195185691639,0.7654819432776003,0.0540540540540561,0.1091673836736485,0.1101317746935142,0.1093269055075221,0.1096871694349739,0.0810040962186981,0.1009546851036463,0.2055204428906911,0.0957432173448533,0.1254624283671517,1.9606450647283225,1.236433701309239,2.9775685365661952,0.5558208878612582
83,0.9548648648648652,0.8193111831984079,0.8455600806834647,0.842958296318688,0.766459648174619,0.0540540540540561,0.1089868820572563,0.1098883792445994,0.1091352788905685,0.10958982006474,0.0811820307411817,0.1013796382265721,0.2055204428906911,0.096323036398362,0.1261953757729637,1.967299828763364,1.236433701309239,2.9775685365661952,0.5481040961110625
84,0.9551351351351356,0.8197103739348117,0.8455710456238364,0.8424976524697037,0.7665384381139453,0.0540540540540561,0.1088191615791615,0.1102463496936936,0.1089571641890539,0.1095372260165977,0.0812322473036113,0.1017726248535472,0.2068541688665564,0.0961016904345401,0.1258800452756073,1.970801638386535,1.236433701309239,2.9775685365661952,0.5196353875045798
85,0.9551351351351356,0.819787407972979,0.8448485222936786,0.8414796527829506,0.7657253744318604,0.0540540540540561,0.1086633465439277,0.109997054344518,0.1087916444428025,0.1093084893827813,0.081435949732272,0.1021360972333305,0.2068541688665564,0.096130117232899,0.1258809187550572,1.964406361633844,1.236433701309239,2.9775685365661952,0.5367667829932204
86,0.9559459459459464,0.8193727901303073,0.8461820639326771,0.8412635605563196,0.7659307166981866,0.0540540540540561,0.1085186176775055,0.1097642560125868,0.1086378603927998,0.109182749040774,0.0818356139687867,0.1024723126933649,0.2068541688665564,0.0965192286776696,0.1263679010309398,1.9599978106281883,1.236433701309239,2.9775685365661952,0.5431886663375026
87,0.9572972972972972,0.8193320115888849,0.8471011099789172,0.8405551224996777,0.7659798923685271,0.0540540540540561,0.10838420890014,0.1095469674026205,0.1084950073994277,0.1090342411573648,0.0826504227315536,0.1027833500989003,0.2068541688665564,0.0966183862403827,0.126475883961045,1.9629781028665985,1.236433701309239,2.9775685365661952,0.5449333790672659
88,0.9578378378378376,0.8202122302574217,0.8469774856658071,0.8406963400471581,0.7665026691454431,0.0540540540540561,0.10825940424226,0.109344248106494,0.1089512678065791,0.1090328857341927,0.0825932177349734,0.1030711247874372,0.2082136011903091,0.0960084512575444,0.125658067621448,1.9619161944416856,1.236433701309239,2.9775685365661952,0.5149233249525866
89,0.9556756756756756,0.8211896135113895,0.8479050801629672,0.8402748380841857,0.7671700559251957,0.0540540540540561,0.1081435349003049,0.1091552037057031,0.1087901219113439,0.1089118831227547,0.081896609803787,0.1033374021379984,0.2082136011903091,0.0953205925303637,0.1247386190384576,1.9600632576390624,1.236433701309239,2.9775685365661952,0.5081448988208223
90,0.9554054054054052,0.8224428284360181,0.847545784868338,0.8405488399209919,0.7677454182021722,0.0540540540540561,0.1080359764294602,0.108978984756258,0.1086399064278168,0.1087763073518124,0.0820175039718473,0.1035838099156946,0.2082136011903091,0.0944205105505121,0.1235391833492515,1.9598457974830377,1.236433701309239,2.9775685365661952,0.5260863148874863
91,0.9570270270270268,0.8194437601260893,0.8493224744913849,0.8409351797596188,0.7672627340477409,0.0540540540540561,0.1085273513685694,0.1088147856645547,0.1084999308764746,0.1089351744439471,0.0823761691570782,0.1038118495155491,0.2082136011903091,0.0963695337414751,0.1262925641896256,1.958262811482663,1.236433701309239,2.9775685365661952,0.5128158319427182
92,0.9556756756756756,0.8201651867625089,0.8495647960801809,0.8424795101795952,0.7683409265377851,0.0540540540540561,0.1083965943445127,0.1086618434653313,0.1083695426094679,0.1088632418146922,0.0815751991112451,0.1040229062152568,0.2082136011903091,0.095892594718746,0.1256365160652346,1.9488857855175177,1.236433701309239,2.9775685365661952,0.5180396360436309
93,0.9551351351351351,0.8201778369774633,0.8500382772967946,0.8429459576999537,0.7687381139847203,0.0540540540540561,0.1082746419065101,0.1085194365145025,0.1082481253271399,0.1087752789457664,0.0818080967037271,0.1042182585341234,0.2082136011903091,0.0959517336050784,0.1256848420692817,1.943549284079782,1.236433701309239,2.9775685365661952,0.5163957914370186
94,0.9554054054054056,0.8206733683292616,0.8512062879398377,0.842271534281873,0.7691982532506506,0.0540540540540561,0.1081609451409918,0.108386883110642,0.1081350976053243,0.1086822908009167,0.0817649779901474,0.1043990867845833,0.2082136011903091,0.0956330890792704,0.1252461591002424,1.9413172812519297,1.236433701309239,2.9775685365661952,0.5359870451397786
95,0.9548648648648652,0.821053010552696,0.8504692280279452,0.8434646417120407,0.7695651586763168,0.0540540540540561,0.108054984501195,0.1082635400592243,0.1080299114342844,0.1085952559427827,0.0816911674275308,0.1045664808932413,0.2095995488007865,0.095400558236517,0.1249194971967063,1.942339255516763,1.236433701309239,2.9775685365661952,0.5392475490202763
96,0.955675675675676,0.8218610366325604,0.8512171530408834,0.8446816557018829,0.7708004605432268,0.0540540540540561,0.1079562686998491,0.1081488011936258,0.1079320507713009,0.1085629073320972,0.0804005839028361,0.104721447560081,0.2095995488007865,0.0948387032406947,0.1241608290175155,1.9446318032834904,1.236433701309239,2.9775685365661952,0.5243524745926574
97,0.9564864864864866,0.8230901790777095,0.8511240208622446,0.8459857267388958,0.7719318007764525,0.0540540540540561,0.1078643336142254,0.1080420958663661,0.1078410301096796,0.1085084763716128,0.0808657510793864,0.1048649168172115,0.2095995488007865,0.0939506359027197,0.1229776541151776,1.9464702965954552,1.236433701309239,2.9775685365661952,0.5830458065444606
98,0.957837837837838,0.8223003840312415,0.8516043981206789,0.8446330230044703,0.7710441283369788,0.0540540540540561,0.107778741201218,0.1079428874232996,0.1083512524736604,0.1085816062983328,0.0812166860267236,0.1049977480421184,0.2095995488007865,0.0946091664763833,0.1238102453681491,1.952007577991558,1.236433701309239,2.9775685365661952,0.5821757553410088
99,0.9564864864864868,0.8221529501177544,0.8518264747540186,0.8450148394562754,0.7713113804900011,0.0540540540540561,0.107699078421721,0.1078506716724854,0.1087871710526353,0.1086371900395039,0.0801645927496607,0.1051207354747418,0.2095995488007865,0.0947664971671239,0.123997510671385,1.9485180373305144,1.236433701309239,2.9775685365661952,0.5792986939612341
100,0.9540540540540544,0.8215838115584743,0.851999570308162,0.8455736547825071,0.7713812436397878,0.0540540540540561,0.1082205483894241,0.1077649753583606,0.1086424792019349,0.1087936920317794,0.0801344774198588,0.1052346132827159,0.2095995488007865,0.0948805615864758,0.1243059142468134,1.957005911453004,1.236433701309239,2.9775685365661952,0.5716220476299329
101,0.9532432432432438,0.8206209081581803,0.8524424058632541,0.84524092455866,0.770946616595096,0.0540540540540561,0.1081131673151606,0.107685354650683,0.1085069582997065,0.108702866800841,0.0819658017333744,0.1053400602146902,0.2095995488007865,0.0956813599976645,0.1253225081842391,1.9591957077627131,1.236433701309239,2.9775685365661952,0.5690139810774295
102,0.9543243243243248,0.8187005235795146,0.8530434989497153,0.8450439359375304,0.7701624597942649,0.0540540540540561,0.1085129162702829,0.1076113936565072,0.1083801118365152,0.108808906875673,0.0827108525923821,0.1054377038777313,0.2095995488007865,0.0969252815879458,0.1270430182853442,1.9359791368644967,1.236433701309239,2.9775685365661952,0.5738559555551178
103,0.953513513513514,0.8177510116891233,0.8544697647382926,0.8458430890554974,0.7707292956360816,0.0540540540540561,0.1089840387889355,0.1075427029623054,0.1082614600850797,0.1090171743479029,0.0828895947832605,0.1055281246713201,0.2095995488007865,0.0973630381525739,0.1277569689164086,1.949162865030391,1.236433701309239,2.9775685365661952,0.5545481161760287
104,0.9521621621621624,0.8180838662727236,0.8554534918650064,0.8458337792502993,0.7712847395905077,0.0540540540540561,0.10882801889956,0.1074789182122025,0.1081505407240935,0.1089451409931708,0.0830787773404153,0.105611859407365,0.2095995488007865,0.0972129221064416,0.1275021242774965,1.9557001051866487,1.236433701309239,2.9775685365661952,0.5662652380038793
105,0.950810810810811,0.8174189786937618,0.8555587976551844,0.8435535624077439,0.7701371992488559,0.0540540540540561,0.1086816006588147,0.107419698727244,0.1086439113139446,0.1089226190103273,0.0838273535655823,0.1056894046428656,0.2095995488007865,0.0978056780375735,0.1282402209768307,1.9637922828808592,1.236433701309239,2.9775685365661952,0.5435325466229884
106,0.9513513513513516,0.8168690353747623,0.8561853506620425,0.8449422656509524,0.7707004406716697,0.0540540540540561,0.1085443045783692,0.1073647261696188,0.1085086048227972,0.1088860986804869,0.0843045114727156,0.1057612197494038,0.2095995488007865,0.0983159930801902,0.128858812336053,1.973793263050576,1.236433701309239,2.9775685365661952,0.5662181499014399
107,0.9513513513513518,0.8169804365283523,0.8562633570663263,0.8457164971772806,0.7710987172560034,0.0540540540540561,0.1084156613181598,0.1073137032548726,0.1083819102337384,0.1088240696937006,0.08363056322098,0.1058277297414078,0.2095995488007865,0.0983135068152267,0.1288117328125676,1.9582123659826252,1.236433701309239,2.9775685365661952,0.5338534214269823
108,0.9513513513513518,0.8188113886213706,0.8571902962089412,0.8449211270219117,0.7719958207286447,0.0540540540540561,0.1082952132957369,0.1072663525143171,0.1082633592729851,0.1087435809163697,0.0827832981401125,0.1058893278831488,0.2095995488007865,0.0969912435432353,0.1270410047307605,1.9421562929701452,1.236433701309239,2.9775685365661952,0.5318902552423482
109,0.9518918918918922,0.8188003737568269,0.8577211851987591,0.8455244995870713,0.7724872600556406,0.0540540540540561,0.1081825160362625,0.1072224151091378,0.1081524992301642,0.1086909120095179,0.0822468786301552,0.1059463780926446,0.2095995488007865,0.0970602266956306,0.1271083682250419,1.9467544520805664,1.236433701309239,2.9775685365661952,0.5144262481803168
110,0.951621621621622,0.8185971222041065,0.8579478639574127,0.8457072240558223,0.7724936742247706,0.0540540540540561,0.1080771392745444,0.1071816496970491,0.1080488937011887,0.108624142390911,0.0827787008499696,0.1059992171590273,0.2095995488007865,0.0972888667416315,0.1273643081586214,1.944870717123568,1.236433701309239,2.9775685365661952,0.543844445661922
111,0.951621621621622,0.8200741324956742,0.8585937104593312,0.8468433514740467,0.7740063030652005,0.0540540540540561,0.1079786678239494,0.1071438313518111,0.1079521231378436,0.1086053556113534,0.0820858692920824,0.1060481567884857,0.2095995488007865,0.0962215390166582,0.1259365335923513,1.9505894065738152,1.236433701309239,2.9775685365661952,0.5670690931028471
112,0.9508108108108116,0.8209680859890746,0.8553700022999466,0.8483973876744519,0.773848219719431,0.0540540540540561,0.1078867022294426,0.1077070082178083,0.1078617852187853,0.1086237595779767,0.0816882463712389,0.1060934854925804,0.2110128548811629,0.0955914366127899,0.1250885628962038,1.9578285346875324,1.236433701309239,2.9775685365661952,0.5855070952620195
113,0.9513513513513518,0.8198931850706734,0.8542155362758002,0.8505663191342673,0.7737168555781316,0.0540540540540561,0.1083992475387614,0.1076358407478181,0.1077774950579132,0.1087989068267045,0.0816843786239185,0.1061354703315414,0.2110128548811629,0.0961320551941342,0.1259071911599453,1.970040289238539,1.236433701309239,2.9775685365661952,0.580162207860792
114,0.9513513513513518,0.8183763521168582,0.852825194658736,0.8502166644438615,0.7722574656509471,0.0540540540540561,0.1088790309967077,0.107569198981719,0.1076988852667035,0.1089075910569687,0.0810806748299463,0.1061743585240899,0.2110128548811629,0.0970047951867496,0.1271841323847878,1.970847786662896,1.236433701309239,2.9775685365661952,0.5740135351343052
115,0.950540540540541,0.8183699279743955,0.8523729992231598,0.8506032079808621,0.772179791457897,0.0540540540540561,0.1087292287639285,0.107506834665392,0.1076256058872132,0.1088173274719882,0.0821959715392638,0.1062103789343452,0.2110128548811629,0.0971009750935659,0.1272654576436406,1.9693283483255677,1.236433701309239,2.9775685365661952,0.5553870181389531
116,0.94918918918919,0.8184531352133158,0.852429172135171,0.8506360903053164,0.7723014028997942,0.0540540540540561,0.1085887511150414,0.1074485086359195,0.1079765627391653,0.1088263301991102,0.0812525533523772,0.1062437434454975,0.2110128548811629,0.0971106321723307,0.1272524892291635,1.973185864639388,1.236433701309239,2.9775685365661952,0.5461121323601084
117,0.9486486486486492,0.820898292947902,0.8524289516963308,0.8500667054119035,0.7732402632669171,0.0540540540540561,0.1084571195269812,0.1073939909760406,0.1078870218063287,0.1087312907441835,0.0791780005411831,0.1062746482291281,0.2110128548811629,0.0953125419927013,0.1248731472886069,1.9707927859456704,1.236433701309239,2.9775685365661952,0.5160621304327205
118,0.9483783783783792,0.8183348210495798,0.8523837023960801,0.847620103684905,0.7710178526015099,0.0540540540540561,0.1089327779565327,0.1073430611147942,0.1083987538046391,0.1089392396187229,0.0801198020525898,0.1063032749183179,0.2110128548811629,0.0969953135522344,0.1271987899721539,1.966909157152852,1.236433701309239,2.9775685365661952,0.5276283513278883
119,0.9472972972972982,0.8183627783843158,0.8522255940993599,0.8472469051264511,0.770996268716188,0.0540540540540561,0.1087787742298648,0.1078945012145901,0.1088808271661675,0.1091055568795549,0.0802887039578227,0.1063297916920239,0.2110128548811629,0.0970602846326932,0.1272478345007518,1.970303301213819,1.236433701309239,2.9775685365661952,0.5107258857913954
120,0.9467567567567576,0.8191328805485586,0.85224960447063,0.8475243165604102,0.7714942736313382,0.0540540540540561,0.1086344253927329,0.1078114396378955,0.1087324507758004,0.1090095450805009,0.0799810581473583,0.1063543542775998,0.2110128548811629,0.0965467414736932,0.1265499067550749,1.979512955164788,1.236433701309239,2.9775685365661952,0.5364297838209993
121,0.9472972972972982,0.8201020672937446,0.8519025224738678,0.8482152055718203,0.7720372782758195,0.0540540540540561,0.1084992279770678,0.1077335293469473,0.1085931053216437,0.1089175870057968,0.0800211920788848,0.106377106877774,0.2110128548811629,0.0958877606646684,0.1256483187177216,1.98573249296956,1.236433701309239,2.9775685365661952,0.5564706548280242
122,0.947297297297298,0.820304939681525,0.8518789114559425,0.8495648639971956,0.7726966640257499,0.0540540540540561,0.1083726918057929,0.1076605075895047,0.1084623547463949,0.1088602961533855,0.0800388590113796,0.1063981830278971,0.2110128548811629,0.0957943454783353,0.1255087144155784,1.973032694476896,1.236433701309239,2.9775685365661952,0.5542678539804611
123,0.9467567567567572,0.8205850183729652,0.8505223220824344,0.8503110893676284,0.772608676793594,0.0540540540540561,0.1082543414114989,0.1081913853103554,0.1083397696931477,0.1088965805523273,0.0803914365532734,0.1064177063888056,0.2110128548811629,0.0956542174687961,0.125287810921285,1.970512241427103,1.236433701309239,2.9775685365661952,0.571136456274071
124,0.9483783783783792,0.8232713894738518,0.8510910075074216,0.852050996633605,0.7748987156135216,0.0540540540540561,0.1081437171700343,0.1080886754392994,0.1082249294126946,0.108871021985862,0.078631571420367,0.1064357914802263,0.2110128548811629,0.093667405797973,0.1226567519411308,1.9755300294869256,1.236433701309239,2.9775685365661952,0.5733069236835542
125,0.946486486486487,0.8208960841017284,0.8524473825751759,0.8513002313964863,0.774049468963997,0.0540540540540561,0.1086397520523941,0.1079922775815659,0.1081174233818848,0.1090324803928897,0.0792669655412738,0.1064525443592501,0.2110128548811629,0.0951506152413728,0.1247840398720749,1.9783164393169768,1.236433701309239,2.9775685365661952,0.5629208529380879
126,0.945675675675676,0.8205166938865903,0.8519333200229497,0.8492242574886657,0.7726686749503561,0.0540540540540561,0.108504557427006,0.1079018789850725,0.1080168526478992,0.1088569178834871,0.0790624336314919,0.1064680632480634,0.2110128548811629,0.0955255640819502,0.1252310273999066,1.978838135998362,1.236433701309239,2.9775685365661952,0.5613556044659951
127,0.9462162162162164,0.8211730627326382,0.8528981952505452,0.8500365738942435,0.7736988306319955,0.0540540540540561,0.1083779836726962,0.1078171728854764,0.1079228309162843,0.1088227178202794,0.0785232162072124,0.1064824391147734,0.2110128548811629,0.0951067333732278,0.1246379454310132,1.9665323151503844,1.236433701309239,2.9775685365661952,0.583004683645179
128,0.945945945945946,0.8209886563671717,0.8527458808933026,0.8491023956940379,0.7730588535613743,0.0540540540540561,0.1082595613145323,0.1077378597078927,0.1078349854026044,0.108704601084577,0.0790416515227905,0.1064957562108955,0.2110128548811629,0.095316806173308,0.1248815629755622,1.980058892605535,1.236433701309239,2.9775685365661952,0.5847798093265087
129,0.9443243243243242,0.822356344333898,0.8527388369948237,0.8499826510763414,0.7740101595655201,0.0540540540540561,0.1086628811698913,0.1076636480718289,0.1077529574687446,0.1088458683015181,0.0780773020644012,0.106508092568763,0.2110128548811629,0.0940822268107617,0.1233122150811563,1.9760269845526124,1.236433701309239,2.9775685365661952,0.5666864555121027
130,0.9435135135135136,0.8237263011366882,0.8542926538339459,0.8505353698062368,0.775599889474853,0.0540540540540561,0.1085268741291606,0.1075942556110585,0.1076764030653599,0.1088276836639161,0.0779108237224278,0.1065195204618903,0.2110128548811629,0.0931062776117984,0.1220102617987314,1.972746898619996,1.236433701309239,2.9775685365661952,0.5674101287298878
131,0.9427027027027026,0.8236115615778413,0.8525517796972254,0.8517696079092064,0.7753170972135779,0.0540540540540561,0.1083994378509156,0.1075294096218471,0.1076049930018582,0.1087287727885003,0.0790062009925727,0.106530106831079,0.2110128548811629,0.0932601995248553,0.1221887194967012,1.986663234433708,1.236433701309239,2.9775685365661952,0.5504293892339389
132,0.9424324324324324,0.8226928457356312,0.8520342198657208,0.8511101536111535,0.7744523773940755,0.0540540540540561,0.1088797674573671,0.1074688475540196,0.1075384130647389,0.1088530151058381,0.0791595482429673,0.1065399136788367,0.2110128548811629,0.093663959708572,0.1228672705356852,1.9815337514835247,1.236433701309239,2.9775685365661952,0.5554244328995
133,0.9418918918918924,0.822904306038369,0.8514393822667817,0.8521358403642106,0.7746533703757291,0.0540540540540561,0.1087293947054292,0.1074123173598841,0.1074763640042086,0.1087789377573353,0.0788933494038649,0.1065489984344901,0.2110128548811629,0.0936078526335681,0.1227309966089162,1.983412488548121,1.236433701309239,2.9775685365661952,0.5416932979135578
134,0.9421621621621624,0.82413837437363,0.8512631878913985,0.8514698818603387,0.7748635715187594,0.0540540540540561,0.108588445528637,0.1073595777161121,0.1074185614078207,0.1086738517376225,0.0783532295914486,0.1065574142921904,0.2110128548811629,0.0927565950021786,0.1215674028620514,1.9882136746469252,1.236433701309239,2.9775685365661952,0.5894929188134431
135,0.943783783783784,0.8222944720422535,0.8529307118270502,0.8525023064047194,0.7751061300817422,0.0540540540540561,0.1090561561034224,0.1073103981334119,0.1073647354785812,0.1088977447044584,0.0775709390057428,0.1065652105238376,0.2110128548811629,0.0938796688926278,0.1231774499060352,1.9875982669320345,1.236433701309239,2.9775685365661952,0.5720229160911781
136,0.944864864864865,0.8221484700890197,0.8525196786465981,0.8512491011790779,0.7742292192345498,0.0540540540540561,0.1088938567069606,0.1072645589682868,0.107314630733521,0.1087611583696927,0.0783921581731088,0.1065724327687966,0.2110128548811629,0.0940890484491853,0.1234046015574997,1.981446191959566,1.236433701309239,2.9775685365661952,0.570193136879028
137,0.9454054054054056,0.8230336636464283,0.8527758389091487,0.8499256621841866,0.7743949943643347,0.0540540540540561,0.1087417208123603,0.1072218513504245,0.1078677762629844,0.1087822795471805,0.0771099188900964,0.1065791233021447,0.2110128548811629,0.0934941887135451,0.1225954759473913,1.9945428911312888,1.236433701309239,2.9775685365661952,0.5819246914941181
138,0.9459459459459458,0.8227439065466042,0.8510094797200343,0.8502950254177793,0.7735899845077161,0.0540540540540561,0.1085992202324997,0.1071820770383749,0.1077856624556752,0.1086608274225307,0.0779192846412633,0.1065853212830453,0.2110128548811629,0.093807195600648,0.122956483337146,1.9879925655775093,1.236433701309239,2.9775685365661952,0.5476118253839029
139,0.9470270270270268,0.8238320390254175,0.8501037705438718,0.8506341116456685,0.7738905097358213,0.0540540540540561,0.108465840403622,0.1077448560903778,0.1077087584774904,0.1087086886964814,0.0777537149340221,0.1065910629847319,0.2110128548811629,0.0930651546570624,0.1219350407727711,1.9846727669932789,1.236433701309239,2.9775685365661952,0.571580575322568
140,0.949189189189189,0.8231477626850693,0.8493333315921574,0.8523264403738874,0.7740154228032036,0.0540540540540561,0.1089409064054554,0.1076716520151562,0.1076367821429178,0.1088893297321913,0.0777116388329349,0.1065963820074725,0.2110128548811629,0.0933196474749796,0.1223817841122029,1.985192366939919,1.236433701309239,2.9775685365661952,0.5456113267436655
141,0.948108108108108,0.8195489768322833,0.8506670073799922,0.8528496755061872,0.7731154293698056,0.0540540540540561,0.1093853818504407,0.1076030213375168,0.1075694606859801,0.1090924064604708,0.0790518146680489,0.106601309475778,0.2110128548811629,0.0957943416718978,0.1257583322424961,1.9825609709695144,1.236433701309239,2.9775685365661952,0.5121568716859415
142,0.9478378378378376,0.820871840391991,0.8510674016869092,0.8524123028643302,0.7735435170184181,0.0540540540540561,0.1092011182021249,0.1075387259946501,0.1081063852539157,0.1091888768209306,0.0786109427995319,0.1066058742210264,0.2110128548811629,0.0949031857842966,0.1245276005069464,1.9842124652867144,1.236433701309239,2.9775685365661952,0.5151755459222018
143,0.9486486486486484,0.8225587936454634,0.8489470256408468,0.8521679785525663,0.7734032923179583,0.0540540540540561,0.1090283468724636,0.1080784017581939,0.1080088483655632,0.1091588985875026,0.0786436333215348,0.1066101029505883,0.2110128548811629,0.0937306072508753,0.1229270329183048,1.9925190331374825,1.236433701309239,2.9775685365661952,0.5083869898535961
144,0.948108108108108,0.8220814958903854,0.850124772650077,0.8506761516351853,0.7730665011654437,0.0540540540540561,0.1088664765242552,0.1079833422071907,0.1084826636909759,0.1091741658309333,0.0781666036486413,0.106614020404453,0.2110128548811629,0.0942042044450804,0.1234852658474866,1.9841123379836392,1.236433701309239,2.9775685365661952,0.5206041644357484
145,0.9478378378378376,0.8227110937645955,0.8506126290208755,0.8506692673269545,0.7735434188643392,0.0540540540540561,0.1087149302656636,0.1078941189155476,0.1083607351696599,0.1090813918546436,0.0776941988771965,0.1066176495002834,0.2110128548811629,0.0938041651835974,0.1229314411025727,1.98486441422331,1.236433701309239,2.9775685365661952,0.5699854241849153
146,0.9489189189189188,0.8235501673463272,0.8497742507272217,0.8508263005046882,0.7736456505349927,0.0540540540540561,0.1085731474988511,0.1078104431178294,0.1082462510613669,0.1089544011901409,0.0772275617883309,0.1066210114677588,0.2110128548811629,0.093234346538259,0.1221632589042474,1.9873125550863897,1.236433701309239,2.9775685365661952,0.5621147235608552
147,0.9508108108108104,0.8225700833117711,0.8491053403062222,0.8499931901797474,0.7725082008832156,0.0540540540540561,0.1084405854166924,0.1083319426169044,0.10813884927176,0.1089719170393506,0.0773788443004348,0.1066241259729971,0.2110128548811629,0.0940618279147593,0.1232096239798828,1.9813229829588703,1.236433701309239,2.9775685365661952,0.5485992680059211
148,0.9508108108108104,0.8237890376916003,0.8499523095222336,0.8496100329818834,0.7733247392516637,0.0540540540540561,0.1083167201749452,0.1082197680412505,0.1080381735729865,0.108878993431881,0.0768677732557329,0.106627011233791,0.2110128548811629,0.093198291151653,0.1220526022209268,1.9682991811661583,1.236433701309239,2.9775685365661952,0.541914597465042
149,0.9499999999999998,0.8237064609448612,0.8496336448426277,0.8503290567704453,0.7734583504965855,0.0540540540540561,0.1082010477686543,0.1081144859366077,0.1079438751647302,0.1087933601105529,0.0771161374328257,0.1066296841263441,0.2110128548811629,0.093330127283565,0.1221930151708118,1.9656739526861584,1.236433701309239,2.9775685365661952,0.5368903004979432
150,0.9497297297297296,0.8233953326255685,0.8492764795952488,0.8520783124778287,0.7738683569436517,0.0540540540540561,0.1080930846420804,0.1080157556522041,0.1078556139911436,0.1087480451458521,0.0765048232102327,0.1066321602841249,0.2110128548811629,0.0936282461031571,0.1225581250533909,1.9767366677872016,1.236433701309239,2.9775685365661952,0.5268355967108986
151,0.9494594594594594,0.8218829563734069,0.8495498984387188,0.8529967866178904,0.7736056943861594,0.0540540540540561,0.1079923680612544,0.107923242782761,0.1077730598277726,0.10869404915619,0.0764416806424086,0.1066344541894332,0.2110128548811629,0.0948364013335323,0.1241208595959661,1.9856712025663377,1.236433701309239,2.9775685365661952,0.5050039905559742
152,0.9500000000000002,0.8210014525233637,0.8507310813221507,0.853304322857337,0.7737768500027723,0.0540540540540561,0.1078984562774855,0.1078366205504892,0.1076958931547053,0.1086571928010208,0.076206975268396,0.1066365792582109,0.2110128548811629,0.0955632024011946,0.1250493193378936,1.981050435018199,1.236433701309239,2.9775685365661952,0.5082140742426355
153,0.9497297297297298,0.8221839632435288,0.8508247857665787,0.8536140861827373,0.7745378123788466,0.0540540540540561,0.1078109285089488,0.1077555709583728,0.1076238058335442,0.1085933728687579,0.0759447860267904,0.1066385479185959,0.2110128548811629,0.0947056939369463,0.1239105725019965,1.9900750998161143,1.236433701309239,2.9775685365661952,0.520039770540131
154,0.9513513513513512,0.822162190660639,0.8513045049801024,0.8533736523660064,0.7747368306473378,0.0540540540540561,0.1077293847659307,0.1082795129536817,0.1075565016064989,0.1086701243567165,0.076082038715708,0.1066403716836881,0.2110128548811629,0.0947717339020228,0.1239731169563953,1.970067642308656,1.236433701309239,2.9775685365661952,0.5067541573065721
155,0.951891891891892,0.821881566725827,0.8515524952616628,0.8538895601596305,0.7748925251705094,0.0540540540540561,0.1076534455435569,0.1081699571156491,0.1074936964360531,0.108615824387587,0.0755122689547887,0.1066420612189471,0.2110128548811629,0.0950274546148952,0.1242917105023944,1.971951436744531,1.236433701309239,2.9775685365661952,0.5244137810771242
156,0.952972972972973,0.8214515035534546,0.8504326908218054,0.8529490030626691,0.7739102450771767,0.0540540540540561,0.1075827514039248,0.1080672539287371,0.1079947106974915,0.108616072312316,0.0752548612036522,0.1066436264046235,0.2110128548811629,0.0953916188827007,0.1247571207445824,1.9704717206325568,1.236433701309239,2.9775685365661952,0.5256213691848504
157,0.9532432432432434,0.8206631410306136,0.8497300120846422,0.8527045073417979,0.7729867060704464,0.0540540540540561,0.1079920673496675,0.1079710482208708,0.1079042934987505,0.1086743420475134,0.0753808214828435,0.106645076393587,0.2110128548811629,0.0957805611710064,0.1253408252945524,1.9825302886771492,1.236433701309239,2.9775685365661952,0.5418025604820538
158,0.9527027027027029,0.8198587318881576,0.8505708483298582,0.8524047413073054,0.7728506698266513,0.0540540540540561,0.1079010646853005,0.1078809938531814,0.1084195392817686,0.1087567530082468,0.0768327857815766,0.1066464196648956,0.2110128548811629,0.0964373424368181,0.1261907357691925,1.9867749941740027,1.236433701309239,2.9775685365661952,0.5856011021053158
159,0.9524324324324328,0.8208786826321607,0.8477043673000132,0.8512231176172586,0.7720656942472469,0.0540540540540561,0.1078158909391218,0.10896456079644,0.1089014165063845,0.1089697617108293,0.0771383184649672,0.1066476640734125,0.2110128548811629,0.0956971224671774,0.1252133718982779,1.979683704582709,1.236433701309239,2.9775685365661952,0.5660410239104149
160,0.9548648648648648,0.8207161050477987,0.8461581495526673,0.8499565027150596,0.7709164446509117,0.0540540540540561,0.1077362230376432,0.1094106393949149,0.1087518201966433,0.108916750242909,0.0782933587528616,0.1066488168957721,0.2110128548811629,0.0958681253832001,0.1254157834333799,1.9819916416838053,1.236433701309239,2.9775685365661952,0.5264659321829673
161,0.9554054054054056,0.8214402948464019,0.8461678941532988,0.8493204022352419,0.7708977398410911,0.0540540540540561,0.1076617497315016,0.1092273279289525,0.1086113039007396,0.1087920963268089,0.0782147386172361,0.1066498848729557,0.2110128548811629,0.0953586150125121,0.1247288302878472,1.979206890958565,1.236433701309239,2.9775685365661952,0.5056113347647436
162,0.955675675675676,0.8209320436383787,0.8454404515675111,0.8503413514395562,0.7707353390280042,0.0540540540540561,0.1075921718999837,0.1090550961889052,0.1084794334849642,0.1087086592939869,0.0785131773599913,0.1066508742497332,0.2110128548811629,0.0957855517081751,0.1252718704116297,1.989830976938176,1.236433701309239,2.9775685365661952,0.473810266658452
163,0.9572972972972976,0.8213138387177291,0.8454796897365607,0.8506306925708406,0.7710301443587517,0.0540540540540561,0.1075272027489038,0.1088934215691554,0.1083557806366122,0.1086265252335923,0.0783894380041413,0.1066517908111969,0.2110128548811629,0.0955337632498384,0.124922559907819,1.9749391035290944,1.236433701309239,2.9775685365661952,0.4616325218669533
164,0.957837837837838,0.8223451188715623,0.8449249135224014,0.8520524061467725,0.7719791617142217,0.0540540540540561,0.1074665679099898,0.1087417871956972,0.1088399249547575,0.1086995863458592,0.0787978417964823,0.1066526399166055,0.2110128548811629,0.0947800576731976,0.123921597173443,1.9721608477662784,1.236433701309239,2.9775685365661952,0.4609471114856904
165,0.9583783783783782,0.8228764213006243,0.8456719600577146,0.8520002843870574,0.7725304704656843,0.0540540540540561,0.1074100054506054,0.1085996846393718,0.1086926983764391,0.1086303983207779,0.0779472093666202,0.1066534265307373,0.2110128548811629,0.0944013645769344,0.123418575974073,1.964522360166952,1.236433701309239,2.9775685365661952,0.466732342733862
166,0.9578378378378376,0.8219702549261839,0.845513152682624,0.8507342391863181,0.7713825636057011,0.0540540540540561,0.1073572658030092,0.108466616226464,0.1085546328466098,0.1085002518885271,0.0798990434130761,0.1066541552529281,0.2110128548811629,0.0951239438825737,0.1243511121723112,1.952141500456091,1.236433701309239,2.9775685365661952,0.5195126908289501
167,0.9564864864864862,0.8223985084020291,0.8442406741094426,0.8510428188437733,0.7710893627186917,0.0540540540540561,0.107308111622468,0.1083420969702298,0.108425261054457,0.1083955381449434,0.0807085176256556,0.1066548303439791,0.2110128548811629,0.0948217657237236,0.1239474357867368,1.959629505082559,1.236433701309239,2.9775685365661952,0.5426698076727777
168,0.9567567567567568,0.8220138781420165,0.8448805271411569,0.8501905042963971,0.7707688600763796,0.0540540540540561,0.1072623175834276,0.1082256561501297,0.1083041262679597,0.1083143141971594,0.0816214180266513,0.1066554557510754,0.2110128548811629,0.0951399328857624,0.1243549630662696,1.949271186301453,1.236433701309239,2.9775685365661952,0.5470290515547215
169,0.9572972972972972,0.8229220123381527,0.8456296112319762,0.8502493058229312,0.7715396180051758,0.0540540540540561,0.1072196701226728,0.1081168385675904,0.1081907839693382,0.108264373660087,0.0816085650879412,0.1066560351308751,0.2110128548811629,0.0944711145043531,0.1234681526005105,1.9475672102728887,1.236433701309239,2.9775685365661952,0.5673897741515489
170,0.9567567567567568,0.8233447532509818,0.8464651446268422,0.8506587134441439,0.772245094004386,0.0540540540540561,0.1071799671379749,0.1080152055081144,0.1080848031862806,0.1082358585997752,0.0824248258565469,0.1066565718708945,0.2110128548811629,0.0941655782905638,0.1230652631800307,1.9357021910465344,1.236433701309239,2.9775685365661952,0.5800501850558701
171,0.9556756756756756,0.8241707730746467,0.8456451045364307,0.8504678630719014,0.7723213086718811,0.0540540540540561,0.1071430176502099,0.1085203492869131,0.1079857675435476,0.1082803526758983,0.0820358846425626,0.106657069109321,0.2110128548811629,0.0935502078090746,0.1222577181002486,1.948220035953124,1.236433701309239,2.9775685365661952,0.5555475095681216
172,0.9548648648648648,0.8216497560516604,0.8452618342400804,0.8500041498823353,0.7706603454014366,0.0540540540540561,0.1077086567212247,0.1083930800722506,0.1078932760604984,0.1084143656904634,0.0826414053993424,0.1066575297533662,0.2110128548811629,0.0951531188298952,0.1244959155877274,1.9415801006692823,1.236433701309239,2.9775685365661952,0.5643423076500178
173,0.9545945945945944,0.8234625640432026,0.8434526760239182,0.8482632153086239,0.7702883388335668,0.0540540540540561,0.1076379255668292,0.1088739750394985,0.1084069603370991,0.1085088188658324,0.0822120585100569,0.1066579564962679,0.2110128548811629,0.093813687966703,0.1227184731733826,1.94483034992895,1.236433701309239,2.9775685365661952,0.5819951823743763
174,0.9548648648648648,0.8228684904998649,0.8458394071972465,0.8441958274496466,0.769318283864829,0.0540540540540561,0.1081716302319461,0.1087237945755192,0.1094876956983339,0.1089468698258594,0.0820083258023133,0.1066583518330405,0.2110128548811629,0.0939239697122172,0.1230456943841618,1.9534582090348465,1.236433701309239,2.9775685365661952,0.5670127253975076
175,0.9540540540540542,0.8222161813771887,0.8461187049322243,0.8444309231143667,0.7691270682589085,0.0540540540540561,0.1080707461878292,0.1085830555496369,0.109298491005804,0.1088467662634389,0.0828790734392036,0.1066587180750655,0.2110128548811629,0.0944745755685285,0.1237484455288966,1.9449037345016396,1.236433701309239,2.9775685365661952,0.5681280343921293
176,0.9548648648648644,0.8226787956492895,0.8466139956458882,0.8437004488331682,0.7691861368065459,0.0540540540540561,0.1079760004883598,0.1084512613660682,0.1091208324279895,0.1087260615259317,0.0822924565157167,0.106659057363607,0.2110128548811629,0.0941898893469206,0.1233332041065303,1.9428824720997195,1.236433701309239,2.9775685365661952,0.5724885733155474
177,0.9548648648648644,0.822553998591288,0.8467767930420077,0.8445178213569432,0.76947179241989,0.0540540540540561,0.107887096379788,0.10832792929334,0.1089541583611977,0.1086511008888207,0.0828453830513885,0.1066593716823352,0.2110128548811629,0.0943313874074883,0.1235024532188176,1.9547250380594616,1.236433701309239,2.9775685365661952,0.5435083655341102
178,0.954324324324324,0.8230294681565593,0.8472752398932824,0.8458070826491145,0.7704522920547557,0.0540540540540561,0.1078037418515523,0.1082125917251209,0.1087979164323689,0.1086085344005818,0.0824147806796545,0.1066596628689247,0.2110128548811629,0.0940166230340343,0.1230686609176644,1.9542095436157427,1.236433701309239,2.9775685365661952,0.5769897745944438
179,0.9543243243243242,0.8238129508001789,0.8483294836215173,0.846758716902483,0.7716600041365309,0.0540540540540561,0.1077256508806434,0.1081047971762043,0.1086515658810162,0.1085728824251777,0.0810546187947391,0.1066599326258009,0.2110128548811629,0.0934624388207918,0.1223242237594991,1.9626379887927008,1.236433701309239,2.9775685365661952,0.5761452163808651
180,0.9535135135135134,0.8250084423936457,0.8492128104176052,0.8458447540630218,0.772279146457892,0.0540540540540561,0.1076525444903273,0.1080041110353149,0.1091146031332165,0.10863471849546,0.0801778669983246,0.1066601825300934,0.2110128548811629,0.0925945326858972,0.1211652853611906,1.962177957609416,1.236433701309239,2.9775685365661952,0.5859655840373894
181,0.9535135135135137,0.8257314803728836,0.8477517356176939,0.8475057630484184,0.7728886951592813,0.0540540540540561,0.1075841516315549,0.1085101403843342,0.1089477102348698,0.108696717739697,0.0796033435706041,0.10666041404286,0.2110128548811629,0.0920754555574793,0.1204764438113393,1.966015695324,1.236433701309239,2.9775685365661952,0.5478692315533623
182,0.9529729729729732,0.8248821975038818,0.8488398667052282,0.8466968125165453,0.7725911654086224,0.0540540540540561,0.1081202348541506,0.1083836781634711,0.1087913489651672,0.1088444067885236,0.0788720496681406,0.1066606285176281,0.2110128548811629,0.0924129927124219,0.1210576850690424,1.9590223897023489,1.236433701309239,2.9775685365661952,0.5539079672332152
183,0.9532432432432434,0.8240669126161803,0.8488222763161147,0.8463581741698971,0.7720684953939945,0.0540540540540561,0.1080217319710441,0.1082653006095377,0.1091590066931369,0.1088566111418349,0.0795933146919066,0.1066608272083098,0.2110128548811629,0.0930968006470398,0.1219222213982973,1.9618331099206008,1.236433701309239,2.9775685365661952,0.5439722550883996
184,0.9545945945945946,0.8209660904233993,0.8488954885370713,0.84655462317143,0.7706255286129484,0.0540540540540561,0.1085293840756565,0.1081545641265431,0.1089895103830056,0.108993346225028,0.0810942340125654,0.106661011276534,0.2110128548811629,0.0951776231722396,0.1247692175387723,1.9582543999686488,1.236433701309239,2.9775685365661952,0.5483617715936443
185,0.9562162162162164,0.8198447773424529,0.8483887737524483,0.8450577665786176,0.7692221243201958,0.0540540540540561,0.1084040661033186,0.1080510402481303,0.1094306807949211,0.1089684772333813,0.0812143477579812,0.1066611817984367,0.2110128548811629,0.0961177317209358,0.1259531896058881,1.9452040252211475,1.236433701309239,2.9775685365661952,0.5425604707930707
186,0.9567567567567568,0.818361582399913,0.848035098049138,0.8452563635151751,0.7683080648715841,0.0540540540540561,0.1082864317071889,0.1079543163247022,0.1092431496415498,0.1088513174431654,0.0814221283655662,0.1066613397709564,0.2110128548811629,0.0973193642217217,0.1274952017464926,1.940263157585636,1.236433701309239,2.9775685365661952,0.5590664197891496
187,0.9570270270270276,0.815558452076388,0.8470179649990892,0.8450419040902426,0.7664143218823503,0.0540540540540561,0.1093761414941046,0.1078639960159939,0.1090673361842004,0.1091751956176266,0.0815993021671877,0.1066614861176585,0.2110128548811629,0.0988010645587265,0.1297534771765597,1.937543149596474,1.236433701309239,2.9775685365661952,0.577633109022571
188,0.9578378378378382,0.8162649930413868,0.8471041373481814,0.8451941502258998,0.7667553332578315,0.0540540540540561,0.1091952306518,0.1077796996072922,0.1089026355789197,0.1090567657163461,0.0816608310859129,0.1066616216941395,0.2110128548811629,0.0983953095336358,0.1291373916327133,1.927577865207036,1.236433701309239,2.9775685365661952,0.581495775718131
189,0.9572972972972976,0.8166980307224188,0.8464162766324059,0.8449154169502546,0.7664573492869462,0.0540540540540561,0.1090252408235256,0.1077010641676987,0.1087484578441711,0.1089106224092389,0.0808664549737328,0.1066617472930277,0.2110128548811629,0.0981674785908056,0.1287893488658182,1.92523574973055,1.236433701309239,2.9775685365661952,0.5632393552712136
190,0.9567567567567568,0.8152701590504379,0.8466940698453422,0.8458257539315612,0.7662609995707591,0.0540540540540561,0.1088656588366955,0.1076277435686059,0.1086042297777961,0.1088379780032231,0.0815646812925652,0.106661863648617,0.2110128548811629,0.0993418267924349,0.1302970115312142,1.9122028291397255,1.236433701309239,2.9775685365661952,0.5615103926397343
191,0.9559459459459464,0.8153894740235283,0.8458608310199778,0.8456360984004658,0.7659808297286018,0.0540540540540561,0.108715976822376,0.1081419099996109,0.1084693965018783,0.1088397670719722,0.0815344836975991,0.1066619714411611,0.2110128548811629,0.0993422798922812,0.1302525375652833,1.9143982191466844,1.236433701309239,2.9775685365661952,0.5349248390379548
192,0.9559459459459464,0.8156912883215004,0.8473090432782964,0.845066333058568,0.7664563046544564,0.0540540540540561,0.1085756949308323,0.108040773245914,0.1087754796543648,0.1088732057233868,0.0811150674294746,0.1066620713008502,0.2110128548811629,0.0992015728109535,0.1300208642130834,1.9088491206337292,1.236433701309239,2.9775685365661952,0.5294759985547874
193,0.9554054054054056,0.8160931848703182,0.8464269064928505,0.8455995086298222,0.7665802325434109,0.0540540540540561,0.1090007335238476,0.1079460927876275,0.108631032421395,0.1089684471562641,0.0817520606140446,0.1066621638114959,0.2110128548811629,0.098636720555169,0.1294064483677581,1.9100359891518053,1.236433701309239,2.9775685365661952,0.507151223249799
194,0.9559459459459464,0.8169609208456123,0.8460176967151135,0.8472503236799865,0.7674536585498081,0.0540540540540561,0.1088422180342598,0.1078575145815723,0.1084957892055544,0.1088971625374703,0.0814532265687809,0.1066622495139438,0.2110128548811629,0.0980807270301291,0.128617970137258,1.911663852019105,1.236433701309239,2.9775685365661952,0.5459111652986217
195,0.9554054054054056,0.8171607055719761,0.8451168753479531,0.8472860058209293,0.7672711242793072,0.0540540540540561,0.108693616870887,0.1083747270976352,0.1083692502150703,0.1089018861448085,0.0825749570183544,0.106662328909237,0.2110128548811629,0.098012188358723,0.1284924859925806,1.9125391673165943,1.236433701309239,2.9775685365661952,0.5409475066836034
196,0.9551351351351356,0.816358123243095,0.8453801673861395,0.8482107658444278,0.767314026845483,0.0540540540540561,0.1085544182307454,0.1082585812838866,0.1082509317351015,0.1088251726951909,0.0824192053029628,0.1066624024615432,0.2110128548811629,0.0987122115350474,0.1293646676415322,1.9032142331443225,1.236433701309239,2.9775685365661952,0.5364245423470756
197,0.9543243243243248,0.8172295202524994,0.845444831583641,0.8483997798511588,0.7677530171671881,0.0540540540540561,0.1084241226401024,0.1081497253992338,0.1081403671008802,0.1087293408962571,0.0828598407701108,0.1066624706008708,0.2110128548811629,0.0981337979591073,0.1285584184274495,1.909373540196689,1.236433701309239,2.9775685365661952,0.5264302728359833
198,0.953513513513514,0.8160999097151606,0.8467226114506053,0.8475414175085606,0.76734456146942,0.0540540540540561,0.1089022755703158,0.1080477768002415,0.1080371074219077,0.1088698846874434,0.0846689849536775,0.1066625337255823,0.2110128548811629,0.0987271406878659,0.1294489524996817,1.9060061786994813,1.236433701309239,2.9775685365661952,0.5401472090818467
199,0.9540540540540544,0.8148866353575354,0.8473366321780272,0.848609616086137,0.7674132135745697,0.0540540540540561,0.1093414395238067,0.1079523635821566,0.1079407220812592,0.1090400108181558,0.0856662545500663,0.1066625922047219,0.2110128548811629,0.0994134671292127,0.1304426448805609,1.920246530861197,1.236433701309239,2.9775685365661952,0.5455974218577705
200,0.9543243243243248,0.8153651593034076,0.8497045534753542,0.8488623428080864,0.768728488252624,0.0540540540540561,0.1091602595376684,0.1078631255039883,0.1078507990339938,0.1090037161594116,0.0849294133643003,0.1066626463801748,0.2110128548811629,0.0991451777785982,0.1300547109277581,1.932505916957377,1.236433701309239,2.9775685365661952,0.4980014324375729
201,0.9540540540540546,0.8165850541398969,0.8489592573807685,0.8480744241036849,0.7686301992667915,0.0540540540540561,0.1089903624456291,0.1077797147239335,0.1077669449281356,0.1088558313971329,0.0846628033786824,0.1066626965686658,0.2110128548811629,0.0983310368490068,0.1289197646372881,1.9389292416920123,1.236433701309239,2.9775685365661952,0.505588623695988
202,0.9551351351351356,0.8179663646181996,0.8494198110723431,0.848736043739121,0.7698159293427365,0.0540540540540561,0.108831170545136,0.107701796358649,0.1076887850707957,0.108793326594822,0.0847158243348714,0.1066627430636096,0.2110128548811629,0.0973596541887346,0.1276180501092324,1.9344968862321088,1.236433701309239,2.9775685365661952,0.5227978062673977
203,0.9548648648648654,0.8195433681416397,0.8491738789322837,0.84777217308976,0.7700365851304949,0.0540540540540561,0.1086821197002282,0.1076290488810587,0.1076159632608154,0.1086612971903242,0.084528716923153,0.1066627861368286,0.2110128548811629,0.0962477990066753,0.1261155720082455,1.9389231297674463,1.236433701309239,2.9775685365661952,0.5473030744750218
204,0.9548648648648652,0.8196867863180208,0.8508213370135245,0.846294679109807,0.7702404716061878,0.0540540540540561,0.1085426612591326,0.1075611643720428,0.1081481733233022,0.1087314044328867,0.0841073688435975,0.1066628260401396,0.2110128548811629,0.0962115330958107,0.1260418830524124,1.949519799928394,1.236433701309239,2.9775685365661952,0.5536031955449496
205,0.955675675675676,0.8203452357723059,0.851458128962173,0.8459011934210574,0.7705933164346864,0.0540540540540561,0.1084122636107322,0.1074978486415434,0.1080462718978525,0.1086431606163193,0.0839442297302967,0.1066628630068281,0.2110128548811629,0.0957829819253225,0.1254486324223284,1.951509898985268,1.236433701309239,2.9775685365661952,0.5554836154159078
206,0.9559459459459464,0.8216215324871905,0.8538267101311002,0.8467115588942989,0.7726368463696122,0.0540540540540561,0.1082904134090495,0.1074388212344359,0.1079509221367785,0.1086539447743608,0.0846125491527954,0.1066628972530102,0.2110128548811629,0.0948786594326135,0.1242332608082852,1.949428790079064,1.236433701309239,2.9775685365661952,0.5561561161955272
207,0.9554054054054056,0.8214585150755594,0.8541921611975465,0.8456628717319487,0.7722628903697251,0.0540540540540561,0.1081766164959424,0.1073838153360477,0.1078617581947999,0.1085486437890091,0.0847702119331246,0.106662928978898,0.2110128548811629,0.095061677993122,0.1244531766764689,1.9555559598346988,1.236433701309239,2.9775685365661952,0.5431014223810691
208,0.9551351351351356,0.821494404716838,0.856101424849289,0.8462732484379013,0.7733339544202877,0.0540540540540561,0.1080703985524476,0.1073325775914851,0.1077784278806102,0.1085504848143999,0.0845902725367029,0.1066629583699689,0.2110128548811629,0.0950909416865912,0.124470396006938,1.9475760392116488,1.236433701309239,2.9775685365661952,0.5657406256767729
209,0.9554054054054056,0.8223122931519091,0.855795639529382,0.8475947196462953,0.7742080133808988,0.0540540540540561,0.1079713055087811,0.1072848678520714,0.1077005929836911,0.1085091865852528,0.0833315970247037,0.1066629855980505,0.2110128548811629,0.0945202340661888,0.1237020540937002,1.9373759698346984,1.236433701309239,2.9775685365661952,0.5701579281030029
210,0.9562162162162164,0.8219240351384155,0.8548099333984054,0.847600017805313,0.7735502528629661,0.0540540540540561,0.1078789037420492,0.1072404588612083,0.1076279294760457,0.1084093262166779,0.0830593820958668,0.1066630108223243,0.2110128548811629,0.0948671431767472,0.1241365129905599,1.942341150947641,1.236433701309239,2.9775685365661952,0.5421784189812445
211,0.9562162162162164,0.8233761221522999,0.8535769688190661,0.847620556545973,0.7738792052439035,0.0540540540540561,0.1077927800893499,0.1071991358909404,0.1081601040179393,0.1084476722048526,0.082972826030911,0.1066630341902583,0.2110128548811629,0.0938061107859041,0.1227274878030248,1.935799988740356,1.236433701309239,2.9775685365661952,0.573138499892653
212,0.9562162162162166,0.8241295816438172,0.8541972533517724,0.8493822798480946,0.7752284923479074,0.0540540540540561,0.107712541702294,0.1071606963394255,0.1080581127723632,0.1084563895863362,0.0820629585317444,0.1066630558384664,0.2110128548811629,0.093276710294192,0.1220141475050359,1.9308072159743468,1.236433701309239,2.9775685365661952,0.5810435791132069
213,0.9562162162162166,0.8247974999783594,0.8539943107790359,0.848254838971087,0.774937930142324,0.0540540540540561,0.1076378157670948,0.107124949298448,0.1079625805369272,0.1083502755464711,0.0817078198315756,0.1066630758935094,0.2110128548811629,0.0928013603262769,0.1213835921380933,1.9329376232155115,1.236433701309239,2.9775685365661952,0.5738154626256319
214,0.956486486486487,0.8221756920539786,0.8550290085302836,0.8480623521370438,0.7740443258982858,0.0540540540540561,0.1081682817656122,0.1070917150990866,0.1078731600051173,0.1085558429725183,0.08143067129094,0.106663094472634,0.2110128548811629,0.0945009245304624,0.1237401670632154,1.9348398839400969,1.236433701309239,2.9775685365661952,0.565129022104659
215,0.9567567567567576,0.8210349903452813,0.8542299964931277,0.8481306159779208,0.7732687059112198,0.0540540540540561,0.1080647807421644,0.1076608575495482,0.1077895149304095,0.1086076458416489,0.081952934238672,0.1066631116844582,0.2110128548811629,0.0954292071905515,0.1249326192836365,1.9369540177651,1.236433701309239,2.9775685365661952,0.5762049357317536
216,0.9559459459459464,0.8217485769540146,0.8546085065516416,0.8490166017493198,0.7740998053348811,0.0540540540540561,0.1079679641139345,0.1075933929897413,0.1077113207419497,0.1085749886800021,0.0813394912536577,0.1066631276296058,0.2110128548811629,0.0949348776902249,0.1242674409890178,1.928582117499858,1.236433701309239,2.9775685365661952,0.556705579041138
217,0.9556756756756762,0.8215839301335646,0.8542711163884518,0.8491301959455424,0.7738418574621516,0.0540540540540561,0.1078774545156276,0.1075301395134519,0.1076382650127748,0.1084964922187853,0.0823656187896593,0.1066631424012969,0.2110128548811629,0.0951124010690978,0.1244773426086214,1.933791703946768,1.236433701309239,2.9775685365661952,0.5688418040953054
218,0.9551351351351356,0.820874370809419,0.8555009968075009,0.848443400574056,0.7738233291757101,0.0540540540540561,0.1077928892616415,0.1074708777219796,0.1081480522506312,0.1085867130375874,0.0834446393254892,0.106663156085889,0.2110128548811629,0.0957023911122903,0.1252291845597598,1.9407640656621508,1.236433701309239,2.9775685365661952,0.571906174728837
219,0.9543243243243248,0.8231780659748162,0.8561851581581815,0.8477153988863837,0.774931364622676,0.0540540540540561,0.1077139205849677,0.1074153944291567,0.1080472405498088,0.1085128895146612,0.0824259085330005,0.1066631687633863,0.2110128548811629,0.0939910975871435,0.1229649737326998,1.9404381564495512,1.236433701309239,2.9775685365661952,0.5740173804636907
220,0.953783783783784,0.8227911044735847,0.857015668083449,0.8483505812857794,0.7753544731190309,0.0540540540540561,0.10764021575702,0.1073634831242831,0.1079527623789068,0.1084922353063565,0.0823356283210906,0.1066631805079036,0.2110128548811629,0.0943319159454192,0.1233887876479051,1.939265398559431,1.236433701309239,2.9775685365661952,0.5726990147289048
221,0.9543243243243248,0.8231194998367134,0.8551419532075903,0.8491653196536508,0.7749919115852267,0.0540540540540561,0.1081714900549878,0.1073149443468539,0.1078642846002917,0.1086198518199048,0.0815471602140552,0.1066631913881028,0.2110128548811629,0.0937858935307766,0.1227947551357929,1.9463681683078675,1.236433701309239,2.9775685365661952,0.5705217401579081
222,0.9543243243243248,0.8234553136368697,0.8529326361147527,0.8497085908509567,0.7745617051475969,0.0540540540540561,0.1080686151954056,0.1078696189638677,0.1077814834994513,0.108640049081784,0.0814421886463287,0.106663201467592,0.2110128548811629,0.0935766732984722,0.1225103787654273,1.944375697598797,1.236433701309239,2.9775685365661952,0.5740137214918849
223,0.953513513513514,0.8234743045243814,0.8534467661966726,0.8490166691763144,0.7746492153620338,0.0540540540540561,0.1079722704152183,0.1077884967709838,0.1083040786017945,0.1087038656856293,0.0813310859003042,0.1066632108052976,0.2110128548811629,0.0936188187048149,0.1225395602680094,1.943347508238024,1.236433701309239,2.9775685365661952,0.5554580785143621
224,0.9540540540540544,0.8202377397606391,0.8540666899423672,0.8484795270479336,0.7730364451857793,0.0540540540540561,0.1084821354500819,0.1077123680769857,0.1081929415785563,0.1088694330122805,0.0810485178675467,0.1066632194558099,0.2110128548811629,0.0958099228318697,0.1255211925143198,1.954239647897427,1.236433701309239,2.9775685365661952,0.5675091591699638
225,0.953783783783784,0.8212543674034443,0.8537958334379593,0.8480429826589971,0.7731981662224652,0.0540540540540561,0.1083590428351662,0.1076409838202755,0.108088748355842,0.108757315344654,0.0795699642266487,0.1066632274697026,0.2110128548811629,0.0950895503414694,0.1245661111789723,1.9614496478672117,1.236433701309239,2.9775685365661952,0.5432488247692225
226,0.953783783783784,0.8224433942020718,0.8540595805962664,0.8488674981401719,0.7742302623510875,0.0540540540540561,0.1082436302689661,0.1075741000594267,0.1079911393773825,0.1087092172128953,0.0796225482533308,0.1066632348938258,0.2110128548811629,0.0942521390734664,0.1234347906634445,1.96518396667253,1.236433701309239,2.9775685365661952,0.5350092808447134
227,0.9535135135135137,0.8228617541033162,0.8542692224330994,0.848658578345207,0.7744217227806177,0.0540540540540561,0.1086847842305086,0.1075114788571277,0.1078997643295935,0.1088325948537223,0.0790146309380783,0.1066632417715833,0.2110128548811629,0.0936820548458561,0.1227958537814292,1.96898485351702,1.236433701309239,2.9775685365661952,0.5437660912716953
228,0.9545945945945948,0.8232462349171951,0.85410109802269,0.8488069501918344,0.7745260366582726,0.0540540540540561,0.1085484881669446,0.1074528890181399,0.1078142831689267,0.1087468979389921,0.0795977694774957,0.1066632481431835,0.2110128548811629,0.0934723686329583,0.1224795209993323,1.963304830418146,1.236433701309239,2.9775685365661952,0.5464680377632741
229,0.9537837837837836,0.8213783073150083,0.8548280108723613,0.8484206166753087,0.7735464517733018,0.0540540540540561,0.1090206542536168,0.1073981066894609,0.1077343669503466,0.1089370715601524,0.0805156118474832,0.1066632540458766,0.2110128548811629,0.0946234380901564,0.1241113655581831,1.962273389222072,1.236433701309239,2.9775685365661952,0.5480814305633945
230,0.9535135135135137,0.8211903941746838,0.8545631033952124,0.8491811960891567,0.7736073341560177,0.0540540540540561,0.10886203232556,0.1073469158322736,0.1076596984716153,0.1088654751527431,0.0795355847515754,0.1066632595141707,0.2110128548811629,0.0948747655135171,0.1243785896625363,1.9686236186725847,1.236433701309239,2.9775685365661952,0.5452724407452281
231,0.9532432432432432,0.8195812700973049,0.855152451822092,0.8493943811148122,0.7733125754004199,0.0540540540540561,0.1093132077315939,0.1072991085761702,0.1075899727490977,0.109055516074334,0.0789109628351734,0.1066632645800348,0.2110128548811629,0.0958265643933501,0.125762126036898,1.9836638987980169,1.236433701309239,2.9775685365661952,0.5071429461067396
232,0.9537837837837836,0.8155793204643972,0.8552505225856263,0.8498000332480483,0.7719053915118104,0.0540540540540561,0.1109174378191161,0.1072544854666338,0.1075248973413211,0.1096661534386801,0.0793671096276868,0.106663269273085,0.2110128548811629,0.0978748201363874,0.1289619606260444,1.974031719710848,1.236433701309239,2.9775685365661952,0.5106058781344909
233,0.9543243243243243,0.8161607739690104,0.8560711794822395,0.8490740566873575,0.7721090494181247,0.0540540540540561,0.1106350850718675,0.107212855616921,0.1074641925365821,0.109539758433607,0.0798634755315049,0.1066632736207585,0.2110128548811629,0.0976118847389839,0.1285216834950558,1.9867137308017448,1.236433701309239,2.9775685365661952,0.526305352030933
234,0.9543243243243248,0.8168904519306719,0.855401668637581,0.849179815246996,0.7723088418143604,0.0540540540540561,0.1103695961947953,0.1071740367753487,0.1079389945579738,0.1095342916858521,0.0802686328992195,0.106663277648472,0.2110128548811629,0.0971981212184481,0.1279247499719303,1.9814543895503929,1.236433701309239,2.9775685365661952,0.538818299358492
235,0.9543243243243248,0.8168242169695454,0.855732923091706,0.8492612483576929,0.7723576219460346,0.0540540540540561,0.1101202038828553,0.1071378553186638,0.1078524639886163,0.1094282924667211,0.0805216236109714,0.1066632813797726,0.2110128548811629,0.0974095497085467,0.128115681089027,1.976594916959045,1.236433701309239,2.9775685365661952,0.5618633721158854
236,0.9548648648648652,0.816490300722336,0.8558781062371031,0.8484027798272511,0.7718695939714513,0.0540540540540561,0.1098861446899239,0.1075696176905408,0.1077713592325049,0.1093929900024538,0.0813905093260703,0.1066632848364743,0.2110128548811629,0.0978112932406974,0.1285666269327017,1.980880090937856,1.236433701309239,2.9775685365661952,0.5454613257954383
237,0.9554054054054056,0.8163792288190809,0.8559828399107374,0.8502615015965848,0.7726307753171046,0.0540540540540561,0.1096666637131654,0.1075090979246078,0.1076953961541687,0.1093458137389253,0.081765570252143,0.1066632880387862,0.2110128548811629,0.0980270581233034,0.1287874393243362,1.988306829866976,1.236433701309239,2.9775685365661952,0.5364191930717163
238,0.9562162162162166,0.8183660257105955,0.8576720428699514,0.8499868981871014,0.7741806460736974,0.0540540540540561,0.1094610186267214,0.1074522483103761,0.1076242984933646,0.1092848648800528,0.080605498696546,0.1066632910054289,0.2110128548811629,0.0966464912862772,0.1269034649760436,1.9923391762427451,1.236433701309239,2.9775685365661952,0.5266651266357075
239,0.9564864864864868,0.81792297405029,0.8574701582720539,0.8496836829254191,0.7736799205507685,0.0540540540540561,0.109268483098794,0.1073988929459658,0.1075577985709402,0.1091645518599366,0.0803801406334508,0.106663293753747,0.2110128548811629,0.0970974420128834,0.127442784400313,1.9833660032538103,1.236433701309239,2.9775685365661952,0.5333970862007489
240,0.9543243243243248,0.8182629982090316,0.8557138002071494,0.8496595822791181,0.7730111154560775,0.0540540540540561,0.1090883496322745,0.107348858522184,0.1074956378504889,0.1090145944208448,0.0814413178290542,0.106663296299807,0.2110128548811629,0.0969515630164848,0.1271928269748309,1.9926840202710492,1.236433701309239,2.9775685365661952,0.4901015856946663
241,0.9543243243243248,0.8175623701503422,0.85535725568052,0.851094893761546,0.7731366876867135,0.0540540540540561,0.1089199318731301,0.1073019750916958,0.1074375673665546,0.1089583154641462,0.0814928929684488,0.106663298658494,0.2110128548811629,0.0975880260925042,0.1279776639130926,1.988805528761905,1.236433701309239,2.9775685365661952,0.5188826099730361
242,0.954594594594595,0.8177023131426117,0.8538802808754218,0.8488350531269186,0.7716896527652081,0.0540540540540561,0.1087625664330321,0.1072580767253633,0.1079833813281548,0.1089026467438139,0.0822062767356116,0.1066633008435975,0.2110128548811629,0.0975731859821218,0.1279164036408722,1.979310983077747,1.236433701309239,2.9775685365661952,0.5293446486255876
243,0.9548648648648652,0.8184279734891772,0.8534962509477773,0.8487766378832543,0.7719578282496735,0.0540540540540561,0.1086156142735226,0.1072170020608824,0.1084940577455833,0.1089368668554974,0.0815178317764795,0.1066633028678918,0.2110128548811629,0.0971020796359306,0.1272642193740615,1.9882723188447613,1.236433701309239,2.9775685365661952,0.5357017564514499
244,0.9540540540540546,0.8185103326037627,0.8507598965739142,0.849084224985432,0.7710975523338552,0.0540540540540561,0.1084784616986255,0.1077786280596172,0.1089715523180167,0.1090632387480307,0.0814856137462072,0.1066633047432114,0.2110128548811629,0.0971210218932822,0.1272504365469243,1.992659002828003,1.236433701309239,2.9775685365661952,0.5319870822813721
245,0.953513513513514,0.8193644784345494,0.8511593684919149,0.84758104039019,0.7711427940168925,0.0540540540540561,0.1083505210014927,0.1077039774375656,0.1094177497127363,0.1090635365035923,0.0807704591233024,0.1066633064805204,0.2110128548811629,0.0965409815176178,0.1264602610647039,1.997226515663148,1.236433701309239,2.9775685365661952,0.5095958578603189
246,0.9537837837837844,0.8203826383536977,0.8503663937952837,0.8485533926808831,0.7716637290224143,0.0540540540540561,0.1082312308086216,0.1076338723875144,0.1092344327388732,0.1089545872995655,0.0803201784218384,0.1066633080899752,0.2110128548811629,0.095838290065225,0.1255017462419911,2.010874789894085,1.236433701309239,2.9775685365661952,0.4845268399210408
247,0.9540540540540547,0.8206783599513225,0.850416364527752,0.8493310545854706,0.772187006404559,0.0540540540540561,0.1081200561626461,0.1081681267762738,0.109062132190306,0.109024001429722,0.0816885644619288,0.1072245834619188,0.2114157181119272,0.0956877558727481,0.1252616119673545,1.9991378418965688,1.236433701309239,2.9775685365661952,0.5003450579669833
248,0.9535135135135142,0.8209190846963798,0.8507758147130593,0.8492948949632648,0.7723888052645225,0.0540540540540561,0.1080164883818018,0.10806769811065,0.1089003373169578,0.1089290151728532,0.0817202197910805,0.107187586943552,0.2113924804465078,0.0955610045262959,0.1250726711127192,2.0008402469080324,1.236433701309239,2.9775685365661952,0.500259065461371
249,0.9529729729729736,0.8205618216372015,0.8514505803435047,0.8480469099565401,0.7720320058892518,0.0540540540540561,0.1079200447310778,0.107973342073959,0.1093485748778871,0.1089454016986363,0.0822608496487604,0.1071522346750304,0.2113698309018352,0.0958852142107466,0.1254781559972596,1.9968037950653077,1.236433701309239,2.9775685365661952,0.5436867686474618
250,0.9535135135135142,0.8198961635929594,0.8514812451371155,0.8486776107360048,0.7720118765105032,0.0540540540540561,0.1078302679368957,0.1082596953146204,0.1091675189884453,0.1089476517315957,0.0825973812978963,0.107118419423511,0.2113477481846631,0.0964416855829857,0.126188702438593,1.9998187239496807,1.236433701309239,2.9775685365661952,0.5707260889170551
251,0.9535135135135142,0.8191581531134311,0.851850849487494,0.8508945064165333,0.7727677542872422,0.0540540540540561,0.1083466164029987,0.108153679275561,0.1089976471765334,0.1091588304092369,0.0829252041989082,0.107086043082436,0.211326211749967,0.0966862451703593,0.1266685386850693,2.003021652626479,1.236433701309239,2.9775685365661952,0.5440141632920387
252,0.9521621621621628,0.8182878558628971,0.8517224620823559,0.8511507366469933,0.7723653095912151,0.0540540540540561,0.1088301843230921,0.1080540002767552,0.108838401035156,0.1092882994822231,0.0832940748175624,0.1070550157208612,0.211305201813628,0.0970940661141721,0.1272970519755566,2.0072758337837358,1.236433701309239,2.9775685365661952,0.5202356468073612
253,0.951351351351352,0.8168737537062866,0.8515489100072858,0.8513514840455497,0.7716623993255789,0.0540540540540561,0.1092826075167435,0.1079603698863289,0.108689232784636,0.1093975444930312,0.0829576880318194,0.1070252547491937,0.2112846993538767,0.0978948843741611,0.1284849425353417,2.0045549065173014,1.236433701309239,2.9775685365661952,0.5160923391935336
254,0.9505405405405412,0.8179061078549623,0.8509370252889132,0.8521749289566068,0.7723624568620943,0.0540540540540561,0.1091055848286784,0.1084725343740584,0.1085496075755626,0.1094253236908248,0.0836169912876948,0.1069966841850476,0.2112646861043038,0.0972034418687692,0.1275410997306984,2.0118836393027,1.236433701309239,2.9775685365661952,0.5145972419878903
255,0.9508108108108116,0.8174479753366312,0.8522515331292081,0.8519482995965006,0.7725271393691344,0.0540540540540561,0.1089395804868731,0.1083513834253084,0.1084190053891467,0.1093515924016003,0.0840419273043244,0.1069692340054646,0.211245144540628,0.0976591384801346,0.1280822344199323,2.014838968883657,1.236433701309239,2.9775685365661952,0.5156828639254163
256,0.9500000000000008,0.8183142080899317,0.8517867817747912,0.8506826057077148,0.7721298587760601,0.0540540540540561,0.1087840275019639,0.1082376053854269,0.1082969225666702,0.1091829628855448,0.0833560998843574,0.1069428395738857,0.2112260578629214,0.0970960886362436,0.1272937781590862,2.0139445771314515,1.236433701309239,2.9775685365661952,0.49011628619684
257,0.9489189189189196,0.8187124817776054,0.8516832774259471,0.8509550995155217,0.7723230652947334,0.0540540540540561,0.1086383733572349,0.1081308470822897,0.1081828730011225,0.1090781641590057,0.0828316634583429,0.1069174411319907,0.211207409974617,0.0968764220967094,0.1269683315437775,2.018498284800112,1.236433701309239,2.9775685365661952,0.4821011406944122
258,0.9489189189189196,0.8169538873239789,0.8520414474111915,0.8499675359478345,0.7711475092858779,0.0540540540540561,0.1090945363533522,0.1080307597826162,0.1080763890245271,0.1091853551248868,0.083230846996594,0.1068929833480047,0.2111891854593268,0.0979660483272293,0.1284988444993451,2.0235830705999907,1.236433701309239,2.9775685365661952,0.4874108124471645
259,0.9483783783783788,0.8181639851924102,0.8517317925562576,0.8487647422425926,0.7710863535485349,0.0540540540540561,0.1089288848804918,0.1079370010004084,0.1085334319007636,0.1091620142644151,0.0825514199968818,0.1068694149142781,0.2111713695562643,0.0971513873386702,0.1273715723673439,2.0218082488725857,1.236433701309239,2.9775685365661952,0.4817518363825128
260,0.9489189189189198,0.8186443254919682,0.8530524456038937,0.8484063230937694,0.7717433445844971,0.0540540540540561,0.1087737092982672,0.1078492360201361,0.1084051751233155,0.1090743344994456,0.0827121109321563,0.1068466881879845,0.211153948134888,0.096868037849251,0.1269688198588986,2.019959292147711,1.236433701309239,2.9775685365661952,0.5317656765068937
261,0.9486486486486492,0.8167574569205075,0.8523147714962733,0.8490140811828336,0.7706366817960126,0.0540540540540561,0.1092284841216388,0.1077671391548063,0.1082851409003197,0.1092382331656507,0.0823640104580509,0.1068247588696429,0.2111369076692337,0.0980303181478696,0.1286283010186731,2.013894985921153,1.236433701309239,2.9775685365661952,0.534363667915642
262,0.9478378378378384,0.8173531131909063,0.8514361802576274,0.8496474556995218,0.7707904261283898,0.0540540540540561,0.1090538407704041,0.1076903947605213,0.1081728756891026,0.1091253137287481,0.0820675749023084,0.1068035857148938,0.211120235212295,0.0976790424629614,0.1281199664238916,2.0141286355033827,1.236433701309239,2.9775685365661952,0.5209760288152775
263,0.947567567567568,0.8176493263956982,0.8508204415027074,0.8485461735763109,0.7702555941376192,0.0540540540540561,0.1088902226151001,0.1076186980298186,0.1086679749648179,0.1091022188440549,0.0810180649897162,0.1067831302755882,0.2111039183707211,0.0975478048839051,0.1279055622967515,2.018634426972631,1.236433701309239,2.9775685365661952,0.5310827141371786
264,0.9483783783783788,0.817025437706451,0.8496610856505393,0.8471981233957628,0.7689345451749466,0.0540540540540561,0.1087370444072562,0.107551755586191,0.109131224143898,0.1090627904390574,0.0815734230970473,0.106763356666769,0.2110879452800329,0.0981087946154837,0.128606040089921,2.0223499664739766,1.236433701309239,2.9775685365661952,0.553541231533291
265,0.9489189189189194,0.8191428396663194,0.8494842364591727,0.8474756906310513,0.7701408616512114,0.0540540540540561,0.1085937378813157,0.1080893187472512,0.108964359732172,0.1091032490107491,0.0819129705147454,0.1067442313565689,0.2110723045804996,0.0965871014935543,0.1265602913930227,2.0073417572093653,1.236433701309239,2.9775685365661952,0.538290111242868
266,0.9491891891891896,0.8211508457880363,0.8498450287944402,0.8489702837439943,0.7719051165010228,0.0540540540540561,0.1084597531627772,0.1079922927544026,0.1088078818952205,0.1090451444729579,0.0813537542369959,0.1067257229764468,0.2110569853937823,0.0951281927753316,0.1246192776305751,2.004972030313328,1.236433701309239,2.9775685365661952,0.5348650130039073
267,0.9489189189189192,0.8223531331427257,0.850689051862016,0.849972311753319,0.7731633610307594,0.0540540540540561,0.1088875398315587,0.107901387465199,0.108661257933964,0.1091939701322726,0.0809828906885264,0.1067078021494928,0.2110419773004093,0.0940204715632791,0.123203096941495,2.003947439754127,1.236433701309239,2.9775685365661952,0.5212128032042375
268,0.9491891891891896,0.8238626269521936,0.8514247046735715,0.8486480225135266,0.7735982883362637,0.0540540540540561,0.1087352981020954,0.1078162780097904,0.108523968106254,0.1090655255694666,0.0806902209408012,0.1066904413348313,0.2110272703181293,0.0929498806715888,0.1217697239967584,1.9888974796135688,1.236433701309239,2.9775685365661952,0.5588748603153975
269,0.94972972972973,0.8220499755161095,0.851198020088947,0.848881345184273,0.7726516198501622,0.0540540540540561,0.1085927752531287,0.1077366490304468,0.1083955072602488,0.1089588044652961,0.0805837279077518,0.1066736146863875,0.2110128548811629,0.0944026572597667,0.1236536368573265,1.9906772032531863,1.236433701309239,2.9775685365661952,0.5615310969498215
270,0.950540540540541,0.8207683702308763,0.8516909630039217,0.8473993349952506,0.7716628092986041,0.0540540540540561,0.1084594409196574,0.107662195437795,0.1088754195366283,0.108971116057797,0.0816857469932832,0.1066572979244921,0.2109987218203591,0.0954564966794119,0.1250019093092947,1.9977007173595176,1.236433701309239,2.9775685365661952,0.5587263387842581
271,0.9505405405405408,0.8219841400257439,0.8533094089163368,0.8465776298158864,0.7725912109572551,0.0540540540540561,0.1083347822123093,0.1075926229991193,0.1087244062339642,0.1088944591936691,0.0818277306403241,0.1066414682189873,0.2109848623442543,0.094595211652607,0.123848468868101,1.983593939424616,1.236433701309239,2.9775685365661952,0.5387077896248811
272,0.9491891891891896,0.8208706113431065,0.8538338558401921,0.8454789099206265,0.7717323976024537,0.0540540540540561,0.1082183046752499,0.107527648773291,0.1085829804474762,0.108775960516688,0.0826837320520295,0.1066261040826424,0.2109712680210168,0.0955088222384642,0.1250202363192688,1.986724093714044,1.236433701309239,2.9775685365661952,0.5450930914279334
273,0.9491891891891896,0.819565955274454,0.8544967248484906,0.8452292060771396,0.771203085438226,0.0540540540540561,0.1081095329893861,0.10746700140715,0.1084506260367727,0.1086965845503003,0.0833676250417489,0.1066111852738426,0.2109579307612581,0.0965675643000576,0.1263792782308528,1.9818361727932057,1.236433701309239,2.9775685365661952,0.5442353270437156
274,0.9486486486486492,0.8173504283828302,0.8551474377579451,0.845791119133337,0.7706162054844669,0.0540540540540561,0.108608044821187,0.1074104213081275,0.1083268428683738,0.1088630312260205,0.0839179403122581,0.1065966927076157,0.2109448428016857,0.0979733041555252,0.1283455492065764,1.98260523674858,1.236433701309239,2.9775685365661952,0.5293867511749493
275,0.950540540540541,0.8187435216264993,0.8561998516995049,0.8444141088474502,0.7712402681186442,0.0540540540540561,0.1084745778979665,0.1073576607075534,0.1088111812795064,0.1089019909356633,0.0831620560678191,0.1065826083741788,0.2109319966895675,0.0969845703220576,0.127019189424518,1.986173629139196,1.236433701309239,2.9775685365661952,0.5207106912876265
276,0.950270270270271,0.8163993684400412,0.8555735937769603,0.8454981156300595,0.770405668284325,0.0540540540540561,0.1089497173380683,0.1073084836285459,0.1086643497098649,0.109052806610237,0.0830055075005778,0.1065689152642724,0.210919385267978,0.0984592425764908,0.1291257728909246,1.9873015007200645,1.236433701309239,2.9775685365661952,0.5706779033519395
277,0.9502702702702708,0.8151446231296064,0.8559692139368856,0.8450821934327678,0.7697230653596637,0.0540540540540561,0.1087941607850129,0.1072626657716657,0.1085268691611342,0.1089510013189751,0.0845845052360766,0.1065555973006321,0.2109070016617937,0.0995195917165067,0.130458296477887,2.0003093593185257,1.236433701309239,2.9775685365661952,0.548740884252578
278,0.9508108108108112,0.815864786723839,0.8545692312993377,0.8447573517574598,0.7694037653986554,0.0540540540540561,0.1086484169745726,0.107820027708355,0.1083982319730437,0.1089430644790653,0.0849862379898261,0.1065426392750173,0.2108948392644047,0.0990720499419089,0.1298110047888744,1.995940581201774,1.236433701309239,2.9775685365661952,0.5727540913345344
279,0.9510810810810816,0.8142054173491114,0.8563756649306846,0.8456929264155737,0.7698417680424957,0.0540540540540561,0.1091119981030865,0.1077415414379264,0.1082779469116566,0.1091583564329556,0.0849455834098499,0.1065300267902746,0.2108828917251091,0.1000393892845161,0.1312385835993451,1.9976786446272137,1.236433701309239,2.9775685365661952,0.5525804926241246
280,0.94972972972973,0.8134674385865427,0.8566936142134126,0.8459826859941214,0.7696880879314627,0.0540540540540561,0.1089455719932956,0.1076679839762374,0.1081655401186552,0.1090715106686967,0.0852802767238745,0.1065177462069803,0.210871152937159,0.1007050761567589,0.1320597754168094,2.0018169970857973,1.236433701309239,2.9775685365661952,0.53259497171295
281,0.9483783783783788,0.813134113133927,0.857031955010479,0.8459928782151142,0.7697647728620212,0.0540540540540561,0.1087896170548015,0.1075990954208389,0.1086605891964741,0.1091316613123213,0.085884006827352,0.1065057845942341,0.2108596170264235,0.1010480424310646,0.1324710783386723,1.9881212527977283,1.236433701309239,2.9775685365661952,0.5416160289317223
282,0.9470270270270272,0.8129039477620248,0.8571374668593998,0.8464601647624329,0.7699710868980315,0.0540540540540561,0.1086435816406224,0.1081346568742954,0.1085238304893026,0.1091878100670991,0.0865726899596674,0.1065177464183881,0.210871152937159,0.1013031266094379,0.1327742614176642,2.007753616471636,1.236433701309239,2.9775685365661952,0.5873147215501533
283,0.9472972972972978,0.8140132300292879,0.8564083549005933,0.8460629704939343,0.7700924164309525,0.0540540540540561,0.1085069296071695,0.1080355977853316,0.1089958466370671,0.1091847390058637,0.086645584821423,0.1065287742815441,0.2108828917251091,0.1005441576111925,0.1317333051671273,2.009916240411638,1.236433701309239,2.9775685365661952,0.5780689981014051
284,0.9475675675675684,0.8134743997942188,0.8561174927938994,0.8455065935330625,0.7694229664989222,0.0540540540540561,0.1089791750792203,0.1079426502697053,0.1088373318706637,0.1092747263995054,0.0859650225518127,0.1065389448446373,0.2108948392644047,0.1006784828213095,0.132036012666171,2.01080499515571,1.236433701309239,2.9775685365661952,0.5935985160167392
285,0.9478378378378386,0.8145482127941661,0.853980085102514,0.8465944856960192,0.7696088203783978,0.0540540540540561,0.1088209903350659,0.1084555412035305,0.1086887907664598,0.109250574747445,0.0859526136418551,0.1065483279347757,0.2109070016617937,0.099954947799625,0.1310412920383009,1.997809535241693,1.236433701309239,2.9775685365661952,0.5898059102108513
286,0.9489189189189198,0.8150252230434347,0.8552600903084795,0.8463984141934806,0.7702713345218966,0.0540540540540561,0.1086728605238171,0.1083351441447531,0.1085496973894189,0.1091764329433523,0.0848855442363304,0.1065569872317643,0.210919385267978,0.0996763167509929,0.1306383466946567,1.992458132726587,1.236433701309239,2.9775685365661952,0.6071804066568737
287,0.9508108108108114,0.8163334097821903,0.8546736900773817,0.8463156478127408,0.7705540637435706,0.0540540540540561,0.1085342426328457,0.1082221342915399,0.1084195407425547,0.1090468167543057,0.0837624577181297,0.1065649808749144,0.210919385267978,0.0987477596854289,0.1293994689013866,1.9865659807799287,1.236433701309239,2.9775685365661952,0.60093635361213
288,0.951621621621622,0.8162920478810574,0.8545238081631185,0.8453644724517914,0.770027304169158,0.0540540540540561,0.1084046107561082,0.1081161477519055,0.1082978260479133,0.1089144878590097,0.0837327525457653,0.1065723620008401,0.2109319966895675,0.0988526688319724,0.1295056467408883,1.9804847904796543,1.236433701309239,2.9775685365661952,0.5978016142125244
289,0.9518918918918924,0.8158342850200444,0.8552372663144031,0.8448532645600929,0.7697747022053701,0.0540540540540561,0.1088796785107821,0.1080168271652434,0.1081840757563742,0.1090543561398276,0.0828462733097533,0.1065791792213091,0.2109319966895675,0.0989721436063696,0.1297258757245642,1.9808817939197807,1.236433701309239,2.9775685365661952,0.5683487491122446
290,0.9521621621621628,0.8200401527726163,0.8563167694469379,0.8449469505849124,0.7723241808346762,0.0540540540540561,0.1087280352258307,0.1079238231901025,0.1080778303076752,0.1089868074642962,0.0809066663594895,0.1065854770488722,0.2109448428016857,0.0958459185780694,0.1255958296144677,1.9763759402565384,1.236433701309239,2.9775685365661952,0.5495187616604326
291,0.953243243243244,0.8204827933074508,0.8556661053856385,0.8451965427010816,0.7722706256475388,0.0540540540540561,0.1085860664755139,0.1078367957493533,0.1079786486631898,0.1088767629017661,0.0808035126465745,0.1065912962768534,0.2109448428016857,0.0955915514512001,0.1252241734547921,1.965584893234385,1.236433701309239,2.9775685365661952,0.5501649030961073
292,0.9537837837837844,0.8200877102561863,0.8545384158797223,0.8460538973817492,0.7720271944627741,0.0540540540540561,0.1084532447614249,0.1083554484294181,0.1078861086344218,0.1089214577336461,0.0813856299457179,0.1065966743193465,0.2109448428016857,0.095971883581786,0.125685667363101,1.9751533282762237,1.236433701309239,2.9775685365661952,0.5305815511207893
293,0.9556756756756764,0.8201854132361036,0.8542824883203772,0.8457833133017739,0.7718194908450148,0.0540540540540561,0.1083290599783409,0.108240636073243,0.1077998070300626,0.1088118863720844,0.0806118228168324,0.1066016455160677,0.2109579307612581,0.0959607811891772,0.1256500567747258,1.970786233124698,1.236433701309239,2.9775685365661952,0.5597100048871839
294,0.9559459459459468,0.8225078534444088,0.8556924416178847,0.8458561083116142,0.7737039991516795,0.0540540540540561,0.1082130203493171,0.1081330192982828,0.1082507627812475,0.1088727500905458,0.080393040031831,0.1066062414062361,0.2109579307612581,0.0942609656995471,0.1233856363809328,1.973504690350236,1.236433701309239,2.9775685365661952,0.5530952231780961
295,0.955405405405406,0.8211450170827217,0.8555411452909122,0.847303749213531,0.7735812887052619,0.0540540540540561,0.1081046531131144,0.1080322233188285,0.1081420252536898,0.1088193504837731,0.0813491488325314,0.1066104909751007,0.2109579307612581,0.0953540347776971,0.1248026563607205,1.979824519272232,1.236433701309239,2.9775685365661952,0.5726803498812376
296,0.9551351351351358,0.8218235852425212,0.8552838352676466,0.8479711714711412,0.7740508595210004,0.0540540540540561,0.1080035049872077,0.1079378831421835,0.1080402475676052,0.108744452143637,0.0814102205527938,0.1066144208762361,0.2109712680210168,0.0948885848967296,0.1241746622638747,1.9838303323821276,1.236433701309239,2.9775685365661952,0.5800025126989682
297,0.9556756756756762,0.8226901430172069,0.8550955851849832,0.8501228522799528,0.7752898899654084,0.0540540540540561,0.1079091424298174,0.1078496446504277,0.1079450460736623,0.108721403815739,0.0812613777252097,0.1066180556323336,0.2109712680210168,0.0942717183704756,0.1233552857678842,1.9892747356399052,1.236433701309239,2.9775685365661952,0.5581471072164188
298,0.9551351351351356,0.8246488396560758,0.8545864074042235,0.8509740796781646,0.7763783102035708,0.0540540540540561,0.1078211517240848,0.1077671654645246,0.1078560505857857,0.1086553831590182,0.0802072440355952,0.1066214178168568,0.2109712680210168,0.0928225320779073,0.1214405844818817,1.9861768846686525,1.236433701309239,2.9775685365661952,0.5432793248283659
299,0.9545945945945948,0.8267204499984048,0.8548015931428489,0.8501993226976055,0.7772033537308674,0.0540540540540561,0.1077391389067724,0.107690115608869,0.1077729048910656,0.108567866676869,0.0799087994796887,0.1066245282186328,0.2109712680210168,0.0912777695703507,0.119409980548209,1.9831722722351544,1.236433701309239,2.9775685365661952,0.5447967200040243
300,0.9529729729729728,0.8282633730084402,0.8555885292522067,0.8504953633727668,0.7784198581688109,0.0540540540540561,0.1076627295628231,0.1076181779949513,0.1076952671050918,0.108534777420332,0.080146722677977,0.1066274059911988,0.2109848623442543,0.0901336230580955,0.1179052622101484,1.9907187742324004,1.236433701309239,2.9775685365661952,0.5449349444562125
301,0.9527027027027029,0.827541679437541,0.8548847118505145,0.8505127447095385,0.7778196040722912,0.0540540540540561,0.1081916018880427,0.1075510487428966,0.1076228098867049,0.108684451591795,0.0793577951838463,0.1066300687884952,0.2109848623442543,0.0903722287047972,0.1183625196184374,1.9868168837586384,1.236433701309239,2.9775685365661952,0.5647128327165623
302,0.9527027027027029,0.8278572061149063,0.8552606661557247,0.851674085679055,0.7786504170812194,0.0540540540540561,0.1080865930553263,0.1074884373593147,0.1075552205264566,0.1086617403462683,0.079913913398047,0.1066325328883117,0.2109848623442543,0.0901819450666428,0.1180994973574305,1.9808971211267972,1.236433701309239,2.9775685365661952,0.5918615391389214
303,0.9524324324324324,0.8284969275435098,0.8542799670927931,0.8516555604592291,0.7785180885300291,0.0540540540540561,0.1079883526288841,0.1074300667892573,0.1074922009230393,0.1085628083315212,0.079260633230253,0.1066348133047282,0.2109848623442543,0.0897471982876678,0.1175088961420482,1.9990774692029647,1.236433701309239,2.9775685365661952,0.577987683905491
304,0.9508108108108108,0.8273711852223685,0.8504749254760591,0.8520949807258513,0.7767542551209334,0.0540540540540561,0.107896500383169,0.1085757401240197,0.1074334674616173,0.1086754825833277,0.0787334819409287,0.1066369238906405,0.2109848623442543,0.0906602648409575,0.1186805645860467,1.99204826757246,1.236433701309239,2.9775685365661952,0.5529764784798962
305,0.9497297297297298,0.8283488620523813,0.8503898944358991,0.850950024144677,0.7768037197659515,0.0540540540540561,0.1078106706060018,0.1084475540119278,0.1079787841899364,0.1087094501854109,0.0786591176219113,0.1066388774313524,0.2109848623442543,0.0899693328737876,0.1177458026446176,1.9836717440391527,1.236433701309239,2.9775685365661952,0.5601227029874033
306,0.9502702702702704,0.828624116802018,0.847589763046133,0.8513270436684729,0.775984870492772,0.0540540540540561,0.1077305123858162,0.1089272396300365,0.1078890693202072,0.1086951213616399,0.0789227140139065,0.1066406857300906,0.2109848623442543,0.0898026285674098,0.1175106270050737,1.9862430109704208,1.236433701309239,2.9775685365661952,0.5785507922416757
307,0.9513513513513514,0.8291927951512622,0.8482531763032874,0.8519324393458407,0.7767364914341467,0.0540540540540561,0.1076556897742187,0.108775585919586,0.107805048799836,0.1086519866610077,0.0787972474120924,0.106642359686216,0.2109987218203591,0.0894156510239808,0.1169793599616282,1.976693318147033,1.236433701309239,2.9775685365661952,0.5590480788890368
308,0.950810810810811,0.8276323805065718,0.8479156633843651,0.8499810918448906,0.7749025631665444,0.0540540540540561,0.1075858818349757,0.1086331829666631,0.107726414298006,0.108501076520326,0.0797371676858291,0.1066439093668167,0.2109987218203591,0.090653933321704,0.1185746785759399,1.9832621448216716,1.236433701309239,2.9775685365661952,0.5242921459747029
309,0.951621621621622,0.8260001960335757,0.8491142127810504,0.8480756978650077,0.7739222611926508,0.0540540540540561,0.107520782590947,0.1084995818466191,0.1082528938387659,0.1085330038114179,0.080222711031584,0.1066453440722948,0.2109987218203591,0.0919342881410053,0.1202394126709505,1.9823386478602036,1.236433701309239,2.9775685365661952,0.5235494950068794
310,0.951621621621622,0.8271036484885228,0.8492442256268019,0.8463096494947266,0.7739014158855284,0.0540540540540561,0.1074601008805928,0.1083743407732871,0.1092670197818508,0.108667737329111,0.0805024844192832,0.1066466723965007,0.2109987218203591,0.0911215390803953,0.1191663010711809,1.966818292699149,1.236433701309239,2.9775685365661952,0.5153541571458841
311,0.9518918918918922,0.8246181513801253,0.8489631952316808,0.8474134940308392,0.7731580970524847,0.0540540540540561,0.108556573482746,0.108257027050402,0.1096507941010675,0.1091595763730414,0.0802667300150615,0.1066479022819042,0.2109987218203591,0.0923514052426255,0.1211035618785015,1.9605695959339056,1.236433701309239,2.9775685365661952,0.5479184520387175
312,0.952972972972973,0.8254741403989314,0.8478688523400253,0.8487937515511739,0.7735820110687993,0.0540540540540561,0.1084298219698869,0.1081472187199459,0.1094528761209926,0.1090512351363872,0.0801059864249987,0.1066490410702455,0.2109987218203591,0.0917902221331998,0.1203109486161247,1.9440883854165296,1.236433701309239,2.9775685365661952,0.5400866164201004
313,0.9518918918918918,0.8245007861325492,0.8482887892771397,0.848280348460177,0.7729366987039791,0.0540540540540561,0.1083108021415697,0.1080445059247145,0.1092667298141298,0.1089442279583712,0.0818513937215787,0.107211369243524,0.2114015850511235,0.0926161612704671,0.1213438127966656,1.9442882118177136,1.236433701309239,2.9775685365661952,0.5637324598779917
314,0.9505405405405406,0.822619413765096,0.848822784621141,0.8489068112399519,0.7724077335375962,0.0540540540540561,0.1087521169284602,0.1079484920050749,0.1090918263812622,0.1090827258888394,0.0819694134537077,0.1071753478030374,0.2113783473857041,0.0938276241838359,0.1230045277706737,1.9447313052194104,1.236433701309239,2.9775685365661952,0.5817830604404668
315,0.95,0.8219242967229538,0.8486922188355953,0.8480084356282792,0.7715638514614472,0.0540540540540561,0.1086121062236354,0.1078587943515949,0.1089276385762663,0.1089471095584128,0.0818398728538125,0.1071408984836961,0.2113556978410314,0.094433610467076,0.1237696501652285,1.939190764935466,1.236433701309239,2.9775685365661952,0.567132836732306
316,0.951891891891892,0.8222368507837993,0.8494278486834166,0.8457541035399884,0.7709187125562506,0.0540540540540561,0.108480644225141,0.1077750450361361,0.1087736440936931,0.1087931688863662,0.082251895519254,0.1071079194134179,0.2113336151238594,0.0942790795202216,0.12352282710363,1.9409847146036632,1.236433701309239,2.9775685365661952,0.5696590367797445
317,0.9527027027027032,0.8219568743775022,0.8487554861344669,0.8479875982361129,0.7713556186062099,0.0540540540540561,0.1083573156458328,0.107696891244231,0.1086293284979198,0.1087405453101585,0.0828236918730435,0.1070763174443972,0.2113120786891632,0.094571311766667,0.1238644677995811,1.9380020580131347,1.236433701309239,2.9775685365661952,0.5581801617051251
318,0.9527027027027032,0.8220694269877872,0.8480222694021632,0.8466723556886876,0.7705832847383544,0.0540540540540561,0.1082417117391335,0.1076239955312487,0.1090930984561426,0.1087334841429103,0.0832921088484823,0.1070460072330899,0.2112910687528243,0.0945546349681339,0.1238097171426462,1.9380074717451092,1.236433701309239,2.9775685365661952,0.5681962286282564
319,0.9529729729729732,0.8236681186274852,0.8480699459452462,0.8476283168078428,0.7718861373591323,0.0540540540540561,0.1081334321387727,0.1081449712684009,0.1089279637718091,0.1088087398046647,0.0812692724484066,0.1070169104341966,0.2112705662930729,0.0934023705643468,0.1222651653031285,1.9440757089715732,1.236433701309239,2.9775685365661952,0.5586207978961614
320,0.951621621621622,0.8248500651179789,0.8479158667012833,0.8467691542042395,0.7719464193577675,0.0540540540540561,0.1080320864094153,0.1080436964555439,0.1087732032672253,0.1086754734050804,0.0814967974667676,0.1069889549925538,0.2112505530435,0.0925422782559475,0.1211338916773135,1.95890336541444,1.236433701309239,2.9775685365661952,0.5641669312441031
321,0.9513513513513516,0.8235913056711288,0.8476358653415363,0.8478804370510589,0.7716403718020914,0.0540540540540561,0.1079372953256417,0.1079488748060025,0.1086282754844925,0.108604631115729,0.0813276863537486,0.1069620745193618,0.2112310114798243,0.0935613242212361,0.12244004666605,1.9642470000030436,1.236433701309239,2.9775685365661952,0.536446048827339
322,0.9508108108108112,0.8238187508315531,0.8482986488975776,0.8478071377779383,0.7719893867836413,0.0540540540540561,0.1078486918990885,0.1078601545508337,0.1084926528392842,0.1085342154399523,0.0814394153016065,0.1069362077413013,0.2112119248021176,0.0934311593378093,0.1222569032189027,1.9540237074484903,1.236433701309239,2.9775685365661952,0.5460685911538805
323,0.9513513513513516,0.8238770249555546,0.8477157371470225,0.8475878723548463,0.7715975603113427,0.0540540540540561,0.1077659221749963,0.1077771956880774,0.1083658233147846,0.1084288030805195,0.0814917275384078,0.1069112980128047,0.2111932769138133,0.0934374785209139,0.1222400139569473,1.950342051124752,1.236433701309239,2.9775685365661952,0.5710226441252567
324,0.9518918918918922,0.8234494527561967,0.8481767487534472,0.8471406083090893,0.7713386844631246,0.0540540540540561,0.1076886458200874,0.1076996705466822,0.1082472918075048,0.1083521257531407,0.0812286047974192,0.10688729288322,0.2111891854593268,0.0938093888706674,0.1227062243337598,1.946599581637512,1.236433701309239,2.9775685365661952,0.5620814128049421
325,0.9513513513513516,0.8235959286008645,0.8487416354170182,0.8482135446432166,0.772123934061443,0.0540540540540561,0.1076165365237683,0.1076272641981797,0.1081365811574017,0.108330923601399,0.0809161006966209,0.1068641437118011,0.2111713695562643,0.0937369282227871,0.1225958031372513,1.9522279425370552,1.236433701309239,2.9775685365661952,0.554451929493713
326,0.950540540540541,0.8237507745961614,0.8465046889808803,0.8456307365279749,0.7704256563016486,0.0540540540540561,0.1075492822342128,0.1081597081126832,0.1086237383496832,0.1083750595990477,0.0802631393814382,0.1068418053244829,0.211153948134888,0.0936532001155961,0.1224745842867326,1.9614056562180036,1.236433701309239,2.9775685365661952,0.5503841362600755
327,0.9513513513513518,0.823851045790645,0.8471305261781684,0.845806245447136,0.7707762964613416,0.0540540540540561,0.1074865852500586,0.1080578870849617,0.1084892533437239,0.1083218424016388,0.0800081607647629,0.1068202357072514,0.2111369076692338,0.0936120534709527,0.1224056615843259,1.956838249077569,1.236433701309239,2.9775685365661952,0.553794315043337
328,0.9508108108108112,0.8256111277387076,0.8470386096546615,0.8449298062204095,0.7713418260141011,0.0540540540540561,0.1074281621873564,0.1079624931841396,0.1089634282316592,0.1083662897166833,0.0789835696311167,0.1067993957316386,0.211120235212295,0.0922971227491454,0.1206747911676138,1.9645581009465816,1.236433701309239,2.9775685365661952,0.5391993100201682
329,0.950540540540541,0.8259791484610585,0.847284473793113,0.8439435597046229,0.7713243218987275,0.0540540540540561,0.1073737438401018,0.1078731840650216,0.1094069934711507,0.1083938416695158,0.078995739956268,0.1067792489084866,0.2111039183707211,0.0920458345885942,0.1203339796188908,1.9663830687476425,1.236433701309239,2.9775685365661952,0.5700515619594682
330,0.9510810810810816,0.825874812776693,0.8466184532255747,0.8441179949050732,0.7709546975817232,0.0540540540540561,0.1073230749512697,0.1077896277322897,0.1092216302970028,0.1082944870331148,0.079096742242284,0.106759761166645,0.2110879452800329,0.0921539241300148,0.1204636497476722,1.9714221173106796,1.236433701309239,2.9775685365661952,0.58396467003402
331,0.9502702702702708,0.8265566422169869,0.8471411438702744,0.8440513787905769,0.7714361085416163,0.0540540540540561,0.1072759139097778,0.107711503252274,0.1090477837321319,0.1082296635979526,0.0790919956738606,0.1067409006536988,0.2110723045804996,0.0916555265108858,0.1198054008281245,1.9629096572774836,1.236433701309239,2.9775685365661952,0.6026461745018462
332,0.950270270270271,0.8263768812683715,0.8478039564052747,0.8451699965909398,0.7720618089617365,0.0540540540540561,0.1072320323873144,0.1076385013049732,0.1088848663778152,0.1082105810334613,0.078373526832299,0.1067226375562147,0.2110569853937823,0.0918188110298313,0.1200071025379708,1.9586474884649665,1.236433701309239,2.9775685365661952,0.5656901321423955
333,0.9510810810810818,0.8268479087647899,0.8495466301096875,0.8455330718137803,0.7731238073818081,0.0540540540540561,0.1071912149274902,0.1075703245885659,0.1087323045666792,0.1082127586462339,0.0782514864336598,0.106704943937303,0.2110419773004093,0.0914790823013703,0.1195564837714651,1.9613752922430043,1.236433701309239,2.9775685365661952,0.5997009612446783
334,0.9508108108108116,0.8266833417899278,0.8488800794458222,0.844511854235124,0.7722404337107467,0.0540540540540561,0.1071532584983499,0.1075066880894457,0.108589540263874,0.1080966128245347,0.0781584387548118,0.1066877935895834,0.2110272703181293,0.0916253810497462,0.1197400289608973,1.966731466982312,1.236433701309239,2.9775685365661952,0.5873074968456463
335,0.9527027027027032,0.8250796442582338,0.8492130328420096,0.8454478799086428,0.7719288437354953,0.0540540540540561,0.1071179720179349,0.1074473192311919,0.1084560326205167,0.1080771664925282,0.0788684079799453,0.1066711619018664,0.2110128548811629,0.092870990857914,0.1213613697327982,1.9588394135033864,1.236433701309239,2.9775685365661952,0.5894190337230997
336,0.9527027027027032,0.8263988484162642,0.8477622129589507,0.8451347050801798,0.7717943727246183,0.0540540540540561,0.1070851758613263,0.1073919579159063,0.1083312592045822,0.10796522078067,0.0787253341881147,0.1066550257380854,0.2109987218203591,0.0918811436724048,0.1200585636530726,1.96236576663494,1.236433701309239,2.9775685365661952,0.5520371096724392
337,0.9529729729729732,0.8266792167403346,0.8473761902334388,0.8452045014861247,0.7718072442203077,0.0540540540540561,0.1070547013564282,0.1073403564710785,0.1082147169362172,0.1079009795766854,0.0791022900189498,0.1066393633271754,0.2109848623442543,0.0916821869974169,0.1197934325814512,1.9697778796966812,1.236433701309239,2.9775685365661952,0.560944520164399
338,0.9524324324324328,0.826046487975576,0.8479498448747009,0.8448330233048534,0.771528841014363,0.0540540540540561,0.1070263902746926,0.1072922795146527,0.1081059227553598,0.1078579332953422,0.0792389189583235,0.1066241541627584,0.2109712680210168,0.0921822598508128,0.1204403168870779,1.9639093988963976,1.236433701309239,2.9775685365661952,0.5539806110919939
339,0.9540540540540542,0.8249101056571919,0.8503957570209834,0.8452785573250119,0.7722161092334572,0.0540540540540561,0.1070000943220129,0.1072475037502969,0.1080044140496824,0.1078995134350734,0.0806503368775594,0.1066093789116324,0.2109579307612581,0.0930651878189139,0.1215898471818014,1.9634913115019663,1.236433701309239,2.9775685365661952,0.5874290413036302
340,0.953783783783784,0.8238822301496862,0.8502698326468489,0.8452409343114256,0.7715969188684084,0.0540540540540561,0.1069756746341583,0.1072058177040959,0.107909748870421,0.1078499670859463,0.0807860765207548,0.1065950193301651,0.2109448428016858,0.0938643793971685,0.1226299325332348,1.972877270710646,1.236433701309239,2.9775685365661952,0.596255227082966
341,0.953513513513514,0.8231923949758356,0.849937248847487,0.8429927615234399,0.7702750183452497,0.0540540540540561,0.1069530012803341,0.1071670214130142,0.1084215393457955,0.1078700108258781,0.0805969090262609,0.1065810581878083,0.2109319966895675,0.0944032948115387,0.1233311043839968,1.9763812442636783,1.236433701309239,2.9775685365661952,0.5833831964706889
342,0.9524324324324328,0.822943323994632,0.8501423409231363,0.8424214132906859,0.7700388867830253,0.0540540540540561,0.1069319527777876,0.1071309260745689,0.108860150322754,0.1079414265524092,0.0809574736057851,0.1065674791970294,0.210919385267978,0.0946032071307505,0.123590699616474,1.997410133587228,1.236433701309239,2.9775685365661952,0.5702204189310365
343,0.9524324324324328,0.82287260861685,0.8519157486695491,0.8423822869675655,0.7707254091021655,0.0540540540540561,0.1069124156197696,0.1070973536662324,0.1087111772588499,0.1079405028660838,0.0811168997722418,0.1065542669490383,0.2109070016617937,0.0946670877549668,0.1236711835732652,1.9837456809959235,1.236433701309239,2.9775685365661952,0.5561541895823103
344,0.9513513513513516,0.8223527176726246,0.8524580041362878,0.8423580003156652,0.7706525360846487,0.0540540540540561,0.1074943172017744,0.1070661365421634,0.1085715402358468,0.1081360044059067,0.0805309018056633,0.1065414068547525,0.2108948392644047,0.0947301495137205,0.123900123726488,1.9956786537999671,1.236433701309239,2.9775685365661952,0.559684498252152
345,0.9505405405405408,0.8212539005367983,0.8519754387176266,0.8437168163876174,0.7704113781329447,0.0540540540540561,0.1074387321587041,0.1070371170139899,0.1084407509546094,0.1081045350747767,0.081934437896613,0.1065288850905118,0.2108828917251091,0.0955969397278407,0.12502673338385,2.013795754606687,1.236433701309239,2.9775685365661952,0.5091679655444294
346,0.9502702702702704,0.8216602249149458,0.8528245555517792,0.8434406457890811,0.7708145573943953,0.0540540540540561,0.1073865358552664,0.1070101469215177,0.1083183345874636,0.1080673875278395,0.0818694587315455,0.1065166885480894,0.210871152937159,0.0953233519757661,0.1246465071574209,2.012757870536209,1.236433701309239,2.9775685365661952,0.4691839208103737
347,0.948918918918919,0.8221235625291322,0.8536715372294523,0.8435694679271155,0.7715393200646159,0.0540540540540561,0.1073375623525951,0.1069850871984566,0.1087986903999711,0.1081895671355388,0.0819651171517069,0.1065048047886176,0.2108596170264235,0.0950028046845065,0.12420765629457,2.0060083619307894,1.236433701309239,2.9775685365661952,0.5173163289964592
348,0.95,0.8195655566972682,0.853356490401211,0.8431085044819894,0.769959239115376,0.0540540540540561,0.1078916823094408,0.1069618074375119,0.1086532757784909,0.1083389196843993,0.0816728714987943,0.1065168387342034,0.210871152937159,0.0966201809938779,0.1264886021480117,1.9986110556908057,1.236433701309239,2.9775685365661952,0.5175442579383589
349,0.9510810810810812,0.8200564397320873,0.8529949266771549,0.8420923795591437,0.7695811433897545,0.0540540540540561,0.1078099103416985,0.1069401854585326,0.1085170479695815,0.1082255472406837,0.0822503237763339,0.10652793340911,0.2108828917251091,0.0962963645959242,0.1260386050970632,2.003930170334697,1.236433701309239,2.9775685365661952,0.5542749374075645
350,0.951891891891892,0.8182288624031403,0.8527893346786952,0.842404225999428,0.7686805398861857,0.0540540540540561,0.1077330593853612,0.1069201068827892,0.1083895179305112,0.1081648222890813,0.0821655388638757,0.1065381658653156,0.2108948392644047,0.0977324763630558,0.1279046079041789,2.0031014337737565,1.236433701309239,2.9775685365661952,0.5594692467012041
351,0.9510810810810812,0.817924767241343,0.8533305778470717,0.8432019738327106,0.7690691027393548,0.0540540540540561,0.1076608994912326,0.1069014647159057,0.1082702110988763,0.1081469458976642,0.0822380025234354,0.1065476062921548,0.2109070016617937,0.0980079656098855,0.1282447830130405,2.002412982162705,1.236433701309239,2.9775685365661952,0.570566733872945
352,0.9508108108108112,0.817758547699279,0.852409346321397,0.844047401190779,0.7688999147039642,0.0540540540540561,0.1075932030547995,0.1068841589414946,0.1081586685073443,0.1080868332445421,0.0824978320832564,0.1065563187049655,0.210919385267978,0.0981740450965901,0.1284448507733207,1.99943560703374,1.236433701309239,2.9775685365661952,0.5550811462483635
353,0.9500000000000004,0.8185513755978063,0.8535238643890307,0.843520355982675,0.7695542023306454,0.0540540540540561,0.1075297459993663,0.1068680961271003,0.1080544476494024,0.1080596582460238,0.0823366086845625,0.1065643615538693,0.210919385267978,0.0976056386223635,0.1276837514025106,1.9976198663759277,1.236433701309239,2.9775685365661952,0.5710862015532451
354,0.9505405405405408,0.8179669801394671,0.8547381442347401,0.8436940010801566,0.7698099347681417,0.0540540540540561,0.1074703087933178,0.1068531890436882,0.1079571231169112,0.1080521760796459,0.0827385456038474,0.1065717882633909,0.2109319966895675,0.0980888155211136,0.1282978654638739,1.987000378492381,1.236433701309239,2.9775685365661952,0.578513877017607
355,0.951351351351352,0.8197278754761145,0.8539358391226242,0.8438504262688963,0.7705831963872182,0.0540540540540561,0.1074146773087102,0.1074393896827352,0.1078662870310538,0.1081332856160393,0.0818669441971473,0.1065786477119983,0.2109319966895675,0.0967763808293006,0.1265647858695303,1.989955940551828,1.236433701309239,2.9775685365661952,0.5816447048096712
356,0.9502702702702712,0.8169694300251047,0.8528023898597183,0.8448841815340784,0.7692968989075523,0.0540540540540561,0.1079626769135805,0.1073877956827256,0.107781549288455,0.1083123114973473,0.0817886544340807,0.1065849846592963,0.2109448428016858,0.0985170715701306,0.1290492315181046,1.9957855148584625,1.236433701309239,2.9775685365661952,0.5588685301794075
357,0.9502702702702708,0.8167902915519549,0.853504928681579,0.8442965710227986,0.7691877410273331,0.0540540540540561,0.1078752798197901,0.1073393039070996,0.107702537643926,0.1082581683984103,0.0829021914313107,0.106590840127465,0.2109448428016858,0.0987209723192927,0.1292720685381502,2.0139966428751284,1.236433701309239,2.9775685365661952,0.5584399706830759
358,0.9489189189189198,0.8177899514707893,0.8518217769371342,0.8471592188942944,0.7702578290538424,0.0540540540540561,0.1077932594396366,0.1078938018789283,0.107628897650595,0.108381449169312,0.0836910029788705,0.1065962517425985,0.2109448428016858,0.0980178688907323,0.1283134188093923,2.0263968383173365,1.236433701309239,2.9775685365661952,0.5331538516122811
359,0.9486486486486498,0.8170650529770821,0.8510800185391275,0.8480869466777616,0.7698618869855971,0.0540540540540561,0.1083163824682862,0.1078123191637052,0.1075602924771651,0.1085539855087441,0.0828553620367742,0.1066012540407993,0.2109579307612581,0.0982873936362534,0.1287767557887748,2.0278337896670684,1.236433701309239,2.9775685365661952,0.5336023344960439
360,0.94891891891892,0.8173558601161295,0.8512417177013605,0.8476291890697253,0.7697962359570063,0.0540540540540561,0.1082055607955043,0.1077356819234504,0.1074964026208304,0.1084720322802733,0.0828578441567675,0.1066058787432096,0.2109579307612581,0.0981408972751599,0.1285413594861181,2.0261248083367565,1.236433701309239,2.9775685365661952,0.511833913609764
361,0.9486486486486498,0.8160436386493931,0.850993811864479,0.8481134277004803,0.7692350399268348,0.0540540540540561,0.108101506481878,0.1076636718450475,0.107436925533005,0.1084123478852045,0.0830299991176895,0.1066101550036042,0.2109579307612581,0.0992006426081582,0.1299056081096678,2.017274572188141,1.236433701309239,2.9775685365661952,0.5343062031308701
362,0.9475675675675688,0.8158940375346216,0.8491696436382565,0.8478209050895751,0.7685392122266776,0.0540540540540561,0.1080038910141219,0.1087961382905089,0.1073815751735774,0.1085461326627131,0.0831495375832564,0.106614109631674,0.2109712680210168,0.0993865844667614,0.1301040169583174,1.9989740617451988,1.236433701309239,2.9775685365661952,0.55561055572705
363,0.9472972972972984,0.8146972718520052,0.8470220855053939,0.8474765883706032,0.7671429396960794,0.0540540540540561,0.1085124243153561,0.1092542065172851,0.1073300815079186,0.1087579019690959,0.0824474468819508,0.1066177672947308,0.2109712680210168,0.0999538794977582,0.1310465159903168,1.9945284483453127,1.236433701309239,2.9775685365661952,0.539980429272024
364,0.9462162162162174,0.8143752435735476,0.8455921853675256,0.8459119475061183,0.765636294346349,0.0540540540540561,0.1083879630165225,0.1090829301269319,0.1072821899594013,0.108572426667816,0.0832686761024653,0.1066211507002098,0.2109712680210168,0.1002674162101443,0.1314307749181912,1.992015955081846,1.236433701309239,2.9775685365661952,0.509426864270174
365,0.9467567567567576,0.8153335010772247,0.8449634900945482,0.8453941189875992,0.7655064897528614,0.0540540540540561,0.1082711656259771,0.1089217872462473,0.1072376608287531,0.1084458211618755,0.0837889292991524,0.1066242807610459,0.2109712680210168,0.099597094727434,0.1305309161097868,1.979901802294692,1.236433701309239,2.9775685365661952,0.5318059551500233
366,0.9478378378378386,0.8156191523699842,0.8458652363562947,0.8441308987742666,0.7657030995738857,0.0540540540540561,0.1081616519347489,0.1087703309574071,0.1077963020733553,0.1084626889433616,0.0837334017918704,0.1066271767457459,0.2109848623442543,0.0994504262884382,0.1303000216626413,1.9850431980279737,1.236433701309239,2.9775685365661952,0.5046106810613185
367,0.947297297297298,0.815928576354576,0.8447381957671073,0.8449872779219043,0.7656319861221571,0.0540540540540561,0.108059048755012,0.1086281141012152,0.1077190754662773,0.1083690820208199,0.0838541162744267,0.1066298564147557,0.2109848623442543,0.0992773863434204,0.1300418992679181,1.9760689032061969,1.236433701309239,2.9775685365661952,0.4994340727282874
368,0.947567567567568,0.8173298425469341,0.8441133847644318,0.845493063074461,0.7662073206435714,0.0540540540540561,0.1079629914913938,0.1084946924087125,0.1076467498843063,0.1082858368239556,0.0838066635394551,0.1066323361445298,0.2109848623442543,0.0982769484945897,0.1286886617073691,1.976796009772912,1.236433701309239,2.9775685365661952,0.487971234655076
369,0.9491891891891896,0.8179421573280432,0.8440296586659312,0.844560065036423,0.7659522170636954,0.0540540540540561,0.107873125444789,0.1083696272149109,0.1075790590530938,0.1081820512497849,0.0831079436446697,0.106634631040548,0.2109848623442543,0.0978743777783308,0.1281212799495625,1.9630889061492496,1.236433701309239,2.9775685365661952,0.4953587730588719
370,0.9486486486486492,0.816897045647265,0.8433523724451467,0.8436149160380539,0.7648336096957487,0.0540540540540561,0.1077891068684882,0.108852521158517,0.1075157458351372,0.1081975097082425,0.0829706263990181,0.1066367550403788,0.2109848623442543,0.0987194701829578,0.1292084009184906,1.9533528104084104,1.236433701309239,2.9775685365661952,0.5149918203479316
371,0.9478378378378384,0.8169238529598255,0.8429989024553974,0.8446634916363527,0.7652874342645221,0.0540540540540561,0.1077106037976373,0.1093041602868116,0.1074565625466101,0.1082780406706787,0.0828020580009591,0.1066387210077646,0.2109848623442543,0.0987392176939865,0.1292208451413559,1.949115051032013,1.236433701309239,2.9775685365661952,0.5010772752745819
372,0.9472972972972976,0.8182603736698024,0.8427913527929866,0.8472145840658386,0.7668972683595799,0.0540540540540561,0.1076372966735506,0.1091262763463223,0.1074012711879848,0.1082691860235544,0.0821044707127803,0.1066405408185961,0.2109848623442543,0.0977606208716737,0.1279209779934216,1.940052789425677,1.236433701309239,2.9775685365661952,0.5082253377092121
373,0.9475675675675678,0.8168308689035733,0.8421149117686868,0.8464375424663083,0.7656259614879474,0.0540540540540561,0.1081688988371079,0.1089593603521867,0.1079393938492399,0.1085309485627339,0.0825380902480891,0.1066422254395504,0.2109987218203591,0.09855677733702,0.1290846816778726,1.9311778364294547,1.236433701309239,2.9775685365661952,0.5175101053252247
374,0.9467567567567567,0.8187363991984483,0.8402659534520458,0.8478014552488837,0.7664962795597173,0.0540540540540561,0.108066317886962,0.1094015922122131,0.1078532072665425,0.1085740332639597,0.0818503200787036,0.1066437850000753,0.2109987218203591,0.0971708856827466,0.1272304418580704,1.930919376580436,1.236433701309239,2.9775685365661952,0.5063994388655008
375,0.947837837837838,0.8201855078915854,0.8411751520350937,0.8479010253161607,0.7675503163967899,0.0540540540540561,0.1079702267307705,0.1092163224816104,0.1077723770260697,0.1085073085214978,0.0813593692557715,0.1066452288583438,0.2109987218203591,0.0961244284895255,0.1258293787430291,1.92413105305221,1.236433701309239,2.9775685365661952,0.4931984249361828
376,0.9481081081081084,0.8206973497078259,0.8402427572392854,0.8488809763760041,0.7677525098813609,0.0540540540540561,0.1078802783832398,0.109042584526855,0.1076966287325186,0.1084134685463329,0.0817346718457568,0.1066465656617231,0.2109987218203591,0.0957799216935851,0.1253625111005544,1.9191141383851973,1.236433701309239,2.9775685365661952,0.5049798778585098
377,0.9483783783783786,0.8209212497596831,0.8415540231923885,0.848705134045261,0.7682820491045369,0.0540540540540561,0.1077961363929542,0.1088797903273519,0.1076256947868725,0.1083607769000349,0.0824760621652314,0.1066478034022615,0.2109987218203591,0.0956678864327411,0.12518068204384,1.8989555054348728,1.236433701309239,2.9775685365661952,0.5052500166685584
378,0.9486486486486488,0.8202587738363666,0.8412078368479808,0.8476901220328108,0.7671834610268136,0.0540540540540561,0.108317508972394,0.1087273649897889,0.1075593151725206,0.1084676731792858,0.0821326030894348,0.1066489494676283,0.2109987218203591,0.0958534083445027,0.1255824716774364,1.900773082005716,1.236433701309239,2.9775685365661952,0.526460775276807
379,0.94972972972973,0.8205367017263496,0.8415806530552301,0.84912644613056,0.7681009201113547,0.0540540540540561,0.1082052563491715,0.1085847488682226,0.1074972380992031,0.1084342848524543,0.0824626513093224,0.1066500106879191,0.2109987218203591,0.0957045647055609,0.1253606700990644,1.888150591398917,1.236433701309239,2.9775685365661952,0.5309975047061415
380,0.9505405405405408,0.8228048661840233,0.8409845196143099,0.8507393012686789,0.7696276702521412,0.0540540540540561,0.1081000450955158,0.1084513992865922,0.1074392205131292,0.1083756088427385,0.0821982616368509,0.1066509933786768,0.2109987218203591,0.094028999502992,0.1231451112682185,1.8811185738526237,1.236433701309239,2.9775685365661952,0.5221555961797462
381,0.9510810810810814,0.8217379490498885,0.840969790189943,0.8502743300898444,0.7687641046379716,0.0540540540540561,0.1086015401563036,0.1083267918975356,0.107385028482935,0.1085116859863684,0.0819656665731573,0.1066519033804626,0.2109987218203591,0.0946029879754441,0.12396128087196,1.8720975862186764,1.236433701309239,2.9775685365661952,0.5347495171741498
382,0.9502702702702706,0.822324735154886,0.8411865219141224,0.8489031587362317,0.7686685174259362,0.0540540540540561,0.1084705566825458,0.1082104217120704,0.1079316624359341,0.1085367392448247,0.0821781471670645,0.1066527460952715,0.2109987218203591,0.0942188796786061,0.1234399865038412,1.8913194989952655,1.236433701309239,2.9775685365661952,0.5472149457571593
383,0.94945945945946,0.8235244166388156,0.8410343892575487,0.8494402904525665,0.7693785994021072,0.0540540540540561,0.1083477149087711,0.1081018038345508,0.1078459043458865,0.1084555543359458,0.0816709070182065,0.1066535265200555,0.2109987218203591,0.0933788354152363,0.1223017259067987,1.9020743818137564,1.236433701309239,2.9775685365661952,0.5299599317926511
384,0.9497297297297304,0.8248192380057897,0.8423133287346539,0.8502692104370382,0.7709082312179031,0.0540540540540561,0.1082325992917277,0.108000473936478,0.1077654863329474,0.1084327957710185,0.0801766592918212,0.1066542492776025,0.2109987218203591,0.09245246703264,0.1210644623483463,1.896083817936487,1.236433701309239,2.9775685365661952,0.5303872797313793
385,0.9500000000000006,0.825092250730244,0.8425195034448687,0.8507654591692855,0.7712566588673834,0.0540540540540561,0.1081248040061325,0.1079059885013783,0.1076901338860098,0.1083779996183803,0.0799910753021373,0.1066549186449899,0.2109987218203591,0.0923061660332635,0.1208453472666894,1.8906696685764843,1.236433701309239,2.9775685365661952,0.5386512391462813
386,0.9505405405405412,0.8249834590601776,0.8426427324253629,0.850323039790205,0.7709939351847439,0.0540540540540561,0.1080239342951016,0.1078179248712147,0.107619579334726,0.108292859259921,0.0799769946713861,0.1066555385798107,0.2109987218203591,0.0924501822764431,0.1210045737922712,1.8883851702941647,1.236433701309239,2.9775685365661952,0.5346521950464037
387,0.9510810810810816,0.8244555713700055,0.8423147189759504,0.8506419394261694,0.7707195806859413,0.0540540540540561,0.1079296075730213,0.107735881122774,0.1075535626522203,0.1082144184554831,0.0798361403562363,0.1066561127443587,0.2109987218203591,0.092906633073102,0.121579624843484,1.890107698710945,1.236433701309239,2.9775685365661952,0.5297755130760524
388,0.952432432432433,0.8249879500372751,0.8407413673970479,0.8509907812004472,0.770384665021068,0.0540540540540561,0.1078414542988354,0.10765947580028,0.1074918321078232,0.1081085857358705,0.079453077508011,0.1066566445279382,0.2109987218203591,0.092550148780578,0.1210913228133073,1.883212877496407,1.236433701309239,2.9775685365661952,0.5479140207943809
389,0.951621621621622,0.8248067822314019,0.8411535710087967,0.851743687227519,0.7708319031057479,0.0540540540540561,0.1077591186390328,0.1075883475281996,0.1074341447801494,0.1080786322949054,0.0799741600957499,0.1066571370674484,0.2109987218203591,0.0927256662129231,0.1213136584490817,1.8902614176910737,1.236433701309239,2.9775685365661952,0.5690531001819488
390,0.951621621621622,0.8243485493739382,0.8403311393758192,0.8522972970392886,0.7704498879272208,0.0540540540540561,0.1076822589402704,0.1075221545259296,0.1073802669417924,0.1080128681205457,0.0801998935397692,0.1066575932663814,0.2110128548811629,0.0931212026441371,0.1218103211559266,1.8764432490682992,1.236433701309239,2.9775685365661952,0.5665536483086986
391,0.9513513513513522,0.8249146011154385,0.8400269916610631,0.8521328529646855,0.7705280552611903,0.0540540540540561,0.1076105480316622,0.1074605740437766,0.1073299743274375,0.1079426243895316,0.08062193444159,0.106658015812364,0.2110128548811629,0.0927333203645026,0.1212801248687302,1.882335896348005,1.236433701309239,2.9775685365661952,0.6118650052738549
392,0.9516216216216224,0.8243616944957046,0.8410838956785832,0.851637912734963,0.7704610890978296,0.0540540540540561,0.1075436733764164,0.1074033017374858,0.1072830522973787,0.1079022703410558,0.0811545973936371,0.1066584071933548,0.2110128548811629,0.093191094790738,0.121866468816087,1.876413624414277,1.236433701309239,2.9775685365661952,0.5639805750626823
393,0.9529729729729732,0.8232256591792233,0.842428097278935,0.8509747451626696,0.7702187248186356,0.0540540540540561,0.1074813370918038,0.1073500509964944,0.107239295908314,0.1078744669270917,0.0813775949975033,0.1066587697126057,0.2110128548811629,0.0940949726336744,0.1230336722748745,1.8735535181321337,1.236433701309239,2.9775685365661952,0.5727269610386689
394,0.9532432432432436,0.823571328406005,0.8430166333993485,0.8494701486976777,0.770157867036454,0.0540540540540561,0.1077812394015144,0.1073005522391584,0.1077985432861137,0.1080647499336949,0.0802671001234942,0.1066591055024843,0.2110128548811629,0.0936423122702408,0.122538051893238,1.8676203950916213,1.236433701309239,2.9775685365661952,0.5898176751738458
395,0.9532432432432436,0.8232118487389165,0.843250491410859,0.8484283412932921,0.7695727688269619,0.0540540540540561,0.107705324359345,0.1072545521864071,0.1077217823226623,0.1079835086991484,0.080437844713016,0.1066594165372454,0.2110128548811629,0.0939706530083845,0.1229354890814109,1.8750901956189363,1.236433701309239,2.9775685365661952,0.5604742510756455
396,0.9529729729729732,0.8230583458172153,0.8410713982746237,0.8483912477105525,0.7686242062960413,0.0540540540540561,0.1076341866340673,0.1078117039526414,0.1076498044490212,0.1080091089111299,0.0816616967888175,0.106659704644836,0.2110128548811629,0.0941354474178874,0.1231245608657507,1.8780737141970236,1.236433701309239,2.9775685365661952,0.5697587565633014
397,0.953513513513514,0.8202603798251059,0.8421192708970764,0.8484966430020608,0.76784838204268,0.0540540540540561,0.1087168893622809,0.1077332537889672,0.1075823628161726,0.1084298989684264,0.0817244278924854,0.1066599715178076,0.2110128548811629,0.0956325474749947,0.125381175493754,1.892280929040447,1.236433701309239,2.9775685365661952,0.5457932735635291
398,0.9532432432432436,0.8201139244074485,0.8420339061897663,0.8471775399480758,0.7670618578595643,0.0540540540540561,0.1085807303448973,0.1076598066896096,0.1075192169726278,0.1083010076019888,0.0821513634304222,0.1066602187234026,0.2110128548811629,0.0958342263142675,0.1255957104201028,1.9018404769452335,1.236433701309239,2.9775685365661952,0.5253940920399982
399,0.954864864864865,0.8197025097849402,0.8410376453720662,0.8472900451960312,0.7664292749562882,0.0540540540540561,0.1084526939391295,0.1075910873242134,0.1074601335284364,0.1082030168626472,0.0818880381775851,0.1066604477128844,0.2110128548811629,0.0962214510128067,0.1260711432454948,1.8949385490107835,1.236433701309239,2.9775685365661952,0.5643540921211063
400,0.9543243243243242,0.8197372748879062,0.8422752809066723,0.8459201067644027,0.7665371957736932,0.0540540540540561,0.1083324101145361,0.1075268303549069,0.1080049200772717,0.1082647382649956,0.0811445394656944,0.1066606598301626,0.2110128548811629,0.0962598528373857,0.1260965200548262,1.891891338249672,1.236433701309239,2.9775685365661952,0.5666615448801836
401,0.9545945945945946,0.8176429042428203,0.8435298641054741,0.8461366019669849,0.7661588396766078,0.0540540540540561,0.1088195372876036,0.1074667806691465,0.1079145323956908,0.1084679871472458,0.0817929537724528,0.106660856319772,0.2110128548811629,0.0975598585102664,0.1279473271133779,1.8904327508005705,1.236433701309239,2.9775685365661952,0.5784044949319798
402,0.9554054054054052,0.817711762397562,0.8443715652085857,0.847239561351296,0.767024069414126,0.0540540540540561,0.1086749006786849,0.1074106935344192,0.1078297286704164,0.1084483020846914,0.0827479908369592,0.1066610383342525,0.2110128548811629,0.0975876100636424,0.1279507872630956,1.898634216032201,1.236433701309239,2.9775685365661952,0.5587852571102131
403,0.9551351351351351,0.8191266459657898,0.844388547757942,0.8499786798833149,0.7688902196409806,0.0540540540540561,0.1085391030335745,0.1073583346786795,0.1077502280848079,0.1084540634384697,0.0824311620136361,0.1066612069409778,0.2110128548811629,0.0965923936731351,0.1266038025174226,1.8927673654912127,1.236433701309239,2.9775685365661952,0.5683554495637759
404,0.954054054054054,0.8201287507407836,0.8456178454692035,0.8494751089005639,0.7698738716919293,0.0540540540540561,0.1084117151644474,0.1073094803014967,0.1082756353597456,0.1085006451135202,0.081900059518907,0.1066613631284718,0.2110128548811629,0.0959046427814218,0.1256653916769921,1.9064558063746784,1.236433701309239,2.9775685365661952,0.5395007959665369
405,0.9535135135135137,0.8205338480404067,0.844057959747248,0.8498727061249653,0.7694854348743023,0.0540540540540561,0.108292314359383,0.1072639170216758,0.1081671753446866,0.1083845908077411,0.0813623560371961,0.1066615078122535,0.2110128548811629,0.095668799533273,0.1253199947799015,1.9103775728979249,1.236433701309239,2.9775685365661952,0.5823988265454966
406,0.9543243243243243,0.8211363150525547,0.8445435981982026,0.8506699020895513,0.7702971524807911,0.0540540540540561,0.1081804863782982,0.1072214417676141,0.1080653896649224,0.1083479542584275,0.0808595340427122,0.1066616418402472,0.2110128548811629,0.0952739244651064,0.124773441758296,1.916687262831512,1.236433701309239,2.9775685365661952,0.5912651878370818
407,0.9548648648648652,0.8216527498603803,0.8449926137397017,0.850132924692059,0.7704629696821417,0.0540540540540561,0.1080758271291916,0.1071818616169308,0.1079699469569647,0.1082778299520975,0.0811811622557708,0.1066617659977858,0.2110128548811629,0.0949453671985288,0.1243093365750238,1.9253773360601405,1.236433701309239,2.9775685365661952,0.6123570151311646
408,0.9543243243243248,0.82188419754799,0.8453701279938517,0.8501215224294698,0.7707555183712418,0.0540540540540561,0.1085779774294597,0.1071449935919446,0.1078805221824175,0.1084642571760309,0.0812902977808728,0.1066618810122468,0.2110128548811629,0.094484688668061,0.1238268137372798,1.9452888571142504,1.236433701309239,2.9775685365661952,0.6052164814434168
409,0.9543243243243248,0.8223208400125748,0.8462644911741125,0.8503106292518691,0.7713777219217703,0.0540540540540561,0.1084477308869566,0.1071106644174809,0.1077967979308253,0.1084268694989315,0.0822418807275158,0.1066619875573379,0.2110128548811629,0.0942243753883079,0.1234552945439472,1.9484296930533176,1.236433701309239,2.9775685365661952,0.5851076234114921
410,0.9529729729729736,0.8219954296295607,0.8464774457478633,0.8513742829546349,0.7717419463662045,0.0540540540540561,0.1083256886673526,0.1070787102472377,0.1077184655041321,0.1083970196600764,0.0816912485012478,0.1066620862570684,0.2110128548811629,0.0945403880088038,0.1238417260367629,1.956116360035383,1.236433701309239,2.9775685365661952,0.5728317787640352
411,0.9537837837837844,0.8221768206935295,0.8483628202534212,0.850262192156087,0.7721246879761567,0.0540540540540561,0.1082114184943876,0.1070489763646024,0.1076452257974251,0.1083534957681193,0.0817171247128655,0.1066621776894216,0.2110128548811629,0.0944777920345943,0.1237174700592771,1.961934964902985,1.236433701309239,2.9775685365661952,0.5789377908135782
412,0.9529729729729736,0.8221394348794889,0.8484505893825837,0.8508141490958114,0.7724798504073297,0.0540540540540561,0.1081044999881656,0.1076213502438144,0.1075767899920334,0.1084432052352293,0.0823182469680725,0.1066622623897579,0.2110128548811629,0.0945629928604449,0.1238083151264277,1.9769231770183824,1.236433701309239,2.9775685365661952,0.5812161066238338
413,0.9527027027027032,0.8246150537413414,0.8487217804536074,0.8504875588679576,0.7737231431647428,0.0540540540540561,0.1080045258469102,0.1075568680043058,0.1080492639168029,0.1084961589809721,0.0817224881045228,0.1066623408539639,0.2110128548811629,0.092723498018568,0.1213826833352035,1.9923670571454943,1.236433701309239,2.9775685365661952,0.5614234795740161
414,0.9524324324324333,0.8252807603858371,0.8483132233890608,0.8492280583367027,0.7732370430841984,0.0540540540540561,0.1079111027762688,0.107496367962346,0.1079554773260688,0.1083706820024129,0.0820106316203614,0.106662413541367,0.2110128548811629,0.092272888405567,0.1207636882260284,1.985955901388116,1.236433701309239,2.9775685365661952,0.5675502289867693
415,0.9516216216216224,0.8244622861285879,0.8490483783312623,0.8498089195516006,0.7732951657988748,0.0540540540540561,0.1083834441832684,0.1074396486628198,0.1078675370587009,0.1085607329026775,0.0821422231545658,0.1066624808774367,0.2110128548811629,0.0926691069312969,0.1213459917797779,1.9863062055174037,1.236433701309239,2.9775685365661952,0.5696796862914615
416,0.9505405405405416,0.8249569259772542,0.8474390348469055,0.8507613343781695,0.7734199074283,0.0540540540540561,0.1082661949149821,0.1079865468149418,0.1077851425218141,0.1086120202208099,0.0822523960332834,0.1066625432562824,0.2110128548811629,0.0923578154396704,0.1209099765652542,1.9959327446690884,1.236433701309239,2.9775685365661952,0.5629135751188458
417,0.9513513513513524,0.8257770683804908,0.8472253459162775,0.8507071747619784,0.7736981577751605,0.0540540540540561,0.1081563675918599,0.1078980446452156,0.1077080004569757,0.1085257618399759,0.0815110525582257,0.1066626010429693,0.2110128548811629,0.0917830001492375,0.1201447478235789,1.990789413680016,1.236433701309239,2.9775685365661952,0.5512984266391409
418,0.9516216216216226,0.824987774667234,0.8479217232200515,0.851640759855178,0.773974481141016,0.0540540540540561,0.1080535653175182,0.1078149242905577,0.1076358258785804,0.1085017225967017,0.0817846218660183,0.1066626545756615,0.2110128548811629,0.0924396102127007,0.120985442674007,1.979399002474908,1.236433701309239,2.9775685365661952,0.563708658696996
419,0.951081081081082,0.8253106098940686,0.8481158490597817,0.8516064125843189,0.7742075792056897,0.0540540540540561,0.1079574031622529,0.1077369265570821,0.1075683428334741,0.1084355904392242,0.0809446053954159,0.1066627041676065,0.2110128548811629,0.0922385030260377,0.120710688524805,1.983354302866784,1.236433701309239,2.9775685365661952,0.5495020724321369
420,0.9518918918918928,0.8265329239297767,0.8486591411461017,0.8514242915348728,0.7750796253448036,0.0540540540540561,0.1078675090482393,0.1076637961302129,0.1081053183790935,0.108518826841793,0.0801201261371741,0.1066627501089721,0.2110128548811629,0.0913653245491012,0.1195333215461034,1.991344877261378,1.236433701309239,2.9775685365661952,0.551013918339341
421,0.9518918918918928,0.8245198297288456,0.8492925658136217,0.8507790964412503,0.7741711393781969,0.0540540540540561,0.1083835578128516,0.1075952827237965,0.1080076698059072,0.108686903368535,0.0806392589694561,0.1066627926685513,0.2110128548811629,0.0925956478102796,0.1212883913647282,2.0006529324027365,1.236433701309239,2.9775685365661952,0.5041453319527459
422,0.951081081081082,0.8249598621714935,0.850374505453162,0.8496741673257698,0.7743110320440252,0.0540540540540561,0.1082663784797512,0.1075311420563273,0.1079161188609668,0.1086057279793333,0.0806396642167694,0.1066628320953347,0.2110128548811629,0.0923327142173734,0.120906948588631,2.002310734826602,1.236433701309239,2.9775685365661952,0.5274564270324206
423,0.9502702702702708,0.8257519034856731,0.8503247874207923,0.8491644014830736,0.7744621533037374,0.0540540540540561,0.1081566084983847,0.1074711366630362,0.1078303503089515,0.1085138175519326,0.0807943970654685,0.1066628686199745,0.2110128548811629,0.0917921102490597,0.1201697922651342,2.006074139290246,1.236433701309239,2.9775685365661952,0.5263947065246519
424,0.950270270270271,0.823388990181932,0.8504465894751246,0.8488391811901507,0.7732895074731556,0.0540540540540561,0.1085678971912967,0.1074150365544245,0.1077500569255204,0.1086341040204236,0.0803408755034282,0.1066629024561332,0.2110128548811629,0.0933397506841715,0.1223270612224196,2.004259129701208,1.236433701309239,2.9775685365661952,0.523629845501535
425,0.9500000000000006,0.8245634969911937,0.8507425621465802,0.8480234208024129,0.7735205169316345,0.0540540540540561,0.1084392296418129,0.1073626197330597,0.1076749404182082,0.1085377073402197,0.0800684441972237,0.1066629338017378,0.2110128548811629,0.0925331968319377,0.1212168881878998,2.0075221089892747,1.236433701309239,2.9775685365661952,0.530824590398609
426,0.951351351351352,0.8250764432952745,0.8510461378778783,0.8478257266933343,0.7737321762350235,0.0540540540540561,0.1083185536246698,0.1073136725811665,0.1076047121691075,0.1084678537160627,0.0805571908805962,0.1066629628401386,0.2110128548811629,0.092219145042857,0.1207642798923904,1.99888713431672,1.236433701309239,2.9775685365661952,0.5307899408403578
427,0.9516216216216222,0.8264040247563407,0.849852993862744,0.8487022948213556,0.7743602643835775,0.0540540540540561,0.1082054622246175,0.1078680235150186,0.1075390938129897,0.1085367451174453,0.0791523247894467,0.106662989741184,0.2110128548811629,0.0912748100126445,0.1194932441313507,2.0009137033550277,1.236433701309239,2.9775685365661952,0.5426257870651969
428,0.9505405405405412,0.8251522351866963,0.8496418948668857,0.8488142846750606,0.7736569596027623,0.0540540540540561,0.1080995578713955,0.1077866499299951,0.1074778176652574,0.1084560261514413,0.0796193253797773,0.1066630146622147,0.2110128548811629,0.0922948996701021,0.1207979858776058,1.99784968893656,1.236433701309239,2.9775685365661952,0.5722037851960757
429,0.950270270270271,0.8253875374393551,0.8506065987711368,0.849139480080092,0.7743071828415438,0.0540540540540561,0.1080004536946257,0.1077103321906578,0.107420627014438,0.1084242058271928,0.0794407621112495,0.1066630377489862,0.2110128548811629,0.0921589680909145,0.1206122357133316,2.005494709604842,1.236433701309239,2.9775685365661952,0.5643176253216066
430,0.9502702702702708,0.8254399447175114,0.8510063282865277,0.8483833808779986,0.7741628662820691,0.0540540540540561,0.1079077746317742,0.107638811999394,0.1073672762938806,0.1083505111178649,0.0791469424383801,0.1066630591365211,0.2110128548811629,0.0921700124216365,0.1206061679666014,2.008667917756257,1.236433701309239,2.9775685365661952,0.5360674171535574
431,0.950540540540541,0.8251852586824344,0.8500431403803348,0.8496175265594763,0.7741236114036201,0.0540540540540561,0.1084211916904801,0.1075718372353216,0.1073175311469786,0.108524311116076,0.0784284341571814,0.106663078949901,0.2110128548811629,0.0920686352027863,0.1206041454723255,2.010453157376584,1.236433701309239,2.9775685365661952,0.5186485872938309
432,0.9513513513513518,0.8250692028365865,0.8505015947936988,0.8485029253365864,0.773799641478995,0.0540540540540561,0.1083015293956901,0.1075091627554172,0.1078712017822751,0.1085800505076506,0.078908351894661,0.1066630973049983,0.2110128548811629,0.0922270341607093,0.1207800324655684,2.0093301975338456,1.236433701309239,2.9775685365661952,0.5324456981333582
433,0.9508108108108112,0.8239183552804547,0.8516857841441648,0.8475664468186912,0.7732793010753843,0.0540540540540561,0.1081894201834481,0.1074505510487692,0.1077892496458943,0.1085127219854144,0.0785686319266598,0.1066631143091536,0.2110128548811629,0.093170667472018,0.1219869346278216,1.990634224363165,1.236433701309239,2.9775685365661952,0.5268160026610872
434,0.9510810810810816,0.8230257102058504,0.85059577300781,0.8483291202746787,0.7726978354568372,0.0540540540540561,0.1086844964661259,0.1073957727542813,0.1077124411568377,0.1086616964974417,0.0789013194013107,0.1066631300618063,0.2110128548811629,0.0935579761354632,0.1226320415610868,2.008540193274491,1.236433701309239,2.9775685365661952,0.5347730882880682
435,0.9505405405405408,0.8221393023526731,0.851127520615459,0.8465430250562679,0.7718178515603944,0.0540540540540561,0.1085475424802589,0.1073446070529729,0.108237007495116,0.1086792439012894,0.0795141543876765,0.1066631446550737,0.2110128548811629,0.0943073232573277,0.1235869264071972,2.0177114727109604,1.236433701309239,2.9775685365661952,0.5470581480051548
436,0.9508108108108112,0.8228245448445789,0.8503403267399671,0.8457994029667735,0.7714298173879328,0.0540540540540561,0.1084191491592966,0.1072968419464749,0.1081311826876496,0.1085510703222902,0.0786149394670891,0.1066631581742929,0.2110128548811629,0.0938703403803331,0.122965880575773,2.016336574744694,1.236433701309239,2.9775685365661952,0.5129409754398613
437,0.9508108108108112,0.8246977090785237,0.8508921010900937,0.8459943253287746,0.7726934696082296,0.0540540540540561,0.1082988732521137,0.1072522744334407,0.1080318694429704,0.10850114492047,0.0781377800093792,0.1066631706985176,0.2110128548811629,0.092514129418073,0.1211528542954195,2.01749769126485,1.236433701309239,2.9775685365661952,0.4983508474697418
438,0.9494594594594596,0.8247546132619175,0.8501857991674266,0.8473689353586604,0.7730061603373131,0.0540540540540561,0.1081862827861124,0.1072107105954446,0.1079387437176178,0.1084470047076697,0.0778869850100567,0.1066631823009831,0.2110128548811629,0.0925319034302542,0.1211522453450265,2.024530265316879,1.236433701309239,2.9775685365661952,0.5125844995949066
439,0.9491891891891896,0.8248114799517249,0.8497282279392695,0.8487056465753996,0.7733691509170671,0.0540540540540561,0.1080809583752211,0.1071719656035861,0.1078514879382157,0.1083959718315533,0.077776550979584,0.1066631930495331,0.2110128548811629,0.0925391230666749,0.1211480408606645,2.020973523611579,1.236433701309239,2.9775685365661952,0.525504553933517
440,0.9508108108108112,0.8243453481924451,0.8503287065638347,0.8501434237971758,0.773984287784549,0.0540540540540561,0.1079824942728693,0.1071358636564894,0.1077697921977308,0.1083880318640943,0.0782676276796188,0.1066632030070174,0.2110128548811629,0.0929522188084631,0.1216634046711204,2.025696981432433,1.236433701309239,2.9775685365661952,0.5223697298976536
441,0.94945945945946,0.8242815046752088,0.8507182348245489,0.8505900642836265,0.7743362464239114,0.0540540540540561,0.1078904991898959,0.1071022378597489,0.1076933552533814,0.1083495227314619,0.0783056523120755,0.1066632122316596,0.2110128548811629,0.0930551323110293,0.1217732457298432,2.026586310975725,1.236433701309239,2.9775685365661952,0.5526464565825813
442,0.948918918918919,0.8249396844824701,0.8520364002599643,0.8504515580752061,0.7751389799843822,0.0540540540540561,0.1078045968983506,0.1070709300561483,0.1076218853381818,0.1083235734792589,0.0796462285624877,0.1066632207773972,0.2110128548811629,0.0926060547427378,0.1211580170683545,2.0389859953728515,1.236433701309239,2.9775685365661952,0.5668953657366067
443,0.94972972972973,0.8251442953841157,0.8505440412954965,0.8518939083816087,0.775209455296912,0.0540540540540561,0.108324460024191,0.1076418239983751,0.1075551007997326,0.1086793022837178,0.0801399886117922,0.1066632286941973,0.2110128548811629,0.0921229942633693,0.1206934746037888,2.023610995231819,1.236433701309239,2.9775685365661952,0.591624366369148
444,0.950810810810811,0.8246947165812786,0.8499487585221623,0.8523293944419561,0.7748783547900469,0.0540540540540561,0.1082109170702211,0.1075759518830795,0.107492730580883,0.1085937633267103,0.0802627942106524,0.1066632360283502,0.2110128548811629,0.0925260321109788,0.1211998248836107,2.0253458698140507,1.236433701309239,2.9775685365661952,0.595414257727245
445,0.951621621621622,0.8241579439044999,0.8501101599186864,0.8516035198294144,0.7743249189934879,0.0540540540540561,0.1081046064088318,0.1075141479951583,0.1074345145573979,0.1084987211303031,0.0805198803680556,0.106663242822738,0.2110128548811629,0.0930040337717868,0.1217897528910839,2.0135001222682987,1.236433701309239,2.9775685365661952,0.5946070874684524
446,0.9502702702702704,0.8249034081064771,0.8515824786365878,0.8524930157234796,0.7757217681383065,0.0540540540540561,0.1080051346169086,0.1074562067900914,0.1073802037478356,0.1085001539236792,0.0803620675038552,0.1066632491170866,0.2110128548811629,0.092489190726652,0.1210940245850685,2.023280356127475,1.236433701309239,2.9775685365661952,0.5796161547551407
447,0.9510810810810814,0.825192194602074,0.8504190017444366,0.8531438980760161,0.7756400392363334,0.0540540540540561,0.1085121546116056,0.1074019275002681,0.1073295604105669,0.1086426250200948,0.0790552931714595,0.1066632549481977,0.2110128548811629,0.0919860301876595,0.1205517280921227,2.0099624575176427,1.236433701309239,2.9775685365661952,0.5634814473468392
448,0.9510810810810816,0.8269326342027173,0.8509912967131289,0.8531536322556507,0.7767508844953008,0.0540540540540561,0.1083864731064566,0.1073511147515928,0.1072823580423274,0.1085917180707765,0.078290621342288,0.1066632603501652,0.2110128548811629,0.0907259604567015,0.1188741292440543,1.99286061298114,1.236433701309239,2.9775685365661952,0.5728287515620638
449,0.9508108108108114,0.8265509739978999,0.850740620387168,0.8541662566423538,0.7770547374792528,0.0540540540540561,0.1087889681440872,0.1073035790758065,0.1072383812919468,0.1087374816013422,0.0772460935142865,0.1066632653545728,0.2110128548811629,0.0907431522947902,0.1190545419300568,2.000234426501981,1.236433701309239,2.9775685365661952,0.594831410002414
450,0.9513513513513516,0.8274923074592073,0.8520573266922874,0.8546161537721223,0.7782583640446874,0.0540540540540561,0.1086457115786865,0.107259137323661,0.107197425802013,0.1087187044318622,0.0772804057562908,0.1066632699906802,0.2110128548811629,0.0901271909722098,0.1181848367514493,1.9984807891883072,1.236433701309239,2.9775685365661952,0.5830845936292172
451,0.9518918918918922,0.8250331817253779,0.8518156502885712,0.8544978540808175,0.7769609271420583,0.0540540540540561,0.1091113402187265,0.1072176129852374,0.1071592979902528,0.1088699441961744,0.0771765330663991,0.1066632742855926,0.2110128548811629,0.0916997567406509,0.1204111481652586,2.0034297862867203,1.236433701309239,2.9775685365661952,0.5793457107174421
452,0.9521621621621624,0.8263971009775899,0.8509417772176515,0.8547542733126761,0.7774858052400677,0.0540540540540561,0.1089465830289486,0.1077770941068972,0.107123814781384,0.1089179695015009,0.0769879525311514,0.1066632782644213,0.2110128548811629,0.0907763483452261,0.1191296075079356,2.009797665597538,1.236433701309239,2.9775685365661952,0.5960694555688459
453,0.9518918918918922,0.8274002419172585,0.8507048864021547,0.8541797004470826,0.7776526843476459,0.0540540540540561,0.1087919723536027,0.1077022736611685,0.107090803299154,0.1088093303975601,0.0768500696234716,0.1066632819504285,0.2110128548811629,0.0900960026614746,0.1182037719059401,2.011490530419348,1.236433701309239,2.9775685365661952,0.5970458946690091
454,0.951891891891892,0.8244433321022744,0.8503411905220571,0.8539740688030641,0.7759696077186696,0.0540540540540561,0.1092468283731955,0.1076320478360741,0.1070601005272535,0.1089442538145337,0.0772521660796531,0.106663285365165,0.2110128548811629,0.092081291044161,0.1209332537111277,2.0075545214122643,1.236433701309239,2.9775685365661952,0.5588228137852287
455,0.9513513513513516,0.8233405615780256,0.8499338115197661,0.8546157668656051,0.7754679449500785,0.0540540540540561,0.1090722631520728,0.1075661890522066,0.1070315529468013,0.1088727467496531,0.0773207456926328,0.1066632885285953,0.2110128548811629,0.0930374901758436,0.122123306845938,2.0020833011695007,1.236433701309239,2.9775685365661952,0.5499718241256533
456,0.9516216216216218,0.8239737487597242,0.8501192294092945,0.8563440128646806,0.7765592289939289,0.0540540540540561,0.1089085358254665,0.1075044741427547,0.107005016157152,0.1088511585347659,0.0778917533124505,0.1066632914592147,0.2110128548811629,0.0926589560561023,0.1215719833275424,1.996033244843631,1.236433701309239,2.9775685365661952,0.5627201217377878
457,0.9524324324324324,0.8240942687114307,0.8500012151466643,0.8555560004383245,0.7761678470566337,0.0540540540540561,0.1087550967552554,0.1074466852084359,0.1069803544858919,0.1087435456409631,0.0783802196497328,0.1066632941741567,0.2110128548811629,0.0926630134582843,0.1215281829109416,1.9913335123218605,1.236433701309239,2.9775685365661952,0.541334090660007
458,0.952162162162162,0.8249577325993096,0.850414597157727,0.8550785686754179,0.7766425495457845,0.0540540540540561,0.1086114082821528,0.1073926103329669,0.1075564339334891,0.1088047889849137,0.0777351185727173,0.1066632966892942,0.2110128548811629,0.0920810521842827,0.1207365632596142,1.9872059983619117,1.236433701309239,2.9775685365661952,0.5653987601880207
459,0.9535135135135137,0.8237422364599668,0.8507714145807832,0.8547045808661662,0.7759854860289209,0.0540540540540561,0.1090769800991498,0.1073420441672371,0.107496465248596,0.1089469514477786,0.0771229362337006,0.1066632990193324,0.2110128548811629,0.0927344768903966,0.1217192734904579,1.985197575654712,1.236433701309239,2.9775685365661952,0.5561754320177102
460,0.9529729729729732,0.8224113040264136,0.8511170842977357,0.8542758292785444,0.7752271727766268,0.0540540540540561,0.109512510578874,0.1072947883915441,0.1074401819882853,0.1090808114107944,0.0774693141813608,0.106663301177893,0.2110128548811629,0.0934870473586303,0.1228324406841497,1.9903847796615937,1.236433701309239,2.9775685365661952,0.5678845620040259
461,0.953783783783784,0.8220717473820645,0.850330793465064,0.8547799783001309,0.7749185907089416,0.0540540540540561,0.1093196506388871,0.1072506520660082,0.1073873999155613,0.1089781734249571,0.0783959536335411,0.1066633031775962,0.2110128548811629,0.0938578683947539,0.1232684272984917,1.9841371951818887,1.236433701309239,2.9775685365661952,0.5642294629317535
462,0.9535135135135137,0.8228064059033051,0.8523293586223782,0.8558299637494123,0.7765892903877212,0.0540540540540561,0.1091388141442267,0.1072094518796789,0.1073379388859932,0.1089861783635376,0.0774578585588789,0.1066633050301331,0.2110128548811629,0.093405166683739,0.1226241870245815,1.985761690459925,1.236433701309239,2.9775685365661952,0.5465785546061819
463,0.9537837837837838,0.8231743756571949,0.8514492820130279,0.8553793890307914,0.7761392147241754,0.0540540540540561,0.1089693838581404,0.1071710123089404,0.107291623406571,0.1088634994676988,0.0784805826561437,0.1066633067463345,0.2110128548811629,0.0932287953854899,0.1223409324137349,1.9871768734447528,1.236433701309239,2.9775685365661952,0.5574414431256636
464,0.9532432432432434,0.8253032717023845,0.850268836660106,0.8552109282384164,0.7765661182107175,0.0540540540540561,0.1088107572560713,0.1071351656956579,0.107248283106623,0.1087495073909399,0.0780412599723591,0.1066633083362336,0.2110128548811629,0.0917006370953624,0.1202913496695799,1.995018082454084,1.236433701309239,2.9775685365661952,0.5686154279648872
465,0.950810810810811,0.8260777390956602,0.8501560874760687,0.8557442881152764,0.7771200748823405,0.0540540540540561,0.1086623485437903,0.1071017522551605,0.1072077531235998,0.1086898932659392,0.0774111820453575,0.1066633098091259,0.2110128548811629,0.0912040448310512,0.119591086632444,1.995962929832552,1.236433701309239,2.9775685365661952,0.5571726754373812
466,0.951891891891892,0.8232324983029136,0.8499697414424889,0.8551735445235699,0.7753504750523089,0.0540540540540561,0.1091236236753736,0.1070706200236525,0.1071698744079256,0.1088216174109096,0.0779611640476737,0.1066633111736224,0.2110128548811629,0.0931315063012488,0.1222056898593993,1.987672909906562,1.236433701309239,2.9775685365661952,0.5699913840659568
467,0.9494594594594594,0.8236225755440963,0.8519810594704968,0.8543925134523268,0.776104098490394,0.0540540540540561,0.1089552084131026,0.1070416247540427,0.1071344939521417,0.1087762471066372,0.0764500443544088,0.1066633124377002,0.2110128548811629,0.092921415444189,0.1218998202493521,1.990865058449534,1.236433701309239,2.9775685365661952,0.535306225626958
468,0.9502702702702704,0.8247414708535743,0.8522124249882737,0.8547306310926598,0.7768790256917555,0.0540540540540561,0.108797543203351,0.1070146297685105,0.1071014649502886,0.1087267524516718,0.0756114742398601,0.1066633136087498,0.2110128548811629,0.0921697984951816,0.1208597575447502,2.0009323700542034,1.236433701309239,2.9775685365661952,0.513063944639359
469,0.9483783783783784,0.8240301539675983,0.8519301542765616,0.8544608862722312,0.7762175884032946,0.0540540540540561,0.1086500422225133,0.1069895057754149,0.1070706468939027,0.1086385759594482,0.0773599350493065,0.1066633146936175,0.2110128548811629,0.0928051577207381,0.1216448249211449,1.992593702065836,1.236433701309239,2.9775685365661952,0.5231171858018605
470,0.9486486486486492,0.8248679759224845,0.8510062811682908,0.8533665851478388,0.7757364053101891,0.0540540540540561,0.1085121387054274,0.1069661306574323,0.1070419056112067,0.1085136244291424,0.0771528663984184,0.1066633156986457,0.2110128548811629,0.092237860826764,0.1208759547248012,1.981569460710149,1.236433701309239,2.9775685365661952,0.5568054147231233
471,0.947837837837838,0.8261955223242065,0.8519458147141684,0.8533879867641028,0.776843357991353,0.0540540540540561,0.1083832860687567,0.1069443892370915,0.1076151465533936,0.1086457272256686,0.0764782196871688,0.1066633166297102,0.2110128548811629,0.0912838008844346,0.1196128346414146,1.9906578510534327,1.236433701309239,2.9775685365661952,0.5549222612336873
472,0.9470270270270272,0.8245638307880807,0.8514166777308562,0.8525784583757223,0.7756079638368335,0.0540540540540561,0.1088629921232975,0.1075242064083429,0.1075514218669646,0.108909236560614,0.0761232217493231,0.1066633174922542,0.2110128548811629,0.0922505918410142,0.1210046731502704,2.0021511803905474,1.236433701309239,2.9775685365661952,0.5101704600087362
473,0.9481081081081084,0.8242427289982146,0.8506591779920566,0.8527673187800392,0.7751878975994341,0.0540540540540561,0.1093119597986938,0.1074666536500566,0.1074915836803463,0.1090156634587686,0.0759201819585339,0.1066633182913205,0.2110128548811629,0.0922164405699997,0.1211012911024383,2.0004955229992056,1.236433701309239,2.9775685365661952,0.5010285640355803
474,0.9481081081081082,0.8245296146961927,0.850678701265991,0.8527805009157471,0.7753258804118509,0.0540540540540561,0.1091318481629844,0.1074126026675356,0.1074354427143723,0.1089234350770724,0.0771050312031323,0.1066633190315806,0.2110128548811629,0.0920991563220609,0.1209044612223152,1.9923619948027464,1.236433701309239,2.9775685365661952,0.5417098158455298
475,0.9470270270270272,0.8252366145553941,0.8508787532967415,0.8531014289273503,0.7758321990946171,0.0540540540540561,0.1089630848276234,0.1073618834872749,0.1073828129486404,0.1088543116498177,0.0769043218613979,0.1066633197173624,0.2110128548811629,0.0916742394719446,0.1202818430307939,1.9913190025214575,1.236433701309239,2.9775685365661952,0.5693822047308441
476,0.947837837837838,0.8257198109546176,0.8497144120705237,0.8534785885937742,0.77571732092694,0.0540540540540561,0.1088050691684936,0.1073143290885096,0.107333512378905,0.1087447746784543,0.0764964364848693,0.106663320352675,0.2110128548811629,0.0913930975002788,0.1198776544611355,1.987221444083604,1.236433701309239,2.9775685365661952,0.5859181140783284
477,0.9489189189189192,0.8256402077559065,0.8479836000173924,0.8531516831759122,0.7747330325521956,0.0540540540540561,0.1086572179492325,0.1072697760556633,0.1072873636586556,0.108602433274145,0.0763479171710434,0.1066633209412328,0.2110128548811629,0.0915361162890135,0.1200311832694772,1.973853195642626,1.236433701309239,2.9775685365661952,0.5592258122695558
478,0.947837837837838,0.8253406901646023,0.8476982695485414,0.852960370514456,0.7743840314553034,0.0540540540540561,0.1085189667338529,0.1072280651351717,0.1072441946305242,0.1085146180822261,0.0775298331785778,0.1066633214864764,0.2110128548811629,0.0918503439722735,0.120399826468471,1.9784734132067168,1.236433701309239,2.9775685365661952,0.5347396727173588
479,0.946486486486487,0.8271023456548925,0.8478900162568768,0.8509432411566322,0.7746022107026136,0.0540540540540561,0.1083897709933357,0.1071890417000618,0.1078038721374858,0.1085301664365993,0.077273947844895,0.1066633219915937,0.2110128548811629,0.0905862807314322,0.1187027688484397,1.983001825564623,1.236433701309239,2.9775685365661952,0.5503336633572209
480,0.9467567567567572,0.8274256854336224,0.8488237850148324,0.8495324403844456,0.7745609957617193,0.0540540540540561,0.1082691069310126,0.1071525561270316,0.1077274091333219,0.108439988208268,0.0775789814710072,0.1066633224595376,0.2110128548811629,0.0904037286398408,0.1184397611008715,1.9814160375146792,1.236433701309239,2.9775685365661952,0.5571672434206946
481,0.9472972972972976,0.8275573942113206,0.8493385179514098,0.8512729822460594,0.775570215238351,0.0540540540540561,0.1081564720526245,0.1071184640917789,0.1076556188409637,0.1084396468659446,0.0769440248991024,0.1066633228930439,0.2110128548811629,0.090376884319201,0.1183643697623672,1.9607688003422876,1.236433701309239,2.9775685365661952,0.575653152547874
482,0.9483783783783788,0.8263381130069527,0.8493267238916296,0.85210472923965,0.7752921622659608,0.0540540540540561,0.1080513855072856,0.107086626789012,0.1075882732910105,0.1083990642704016,0.0776693964290947,0.1066633232946469,0.2110128548811629,0.0913817816341778,0.1196361942394048,1.957704714934416,1.236433701309239,2.9775685365661952,0.5491246602819121
483,0.9491891891891896,0.8264051653214143,0.8487896484144198,0.8514111097582855,0.7747551726419638,0.0540540540540561,0.1079533882253153,0.1070569110839777,0.107525148327818,0.1082959773074362,0.0783247797297577,0.1066633236666946,0.2110128548811629,0.0913852854482065,0.1196181405659282,1.964764628530751,1.236433701309239,2.9775685365661952,0.5604753443316504
484,0.9475675675675684,0.8268839166958554,0.8477461836836108,0.8519314924330266,0.7748046991786791,0.0540540540540561,0.1078620428781531,0.1076292229856773,0.1074660245736931,0.1083622738434356,0.077988319823817,0.106663324011362,0.2110128548811629,0.0910732013869457,0.1191850618650681,1.9802759347427883,1.236433701309239,2.9775685365661952,0.5615973307329822
485,0.947567567567568,0.8262049625099336,0.8474912227430282,0.8505444611200588,0.7737141990077393,0.0540540540540561,0.1077769336844382,0.1075646144598347,0.1074106882404399,0.1082468245991481,0.0778222977742026,0.1066633243306642,0.2110128548811629,0.0916390873837693,0.1199065706478465,1.9795806992754303,1.236433701309239,2.9775685365661952,0.5266099904887063
486,0.9483783783783788,0.825616824288509,0.8485229892170685,0.8498441822574238,0.7735372232528406,0.0540540540540561,0.1076976660849319,0.1075039373303241,0.1073589317974643,0.1081981742312056,0.0786887737158655,0.1066633246264678,0.2110128548811629,0.0921371102954813,0.1205343426690251,1.9711836089261547,1.236433701309239,2.9775685365661952,0.5389025477091722
487,0.9489189189189194,0.8246192049498018,0.8488805641698771,0.850836089419098,0.7736690350912643,0.0540540540540561,0.1076238663073574,0.1074470015971898,0.1073105545068417,0.1081798708727586,0.0789893275192892,0.1066633249005022,0.2110128548811629,0.0929395039701366,0.1215688618965189,1.9703543120014144,1.236433701309239,2.9775685365661952,0.5273041094956101
488,0.9486486486486492,0.8227672667186192,0.8475939910812933,0.8502163349561377,0.7721574294184941,0.0540540540540561,0.1081552142236167,0.1073936202578573,0.1078653962196652,0.108436666811598,0.0783408992836775,0.1066633251543695,0.2110128548811629,0.0940357078449545,0.1231551261695722,1.9705239216816213,1.236433701309239,2.9775685365661952,0.5835306581827505
489,0.9491891891891896,0.8236635599511197,0.847083073230053,0.8504927161380783,0.7726195279023038,0.0540540540540561,0.1080525495284879,0.1079436435019178,0.1077844444562727,0.1085065227544678,0.0775334781236041,0.1066633253895538,0.2110128548811629,0.0934049077579839,0.122310165284636,1.968017715631375,1.236433701309239,2.9775685365661952,0.5646740725365698
490,0.9489189189189192,0.823916963298874,0.8491976607739435,0.8489775005017088,0.7729647925752967,0.0540540540540561,0.1079565249964466,0.1078580661771074,0.107708488523811,0.1084532446939443,0.0785397280484733,0.1066633256074301,0.2110128548811629,0.0932665927680116,0.1221047742029028,1.9769210546802936,1.236433701309239,2.9775685365661952,0.5663195416138679
491,0.947837837837838,0.8238150746999999,0.849219906527262,0.8492760596248488,0.7729969055635145,0.0540540540540561,0.1078667641537786,0.1077776822747336,0.1076372780041032,0.1083952663439661,0.079683299160376,0.1066633258092722,0.2110128548811629,0.0934061677229574,0.1222515432231105,1.987232622060018,1.236433701309239,2.9775685365661952,0.545331957858668
492,0.9475675675675678,0.8241608668238481,0.8508378170243897,0.8493836584695812,0.7738447976460487,0.0540540540540561,0.1077829054577646,0.1077022437637372,0.1075705677032142,0.1083782706170342,0.0801749942249474,0.10666332599626,0.2110128548811629,0.0932005040374628,0.1219476804472691,1.990202531468556,1.236433701309239,2.9775685365661952,0.5512013445285957
493,0.9467567567567572,0.8236135537109607,0.8512850851044753,0.8489052110186276,0.7735136108978752,0.0540540540540561,0.1077046024757458,0.1076315058622555,0.1075081185545953,0.1083105546892858,0.0796960201201257,0.1066633261694867,0.2110128548811629,0.0936629048257925,0.1225341450511661,2.0088661007124595,1.236433701309239,2.9775685365661952,0.5476810895486764
494,0.945675675675676,0.8228433361167972,0.8513900868053996,0.8487187265611961,0.7730391344718635,0.0540540540540561,0.1076315239546789,0.1075652282370892,0.1074496983668143,0.1082476745014194,0.0796456995662038,0.1066633263299652,0.2110128548811629,0.094300180942922,0.1233409019058632,2.0205926623364694,1.236433701309239,2.9775685365661952,0.563576919334557
495,0.9470270270270272,0.8235508346056861,0.8521198008129836,0.8471609476050235,0.7732266789992909,0.0540540540540561,0.1075633537908009,0.1075031760214736,0.1079951158096015,0.1083026633417336,0.0797725680218226,0.1066633264786334,0.2110128548811629,0.093795234539445,0.1226674884989133,2.0208035979978134,1.236433701309239,2.9775685365661952,0.5368783003289795
496,0.9459459459459464,0.8251006493612957,0.8521137819630569,0.8459205959469697,0.7735646911670031,0.0540540540540561,0.1074997909094912,0.107445120661811,0.1085053610439578,0.1083473491881966,0.0798459292346821,0.1066633266163607,0.2110128548811629,0.0926494476167053,0.1211494551839584,2.0274722888883714,1.236433701309239,2.9775685365661952,0.5630660546979347
497,0.9445945945945948,0.8253024097324025,0.8522967398486064,0.8467876685299802,0.7740896555878909,0.0540540540540561,0.1074405490656011,0.1073908406055014,0.1083823667613284,0.1083134758504631,0.0802493258382084,0.1066633267439521,0.2110128548811629,0.0925226346532962,0.120977315734797,2.016451703398581,1.236433701309239,2.9775685365661952,0.5779093086503996
498,0.9451351351351353,0.8257273151693066,0.8494420061406587,0.8476817804838406,0.7735616642797573,0.0540540540540561,0.1073853565744625,0.1079401552261061,0.1082668207075558,0.108326982182694,0.0804998546337729,0.1066633268621537,0.2110128548811629,0.0922305498243854,0.1205800065434622,2.014676058915008,1.236433701309239,2.9775685365661952,0.5793853102383321
499,0.9443243243243244,0.8255157517537054,0.8489711416786061,0.8464572117670285,0.7726502131540818,0.0540540540540561,0.107333955983526,0.107854032010481,0.1081583691057716,0.108205836627905,0.0799041944734045,0.1066633269716564,0.2110128548811629,0.0924202462667524,0.1208172702545316,2.008323824004768,1.236433701309239,2.9775685365661952,0.5840178246081771
500,0.9467567567567567,0.8258827923546148,0.8494517781163552,0.8463589976430411,0.7729628617178599,0.0540540540540561,0.107286103694153,0.1077732407633578,0.1080566625519343,0.1081547547158069,0.0801344456420677,0.1066633270731005,0.2110128548811629,0.0921686329672941,0.1204741557983084,2.00939192448017,1.236433701309239,2.9775685365661952,0.5591515669189796
501,0.945945945945946,0.826501219064753,0.8491015197009475,0.846318012009048,0.7731103588679465,0.0540540540540561,0.1072415695425439,0.1082967794504488,0.1079613577570356,0.1082256727031063,0.0801718739579305,0.1066633271670789,0.2110128548811629,0.0917173793449044,0.1198779961639747,2.0215027472065588,1.236433701309239,2.9775685365661952,0.5514330420494105
502,0.9470270270270272,0.8264015750788772,0.8507831051203731,0.8457808505164472,0.7736090951682653,0.0540540540540561,0.1072001363481479,0.10818714673831,0.1084721524126066,0.1083379590500803,0.0808795465047952,0.1066633272541411,0.2110128548811629,0.0918156352894265,0.1199983567470489,2.025226731511879,1.236433701309239,2.9775685365661952,0.5419305175072333
503,0.945945945945946,0.8267137411436759,0.8502112721885711,0.84547245219527,0.7733214231272436,0.0540540540540561,0.1071615994372114,0.1080842270075588,0.1083498932053202,0.1082438117877361,0.080520273722154,0.1066633273347962,0.2110128548811629,0.0915963378485337,0.1197054591377178,2.030773217397507,1.236433701309239,2.9775685365661952,0.5164666603014215
504,0.9467567567567572,0.8258194204664528,0.8503761639099718,0.8438413582042201,0.7721953195297112,0.0540540540540561,0.107125766148404,0.1079876916001286,0.1082352307395289,0.1081349208335301,0.0810339275474339,0.1066633274095156,0.2110128548811629,0.0923002058027166,0.1206176964593453,2.0212580171381243,1.236433701309239,2.9775685365661952,0.5334636422442081
505,0.9470270270270272,0.8265284536470202,0.8506109250947308,0.8443399463956864,0.7728130475888443,0.0540540540540561,0.107092455326731,0.1078972174056505,0.108127778707722,0.1080932368883679,0.0804983103325267,0.1066633274787361,0.2110128548811629,0.0917732286362609,0.1199253186896139,2.0271347948469183,1.236433701309239,2.9775685365661952,0.5362600291671152
506,0.947837837837838,0.8276663724455403,0.8503654354014358,0.8437895987099059,0.7730129382168117,0.0540540540540561,0.1070614968112267,0.1078124882696826,0.1080271594084904,0.108007476061982,0.0797728431724458,0.1066633275428625,0.2110128548811629,0.0909175211505556,0.1188028791488465,2.012148342881796,1.236433701309239,2.9775685365661952,0.5455829783988392
507,0.9489189189189192,0.8277076759998289,0.8493418592404517,0.8447589269786744,0.7729784826978552,0.0540540540540561,0.1070327309212302,0.1077331961739235,0.107933005112829,0.1079531081709582,0.0791273968579411,0.1066633276022696,0.2110128548811629,0.0909005555230997,0.118775958539556,1.994744951030916,1.236433701309239,2.9775685365661952,0.5494612432202454
508,0.9494594594594596,0.8275768235193172,0.8490793554823469,0.8463291594812117,0.7734722723595734,0.0540540540540561,0.1070060079453872,0.1076590422034605,0.1078449591791416,0.1079460532181044,0.0794752322912308,0.1066633276573047,0.2110128548811629,0.0910144979982121,0.1189201725079891,1.9949923073349132,1.236433701309239,2.9775685365661952,0.555135629551029
509,0.9497297297297298,0.8287417060364872,0.849292516496724,0.8465264876334468,0.7742130168707814,0.0540540540540561,0.1069811876369059,0.1075897373175527,0.1077626769369849,0.1079131457321224,0.0794145748514209,0.1066633277082896,0.2110128548811629,0.0901349299600936,0.1177677001450596,1.9985959489162972,1.236433701309239,2.9775685365661952,0.5738169135296871
510,0.949189189189189,0.8282843627533895,0.8476252867049261,0.8439753665063624,0.7721903821600019,0.0540540540540561,0.1069581387180254,0.1075250029412852,0.1082858597435516,0.1078851329181528,0.0795564725812299,0.1066633277555224,0.2110128548811629,0.0904968079689922,0.1182365678875978,2.0166824363992237,1.236433701309239,2.9775685365661952,0.532965808799012
511,0.9499999999999996,0.8269803605609559,0.8476285354264823,0.8447813399142956,0.7717405972870759,0.0540540540540561,0.1075367717792986,0.1074645713957288,0.1081753622451699,0.1081478052627409,0.080308880621295,0.1066633277992791,0.2110128548811629,0.0911205006408501,0.119251253549395,2.011285968463817,1.236433701309239,2.9775685365661952,0.5216392085417545
512,0.9499999999999996,0.8273512509927403,0.8479738373530155,0.8446445899431653,0.7721880270800194,0.0540540540540561,0.1074781455867689,0.1074081861841058,0.1086718799894057,0.1082217160255303,0.079170942507304,0.1066633278398157,0.2110128548811629,0.0908684493105944,0.118909676213875,2.011900276629588,1.236433701309239,2.9775685365661952,0.5314939977772619
513,0.9505405405405404,0.8235410498729826,0.8477547045415812,0.8431318185250868,0.7696250312767218,0.0540540540540561,0.1085798774054566,0.1073556021509811,0.1085362147410368,0.1085301697483229,0.0795535165653231,0.1066633278773689,0.2110128548811629,0.0931332911098609,0.1221690114242891,2.008105054696188,1.236433701309239,2.9775685365661952,0.4905908444525942
514,0.9508108108108108,0.823637647106226,0.8484930748839775,0.8426598159353437,0.7697004939663209,0.0540540540540561,0.1084539241643978,0.1073065855307537,0.1084089733431936,0.1084588400270612,0.078971019580487,0.1066633279121586,0.2110128548811629,0.0931487068028363,0.1221353908115748,2.0037304733762893,1.236433701309239,2.9775685365661952,0.5032301524604162
515,0.9500000000000002,0.8251068663913235,0.850403375542812,0.8425921577732474,0.7711598843602125,0.0540540540540561,0.1083353342820545,0.1072609139007848,0.1082897269449958,0.1084353929818054,0.0796539311169436,0.106663327944388,0.2110128548811629,0.0921067504653535,0.120725466467649,2.0056494219431955,1.236433701309239,2.9775685365661952,0.5371505934256837
516,0.9505405405405406,0.8267715914653185,0.8513111897997931,0.8426910821092402,0.7723496571629243,0.0540540540540561,0.1082237931346972,0.107218376053428,0.1081780565742313,0.1083883599200373,0.079301681428798,0.1066633279742454,0.2110128548811629,0.0909179370748238,0.1191165119673329,2.0119034328947945,1.236433701309239,2.9775685365661952,0.5784304097282705
517,0.94972972972973,0.8252500593971984,0.8513596457114231,0.8417695825510936,0.7712018646220236,0.0540540540540561,0.1081189846562924,0.1071787718000814,0.1086735879367645,0.1084734498635941,0.0799193770498414,0.1066633280019056,0.2110128548811629,0.092134095075978,0.1206904482746548,2.0075651285879297,1.236433701309239,2.9775685365661952,0.6282581729993364
518,0.9494594594594596,0.8211737962217549,0.8521767859117508,0.841512860987057,0.7695590235088762,0.0540540540540561,0.1092206604074282,0.107141911719196,0.1085370993523859,0.1088495208357199,0.0807871460268488,0.1066633280275302,0.2110128548811629,0.0945514045786309,0.1242158735745309,2.0155141206364946,1.236433701309239,2.9775685365661952,0.6199738600371077
519,0.951621621621622,0.819607632198247,0.8521965188658566,0.841475393188276,0.7688102566832029,0.0540540540540561,0.1096508885451683,0.1071076168589923,0.1084091765878184,0.1089611808804299,0.0794796020814349,0.1066633280512691,0.2110128548811629,0.0954713034217043,0.1255669235291689,2.0050605794871483,1.236433701309239,2.9775685365661952,0.5845978248309258
520,0.9518918918918924,0.8194212960172202,0.8513193195203346,0.8423908258344593,0.7686877218866482,0.0540540540540561,0.1094524701730362,0.1070757184044805,0.108289371928604,0.1088546816843966,0.080061662257511,0.1066633280732608,0.2110128548811629,0.0957350572002222,0.1258524688962616,1.9982289124729784,1.236433701309239,2.9775685365661952,0.5990717808325885
521,0.9518918918918924,0.8199993498562712,0.8499417811592135,0.8428116939807647,0.7685043404428129,0.0540540540540561,0.1092659114986872,0.1070460573172658,0.1081772495910654,0.1087296509601607,0.0795639483772802,0.1066633280936341,0.2110128548811629,0.0954184936829918,0.125367694394385,1.9966993605436,1.236433701309239,2.9775685365661952,0.5854786381508841
522,0.951351351351352,0.8208335296383938,0.8496195115402371,0.8425382188583445,0.7685658308521739,0.0540540540540561,0.1090906732758836,0.1070184839555749,0.1080723869766573,0.1086146723566484,0.0805747349218838,0.1066633281125081,0.2110128548811629,0.0948924783154376,0.1246211337236642,1.9956529208906568,1.236433701309239,2.9775685365661952,0.5748376692683466
523,0.9508108108108112,0.8212973496916541,0.8507561462667718,0.8447912726551433,0.7702797855337531,0.0540540540540561,0.1089262185987516,0.106992857680956,0.107974375670443,0.1086278594017395,0.0814918351584135,0.1066633281299931,0.2110128548811629,0.0946416006957427,0.1242395410089701,2.0044809893935263,1.236433701309239,2.9775685365661952,0.5475361755193966
524,0.9508108108108112,0.8218777538361415,0.8512999932569416,0.843579628595962,0.7702447267715441,0.0540540540540561,0.1087720163107745,0.1069690464572066,0.1078828222049903,0.1085137366798018,0.0816840800953322,0.1066633281461913,0.2110128548811629,0.0942987905569348,0.123736238008471,2.012899221953086,1.236433701309239,2.9775685365661952,0.5217296573305942
525,0.9510810810810814,0.8219057641815359,0.8520179632264566,0.8439087432847441,0.7706993001598419,0.0540540540540561,0.1086275439322102,0.1069469264462562,0.1077973486116893,0.1084650509809426,0.081124490617649,0.1066633281611974,0.2110128548811629,0.0943623831900875,0.1237804638523585,2.0052316092744222,1.236433701309239,2.9775685365661952,0.5143071989654661
526,0.951891891891892,0.8232764295252701,0.8525206995198258,0.8440071563142588,0.7716023952139187,0.0540540540540561,0.1084922901336183,0.1069263816049873,0.1077175927816074,0.108416775476059,0.0798057302116199,0.1066633281750992,0.2110128548811629,0.0934005852305766,0.1224774254079207,1.98701083810074,1.236433701309239,2.9775685365661952,0.5597258761690314
527,0.951891891891892,0.822248989619576,0.8522016970164608,0.8450400795420259,0.7714344964812296,0.0540540540540561,0.1083657567871159,0.1069073032863122,0.1076432086576282,0.1083706514546318,0.0798083854076311,0.1066633281879779,0.2110128548811629,0.0942579638942566,0.1235681319868657,1.9830995757251917,1.236433701309239,2.9775685365661952,0.5957363043654885
528,0.9535135135135137,0.8214259188255436,0.8511706392569429,0.8441708898211837,0.7702840913388639,0.0540540540540561,0.1088474940126174,0.1068895898472259,0.1075738662788684,0.1084757647122404,0.0785922758882338,0.1066633281999088,0.2110128548811629,0.0945797455526493,0.1241503341681475,1.9767921747294708,1.236433701309239,2.9775685365661952,0.5762848422400354
529,0.9545945945945948,0.8199691961375156,0.8514797141267266,0.8425782860277268,0.7691807196318505,0.0540540540540561,0.1086982082654544,0.1068731462660349,0.1081092850804917,0.1085035560062001,0.0793342683604002,0.1066633282109617,0.2110128548811629,0.0957889761117901,0.1256816997297573,1.963099305525135,1.236433701309239,2.9775685365661952,0.5637345454913678
530,0.9532432432432436,0.8187213568827286,0.8499390149516476,0.8407014274227721,0.7672091214362581,0.0540540540540561,0.109157038708644,0.1068578837705011,0.1086103738618718,0.1086846556136014,0.0792716463561899,0.1066633282212012,0.2110128548811629,0.0964919629374108,0.1267001237629492,1.9705921708151024,1.236433701309239,2.9775685365661952,0.5515722834662984
531,0.9518918918918922,0.8198025800256751,0.8500533568499082,0.84026797275145,0.7674737422791402,0.0540540540540561,0.1089875746193965,0.10684371947824,0.1090789410937264,0.1087620917798503,0.0788920308887588,0.106663328230687,0.2110128548811629,0.095777584925345,0.125703632664627,1.9700379332398632,1.236433701309239,2.9775685365661952,0.564768728008295
532,0.9524324324324328,0.8197795840169418,0.849063644285264,0.8381145906987395,0.7661026011506025,0.0540540540540561,0.10882876389526,0.1074049618881132,0.108916953695457,0.108688577972966,0.0788341772738816,0.1066633282394748,0.2110128548811629,0.0959075982829028,0.1258060340354281,1.9834568525234653,1.236433701309239,2.9775685365661952,0.5489409621301542
533,0.9527027027027029,0.8186083826589318,0.8508938695215762,0.8375829385536997,0.7659487918402865,0.0540540540540561,0.1097551860110563,0.1073558852219008,0.1087648740278072,0.109005058476553,0.0783757666267325,0.1066633282476159,0.2110128548811629,0.0962991095779473,0.1265140243355396,1.989296883682904,1.236433701309239,2.9775685365661952,0.5507093180363083
534,0.953783783783784,0.8186280343451164,0.8509182348360553,0.8366213064866669,0.7655322351164209,0.0540540540540561,0.1095474629978021,0.107309727794011,0.108622216932831,0.1088593070344222,0.0781263688861845,0.1066633282551578,0.2110128548811629,0.0963966579500123,0.1265982341559826,1.97777652788053,1.236433701309239,2.9775685365661952,0.5794260672331812
535,0.953513513513514,0.8190953299243052,0.8516750240470156,0.8369467700254626,0.7661952329334548,0.0540540540540561,0.1093524854800015,0.107266356896948,0.1084885057814402,0.1087678834417893,0.0789548687304784,0.1066633282621448,0.2110128548811629,0.0961417575033766,0.126228427335694,1.970833955781689,1.236433701309239,2.9775685365661952,0.5656418534982501
536,0.952432432432433,0.8193083691345929,0.8524049369767073,0.8363563342846152,0.7663378424396845,0.0540540540540561,0.1091696261385413,0.107225640779935,0.1088556752701181,0.1087715075660335,0.0791573662929799,0.1066633282686175,0.2110128548811629,0.0961071247546131,0.1261068177961365,1.9656981165662843,1.236433701309239,2.9775685365661952,0.566878045106069
537,0.953513513513514,0.8181255627639759,0.8516894615566083,0.8376913937083421,0.7659624821766553,0.0540540540540561,0.1095982865460309,0.107187449351862,0.1087074587244618,0.1089779393033475,0.0781531620573967,0.1066633282746139,0.2110128548811629,0.0967166080382609,0.1270752939630089,1.9514108132551944,1.236433701309239,2.9775685365661952,0.554512478594901
538,0.9545945945945952,0.8169387667945874,0.8504616150639935,0.8383176200921953,0.7652201099048009,0.0540540540540561,0.1099991032341139,0.1077194763174677,0.1085684556991256,0.1091873367056967,0.0774916811132514,0.106663328280169,0.2110128548811629,0.09738757987903,0.1280616815883558,1.9367718466687407,1.236433701309239,2.9775685365661952,0.5687306717350888
539,0.9551351351351358,0.8168741447627148,0.8484684702734032,0.8369394727776241,0.7638736144350939,0.0540540540540561,0.1097736138749405,0.1076495490943008,0.1090382306246111,0.1090827178242905,0.0788101951324896,0.1066633282853152,0.2110128548811629,0.0975689278181646,0.1282390482998147,1.9487381054313977,1.236433701309239,2.9775685365661952,0.5324357007494329
540,0.955405405405406,0.8184215249235136,0.8501916599014736,0.8379354313784111,0.7657280030500941,0.0540540540540561,0.1095621370935457,0.1075837753652826,0.1088774985978726,0.1090338513184372,0.0784453755981004,0.1066633282900828,0.2110128548811629,0.0965346928477179,0.1267974065297134,1.9561087584339047,1.236433701309239,2.9775685365661952,0.5430458741100124
541,0.9554054054054056,0.8180362030208889,0.8494123317881574,0.8386213954577271,0.7654569877962204,0.0540540540540561,0.109363960403996,0.1075219693422296,0.1087267809432606,0.1089007744400249,0.0797433847165105,0.1066633282944995,0.2110128548811629,0.0969453856760861,0.1272818167771132,1.959291979000608,1.236433701309239,2.9775685365661952,0.5484364366693071
542,0.9548648648648652,0.8169342750123626,0.8490908510453946,0.8388226751706235,0.7647045057325847,0.0540540540540561,0.1097784205145284,0.1074639456433498,0.1085855649286411,0.1090435581787321,0.0795039503971075,0.1066633282985911,0.2110128548811629,0.097557313445516,0.1281765147303731,1.9696949926763443,1.236433701309239,2.9775685365661952,0.5584155505928284
543,0.9540540540540544,0.8168677392074712,0.8498157087380891,0.8398055412993923,0.7654181823758718,0.0540540540540561,0.109566012643326,0.1074095205068118,0.1084533497406858,0.1089808369762871,0.0795515018940044,0.1066633283023816,0.2110128548811629,0.0977331279939754,0.1283492544708658,1.971244698095432,1.236433701309239,2.9775685365661952,0.5501500037273694
544,0.9540540540540546,0.8172974728987448,0.8493365076312976,0.8394714548115562,0.7652595021185951,0.0540540540540561,0.1093670465033749,0.1073585128405346,0.1083296482257479,0.1088363294624348,0.0799153138113888,0.1066633283058933,0.2110128548811629,0.097531209041338,0.1280190038495677,1.97221737167252,1.236433701309239,2.9775685365661952,0.5311592634893191
545,0.9548648648648652,0.818043412176117,0.8487976074525075,0.8397463431989118,0.7655379213937717,0.0540540540540561,0.1091808063154835,0.1073107451162268,0.1082139883028841,0.10872053442827,0.0798893540160172,0.1066633283091463,0.2110128548811629,0.0970752778605992,0.1273661846661412,1.9512056975398613,1.236433701309239,2.9775685365661952,0.5394385441388123
546,0.9543243243243248,0.8170809612086977,0.8499107695644266,0.840614096432776,0.7659072365986286,0.0540540540540561,0.1090065969688612,0.1072660441173699,0.1081059140756639,0.1086755531580701,0.0801793503141028,0.10666332831216,0.2110128548811629,0.097913459467851,0.128415740306872,1.9567110748832328,1.236433701309239,2.9775685365661952,0.5498888889769543
547,0.953513513513514,0.817029189478045,0.8517551460233428,0.8413707365902044,0.767016612014863,0.0540540540540561,0.1088437458500594,0.1072242415519668,0.1080049866704068,0.1086496868938035,0.0802004316807309,0.1066633283149519,0.2110128548811629,0.0980484223881045,0.1285489375969248,1.951946459406983,1.236433701309239,2.9775685365661952,0.5827770129771498
548,0.9532432432432438,0.8178803327412899,0.8512654103566106,0.8431802702724889,0.7680682055489398,0.0540540540540561,0.1086916042603559,0.1077852079247107,0.1079107848286989,0.1087364625917494,0.0806194201595925,0.1066633283175384,0.2110128548811629,0.0974940081211984,0.1277738651285319,1.9612090688692627,1.236433701309239,2.9775685365661952,0.6121541915140262
549,0.953243243243244,0.8189482921806126,0.8525073872808884,0.8448158250099107,0.7698157538022831,0.0540540540540561,0.1085495484607112,0.1077099596914212,0.1078229052816278,0.1087294928842651,0.0800419087375494,0.1066633283199346,0.2110128548811629,0.0967689867832179,0.1267769335890317,1.9663534181205584,1.236433701309239,2.9775685365661952,0.5939206372304366
550,0.9543243243243248,0.8178661192514118,0.8536668287185529,0.844170391163081,0.7693783876658619,0.0540540540540561,0.1090167510090704,0.1076393134493796,0.1077409629322542,0.1088913622221391,0.080200693888253,0.1066633283221544,0.2110128548811629,0.0973075554320218,0.1276255052440527,1.9728326922549808,1.236433701309239,2.9775685365661952,0.5838569308257713
551,0.9543243243243248,0.8171537248053314,0.853240648579493,0.844542875951877,0.7689604490210995,0.0540540540540561,0.1088543583201885,0.1075730444966251,0.1076645908715525,0.1087878971870453,0.0806368945904461,0.1066633283242108,0.2110128548811629,0.0979588482621651,0.1284190960345742,1.9792616081271173,1.236433701309239,2.9775685365661952,0.5829198185918998
552,0.9548648648648652,0.8168537423567339,0.8531948525853826,0.8457315191918782,0.769368676102702,0.0540540540540561,0.108702508761099,0.1075109318516458,0.1075934402514906,0.1087333364081304,0.080537699605561,0.1066633283261158,0.2110128548811629,0.0982624735435832,0.1287950032627163,1.9927230556511215,1.236433701309239,2.9775685365661952,0.5366401874026379
553,0.953513513513514,0.8161223247585441,0.8530408447962021,0.8447977541674945,0.7684808207388802,0.0540540540540561,0.1085606029455319,0.1078434938782775,0.1075271800371865,0.1087483347171861,0.0813005038007546,0.1066633283278807,0.2110128548811629,0.0989082980766714,0.12959737376869,1.983515314990247,1.236433701309239,2.9775685365661952,0.5208153056690875
554,0.9529729729729732,0.817448983191306,0.8527978363525679,0.8446428674041051,0.7689861994837665,0.0540540540540561,0.1084280647578221,0.107765041048747,0.1074654966582422,0.1086428605112757,0.0813281942042378,0.1066633283295157,0.2110128548811629,0.0979802862731436,0.1283369844297826,1.976399833995898,1.236433701309239,2.9775685365661952,0.5188181969482322
555,0.9529729729729732,0.8181350573737812,0.8526722940222897,0.8449588704967178,0.7694222277309004,0.0540540540540561,0.1083043418649432,0.1076912907709306,0.1074080935774898,0.1085582331140388,0.0795351029790523,0.1066633283310305,0.2110128548811629,0.0975212098546869,0.1277127716937471,1.9776293845322712,1.236433701309239,2.9775685365661952,0.5359081486426408
556,0.9527027027027029,0.8185924628636941,0.8548110407482159,0.8443195854466342,0.7702937594898057,0.0540540540540561,0.1081889059959536,0.1076220266753801,0.1073546907935227,0.1085239095857455,0.0793476180383351,0.1066633283324337,0.2110128548811629,0.0972348854319344,0.1273130841383293,1.9866577671295695,1.236433701309239,2.9775685365661952,0.5372353409307389
557,0.953513513513514,0.8176450977364077,0.8555056814812627,0.845374519268213,0.7705362737314122,0.0540540540540561,0.1086465350110328,0.1075570338901842,0.1073050242915866,0.1087117163861222,0.0800949285130453,0.1066633283337335,0.2110128548811629,0.0977379089360175,0.1280316347580762,1.989343676144748,1.236433701309239,2.9775685365661952,0.507265624663932
558,0.954864864864865,0.8189086288358713,0.8562935203893055,0.8458015771085836,0.7717313124738016,0.0540540540540561,0.1085099646465492,0.1074961002977926,0.1072588454556807,0.1086685115812573,0.0801642274663752,0.1066633283349379,0.2110128548811629,0.0968425654226758,0.1268363888408542,1.983679965981327,1.236433701309239,2.9775685365661952,0.5106794984638541
559,0.9551351351351356,0.8181187852841693,0.8565838514649563,0.8445038817804199,0.770981610107438,0.0540540540540561,0.1083822309008968,0.107439017614098,0.107815953836262,0.1087067045509405,0.0803259684931885,0.1066633283360535,0.2110128548811629,0.097520303258439,0.1276900992653819,1.9827615938191423,1.236433701309239,2.9775685365661952,0.5289409722746946
560,0.9548648648648652,0.8182777736592911,0.8560605853045822,0.8435317704936331,0.7703975753299612,0.0540540540540561,0.1082628340765068,0.1073855822993429,0.1077373032943622,0.1085792629084816,0.0794292613586285,0.106663328337087,0.2110128548811629,0.0974594059703388,0.1275908093024557,1.9870716659843703,1.236433701309239,2.9775685365661952,0.5362795343259311
561,0.9529729729729732,0.8180877580516193,0.8567037973173138,0.8436295131232978,0.7705891438238495,0.0540540540540561,0.1081512937683271,0.1073355963120297,0.1076636552723554,0.1085218369991283,0.0785252150254279,0.1066633283380446,0.2110128548811629,0.0976631237358909,0.1278365950642172,1.9866156506373025,1.236433701309239,2.9775685365661952,0.5491929162965977
562,0.952432432432433,0.8192710653479652,0.8552940903988021,0.844356335212054,0.7708539220350998,0.0540540540540561,0.1080471492538664,0.1072888677180711,0.1075947365200759,0.1084233345319586,0.078988098755802,0.1066633283389316,0.2110128548811629,0.0968200478262715,0.1267053600251014,1.995399357638996,1.236433701309239,2.9775685365661952,0.5530384807527803
563,0.9516216216216222,0.8188072032264619,0.8560099857680283,0.8460027950741612,0.7716215560313548,0.0540540540540561,0.1079499597066144,0.1072452111679977,0.1075302833626951,0.1084254373766497,0.0798803221652398,0.1066633283397532,0.2110128548811629,0.0972300566907793,0.1272178169202309,1.989510653104305,1.236433701309239,2.9775685365661952,0.5431916812621806
564,0.9502702702702706,0.8187995462381735,0.8547708938070447,0.8444503986638804,0.7705694806868643,0.0540540540540561,0.1078593042507447,0.1072044482552292,0.1080700753799623,0.1084131810972797,0.0793352350721,0.1066633283405145,0.2110128548811629,0.097279272410878,0.1272708016364541,1.996074574706876,1.236433701309239,2.9775685365661952,0.5439043777602164
565,0.951891891891892,0.8190198426626425,0.8540628810674488,0.8439950868265291,0.7701217780671783,0.0540540540540561,0.1077747818749908,0.1071664077682804,0.1079750423932276,0.1083071300703657,0.0800224404355413,0.1066633283412198,0.2110128548811629,0.0971523273153028,0.1270927663998619,1.9889736887477585,1.236433701309239,2.9775685365661952,0.5293019779281011
566,0.9532432432432434,0.8200478046969146,0.853436540358852,0.8434757158578746,0.7700988501998897,0.0540540540540561,0.1076960112232331,0.1071309258493871,0.1078859185069818,0.1082060262686925,0.0798651658231618,0.1066633283418732,0.2110128548811629,0.0964066095624252,0.126104189691469,1.983192925608276,1.236433701309239,2.9775685365661952,0.5098460318709954
567,0.952972972972973,0.8210844652814216,0.8544240825606232,0.8437352512690033,0.7712335277827624,0.0540540540540561,0.1076226302786947,0.1070978460714633,0.1083936058307165,0.1083257728068343,0.0792662706947839,0.1066633283424784,0.2110128548811629,0.0956495160073499,0.1251042195792308,1.9778683698269504,1.236433701309239,2.9775685365661952,0.4939802733296708
568,0.9529729729729728,0.8214746576200492,0.8544983594720188,0.8441995284019526,0.7716121629357228,0.0540540540540561,0.1075542959577876,0.1070670194445874,0.1082772870185785,0.1082723564378325,0.0796761255295925,0.1066633283430392,0.2110128548811629,0.0953911437710864,0.1247481944010566,1.967649489656232,1.236433701309239,2.9775685365661952,0.4908449067255572
569,0.9537837837837836,0.821980412533372,0.8538440080786205,0.8453252426652833,0.7721995581047842,0.0540540540540561,0.1074906836286366,0.1076383377455796,0.1081681183690861,0.108351193012105,0.0788665562237564,0.1066633283435586,0.2110128548811629,0.0950356897009262,0.1242742456523096,1.9742715101835229,1.236433701309239,2.9775685365661952,0.4941982898102497
570,0.9537837837837838,0.8204360231528152,0.8527283754731134,0.8443051724482854,0.7705208203039595,0.0540540540540561,0.1080315199513485,0.1075728401912979,0.1080657454274766,0.1084570261601161,0.0801244571771901,0.1066633283440398,0.2110128548811629,0.0959049891916931,0.1255482168715105,1.9733705424863,1.236433701309239,2.9775685365661952,0.5225643509332909
571,0.9551351351351351,0.8202182062128791,0.8523235401037367,0.8419787741539629,0.7692904192663735,0.0540540540540561,0.1079376890638189,0.1075113672062237,0.1085698539203954,0.1084459284080015,0.0804624978250797,0.1066633283444856,0.2110128548811629,0.0961232266303074,0.1258129492552114,1.9739401616399963,1.236433701309239,2.9775685365661952,0.5465165100501872
572,0.954864864864865,0.8204969744189243,0.8518283565519863,0.8423679485388087,0.7694032114110246,0.0540540540540561,0.1083991692505751,0.1074537186137561,0.1084412778964218,0.1085749207025481,0.0798887467321295,0.1066633283448986,0.2110128548811629,0.0956497614654379,0.1253034409557887,1.9841808408024515,1.236433701309239,2.9775685365661952,0.4999727999089705
573,0.9537837837837838,0.8204225924938416,0.8523998612880991,0.8402796843439353,0.7688304461037779,0.0540540540540561,0.1082819940124267,0.1073996983386379,0.1089206873740208,0.1085859544946585,0.0791918823359673,0.1066633283452812,0.2110128548811629,0.0957850412963732,0.1254364104999447,2.002767102945365,1.236433701309239,2.9775685365661952,0.5195970017046263
574,0.9535135135135137,0.8214425727180444,0.8529920137929866,0.8391310352915268,0.7692587172325137,0.0540540540540561,0.108172093812288,0.1073491151081677,0.1093686282546506,0.1086166397925637,0.0781314862356959,0.1066633283456356,0.2110128548811629,0.0950624513953478,0.1244713803758114,1.997355999507039,1.236433701309239,2.9775685365661952,0.5152367919740786
575,0.9535135135135137,0.823068528435939,0.8533655331640546,0.8381004298572888,0.7700144243823952,0.0540540540540561,0.1080690966395959,0.1079018164220621,0.1097874275002265,0.1087986507021081,0.077824205347503,0.1066633283459641,0.2110128548811629,0.0938857240450181,0.122896923244263,1.9982599172917617,1.236433701309239,2.9775685365661952,0.5510300481870315
576,0.9535135135135137,0.8236178157672654,0.8532768690366314,0.8377313319128439,0.7699676952027464,0.0540540540540561,0.1079726396583442,0.1078187958083264,0.109578481038765,0.1086776872513729,0.077734455086705,0.1066633283462683,0.2110128548811629,0.0935278737695005,0.1223958644035623,1.9966433961860448,1.236433701309239,2.9775685365661952,0.5713820765342642
577,0.9527027027027029,0.8237639206482261,0.852704574733174,0.8377408598953221,0.7697409285678506,0.0540540540540561,0.1078823702662128,0.1077408471143696,0.1093822233214886,0.1085608713342659,0.0774312331384438,0.10666332834655,0.2110128548811629,0.0934671190598321,0.122294894218667,1.975876760595272,1.236433701309239,2.9775685365661952,0.5710577429830593
578,0.9513513513513514,0.8227199020947034,0.8526000797031125,0.8376701751305149,0.7690905978101458,0.0540540540540561,0.107797946964753,0.1076677231630294,0.1091980488872963,0.1084587654051805,0.078287227283309,0.1066633283468111,0.2110128548811629,0.0943140456964197,0.1233811244229198,1.9801725764590168,1.236433701309239,2.9775685365661952,0.5813504394634851
579,0.950810810810811,0.8235705287115387,0.8526615718922289,0.8384557936419433,0.7697990888510357,0.0540540540540561,0.1077190400510415,0.1081992142455918,0.1090253597944853,0.1085817534191504,0.0779257353206962,0.1066633283470529,0.2110128548811629,0.0936992413250309,0.1225699512629402,1.9801427884874443,1.236433701309239,2.9775685365661952,0.5928702583822845
580,0.9494594594594596,0.8240492033432083,0.8518482876223631,0.8395402880977653,0.7700586504065664,0.0540540540540561,0.1076453321431442,0.1080962559530099,0.1088635686755744,0.1084894426398704,0.0776100624810798,0.1066633283472771,0.2110128548811629,0.0933751250591493,0.1221281305852195,2.001783603107171,1.236433701309239,2.9775685365661952,0.5801751488288246
581,0.9494594594594596,0.8233109601613233,0.8521259046361856,0.8406155628469846,0.7701965391004932,0.0540540540540561,0.1081765519361864,0.1079995839770779,0.1087121013223995,0.1086584733707107,0.0773170392286598,0.1066633283474845,0.2110128548811629,0.0936389750700966,0.1226007638705838,2.008890575500592,1.236433701309239,2.9775685365661952,0.5753342512209229
582,0.9510810810810812,0.8230013470999694,0.8513658243472263,0.8383662500449749,0.7687839272970072,0.0540540540540561,0.1080735812144712,0.1079088932130947,0.1091704322147485,0.1086126176997682,0.0778504558772533,0.1066633283476769,0.2110128548811629,0.0939432712809562,0.1229618622927948,2.0105575292693763,1.236433701309239,2.9775685365661952,0.5595772595940032
583,0.9513513513513514,0.8247318087166398,0.8522709506157699,0.8376806247657136,0.7696679742188808,0.0540540540540561,0.107977108876173,0.1078238832557409,0.108999193036918,0.1085188783188591,0.0775187603196362,0.106663328347855,0.2110128548811629,0.092667598004625,0.1212796368452739,2.005074568115944,1.236433701309239,2.9775685365661952,0.5732628476906214
584,0.9518918918918918,0.8243217147066229,0.8518881870399251,0.8367146958768957,0.7688501344993374,0.0540540540540561,0.1078867893067328,0.1077442597817834,0.1088388279592533,0.1083857659961293,0.0769987670373068,0.1066633283480201,0.2110128548811629,0.0930385319265055,0.1217348906400106,2.005740941290012,1.236433701309239,2.9775685365661952,0.5892448384435015
585,0.9516216216216212,0.8249553123935182,0.853485336822785,0.8362469389629232,0.7696648620630501,0.0540540540540561,0.1078022871955053,0.1076697357134342,0.1086887530421708,0.1083327563164371,0.0760996986460357,0.106663328348173,0.2110128548811629,0.0925940324403297,0.1211435440087294,2.00329613559991,1.236433701309239,2.9775685365661952,0.5761622605749984
586,0.951081081081081,0.8249259863315928,0.852832374939648,0.8367577349969737,0.7695121781394453,0.0540540540540561,0.1077232782906104,0.1076000321765501,0.1085484018788084,0.1082481869999832,0.0766182664920678,0.1066633283483147,0.2110128548811629,0.0926634298984961,0.1212123745231018,1.9934206411811224,1.236433701309239,2.9775685365661952,0.5708555285626363
587,0.9505405405405406,0.825379967416946,0.8525313965879178,0.8378516759574208,0.7700334439349024,0.0540540540540561,0.1076494499859204,0.1075348792693429,0.1084172269925628,0.1081917836168144,0.0759184285757964,0.1066633283484458,0.2110128548811629,0.0923595189834138,0.120795307590094,1.992142719087982,1.236433701309239,2.9775685365661952,0.6008840336424782
588,0.9521621621621622,0.8266838001841027,0.8522550395860228,0.8382950569427436,0.7707214993589585,0.0540540540540561,0.1075805017534814,0.1074740166581259,0.1082947009040788,0.1081209170650968,0.0764436431657077,0.1066633283485673,0.2110128548811629,0.0913953527057606,0.1195259489391565,1.9881127084558337,1.236433701309239,2.9775685365661952,0.6052409767057819
589,0.9524324324324324,0.8278151828068652,0.852401456324129,0.8391150906591379,0.7716897695581503,0.0540540540540561,0.107516145435388,0.1074171940169639,0.1081803169006549,0.1080842241371063,0.0765858740423935,0.1066633283486799,0.2110128548811629,0.0905606470560545,0.1184267444754405,1.9952129304694664,1.236433701309239,2.9775685365661952,0.6029431161537431
590,0.951891891891892,0.8272077782965312,0.8512599934434167,0.8391753346822652,0.7711545109332592,0.0540540540540561,0.108056138792577,0.1079365320180743,0.1080735895405626,0.1083561549894053,0.0753164680072783,0.1066633283487844,0.2110128548811629,0.0907018952138752,0.11876415230718,2.0059598747767406,1.236433701309239,2.9775685365661952,0.5959228362748483
591,0.9513513513513514,0.8265986477680475,0.8509862090190858,0.840951872297308,0.7714670459537396,0.0540540540540561,0.1079613923358601,0.107850345206553,0.1079740549237536,0.1083241590320029,0.0757821791534368,0.106663328348881,0.2110128548811629,0.0912213344739675,0.1194206560640221,1.9994362678119972,1.236433701309239,2.9775685365661952,0.5645395004455375
592,0.9508108108108108,0.8258920055416595,0.8496864547554785,0.8412523269302755,0.7706286687027422,0.0540540540540561,0.1078726231949739,0.1077695369497011,0.1078812707589636,0.1082188985705711,0.0760759445275768,0.1066633283489705,0.2110128548811629,0.0918217802222858,0.1201716828608537,1.998944960990392,1.236433701309239,2.9775685365661952,0.5702561882625771
593,0.9502702702702704,0.8255525227376844,0.8499610226855502,0.8415450211956009,0.7706399602299165,0.0540540540540561,0.1077895133605616,0.1076938294906432,0.1077948162554473,0.108158926725389,0.0772631694612543,0.1066633283490534,0.2110128548811629,0.0921266242439299,0.1205527205820348,2.0029932035024336,1.236433701309239,2.9775685365661952,0.5671941107898139
594,0.9489189189189188,0.8251957131819396,0.8500612885230386,0.841254081704477,0.7703324316845038,0.0540540540540561,0.107711754392102,0.1076229521083585,0.1077142918655838,0.1080860990274676,0.0776745723537583,0.1066633283491301,0.2110128548811629,0.0924403451622177,0.1209484096220092,1.9880007312193175,1.236433701309239,2.9775685365661952,0.5669766870275486
595,0.9494594594594592,0.8222851850216673,0.8505524890777219,0.8415485935767364,0.7692743745767134,0.0540540540540561,0.1082390814681499,0.1075566419298803,0.1076393189024785,0.108278754527324,0.0781874867290293,0.1066633283492015,0.2110128548811629,0.0943603318968913,0.1235952742442577,1.991526830958677,1.236433701309239,2.9775685365661952,0.5491087558697753
596,0.9513513513513512,0.8217207116443304,0.8508110906226157,0.8408364322674344,0.7687641577098517,0.0540540540540561,0.1081323806820327,0.1074946445856201,0.1075695390545126,0.1081953411877931,0.0782583602073181,0.1066633283492673,0.2110128548811629,0.0948536352648347,0.1242130980146533,2.003031645184552,1.236433701309239,2.9775685365661952,0.5306720683927653
597,0.9527027027027026,0.8218060107595824,0.8493813366614424,0.8424163783831059,0.7688288022616496,0.0540540540540561,0.108032343336289,0.1074367147199187,0.1075046138166267,0.1081311875606758,0.0788525371647669,0.1066633283493285,0.2110128548811629,0.0948479623402269,0.1241778175722732,1.9889071438852544,1.236433701309239,2.9775685365661952,0.5383408228802373
598,0.9529729729729732,0.8198342950021239,0.8479283200000767,0.8426712371086892,0.767266126387264,0.0540540540540561,0.1079386245695814,0.107382616369525,0.1074442238560076,0.1080291983213246,0.0795674459446091,0.106663328349385,0.2110128548811629,0.0964207004642162,0.1261963927130854,1.9966786033308512,1.236433701309239,2.9775685365661952,0.5299425081628404
599,0.953783783783784,0.8203032530371277,0.8485603166121249,0.8434930817733509,0.7681191788752773,0.0540540540540561,0.1078508884090122,0.1073321232229413,0.1073880683278167,0.1080161098150536,0.0793856458362506,0.1066633283494374,0.2110128548811629,0.0961121660716509,0.1257713027583656,1.9928749896242817,1.236433701309239,2.9775685365661952,0.5505189567441825
600,0.953783783783784,0.820299734876255,0.8475073160834148,0.8429498539575121,0.7674235832456155,0.0540540540540561,0.1077688087418323,0.1072850187735073,0.1073358641546785,0.1079097294497711,0.0793575289326365,0.1066633283494861,0.2110128548811629,0.096155155785063,0.1258158607528287,1.9971540800818293,1.236433701309239,2.9775685365661952,0.5550217336600077
601,0.9540540540540542,0.8206440891758896,0.8480617613038746,0.8414335878895336,0.7671380858867693,0.0540540540540561,0.1076920701000888,0.1072410963787876,0.1072873452818521,0.1078213375309132,0.0796225995502888,0.106663328349531,0.2110128548811629,0.0959341338655133,0.1255098757740658,2.004435687161736,1.236433701309239,2.9775685365661952,0.5965217262919612
602,0.9551351351351351,0.8206288139073746,0.8468433601198815,0.8411982460061427,0.766480735205941,0.0540540540540561,0.1076203682715952,0.1072001592383143,0.1072422619183586,0.1077277971650674,0.0804743185890794,0.1066633283495729,0.2110128548811629,0.0959867273098123,0.1255610019568273,2.0090833971884745,1.236433701309239,2.9775685365661952,0.5962549675767975
603,0.9554054054054052,0.8207325657031962,0.8465696868959366,0.842560669512411,0.7670092627663722,0.0540540540540561,0.1075534107516941,0.1071620203010893,0.107200379772818,0.10771503265473,0.0816109041667274,0.1066633283496113,0.2110128548811629,0.0959474353047782,0.1254907289209568,2.0108139478954588,1.236433701309239,2.9775685365661952,0.5728709207775623
604,0.954864864864865,0.821974122517007,0.8464666066775166,0.8423329682078241,0.7674695642707124,0.0540540540540561,0.1074909170508619,0.1071265021134885,0.1071614792913841,0.1076616667680064,0.0819225487189405,0.1066633283496471,0.2110128548811629,0.0950392356098687,0.124280418957562,2.003848066089538,1.236433701309239,2.9775685365661952,0.5882358152064678
605,0.9554054054054056,0.8210921203632422,0.8476708487322031,0.8443265047426141,0.7684459298655496,0.0540540540540561,0.1074326188733489,0.1070934366173929,0.1071253549039332,0.1077234314439379,0.0822595631201125,0.1066633283496803,0.2110128548811629,0.0957517971053221,0.1251915702000838,1.9944306418629685,1.236433701309239,2.9775685365661952,0.5994625267738357
606,0.9551351351351356,0.8206322956576986,0.8482631291318417,0.8436866953615385,0.7682938682305219,0.0540540540540561,0.1079275435659311,0.107662698290676,0.1070918142835671,0.1080145123467815,0.0816481982131766,0.106663328349711,0.2110128548811629,0.0958185987947383,0.125403932559336,1.9962383660892893,1.236433701309239,2.9775685365661952,0.5631684539738745
607,0.9554054054054056,0.8205463612108588,0.8491039971811112,0.8433527214402211,0.7685696109663701,0.0540540540540561,0.1078418174371277,0.1075953106492327,0.1076099610076206,0.1081044307001629,0.0817453135879382,0.1066633283497394,0.2110128548811629,0.0959345034769105,0.1255327300705771,1.997234376890617,1.236433701309239,2.9775685365661952,0.5336742835612479
608,0.9559459459459464,0.821250966855101,0.8494042210693092,0.8443324212601029,0.7694787756950968,0.0540540540540561,0.1077614631464609,0.1075320998596966,0.1075459972092824,0.1080897763740341,0.0814576949333262,0.1066633283497659,0.2110128548811629,0.0954413058899601,0.1248683015716687,1.978262893561772,1.236433701309239,2.9775685365661952,0.542602802919621
609,0.956486486486487,0.8202744325947623,0.8493276142450332,0.8454757410482187,0.7694548754753546,0.0540540540540561,0.107686199829615,0.1074728527908902,0.1074860204081228,0.1080697282034316,0.0818979755626587,0.1066633283497902,0.2110128548811629,0.0962256312444041,0.1258824674904305,1.982936315307767,1.236433701309239,2.9775685365661952,0.5311490566818245
610,0.9572972972972976,0.819313280324382,0.8482755365436304,0.8467517533060683,0.7690298231077118,0.0540540540540561,0.1076157543482681,0.1074173615901118,0.1074298231743224,0.1080248581594403,0.0829429349059903,0.1066633283498128,0.2110128548811629,0.0970084709484226,0.126878842501484,1.9668459545802863,1.236433701309239,2.9775685365661952,0.5362639648079476
611,0.9564864864864872,0.82078873713107,0.8490757633145993,0.8467377085387127,0.7702427041624262,0.0540540540540561,0.1075498619955053,0.1079218341473671,0.1073772040047175,0.1081264282474584,0.0828668660724027,0.1066633283498338,0.2110128548811629,0.0959170751711617,0.1254363318711774,1.9785800621508445,1.236433701309239,2.9775685365661952,0.508865161534863
612,0.957567567567568,0.819824771029641,0.8496294082962413,0.8479171648595024,0.7704586327752277,0.0540540540540561,0.1074882670583871,0.107837677500419,0.1073279677314646,0.1081267396835629,0.0826549187314173,0.1066633283498532,0.2110128548811629,0.0966911578401835,0.126431095441165,1.979811173512316,1.236433701309239,2.9775685365661952,0.5196065342628061
613,0.958918918918919,0.8199981790671289,0.8497925106766847,0.8483135287993204,0.7707505076351501,0.0540540540540561,0.1074307232481869,0.10775863453765,0.1072819258554277,0.1080912371522441,0.0821783973205012,0.1066633283498711,0.2110128548811629,0.0965950845892938,0.126286459308778,1.9740667026979783,1.236433701309239,2.9775685365661952,0.556763524014491
614,0.9589189189189192,0.8175503005254855,0.8487605567162515,0.8470872651972853,0.7686443366969116,0.0540540540540561,0.1078693948477845,0.1076844598385078,0.1072388968060407,0.108154122619306,0.0823223020120192,0.1066633283498879,0.2110128548811629,0.0981894206391488,0.1285150020506219,1.975616767008247,1.236433701309239,2.9775685365661952,0.586312626718585
615,0.9591891891891896,0.8141519481040365,0.8490965012970676,0.845289822443796,0.7665535396448658,0.0540540540540561,0.10898830933137,0.107614911450689,0.1077987395140269,0.1086458598810628,0.0822062467250637,0.1066633283499033,0.2110128548811629,0.1000789196506315,0.1313538972302783,1.9708123544627056,1.236433701309239,2.9775685365661952,0.564235486846274
616,0.9594594594594598,0.8132794108477305,0.8487891101100231,0.8463820082004119,0.7663819465543165,0.0540540540540561,0.1088346372627592,0.1075497520249083,0.107722460312384,0.1085911184300443,0.0825594766634861,0.1066633283499174,0.2110128548811629,0.1008502227610879,0.1323032705208897,1.955278618418906,1.236433701309239,2.9775685365661952,0.5562280732034464
617,0.958648648648649,0.8132730846889816,0.8459358185125838,0.8458288336088343,0.7649779691951738,0.0540540540540561,0.108690064314927,0.1080887831609639,0.1076508669126419,0.1085542285257177,0.0839073632759221,0.1066633283499307,0.2110128548811629,0.1009488417933589,0.1323818831535546,1.9675211416074625,1.236433701309239,2.9775685365661952,0.5960630521288386
618,0.9591891891891896,0.8132906041858011,0.844368124586715,0.8454473375982833,0.7643086134423708,0.0540540540540561,0.1091542195122386,0.1079929529857283,0.1081837601667923,0.1087893435911182,0.0826874682722861,0.1066633283499432,0.2110128548811629,0.1006658877013807,0.1321322860580796,1.957810122771133,1.236433701309239,2.9775685365661952,0.5908595705513668
619,0.9591891891891896,0.8131496460554517,0.8435669847812374,0.8464976471147974,0.7642859054348208,0.0540540540540561,0.1089878727398132,0.1079030107160738,0.108082085712315,0.1086977250759751,0.0832295352791834,0.1066633283499545,0.2110128548811629,0.1008789567658816,0.1323564175746417,1.9554453642372895,1.236433701309239,2.9775685365661952,0.6044488798302617
620,0.9589189189189194,0.8120086241101925,0.8449376083891447,0.8454779909630035,0.7638273459721597,0.0540540540540561,0.109431624657807,0.1078186655404761,0.1079865887296585,0.1088503036165578,0.082934356332734,0.106663328349965,0.2110128548811629,0.1014825900216074,0.1332755635609041,1.957001176481992,1.236433701309239,2.9775685365661952,0.555565051305367
621,0.95945945945946,0.8128863499123841,0.8451199179779038,0.8450755586445868,0.764081437148841,0.0540540540540561,0.1092461741258372,0.1077396319124352,0.1078969730209614,0.1087350140465503,0.0831428550618104,0.1066633283499746,0.2110128548811629,0.1009120353734869,0.1324905630246972,1.9651652820266543,1.236433701309239,2.9775685365661952,0.538746299965255
622,0.9597297297297304,0.8128794895166058,0.844697021249551,0.8455003308780067,0.7640341254531716,0.0540540540540561,0.1090720189739625,0.1076656307500643,0.1078129464977239,0.1086410732961878,0.0828055118621304,0.1066633283499838,0.2110128548811629,0.1010274688462291,0.1325845009964126,1.960865127556008,1.236433701309239,2.9775685365661952,0.5152022408361966
623,0.9591891891891896,0.8127237290423471,0.8451094037765633,0.8455271065141163,0.7640503871590711,0.0540540540540561,0.1089086169417326,0.1075963904358394,0.1077342225675908,0.1085602293641931,0.0829358221730098,0.1066633283499921,0.2110128548811629,0.101249127419739,0.1328219624867865,1.959622065354361,1.236433701309239,2.9775685365661952,0.5323174714494667
624,0.9594594594594598,0.8140350801289031,0.8457008247387634,0.8449341897172645,0.764667147959667,0.0540540540540561,0.1087554327681021,0.1075316476304002,0.107660521311147,0.1084768236535682,0.0825880403811023,0.1066633283499998,0.2110128548811629,0.1003437347785098,0.1315872034870458,1.954393267329209,1.236433701309239,2.9775685365661952,0.5634585055789809
625,0.95945945945946,0.8148537801171227,0.8456306442965706,0.8458845693502609,0.7653969195214181,0.0540540540540561,0.1086119409383594,0.1074711479154112,0.1075915704604533,0.1084212750686248,0.0818932926834764,0.106663328350007,0.2110128548811629,0.0998110087767806,0.1308402494136975,1.9512618482932904,1.236433701309239,2.9775685365661952,0.553663993293388
626,0.9608108108108112,0.8161668301463341,0.8473250279700079,0.8446435269883333,0.7664365161102755,0.0540540540540561,0.1084776279966656,0.1074146462810813,0.1087271729592209,0.1086413784163224,0.0821348713834884,0.1066633283500138,0.2110128548811629,0.0988951072272065,0.1295943558553324,1.9572320920374,1.236433701309239,2.9775685365661952,0.5791151004714282
627,0.9602702702702708,0.81710934912233,0.8471944793125559,0.845218861370683,0.7670605980025615,0.0540540540540561,0.1083519944546567,0.107361907474084,0.1085894211421277,0.1085613155212864,0.082004661026974,0.1066633283500199,0.2110128548811629,0.0982463370922075,0.1287146536503414,1.9405709479439928,1.236433701309239,2.9775685365661952,0.5964656285824852
628,0.9602702702702706,0.8178214481963508,0.8464253281616502,0.8452709189454162,0.7669965715270822,0.0540540540540561,0.1082345563288903,0.1073127062213922,0.1084600050314544,0.1084496123690651,0.0805247235625847,0.1066633283500257,0.2110128548811629,0.0977696853558067,0.1280612736392039,1.9355393267504124,1.236433701309239,2.9775685365661952,0.5852000691451377
629,0.9610810810810814,0.8180383863725091,0.8473276314506819,0.8461456017854724,0.7678337623811119,0.0540540540540561,0.1081248463410712,0.107266827345041,0.1083385294115728,0.10842259368545,0.0798870996132588,0.1066633283500309,0.2110128548811629,0.0976688837540221,0.1278991904569551,1.9517489856937047,1.236433701309239,2.9775685365661952,0.5856758929978284
630,0.9600000000000004,0.8197131923987248,0.8488159070845037,0.8477009983088049,0.7699612124800772,0.0540540540540561,0.1080224148151708,0.1072240657821022,0.1082246038565481,0.1084378309395864,0.0800866225007291,0.1066633283500357,0.2110128548811629,0.096452768736796,0.1262756001936899,1.946817704140166,1.236433701309239,2.9775685365661952,0.5984859398998991
631,0.9600000000000004,0.820428769776893,0.8498845384905057,0.8492018028062551,0.7714006526637518,0.0540540540540561,0.1079268303049684,0.1071842265232796,0.1081178446893815,0.1084430320640526,0.0800901553603429,0.1066633283500403,0.2110128548811629,0.095961439138466,0.1256078150706229,1.9325900779906224,1.236433701309239,2.9775685365661952,0.5875298524681135
632,0.9589189189189192,0.820501366771309,0.8492687054388809,0.8480679002314129,0.7706250195036205,0.0540540540540561,0.107837679984345,0.1071471244825569,0.1080178766497282,0.1083185527726643,0.0816084591074563,0.1066633283500445,0.2110128548811629,0.0959535604114194,0.1255797932365178,1.9472722849061592,1.236433701309239,2.9775685365661952,0.5673963418058777
633,0.958648648648649,0.8212346915174368,0.8490979650825894,0.8482548580402723,0.7710194868010457,0.0540540540540561,0.1077545698310216,0.1071125843092885,0.1079243342867016,0.1082542050856001,0.0821414466077813,0.1066633283500484,0.2110128548811629,0.0954395593881232,0.1248880235670523,1.941231301525788,1.236433701309239,2.9775685365661952,0.563894601505898
634,0.958648648648649,0.8212766683118558,0.8492690496358741,0.8482770254751363,0.7711087077165695,0.0540540540540561,0.1076771246324782,0.1070804401530716,0.107836863095799,0.1081925242486487,0.08137589014372,0.106663328350052,0.2110128548811629,0.0954495459763154,0.1248847693719054,1.943960304407764,1.236433701309239,2.9775685365661952,0.5444892474625818
635,0.9564864864864868,0.8192145844531937,0.8499605831908994,0.8480645819190397,0.7702056468783234,0.0540540540540561,0.1082050212236532,0.1070505353906861,0.1077551204205457,0.1083708530133835,0.0809911013239299,0.1066633283500554,0.2110128548811629,0.0967398131092649,0.1266829049349796,1.9403360927056392,1.236433701309239,2.9775685365661952,0.5154987735721823
636,0.9564864864864868,0.8181651576364508,0.8512546302139021,0.8476355977872296,0.769982480975959,0.0540540540540561,0.108099094992747,0.1070227223233633,0.1076787761402746,0.1083305077050497,0.0817355033258854,0.1066633283500586,0.2110128548811629,0.0976052656641092,0.1277852948671757,1.9274527345227372,1.236433701309239,2.9775685365661952,0.5460137954109751
637,0.9543243243243243,0.8184038116152105,0.8521374825340873,0.8492605317252512,0.7711608031967832,0.0540540540540561,0.1079999934167479,0.1069968618516788,0.1076075131656614,0.1083440073914125,0.0822851476610832,0.1066633283500614,0.2110128548811629,0.0974791788403271,0.1275961916764156,1.9233133643105456,1.236433701309239,2.9775685365661952,0.5269374079150189
638,0.9535135135135137,0.8191696498146969,0.8520138549700234,0.8491725754835727,0.7714647783607019,0.0540540540540561,0.1079073339712065,0.1069728231344378,0.1075410277633317,0.1082810528511826,0.0826865328873964,0.106663328350064,0.2110128548811629,0.0969438661688912,0.1268766831996994,1.9234205604496,1.236433701309239,2.9775685365661952,0.5554755080908883
639,0.953783783783784,0.8211086937344975,0.8530108063090132,0.8475146190810768,0.7722785689585914,0.0540540540540561,0.1078207485099341,0.1069504832370746,0.1080790631133283,0.1083483975856569,0.0814676559236858,0.1066633283500665,0.2110128548811629,0.0955084293665375,0.1249809320105352,1.9273648693412648,1.236433701309239,2.9775685365661952,0.5954574126653657
640,0.9527027027027032,0.8219204908301012,0.853146163380306,0.8474219696692803,0.7727351895003752,0.0540540540540561,0.1077398836126116,0.1069297267743015,0.1079825161301485,0.108290128625289,0.0808124065581091,0.1066633283500688,0.2110128548811629,0.0949289821897218,0.1242095673635928,1.9357796654873956,1.236433701309239,2.9775685365661952,0.6017724889824446
641,0.9527027027027029,0.8216218522660441,0.8524050983690362,0.8477206529506617,0.7723525626947432,0.0540540540540561,0.1076644007950153,0.1069104455510278,0.1078920913076744,0.1082203304607775,0.0805996976732816,0.1066633283500709,0.2110128548811629,0.0952076830250255,0.1245459473364482,1.9342475964367267,1.236433701309239,2.9775685365661952,0.6042904914349146
642,0.9513513513513516,0.8240954846909462,0.8533692312764137,0.8489543209758875,0.774542515858068,0.0540540540540561,0.1075939765952127,0.1068925382049287,0.107807458926689,0.1082346631000748,0.0792837779690933,0.1066633283500729,0.2110128548811629,0.0933611719218651,0.1221075270114476,1.9342628025298447,1.236433701309239,2.9775685365661952,0.5848860051937484
643,0.9513513513513516,0.8240479186867209,0.8539195861546562,0.8465075955692646,0.7737857502665277,0.0540540540540561,0.1075283025491331,0.1068759098534668,0.1083283187148658,0.1082638408068311,0.0796107961726532,0.1066633283500747,0.2110128548811629,0.0934383536000045,0.1221879300387126,1.9505622851144,1.236433701309239,2.9775685365661952,0.5829139959921457
644,0.9513513513513514,0.8217281567568534,0.8532263803085496,0.8466097011749786,0.7724060902228455,0.0540540540540561,0.1080671184346388,0.1068604717476558,0.1082155658613555,0.1084166705100448,0.079479554112937,0.1066633283500763,0.2110128548811629,0.0948927757061151,0.1242382840258273,1.945825062965408,1.236433701309239,2.9775685365661952,0.5941655448049551
645,0.9508108108108106,0.8216844186164781,0.8516214182293177,0.8448760377449576,0.7710698266144252,0.0540540540540561,0.1079713189126967,0.1073664040531225,0.1081098558082721,0.1083733116365081,0.0804301170622927,0.1066633283500779,0.2110128548811629,0.0949870739916316,0.1243299219271735,1.962157067929477,1.236433701309239,2.9775685365661952,0.5991822835675783
646,0.9513513513513514,0.8226095160264445,0.8507047250661733,0.8446250514768217,0.7709549397804,0.0540540540540561,0.1078816070546956,0.1073201192953364,0.108010823848624,0.1082649573341341,0.0801832725108505,0.1066633283500794,0.2110128548811629,0.0943378388659738,0.1234496804462076,1.9537138110742096,1.236433701309239,2.9775685365661952,0.5905050094474302
647,0.9513513513513514,0.8218651079172931,0.8525268067091178,0.842883043729937,0.7707279455294098,0.0540540540540561,0.1077976524469472,0.1072765547005782,0.1085181480918408,0.1083456398622406,0.0815419152524013,0.1066633283500806,0.2110128548811629,0.0949515181426875,0.1242360658592334,1.9673079657577504,1.236433701309239,2.9775685365661952,0.5880541043997538
648,0.9516216216216218,0.8252712817754747,0.8534128838655025,0.842770643140149,0.7727505189348743,0.0540540540540561,0.1077191356916384,0.1072355913236058,0.1083926572641551,0.1082968212673599,0.0812040948242622,0.1066633283500819,0.2110128548811629,0.0923934169617382,0.1208691503787062,1.9725809862752772,1.236433701309239,2.9775685365661952,0.5453660553413261
649,0.9516216216216216,0.8253015331281603,0.8543726842027142,0.8440000849606626,0.7736639393030252,0.0540540540540561,0.107645748905784,0.1071971102854717,0.1082749854469214,0.1082968938448797,0.0805023423970716,0.1066633283500831,0.2110128548811629,0.0924135993585391,0.1208755924189475,1.979739748994945,1.236433701309239,2.9775685365661952,0.5809714871428353
650,0.9527027027027029,0.8251971796344091,0.8551759390132129,0.843194902552376,0.7736560904912477,0.0540540540540561,0.1075771960898298,0.1071609935253645,0.1087647644730316,0.1083799870418066,0.0805351098596526,0.1066633283500841,0.2110128548811629,0.0925369596363929,0.1210142223206763,1.973277909417737,1.236433701309239,2.9775685365661952,0.5775227681628033
651,0.9529729729729728,0.8258971408043034,0.8558193141924186,0.8438224180963083,0.7745302032929685,0.0540540540540561,0.1075131933755623,0.1071271244635634,0.1086227760875555,0.1083567015520163,0.0790757240072275,0.1066633283500851,0.2110128548811629,0.0920435630169692,0.1203462625079156,1.9852048234825248,1.236433701309239,2.9775685365661952,0.5669647509442037
652,0.9535135135135137,0.8264728948851499,0.8555286259439283,0.8438579402838058,0.7746609206986563,0.0540540540540561,0.1074534691638056,0.1070953885767767,0.1084896071123067,0.1082887451513374,0.0788551429950433,0.106663328350086,0.2110128548811629,0.0916307964596403,0.1198003705329476,1.975153675428266,1.236433701309239,2.9775685365661952,0.5175558063202723
653,0.953513513513514,0.8257897725379776,0.8556265624340551,0.843602752950758,0.7742308043045517,0.0540540540540561,0.107397764162834,0.1070656738888079,0.1083648088332901,0.1082226992066376,0.0783573516914504,0.1066633283500869,0.2110128548811629,0.0921799348282698,0.1205113453806054,1.9861967641226672,1.236433701309239,2.9775685365661952,0.5433880614931043
654,0.9524324324324324,0.824771239381008,0.8559246057123037,0.8444692910471315,0.7741710172736472,0.0540540540540561,0.1073458313385631,0.1070378713807858,0.1082479427089315,0.1082036068507625,0.0777959079423018,0.1066633283500876,0.2110128548811629,0.0929899668696745,0.1215558449497101,1.9811552530576155,1.236433701309239,2.9775685365661952,0.5359757925281583
655,0.9527027027027029,0.8253164744979286,0.855034425673076,0.8460260484497562,0.7746936209304548,0.0540540540540561,0.1072974357874503,0.1070118753261205,0.1081385818992104,0.108166215150085,0.0789066184366579,0.1066633283500884,0.2110128548811629,0.0925993150639628,0.1210348076083463,1.9856763153281527,1.236433701309239,2.9775685365661952,0.5610209064855494
656,0.9524324324324328,0.8253814186759292,0.8559635799471836,0.845615714844643,0.7750394431530891,0.0540540540540561,0.107852387925855,0.1069875835559797,0.1080363125161698,0.1083758692790336,0.0785483329456922,0.1066633283500891,0.2110128548811629,0.0922290689332317,0.1206923873611438,1.9836029069428565,1.236433701309239,2.9775685365661952,0.5975844206146512
657,0.951621621621622,0.8275964250040724,0.8566224927500673,0.8466668636464074,0.7768619092098811,0.0540540540540561,0.1077716500170259,0.1069648976614337,0.1079407346165999,0.1083697459808287,0.077343858544865,0.1066633283500896,0.2110128548811629,0.0905876329833878,0.1185177499874145,1.979320733880048,1.236433701309239,2.9775685365661952,0.5678533812458966
658,0.9513513513513514,0.8267847290381337,0.8568672300122877,0.8464524574036141,0.7764792071057829,0.0540540540540561,0.1082960229858473,0.10694372313857,0.107851462959017,0.1085435323008165,0.0764375003988073,0.1066633283500903,0.2110128548811629,0.0908986492052605,0.1190672594689429,1.979527618565472,1.236433701309239,2.9775685365661952,0.5537873048753424
659,0.9510810810810812,0.8277292628248873,0.854862002142163,0.8434772106156051,0.7751022495928929,0.0540540540540561,0.1081864119827162,0.10752400286601,0.1083675518095696,0.1085877152895426,0.0761289701846373,0.1066633283500908,0.2110128548811629,0.0902518629010588,0.1181775311837539,1.9811657598330532,1.236433701309239,2.9775685365661952,0.5045807921336908
660,0.9521621621621622,0.8274120768634424,0.8546609280958917,0.8424157009691169,0.7745223522028171,0.0540540540540561,0.1080835236922063,0.1074668239320099,0.108851116763076,0.1086161573209072,0.0761679336199487,0.1066633283500912,0.2110128548811629,0.0905505390830347,0.1185461612904545,1.973827240441936,1.236433701309239,2.9775685365661952,0.5521640630615525
661,0.9516216216216216,0.82385829790635,0.8530852732627581,0.8417920002502483,0.7717993002747346,0.0540540540540561,0.108566644455927,0.1074130715588781,0.1087033031291306,0.1086955493183226,0.0766915056350902,0.1066633283500917,0.2110128548811629,0.0929667809581078,0.1218583798656866,1.9653680177607735,1.236433701309239,2.9775685365661952,0.5696521269431392
662,0.9524324324324324,0.8247792456970217,0.8533512898551118,0.8436912301352829,0.7730819029024828,0.0540540540540561,0.1084389482038514,0.1073625874518163,0.1085646760443373,0.1086797022630442,0.0766527296612668,0.1066633283500921,0.2110128548811629,0.0923434396716841,0.1210012802010522,1.9840135663183969,1.236433701309239,2.9775685365661952,0.5657803401535262
663,0.953243243243243,0.8253738805486581,0.8538621931037792,0.8440415946695538,0.7736786565291751,0.0540540540540561,0.1083190640283986,0.1073152146577403,0.1084347661644182,0.1086198218712943,0.0764927370708093,0.1066633283500926,0.2110128548811629,0.0919720449965958,0.1204665874371422,1.9847345541973724,1.236433701309239,2.9775685365661952,0.5895913248433202
664,0.9535135135135132,0.8261659955680591,0.8551173824921114,0.8460297901811573,0.7754563884400113,0.0540540540540561,0.1082066104355766,0.1072707984202685,0.1083131153091656,0.108641168779214,0.0765357859918076,0.1066633283500928,0.2110128548811629,0.091432083839787,0.1197306992141525,1.9752440727212888,1.236433701309239,2.9775685365661952,0.5893099455349753
665,0.9532432432432432,0.8268495534500765,0.8550231362473457,0.8457682981436311,0.7756158494999862,0.0540540540540561,0.1081012122301126,0.1072291869164281,0.1081992779378374,0.1085522246179389,0.0764918670920416,0.1066633283500933,0.2110128548811629,0.0909636833640364,0.119099840434867,1.97477295321446,1.236433701309239,2.9775685365661952,0.5588037527914346
666,0.9529729729729728,0.8264161277068574,0.8544346487546656,0.8453773857831756,0.7749782748039766,0.0540540540540561,0.1080025021656586,0.1071902318804889,0.1080928223537838,0.108451518114906,0.0766602321184605,0.1066633283500936,0.2110128548811629,0.0913420408897834,0.1195826212103132,1.9895484970395765,1.236433701309239,2.9775685365661952,0.5207415462507035
667,0.9537837837837836,0.8279979252013233,0.8542684879846542,0.8454771184564224,0.7756866353880149,0.0540540540540561,0.1079101223315341,0.1071537891216238,0.1079933316575504,0.1083828187803694,0.0767478369213478,0.1066633283500938,0.2110128548811629,0.0901869192491245,0.1180470136329098,1.9801973387939964,1.236433701309239,2.9775685365661952,0.5456197046260574
668,0.9543243243243242,0.8261993665619103,0.8540403892397594,0.8455126670185362,0.7746428498459998,0.0540540540540561,0.1078237252924498,0.1071197189429955,0.1079004044692012,0.1083138969041987,0.0783523062688678,0.1066633283500941,0.2110128548811629,0.0916099921565653,0.1198887707918649,1.9805987375454663,1.236433701309239,2.9775685365661952,0.5080146920547165
669,0.9532432432432436,0.8270061942658722,0.854328649630116,0.8449737296375963,0.775013118979614,0.0540540540540561,0.1077429749996506,0.1070878864704388,0.1084136888245492,0.1083808997245714,0.0782454990666743,0.1066633283500943,0.2110128548811629,0.0910409305104159,0.1191223182343022,1.975606274430246,1.236433701309239,2.9775685365661952,0.5668097337209183
670,0.9551351351351356,0.8276012590908366,0.8553908914548235,0.8454576686774432,0.7759668686139516,0.0540540540540561,0.1076675474931309,0.1070581618991845,0.1082939892781169,0.1083656907363881,0.0780177919608534,0.1066633283500946,0.2110128548811629,0.0906267264278969,0.1185649671625977,1.972782357571916,1.236433701309239,2.9775685365661952,0.6216838692655133
671,0.954594594594595,0.827612286364599,0.8547471827068186,0.8459590385516593,0.7758565649921516,0.0540540540540561,0.1075971314150992,0.1070304206671134,0.1081819209760831,0.1082978838539961,0.0787320909420928,0.1066633283500949,0.2110128548811629,0.0906646623510936,0.118589147927851,1.978135265215619,1.236433701309239,2.9775685365661952,0.6025058820037963
672,0.955675675675676,0.8282537807425697,0.8521800561264087,0.8459229572391349,0.7749924910957021,0.0540540540540561,0.1075314283548585,0.1070045435628779,0.1080770680416196,0.1081580981161982,0.0790295266837996,0.1066633283500951,0.2110128548811629,0.0902120367369561,0.1179805050800005,1.9733365103067424,1.236433701309239,2.9775685365661952,0.6020030827060887
673,0.9551351351351356,0.8293451025564881,0.8524466327086975,0.8433011121348123,0.7744531126003578,0.0540540540540561,0.1074701530448046,0.1069804167769281,0.1079790283727493,0.1080290991558362,0.0784703823566494,0.1066633283500951,0.2110128548811629,0.0894121938029037,0.1169198209211097,1.9816804472577272,1.236433701309239,2.9775685365661952,0.5947752292499079
674,0.9548648648648652,0.8293236391090256,0.8523320309312402,0.8409831402972766,0.7735107634920071,0.0540540540540561,0.1074130334264529,0.1069579319030649,0.1084874476893549,0.1080494607027256,0.0782862256333256,0.1066633283500953,0.2110128548811629,0.0894578426120991,0.1169698441777477,1.992482642643693,1.236433701309239,2.9775685365661952,0.5796212460004491
675,0.9545945945945952,0.8280011033865355,0.8503336422111023,0.8409348992900838,0.7720204972124547,0.0540540540540561,0.1073598106043614,0.1075359792380736,0.1083631270217761,0.1080767656006636,0.0778474520727785,0.1066633283500955,0.2110128548811629,0.0905003683653989,0.1183189913112842,1.9899696691044029,1.236433701309239,2.9775685365661952,0.602218739821268
676,0.9540540540540544,0.8296950184938282,0.8497501987490546,0.8411564275984976,0.7727142032660238,0.0540540540540561,0.1073102387046055,0.1074777911777336,0.108246676684171,0.1080005679000574,0.0770015793745308,0.1066633283500957,0.2110128548811629,0.0892291155652482,0.116649862153869,1.9948266617429504,1.236433701309239,2.9775685365661952,0.5857140195697284
677,0.9540540540540544,0.8297256972570952,0.8491136395653502,0.8417362911539832,0.7726476029477722,0.0540540540540561,0.1072640846531464,0.107423120565892,0.1081376750386676,0.1079398478835989,0.0772921968860453,0.1066633283500958,0.2110128548811629,0.089232577475214,0.1166422604163314,2.000872341775315,1.236433701309239,2.9775685365661952,0.5602203162519411
678,0.9540540540540544,0.8293884877965145,0.8481051098983543,0.8403337984327598,0.7715141017517602,0.0540540540540561,0.1072211278880675,0.1073718003513937,0.1086357467968404,0.1079541169667151,0.0766051725466047,0.1066633283500959,0.2110128548811629,0.0895145153048511,0.1170009482594517,1.9925383307926148,1.236433701309239,2.9775685365661952,0.5508000427393116
679,0.9535135135135137,0.8283243669974003,0.8486508772049084,0.8411281403700711,0.7714359790929555,0.0540540540540561,0.1076652265610496,0.1073236657071338,0.1085016706657021,0.1081052564219888,0.0764781837330055,0.106663328350096,0.2110128548811629,0.0901118364844182,0.1178430197220745,1.9915207069286027,1.236433701309239,2.9775685365661952,0.5402721751894792
680,0.9537837837837838,0.8287843472298119,0.846671275077193,0.8394467804199485,0.7701156922137022,0.0540540540540561,0.1075976255882655,0.1078785797532085,0.1083760339273465,0.1080703163134422,0.0758412783481137,0.1066633283500961,0.2110128548811629,0.0898023300338979,0.1174168399760556,1.9781670799198747,1.236433701309239,2.9775685365661952,0.541510645418459
681,0.9545945945945948,0.8286188792547476,0.8465334095646937,0.8404746004123035,0.7703693474027041,0.0540540540540561,0.107534220620339,0.1077975753173771,0.1082583912907455,0.1080243930051731,0.0767068552699942,0.1066633283500963,0.2110128548811629,0.0899562313033694,0.117614010435083,1.973997752877461,1.236433701309239,2.9775685365661952,0.5461412427369818
682,0.954594594594595,0.8288304704920942,0.8480587630792127,0.8429008215276498,0.772167770313112,0.0540540540540561,0.1074747967061403,0.1077214569335886,0.1081483101137084,0.1080761781315658,0.0773658653996072,0.1066633283500963,0.2110128548811629,0.0898307946572343,0.1174321311548357,1.9659914859941496,1.236433701309239,2.9775685365661952,0.5480824708333699
683,0.954594594594595,0.8298967163337183,0.8501104785502072,0.844297736394547,0.7741380690789509,0.0540540540540561,0.1074191443502788,0.1076499953267133,0.1080453714942287,0.108122040516635,0.0777251319106115,0.1066633283500964,0.2110128548811629,0.0890474575118229,0.1163937114911425,1.9613252648809056,1.236433701309239,2.9775685365661952,0.5333495674531643
684,0.9548648648648652,0.8291876669016289,0.8497335434969618,0.8466279809235988,0.7745995831062104,0.0540540540540561,0.1073670600841613,0.1075829635857084,0.1079491711300163,0.1081263481810989,0.077890078958099,0.1066633283500964,0.2110128548811629,0.0896179855524676,0.1171288030562906,1.9576205846508967,1.236433701309239,2.9775685365661952,0.5794671501483701
685,0.9532432432432436,0.8292522713917941,0.8493068720345434,0.8473825448539052,0.7746350703079949,0.0540540540540561,0.1079183803177891,0.1075201383681332,0.1078593199647515,0.1082843503960241,0.0773045354869928,0.1066633283500966,0.2110128548811629,0.0892602587025927,0.1167885384493112,1.966742635832175,1.236433701309239,2.9775685365661952,0.5921208502832984
686,0.952972972972973,0.8280607147115562,0.8493518715370176,0.8477638931471843,0.7741639428885634,0.0540540540540561,0.1078340884912298,0.1074613009292138,0.1077754446405077,0.1082332364318432,0.0779623572099567,0.1066633283500967,0.2110128548811629,0.0902141033442119,0.1180222410428288,1.970429287107912,1.236433701309239,2.9775685365661952,0.554450001615521
687,0.9527027027027029,0.8285961156982465,0.8507144658777831,0.8477898788558217,0.774971238481361,0.0540540540540561,0.1077549692672087,0.1074062379850631,0.1076971877761175,0.1082172363538138,0.078026095470723,0.1066633283500967,0.2110128548811629,0.0898546868322337,0.117526399668149,1.9748587135100992,1.236433701309239,2.9775685365661952,0.5157978279561328
688,0.9524324324324324,0.8286363387055908,0.8499580243740467,0.8479027013425876,0.7747171014434149,0.0540540540540561,0.1076807671026452,0.1073547424212444,0.1076242080911015,0.108140198517869,0.0779481550773689,0.1066633283500967,0.2110128548811629,0.0898532436242205,0.1175232777430864,1.960392261297536,1.236433701309239,2.9775685365661952,0.5229416803495822
689,0.9527027027027024,0.8283009736590374,0.8469590541773315,0.8481360306358998,0.7734394652607199,0.0540540540540561,0.1076112312802299,0.1079066472420647,0.1075561803942364,0.1081539041413915,0.0784531082539886,0.1066633283500969,0.2110128548811629,0.0901382322488543,0.1178934107008475,1.961612462868077,1.236433701309239,2.9775685365661952,0.5204662509644511
690,0.952162162162162,0.8295595539688476,0.8471407705051055,0.8450210754229509,0.7731060174402944,0.0540540540540561,0.107546116892143,0.1078229327844665,0.1086928622213333,0.1082790161871098,0.0775321472334126,0.1066633283500969,0.2110128548811629,0.0892158963910947,0.1166673875850808,1.9479884250062616,1.236433701309239,2.9775685365661952,0.5031803678674831
691,0.9524324324324324,0.8286650486991693,0.8474343994425315,0.8444037423026325,0.7724399755991211,0.0540540540540561,0.1074851856645415,0.1077443809513706,0.1085563071615751,0.1081945228874771,0.0779625997586512,0.106663328350097,0.2110128548811629,0.0899396967439383,0.1175923584685599,1.947677842771804,1.236433701309239,2.9775685365661952,0.5111035495460959
692,0.9527027027027029,0.8284215587196949,0.847156183116816,0.8440156487177936,0.7720135545312493,0.0540540540540561,0.1074282066320358,0.1076707337989052,0.1084281723721854,0.108107364596511,0.0783235999087372,0.1066633283500969,0.2110128548811629,0.0901493556217072,0.1178643379642871,1.9482209536702229,1.236433701309239,2.9775685365661952,0.5121822174354296
693,0.9537837837837836,0.828307533738118,0.8480982829747528,0.8455407206188549,0.773008702791026,0.0540540540540561,0.1073749566727821,0.1076017385704003,0.1083080349393488,0.1081178192253633,0.078279676848319,0.106663328350097,0.2110128548811629,0.0902628119798135,0.1180049879254906,1.9483038512188613,1.236433701309239,2.9775685365661952,0.5182865104267955
694,0.952972972972973,0.8279914901454346,0.8482497538582003,0.845958214040177,0.7730460818785271,0.0540540540540561,0.1073252209157231,0.1075371486704917,0.1081954812596462,0.1080760582809843,0.0788359152505895,0.1066633283500971,0.2110128548811629,0.090531771555849,0.1183458993967037,1.943336926519753,1.236433701309239,2.9775685365661952,0.5288412658015706
695,0.952972972972973,0.8278779735483071,0.847229219077907,0.8466761882990309,0.7728173492622001,0.0540540540540561,0.1072787930319742,0.1074767244717648,0.108090108417026,0.1080121455663792,0.077541686912914,0.106663328350097,0.2110128548811629,0.0906478520010211,0.118482629935706,1.9535253230580232,1.236433701309239,2.9775685365661952,0.5402215369265139
696,0.9521621621621624,0.8281052317498343,0.8466276958013915,0.8462084646103223,0.7724277586070286,0.0540540540540561,0.1072354754224713,0.107420233965854,0.1079915253286091,0.1079266513122542,0.0779352958014216,0.1066633283500971,0.2110128548811629,0.0904988769771874,0.1182770305389301,1.9544069343517187,1.236433701309239,2.9775685365661952,0.5207509144374213
697,0.9508108108108112,0.8289215004052202,0.8467347028916538,0.8464145251465207,0.7729425281118093,0.0540540540540561,0.1071950793138199,0.1073674532717621,0.1078993536719503,0.1078869574228514,0.0779010619622137,0.1066633283500971,0.2110128548811629,0.0898983610645097,0.1174809599378698,1.9480401110537344,1.236433701309239,2.9775685365661952,0.5161172745983252
698,0.9491891891891894,0.8299494274284984,0.8452480723874904,0.8472890384158631,0.7732990162967153,0.0540540540540561,0.1071574247738796,0.107918200397767,0.1078132286085941,0.1079680233302475,0.0775067852677969,0.1066633283500972,0.2110128548811629,0.089130225197149,0.1164718601845618,1.946797574954782,1.236433701309239,2.9775685365661952,0.5554246077733193
699,0.94972972972973,0.8294718998876229,0.84544190971214,0.8477749902377405,0.7736051790734961,0.0540540540540561,0.1077223740412163,0.1078334422812713,0.1077327993202615,0.1081724973414261,0.0778336382656395,0.1066633283500973,0.2110128548811629,0.0890966833180306,0.1166669130917693,1.948193376064098,1.236433701309239,2.9775685365661952,0.5639123888185298
700,0.9510810810810816,0.8300808371766436,0.8449551136055036,0.8488230962755192,0.7741349435794672,0.0540540540540561,0.1076509381897763,0.107753948861556,0.1076577293748625,0.1081275718283141,0.0777140553387689,0.1066633283500972,0.2110128548811629,0.0886679965291384,0.1160936937284683,1.952245272681372,1.236433701309239,2.9775685365661952,0.5192175566711503
701,0.951621621621622,0.830794522054027,0.8451753233256721,0.8462415395847037,0.7735249487237309,0.0540540540540561,0.1075839308801846,0.1076794515196758,0.1081877303230215,0.1081401444598008,0.07697714075634,0.1066633283500972,0.2110128548811629,0.0881688771354892,0.115413512505881,1.9475487648019292,1.236433701309239,2.9775685365661952,0.5264347240885473
702,0.951621621621622,0.8305195786864152,0.8452544456878536,0.8467274787088033,0.7736240444354118,0.0540540540540561,0.1075211265279772,0.1076096879779602,0.1080836685535951,0.1080959897514799,0.0769466728435203,0.1066633283500973,0.2110128548811629,0.08841494443595,0.115719858049596,1.950228484353963,1.236433701309239,2.9775685365661952,0.5637191290320294
703,0.9508108108108112,0.8295016445388125,0.8455484707396869,0.8468446824998815,0.7732489369045201,0.0540540540540561,0.107462304977092,0.1075444031518896,0.1079862191670116,0.1080471562580734,0.0775714737509817,0.1066633283500973,0.2110128548811629,0.0892260876460541,0.1167672029726416,1.9442575459301248,1.236433701309239,2.9775685365661952,0.5696634105462048
704,0.951621621621622,0.8292813054750756,0.8467133980767778,0.8467557676818164,0.7735420483941098,0.0540540540540561,0.1074072521671702,0.107483349846091,0.1078950242042227,0.1080251567695768,0.0773693616548352,0.1066633283500973,0.2110128548811629,0.0894351321074163,0.1170150684413389,1.959940900763621,1.236433701309239,2.9775685365661952,0.5562805258117833
705,0.951891891891892,0.8304345402283043,0.8466854936433416,0.847313383390415,0.7743266470900988,0.0540540540540561,0.1073557606822252,0.1074262893056146,0.1078097373269676,0.1079905257828485,0.0768473284617978,0.1066633283500974,0.2110128548811629,0.0885899156583375,0.115887579430583,1.954391423330113,1.236433701309239,2.9775685365661952,0.5745556819087769
706,0.9524324324324328,0.83002315693389,0.8477022079372419,0.8476086774139201,0.7747043780592281,0.0540540540540561,0.1073076301877663,0.1073729916344763,0.1077300244450071,0.1079792067672373,0.0768820796293141,0.1066633283500972,0.2110128548811629,0.0889325038169028,0.1163230279722268,1.955282283021032,1.236433701309239,2.9775685365661952,0.5759789702838818
707,0.9532432432432436,0.8299295765958548,0.8464331407530155,0.8486292378739428,0.7745199284086866,0.0540540540540561,0.1072626677644614,0.1073232360938671,0.1076555641846236,0.1079244070494052,0.0782093441922723,0.1066633283500973,0.2110128548811629,0.0890346620517933,0.1164390895219145,1.955658961869842,1.236433701309239,2.9775685365661952,0.5636082698576083
708,0.9540540540540544,0.8308751277342181,0.8463581775403728,0.8490356655128748,0.7751238920314257,0.0540540540540561,0.1072206881470698,0.1072768112925236,0.1075860482117744,0.1078920031365111,0.0777007078809395,0.1066633283500973,0.2110128548811629,0.088339996331096,0.1155145281922467,1.947233056733805,1.236433701309239,2.9775685365661952,0.5752847564643836
709,0.9543243243243248,0.8297031717878434,0.8464263236984959,0.8503095260828968,0.7750823257653903,0.0540540540540561,0.107181513877712,0.1072335152815621,0.1075211814237886,0.1078924945040492,0.078582035441684,0.1066633283500974,0.2110128548811629,0.0892583807903541,0.1167060712733008,1.938987810078308,1.236433701309239,2.9775685365661952,0.5553458951216461
710,0.9551351351351356,0.827456105768341,0.8465988601397266,0.8495649808398211,0.773645786529213,0.0540540540540561,0.1077450087657947,0.1071931555656691,0.1080607154067963,0.1082730291482417,0.0781143513714769,0.1066633283500974,0.2110128548811629,0.0906392700792052,0.1186713898487617,1.9471580591322,1.236433701309239,2.9775685365661952,0.5342470493781979
711,0.9559459459459468,0.8276950870429889,0.8479385308369766,0.8495437404837298,0.7743400296896591,0.0540540540540561,0.1076721846746945,0.1071555490419697,0.1079655551838108,0.1082507472177836,0.0786277163214066,0.1066633283500974,0.2110128548811629,0.0905005316885881,0.1184688206196638,1.9492559829707792,1.236433701309239,2.9775685365661952,0.5323774188753252
712,0.9562162162162168,0.8288019302057426,0.849189430019544,0.8509145261976074,0.7760076661055667,0.0540540540540561,0.1076038553858225,0.1071205218771934,0.1078764130087738,0.1082733954448852,0.0788127854201577,0.1066633283500974,0.2110128548811629,0.089706234968784,0.1173961421013465,1.9493098238502748,1.236433701309239,2.9775685365661952,0.5377219179062254
713,0.9567567567567572,0.8280222445898217,0.8488856431757508,0.8505849003045407,0.7754226307562955,0.0540540540540561,0.107539794869987,0.1076879427161521,0.1077929665409565,0.1083368662487238,0.0792802747349547,0.1066633283500973,0.2110128548811629,0.0903477832891808,0.1182078579751845,1.94300731544295,1.236433701309239,2.9775685365661952,0.5556191702335994
714,0.9570270270270276,0.8271453991152662,0.8494883465527429,0.8511681782932773,0.7754535735320991,0.0540540540540561,0.1074797820542973,0.1076188292416315,0.1077149034921916,0.1083119453948518,0.0802834558722708,0.1066633283500973,0.2110128548811629,0.0910501055459315,0.1191147098575852,1.950528749389565,1.236433701309239,2.9775685365661952,0.5345379141669935
715,0.9564864864864868,0.825661713986168,0.8500366274173574,0.8533487239841425,0.77604167163113,0.0540540540540561,0.108023634956486,0.1075540018357806,0.1076419222395847,0.108572869826279,0.0801342910231442,0.1066633283500974,0.2110128548811629,0.0918418650241365,0.1203264685355887,1.9546536270536088,1.236433701309239,2.9775685365661952,0.5175268665686149
716,0.955405405405406,0.8250405343038794,0.8494425815614849,0.853819869893548,0.7756557643540745,0.0540540540540561,0.1079323180856278,0.107493241671961,0.1075737322952271,0.1085005719811621,0.0810623076781329,0.1066633283500974,0.2110128548811629,0.0923768107387167,0.1209933066533066,1.9576396736971704,1.236433701309239,2.9775685365661952,0.5239300154846274
717,0.954594594594595,0.823817938379087,0.8497942748054558,0.855117315302901,0.7757655831356983,0.0540540540540561,0.1084466297042143,0.1074363353240533,0.1075100546437707,0.1087220937499502,0.0809070593010245,0.1066633283500974,0.2110128548811629,0.093020859819142,0.1219587467688056,1.965882948724534,1.236433701309239,2.9775685365661952,0.505629040911246
718,0.9543243243243248,0.8237814083233549,0.8492596748552453,0.8548715576212327,0.7753396218110933,0.0540540540540561,0.1083274695585181,0.10738307538048,0.1074506219594802,0.1086236967578371,0.0818781720736955,0.1066633283500975,0.2110128548811629,0.0931219346808336,0.122054856897386,1.9585981110514077,1.236433701309239,2.9775685365661952,0.5639441583199587
719,0.953783783783784,0.8242009560406438,0.8504721924304408,0.8558771675662732,0.7764766717451866,0.0540540540540561,0.1082155346431492,0.1073332609492752,0.1073951787147535,0.1086262471253512,0.081887928075968,0.1066633283500975,0.2110128548811629,0.0928762989232074,0.1216912766377814,1.950232703365376,1.236433701309239,2.9775685365661952,0.6070591035358249
720,0.954594594594595,0.823342205442736,0.8495858599236651,0.8555327056102813,0.7755941327554138,0.0540540540540561,0.1087105143567661,0.1072866980601337,0.1073434811921515,0.1087534807927994,0.0830077479320877,0.1066633283500975,0.2110128548811629,0.0932367458134137,0.1223025373788808,1.94862011710802,1.236433701309239,2.9775685365661952,0.6219076661430355
721,0.9537837837837844,0.8235601873756708,0.8508143625646983,0.8539639057577353,0.7756178192598651,0.0540540540540561,0.1085732425527237,0.1072431999704558,0.1078952174537605,0.1088206009378849,0.0832179298395614,0.1066633283500975,0.2110128548811629,0.0931694597404606,0.1221531913479673,1.9515808438774285,1.236433701309239,2.9775685365661952,0.6442874386090218
722,0.9529729729729732,0.8254846569334789,0.8514213455707548,0.8539138012908536,0.7768685200553377,0.0540540540540561,0.1084443531555173,0.1078026207662985,0.1078115756783814,0.1089047269950165,0.082869914558206,0.1066633283500974,0.2110128548811629,0.0917818009179059,0.1202931664887621,1.949899564072931,1.236433701309239,2.9775685365661952,0.6464481025357847
723,0.953513513513514,0.8235737363012661,0.8531786669902339,0.8546360343637335,0.7770197644561497,0.0540540540540561,0.1089234732876957,0.1077259622774912,0.1077331921830449,0.1091291009598965,0.0827929809989749,0.1066633283500974,0.2110128548811629,0.0929641196843377,0.1219645270548864,1.9569789219098692,1.236433701309239,2.9775685365661952,0.6210387149925958
724,0.9543243243243248,0.8240100702004584,0.852478210235851,0.8536167671894762,0.7763895424766796,0.0540540540540561,0.1087713764613961,0.107654028057164,0.1076597891941056,0.1089805365907715,0.083080625442527,0.1066633283500975,0.2110128548811629,0.0927271441401055,0.1216042415688432,1.9580731817698245,1.236433701309239,2.9775685365661952,0.6032418182833701
725,0.9540540540540544,0.8244314014796295,0.8542812992362312,0.8554739037345195,0.7781137622874732,0.0540540540540561,0.1086286379423628,0.1075865817556026,0.1075910971088171,0.1090045409731955,0.0833485886117562,0.1066633283500974,0.2110128548811629,0.0924957585593609,0.1212542795491889,1.9634296550638013,1.236433701309239,2.9775685365661952,0.596043991985952
726,0.953783783783784,0.8250868097436672,0.8544439771803196,0.8556041228977738,0.7785198937868516,0.0540540540540561,0.1084947950373674,0.1075233919769792,0.1075268550869311,0.1089270372997341,0.0835892766891996,0.1066633283500975,0.2110128548811629,0.0920734163844338,0.1206657927376489,1.967584870180101,1.236433701309239,2.9775685365661952,0.5788312579200501
727,0.9540540540540546,0.8237586808214892,0.8532994122522792,0.8562495874396069,0.7776429136763566,0.0540540540540561,0.1083693932443191,0.1074642331081974,0.1074668115166444,0.1088330658138557,0.0839430465216224,0.1066633283500975,0.2110128548811629,0.0931527098367845,0.1220566225563511,1.9721807393298465,1.236433701309239,2.9775685365661952,0.5572601681677442
728,0.953513513513514,0.8205418752949509,0.8529475996496708,0.8556564703113176,0.7759418695122169,0.0540540540540561,0.1094487829958786,0.1074088860084439,0.1080107577465465,0.1093365344572488,0.0836245596103294,0.1066633283500975,0.2110128548811629,0.0949756825297452,0.1247337332071102,1.974645972687324,1.236433701309239,2.9775685365661952,0.5519311146938133
729,0.9537837837837846,0.82109405439693,0.8537161434857267,0.8535532466083776,0.775716502956957,0.0540540540540561,0.1092616635460474,0.1073571385678117,0.1085057186009251,0.1093251776687073,0.0835449934430788,0.1066633283500974,0.2110128548811629,0.094646579074034,0.1242751138300463,1.978002958785209,1.236433701309239,2.9775685365661952,0.5712241371022485
730,0.9521621621621628,0.8203409990649517,0.8525273505703181,0.8506079281597532,0.7736201945621043,0.0540540540540561,0.1090860204693788,0.1073087861445114,0.10895035800755,0.1092296062454272,0.0838979026307052,0.1066633283500975,0.2110128548811629,0.0953248387135319,0.1251159907003584,1.9775764561796647,1.236433701309239,2.9775685365661952,0.5631911170644999
731,0.9529729729729738,0.8189942127862693,0.8519789101106177,0.85078278701137,0.7728962419681372,0.0540540540540561,0.1093267749918702,0.1072636318909176,0.108798255294063,0.1092471546888451,0.0841655462418551,0.1066633283500975,0.2110128548811629,0.0961563195010549,0.1263423997177954,1.9759510191673384,1.236433701309239,2.9775685365661952,0.5429442498037327
732,0.954324324324325,0.820299460189577,0.8518285791975526,0.8496922619999059,0.7729054112558862,0.0540540540540561,0.1091473972013613,0.1072214869790623,0.1086552805995421,0.1091010785874485,0.0834632485021732,0.1066633283500975,0.2110128548811629,0.0952827853275693,0.1251268412097425,1.9773399777252516,1.236433701309239,2.9775685365661952,0.556550105160436
733,0.9551351351351358,0.8215628829974055,0.8513443000282802,0.8507339488865778,0.7737067162827971,0.0540540540540561,0.1089790754727866,0.1071821707362563,0.108521012124663,0.1090151661443162,0.083257295527984,0.1066633283500974,0.2110128548811629,0.0944215173294443,0.123947579266201,1.9763530625418275,1.236433701309239,2.9775685365661952,0.5038699108360002
734,0.9554054054054062,0.8223867743054569,0.8497825810502526,0.8509696415242334,0.7736303033843026,0.0540540540540561,0.10882126047498,0.1077455440845022,0.1083950313546006,0.1090234963346877,0.0831917770728539,0.1066633283500975,0.2110128548811629,0.0938881275891371,0.1232025954570529,1.978354096592836,1.236433701309239,2.9775685365661952,0.489174764699428
735,0.9556756756756764,0.8225984562753372,0.8492499488554458,0.8491728278920028,0.7726866024837065,0.0540540540540561,0.1086734130340749,0.1076726163049141,0.1088769588214047,0.109005435532938,0.0830570487270867,0.1066633283500974,0.2110128548811629,0.0938363933905083,0.1230648372076251,1.9757796952223656,1.236433701309239,2.9775685365661952,0.4812547768292491
736,0.9559459459459468,0.8211355807983562,0.847759700762352,0.849143123068327,0.7712382674688264,0.0540540540540561,0.1085350064242006,0.107604198878658,0.1087275629242708,0.1088570831927407,0.0835765210794865,0.1066633283500975,0.2110128548811629,0.0950422301627569,0.1245969159895433,1.972731865256893,1.236433701309239,2.9775685365661952,0.5093927999827256
737,0.9551351351351356,0.822318809560706,0.8487411753154532,0.8495596075940294,0.7724139946744273,0.0540540540540561,0.1084055282645106,0.107540063735033,0.1085874155670442,0.1088049053979703,0.0834189174354953,0.1066633283500975,0.2110128548811629,0.0942173695737391,0.1234784263070389,1.978363601304126,1.236433701309239,2.9775685365661952,0.5205283445175795
738,0.9564864864864868,0.8236193514788477,0.846936132844363,0.8503720896156538,0.7725974991883795,0.0540540540540561,0.1082844820526345,0.1074799879954765,0.1084560519552596,0.1086811674373683,0.0827272353191397,0.1066633283500974,0.2110128548811629,0.0932942201318131,0.1222384074948349,1.974891814093373,1.236433701309239,2.9775685365661952,0.5318490400250593
739,0.9556756756756762,0.8238927396152055,0.848225981776763,0.850002617782436,0.7731161250363934,0.0540540540540561,0.108171388366173,0.1074237547026036,0.1083330166560485,0.1086240388250408,0.0827622336907722,0.1066633283500974,0.2110128548811629,0.0931448314403162,0.1220215662017082,1.958446129007813,1.236433701309239,2.9775685365661952,0.5323724084635484
740,0.9540540540540546,0.823828462205546,0.8484678313074169,0.8489433084418355,0.7728062706756343,0.0540540540540561,0.1080657857644278,0.107371153422461,0.108817898809691,0.1086590954206577,0.083531358557121,0.1066633283500975,0.2110128548811629,0.0932565276843523,0.1221386449122399,1.9661901063971965,1.236433701309239,2.9775685365661952,0.5494267719290394
741,0.9532432432432436,0.8232624291053557,0.8478973977152425,0.8474636869970843,0.7718878080103317,0.0540540540540561,0.1079672314223242,0.1079220141109124,0.1092714737929413,0.1087901605790296,0.0835861771129171,0.1066633283500974,0.2110128548811629,0.0937485755649867,0.122753955183482,1.976179491254305,1.236433701309239,2.9775685365661952,0.5424017824479406
742,0.953513513513514,0.8249817134097864,0.8488129345408495,0.8469245005270665,0.7728461269338177,0.0540540540540561,0.107875301527626,0.1078373142639932,0.1090954651131069,0.108704646639041,0.083391376818191,0.1066633283500975,0.2110128548811629,0.0924865216253595,0.1210806358264005,1.9778277041957872,1.236433701309239,2.9775685365661952,0.5430559856557173
743,0.9532432432432436,0.8240130902494058,0.8498503558622552,0.8452703473840018,0.7720252398317452,0.0540540540540561,0.1077895914711975,0.1077578331035346,0.1089303576234421,0.1085943590691743,0.0839519667966826,0.1066633283500975,0.2110128548811629,0.0932742256593602,0.1220921140149951,1.9882192374313987,1.236433701309239,2.9775685365661952,0.532069549235597
744,0.9537837837837844,0.8245123224963775,0.8505325491292542,0.8450137270108677,0.7723497534930217,0.0540540540540561,0.1077097158583685,0.1076833101293904,0.1087756014892329,0.1085190744781808,0.0847706871134953,0.1066633283500974,0.2110128548811629,0.0929450292448672,0.1216328195744381,1.9948118594497728,1.236433701309239,2.9775685365661952,0.539333315257306
745,0.9540540540540544,0.8223566186026413,0.8505408709356825,0.8440526764621876,0.7708929667420961,0.0540540540540561,0.1087813000077805,0.1076134901285011,0.1092296518338874,0.1089779829932265,0.0852286608113259,0.1066633283500975,0.2110128548811629,0.0940095706171396,0.1232527313934683,1.9852904851657276,1.236433701309239,2.9775685365661952,0.5422813401155298
746,0.9529729729729736,0.8221075434509948,0.8499440731362705,0.845924081138652,0.7712106129427451,0.0540540540540561,0.1086384396709637,0.1075481241319074,0.1090553142456071,0.1089058375667608,0.0857889864927338,0.1066633283500975,0.2110128548811629,0.0942829275559433,0.1235732367135233,1.9736858208375383,1.236433701309239,2.9775685365661952,0.5306641670070497
747,0.953513513513514,0.8205789246890726,0.8470380204054645,0.8456419917072886,0.7691320510341995,0.0540540540540561,0.1085044342676536,0.1080870035934486,0.1088919249030095,0.1088427590593305,0.0859454913226936,0.1066633283500975,0.2110128548811629,0.0955256134361556,0.1251688581771008,1.960279001262562,1.236433701309239,2.9775685365661952,0.5136791808506493
748,0.952432432432433,0.8205440500785395,0.8477256695097927,0.8462121870065996,0.769650074217893,0.0540540540540561,0.108378833154979,0.1079910678116232,0.1087389116972423,0.1087747762298896,0.0863640227433798,0.1066633283500976,0.2110128548811629,0.0956113679096682,0.1252665333439707,1.9585553241926408,1.236433701309239,2.9775685365661952,0.5588682554620283
749,0.9532432432432436,0.8210080813190396,0.8481707488854966,0.847935561194067,0.7707772210811159,0.0540540540540561,0.1082611964221679,0.1079010583480503,0.1085957175294888,0.108744573577908,0.0856925568950199,0.1066633283500974,0.2110128548811629,0.0953194336776593,0.1248613204698761,1.955210285367082,1.236433701309239,2.9775685365661952,0.5369687966584364
750,0.9529729729729736,0.8202145899544209,0.8477116472538211,0.8465279942283307,0.7694781836046464,0.0540540540540561,0.1081510962526211,0.1078166777763692,0.1084618019949676,0.108592517515354,0.0863050429162322,0.1066633283500975,0.2110128548811629,0.0959895035527493,0.1257098619192687,1.9619800069142777,1.236433701309239,2.9775685365661952,0.550759280897601
751,0.9532432432432438,0.8206086171224543,0.8484109425542117,0.8461525075398904,0.7697243399309744,0.0540540540540561,0.1080481180430567,0.1077376348545547,0.1083366427214345,0.1085165679737403,0.0863395494883799,0.1066633283500974,0.2110128548811629,0.0957566273582566,0.1253673238560174,1.962855617999201,1.236433701309239,2.9775685365661952,0.5930003961581606
752,0.9537837837837844,0.8193535106826311,0.8488335640319594,0.8465369622815507,0.7693700743092186,0.0540540540540561,0.107951861295003,0.107663645614629,0.1082197363927135,0.1084657304635763,0.0858065738316319,0.1066633283500975,0.2110128548811629,0.096778550820152,0.1266705586698677,1.9649390079656877,1.236433701309239,2.9775685365661952,0.5808409476674483
753,0.954594594594595,0.8198656520387222,0.8485884456624332,0.8454918060921642,0.7690058235582694,0.0540540540540561,0.1078619402957054,0.1075944342632574,0.1081105994882307,0.1083423721516194,0.0858931167115939,0.1066633283500975,0.2110128548811629,0.0964379240488833,0.1262033778134246,1.962366385527176,1.236433701309239,2.9775685365661952,0.5816963881183254
754,0.9543243243243248,0.8188057619253064,0.8482406285834111,0.8447411327797905,0.7679723661783318,0.0540540540540561,0.1077779846066381,0.1075297339065067,0.1080087687692543,0.1082362686491547,0.0862469708114922,0.1066633283500976,0.2110128548811629,0.0972927538039071,0.1273052457713742,1.969650527197469,1.236433701309239,2.9775685365661952,0.5825904488957336
755,0.9548648648648654,0.8197439165372097,0.8478838355215282,0.8463522056974252,0.7689673796534156,0.0540540540540561,0.1076996393783532,0.1074692871131016,0.1079138015416861,0.1082050715642666,0.0853025710677632,0.1066633283500975,0.2110128548811629,0.0966253253635864,0.1264062637736135,1.9518671510340004,1.236433701309239,2.9775685365661952,0.5905547077810677
756,0.9543243243243252,0.8190465629976497,0.8476680246343782,0.8465502585345499,0.7686039816352762,0.0540540540540561,0.1076265655104503,0.1074128463310748,0.1078252757239509,0.1081377550702752,0.0848161078347552,0.1066633283500975,0.2110128548811629,0.0971932753717435,0.1271401542471252,1.9422254982444005,1.236433701309239,2.9775685365661952,0.5793866740168995
757,0.9535135135135144,0.8196987122015521,0.8476143928201786,0.8485485401836373,0.7697248943801498,0.0540540540540561,0.1075584396750938,0.1073601741728339,0.1077427897468999,0.1081313663266205,0.084516834413506,0.1066633283500975,0.2110128548811629,0.0967373009515596,0.1265220679609008,1.9560646452008663,1.236433701309239,2.9775685365661952,0.5746825404333294
758,0.9510810810810816,0.8206237539851824,0.8469335711442176,0.8494050378344356,0.7702281082248257,0.0540540540540561,0.1074949542218338,0.1073110435834565,0.1076659623107888,0.1080775153016129,0.0827389026144356,0.1066633283500975,0.2110128548811629,0.0960663848188287,0.1256287689039006,1.9754937803620696,1.236433701309239,2.9775685365661952,0.542165950019951
759,0.950540540540541,0.8210942570019738,0.8463313522497177,0.8487947968040447,0.7700868320833913,0.0540540540540561,0.1074358169805704,0.1078651579485301,0.107594432022397,0.1081282371812271,0.0827107653695297,0.1066633283500975,0.2110128548811629,0.0957394324760805,0.1251878345077408,1.9835207266606265,1.236433701309239,2.9775685365661952,0.5198147159061908
760,0.9508108108108114,0.8225999623986969,0.8457896387385924,0.8494986967215294,0.7708929762431448,0.0540540540540561,0.1073807509784149,0.1077837195542579,0.1075278569333029,0.1080694021780155,0.0819159968007905,0.1066633283500975,0.2110128548811629,0.0946161148502005,0.1237096621120955,1.9911313656847611,1.236433701309239,2.9775685365661952,0.5284740929560428
761,0.9508108108108112,0.8229211667055185,0.8459021912564996,0.8504948650313108,0.7715031752134206,0.0540540540540561,0.107329494085002,0.107707377718301,0.1074659139982634,0.1080498829975376,0.0818698581124471,0.1066633283500975,0.2110128548811629,0.0943999582268583,0.1234140862519805,1.985036658157968,1.236433701309239,2.9775685365661952,0.5593489046623575
762,0.9502702702702704,0.8230572318739756,0.8464354937120178,0.8504280931842129,0.7717323927897144,0.0540540540540561,0.1072817985995439,0.107635866658336,0.1074082984706315,0.1080131928137846,0.082705412667803,0.1066633283500976,0.2110128548811629,0.0943253801523537,0.1233018688262521,1.9852359970252356,1.236433701309239,2.9775685365661952,0.5424872106706807
763,0.94972972972973,0.8257525622704476,0.8470818124886837,0.8490951123519908,0.7727437723789164,0.0540540540540561,0.1072374307916389,0.1075689278407431,0.1073547232498015,0.107944477936889,0.0819702015903128,0.1066633283500975,0.2110128548811629,0.0922894518526315,0.120628722333733,1.9843826670600893,1.236433701309239,2.9775685365661952,0.5226121791480854
764,0.9489189189189192,0.8261813915154101,0.8466697082056173,0.8481039656569159,0.7723236179252296,0.0540540540540561,0.1071961704065748,0.1075063106502807,0.1073049181938355,0.1078566147607298,0.0821783596490386,0.1066633283500975,0.2110128548811629,0.0919859630102192,0.1202205232813023,1.986411863356568,1.236433701309239,2.9775685365661952,0.5001885364546151
765,0.9497297297297302,0.8259867190062603,0.8465938758082098,0.8502171143009631,0.7730845660645029,0.0540540540540561,0.1071578101446416,0.1074477729262019,0.1072586294087023,0.1078762214479069,0.0822104499224744,0.1066633283500975,0.2110128548811629,0.0921552295050891,0.1204343759214188,1.9844980401881156,1.236433701309239,2.9775685365661952,0.4983834068371383
766,0.94972972972973,0.8266928205504221,0.8471243711504155,0.8496690438426268,0.7734178464625487,0.0540540540540561,0.1071221551227929,0.1073930813742858,0.1072156185239787,0.1078364476839635,0.0816296136055854,0.1066633283500975,0.2110128548811629,0.091631361303537,0.1197461018881817,1.980040453665639,1.236433701309239,2.9775685365661952,0.4893515200298875
767,0.9470270270270272,0.8272179521468469,0.8475912246720716,0.8480616065636553,0.7733001187897819,0.0540540540540561,0.1070890223258969,0.1073420118650259,0.1077756953465728,0.1079131208725371,0.0810923803098317,0.1066633283500976,0.2110128548811629,0.0912470656136435,0.1192375366902045,1.9729105052197309,1.236433701309239,2.9775685365661952,0.5202918365462197
768,0.9470270270270272,0.8273713335730755,0.846503878096147,0.8492082065897832,0.7733921666258989,0.0540540540540561,0.1070582400537966,0.1072943496286444,0.1076998239106328,0.1078718437868874,0.0811823614081132,0.1066633283500975,0.2110128548811629,0.0911458664422099,0.1190995464000262,1.9674557358431508,1.236433701309239,2.9775685365661952,0.5310952995905984
769,0.9475675675675678,0.829529437451245,0.846698269890152,0.8496519571904726,0.7747189165801878,0.0540540540540561,0.1070296473694625,0.1072498893577275,0.1076287756714452,0.1078483166556958,0.0797127377148378,0.1066633283500975,0.2110128548811629,0.0895086447535225,0.1169557388640237,1.9607268417439765,1.236433701309239,2.9775685365661952,0.5516880227557265
770,0.9475675675675678,0.8290950428034539,0.8460586216075224,0.8498352972805496,0.7742708836166378,0.0540540540540561,0.1070030935526716,0.1072084352281547,0.1075622871697914,0.1077957061389157,0.0791651775435147,0.1066633283500975,0.2110128548811629,0.0898539223485324,0.1174034104202103,1.9589833772112748,1.236433701309239,2.9775685365661952,0.5474291952152034
771,0.9472972972972976,0.8300586270060315,0.8453221349613246,0.8491528694843766,0.774142788784376,0.0540540540540561,0.1069784375628823,0.1071698008486769,0.1075001042511481,0.1077138977425041,0.0786771270321085,0.1066633283500975,0.2110128548811629,0.0891284647904127,0.1164521542125273,1.9563546979881783,1.236433701309239,2.9775685365661952,0.563080926878757
772,0.947567567567568,0.8309657420798982,0.842475213702113,0.848222214913938,0.7731225633965287,0.0540540540540561,0.1069555475142918,0.1077338425321842,0.1074419823243507,0.1077033914213992,0.0773749818769199,0.1066633283500976,0.2110128548811629,0.088446132222647,0.1155564841629557,1.9431349521889305,1.236433701309239,2.9775685365661952,0.5646272050063148
773,0.9470270270270272,0.8308308980248156,0.8414066022246645,0.8485692703104606,0.7726838521484521,0.0540540540540561,0.1069343001654627,0.1076615659090392,0.1073876865434241,0.1076423510365169,0.0775026266534053,0.1066633283500975,0.2110128548811629,0.088561402744558,0.1157019518924532,1.954864095162572,1.236433701309239,2.9775685365661952,0.5521429340713708
774,0.9489189189189192,0.8294699817095718,0.8422307028675717,0.8493171809543546,0.7726636721108326,0.0540540540540561,0.1075146138030601,0.1075937796329992,0.1073369919159674,0.1078900125094297,0.0781120267395704,0.1066633283500975,0.2110128548811629,0.0892276752429978,0.1167727113888981,1.9477748778764763,1.236433701309239,2.9775685365661952,0.5564507692645203
775,0.94972972972973,0.8298210703049744,0.8443358190935044,0.8477855855596625,0.7730481399745751,0.0540540540540561,0.1074575545654515,0.1075302535092605,0.107289683342655,0.1078544296920306,0.0775121372913457,0.1066633283500975,0.2110128548811629,0.0890027763470199,0.1164501524122998,1.944345983993284,1.236433701309239,2.9775685365661952,0.5708807899714184
776,0.9505405405405408,0.8264142328379527,0.8462061704347499,0.8480199363687733,0.7724179853876266,0.0540540540540561,0.1080040232480194,0.1074707631322705,0.1072455555932772,0.1081191619054959,0.0781750243246828,0.1066633283500976,0.2110128548811629,0.09127751519061,0.1195837555380371,1.9356077174870487,1.236433701309239,2.9775685365661952,0.5393611171392289
777,0.9510810810810814,0.8266546492999691,0.8472069412451937,0.8490310675218111,0.7733677451353823,0.0540540540540561,0.1079150200372589,0.1074150905212678,0.1072044132253066,0.1081289903123591,0.0782298248154688,0.1066633283500975,0.2110128548811629,0.0911627725328885,0.1193878406814015,1.932797853191193,1.236433701309239,2.9775685365661952,0.5470242610901184
778,0.9513513513513512,0.8274675164585433,0.8475956154451916,0.8477394687195156,0.7735256762388117,0.0540540540540561,0.1078313429100151,0.1073630246405909,0.1077661038344618,0.1081886341515536,0.078282646027279,0.1066633283500975,0.2110128548811629,0.0905816793692718,0.1186168120864488,1.9268353269803145,1.236433701309239,2.9775685365661952,0.5569725259943741
779,0.9505405405405406,0.8273660488009905,0.84747759447325,0.8484008830845674,0.7736600497440247,0.0540540540540561,0.1077527465361267,0.1073143618114049,0.1076916246547535,0.1081446685915235,0.0781753756376944,0.1066633283500975,0.2110128548811629,0.0907094701471011,0.1187575779309461,1.919912544964144,1.236433701309239,2.9775685365661952,0.5433760041666815
780,0.9502702702702704,0.8275176654273312,0.8482992614860452,0.8485822601006547,0.7741488002069417,0.0540540540540561,0.1076789876402693,0.107268906022547,0.1076217762562514,0.1081180956665321,0.0777858403401264,0.1066633283500974,0.2110128548811629,0.0906308677716514,0.1186428407525343,1.9202242437241577,1.236433701309239,2.9775685365661952,0.5522499944174735
781,0.9505405405405406,0.8269649387105826,0.8487231528051431,0.8484945838296436,0.7739787614284834,0.0540540540540561,0.1076098263058729,0.1072264691488962,0.1075563206683147,0.1080747306282454,0.0774500997517194,0.1066633283500975,0.2110128548811629,0.0910992657052548,0.1192301481364808,1.9287507620886404,1.236433701309239,2.9775685365661952,0.5579512605363128
782,0.9510810810810812,0.8271664071014964,0.8475251382938503,0.8487835398162473,0.7737489748649031,0.0540540540540561,0.1075450271053616,0.1077398510505443,0.107495026014569,0.1081142693613659,0.078026932872229,0.1066633283500975,0.2110128548811629,0.0909843506072218,0.1190610793458233,1.9294541153814309,1.236433701309239,2.9775685365661952,0.5605785105375105
783,0.950810810810811,0.8274420588883017,0.8470963789871306,0.8484766400275929,0.7735065988567884,0.0540540540540561,0.1074843600624538,0.1076675899970387,0.1074376671465682,0.1080367897152269,0.0778196284741099,0.1066633283500974,0.2110128548811629,0.0908042584606549,0.1188157610804715,1.935010626300188,1.236433701309239,2.9775685365661952,0.5380744048913759
784,0.9489189189189192,0.8283169420854916,0.8459245496022271,0.8480339231324052,0.773347340973433,0.0540540540540561,0.1074276014548276,0.1081997919145901,0.1073840261624479,0.1080856241007628,0.0774445267371964,0.1066633283500975,0.2110128548811629,0.0901707299120935,0.1179692571870944,1.936844272538964,1.236433701309239,2.9775685365661952,0.5505025439948692
785,0.9491891891891896,0.8271457201801623,0.8464513909810948,0.8465651699236273,0.7724146756335418,0.0540540540540561,0.1079745678504784,0.1080974120611368,0.1073338928167034,0.1082211898175226,0.0773159854250177,0.1066633283500975,0.2110128548811629,0.0907147668961975,0.1188669958945985,1.9339201399305368,1.236433701309239,2.9775685365661952,0.5378391490289843
786,0.9486486486486492,0.8286238995512072,0.8475028450983992,0.8457989235330337,0.7732172430623129,0.0540540540540561,0.1078862234004011,0.1080012038178451,0.107287064828462,0.108167511685167,0.0765729925525524,0.1066633283500975,0.2110128548811629,0.0896469904516543,0.117432988748592,1.942252719582927,1.236433701309239,2.9775685365661952,0.5456888087397656
787,0.9486486486486494,0.8267110473936508,0.8493769669436362,0.846749680280001,0.7735865285441905,0.0540540540540561,0.1084033675245739,0.1079108779116297,0.1072433480964538,0.1084263323144704,0.0776522870120634,0.1066633283500974,0.2110128548811629,0.0907872442902999,0.119087268844062,1.942777350792365,1.236433701309239,2.9775685365661952,0.5280573063951406
788,0.9481081081081087,0.8246077516468394,0.8498256758545264,0.8460501869428034,0.7723799032434191,0.0540540540540561,0.1094869671031338,0.1078261480385273,0.1078025902125434,0.1090035014007123,0.0773424499929682,0.1066633283500975,0.2110128548811629,0.0918249654028606,0.1206487648015934,1.9483634439685544,1.236433701309239,2.9775685365661952,0.5506489819166265
789,0.94918918918919,0.8228641063260826,0.8501183925513643,0.8466121010825125,0.7718619685614435,0.0540540540540561,0.1099001024126405,0.1077467323775858,0.1077257872937982,0.1091497672714904,0.0775994432069337,0.1066633283500976,0.2110128548811629,0.0929195655899291,0.1221858424675966,1.9397153546140709,1.236433701309239,2.9775685365661952,0.5850706762075802
790,0.9489189189189196,0.8231265101633111,0.8505192530955863,0.8470785156621423,0.7722643657730576,0.0540540540540561,0.1096855411176237,0.1076723548858538,0.1076537378838467,0.1090609123685277,0.0783672284857705,0.1066633283500975,0.2110128548811629,0.0928646092026386,0.1220307192778777,1.9443832512733892,1.236433701309239,2.9775685365661952,0.5957773426188343
791,0.9505405405405412,0.8238019630280716,0.8501241869762814,0.8474977194189586,0.7725692698324086,0.0540540540540561,0.1094837546760139,0.1076027463860528,0.1075862012537677,0.1089665586589546,0.0784533144811466,0.1066633283500975,0.2110128548811629,0.0924700901113401,0.1214561596339213,1.9346062204109709,1.236433701309239,2.9775685365661952,0.6158125369384531
792,0.9521621621621628,0.8245810692053556,0.8495530794793525,0.8482403593439425,0.772956131082497,0.0540540540540561,0.1092941681349872,0.1075376454605884,0.1075229421912185,0.1088748699261917,0.0785739166606009,0.1066633283500975,0.2110128548811629,0.0919974639547433,0.1207718467271506,1.9223420017942427,1.236433701309239,2.9775685365661952,0.6031019775198261
793,0.953243243243244,0.8252427699616226,0.8490727795945346,0.8494035885450631,0.7735090180096621,0.0540540540540561,0.1091162082555244,0.1074767991669267,0.1074637317670706,0.1088012129806017,0.0796665923988963,0.1066633283500975,0.2110128548811629,0.0916107303206103,0.1201991259106151,1.9083394649098864,1.236433701309239,2.9775685365661952,0.6091058676509008
794,0.953513513513514,0.8250599310592789,0.848922485371431,0.8514127287265992,0.774192824179514,0.0540540540540561,0.108949307225359,0.1074199635901443,0.1074083479680697,0.1087681835103418,0.0802129645045507,0.1066633283500975,0.2110128548811629,0.091854685932312,0.1204654153280419,1.908387545264962,1.236433701309239,2.9775685365661952,0.5816426756718026
795,0.953243243243244,0.825859515688882,0.8471967665924471,0.8521943105668945,0.7741535527397038,0.0540540540540561,0.1087929058621672,0.1073669042487345,0.1073565762037208,0.1086529749030245,0.080065205056974,0.1066633283500975,0.2110128548811629,0.0913292339724761,0.1197440313800346,1.9196527464887847,1.236433701309239,2.9775685365661952,0.5750503969141576
796,0.953513513513514,0.8259819859165815,0.8457961091963044,0.8520854516514004,0.7736392648737795,0.0540540540540561,0.10864645633364,0.1079174297527878,0.1073082096966939,0.1086671506549487,0.0800712600372627,0.1066633283500976,0.2110128548811629,0.0913310006186359,0.1196947859165985,1.9154659065882331,1.236433701309239,2.9775685365661952,0.5819545578881317
797,0.9540540540540544,0.8221367276096617,0.8450190419553374,0.8512661399590797,0.7713148554926783,0.0540540540540561,0.1097094911921918,0.107832498741131,0.1072630497667253,0.1090018092969517,0.0801685659110662,0.1066633283500975,0.2110128548811629,0.0935806656650072,0.1230085267942425,1.9074320428464375,1.236433701309239,2.9775685365661952,0.5653922870497174
798,0.9540540540540544,0.8223979598351129,0.8426701074189284,0.8517986509550329,0.7707577078658296,0.0540540540540561,0.1095038387810678,0.1083529072372986,0.1076760254183109,0.1090881565471942,0.0802955205189456,0.1066633283500975,0.2110128548811629,0.0935182730274021,0.1228501207743533,1.917522001702664,1.236433701309239,2.9775685365661952,0.5566292564417548
799,0.955405405405406,0.8234879451511241,0.8424517976898399,0.8520348522444823,0.7711754517495569,0.0540540540540561,0.1093109325320215,0.1082395537709733,0.1076083082616726,0.1089764465175168,0.0805399020813325,0.1066633283500975,0.2110128548811629,0.0928193278037359,0.1218565885828654,1.9090699447711053,1.236433701309239,2.9775685365661952,0.5534931558544772
800,0.9554054054054056,0.8230884833067148,0.8420220034042566,0.850904991461914,0.7704416552472786,0.0540540540540561,0.1091301288347975,0.1087255928957016,0.1080900073844711,0.1090787111275637,0.0802702772508897,0.1066633283500975,0.2110128548811629,0.0932238465210542,0.1223464522758861,1.904931551503911,1.236433701309239,2.9775685365661952,0.5536290195124348
801,0.955945945945946,0.8245495255303626,0.8440483488426354,0.8515805874721203,0.7722731812082063,0.0540540540540561,0.1089607976760292,0.1085875723353258,0.1079955486644132,0.1090414028486263,0.0794081819003289,0.1066633283500976,0.2110128548811629,0.0922069062551604,0.1209700756316224,1.9175974301541687,1.236433701309239,2.9775685365661952,0.565679760733037
802,0.957837837837838,0.8245329391660491,0.8441431597689728,0.8518571944859004,0.7724054212653294,0.0540540540540561,0.1088023250462061,0.1084579493951837,0.107906700649276,0.1089406294995428,0.0782824272833389,0.1066633283500975,0.2110128548811629,0.0923119184860861,0.1210658983108482,1.9270279825444283,1.236433701309239,2.9775685365661952,0.5362752717109261
803,0.9589189189189188,0.8242184912764128,0.8458312490054783,0.8516077071042096,0.77283639150572,0.0540540540540561,0.108654114911357,0.1083363204465049,0.1078232123014598,0.1088812530918408,0.0789742114364646,0.1066633283500975,0.2110128548811629,0.0926363274244509,0.1214544512679085,1.924251793391229,1.236433701309239,2.9775685365661952,0.5578127926139189
804,0.957567567567568,0.824206612921257,0.8433847014927514,0.8506380611992668,0.7714328015947899,0.0540540540540561,0.1085155907846748,0.1088223208637581,0.1077448331538733,0.1088128941298115,0.079194132487126,0.1066633283500975,0.2110128548811629,0.0927400413852837,0.1215355916864052,1.925014493828016,1.236433701309239,2.9775685365661952,0.5264212905487861
805,0.9578378378378382,0.8240874767442686,0.8434907938202241,0.8507041716862918,0.7713423706713094,0.0540540540540561,0.1083861969344571,0.1086767337176229,0.1076713149446983,0.1087207339507114,0.0785442131106041,0.1066633283500975,0.2110128548811629,0.0929072220994701,0.1217194247885027,1.9181181329245385,1.236433701309239,2.9775685365661952,0.5279632061176227
806,0.9581081081081084,0.8244030838992797,0.8439392848320783,0.8510343939195968,0.7717780361515105,0.0540540540540561,0.1082653992649266,0.1085401453080315,0.1076024130316117,0.1086460330782183,0.0786353558121884,0.1066633283500975,0.2110128548811629,0.0927329404159413,0.1214642164682566,1.922894873718081,1.236433701309239,2.9775685365661952,0.5240819529070131
807,0.9572972972972976,0.8231317853391422,0.8451952311320139,0.8503839375559394,0.7714574105019897,0.0540540540540561,0.1087527190188388,0.1084121048771975,0.1075378875962632,0.1088179528620184,0.0780634450889389,0.1066633283500974,0.2110128548811629,0.0934240107919267,0.122491855151438,1.9241883459542648,1.236433701309239,2.9775685365661952,0.532451295745478
808,0.9578378378378384,0.8233800508088989,0.8440290111872147,0.8496850409083464,0.7706985736152415,0.0540540540540561,0.1086088409889801,0.1082921706035933,0.107477504652045,0.1086601693076287,0.0795513800168786,0.1066633283500976,0.2110128548811629,0.093326792052605,0.1223155286966111,1.920348536998746,1.236433701309239,2.9775685365661952,0.5153903064217392
809,0.9564864864864868,0.8220263120593775,0.8450275196150439,0.8504002866623517,0.7707162383347966,0.0540540540540561,0.1090742992423727,0.1081799113802117,0.1074210368696978,0.1088423582077523,0.0795404699367119,0.1066633283500975,0.2110128548811629,0.0940954735792849,0.1234365383194359,1.9398095002926252,1.236433701309239,2.9775685365661952,0.4810816194004968
810,0.9554054054054056,0.8214180631146073,0.8462994216006616,0.850712993450138,0.7710470734080301,0.0540540540540561,0.108909743330352,0.1080749082808434,0.107368264236201,0.1087945154936882,0.0805882434072351,0.1066633283500975,0.2110128548811629,0.0946719356616161,0.1241270652202169,1.934506464625366,1.236433701309239,2.9775685365661952,0.5341826984106449
811,0.9551351351351351,0.8214498548056437,0.8464948175924712,0.8515474239825278,0.7714432274634304,0.0540540540540561,0.1087556365742887,0.1079767557383854,0.1073189745627668,0.1087342710598286,0.0806114578605869,0.1066633283500976,0.2110128548811629,0.0947493585915506,0.1241723269072118,1.938947070683956,1.236433701309239,2.9775685365661952,0.5331141205210287
812,0.953783783783784,0.8215146033243067,0.848375698588537,0.8526685540566862,0.7727376988362361,0.0540540540540561,0.1086114149835261,0.1078850624604121,0.107272963857722,0.1087380831450194,0.0814628538038454,0.1066633283500975,0.2110128548811629,0.0947805614901454,0.1241796891839304,1.9465456615636705,1.236433701309239,2.9775685365661952,0.55366893676228
813,0.9540540540540544,0.8200993017543807,0.8473624783913078,0.849977370172295,0.770557914624308,0.0540540540540561,0.1084765324996409,0.1077994521076786,0.1084301017781976,0.1088212966230861,0.081076085337345,0.1066633283500975,0.2110128548811629,0.09594000564509,0.125662431995799,1.9417162901378384,1.236433701309239,2.9775685365661952,0.5536738854289668
814,0.9548648648648652,0.8206708126772121,0.8471753741485581,0.8489754452721615,0.770248734785638,0.0540540540540561,0.108350462071756,0.1077195637610355,0.1083125517197825,0.1086842676562822,0.0812218092925301,0.1066633283500975,0.2110128548811629,0.0955741015362373,0.1251539562869098,1.944240730987876,1.236433701309239,2.9775685365661952,0.5198993938349876
815,0.9543243243243248,0.821153751163784,0.845124682452225,0.8479682044489353,0.7692642447907453,0.0540540540540561,0.1082326964668018,0.1082450855846993,0.10820206893939,0.1086422203342613,0.0807730427718135,0.1066633283500975,0.2110128548811629,0.0952759271353118,0.1247299006028151,1.9404093499819888,1.236433701309239,2.9775685365661952,0.5222102078164539
816,0.9543243243243248,0.8202216039954614,0.8458002402402461,0.8489977962356281,0.7694673086009707,0.0540540540540561,0.1081227488379805,0.1081368617206577,0.1080983239121033,0.1086062068779996,0.0801474114462661,0.1066633283500976,0.2110128548811629,0.0960457395582662,0.1257170215855481,1.92815324889092,1.236433701309239,2.9775685365661952,0.5348690505053937
817,0.954594594594595,0.8204765448654142,0.8458011559102716,0.8499203148062704,0.7699311494987066,0.0540540540540561,0.108020153075226,0.1080355461784471,0.1080009903711317,0.1085454101318628,0.0799996082377542,0.1066633283500975,0.2110128548811629,0.0959111872329732,0.1255133785969729,1.930049045397132,1.236433701309239,2.9775685365661952,0.543900512974932
818,0.9548648648648654,0.8200484604208006,0.8467982316482829,0.8506150142338984,0.7704169703707865,0.0540540540540561,0.1079244639614231,0.1079407610626992,0.1079097470244925,0.1085113198240891,0.0803648998695583,0.1066633283500975,0.2110128548811629,0.096285756663508,0.1259893075984874,1.9318387035793487,1.236433701309239,2.9775685365661952,0.5548120278030254
819,0.953513513513514,0.81974508545088,0.8462765488566039,0.8494988328548047,0.7695263248616776,0.0540540540540561,0.107835257157649,0.1078521412380433,0.1078242790285357,0.1083748441941942,0.0817600703709251,0.1066633283500975,0.2110128548811629,0.0965612278563647,0.1263372859702954,1.930009911907674,1.236433701309239,2.9775685365661952,0.5652771876658994
820,0.9535135135135142,0.8212716133386937,0.8456128860635641,0.8498794244954191,0.7701336838152554,0.0540540540540561,0.107752129039819,0.1077693349302717,0.1077442792303293,0.1082956004105897,0.0818641798552591,0.1066633283500975,0.2110128548811629,0.0954368552163208,0.124852322141397,1.929022015488064,1.236433701309239,2.9775685365661952,0.5592852577897802
821,0.9537837837837846,0.8233860055045377,0.8465425554020559,0.849763838855628,0.771531423376367,0.0540540540540561,0.1076746964079548,0.1076920041607629,0.1076694491933285,0.108257282543057,0.0804003306236242,0.1066633283500975,0.2110128548811629,0.0938617599022233,0.1227766462914849,1.9253763909243125,1.236433701309239,2.9775685365661952,0.5465447263491858
822,0.9527027027027034,0.820428345360893,0.8468429023955948,0.8514550054101631,0.7708473810308627,0.0540540540540561,0.1081850977075097,0.107619825029768,0.1075995000224251,0.1084686209116163,0.081434310197168,0.1066633283500975,0.2110128548811629,0.095843772027354,0.1254791057853519,1.916915672652375,1.236433701309239,2.9775685365661952,0.5363087007821724
823,0.9521621621621628,0.8199722808345933,0.8470280465341864,0.8517454966624696,0.7708130448037431,0.0540540540540561,0.108080512028299,0.107552487864261,0.1075341530054712,0.1084074419796486,0.0809216087152412,0.1066633283500975,0.2110128548811629,0.0962405574847676,0.1259874631512574,1.919574415988832,1.236433701309239,2.9775685365661952,0.580932478418432
824,0.9516216216216224,0.8204374504194141,0.8460683039501115,0.8521254550951936,0.7707927086896805,0.0540540540540561,0.1079826709423712,0.1074896972458359,0.1074731400888258,0.108323778502683,0.0812475186591398,0.1066633283500975,0.2110128548811629,0.0959462304911808,0.1255712141093998,1.933686045648627,1.236433701309239,2.9775685365661952,0.5467104478103104
825,0.9508108108108116,0.8204533479984363,0.8462736828537253,0.8511542830283361,0.7704676000889367,0.0540540540540561,0.1078911950417979,0.1074311719336586,0.1074162042044513,0.1082410725833576,0.0816103788340031,0.1066633283500975,0.2110128548811629,0.095979470913421,0.1256010544806649,1.9346775087272945,1.236433701309239,2.9775685365661952,0.5347859569224531
826,0.9505405405405412,0.8216277586519076,0.8476256161219085,0.8519768396964499,0.7719384469301032,0.0540540540540561,0.1078057194847605,0.1073766446968003,0.1073630994656992,0.1082444849276245,0.0810366660451812,0.1066633283500975,0.2110128548811629,0.0951324201518886,0.124469381605712,1.9408292896157089,1.236433701309239,2.9775685365661952,0.5028414534123634
827,0.9502702702702708,0.8213598296033437,0.8474852142098365,0.8527584428290753,0.7720825156138521,0.0540540540540561,0.1077258942665109,0.1073258620694491,0.1073135912482496,0.1082040776124463,0.0806809901494722,0.1066633283500975,0.2110128548811629,0.0953796735038994,0.1247772232634008,1.934288611638002,1.236433701309239,2.9775685365661952,0.5244074253843416
828,0.9497297297297306,0.8197672935895501,0.8476472402426556,0.8543169774302187,0.7720364383619303,0.0540540540540561,0.107651384367965,0.1072785840415547,0.1072674561717746,0.1082035565274291,0.0811290072594024,0.1066633283500975,0.2110128548811629,0.0966332095058167,0.1264070142264672,1.9323818585937989,1.236433701309239,2.9775685365661952,0.5190134665527351
829,0.9494594594594602,0.8186335594101501,0.84760200191208,0.8547493461027578,0.7717504001222893,0.0540540540540561,0.1081520464739972,0.1072345836964566,0.1072244819968654,0.1083833714415879,0.0818072338360052,0.1066633283500975,0.2110128548811629,0.097186968693285,0.1272904173528511,1.9387125476184288,1.236433701309239,2.9775685365661952,0.496658887108557
830,0.9494594594594604,0.8187026054154904,0.8475461805626905,0.8544702746766858,0.7717222333472205,0.0540540540540561,0.1080506465046535,0.1077346546001334,0.1071844674506231,0.1084367974686265,0.0819179103316593,0.1066633283500975,0.2110128548811629,0.097194637587533,0.1272720713321831,1.922622077830592,1.236433701309239,2.9775685365661952,0.4924894219196468
831,0.9497297297297304,0.8187143211899085,0.8469151658226902,0.8547393745367968,0.7715645427900212,0.0540540540540561,0.1079556622770323,0.1076621115962374,0.1071472219931488,0.1083700350135309,0.0812404974155009,0.1066633283500975,0.2110128548811629,0.0972470623480452,0.1273078476715749,1.9166478797674835,1.236433701309239,2.9775685365661952,0.5217843402257433
832,0.9502702702702708,0.8200404081577617,0.84368490798788,0.8535421442405982,0.7705738908386399,0.0540540540540561,0.1078667496330458,0.1087871508735988,0.1071125655359735,0.1084581614443228,0.0803542620309098,0.1066633283500975,0.2110128548811629,0.0962855055622583,0.1260262170257157,1.925459598617567,1.236433701309239,2.9775685365661952,0.5167449241231183
833,0.94972972972973,0.8224355481769904,0.8424488847526374,0.8532913999630702,0.7714061347425294,0.0540540540540561,0.1077835752482441,0.1098302624938613,0.1070803281223089,0.1086085397468452,0.0796605239300542,0.1066633283500975,0.2110128548811629,0.0945103032987415,0.1236726641988873,1.917127019947316,1.236433701309239,2.9775685365661952,0.4816348746737028
834,0.9491891891891896,0.8223568711511912,0.8431084528382287,0.8543354394084295,0.7720525175795795,0.0540540540540561,0.1077058172633246,0.109621606680944,0.1070503495778744,0.1085764929469082,0.0797538651842424,0.1066633283500976,0.2110128548811629,0.0946102847770578,0.1237902202171468,1.9169550342765351,1.236433701309239,2.9775685365661952,0.5376597015833338
835,0.9502702702702708,0.8232454921455249,0.8444161966556396,0.8525922496203883,0.7724309793226913,0.0540540540540561,0.1076331657671535,0.1094252134669287,0.1076225125231562,0.1085790013191728,0.07827833424275,0.1066633283500975,0.2110128548811629,0.093967271955086,0.1229379249708984,1.915003519696379,1.236433701309239,2.9775685365661952,0.5145227857772854
836,0.94972972972973,0.8236808035806834,0.8451974067845449,0.8530805304730548,0.7731789963965725,0.0540540540540561,0.1075653231421434,0.1092405512148345,0.1075578487648744,0.108540821106781,0.0770015664640185,0.1066633283500975,0.2110128548811629,0.0936687665998004,0.122536534848245,1.90661270409009,1.236433701309239,2.9775685365661952,0.5153207237757017
837,0.9510810810810816,0.8243568890742545,0.8460635627984513,0.8537775107165945,0.7741150477107829,0.0540540540540561,0.1075020042837636,0.109067086903314,0.1074971928143322,0.108518635362897,0.0772947672098223,0.1066633283500975,0.2110128548811629,0.0931939097590655,0.1218921087838638,1.8971083179655497,1.236433701309239,2.9775685365661952,0.5210945543110042
838,0.9500000000000008,0.8247495818981004,0.846928168586005,0.8542332897093847,0.774846776994125,0.0540540540540561,0.1074429367064818,0.1089042899226129,0.1074403398591947,0.1084869203668318,0.0778043122114272,0.1066633283500975,0.2110128548811629,0.0929271235679337,0.1215289497486586,1.9181422221307367,1.236433701309239,2.9775685365661952,0.5176367648332878
839,0.9489189189189198,0.8250946993166974,0.8468214050569323,0.8538208108756149,0.7747251996240234,0.0540540540540561,0.1073878605485782,0.1087516353916917,0.1073870902733278,0.1084002408513712,0.0780774995476945,0.1066633283500975,0.2110128548811629,0.0926892006285035,0.1212113704090134,1.9333076225551369,1.236433701309239,2.9775685365661952,0.5060113751045979
840,0.947567567567568,0.825094362620529,0.8493214156063402,0.8545886724402131,0.7760908927936404,0.0540540540540561,0.1073365284881252,0.1086086070144124,0.1073372501496909,0.1084343560407299,0.0778162373940703,0.1066633283500975,0.2110128548811629,0.092720182650479,0.1212373731354083,1.9415767006440208,1.236433701309239,2.9775685365661952,0.4899907407808306
841,0.9462162162162164,0.8253228877341796,0.849971907880577,0.8539296039114067,0.7761424937568627,0.0540540540540561,0.107288705582035,0.1084746994988847,0.1072906317404603,0.1083750165121085,0.0778386432753921,0.1066633283500975,0.2110128548811629,0.09256873131732,0.1210327594748026,1.9381161354598528,1.236433701309239,2.9775685365661952,0.5041556791086014
842,0.9467567567567572,0.824824944501299,0.8504240480198303,0.8535500785151293,0.7758826600056549,0.0540540540540561,0.1072441690395059,0.1083494205685211,0.1072470538083135,0.1083167803892512,0.0786338725736592,0.1066633283500975,0.2110128548811629,0.0929797551549699,0.1215529709789484,1.9334065213856977,1.236433701309239,2.9775685365661952,0.5000752154994661
843,0.9459459459459464,0.825007258267711,0.8495399256908857,0.8525995166096552,0.7751357154481512,0.0540540540540561,0.1072027079404954,0.1082322925962852,0.1072063418940397,0.1082108156889203,0.0790509820048051,0.1066633283500975,0.2110128548811629,0.092862246062184,0.1213913877620411,1.9293706706550184,1.236433701309239,2.9775685365661952,0.5174645394867412
844,0.945675675675676,0.8255244372022932,0.8518121252652254,0.8529019257561543,0.7764960716472025,0.0540540540540561,0.1071641229090545,0.1081228538952578,0.1071683285065283,0.1082358652594989,0.0791983586472885,0.1066633283500975,0.2110128548811629,0.0924899348720126,0.1208935013431793,1.9207894173028028,1.236433701309239,2.9775685365661952,0.5241764281442144
845,0.9464864864864868,0.8255812184523456,0.8511174873001813,0.8531666709418857,0.7763024515400629,0.0540540540540561,0.1071282257505149,0.1080206596992113,0.10713285324178,0.1081746058652338,0.0789681881337353,0.1066633283500975,0.2110128548811629,0.0924706655180476,0.120854668672397,1.9251081941949215,1.236433701309239,2.9775685365661952,0.5173256513837747
846,0.9467567567567572,0.8256805186093773,0.850492233088281,0.850912589220252,0.7751758831057475,0.0540540540540561,0.107094839060658,0.1079252828665797,0.1076793812693617,0.1081819710983315,0.0797738477934213,0.1066633283500975,0.2110128548811629,0.0924134515145314,0.1207720618602936,1.9148944880824004,1.236433701309239,2.9775685365661952,0.4930085350374043
847,0.947837837837838,0.825925229452541,0.851940757423599,0.8511010409255032,0.7759790462552313,0.0540540540540561,0.1070637958141298,0.1078363143402387,0.1076112661271951,0.1081832857911869,0.0801958411302706,0.1066633283500975,0.2110128548811629,0.0922432381634791,0.1205428726403941,1.904637029060254,1.236433701309239,2.9775685365661952,0.514918510570798
848,0.947567567567568,0.8257012168844756,0.8517070447246479,0.8494302489075802,0.7750055449709304,0.0540540540540561,0.1070349389385307,0.1077533633940192,0.1075473159987029,0.1080751849286482,0.0805048845089826,0.1066633283500975,0.2110128548811629,0.0924306527018136,0.1207813136462587,1.9042004121999063,1.236433701309239,2.9775685365661952,0.5261103259987698
849,0.9470270270270272,0.8252549226988971,0.8511764719361524,0.8490924063545969,0.7743876345553657,0.0540540540540561,0.1070081208798053,0.1076760576950329,0.1074873268228152,0.1080068165280311,0.0806306508994267,0.1066633283500975,0.2110128548811629,0.0927847577767631,0.1212410168612004,1.905675143910153,1.236433701309239,2.9775685365661952,0.5306304734555737
850,0.9470270270270272,0.8254670853952072,0.852551432860643,0.8499641299522328,0.7754494535864269,0.0540540540540561,0.1069832031638032,0.1076040432088018,0.107431098189669,0.1080339408397565,0.0799261020047811,0.1066633283500974,0.2110128548811629,0.0926356368620162,0.1210413130228913,1.9156404903074935,1.236433701309239,2.9775685365661952,0.5126481759312612
851,0.947837837837838,0.825413376101697,0.8516299429741967,0.8488646103967983,0.7747129878941399,0.0540540540540561,0.1069600559581789,0.1075369839719596,0.1079784675297313,0.1080658272287314,0.0792880513319645,0.1066633283500975,0.2110128548811629,0.0926872932417201,0.1211065959192137,1.9220792134504203,1.236433701309239,2.9775685365661952,0.5338706057421908
852,0.9472972972972974,0.8259901073977843,0.8512370937884297,0.8490130652929253,0.7748609652680688,0.0540540540540561,0.1069385576381564,0.1074745617550213,0.1078904175705564,0.1080147459202438,0.0789651390517346,0.1066633283500975,0.2110128548811629,0.0922582261534835,0.1205406137831368,1.9281717675666183,1.236433701309239,2.9775685365661952,0.533314777191843
853,0.9472972972972976,0.8260373825156566,0.8523100260667905,0.85075139397091,0.7761140161130916,0.0540540540540561,0.1069185943590963,0.1074164756354526,0.1078077308099137,0.108061551544822,0.0787517184125951,0.1066633283500974,0.2110128548811629,0.0922320696225257,0.1205033203047949,1.9380272565635737,1.236433701309239,2.9775685365661952,0.5601053834470963
854,0.9497297297297304,0.8263640807032968,0.8499631417758979,0.849462908119559,0.7747473760803057,0.0540540540540561,0.1069000596382781,0.1079624748822374,0.107730148334944,0.1080527543922826,0.0791240760695749,0.1066633283500975,0.2110128548811629,0.0919935467536366,0.1201858894775638,1.9290549937284152,1.236433701309239,2.9775685365661952,0.5595495499898138
855,0.9494594594594602,0.8263427742026068,0.8514634840189579,0.8496330742167131,0.7754111611516934,0.0540540540540561,0.1068828539478399,0.107873465178957,0.1076574150766585,0.1080641260380156,0.0785455153045726,0.1066633283500975,0.2110128548811629,0.092019421983112,0.1202157988234733,1.934231186162602,1.236433701309239,2.9775685365661952,0.5690883722349078
856,0.9500000000000006,0.826625130564204,0.8514035208887435,0.8496145092573256,0.7756630450290501,0.0540540540540561,0.1068668843204032,0.1077901619412369,0.1081893143737622,0.1081625501967452,0.0784680019183942,0.1066633283500975,0.2110128548811629,0.0918121553831542,0.1199414272755946,1.9276860686341768,1.236433701309239,2.9775685365661952,0.5797190416301032
857,0.9510810810810816,0.826345490098486,0.8477678409158039,0.8497768933986919,0.7742523322516678,0.0540540540540561,0.1068520639685439,0.1088046822836933,0.1080867757476699,0.1082462702209301,0.0785015913488774,0.1066633283500975,0.2110128548811629,0.0920355132877177,0.1202284779172417,1.9194718275247349,1.236433701309239,2.9775685365661952,0.568644568259651
858,0.9516216216216222,0.826857845710773,0.8474503216916441,0.8496166726040577,0.7744201772080025,0.0540540540540561,0.1068383119189589,0.1092621150987214,0.107990529641621,0.1083150020278564,0.0790206101614539,0.1066633283500975,0.2110128548811629,0.0916495361874236,0.1197229983297472,1.9275134403207927,1.236433701309239,2.9775685365661952,0.5792921993917056
859,0.9521621621621624,0.8262712794369592,0.8465690889129267,0.8502198585287188,0.7740826117128197,0.0540540540540561,0.1068255526619004,0.1090893482629584,0.1085002998411241,0.1083764046492893,0.0792673727141711,0.1066633283500975,0.2110128548811629,0.0921058904920845,0.1203159442320904,1.9202033272380663,1.236433701309239,2.9775685365661952,0.5503030961219617
860,0.9532432432432436,0.8266874426062788,0.8456605160850563,0.8500847401258675,0.7737989187433273,0.0540540540540561,0.1068137158162206,0.1089269452710709,0.1083769556806343,0.108274933858195,0.0797649451830252,0.1066633283500975,0.2110128548811629,0.0917942979841319,0.1199056994856106,1.918244059909184,1.236433701309239,2.9775685365661952,0.5610127370910416
861,0.9529729729729732,0.8263175401139121,0.8445731837793717,0.8509321562974475,0.7736209315001195,0.0540540540540561,0.1068027358101706,0.1093744601536578,0.1082611672736441,0.1083434270750438,0.0805231528262336,0.1066633283500975,0.2110128548811629,0.0920831865229802,0.120281091981002,1.9266014900504616,1.236433701309239,2.9775685365661952,0.5370140429865952
862,0.9524324324324328,0.8269183739478508,0.8456896185780645,0.8519679137864711,0.7747718576556604,0.0540540540540561,0.106792551577934,0.1091925911245008,0.1081525649829585,0.108337167255178,0.0799454504228653,0.1066633283500975,0.2110128548811629,0.0916277885797193,0.1196853502631824,1.919532405810891,1.236433701309239,2.9775685365661952,0.5553969538717577
863,0.9532432432432436,0.8278012480488453,0.8479369186591917,0.8520151517512056,0.7761252549355976,0.0540540540540561,0.1067831062717384,0.1090218371058969,0.108050785226779,0.1083388842475713,0.0802724637565501,0.1066633283500974,0.2110128548811629,0.0909565143392494,0.1188071988152856,1.9065288699032503,1.236433701309239,2.9775685365661952,0.5474186759907635
864,0.9527027027027032,0.8268611408124659,0.8492867316688304,0.8531639844317174,0.776707094984533,0.0540540540540561,0.1073743803724419,0.1088616583524452,0.107955472118481,0.1085828129037383,0.0794037572549827,0.1066633283500975,0.2110128548811629,0.0913516765634394,0.1194516690013133,1.8895329338174085,1.236433701309239,2.9775685365661952,0.564317252874134
865,0.9532432432432438,0.823039410831384,0.8489070421934681,0.8540029998645282,0.774995560613134,0.0540540540540561,0.1079275315924879,0.1087115232653147,0.1078662788383949,0.1087576290228621,0.079268038784751,0.1066633283500974,0.2110128548811629,0.093925226363319,0.1229968233723725,1.8916545970775267,1.236433701309239,2.9775685365661952,0.5671085430390632
866,0.9518918918918924,0.8226932961785366,0.8482272463130383,0.8544641382541448,0.7746318315452109,0.0540540540540561,0.1078446553237837,0.10857091090091,0.1077828687563247,0.1086750462356943,0.078935740225569,0.1066633283500975,0.2110128548811629,0.0942414717163966,0.1233843761595716,1.9026633684319327,1.236433701309239,2.9775685365661952,0.5596677271794486
867,0.950540540540541,0.8225789364731539,0.8470009660483777,0.8538066418743598,0.7737231745960952,0.0540540540540561,0.1077665966935451,0.1084393130783353,0.1077049163249998,0.1085429320485532,0.0786915498435901,0.1066633283500975,0.2110128548811629,0.0943664563118425,0.1235377651800735,1.8986823162451745,1.236433701309239,2.9775685365661952,0.5753260224517784
868,0.9508108108108112,0.8221533934657346,0.8478558896648926,0.8540105252743919,0.7739130001510207,0.0540540540540561,0.1076931536296712,0.1083162361124859,0.1076321077653919,0.1085100408762136,0.0790003883370678,0.1066633283500975,0.2110128548811629,0.0947389597174647,0.1240000297194296,1.8921436191431011,1.236433701309239,2.9775685365661952,0.5923488295699559
869,0.951621621621622,0.8226194064818246,0.8483454955315337,0.8534297326186702,0.7740307680260929,0.0540540540540561,0.107624122497082,0.1082012022021929,0.1075641415649827,0.1084414728527058,0.0789445181175682,0.1066633283500976,0.2110128548811629,0.0944322422750451,0.1235685322696341,1.8951572663486376,1.236433701309239,2.9775685365661952,0.6127745359630683
870,0.9494594594594598,0.822907864502115,0.8483136541466911,0.8527358483690659,0.7737711847514602,0.0540540540540561,0.1075592996672764,0.1080937505042732,0.1075007288097399,0.108356615689969,0.078452975782742,0.1066633283500975,0.2110128548811629,0.094251578059124,0.1233124856642471,1.9066850986858803,1.236433701309239,2.9775685365661952,0.5723653401209204
871,0.9497297297297302,0.8225948805199766,0.8475246529605457,0.8519014243125435,0.772855561341019,0.0540540540540561,0.1074984829034526,0.1079934379247886,0.1074415933698503,0.1082447418634995,0.0772438751522003,0.1066633283500975,0.2110128548811629,0.0945296820002317,0.1236558780282967,1.911409252666756,1.236433701309239,2.9775685365661952,0.5606569895681416
872,0.9491891891891896,0.8218005573314232,0.8470796399662991,0.8512166365011612,0.7719582061625797,0.0540540540540561,0.1074414725655274,0.1078998396584925,0.1073864719582774,0.1081573099115496,0.0775137236821682,0.1066633283500975,0.2110128548811629,0.0951658343472613,0.124478706385813,1.915362364556632,1.236433701309239,2.9775685365661952,0.5825126180516214
873,0.9489189189189192,0.8226822460804373,0.8473972539676423,0.8510782277404354,0.7724186061283747,0.0540540540540561,0.1073880726424063,0.1078125495064978,0.1073351140800173,0.1081123554458804,0.0770271818981286,0.1066633283500975,0.2110128548811629,0.0945308709885586,0.1236237175983592,1.9019162940305023,1.236433701309239,2.9775685365661952,0.5977616338366062
874,0.9505405405405408,0.8223038511448505,0.8473467706475085,0.8503666906171904,0.7718842199537939,0.0540540540540561,0.1073380916211179,0.1077311800007968,0.107287281888616,0.1080380541573177,0.0768413503078936,0.1066633283500975,0.2110128548811629,0.0948450720524828,0.1240271030445905,1.8851561565714068,1.236433701309239,2.9775685365661952,0.6177936496126337
875,0.9513513513513516,0.8238451287919135,0.8462746533396484,0.8492796454656434,0.7716856928781373,0.0540540540540561,0.1072913432040102,0.1076553623625334,0.1072427499651147,0.107921931253969,0.0761307136949299,0.1066633283500975,0.2110128548811629,0.0936934438860904,0.1225091996060813,1.8880072201028109,1.236433701309239,2.9775685365661952,0.6028874508305893
876,0.9513513513513518,0.8237556391259189,0.8480813765677641,0.8508893056155167,0.7730901823939198,0.0540540540540561,0.1072476468862167,0.1075847463189767,0.1072013050331811,0.107981663209503,0.0756950614970021,0.1066633283500976,0.2110128548811629,0.0937935805795025,0.1226205374309726,1.8922802751430208,1.236433701309239,2.9775685365661952,0.6121599401969204
877,0.9516216216216224,0.8235249820262497,0.8482099464648405,0.8502890635768496,0.7728738776882617,0.0540540540540561,0.1072068284061254,0.1080970042613405,0.1071627456227764,0.1080588255512533,0.0769840935857514,0.1066633283500975,0.2110128548811629,0.0939942102976579,0.1228716037706876,1.8978713497950013,1.236433701309239,2.9775685365661952,0.6243264418029619
878,0.9513513513513516,0.8236451200295077,0.8498842327811229,0.8509148194440922,0.7739069961028912,0.0540540540540561,0.107168720081705,0.1079986672909083,0.1071268816933553,0.1080814837511014,0.0771428718246889,0.1066633283500975,0.2110128548811629,0.0939247562281578,0.1227705199296401,1.9022638076339284,1.236433701309239,2.9775685365661952,0.6105165134646391
879,0.9510810810810816,0.8237849194842057,0.8505989736354569,0.8506299611336451,0.7741310134036153,0.0540540540540561,0.1071331610453527,0.1079066454347903,0.1070935342262907,0.1080486407505131,0.076477413010873,0.1066633283500975,0.2110128548811629,0.0938425897149688,0.1226484999931177,1.9002022657328863,1.236433701309239,2.9775685365661952,0.6019073963695374
880,0.9516216216216224,0.8238443732693206,0.8514588214615949,0.84999005836246,0.7743181970010323,0.0540540540540561,0.1070999973894906,0.1084017017752315,0.1070625347950027,0.1081528035450395,0.0763101264499355,0.1066633283500976,0.2110128548811629,0.0938162716512544,0.1226056280359341,1.89829964310212,1.236433701309239,2.9775685365661952,0.6113851202643231
881,0.950540540540541,0.823267428725814,0.8516966460813796,0.8493056399399616,0.7737753947666284,0.0540540540540561,0.1070690822345207,0.108283895695213,0.1070337251201325,0.1080951550088062,0.0765256154168911,0.1066633283500975,0.2110128548811629,0.0942756827642282,0.123198030156925,1.913157926752015,1.236433701309239,2.9775685365661952,0.5895750037494338
882,0.9489189189189194,0.8253114014878823,0.8512734384913168,0.8500182555735764,0.7748844922935332,0.0540540540540561,0.107040275730009,0.1081734624567477,0.1070069566160676,0.1080589933892109,0.0767874560094318,0.1066633283500975,0.2110128548811629,0.0927270212865722,0.1211684606471132,1.9164399366182312,1.236433701309239,2.9775685365661952,0.5582448151315709
883,0.9497297297297304,0.8258971000489475,0.8503194737366354,0.8516505196984363,0.7754651852150964,0.0540540540540561,0.1070134449991467,0.1080700176713847,0.1069820899341746,0.1080388310573164,0.07715372160325,0.1066633283500976,0.2110128548811629,0.0922935679926114,0.1205961774514794,1.905973803234376,1.236433701309239,2.9775685365661952,0.560948173406384
884,0.9497297297297302,0.8258140981746694,0.849955386709551,0.8509899478141273,0.7749793767543419,0.0540540540540561,0.1069884640356765,0.1079731874057874,0.1069589945072451,0.1079705752944901,0.0790495484904955,0.1066633283500975,0.2110128548811629,0.0923684347423812,0.1206916698074922,1.9010881663354555,1.236433701309239,2.9775685365661952,0.563164235392026
885,0.94972972972973,0.8271430886957303,0.8498543671461535,0.8511843708350172,0.7757011883581332,0.0540540540540561,0.1069652135615958,0.1078826091536823,0.1069375480988982,0.1079359826208104,0.0787658372653664,0.1066633283500975,0.2110128548811629,0.0913614730341286,0.1193743045234715,1.904386148305918,1.236433701309239,2.9775685365661952,0.5919360257071026
886,0.94945945945946,0.8284858880871303,0.8502564149718427,0.8523172420659225,0.7770134904624267,0.0540540540540561,0.10694358085309,0.1077979326155017,0.1069176363610048,0.1079523905467263,0.0775692633269928,0.1066633283500975,0.2110128548811629,0.0903454999206442,0.1180423214863247,1.9098812821779123,1.236433701309239,2.9775685365661952,0.609063733407906
887,0.9489189189189196,0.8285571035105856,0.8503063620652269,0.8535798769464108,0.7775837369878219,0.0540540540540561,0.1069234595413132,0.1077188202988419,0.1068991524016065,0.1079617003250928,0.077048915310725,0.1066633283500975,0.2110128548811629,0.0903016237041563,0.1179811667187577,1.90264177028526,1.236433701309239,2.9775685365661952,0.5823028670935353
888,0.950270270270271,0.8296246885846434,0.8501155586224182,0.8517056522296373,0.777294599708901,0.0540540540540561,0.1069047493938471,0.1076449479541571,0.1074820297447059,0.1080090155962539,0.0768412055172334,0.1066633283500975,0.2110128548811629,0.0894949332114642,0.1169229367184328,1.8835498518605505,1.236433701309239,2.9775685365661952,0.5789555880102579
889,0.9489189189189196,0.831218462069959,0.8503741612862395,0.8500175483383058,0.7776016528360756,0.0540540540540561,0.1068873560819222,0.1075760048608768,0.107958751854597,0.1080574398836812,0.0763687828032821,0.1066633283500976,0.2110128548811629,0.0882844861695104,0.1153378598890794,1.890594667333485,1.236433701309239,2.9775685365661952,0.5693206940731852
890,0.94918918918919,0.8307501645672324,0.8509137818703977,0.8491708206134426,0.77717351463655,0.0540540540540561,0.1068711909378074,0.1075116939794222,0.1078736140976464,0.1080057994160294,0.0765941983824635,0.1066633283500975,0.2110128548811629,0.0886507431428821,0.1158142399638637,1.886385733396737,1.236433701309239,2.9775685365661952,0.5882305798664857
891,0.9478378378378386,0.8315622811652293,0.8510843557199835,0.8489076547142999,0.7775206848135069,0.0540540540540561,0.1068561707061427,0.1074517319845003,0.107793455342314,0.1079593005235208,0.0755448104592775,0.1066633283500975,0.2110128548811629,0.0880388567968285,0.1150096334816994,1.8914264361860584,1.236433701309239,2.9775685365661952,0.5462376431801161
892,0.9483783783783792,0.8323375164997416,0.8516500015475746,0.8480083659198001,0.7777289442311702,0.0540540540540561,0.1068422172924227,0.1073958491946421,0.1077180623489469,0.1079106645366741,0.0755204205738675,0.1066633283500975,0.2110128548811629,0.0874517303159463,0.1142413748540469,1.9066741819077608,1.236433701309239,2.9775685365661952,0.5740553494813121
893,0.9483783783783788,0.8322940730110381,0.8522632187786275,0.8470497089742453,0.7774999034067688,0.0540540540540561,0.1068292575113289,0.1073437894123009,0.1076472210386033,0.107861707949055,0.0762130480388805,0.1066633283500975,0.2110128548811629,0.0874923422205522,0.1142912982332973,1.9003264141314389,1.236433701309239,2.9775685365661952,0.5724789168957749
894,0.9483783783783788,0.8326767943324418,0.8515814984575611,0.8487975929058342,0.7782206663758521,0.0540540540540561,0.1068172228371529,0.1076702330222737,0.1075807180228329,0.1079517724389404,0.0755626950187696,0.1066633283500975,0.2110128548811629,0.0872049684193425,0.1139145942489813,1.8976961041093887,1.236433701309239,2.9775685365661952,0.561290231231141
895,0.948108108108109,0.8331424468961893,0.8503763061803358,0.8485265277030289,0.777782322139194,0.0540540540540561,0.1068060491581484,0.1076021549840492,0.1075183419501231,0.1078669375521391,0.0758228904523145,0.1066633283500974,0.2110128548811629,0.086853784188894,0.1134545285247363,1.9003078435998109,1.236433701309239,2.9775685365661952,0.5846426042018522
896,0.9481081081081087,0.8338637909930963,0.8508270527673577,0.8483159001096054,0.7783870662268818,0.0540540540540561,0.1067956765362996,0.1080913030402516,0.1074598846735074,0.1079730987593951,0.0760158390189241,0.1066633283500976,0.2110128548811629,0.0863071741915114,0.1127383707387542,1.9002691291700184,1.236433701309239,2.9775685365661952,0.6140089839243424
897,0.9486486486486492,0.8363333169157845,0.8510823974845355,0.8494259149733858,0.7801994448020184,0.0540540540540561,0.10678604897368,0.1079961667933224,0.1074051422468062,0.1079756202355779,0.0752037741907635,0.1066633283500974,0.2110128548811629,0.0844216243557988,0.1102736585973752,1.913357395391552,1.236433701309239,2.9775685365661952,0.5697524264832442
898,0.9500000000000006,0.8352830494677709,0.8507246122909811,0.8496627941252446,0.779564273661537,0.0540540540540561,0.1067771141863132,0.1079067681976876,0.1073539157591941,0.1079341010187777,0.0752646336520483,0.1066633283500975,0.2110128548811629,0.085230673412917,0.1113283934390722,1.923409236003916,1.236433701309239,2.9775685365661952,0.5749802430875238
899,0.9505405405405408,0.8363912841513144,0.8504672348757997,0.8485585654409139,0.7794762327275122,0.0540540540540561,0.1067688233862118,0.1078228370048311,0.1073060120193436,0.107856321395588,0.0749348956139315,0.1066633283500975,0.2110128548811629,0.0843873603365189,0.1102243041555794,1.9272882723473608,1.236433701309239,2.9775685365661952,0.559992153021759
900,0.9500000000000004,0.8366486573295707,0.8504618925467091,0.8482920358242325,0.7794561138963237,0.0540540540540561,0.1067611310720797,0.1077441061467708,0.1072612441013812,0.1078146958199285,0.0746228998859683,0.1066633283500975,0.2110128548811629,0.0841943651601679,0.1099707771343897,1.9255378779320225,1.236433701309239,2.9775685365661952,0.6096959905146614
901,0.9502702702702706,0.8360642571375172,0.8516546725280604,0.8494807033543832,0.7801744713528442,0.0540540540540561,0.1067539948289908,0.1076703130471417,0.1072194317653942,0.1078566163288809,0.0754207230840924,0.1066633283500975,0.2110128548811629,0.0846450393692083,0.1105587454479872,1.9349942831263072,1.236433701309239,2.9775685365661952,0.5829120016327779
902,0.9508108108108112,0.8361781284850883,0.8518464080143765,0.8459921152077773,0.7789144759203139,0.0540540540540561,0.1067473751372207,0.1076012007473083,0.1077804351484977,0.1078673257221192,0.0751673700786977,0.1066633283500975,0.2110128548811629,0.0845613913207531,0.1104481839463013,1.9374445242625744,1.236433701309239,2.9775685365661952,0.5553440875999832
903,0.9508108108108112,0.8354937154892897,0.8539560356539934,0.8450632360489745,0.7791689914090308,0.0540540540540561,0.1067412351902907,0.107536518855226,0.108305295133369,0.1080237210257153,0.0755755491401439,0.1066633283500976,0.2110128548811629,0.0850887108408813,0.1111356669155647,1.9402696374057853,1.236433701309239,2.9775685365661952,0.5652886837170426
904,0.94972972972973,0.8359291973565365,0.8549219177636382,0.8464075869177237,0.7803734012861065,0.0540540540540561,0.106735540722185,0.1074760243270967,0.1081959941593844,0.108050514865618,0.075374781505833,0.1066633283500975,0.2110128548811629,0.0847583642872857,0.1107030322823716,1.9402634846314175,1.236433701309239,2.9775685365661952,0.5901365041748956
905,0.9497297297297296,0.8377307493328737,0.8534003484473917,0.846845714850835,0.7807936180330894,0.0540540540540561,0.1067302598436263,0.107419482093522,0.1080932685515081,0.1079735391011498,0.0748399640983577,0.1066633283500976,0.2110128548811629,0.0833822223829982,0.108904120745313,1.9498363610915703,1.236433701309239,2.9775685365661952,0.608615767373158
906,0.9502702702702704,0.8363215560518333,0.8553717088334005,0.8459074266076019,0.7806061043225055,0.0540540540540561,0.1073253962703956,0.1073666655429081,0.1079968117797995,0.108211165262883,0.0749011671981309,0.1066633283500975,0.2110128548811629,0.0841057887673644,0.1100157458129688,1.9498598801362916,1.236433701309239,2.9775685365661952,0.6535556237412776
907,0.9481081081081084,0.8372176308852012,0.8560281676787481,0.8471074815178903,0.7818024792217454,0.0540540540540561,0.1072820959545521,0.107317356875446,0.1079063202215315,0.1082233340121675,0.073841302740097,0.1066633283500974,0.2110128548811629,0.0834551884424712,0.1091413211375225,1.966959450206316,1.236433701309239,2.9775685365661952,0.6578586152449556
908,0.9483783783783788,0.8364224134136681,0.8562970750961678,0.8485931822795689,0.7820890543060712,0.0540540540540561,0.1078396891754265,0.1072713473411256,0.1078214947978764,0.108456252453592,0.0739523702319062,0.1066633283500976,0.2110128548811629,0.0837557898160733,0.1096577419986186,1.985535344134355,1.236433701309239,2.9775685365661952,0.6708686811458509
909,0.9470270270270272,0.8371396062849229,0.8560284557327773,0.8488461633156911,0.7823379515361986,0.0540540540540561,0.1077626568561395,0.1072284373750612,0.107742042376331,0.1084064555956618,0.0747925287100697,0.1066633283500976,0.2110128548811629,0.0832644029179023,0.1089790652870077,1.9959457384817243,1.236433701309239,2.9775685365661952,0.693713134088802
910,0.945945945945946,0.8394074004771624,0.8560156675078641,0.8487628197920505,0.783406645451839,0.0540540540540561,0.1076900868788551,0.1071884366429536,0.1076676769511912,0.1083482024484168,0.0732865161510551,0.1066633283500974,0.2110128548811629,0.0815691886355214,0.1067475560834103,2.006812228662178,1.236433701309239,2.9775685365661952,0.6890263331408443
911,0.9451351351351353,0.8383559994116819,0.8563201922190932,0.8493905559457366,0.783537199329112,0.0540540540540561,0.1076217950762459,0.1077511973920399,0.1075981206165603,0.1084678240706532,0.073963206941223,0.1066633283500975,0.2110128548811629,0.0824172169102196,0.1078331030501951,2.025587049689941,1.236433701309239,2.9775685365661952,0.7049728339017084
912,0.943513513513514,0.8364651264800962,0.8551243589855855,0.8504863606328553,0.7825305852639883,0.0540540540540561,0.1075575951670461,0.1076777211300295,0.1075331043478434,0.1084074535367023,0.0744623031359808,0.1066633283500975,0.2110128548811629,0.0838935379550527,0.1097560759363807,2.0511420673652223,1.236433701309239,2.9775685365661952,0.7181926500474964
913,0.9427027027027034,0.8357061248980456,0.851760525729444,0.8505813634704648,0.7808216239288234,0.0540540540540561,0.1074973003212961,0.1081993178394344,0.1074723686085071,0.108390717598509,0.0743076428633091,0.1066633283500975,0.2110128548811629,0.0845093946851187,0.1105452249413064,2.060908689395785,1.236433701309239,2.9775685365661952,0.7107738144401168
914,0.9418918918918926,0.8346708217537688,0.8509799439197426,0.8491198825053398,0.7792435681847023,0.0540540540540561,0.107440724538792,0.1080966824822473,0.1074156637992008,0.1082634296429048,0.0741363306807306,0.1066633283500975,0.2110128548811629,0.0853257738535285,0.111608815976835,2.080966196504776,1.236433701309239,2.9775685365661952,0.6827427451947834
915,0.9408108108108114,0.8331008212015348,0.850965691914128,0.8481067020981149,0.7779527666216122,0.0540540540540561,0.1073876838466418,0.1080002751731195,0.1073627505662148,0.1081746159954139,0.0753221385559447,0.1066633283500975,0.2110128548811629,0.0865505209407821,0.1132053368751442,2.0990318959716383,1.236433701309239,2.9775685365661952,0.6355078282035439
916,0.9413513513513518,0.8309231421492759,0.8503201132846483,0.8458571404104369,0.7756914421688827,0.0540540540540561,0.1073379973244864,0.1079097978310355,0.107913433368952,0.1081818761940351,0.0769981445919276,0.1066633283500975,0.2110128548811629,0.0882448029467574,0.1154078591884808,2.096048892889819,1.236433701309239,2.9775685365661952,0.6438241985475491
917,0.9416216216216222,0.8316580772927934,0.8491444609170575,0.8452097494055134,0.7752060038929701,0.0540540540540561,0.1072914879678878,0.1078249565234745,0.1078286673332926,0.108066910617906,0.0777701153735507,0.1066633283500974,0.2110128548811629,0.0877140008548443,0.1146961787232626,2.1045861473191088,1.236433701309239,2.9775685365661952,0.66157520709761
918,0.9410810810810816,0.8313113171461233,0.8470712863450198,0.8415529668833673,0.7726355594433945,0.0540540540540561,0.1072479834017036,0.1077454628418888,0.1088750590791305,0.1080947402672116,0.0779063748908378,0.1066633283500974,0.2110128548811629,0.0880028224516633,0.1150646911530249,2.126799662210394,1.236433701309239,2.9775685365661952,0.6279331509225394
919,0.9408108108108114,0.832434535267747,0.847552123336975,0.8395638176452269,0.7726105414690643,0.0540540540540561,0.1072073164560481,0.1076710350715872,0.1093285316081797,0.1081335784450236,0.077311454295022,0.1066633283500975,0.2110128548811629,0.0871646738738082,0.1139618065042287,2.1274836352056026,1.236433701309239,2.9775685365661952,0.610111470068502
920,0.9416216216216222,0.8335445397761049,0.8478445030708105,0.8381633511890385,0.7727853214829618,0.0540540540540561,0.1071693256177811,0.10760139916689,0.1097519727835345,0.1081646309272525,0.0759033053588606,0.1066633283500975,0.2110128548811629,0.0863405299619083,0.1128707974150045,2.1264591000261945,1.236433701309239,2.9775685365661952,0.6342759595147559
921,0.9418918918918924,0.8283844508150646,0.8478635208299959,0.8369085406479043,0.7698444967629484,0.0540540540540561,0.1083339221367705,0.1075362895443991,0.1101471620323469,0.1086464427341177,0.0763992224670547,0.1066633283500975,0.2110128548811629,0.0895760808459601,0.1174485881165503,2.120945450779752,1.236433701309239,2.9775685365661952,0.6991521459335717
922,0.9418918918918924,0.8293283210636478,0.847110692616476,0.8367582925407543,0.7698399513453186,0.0540540540540561,0.1082233038217108,0.1074754497085524,0.1099157676482334,0.1085165212809012,0.0769657071319385,0.1066633283500975,0.2110128548811629,0.0889155665099444,0.1165600270254969,2.124878066285528,1.236433701309239,2.9775685365661952,0.7064857689293939
923,0.9408108108108112,0.8295754573921112,0.8473335025854176,0.8362884197675828,0.7697597518827173,0.0540540540540561,0.1081192630213815,0.1074186327243889,0.1096982060098768,0.108412003316443,0.0773933449563638,0.1066633283500975,0.2110128548811629,0.0887938366772167,0.1163649110971976,2.1395908710033065,1.236433701309239,2.9775685365661952,0.6983775344708072
924,0.941621621621622,0.8282886308525609,0.8470799280921391,0.8364116353121882,0.7689696601167647,0.0540540540540561,0.1080215034460117,0.1073656015527351,0.1094938478596782,0.1083172971945912,0.0777013445456524,0.1066633283500975,0.2110128548811629,0.089830697771366,0.1177006174244334,2.151551090168855,1.236433701309239,2.9775685365661952,0.6560026678276603
925,0.9410810810810812,0.8271199335731267,0.8435099943643438,0.8362749240788854,0.7668646454512227,0.0540540540540561,0.107929730000313,0.1079161626460822,0.1093020667336211,0.1082526993422,0.0783491110183705,0.1066633283500975,0.2110128548811629,0.0907829519455491,0.1189152014267168,2.1554722602101064,1.236433701309239,2.9775685365661952,0.6313493612015451
926,0.9427027027027032,0.8261118715350253,0.8428896671721412,0.8375169223809869,0.7665730446224189,0.0540540540540561,0.1078436506009983,0.1078312728309269,0.1091222429250679,0.1081766250864555,0.0785901547401854,0.1066633283500975,0.2110128548811629,0.0916082712774905,0.1199663031644755,2.151568122196229,1.236433701309239,2.9775685365661952,0.6437243513221087
927,0.941621621621622,0.82518055577956,0.8428872175301093,0.8370668805139105,0.7659443931978706,0.0540540540540561,0.1077629777503385,0.1077516932325167,0.1094461677276526,0.1081855600750087,0.078987956852898,0.1066633283500975,0.2110128548811629,0.0923657696758835,0.1209379553452707,2.1473636266109035,1.236433701309239,2.9775685365661952,0.6104990142422467
928,0.9416216216216218,0.82559718013775,0.8420761908958333,0.8351698471335601,0.7650590667454149,0.0540540540540561,0.1076874298770098,0.1076771475768393,0.1098574653493891,0.108153657622537,0.0789767489079992,0.1066633283500975,0.2110128548811629,0.0920959442635022,0.1205591049237454,2.14055598124428,1.236433701309239,2.9775685365661952,0.6077356261977106
929,0.9410810810810816,0.8266027528167967,0.8430878575637628,0.8358191939602863,0.7661577271899751,0.0540540540540561,0.1076167324580541,0.1076073669626104,0.1096417683179636,0.108111269011527,0.0788060876360439,0.1066633283500975,0.2110128548811629,0.0913711094814629,0.1195888809541761,2.1418356362064315,1.236433701309239,2.9775685365661952,0.623443522570805
930,0.9405405405405408,0.8248084336644116,0.842772774396742,0.8353925412401422,0.7652530094065777,0.0540540540540561,0.1081506523207284,0.1081421239792213,0.1094394375058245,0.1083359570572745,0.0784520659179931,0.1066633283500975,0.2110128548811629,0.0923998933843252,0.1211162401752239,2.13640307252194,1.236433701309239,2.9775685365661952,0.6143971286752101
931,0.9405405405405408,0.8250313088954216,0.8423568416813132,0.8359529291209623,0.7653465661476503,0.0540540540540561,0.1080501051520577,0.1080423400732955,0.1092498002015677,0.1082376968351678,0.0786319870096862,0.1066633283500975,0.2110128548811629,0.092295706638377,0.1209436385285494,2.1363715188750363,1.236433701309239,2.9775685365661952,0.6130263996042217
932,0.9402702702702704,0.8230304589413029,0.8411086709786288,0.8353976293133895,0.7634772815340508,0.0540540540540561,0.1079558099752614,0.1079487399165797,0.1090721972111591,0.1080858958003389,0.0808026889299918,0.1066633283500975,0.2110128548811629,0.0938929970489588,0.1229916360710661,2.135483217718181,1.236433701309239,2.9775685365661952,0.5925984656902421
933,0.93972972972973,0.8233638571793835,0.8423970235390696,0.8351908328440952,0.7640418169397947,0.0540540540540561,0.1078674479320094,0.1078610101083177,0.1089059855508583,0.1080308210499775,0.0800940300972168,0.1066633283500974,0.2110128548811629,0.0936915315801476,0.1227024188546122,2.1393648749074545,1.236433701309239,2.9775685365661952,0.5605974865065033
934,0.9402702702702704,0.8236073866184472,0.8434987446813043,0.8351201714243488,0.764598188591255,0.0540540540540561,0.1077847074679896,0.1077788443044385,0.1087505406529833,0.1079779548473465,0.0798968000464576,0.1066633283500975,0.2110128548811629,0.0935511036391927,0.1225002596475576,2.136380425313441,1.236433701309239,2.9775685365661952,0.5666128286169043
935,0.93972972972973,0.8236669502640261,0.8437337678185759,0.8334482949448437,0.7640791742040896,0.0540540540540561,0.1077072854196909,0.1077019442669765,0.1092052915090257,0.107998539484217,0.0802917564340141,0.1066633283500975,0.2110128548811629,0.0935633791707595,0.1224794070261283,2.141610417761224,1.236433701309239,2.9775685365661952,0.5190240070818093
936,0.9391891891891896,0.823901717288544,0.8431085706072483,0.8337355033842415,0.7639487073486818,0.0540540540540561,0.1076348878992696,0.1076300207267178,0.1090308288033526,0.1078985180085522,0.0806094147485154,0.1066633283500975,0.2110128548811629,0.0934359685050486,0.1222808387618214,2.137870891024814,1.236433701309239,2.9775685365661952,0.5333281162144619
937,0.93945945945946,0.8221425237602166,0.8425849877618435,0.8341265826207462,0.762941799353952,0.0540540540540561,0.1081672643768177,0.1075627940719486,0.1088675598213304,0.1080421964136939,0.0814951675141307,0.1066633283500976,0.2110128548811629,0.0944753738156047,0.1237738440513742,2.128523980671156,1.236433701309239,2.9775685365661952,0.5240964745431671
938,0.9400000000000004,0.8226929719436795,0.8418760098954593,0.8356988989700851,0.7634821550161885,0.0540540540540561,0.1080653149878847,0.107499994877315,0.1087148674943794,0.1079880149287539,0.0811912688418455,0.1066633283500975,0.2110128548811629,0.0941304392527947,0.1232743705623781,2.136651812001875,1.236433701309239,2.9775685365661952,0.5632956801324136
939,0.9408108108108112,0.8211109147515763,0.8431435974285002,0.8356117526568595,0.7631522002647765,0.0540540540540561,0.107969744825073,0.1074413642874331,0.1085721557016343,0.1079422621314993,0.0814728036918472,0.1066633283500975,0.2110128548811629,0.0953859920559654,0.1249042128358874,2.1422847632342927,1.236433701309239,2.9775685365661952,0.5413007942058484
940,0.9421621621621624,0.8226380503822333,0.8442808989255624,0.8369266062593493,0.7649531320487847,0.0540540540540561,0.1078802225520264,0.1073866542700819,0.1084388503467842,0.1079435384869046,0.0812458227396738,0.1066633283500975,0.2110128548811629,0.0942690470192133,0.1234218383417533,2.1197909053526898,1.236433701309239,2.9775685365661952,0.5781137239714521
941,0.941621621621622,0.823074553651905,0.8442479648657683,0.8375586848076625,0.7653622099959381,0.0540540540540561,0.1077964254364597,0.1073356277536523,0.1083144001259897,0.1078920059196271,0.0819694272917993,0.1066633283500975,0.2110128548811629,0.0939868870012959,0.1230272336298652,2.1168219173986937,1.236433701309239,2.9775685365661952,0.6047640089415686
942,0.9427027027027028,0.824075708187846,0.843701869099287,0.8380012813706611,0.7657431842349943,0.0540540540540561,0.1077180402991733,0.1072880586630833,0.1081982770203969,0.1078182123925404,0.0811927574838198,0.1066633283500975,0.2110128548811629,0.0932621569057592,0.1220652716625672,2.1072958566201816,1.236433701309239,2.9775685365661952,0.5929097141911963
943,0.942972972972973,0.8228246004456647,0.8402361288712108,0.8369194544564108,0.7633721447531892,0.0540540540540561,0.1076447642748803,0.1084437986341893,0.1080899765456998,0.1079073759316268,0.0818346492816316,0.1066633283500975,0.2110128548811629,0.0942671365432362,0.1233530174168949,2.1035038604932,1.236433701309239,2.9775685365661952,0.6046849167534022
944,0.943243243243243,0.824422109132025,0.8409509375285866,0.8375305296292569,0.7647984248868659,0.0540540540540561,0.1075763053999391,0.1088702903348249,0.107989017789727,0.1079945827531624,0.0817081552830993,0.1066633283500975,0.2110128548811629,0.0930866130910428,0.1217897381680059,2.0960336171286347,1.236433701309239,2.9775685365661952,0.6153633852151266
945,0.9443243243243244,0.8253180782768973,0.8413012855986622,0.8389310296644941,0.7659560005271604,0.0540540540540561,0.107512383042694,0.1087238993280905,0.1078949432672341,0.1079683772159392,0.0816500746637672,0.1066633283500975,0.2110128548811629,0.0924444811121131,0.1209257302017556,2.0833801360758746,1.236433701309239,2.9775685365661952,0.5991271571325147
946,0.9456756756756756,0.8233835874272262,0.8409401567360811,0.8377955678536325,0.7643370627506181,0.0540540540540561,0.1080527615754762,0.1085862461657503,0.1078073186190763,0.1080783948420817,0.0814700593285346,0.1066633283500975,0.2110128548811629,0.0936220599157407,0.1225900317850358,2.0663403167863006,1.236433701309239,2.9775685365661952,0.561047175627128
947,0.9475675675675675,0.8210756745074583,0.8410787505262854,0.8381262460936008,0.7633629407677249,0.0540540540540561,0.1085583906982219,0.1084569327858653,0.107725732180801,0.1082442407894568,0.081798080189456,0.1066633283500975,0.2110128548811629,0.0950931724848168,0.1246451301434309,2.0452956148655432,1.236433701309239,2.9775685365661952,0.536397798692471
948,0.9497297297297294,0.8212100989673798,0.8408925455560436,0.8387564166014094,0.763543432146127,0.0540540540540561,0.1084311661819415,0.1083355634606133,0.1076497944434966,0.1081699185107185,0.0814871801738823,0.1066633283500974,0.2110128548811629,0.0950670470250139,0.124574317941649,2.029491388349702,1.236433701309239,2.9775685365661952,0.5178954292976014
949,0.9500000000000002,0.8202901261563703,0.8417414058660246,0.8384139887297158,0.7631897150585112,0.0540540540540561,0.1083117421101177,0.108221747125268,0.1075791374275314,0.1080973767475917,0.0820295411996786,0.1066633283500975,0.2110128548811629,0.0958570869491995,0.1255540027885712,2.0112621541076683,1.236433701309239,2.9775685365661952,0.4988590948870083
950,0.9494594594594594,0.8207959583915694,0.8410773981028784,0.8395167953547344,0.7635445915901627,0.0540540540540561,0.1081997340338344,0.1081150993907136,0.1075134139876535,0.1080260465477585,0.0817082755280408,0.1066633283500976,0.2110128548811629,0.095544549677292,0.1251041745915131,1.9840653507556487,1.236433701309239,2.9775685365661952,0.5165290283944609
951,0.9494594594594594,0.8214342166759516,0.8410099151598874,0.8412741720440308,0.7646769616910002,0.0540540540540561,0.1080947646153626,0.1086147133374258,0.1074522970658408,0.1081374402480009,0.0812504300288412,0.1066633283500975,0.2110128548811629,0.0951237877562977,0.1245184010163671,1.9817510291822404,1.236433701309239,2.9775685365661952,0.5352673669975434
952,0.9500000000000002,0.8226672814418788,0.8406211867544752,0.8423406057968904,0.7655171215629661,0.0540540540540561,0.1079964651347495,0.1084825664408447,0.1073954789063114,0.108077216681212,0.0808700558066082,0.1066633283500975,0.2110128548811629,0.0942447965205905,0.1233344859907461,1.9769442088845544,1.236433701309239,2.9775685365661952,0.5625671588626121
953,0.9494594594594596,0.8237966954346065,0.8380609650450542,0.8438133477235907,0.7658563729492924,0.0540540540540561,0.1079044767529891,0.1095583722592091,0.1073426702452522,0.1082495342210405,0.0814187881497778,0.1066633283500974,0.2110128548811629,0.0934331224120555,0.1222510661888988,1.97249706916956,1.236433701309239,2.9775685365661952,0.5468505989137749
954,0.9505405405405404,0.8247540703900086,0.8397812098780212,0.8429483062262918,0.7666055526652299,0.0540540540540561,0.1078184515462851,0.1093647945547263,0.1072935994861018,0.108187889417961,0.0815297495325876,0.1066633283500975,0.2110128548811629,0.0927509878796347,0.1213367038368491,1.981606927641514,1.236433701309239,2.9775685365661952,0.5616212680020809
955,0.9494594594594596,0.8261194563727193,0.8394417138343492,0.8437245771465796,0.7675020550748551,0.0540540540540561,0.1077380533278967,0.1097143736839795,0.1072480118696521,0.1082390533108619,0.0807839286799471,0.1066633283500974,0.2110128548811629,0.0917571825819016,0.1200115169633325,1.9815311729721272,1.236433701309239,2.9775685365661952,0.5099247919040635
956,0.948108108108108,0.8264581250002757,0.840307401478409,0.8453183679959879,0.768758827104929,0.0540540540540561,0.1076629582753056,0.1095099629140267,0.1078057020299646,0.1083389857605539,0.0803209581181194,0.1066633283500975,0.2110128548811629,0.0915437412342658,0.1197103958620712,1.9820657383623743,1.236433701309239,2.9775685365661952,0.5091336392980166
957,0.9483783783783786,0.8234948152780676,0.8417776139980101,0.8460797496012183,0.7682681944021559,0.0540540540540561,0.1081928887638358,0.109318007923936,0.1077276199537215,0.1085577923106118,0.0812974768099182,0.1066633283500976,0.2110128548811629,0.0935059262314501,0.1224087403400146,1.982437351232856,1.236433701309239,2.9775685365661952,0.5424526331577721
958,0.9489189189189188,0.8222176261650145,0.84292792198602,0.8463836002571371,0.76823582049444,0.0540540540540561,0.108088720438766,0.1091379094160579,0.1076545240903019,0.108504508631022,0.0824364875663362,0.1066633283500975,0.2110128548811629,0.0945387259524736,0.1237380136156025,1.9881138443782127,1.236433701309239,2.9775685365661952,0.5485074179813314
959,0.948918918918919,0.8220337245377338,0.8442038904092831,0.8474711827846975,0.7691527577735023,0.0540540540540561,0.1079911362797521,0.1089690761410388,0.1075861389385665,0.1084853429607922,0.0823616185873273,0.1066633283500975,0.2110128548811629,0.0947259528079474,0.1239707073223901,1.9707750276549048,1.236433701309239,2.9775685365661952,0.5404312176406468
960,0.9489189189189188,0.8201599448447547,0.8443959042113969,0.8484296801387678,0.7686325783651298,0.0540540540540561,0.1078997850051716,0.1088109278680189,0.1075221991942789,0.1084321806705607,0.0829320496595651,0.1066633283500975,0.2110128548811629,0.0962070570327296,0.1258901626526597,1.9695565846100729,1.236433701309239,2.9775685365661952,0.5367794617943339
961,0.9475675675675675,0.8193728043448354,0.8455012918980621,0.8483699083348563,0.7688730097777746,0.0540540540540561,0.1089821808109911,0.1086628978839972,0.107462449942357,0.1088397567175738,0.082134009963562,0.1066633283500975,0.2110128548811629,0.0961740466446258,0.1261361052496689,1.962315726709094,1.236433701309239,2.9775685365661952,0.5364501144782833
962,0.947837837837838,0.8179713360182563,0.8454824753938283,0.8486478636369228,0.7682442587952534,0.0540540540540561,0.1094271536842059,0.1091244684384371,0.1074066467772605,0.1091007941712469,0.0824021756598314,0.1066633283500974,0.2110128548811629,0.0969959617023448,0.1273150871396405,1.9590316757667607,1.236433701309239,2.9775685365661952,0.5329016660839566
963,0.9475675675675674,0.8173178958118333,0.8430985305832492,0.8483025349310261,0.7668312645736667,0.0540540540540561,0.1092427567908651,0.1101563459459297,0.1073545558545295,0.1091850245905393,0.0827613435968874,0.1066633283500976,0.2110128548811629,0.0976213800549765,0.1280607257927338,1.9619633971653443,1.236433701309239,2.9775685365661952,0.5590964233935632
964,0.9475675675675674,0.8168635564664303,0.8444295098328867,0.8480686050219114,0.7669508776636051,0.0540540540540561,0.1090695050880213,0.1099213297476341,0.1073059538776932,0.1090988498351739,0.0834095094222938,0.1066633283500975,0.2110128548811629,0.0980775993015231,0.1286016909895593,1.9642418204755503,1.236433701309239,2.9775685365661952,0.57887966157612
965,0.9486486486486484,0.8181817987714252,0.8441669171279161,0.8477199381695746,0.7672656787517063,0.0540540540540561,0.1089068724747123,0.1097007792737878,0.1072606280256521,0.108966028420027,0.0833574900929102,0.1066633283500975,0.2110128548811629,0.0971741724440233,0.1273647649912186,1.978298398745968,1.236433701309239,2.9775685365661952,0.6088007015768886
966,0.9489189189189188,0.8174437983960893,0.8457013983497957,0.8483499725915082,0.7677732166935827,0.0540540540540561,0.1087543387755295,0.1094939763672495,0.1072183758262257,0.108920964154076,0.084224631549085,0.1066633283500975,0.2110128548811629,0.0978351901258981,0.1281790322161461,1.9802204830861112,1.236433701309239,2.9775685365661952,0.5848277945261895
967,0.9489189189189188,0.816717117420533,0.845885122929218,0.8485440585639684,0.7676700149763315,0.0540540540540561,0.1086113924286187,0.1097926172837507,0.1071790049818943,0.1089399951962097,0.0852678791000629,0.1066633283500975,0.2110128548811629,0.0984531312962247,0.1289771863651576,1.974236772951223,1.236433701309239,2.9775685365661952,0.5566029178816385
968,0.9494594594594594,0.8170695813229187,0.8439048439964949,0.8494122850652963,0.767440769707583,0.0540540540540561,0.1084775327772923,0.1101802346068024,0.1071423331538865,0.1089304984808347,0.085008728909636,0.1066633283500975,0.2110128548811629,0.0982514357524824,0.1286916522884351,1.9729586117350748,1.236433701309239,2.9775685365661952,0.5260678810256559
969,0.9486486486486488,0.8159821057081545,0.8448321893682411,0.8480851159030679,0.7666675927171763,0.0540540540540561,0.1089523053705876,0.1099423726561766,0.1071081877107138,0.1090232625676058,0.0852277074075582,0.1066633283500975,0.2110128548811629,0.0988008363709884,0.1295417416065511,1.982296619860471,1.236433701309239,2.9775685365661952,0.523169514044499
970,0.9500000000000004,0.8155928592014466,0.8454414384115614,0.8453906055908479,0.7656055673753289,0.0540540540540561,0.1087964103094926,0.1097193075145381,0.107676438823841,0.108993233390915,0.0858736367500198,0.1066633283500975,0.2110128548811629,0.0992022751404294,0.1300089356438069,1.971508636510925,1.236433701309239,2.9775685365661952,0.5166278218309724
971,0.94972972972973,0.8140689935905852,0.845489320063992,0.8446289068799399,0.7644970517586883,0.0540540540540561,0.1086503574086148,0.1095102850954754,0.1076081059659583,0.1088507174899068,0.0869734238696861,0.1066633283500975,0.2110128548811629,0.1004456615991749,0.1316058277051073,1.9629396975086548,1.236433701309239,2.9775685365661952,0.5694001156725845
972,0.9491891891891896,0.8140985439258958,0.8439399510655028,0.8451086512509203,0.7639987670740999,0.0540540540540561,0.1085136255239899,0.1093145682340079,0.1075440114608714,0.108707666572844,0.0869394955498906,0.1066633283500975,0.2110128548811629,0.1004963465666569,0.1316446433121091,1.9768423505248032,1.236433701309239,2.9775685365661952,0.5746453344800175
973,0.948648648648649,0.8150798626838123,0.8437535165109189,0.8455933687751305,0.7645461356467174,0.0540540540540561,0.108385708156896,0.1091314393597158,0.1074839385439484,0.1086114259096901,0.0875500047502573,0.1066633283500974,0.2110128548811629,0.0998228310375593,0.1307272832377394,1.978699326949064,1.236433701309239,2.9775685365661952,0.5737603135720714
974,0.948648648648649,0.8148213092914215,0.842054976502535,0.8467208824647007,0.7641259769904926,0.0540540540540561,0.1082661148442071,0.1089602026725825,0.1074276759173051,0.1084917709223194,0.0881580155777547,0.1066633283500975,0.2110128548811629,0.1000908214880734,0.1310456332864752,1.98025444209484,1.236433701309239,2.9775685365661952,0.5738170070221156
975,0.947567567567568,0.8152216673857845,0.8437024580389674,0.8460472374897037,0.7648556700251973,0.0540540540540561,0.1081543722446883,0.108800185862426,0.1079639536702439,0.1085620231840887,0.0876870496674205,0.1066633283500975,0.2110128548811629,0.0998504883070105,0.1307011464918713,1.9964638570580653,1.236433701309239,2.9775685365661952,0.5334616300137981
976,0.947567567567568,0.8150496390661871,0.842668402644301,0.846659841032581,0.7645446201968349,0.0540540540540561,0.1080500249495738,0.108650741414087,0.1078767575990795,0.1084530128898966,0.0882495348930709,0.1066633283500975,0.2110128548811629,0.1000360101381365,0.1309253484590258,2.0042229624285217,1.236433701309239,2.9775685365661952,0.5371796961382675
977,0.9481081081081082,0.8154775522961204,0.8426372773998224,0.847520581035801,0.7652434521330873,0.0540540540540561,0.1079526360458395,0.1091112809238758,0.1077948908167987,0.1085320519633029,0.0880595456832578,0.1066633283500975,0.2110128548811629,0.0997628063630841,0.1305461296809598,1.9987962939826105,1.236433701309239,2.9775685365661952,0.5169535522780222
978,0.9478378378378376,0.8160937205344021,0.8426089978597568,0.8473431612388227,0.7654914974753375,0.0540540540540561,0.1078617874600437,0.1094264490227186,0.1077180930879115,0.1085400893496301,0.0874665607335805,0.1066633283500975,0.2110128548811629,0.0993391138476521,0.1299753857355758,1.98682319142013,1.236433701309239,2.9775685365661952,0.5348471916123677
979,0.9478378378378376,0.8157574314646269,0.8399188444977852,0.848566487752324,0.7646968169515612,0.0540540540540561,0.1077770801096117,0.1098381194201108,0.1076461086044133,0.1085389621358622,0.087718609038885,0.1066633283500975,0.2110128548811629,0.0996491038408641,0.1303540284805673,1.995404358795206,1.236433701309239,2.9775685365661952,0.561088907225644
980,0.946216216216216,0.8156565787821264,0.8415124968805514,0.8488510964635583,0.7653030318025906,0.0540540540540561,0.1082434337806027,0.1096229244993841,0.1075786870650601,0.1086905326035529,0.0876085221370755,0.1066633283500975,0.2110128548811629,0.0994823751954797,0.1302217043275724,1.99328513908113,1.236433701309239,2.9775685365661952,0.5577664390716371
981,0.9454054054054056,0.8137280012975929,0.8408280057608267,0.8503968810048045,0.7650754324425756,0.0540540540540561,0.1093351779617602,0.110021226471572,0.1075155845853708,0.1092015253645015,0.0861656686692007,0.1066633283500975,0.2110128548811629,0.1002539145064325,0.1316044097215271,1.9874533872587028,1.236433701309239,2.9775685365661952,0.5378429953629958
982,0.9445945945945948,0.8138373712253197,0.8412888286733156,0.8511564419985841,0.7655368383437856,0.0540540540540561,0.1091562807132223,0.1097934996274399,0.1074565644478048,0.1091144099158318,0.0853823889590652,0.1066633283500975,0.2110128548811629,0.100286937477473,0.1315844884180689,1.9781863190026447,1.236433701309239,2.9775685365661952,0.565916276755391
983,0.943783783783784,0.8144615955065592,0.841543451840352,0.8509334935577572,0.765783635773095,0.0540540540540561,0.1089882929771836,0.1095800305349867,0.1074013977031359,0.1089911602500236,0.0857179420223459,0.1066633283500974,0.2110128548811629,0.0999167278459476,0.1310442580048489,1.984974986651752,1.236433701309239,2.9775685365661952,0.5434184906701772
984,0.9440540540540548,0.8158098894195476,0.8423279038826927,0.850977376718873,0.7669242611331787,0.0540540540540561,0.1088306842662212,0.1097993169204667,0.1073498636350726,0.1090056376617399,0.085083806181828,0.1066633283500976,0.2110128548811629,0.0989718145790448,0.1297747684473414,1.9816673190742715,1.236433701309239,2.9775685365661952,0.5686914018467166
985,0.9456756756756765,0.8175229900382093,0.8418634356047605,0.851612425902022,0.7678214974090618,0.0540540540540561,0.1086829329671996,0.1101862522157324,0.107301750100727,0.1090351512308186,0.0848223195524364,0.1066633283500975,0.2110128548811629,0.097760963149889,0.1281355434781912,1.9956123803036545,1.236433701309239,2.9775685365661952,0.5425542982255916
986,0.9459459459459468,0.8171363003122959,0.8420707139991027,0.8507270565550941,0.7673446574240315,0.0540540540540561,0.1091444955389497,0.1105221730456123,0.107256853759701,0.1092469467204545,0.0842815070760002,0.1066633283500975,0.2110128548811629,0.0978087698613844,0.1282914519182293,1.9907331575242184,1.236433701309239,2.9775685365661952,0.5294145433922424
987,0.9451351351351356,0.8165798337636987,0.841013599083674,0.8504754567953005,0.7664996905241678,0.0540540540540561,0.1089761855261168,0.1102616916191916,0.107214980204409,0.1090860014675989,0.0848660071287075,0.1066633283500976,0.2110128548811629,0.0983123509141432,0.1289320734732424,1.9918553268030936,1.236433701309239,2.9775685365661952,0.5408554043212158
988,0.945135135135136,0.818991642992927,0.8419473663344489,0.851037344556251,0.7682602131947383,0.0540540540540561,0.1088184157424263,0.1100173506037497,0.1071759440038516,0.109009580806743,0.0828319346143195,0.1066633283500975,0.2110128548811629,0.0965695921401739,0.1265991491358596,1.9930447616473592,1.236433701309239,2.9775685365661952,0.535086140362095
989,0.9437837837837842,0.8195076183563417,0.8435553869637133,0.8513491804353736,0.7693708860933127,0.0540540540540561,0.1086706387754381,0.109788335197208,0.1071395686724735,0.1089511782053853,0.0832272827190334,0.1066633283500975,0.2110128548811629,0.0962489273591663,0.126157062255939,1.9850706582365985,1.236433701309239,2.9775685365661952,0.5533779294429536
990,0.9443243243243252,0.818692888955991,0.8443941020075091,0.8511142991435865,0.769127904262134,0.0540540540540561,0.1085323212079368,0.1095738478916164,0.1071056865750193,0.1088617658887789,0.0838582660253956,0.1066633283500975,0.2110128548811629,0.096962139472529,0.1270409504400406,1.979635999921728,1.236433701309239,2.9775685365661952,0.5364114907884313
991,0.9459459459459464,0.819132351117376,0.8465760434148473,0.8502235637636717,0.7698837339727842,0.0540540540540561,0.1084029452561738,0.1093731114748703,0.1070741387774942,0.1087990203897841,0.0835995925651803,0.1066633283500975,0.2110128548811629,0.0966909410615166,0.126666176254537,1.9808631187444183,1.236433701309239,2.9775685365661952,0.5216201009151297
992,0.9456756756756762,0.8185414121476016,0.8460058841310062,0.8489784847582709,0.7687533741650242,0.0540540540540561,0.1082820100836971,0.1091853714962652,0.1070447748534853,0.1086451456551342,0.0843469272537455,0.1066633283500975,0.2110128548811629,0.0972122193788489,0.1273175828105499,1.983014329215908,1.236433701309239,2.9775685365661952,0.5229565369918976
993,0.9451351351351356,0.8191755518095464,0.8475407147576868,0.8495748442184766,0.7699583054891462,0.0540540540540561,0.1081690328172697,0.1090098982366368,0.107017452654223,0.1086247053555266,0.0841879465694005,0.1066633283500975,0.2110128548811629,0.0968024444351313,0.1267399317818183,1.973811764310297,1.236433701309239,2.9775685365661952,0.5460747743872627
994,0.9459459459459464,0.819303516096337,0.8470708224836078,0.8481359680450443,0.7691568513682071,0.0540540540540561,0.108063549292425,0.1088459882261226,0.1069920380499,0.108475340733758,0.0834114670832929,0.1066633283500975,0.2110128548811629,0.0967664601911496,0.1266647092574502,1.981960748953312,1.236433701309239,2.9775685365661952,0.5452382430990974
995,0.945675675675676,0.8192747135303445,0.8469945413254274,0.8477097646545428,0.7690221903660808,0.0540540540540561,0.1079651145564687,0.109292998736681,0.1069684046489218,0.1085135875456494,0.0825855056587176,0.1066633283500975,0.2110128548811629,0.0968512106097625,0.1267427291914208,1.9789567618875936,1.236433701309239,2.9775685365661952,0.539762556941678
996,0.9451351351351356,0.8196652004810755,0.8468735645040527,0.8486719455006625,0.7695046741205108,0.0540540540540561,0.1078733031563433,0.1091114553042223,0.1069464335009592,0.1084558933120143,0.083024432537066,0.1066633283500975,0.2110128548811629,0.0966074232148503,0.1263981479407526,1.9969897154711416,1.236433701309239,2.9775685365661952,0.528953210292438
997,0.945405405405406,0.8203809951925232,0.8463317409383972,0.8483839485912529,0.7695181845512212,0.0540540540540561,0.1077877092378768,0.1094946860294242,0.1069260127889239,0.1084750102775074,0.0821376625746627,0.1066633283500975,0.2110128548811629,0.0961082148583071,0.1257251501885379,1.9977194676837935,1.236433701309239,2.9775685365661952,0.4892455235226064
998,0.9459459459459464,0.8203529211225135,0.8461984152516402,0.8487327552006407,0.7696049870208493,0.0540540540540561,0.107707946481654,0.1093007304551109,0.1069070375142801,0.1083979878558582,0.082038668399341,0.1066633283500976,0.2110128548811629,0.0961732191939967,0.1257931056366596,1.9996905073629885,1.236433701309239,2.9775685365661952,0.5040721981055074
999,0.9467567567567572,0.8208499085795431,0.8448980610089428,0.8495651351409349,0.7696502885993292,0.0540540540540561,0.1076336478991906,0.1097192136283524,0.1068894091794707,0.1084540542494811,0.0821455467003134,0.1066633283500976,0.2110128548811629,0.0958307263707578,0.1253332674708613,1.996590655244203,1.236433701309239,2.9775685365661952,0.5028515039532668
1000,0.9448648648648652,0.82100773126523,0.8447690919795661,0.8522438536157155,0.7708084045863787,0.0540540540540561,0.1075644655113528,0.1095106284611196,0.1068730354706489,0.1084572833571765,0.0814109048805669,0.1066633283500975,0.2110128548811629,0.0957474781945116,0.1252100359790933,2.0074980614759523,1.236433701309239,2.9775685365661952,0.4914961130505088
1001,0.9451351351351356,0.8208828740551543,0.843385025707332,0.8533891933842283,0.7706065778413671,0.0540540540540561,0.1075000699291194,0.1093152849843744,0.1068578299433792,0.1083799147985075,0.081898847922883,0.1066633283500975,0.2110128548811629,0.0958779043796063,0.1253670909802857,1.993777593129784,1.236433701309239,2.9775685365661952,0.5000540732896482
1002,0.9451351351351356,0.8207324202943143,0.8437592823185741,0.8534312978641673,0.7706850149605114,0.0540540540540561,0.1074401498549072,0.1091324698343165,0.1068437117135075,0.1083207317623835,0.0813300535119845,0.1066633283500975,0.2110128548811629,0.0960237599668091,0.1255475047782321,2.004676780563624,1.236433701309239,2.9775685365661952,0.523959836088179
1003,0.9432432432432436,0.8211360156386067,0.8442205940965464,0.8528660977277522,0.7708391606010039,0.0540540540540561,0.1073844115208093,0.1089614919640648,0.1068306051549797,0.1082470660552574,0.0816699323528462,0.1066633283500976,0.2110128548811629,0.0957420859085685,0.1251717786009884,1.999276398604482,1.236433701309239,2.9775685365661952,0.5464953384349767
1004,0.9445945945945948,0.8218131209331514,0.8439541218153859,0.8504781452471498,0.770013235770318,0.0540540540540561,0.1073325780782818,0.1088016840928871,0.1068184396060268,0.1081011930262492,0.0816477526337105,0.1066633283500975,0.2110128548811629,0.095252983184982,0.1245205900277077,1.994356257762595,1.236433701309239,2.9775685365661952,0.5898143800289198
1005,0.9437837837837842,0.82122977874583,0.8415410556022458,0.8513314294918405,0.7689046932641008,0.0540540540540561,0.1078844222886684,0.1086524038047779,0.1068071490848147,0.1082498395079371,0.0817089919993903,0.1066633283500974,0.2110128548811629,0.0953959932274085,0.1248280101098354,1.996650252278372,1.236433701309239,2.9775685365661952,0.62839053330457
1006,0.9448648648648654,0.8219919903460534,0.8421852224727434,0.8492132311999512,0.7685772857381423,0.0540540540540561,0.1078008728197041,0.1085130343277833,0.106796672015381,0.1081342788170286,0.0819011554360804,0.1066633283500975,0.2110128548811629,0.0948660243744696,0.1241075732440942,2.012001361779168,1.236433701309239,2.9775685365661952,0.6237699137423591
1007,0.945405405405406,0.8212971416733388,0.843588986034216,0.848444265809778,0.7685034084216514,0.0540540540540561,0.1083227005666736,0.108382985026036,0.106786950964445,0.1083094649217899,0.081862716523591,0.1066633283500975,0.2110128548811629,0.0951017108856862,0.1245415080433243,2.007689367295603,1.236433701309239,2.9775685365661952,0.649814466731304
1008,0.945405405405406,0.8222525199212876,0.8432275552665076,0.848207989643138,0.7686953267090584,0.0540540540540561,0.1082107833060297,0.1082616916362706,0.1067779323894759,0.1082152744746523,0.081098008539887,0.1066633283500975,0.2110128548811629,0.0944388510145729,0.1236420884256974,2.0076965907119986,1.236433701309239,2.9775685365661952,0.6583552490461553
1009,0.9451351351351356,0.8233453916081739,0.842975280503039,0.8465396814852766,0.7684729978049001,0.0540540540540561,0.1081058037763292,0.108728234711242,0.1067695663982333,0.108221328589833,0.0813643682439991,0.1066633283500975,0.2110128548811629,0.0936720720456902,0.1226017065036614,1.9996967301408064,1.236433701309239,2.9775685365661952,0.7320103018392978
1010,0.9462162162162168,0.8234203715122986,0.8439691471929066,0.8472879980161538,0.769315282423561,0.0540540540540561,0.108607441280278,0.108585602233549,0.1067618065198504,0.108442757194629,0.0805914536376708,0.1066633283500975,0.2110128548811629,0.0933452495537586,0.1222759078475624,1.994588729207142,1.236433701309239,2.9775685365661952,0.7293376853904364
1011,0.9462162162162168,0.8217074547651667,0.8437876119138987,0.8467409784377006,0.7681220580724464,0.0540540540540561,0.1084765251405935,0.1084522555949365,0.1067546094874144,0.1083443131360712,0.0817815546760705,0.1066633283500975,0.2110128548811629,0.0947230867567937,0.1240542826645363,1.9908119394882824,1.236433701309239,2.9775685365661952,0.7213602094843552
1012,0.9462162162162168,0.8218863512828777,0.8437379675309922,0.8453886388719745,0.7675912449083689,0.0540540540540561,0.1083536871503767,0.1083276623109485,0.1067479350318996,0.1082189619604125,0.0824681386630634,0.1066633283500975,0.2110128548811629,0.094640104438651,0.1239368051419337,2.0054246567860443,1.236433701309239,2.9775685365661952,0.7173658019996093
1013,0.9462162162162164,0.8217156157561386,0.8444355527698442,0.8439257933422806,0.7670880180465817,0.0540540540540561,0.1088385557146599,0.1082113114414154,0.1067417456872327,0.1083416328190914,0.0817307621626168,0.1066633283500975,0.2110128548811629,0.0945149010787132,0.123865106386531,2.0142463095128327,1.236433701309239,2.9775685365661952,0.6981782997869181
1014,0.9475675675675675,0.8221976512534048,0.8453743350477613,0.8438967433343065,0.7677774433865798,0.0540540540540561,0.1086919082460861,0.108102713857252,0.1073360399888189,0.1084319476490135,0.0818336513524351,0.1066633283500975,0.2110128548811629,0.0942395899876591,0.1234563946235516,2.0088623246635238,1.236433701309239,2.9775685365661952,0.7287961437245174
1015,0.9483783783783788,0.8207135900962076,0.843666648352862,0.8431185380910498,0.7660336102502849,0.0540540540540561,0.1091543591710277,0.108001402330914,0.1072919590796394,0.108506860893671,0.0811185731098747,0.1066633283500976,0.2110128548811629,0.0950947411531783,0.1247092303182785,2.0211690006429603,1.236433701309239,2.9775685365661952,0.7246117480562384
1016,0.9491891891891894,0.8217086266930642,0.842280402632196,0.8428605401820016,0.7657395288775006,0.0540540540540561,0.1089866267643451,0.1079069314699349,0.1072504404569529,0.1083582586271947,0.0802289977978959,0.1066633283500975,0.2110128548811629,0.0944336654706734,0.1237980599247635,2.021426264039087,1.236433701309239,2.9775685365661952,0.7178048873968598
1017,0.9489189189189192,0.8219969123410245,0.8410152344419299,0.843044101985731,0.7655028206724225,0.0540540540540561,0.1088292328116258,0.1082939823946868,0.1072113761923083,0.1083712483584874,0.0785499558087692,0.1066633283500975,0.2110128548811629,0.0942893557107931,0.1235884712531626,2.0366657813612576,1.236433701309239,2.9775685365661952,0.7126578472068789
1018,0.948648648648649,0.8219569502566892,0.8379931954561072,0.8409900850019766,0.7632286497769557,0.0540540540540561,0.1086816626636508,0.1081821448571611,0.1071746576962012,0.1081238656837064,0.0794503233320555,0.1066633283500974,0.2110128548811629,0.0944016897120462,0.1237022184114854,2.0387510812501977,1.236433701309239,2.9775685365661952,0.6503708940907785
1019,0.9502702702702704,0.8213281270899979,0.8351299649159478,0.8402729333491031,0.7614933141050294,0.0540540540540561,0.1091346168353931,0.1086775207582089,0.1071401765120035,0.1082937001301086,0.0792170723398103,0.1066633283500974,0.2110128548811629,0.0946445797889254,0.1241045644923052,2.042403813537996,1.236433701309239,2.9775685365661952,0.6476507127322164
1020,0.9508108108108112,0.8209128541864669,0.8350144679606173,0.8388839061605373,0.7605643894246668,0.0540540540540561,0.1089670807017854,0.1085408842685913,0.1071078250194535,0.1081423092179657,0.0797996355559577,0.1066633283500975,0.2110128548811629,0.0950600144575846,0.1246036054626404,2.039784627979176,1.236433701309239,2.9775685365661952,0.6532951093691949
1021,0.9508108108108112,0.8221706792762582,0.8348671167177567,0.8375840734741361,0.7605345846470712,0.0540540540540561,0.1088100184474209,0.1084128182975678,0.1070774970488864,0.1079992157494933,0.0799149088394914,0.1066633283500974,0.2110128548811629,0.0941938770578317,0.1234243115000317,2.040719703376019,1.236433701309239,2.9775685365661952,0.6134481788185049
1022,0.9527027027027032,0.8232286689291938,0.8356626935574311,0.836563273103057,0.7609021392263112,0.0540540540540561,0.1086628893489188,0.1082928732610289,0.1070490884090949,0.1079012765838609,0.0799615736287433,0.1066633283500975,0.2110128548811629,0.0934630422469703,0.1224398863963467,2.0269603156148226,1.236433701309239,2.9775685365661952,0.5924377215336354
1023,0.9524324324324328,0.8241977179938094,0.8357937369837352,0.8377834617186183,0.7619720641628744,0.0540540540540561,0.1085251658543569,0.1081806122478531,0.107022497333023,0.1078591367120506,0.0799581841305858,0.1066633283500976,0.2110128548811629,0.092801965778495,0.1215396990790122,2.033253991227398,1.236433701309239,2.9775685365661952,0.6123353324372212
1024,0.9529729729729732,0.8224828577686121,0.8352325736268572,0.8369045341115873,0.7604133278257124,0.0540540540540561,0.1083963353395056,0.1080756120777156,0.1069976248464514,0.1077305755220939,0.0806067197855642,0.1066633283500975,0.2110128548811629,0.0941790854367548,0.1233189745616352,2.0399983718194354,1.236433701309239,2.9775685365661952,0.6165034402815396
1025,0.9527027027027032,0.8222600756528127,0.8341286519453298,0.8358136581682871,0.7592800736290264,0.0540540540540561,0.1082759015218657,0.1079774641440302,0.1069743750654738,0.1075845514023319,0.080749710667682,0.1066633283500975,0.2110128548811629,0.0944148476742834,0.1236019735862546,2.0376215612722737,1.236433701309239,2.9775685365661952,0.629628158573814
1026,0.9524324324324328,0.8210586863480779,0.83514112444386,0.8338795922349824,0.7582717760435647,0.0540540540540561,0.1087634189447212,0.1078857750562674,0.1069526554289436,0.1076963622659772,0.0807449932563177,0.1066633283500975,0.2110128548811629,0.0950248596389798,0.1245596041795614,2.039011671927409,1.236433701309239,2.9775685365661952,0.5842807882511862
1027,0.9527027027027032,0.8226594486715806,0.8354749106355526,0.8331633161142652,0.7588570583146433,0.0540540540540561,0.1086196005720842,0.1078001670975476,0.1069323768722237,0.107606443657862,0.0802279074534707,0.1066633283500975,0.2110128548811629,0.0938832316012673,0.1230307510423773,2.043448956192783,1.236433701309239,2.9775685365661952,0.5343407901566986
1028,0.953513513513514,0.8218109872175119,0.8340341785087982,0.832058292991485,0.7573171626524023,0.0540540540540561,0.1084849722662026,0.1077202785144045,0.107513487331719,0.1076198142401546,0.0811672588223822,0.1066633283500975,0.2110128548811629,0.0946047821307085,0.1239465266493866,2.0527743997712555,1.236433701309239,2.9775685365661952,0.5272056579143589
1029,0.9529729729729732,0.8224527189677606,0.8338658572996624,0.8298662436592078,0.7567281386859405,0.0540540540540561,0.1083590314983665,0.1076457636560398,0.1080571119805936,0.1076117431223447,0.0804166024819492,0.1066633283500975,0.2110128548811629,0.0941990825426661,0.1233677652830564,2.0559283595417224,1.236433701309239,2.9775685365661952,0.5439621893514205
1030,0.953783783783784,0.8223117855071546,0.8345753053673991,0.8307125130880239,0.7572828360531263,0.0540540540540561,0.1082412924014615,0.1075762929803518,0.1079653139545444,0.107566844888104,0.0807270192721014,0.1066633283500974,0.2110128548811629,0.0943717169165754,0.1235675682921146,2.05217408955497,1.236433701309239,2.9775685365661952,0.5552155902466098
1031,0.9543243243243248,0.822921004866732,0.8354006104437646,0.8311341595065656,0.7580967477008969,0.0540540540540561,0.1081312866722662,0.1075115529436063,0.1078789066366991,0.1075214467711578,0.0807698825351853,0.1066633283500974,0.2110128548811629,0.0939659685891527,0.1230133517971348,2.051167032017812,1.236433701309239,2.9775685365661952,0.5345776877009789
1032,0.953513513513514,0.8229457549455677,0.8318387409606399,0.8322574075937348,0.7575284130378733,0.0540540540540561,0.1080285642295487,0.1092510622962106,0.1077976569088828,0.1077947948754544,0.0811366117549932,0.1066633283500975,0.2110128548811629,0.0940007016202131,0.1230399629396574,2.050904973846221,1.236433701309239,2.9775685365661952,0.5136918361409879
1033,0.953513513513514,0.8204174627526108,0.8319605445963725,0.8329687157941064,0.7565673569116563,0.0540540540540561,0.10853272703556,0.1090786475653395,0.1077213309359689,0.1079378862317635,0.0816248478767998,0.1066633283500975,0.2110128548811629,0.0956147746453433,0.1253161737296092,2.0518142716114283,1.236433701309239,2.9775685365661952,0.507447534123033
1034,0.9527027027027032,0.820533878209993,0.8322596977021103,0.8331677576406099,0.7568231135538374,0.0540540540540561,0.1084045361162092,0.1089166384151068,0.1076496958504421,0.1078531598098815,0.0816965076840947,0.1066633283500975,0.2110128548811629,0.0956125182203157,0.1252638537319023,2.059698979709511,1.236433701309239,2.9775685365661952,0.5535950506952777
1035,0.9540540540540544,0.8193689136273443,0.833659108459999,0.8348261626376224,0.7575526126242557,0.0540540540540561,0.1082845655452025,0.1087645427134553,0.107582521223964,0.1078575551930455,0.0814242849261582,0.1066633283500975,0.2110128548811629,0.0965760884647177,0.1264888036000543,2.0335710752957272,1.236433701309239,2.9775685365661952,0.5458525670273606
1036,0.953513513513514,0.81741353271546,0.8344918298050588,0.8359161241576727,0.7574305250647826,0.0540540540540561,0.1087723941194883,0.1086218746174859,0.1075195803343032,0.1080407426009867,0.0819941285672083,0.1066633283500976,0.2110128548811629,0.0977847212820657,0.1282002702247956,2.0384912536543887,1.236433701309239,2.9775685365661952,0.5656474768447888
1037,0.953513513513514,0.8175935810783551,0.8352555294235234,0.83530110613199,0.7575376890523086,0.0540540540540561,0.1086287568386414,0.108488156856888,0.1074606512386069,0.1079499095583285,0.0815205617222085,0.1066633283500975,0.2110128548811629,0.0977252762051362,0.1280920405023241,2.030564909456089,1.236433701309239,2.9775685365661952,0.60118985315015
1038,0.9540540540540546,0.8190365953009244,0.8361369891716015,0.8347207918694488,0.75833162085507,0.0540540540540561,0.1084941994313595,0.1083629226946755,0.1074055176658556,0.1078675090022711,0.0808099266472929,0.1066633283500975,0.2110128548811629,0.09671271596591,0.1267163049833955,2.0308943575728184,1.236433701309239,2.9775685365661952,0.5762328705276105
1039,0.9540540540540544,0.8189240162580014,0.8369645626065824,0.8344741839440566,0.7585147925939324,0.0540540540540561,0.1083682371501713,0.1082457175783481,0.1073539697425705,0.1077971752447641,0.0817100209097896,0.1066633283500975,0.2110128548811629,0.096870500773162,0.126891865166913,2.0176113447143744,1.236433701309239,2.9775685365661952,0.5506947686187071
1040,0.9548648648648654,0.8169274167932685,0.8374511711800126,0.8366644595498278,0.7588283669572679,0.0540540540540561,0.1088504333161616,0.1081361004986432,0.1073058045665065,0.108025923028742,0.0811198265778871,0.1066633283500975,0.2110128548811629,0.0980486744742207,0.1286473665486506,2.024683549452437,1.236433701309239,2.9775685365661952,0.5387900558918427
1041,0.954324324324325,0.817723096287901,0.8391840828094859,0.8355647932199589,0.7593686849557342,0.0540540540540561,0.1087015071245754,0.1080336450759558,0.1072608266432808,0.1079530724607135,0.0800074559589544,0.1066633283500975,0.2110128548811629,0.0975470527856867,0.1279261501498114,2.020644610277209,1.236433701309239,2.9775685365661952,0.5170908653031916
1042,0.9551351351351358,0.8175422291465142,0.8391072547791518,0.8356644376579955,0.7592140130880384,0.0540540540540561,0.1085619883525026,0.1079379403964112,0.1072188482007185,0.1078761715779488,0.0799367634365667,0.1066633283500975,0.2110128548811629,0.0977803876527411,0.1281767766772345,2.005793139218679,1.236433701309239,2.9775685365661952,0.5202591340982278
1043,0.955135135135136,0.817881588928573,0.8389504569696199,0.8354588457429902,0.7592065440825668,0.0540540540540561,0.1084313763092691,0.1078485916206261,0.107179689395254,0.1077831185465951,0.0802441229609885,0.1066633283500975,0.2110128548811629,0.0976031479163607,0.1279027229167923,1.995888862516884,1.236433701309239,2.9775685365661952,0.5406228926842493
1044,0.954864864864866,0.8175050777096129,0.8393891695370612,0.8356654267161876,0.7591653519833218,0.0540540540540561,0.1089092185130607,0.1077652203885208,0.1071431784240504,0.1079504508164792,0.0809477622245569,0.1066633283500975,0.2110128548811629,0.0976708040854617,0.1280403130338564,2.003857191960656,1.236433701309239,2.9775685365661952,0.5449544741290353
1045,0.9554054054054064,0.8180464937002838,0.8389969286310773,0.8355728203133647,0.7592352159372426,0.0540540540540561,0.1087562186065755,0.1076874650432921,0.1071091515556808,0.1078587471830697,0.0807365350906315,0.1066633283500975,0.2110128548811629,0.0973466869013556,0.1275753969964279,1.994174353195815,1.236433701309239,2.9775685365661952,0.5558414118266078
1046,0.955135135135136,0.8174609454067857,0.8388191332825194,0.8380566810236423,0.7599384477050386,0.0540540540540561,0.1086128911549448,0.1076149806969405,0.1070774530912875,0.1078552512822885,0.0805980679007353,0.1066633283500974,0.2110128548811629,0.0978705332499977,0.1282326090157419,2.000666247144583,1.236433701309239,2.9775685365661952,0.5227102028725915
1047,0.9548648648648655,0.8171555038808758,0.8395150505514253,0.83810897734733,0.760071121070039,0.0540540540540561,0.1084787206686096,0.1075474391586874,0.1070479352671512,0.1078044722299487,0.0810865829890591,0.1066633283500976,0.2110128548811629,0.0981899977942352,0.1286051357848195,1.998484919076856,1.236433701309239,2.9775685365661952,0.525412251080269
1048,0.955135135135136,0.8136193812343301,0.8410009131064424,0.8393416186715182,0.7595442726315114,0.0540540540540561,0.1095532737198655,0.1074845287463108,0.1070204581085996,0.1082676699022573,0.0821054169526792,0.1066633283500975,0.2110128548811629,0.1002652460105513,0.1316039819057372,1.9961521905113369,1.236433701309239,2.9775685365661952,0.5110486825935268
1049,0.9545945945945956,0.8137738303063915,0.8413979122697371,0.8396634692244314,0.7599025374221778,0.0540540540540561,0.1093584136788867,0.107425953998957,0.1069948892441843,0.1082131400354745,0.0821959593154741,0.1066633283500975,0.2110128548811629,0.1002831031739346,0.1315469628541647,2.002181598467177,1.236433701309239,2.9775685365661952,0.5174580213411272
1050,0.955135135135136,0.813447083923625,0.8426554377680199,0.8393950937720405,0.7601813570794722,0.0540540540540561,0.1091756094561902,0.1073714353084235,0.1069711036880844,0.1081574275218829,0.0829542519646054,0.1066633283500974,0.2110128548811629,0.1006221154110131,0.1319651113482798,1.987665064204067,1.236433701309239,2.9775685365661952,0.5665963307536932
1051,0.9545945945945954,0.8138284573301635,0.8432616811211718,0.8410320888097815,0.761460875078421,0.0540540540540561,0.1096042863006926,0.1073207084843091,0.1069489835977712,0.1083854275874944,0.0825093770294333,0.1066633283500974,0.2110128548811629,0.1000611340831261,0.1313693995194902,1.989884483479964,1.236433701309239,2.9775685365661952,0.5392307282523268
1052,0.9554054054054062,0.8147663725279766,0.8454742939576414,0.8412364370202691,0.7629781867257879,0.0540540540540561,0.1094050228488244,0.1072735242668397,0.1069284180130927,0.1083718468378624,0.0820093067648178,0.1066633283500975,0.2110128548811629,0.0994617799988585,0.1305311160476112,1.982592020039736,1.236433701309239,2.9775685365661952,0.5250143849792895
1053,0.956216216216217,0.8145359209762837,0.845206308291403,0.8422156933234022,0.7631595900389486,0.0540540540540561,0.1098182405363135,0.1072296477996304,0.1069093025821301,0.108540067905057,0.0811363315577687,0.1066633283500976,0.2110128548811629,0.0993950124687625,0.1305549587555594,1.97762467254166,1.236433701309239,2.9775685365661952,0.5550761616705835
1054,0.9556756756756768,0.8128684649867831,0.8445884318394532,0.8429473336514497,0.7621623432183035,0.0540540540540561,0.110180734043759,0.1071888580731745,0.1068915392784329,0.1086584330238277,0.0817700197912679,0.1066633283500975,0.2110128548811629,0.1005074302944974,0.1320411679913377,1.973396995407692,1.236433701309239,2.9775685365661952,0.5493557830669284
1055,0.9543243243243252,0.8126664795090872,0.8461037733427074,0.8431533928810326,0.7627792882936701,0.0540540540540561,0.1099432985241633,0.1071509473484568,0.1068750361135613,0.1086135092093332,0.0817002619709472,0.1066633283500975,0.2110128548811629,0.1007981735508892,0.1323618712288311,1.9757684361405092,1.236433701309239,2.9775685365661952,0.5510239039224725
1056,0.9537837837837848,0.8118816188394071,0.8470177380574859,0.8437448964259103,0.7631118596153343,0.0540540540540561,0.1103173366339488,0.1071157205688079,0.1068597068482565,0.108798850299259,0.0819767832273814,0.1066633283500975,0.2110128548811629,0.1011705637313322,0.1329597128436186,1.9771156856354155,1.236433701309239,2.9775685365661952,0.522676807342355
1057,0.9516216216216226,0.8111312320677101,0.8476212371776991,0.8409946552595307,0.7615128334201094,0.0540540540540561,0.1100700639795425,0.1070829947669271,0.1080455374713441,0.1090308534477195,0.0825043865965044,0.1066633283500974,0.2110128548811629,0.1018827925050253,0.1338337359425188,1.987341973519783,1.236433701309239,2.9775685365661952,0.5383820295880433
1058,0.9518918918918928,0.8116967498033668,0.8481265254226988,0.841305828146904,0.7621319042988497,0.0540540540540561,0.1098381909706991,0.1070525984729334,0.1079547994708215,0.1089237880219675,0.0828341792282897,0.1066633283500976,0.2110128548811629,0.1015949000896911,0.1333841547112835,1.9721555469155811,1.236433701309239,2.9775685365661952,0.5774546770435232
1059,0.9508108108108116,0.8127584901966654,0.8492827453519002,0.8413647185604041,0.7631747199564378,0.0540540540540561,0.109620930568879,0.107024371128333,0.1078693573828001,0.1088490903837934,0.0833875071465147,0.1066633283500974,0.2110128548811629,0.1009115631091713,0.1324310445188951,1.969822191775259,1.236433701309239,2.9775685365661952,0.5069561771769034
1060,0.950540540540541,0.8116723121480802,0.8486280621468754,0.8429505174401545,0.7632472188767592,0.0540540540540561,0.1094175137217346,0.1075981958930946,0.107788985263023,0.1088763946295152,0.0833182327795592,0.1066633283500975,0.2110128548811629,0.101855409496957,0.1336189309910523,1.975933440806864,1.236433701309239,2.9775685365661952,0.4875558387687816
1061,0.9500000000000004,0.8127250373399996,0.8474350165685626,0.8434477834065838,0.7635032728197751,0.0540540540540561,0.1092271921010793,0.107535105860181,0.1077134562430594,0.108749924009229,0.0822096941323808,0.1066633283500974,0.2110128548811629,0.1011636359660529,0.1326613666094606,1.9740366809580885,1.236433701309239,2.9775685365661952,0.5119845918005168
1062,0.9502702702702704,0.8114229601253105,0.8486384601869905,0.8446007108617699,0.7638719862959243,0.0540540540540561,0.1090492403277441,0.107475937422023,0.1076425441350806,0.1087240567178662,0.0827395522034223,0.1066633283500975,0.2110128548811629,0.1022616356761105,0.1340524197108173,1.9667224312893168,1.236433701309239,2.9775685365661952,0.4964792233350883
1063,0.9494594594594598,0.8125400210713438,0.848729118358128,0.8463353467020562,0.7651712378134736,0.0540540540540561,0.1088829577252981,0.1074204881125659,0.107576024848486,0.1086763392563036,0.0817796386876959,0.1066633283500975,0.2110128548811629,0.1015054278265948,0.1330185000660071,1.9495527319732489,1.236433701309239,2.9775685365661952,0.5315732233882963
1064,0.94972972972973,0.8118036474181803,0.8499600194372873,0.8478155512039507,0.7660308907223335,0.0540540540540561,0.1087276696460924,0.1073685610068475,0.1075136776220223,0.1086703522507357,0.0822956053723044,0.1066633283500975,0.2110128548811629,0.1021478413399951,0.1338325177587734,1.939631908496129,1.236433701309239,2.9775685365661952,0.5607982370493305
1065,0.9494594594594598,0.8125504945091445,0.8489575345267287,0.8478416087010995,0.7661924002716834,0.0540540540540561,0.1085827284133554,0.1079199985329514,0.1074552860782827,0.1086907028874833,0.0818768853082015,0.1066633283500975,0.2110128548811629,0.1016614096808964,0.1331581412841774,1.946387612600824,1.236433701309239,2.9775685365661952,0.5664260611808318
1066,0.9486486486486492,0.8137696851270713,0.8504754906622352,0.8486001489866362,0.7677812615318352,0.0540540540540561,0.108447513922356,0.1078357896556201,0.1074006391099389,0.1086656991612322,0.08275749960523,0.1066633283500975,0.2110128548811629,0.1007959763494808,0.132006557911751,1.93375537789508,1.236433701309239,2.9775685365661952,0.5843776282191476
1067,0.9494594594594598,0.8142943879499634,0.8510033450620498,0.8481105058795074,0.7680823217097938,0.0540540540540561,0.1083214339421655,0.1077567240078488,0.1073495316088268,0.108582353788332,0.0830287733629043,0.1066633283500975,0.2110128548811629,0.1004608029734603,0.1315448950789538,1.936751866973096,1.236433701309239,2.9775685365661952,0.5713951909781598
1068,0.9478378378378384,0.8148985288912214,0.8528322709280179,0.8457905166027915,0.7682963942336992,0.0540540540540561,0.1082039241574884,0.1076825505217565,0.1079017906268345,0.1086245801852326,0.0826932870192236,0.1066633283500974,0.2110128548811629,0.1000582365116982,0.1309995090300341,1.935265354520352,1.236433701309239,2.9775685365661952,0.5442866645119573
1069,0.9481081081081084,0.8171128413682617,0.8511678594832834,0.8477592831854439,0.7695750469243715,0.0540540540540561,0.1086204870438804,0.1082001296964006,0.1078184144061416,0.108881483339582,0.0828626477497661,0.1066633283500975,0.2110128548811629,0.098156357385952,0.1285769151097978,1.9307301856279977,1.236433701309239,2.9775685365661952,0.5378743441399116
1070,0.9478378378378384,0.8179273366823108,0.8507857323880593,0.8471189579833838,0.7697413407000449,0.0540540540540561,0.1084851396637949,0.1086972282017553,0.1077401780214875,0.1088932426025055,0.0819626995271226,0.1066633283500976,0.2110128548811629,0.0975996789555817,0.1278300934857913,1.947614905229493,1.236433701309239,2.9775685365661952,0.521073623243444
1071,0.9481081081081086,0.8182046229639011,0.8507205238744991,0.8488360193457097,0.7705828463958879,0.0540540540540561,0.1083586254693498,0.1085618076094637,0.1076668250165037,0.1088420355080145,0.0816591472566053,0.1066633283500975,0.2110128548811629,0.0974547159700609,0.1276160643014235,1.9465292148927709,1.236433701309239,2.9775685365661952,0.5286216469159156
1072,0.9472972972972984,0.8189571423204469,0.8506463071425354,0.8488766149858111,0.77090000659087,0.0540540540540561,0.1082404349601855,0.1084345324223259,0.10759810402135,0.1087476903547254,0.0823373809419576,0.1066633283500975,0.2110128548811629,0.0969486921371749,0.1269226401994603,1.943408315605272,1.236433701309239,2.9775685365661952,0.5320926195613893
1073,0.94891891891892,0.8197796889380318,0.8514002393059625,0.8490470336178931,0.7716987971510367,0.0540540540540561,0.1081300796708688,0.1083150240658714,0.1075337697357049,0.1086856607317949,0.0813207968227135,0.1066633283500975,0.2110128548811629,0.0963752018780819,0.1261552712265335,1.949532912112691,1.236433701309239,2.9775685365661952,0.5303192447122157
1074,0.9470270270270282,0.8202347379043676,0.8496803665762954,0.8483303231508462,0.7708044236872845,0.0540540540540561,0.1080270923588362,0.1082029071940677,0.1074735837430975,0.1085262156169589,0.0816166317500341,0.1066633283500975,0.2110128548811629,0.0960906222933797,0.1257517159162141,1.9563551552103304,1.236433701309239,2.9775685365661952,0.525748548989132
1075,0.9470270270270282,0.8218063706271344,0.849732338909481,0.8498884141159573,0.7722981879265285,0.0540540540540561,0.1079310270293786,0.1080978117971219,0.1074173151686792,0.1085011495619105,0.0810321141821755,0.1066633283500975,0.2110128548811629,0.0949322725433286,0.1242281158581759,1.946212905863132,1.236433701309239,2.9775685365661952,0.5276863909527733
1076,0.9475675675675684,0.8208869641394854,0.8499311990165398,0.8497624171257979,0.7718524032065309,0.0540540540540561,0.1078414588164779,0.1079993750060308,0.1073647411933694,0.10843153405474,0.0803758497775915,0.1066633283500975,0.2110128548811629,0.0956877922306955,0.1251923064522752,1.938798924128492,1.236433701309239,2.9775685365661952,0.5424829699020043
1077,0.9470270270270282,0.821212604791842,0.8500240708017287,0.8504673750780108,0.7723507942946795,0.0540540540540561,0.1077579837377462,0.1079072426105133,0.1073156474377139,0.1083875529278961,0.0805021625473682,0.1066633283500975,0.2110128548811629,0.0954797707350031,0.1249084033392847,1.952645977669505,1.236433701309239,2.9775685365661952,0.5406805632727631
1078,0.9467567567567576,0.8214275244094176,0.8509399902204628,0.8506932868432695,0.7729251678804814,0.0540540540540561,0.1076802183409295,0.1078210703096973,0.1072698282288506,0.1083549422346764,0.0797743053361324,0.1066633283500976,0.2110128548811629,0.0953647067454674,0.1247323664201172,1.962783620139932,1.236433701309239,2.9775685365661952,0.5499525664543019
1079,0.9472972972972982,0.8227048489082827,0.8529415827308727,0.8494622798048893,0.7738702293124748,0.0540540540540561,0.1076077992584826,0.1077405247167046,0.1072270867637457,0.1083161628908668,0.0795047419143704,0.1066633283500975,0.2110128548811629,0.0944293352271254,0.1234912514624758,1.960001903726004,1.236433701309239,2.9775685365661952,0.5385261892563787
1080,0.9470270270270276,0.8239100297759157,0.8492356024152232,0.8500000260767686,0.7733477347923113,0.0540540540540561,0.1075403826856276,0.1088650672760743,0.1071872351813983,0.1084492361227502,0.078777165487296,0.1066633283500976,0.2110128548811629,0.093544529493904,0.1223197788812704,1.9665980217259305,1.236433701309239,2.9775685365661952,0.5338149736541716
1081,0.9462162162162164,0.8245937509744082,0.8483856253095655,0.8507592782543197,0.7736253735407659,0.0540540540540561,0.1074776437961305,0.1087173237875569,0.1071500945560824,0.1083740344129672,0.0781190351540262,0.1066633283500974,0.2110128548811629,0.0930562773523678,0.1216674271275264,1.9589061696166656,1.236433701309239,2.9775685365661952,0.5362233183451549
1082,0.9462162162162164,0.8246768060110026,0.848316382263675,0.8498586092564416,0.7731760790033019,0.0540540540540561,0.1074192761088047,0.1085786267037443,0.1071154948229369,0.1082759903655363,0.0782997886771092,0.1066633283500975,0.2110128548811629,0.0930219993647579,0.1216135559345952,1.948890759158425,1.236433701309239,2.9775685365661952,0.5616971112806186
1083,0.9462162162162164,0.8260662881820791,0.8482040068565351,0.8512990983176272,0.7743978684826874,0.0540540540540561,0.1073649908165017,0.1084485324328949,0.1070832746463786,0.1082557051257165,0.07880641887722,0.1066633283500975,0.2110128548811629,0.0919845793921424,0.12025121640967,1.958709650711316,1.236433701309239,2.9775685365661952,0.5445757743990167
1084,0.9472972972972974,0.8255972706126667,0.8476642291871599,0.8500789966661337,0.7733270731390023,0.0540540540540561,0.1073145160881153,0.1083266051029496,0.107053281240936,0.1081414698831782,0.0781238473345503,0.1066633283500974,0.2110128548811629,0.0923689872774783,0.1207454713432759,1.953279409880608,1.236433701309239,2.9775685365661952,0.5656833527761302
1085,0.946756756756757,0.8264432196468955,0.8473567580033138,0.8505185750679978,0.7738543597587292,0.0540540540540561,0.1072675963529264,0.1082124184057848,0.1070253701531991,0.1080882780977926,0.0784201403044827,0.1066633283500975,0.2110128548811629,0.0917449092934785,0.119922982176641,1.965345631574296,1.236433701309239,2.9775685365661952,0.5272230950067827
1086,0.9464864864864868,0.8252473267285312,0.8488141935371685,0.8514331742033577,0.7742975528685906,0.0540540540540561,0.1072239915754624,0.1081055571426943,0.1069994050126981,0.1081093387497256,0.0781557110020811,0.1066633283500975,0.2110128548811629,0.0926830450296466,0.1211406774837373,1.9763669576194556,1.236433701309239,2.9775685365661952,0.506173966029815
1087,0.9462162162162168,0.8253023344289072,0.8508471610776702,0.852084573704613,0.7754867549473484,0.0540540540540561,0.1071834765279581,0.10800561849057,0.1069752572586572,0.1081435230876682,0.0775883016694292,0.1066633283500975,0.2110128548811629,0.0926599343705375,0.1211059273071135,1.967246930979876,1.236433701309239,2.9775685365661952,0.5232546364390425
1088,0.9462162162162168,0.8260679285486016,0.8516513055005484,0.8531181087926706,0.7766222374446322,0.0540540540540561,0.1071458400664945,0.1079122130101574,0.1069528058487495,0.1081532463332605,0.0777532110453406,0.1066633283500975,0.2110128548811629,0.0920971378228623,0.1203591514181508,1.9657186890623168,1.236433701309239,2.9775685365661952,0.5427443009082452
1089,0.945675675675676,0.8269795433925716,0.8523653700158695,0.853495840222423,0.7775212714705101,0.0540540540540561,0.1071108844159528,0.1078249654188772,0.1069319369551999,0.1081426761584312,0.0773157327824037,0.1066633283500975,0.2110128548811629,0.0914167540764002,0.1194650143994521,1.9691430736450464,1.236433701309239,2.9775685365661952,0.580222789569492
1090,0.9462162162162168,0.8261612822381391,0.8504214520872172,0.8525286166323305,0.776161212322052,0.0540540540540561,0.1076784578512337,0.108943572098822,0.1069125436528694,0.108540679834851,0.0769181010417972,0.1066633283500974,0.2110128548811629,0.0916613569988376,0.1199994888362439,1.9740616977014545,1.236433701309239,2.9775685365661952,0.5917354672631189
1091,0.946486486486487,0.8240498362094683,0.8498273201075296,0.8525991486759661,0.7750707117721504,0.0540540540540561,0.1082095941725192,0.1087900550193279,0.106894525603284,0.1086963423052258,0.0770729862128709,0.1066633283500975,0.2110128548811629,0.0929128912003824,0.1218453667042719,1.9792999055034632,1.236433701309239,2.9775685365661952,0.6050080808818021
1092,0.9470270270270276,0.824370014666482,0.8512387369985821,0.8529599633742044,0.775982893877683,0.0540540540540561,0.1081062727303489,0.1086460086344191,0.1068777887379791,0.1086743542523127,0.07730922007917,0.1066633283500975,0.2110128548811629,0.092724277587594,0.1215768489683435,1.978497449246499,1.236433701309239,2.9775685365661952,0.5968885642819263
1093,0.9464864864864873,0.8253574021044503,0.8506406217472045,0.8539860741455527,0.7766092002185816,0.0540540540540561,0.1080092300662899,0.1085109582349542,0.1068622449439772,0.1086186127385997,0.0764859464299287,0.1066633283500975,0.2110128548811629,0.0920462398750331,0.1206379828624044,1.9887738254543088,1.236433701309239,2.9775685365661952,0.5543814177727864
1094,0.9467567567567576,0.8231554975468132,0.8501386094541917,0.8538315334206675,0.7754624578463749,0.0540540540540561,0.1085181959560854,0.1088768399381846,0.1068478117537394,0.1088615219653347,0.0759694999178599,0.1066633283500975,0.2110128548811629,0.0933909507451811,0.1225854044751441,1.990326971768317,1.236433701309239,2.9775685365661952,0.564119501113613
1095,0.9467567567567572,0.8242758959956812,0.8494974921561149,0.8537611149794232,0.7756327872977324,0.0540540540540561,0.1083940454295582,0.1087273880235086,0.1068344120414936,0.10875345723713,0.076588410411989,0.1066633283500975,0.2110128548811629,0.0926232812865541,0.1215270812895398,1.9868342562934789,1.236433701309239,2.9775685365661952,0.5507556064809255
1096,0.9478378378378384,0.8247233584551994,0.8513217000953582,0.8518686090108083,0.7758893143617158,0.0540540540540561,0.108277453872784,0.1085872025681283,0.1074220071106335,0.1088205898034765,0.07653171516597,0.1066633283500974,0.2110128548811629,0.092363700828263,0.1211379146084088,1.9877145477374,1.236433701309239,2.9775685365661952,0.552800154079154
1097,0.9478378378378384,0.8251728042309255,0.8520786723571089,0.8508181114457756,0.7759372559302523,0.0540540540540561,0.1081680564175118,0.1084558147488605,0.1073717031844634,0.1087327400877817,0.0761488992649742,0.1066633283500975,0.2110128548811629,0.092092923128891,0.1207431675603188,1.9826824526437967,1.236433701309239,2.9775685365661952,0.5686134048257102
1098,0.9472972972972978,0.8258322377545346,0.8531686314074741,0.8508930024987995,0.7767262526719013,0.0540540540540561,0.1080654937033571,0.1083327658948985,0.1073244050430989,0.108689980364526,0.0763049039902835,0.1066633283500975,0.2110128548811629,0.0916558838426069,0.1201350153937868,1.994286926461981,1.236433701309239,2.9775685365661952,0.5585990411366186
1099,0.9470270270270278,0.8245210304899939,0.8537222572277571,0.8507731257320902,0.7761881505553622,0.0540540540540561,0.1079694135021063,0.1082176091753101,0.1072799741287999,0.1086300548337639,0.0769338639930787,0.1066633283500975,0.2110128548811629,0.0927267546156205,0.1214942627589532,1.9991072586463332,1.236433701309239,2.9775685365661952,0.5507140898369974
1100,0.9472972972972982,0.8252779403196295,0.853594262647509,0.8514295512722664,0.7767216582227195,0.0540540540540561,0.1078794720953086,0.1081099109834451,0.1072382732006509,0.1085758543606706,0.0765517900947343,0.1066633283500975,0.2110128548811629,0.0922078506878087,0.1207823236327158,1.9910582535155876,1.236433701309239,2.9775685365661952,0.5694976157530741
1101,0.9497297297297302,0.8255407796765034,0.8515478338001273,0.8516472714384057,0.7759805051966966,0.0540540540540561,0.1077953354180374,0.1080092520411942,0.1071991670203674,0.1084581351772655,0.0758797039385406,0.1066633283500975,0.2110128548811629,0.0920633838219772,0.1205615526144777,1.9954502039886484,1.236433701309239,2.9775685365661952,0.5784914502392482
1102,0.94945945945946,0.8256023068119245,0.852024856234778,0.8520084651961374,0.7763304810690822,0.0540540540540561,0.1077166799842608,0.1079152282473537,0.1071625229506561,0.1084222795113185,0.0747764377405984,0.1066633283500975,0.2110128548811629,0.0920684365419737,0.1205393531959453,1.997935256528102,1.236433701309239,2.9775685365661952,0.5626062247403795
1103,0.94972972972973,0.8251488221064999,0.8511633803232176,0.851131443887957,0.7752974765200455,0.0540540540540561,0.107643193610974,0.107827451294909,0.1071282114677256,0.1083128644553378,0.0749157499129694,0.1066633283500975,0.2110128548811629,0.0924640360194718,0.1210295810880129,1.9998953777497848,1.236433701309239,2.9775685365661952,0.556860223808877
1104,0.9500000000000004,0.8250772436365874,0.8500472720553064,0.8499543534854679,0.7742086611336646,0.0540540540540561,0.1075745759592085,0.1077455490819524,0.1070961065911431,0.1081824866610966,0.0759159737718083,0.1066633283500975,0.2110128548811629,0.0925624084871507,0.1211354683838082,1.9964226298885013,1.236433701309239,2.9775685365661952,0.5731648918858981
1105,0.9500000000000002,0.8246502366381935,0.84946750362593,0.850963884460779,0.7741345514917719,0.0540540540540561,0.1075105389103947,0.1076691659403645,0.1070660862354598,0.1081410489519686,0.0769604034037743,0.1066633283500974,0.2110128548811629,0.0929342101834191,0.1215944939066088,1.9887985010628293,1.236433701309239,2.9775685365661952,0.5624934041804726
1106,0.9494594594594596,0.8256373782757136,0.850501687519599,0.8520743685486992,0.775501762701449,0.0540540540540561,0.1074508067964192,0.1075979627053896,0.1070380324888996,0.1081585698340615,0.0768005332941185,0.1066633283500975,0.2110128548811629,0.0922206931550538,0.1206372183260765,1.9887045502817733,1.236433701309239,2.9775685365661952,0.5620792901583688
1107,0.94972972972973,0.825462172763428,0.850468004418678,0.8516459117950249,0.7751757910526993,0.0540540540540561,0.1073951165011964,0.1075316166479673,0.1070118318249911,0.1080988505863587,0.0776137813606584,0.1066633283500975,0.2110128548811629,0.092393176542053,0.1208402689859738,1.979790699545208,1.236433701309239,2.9775685365661952,0.5293509791806611
1108,0.9491891891891896,0.8276803253260803,0.8501861639939767,0.8509281847690019,0.7758344684812631,0.0540540540540561,0.107343217450761,0.1074698212901926,0.1069873752533399,0.1080255336283266,0.0772105477526525,0.1066633283500975,0.2110128548811629,0.0907240388033655,0.1186480659485398,1.983899296806757,1.236433701309239,2.9775685365661952,0.515954575685969
1109,0.9494594594594596,0.8270663314056178,0.8504747307160221,0.8498571506721022,0.7752496347031332,0.0540540540540561,0.1078949048910367,0.107412286122684,0.1069645584158569,0.1081900815350035,0.077172982087788,0.1066633283500975,0.2110128548811629,0.0908689725103552,0.1189862161488638,1.979444675217126,1.236433701309239,2.9775685365661952,0.4779271664401001
1110,0.9494594594594596,0.8277030321457878,0.8507033980909722,0.8484812564622122,0.775075902927537,0.0540540540540561,0.1078111264791941,0.1073587362409718,0.1069432816346978,0.1081072181649806,0.0766197361344189,0.1066633283500975,0.2110128548811629,0.0904288210131393,0.1183914046146153,1.9813309981629408,1.236433701309239,2.9775685365661952,0.5299911222232392
1111,0.9481081081081084,0.828517472841526,0.8510696362906619,0.8487433247951615,0.7757070071276053,0.0540540540540561,0.1077326359440953,0.1073089119163482,0.1069234499179819,0.108077898303177,0.0766884126875593,0.1066633283500975,0.2110128548811629,0.0898507619367092,0.1176162091864264,1.984495930465621,1.236433701309239,2.9775685365661952,0.5469077391841567
1112,0.9483783783783788,0.8286493825437385,0.8505324556211105,0.8495820670945778,0.7758702296458244,0.0540540540540561,0.1076591511497717,0.1072625681149805,0.1069049729290717,0.1080422492551947,0.0778615878646472,0.1066633283500974,0.2110128548811629,0.0897994635373825,0.1175210418813761,1.989207425468732,1.236433701309239,2.9775685365661952,0.5665235750236749
1113,0.94918918918919,0.828722241318347,0.8506758892040479,0.8486858674035761,0.7757099593183484,0.0540540540540561,0.1075903986534676,0.1072194739775071,0.1074657693840969,0.1081122072130352,0.0773860859131226,0.1066633283500975,0.2110128548811629,0.0897796624612511,0.1174825593549193,1.9849668525133144,1.236433701309239,2.9775685365661952,0.587684143092222
1114,0.9486486486486492,0.8301218061096278,0.8517167088354498,0.8496022262574612,0.7772287046959669,0.0540540540540561,0.1075261142495976,0.1071794122698393,0.1074126034094413,0.1081226449980824,0.0780898487874076,0.1066633283500975,0.2110128548811629,0.0887534172931623,0.1161151367655729,1.983990896965289,1.236433701309239,2.9775685365661952,0.5834227201102817
1115,0.9483783783783788,0.8312604326177607,0.8510583535313242,0.849759260261535,0.7776060681343168,0.0540540540540561,0.107466043389594,0.1076951587789794,0.1073626051264496,0.1081877591005382,0.0776066808955212,0.1066633283500975,0.2110128548811629,0.0879229288837883,0.1150065456874423,1.978698944598192,1.236433701309239,2.9775685365661952,0.5662399184942538
1116,0.9489189189189194,0.8277895859619206,0.8499953347537467,0.8499509967084715,0.7754869511619787,0.0540540540540561,0.1080099748699314,0.1076252320972426,0.1073156305508798,0.1083378881642768,0.0786514723469371,0.1066633283500975,0.2110128548811629,0.090260729823127,0.1182054266031136,1.981005400212518,1.236433701309239,2.9775685365661952,0.5421773118567949
1117,0.9494594594594602,0.8299786282013214,0.849490596325452,0.8503522910479918,0.7765230596592986,0.0540540540540561,0.1079188478094888,0.107559688907639,0.107271536576777,0.1082778369592763,0.0777297364016904,0.1066633283500975,0.2110128548811629,0.0886377749737556,0.116061947893934,1.9811250001772265,1.236433701309239,2.9775685365661952,0.5392983839548564
1118,0.94918918918919,0.8299345007125144,0.8497955124335863,0.8515181944073049,0.7771149883308476,0.0540540540540561,0.1078334056677685,0.1074982983614549,0.1072301817974777,0.1082688366058442,0.0776761031733491,0.1066633283500975,0.2110128548811629,0.0887255767995691,0.1161487964536014,1.9673696203319888,1.236433701309239,2.9775685365661952,0.5654248211526096
1119,0.9486486486486494,0.829194864910415,0.8511691658702527,0.8502514087233098,0.7767744729613046,0.0540540540540561,0.1077533546366794,0.1074408364913764,0.1071914272176391,0.1082164643833197,0.0773831416796488,0.1072246020433407,0.2114157181119272,0.0893489902259211,0.1169284577712448,1.9641541353658816,1.236433701309239,2.9775685365661952,0.5716892556555073
1120,0.9497297297297304,0.8290480378265589,0.85004857445843,0.8511513257616733,0.7766858715914742,0.0540540540540561,0.1076784084959051,0.1079871200325966,0.1071551368605584,0.1083016482829766,0.0770140736248934,0.1071876041575057,0.2113924804465078,0.0894985182001679,0.1171127579254886,1.9511265479917816,1.236433701309239,2.9775685365661952,0.548099741273274
1121,0.9497297297297302,0.8274442112455516,0.8482434251235194,0.8512499673187353,0.7751952277957638,0.0540540540540561,0.107608289423443,0.108498146931632,0.1071211782763967,0.1083308624358065,0.0775405748144754,0.1071522506221522,0.2113698309018352,0.0907618250977657,0.1187516440427269,1.9399070652904775,1.236433701309239,2.9775685365661952,0.5780446691130421
1122,0.9505405405405412,0.825686791132461,0.8489066033028442,0.8525075344712346,0.7751497099698446,0.0540540540540561,0.1081427620351126,0.1083758573000351,0.1070894229579021,0.1085507987435918,0.0783963463778322,0.1071184341970312,0.2113477481846631,0.0917851169618125,0.1202418278499824,1.944072888084441,1.236433701309239,2.9775685365661952,0.5874339808052965
1123,0.94945945945946,0.8250664642337812,0.8483081242985706,0.8519335081395195,0.7742784902942116,0.0540540540540561,0.1080427406745098,0.1082609458818806,0.1070597466708812,0.1084451237657436,0.0788334821516249,0.1070860567687242,0.211326211749967,0.0923214257375871,0.1209121654289637,1.9429415788741429,1.236433701309239,2.9775685365661952,0.5715311832160189
1124,0.9500000000000008,0.8263175488200492,0.8481848946925706,0.851790903985532,0.7745645538218204,0.0540540540540561,0.1084942436002817,0.1081530654432922,0.1070320297070265,0.1085643699496997,0.0794940708230631,0.1070550283999299,0.211305201813628,0.0911710760533065,0.1194353293798098,1.9462655999841687,1.236433701309239,2.9775685365661952,0.5387218684986959
1125,0.9491891891891896,0.8274476488675471,0.8481495286414645,0.8505481676993577,0.7745715494921744,0.0540540540540561,0.1083715758439719,0.108051872652703,0.107006157066837,0.108460436192247,0.0796553334028065,0.1070252664951679,0.2112846993538767,0.0903796715884291,0.118366563210467,1.940314751896564,1.236433701309239,2.9775685365661952,0.5555206855363501
1126,0.9497297297297302,0.8275429546496049,0.8489260405430725,0.8488900757766722,0.7741784497519937,0.0540540540540561,0.1082563898652868,0.1079570298216624,0.1075820519634631,0.1085501922011575,0.0807462047114732,0.1069966950665966,0.2112646861043038,0.0903709654170959,0.1183288504177514,1.9341784959417505,1.236433701309239,2.9775685365661952,0.5564471511014327
1127,0.9500000000000004,0.8273076640122108,0.8495052443210305,0.849753591969978,0.7747001297396581,0.0540540540540561,0.108148323401744,0.10786820639616,0.1075207826660048,0.1085201222791151,0.0813536956938761,0.1069692440862044,0.211245144540628,0.0906059173863103,0.1186181742869168,1.935285804358384,1.236433701309239,2.9775685365661952,0.5772193773069076
1128,0.9494594594594598,0.8275246133629053,0.8483817813628883,0.8505430176090626,0.7746329740014322,0.0540540540540561,0.1080470196800192,0.1077850802103214,0.1074632164312689,0.1084345690752833,0.081116880956355,0.1069428489127504,0.2112260578629214,0.0904935663430256,0.118451876797085,1.928563262440825,1.236433701309239,2.9775685365661952,0.6083707324434616
1129,0.9502702702702708,0.8283510943630593,0.8491060139960154,0.8515522439803149,0.7758263119455728,0.0540540540540561,0.1079521290624677,0.1077073385171014,0.1074091778522899,0.1084176206181283,0.0810419797906246,0.1069174497835777,0.211207409974617,0.0899107357663397,0.1176728411057066,1.9235961139602584,1.236433701309239,2.9775685365661952,0.5921323052154208
1130,0.9502702702702706,0.8294663871761297,0.8496138439645943,0.8529167352132424,0.7770028681722286,0.0540540540540561,0.1084311319558313,0.1076346788124955,0.1073584937102859,0.1086454564908794,0.0800862974342378,0.1068929913628929,0.2111891854593268,0.0888280724505432,0.1163180468459543,1.9260974917517264,1.236433701309239,2.9775685365661952,0.5849763207761449
1131,0.9500000000000004,0.8281241526147483,0.8495879686673616,0.854657610201733,0.7770888396768209,0.0540540540540561,0.1083116493444267,0.1075668094709486,0.1073109938172585,0.1086198464707206,0.0797323179031938,0.1068694223393238,0.2111713695562643,0.0899122728470228,0.117720022713038,1.922440434353695,1.236433701309239,2.9775685365661952,0.5752166863509443
1132,0.9497297297297302,0.8268593369575116,0.8494630316190215,0.8552734240055321,0.7766943788419678,0.0540540540540561,0.1081995898176318,0.1075034502101635,0.1072665117357195,0.1085659350646584,0.0800000973891426,0.1068466950665966,0.211153948134888,0.0909362627947093,0.119040868133673,1.929142094533046,1.236433701309239,2.9775685365661952,0.550680502392095
1133,0.951621621621622,0.8278965780621904,0.849429101193311,0.854934180757981,0.7770807772681632,0.0540540540540561,0.1080945761819054,0.1074443324035218,0.1072248853817987,0.1084839077452434,0.0789796729468545,0.1068247652420351,0.2111369076692337,0.0901891159249283,0.118056133846857,1.92780747528503,1.236433701309239,2.9775685365661952,0.5837171857418655
1134,0.9500000000000004,0.8278800044244747,0.8494341716344054,0.8545293139575791,0.7769158876604111,0.0540540540540561,0.1079962395748208,0.1073891992579326,0.1071859575191837,0.1084077583036054,0.078200294404854,0.1068035916183207,0.211120235212295,0.0902509255789725,0.1181218757881148,1.938353134519008,1.236433701309239,2.9775685365661952,0.5823652916305484
1135,0.9500000000000006,0.8258407188416779,0.8505646487841063,0.8549536624230094,0.7766492125287382,0.0540540540540561,0.108504254200214,0.1073378058742156,0.1071495761521625,0.1086180056830877,0.0779741356266839,0.1067831357445626,0.2111039183707211,0.0914926089495807,0.1199071540582148,1.937241251075958,1.236433701309239,2.9775685365661952,0.5555878320561586
1136,0.9481081081081086,0.8261524929391061,0.8491085836556684,0.855026145699503,0.7763134950517997,0.0540540540540561,0.1083794452087255,0.107889952589349,0.107115594826527,0.108646944875199,0.0775773060277469,0.1067633617332633,0.2110879452800329,0.0913310770759856,0.1196577844565311,1.944078415251547,1.236433701309239,2.9775685365661952,0.5298330628573222
1137,0.9483783783783788,0.8249956633256298,0.8490177235620849,0.8559340461239344,0.7760186302768995,0.0540540540540561,0.1082624434858095,0.107806591626738,0.1070838728472958,0.1085980346380222,0.0774844545114774,0.106744236050203,0.2110723045804996,0.0922869789608686,0.1208731149314656,1.95214502903206,1.236433701309239,2.9775685365661952,0.5737207995621323
1138,0.9491891891891896,0.8245343785876895,0.8481805555536975,0.8554270329620549,0.7751889092547282,0.0540540540540561,0.1081528446897082,0.1077284808102811,0.1070542754221929,0.108491000274446,0.0777142909771075,0.106725727324661,0.2110569853937823,0.0927055083262656,0.1213891990674563,1.9531199628801992,1.236433701309239,2.9775685365661952,0.5760639621696113
1139,0.9489189189189194,0.8239568078465171,0.8484639258053782,0.8562563964195601,0.7754123761482786,0.0540540540540561,0.1086502873975469,0.1076553416764991,0.1070266737395968,0.1086937088300957,0.0773696682162695,0.1067078061777076,0.2110419773004093,0.0928798010723854,0.1217180484547097,1.963799370162028,1.236433701309239,2.9775685365661952,0.5731043880688005
1140,0.9502702702702708,0.8242748951578679,0.8477197381260159,0.8571433277137523,0.7755665106587252,0.0540540540540561,0.1085155636778591,0.107586904076587,0.1070009449893223,0.1086224738534751,0.0778784492551679,0.1066904450665966,0.2110272703181293,0.0927212382816971,0.1214673230032029,1.9596522779361925,1.236433701309239,2.9775685365661952,0.5659401141797659
1141,0.9497297297297302,0.8238110749632436,0.8489351293971344,0.8563298423334125,0.7754899074868652,0.0540540540540561,0.1083892701015056,0.1075229067600758,0.1069769723341274,0.1085701593622703,0.0783769113694347,0.1066736181435197,0.2110128548811629,0.0931586907489083,0.1219942899860036,1.9635488546738915,1.236433701309239,2.9775685365661952,0.5464085359206436
1142,0.9500000000000006,0.8244248951307952,0.8481297489654495,0.8562350619437553,0.7753948712168706,0.0540540540540561,0.1082709695378666,0.1074630978304185,0.1069546448393076,0.108477654207191,0.0775203155615826,0.1066573011272026,0.2109987218203591,0.0927491626062349,0.1214396201002718,1.9850165667704296,1.236433701309239,2.9775685365661952,0.5437846348080356
1143,0.9491891891891896,0.8243108537523596,0.846694581151433,0.8552139316846052,0.7744115909595739,0.0540540540540561,0.1081602359584346,0.1080072681734587,0.1069338573671501,0.1084795057893742,0.0779261722817173,0.1066414711859995,0.2109848623442543,0.0929004587166457,0.1216090282684231,1.9775981712507305,1.236433701309239,2.9775685365661952,0.5414425365799339
1144,0.9502702702702708,0.8243095202078727,0.8470218705943595,0.8549215977056365,0.7744435772200298,0.0540540540540561,0.1080566557543071,0.1079163596516694,0.1069145104424255,0.1084167393875119,0.07919203169912,0.1066261068313025,0.2109712680210168,0.0929527100586204,0.1216621519149737,1.9852675204842367,1.236433701309239,2.9775685365661952,0.5307485735902042
1145,0.9500000000000006,0.8259056808998042,0.8458944331184509,0.8547914284113876,0.7746768940705067,0.0540540540540561,0.1079598287933726,0.1078311173322233,0.1068965100944824,0.1083183986077945,0.0790741668200464,0.1066111878202197,0.2109579307612581,0.0917866818869047,0.1201144047035088,1.9830674238337715,1.236433701309239,2.9775685365661952,0.5154808126460488
1146,0.9518918918918922,0.8247216024741555,0.8460417834333941,0.8553111392206625,0.7744464567247078,0.0540540540540561,0.1084289612328817,0.1077512491361104,0.1068797676809175,0.1084803032218761,0.0797263499254692,0.1065966950665965,0.2109448428016857,0.0923954582070701,0.1210639169094032,1.984156256997235,1.236433701309239,2.9775685365661952,0.5383071809683415
1147,0.9513513513513518,0.8252722858441239,0.8467756031972864,0.8550511620797897,0.7749078631726277,0.0540540540540561,0.1083086903665672,0.1076764703992521,0.1068641996972233,0.1084332380493588,0.0798223326488299,0.1065826105595542,0.2109319966895675,0.0920463147961175,0.1205733689725923,1.9844788460921683,1.236433701309239,2.9775685365661952,0.5400325949007273
1148,0.951621621621622,0.824643993704011,0.8471442941657592,0.8555314823576093,0.774969014720215,0.0540540540540561,0.1081960210558232,0.1076065047013952,0.1068497275762683,0.1083973241222094,0.0791181102554628,0.1065689172888187,0.210919385267978,0.0925819121392897,0.121257995768077,1.9823923569985904,1.236433701309239,2.9775685365661952,0.537614155697233
1149,0.9518918918918924,0.8241606349330758,0.8470178963410043,0.8563555277745766,0.7750336814472153,0.0540540540540561,0.1080905485266425,0.1075410845388188,0.1068362774809642,0.1083579700442909,0.0790599420801561,0.1065555991761856,0.2109070016617937,0.0930055384606902,0.1217940908036028,1.9810593943689156,1.236433701309239,2.9775685365661952,0.5461501187449757
1150,0.9518918918918924,0.8232821507587249,0.847155905756929,0.8572622208826661,0.7750294678299032,0.0540540540540561,0.1079918799297619,0.107479951851454,0.1068237800930028,0.1083360998238162,0.0794167709120127,0.1065426410125425,0.2108948392644047,0.0937349002765119,0.1227219092763939,1.9863356406506616,1.236433701309239,2.9775685365661952,0.528720425136597
1151,0.9508108108108112,0.8214175381518173,0.8479628476652814,0.8567219680483238,0.7743275059493968,0.0540540540540561,0.1084996197864111,0.1074228584160617,0.1068121704001192,0.1085146723749035,0.0790557849451806,0.1065300283999299,0.2108828917251091,0.0948306517801805,0.1243326519549772,1.9963667834915404,1.236433701309239,2.9775685365661952,0.5632559642944055
1152,0.9502702702702704,0.8208149512726054,0.8481421271933662,0.8569643166729367,0.7741868966229779,0.0540540540540561,0.1083746766572414,0.1073695661177157,0.1068013874839514,0.1084718559221792,0.0790074817468038,0.1065177476981755,0.210871152937159,0.0953686341450412,0.1249977103987736,1.994764053263777,1.236433701309239,2.9775685365661952,0.5807789067345195
1153,0.9497297297297298,0.8211942218420475,0.8491623805092129,0.8587258156209276,0.7755247248043879,0.0540540540540561,0.1082576132044044,0.107319847112057,0.1067913743102206,0.1085026566709772,0.0777264485810897,0.1065057859756874,0.2108596170264235,0.0951630927578117,0.1246769715557501,1.998871972142918,1.236433701309239,2.9775685365661952,0.5683710851857307
1154,0.9494594594594596,0.8215111111821999,0.8492714160311974,0.8566086855962162,0.7748260540386177,0.0540540540540561,0.1081480118278701,0.107273483890703,0.1073821109058071,0.1085264696459228,0.0782241077237505,0.1065177476981755,0.210871152937159,0.09499553956117,0.1244148829038648,2.0106293430080053,1.236433701309239,2.9775685365661952,0.5518729223829343
1155,0.94972972972973,0.8219366734437665,0.8498553794039344,0.8570072013375293,0.7755090228655125,0.0540540540540561,0.1080454670114454,0.1072302692618543,0.1073347209349688,0.1084960051889759,0.0781995082930134,0.1065287754671479,0.2108828917251091,0.0947213863684667,0.1240405930505104,2.0157290413845423,1.236433701309239,2.9775685365661952,0.5469040427115006
1156,0.94945945945946,0.8225125503795383,0.8485169841578604,0.8580810295340214,0.7757101322860417,0.0540540540540561,0.1079495863234634,0.1071900062576115,0.1072901254174554,0.1084372676803208,0.0776960862344931,0.1065389459429887,0.2108948392644047,0.0943302477694187,0.1235126564587298,2.0258004147323883,1.236433701309239,2.9775685365661952,0.532388725645345
1157,0.9497297297297302,0.8227572457953429,0.8478103644827191,0.8594882896331311,0.7761205760348355,0.0540540540540561,0.1083350960806594,0.1071525079788484,0.1072482009109017,0.1085699144617218,0.0773009621229369,0.1065483289522956,0.2109070016617937,0.093915151219614,0.1230752061643273,2.034895199223467,1.236433701309239,2.9775685365661952,0.5401868628494576
1158,0.9502702702702708,0.8220449360348931,0.8471697345674569,0.8590061205369903,0.7752352714563224,0.0540540540540561,0.10822162437213,0.1071175973877169,0.1072088242384316,0.108475922482661,0.076925699751051,0.1065569881744016,0.210919385267978,0.0945281110693781,0.1238442517790418,2.039514934832499,1.236433701309239,2.9775685365661952,0.5561614405594071
1159,0.9505405405405408,0.824751339863596,0.849696591379666,0.8601791084415312,0.7781960204161588,0.0540540540540561,0.1081152720191859,0.1070851070570416,0.1071718732433678,0.1085361407312995,0.0754665381817759,0.1065649817481801,0.210919385267978,0.0925345454781075,0.1211910241268111,2.0377588275488576,1.236433701309239,2.9775685365661952,0.5575527003371415
1160,0.9510810810810814,0.8261673046412567,0.8522371186138394,0.8576270437194198,0.778991208326589,0.0540540540540561,0.1080156666680281,0.1070548788850043,0.1077372608357537,0.1086289549441388,0.0747169293221488,0.1065723628098391,0.2109319966895675,0.0915225269894854,0.1198248620247294,2.047893400888117,1.236433701309239,2.9775685365661952,0.550089204636062
1161,0.9502702702702706,0.8258220270556569,0.8510557185714797,0.8576950789930049,0.7784420788462879,0.0540540540540561,0.1079224460205696,0.1070267637826739,0.1082660757139614,0.1086796971196463,0.0753341951093684,0.1065791799707712,0.2109319966895675,0.0918347096815228,0.1202167499340585,2.0497183945231154,1.236433701309239,2.9775685365661952,0.5368691458261104
1162,0.94972972972973,0.8256553430271506,0.8508008046352304,0.858029676327369,0.7783648771975389,0.0540540540540561,0.1078352588378907,0.1070006213410977,0.1081603435948438,0.1086226932907529,0.0753844038496484,0.1065854777431791,0.2109448428016857,0.0920231869109519,0.1204270275539038,2.054558697028927,1.236433701309239,2.9775685365661952,0.5429532798853434
1163,0.9502702702702708,0.8224288196694134,0.8487825434795242,0.8533581533577238,0.7742231617580637,0.0540540540540561,0.1089239758033729,0.1069763194838745,0.1092567919704105,0.1090760898075801,0.0758182113205108,0.1065912969200637,0.2109448428016857,0.0938731200365465,0.1231091924289001,2.0628517791560497,1.236433701309239,2.9775685365661952,0.5451153523686116
1164,0.9500000000000004,0.8226958735300707,0.8486738386774526,0.8517364123925512,0.7736164895207105,0.0540540540540561,0.108772514504931,0.1069537341103693,0.1096860617518857,0.1090757810203349,0.0753031479277749,0.1065966749152208,0.2109448428016857,0.0937680189456634,0.1229178692174637,2.0551078549958843,1.236433701309239,2.9775685365661952,0.5474252333874532
1165,0.9500000000000004,0.8225769973778034,0.8476086994488128,0.8516945627944814,0.7729376633730979,0.0540540540540561,0.1086302966017234,0.1069327487340277,0.1094865503294505,0.1089441393123836,0.0760117886232107,0.1066016460680895,0.2109579307612581,0.0939449093700793,0.1231078543213348,2.051373784397045,1.236433701309239,2.9775685365661952,0.5722316837781445
1166,0.9500000000000002,0.8228743970014735,0.8474005732347948,0.8520738471831946,0.7730610010515626,0.0540540540540561,0.1084968728382744,0.1069132541195963,0.1092987964318688,0.1088535429398431,0.0756446600061798,0.106606241917633,0.2109579307612581,0.0938048171443773,0.1228771665793896,2.047381625052534,1.236433701309239,2.9775685365661952,0.5744811720731388
1167,0.9500000000000002,0.8198154151288538,0.8487820441401334,0.8529793187236246,0.7725458088759174,0.0540540540540561,0.1089718345910926,0.1068951479224617,0.1091222888591445,0.1090463778072541,0.0764283041049603,0.1066104914488623,0.2109579307612581,0.0958106097428108,0.1256986675755997,2.0503024115803847,1.236433701309239,2.9775685365661952,0.5410962474201265
1168,0.9491891891891894,0.82005833908144,0.8483940312385553,0.8536067877041391,0.7726378978963102,0.0540540540540561,0.1088159225882776,0.1068783343327879,0.108956514718442,0.1089523789026082,0.0767036215876119,0.106614421315132,0.2109712680210168,0.0957170725248234,0.1255336996244211,2.0459389841981577,1.236433701309239,2.9775685365661952,0.5632177326985651
1169,0.9508108108108112,0.8208178554975981,0.8487689053186763,0.8526523146602433,0.7727836263991879,0.0540540540540561,0.1086696824603136,0.1074627571098181,0.1088009632530498,0.1089900846871133,0.0767497932301555,0.1066180560389298,0.2109712680210168,0.0952439524279343,0.1248473032722445,2.0425447611648604,1.236433701309239,2.9775685365661952,0.5232660657282777
1170,0.9505405405405408,0.8223346867241075,0.8497788127303444,0.8529931771280193,0.7740655344589894,0.0540540540540561,0.1085326244620453,0.1074095060191967,0.1086551291650565,0.1089417286223086,0.0756251591755536,0.1066214181935302,0.2109712680210168,0.0941814514667851,0.1233990010448701,2.0478592015925714,1.236433701309239,2.9775685365661952,0.5445692315472196
1171,0.951621621621622,0.8226071455519626,0.849819506174522,0.8528058819474483,0.7743522606298459,0.0540540540540561,0.1084042694670326,0.1079595009099062,0.1085185154573187,0.1089919053167115,0.0754250665692603,0.1066245285675855,0.2109712680210168,0.094034016050417,0.1231907197145215,2.040966996489097,1.236433701309239,2.9775685365661952,0.5373933031365695
1172,0.9516216216216216,0.8228948250840261,0.8492554653181812,0.8520935685101827,0.7738799164587998,0.0540540540540561,0.1082841507380066,0.1078737683165174,0.1089906692058233,0.1090068112536813,0.0757986024802667,0.1066274063144709,0.2109848623442543,0.0938902452764763,0.1229630995469703,2.025159828086984,1.236433701309239,2.9775685365661952,0.5732240497595814
1173,0.9518918918918918,0.8246714359911461,0.8500895610947868,0.8526276295403398,0.7753390783174694,0.0540540540540561,0.10817181537766,0.1077931219827653,0.1088322903227611,0.1089524842465234,0.0762874314203504,0.1066300690879765,0.2109848623442543,0.0925960235362803,0.1212426563200241,2.014245752961503,1.236433701309239,2.9775685365661952,0.567609391968995
1174,0.9505405405405404,0.8238698879346735,0.850389895225589,0.8510243572686431,0.7743085912938659,0.0540540540540561,0.1080668254843921,0.1077173340981332,0.1086838870486186,0.1088119739988325,0.0770305780575467,0.1066325331657535,0.2109848623442543,0.0932720667882295,0.1220966993231301,2.013556542200293,1.236433701309239,2.9775685365661952,0.555509109250394
1175,0.95,0.8239416857389927,0.8504697480379292,0.8513392903460988,0.774468160641964,0.0540540540540561,0.1079687590389109,0.1076461776372405,0.1085449355841635,0.1087339282862589,0.0768360904735929,0.106634813561752,0.2109848623442543,0.0932722904811639,0.1220739347415521,2.009854073825168,1.236433701309239,2.9775685365661952,0.5559879633594679
1176,0.9516216216216218,0.8248010907138145,0.8509425375752265,0.8503015504738163,0.7746343635262302,0.0540540540540561,0.1078772105480815,0.1075794277541798,0.1084149259386446,0.1086296856418461,0.0759339914178955,0.106636924128749,0.2109848623442543,0.0926722243689403,0.1212603040121445,2.012242059770249,1.236433701309239,2.9775685365661952,0.5730249677981667
1177,0.951621621621622,0.8236775527188267,0.8504234604368144,0.8496540768431364,0.773758002833451,0.0540540540540561,0.108391824855406,0.1081168961099321,0.1082933635271149,0.1089084525257387,0.0773289176394626,0.1066388776519379,0.2109848623442543,0.0932471729704065,0.1221265348534702,1.994420748388696,1.236433701309239,2.9775685365661952,0.5557770551441087
1178,0.9510810810810816,0.8232279749395289,0.8485724826311821,0.8521274830906429,0.7737844453675257,0.0540540540540561,0.1082734041547409,0.1080195397913223,0.1081797704289948,0.1088306458183084,0.0783186780047918,0.1066406859344423,0.2109848623442543,0.0936538369239768,0.1226353229831005,1.9903804119598696,1.236433701309239,2.9775685365661952,0.5625729284365555
1179,0.9505405405405412,0.8233560166425904,0.8490094199211653,0.853265694985096,0.7745184024888051,0.0540540540540561,0.1081625619735769,0.107928114417754,0.1080736863410997,0.1087886384466517,0.0787237630032771,0.1066423598755288,0.2109987218203591,0.0936043759225702,0.1225627023706211,1.9932812611152249,1.236433701309239,2.9775685365661952,0.5850349959557766
1180,0.9508108108108114,0.8242491243361111,0.8497157677376473,0.8521282220439713,0.7747514119659948,0.0540540540540561,0.1080588814705352,0.1078423343772762,0.1079746692578586,0.1086880466220617,0.0793466956418642,0.1066439095421974,0.2109987218203591,0.0929713404997888,0.1217214349286214,2.0018098539270186,1.236433701309239,2.9775685365661952,0.5499262545715754
1181,0.9508108108108112,0.8247067181990174,0.8501382236922439,0.8511167807678003,0.7746489563995296,0.0540540540540561,0.1079619601489875,0.1077619180228073,0.1078822959103932,0.1085903783610979,0.0793339327096229,0.1066453442347686,0.2109987218203591,0.0926734665970548,0.1213123017264887,1.9935617963836612,1.236433701309239,2.9775685365661952,0.5719222133245193
1182,0.951621621621622,0.8263618927024727,0.8499107666489327,0.8510923291295286,0.7752807654294869,0.0540540540540561,0.1078714104880392,0.107686589049525,0.1077961619946484,0.1085031055082267,0.0788636685890321,0.1066466725470177,0.2109987218203591,0.0914626071378456,0.1197024020535077,1.9854133896748711,1.236433701309239,2.9775685365661952,0.5838516253891416
1183,0.951351351351352,0.8266800971363273,0.8509472924502955,0.8480820922652907,0.774745396351856,0.0540540540540561,0.1077868603901467,0.1076160776558282,0.1083159156001334,0.1085160318138958,0.0782611138390368,0.1066479024213439,0.2109987218203591,0.0912612590536346,0.1194264726685995,1.9897223458759303,1.236433701309239,2.9775685365661952,0.5229923575299892
1184,0.9510810810810818,0.8272077742088392,0.8522976689637719,0.8483936332916973,0.7757003764386554,0.0540540540540561,0.1077079534631574,0.1075501215021994,0.1082023638767601,0.108490122070768,0.0783478702651786,0.1066490411994236,0.2109987218203591,0.0908974355564849,0.118938249059582,1.993644839415233,1.236433701309239,2.9775685365661952,0.4909327038402042
1185,0.9508108108108112,0.8271000330507076,0.852403093211434,0.8483453670545924,0.7756565898067467,0.0540540540540561,0.1076343491545325,0.107488466483676,0.1080961267059559,0.1084221553294045,0.0782072190297353,0.1066500956687434,0.2109987218203591,0.0910134809227869,0.1190827923720259,1.9873468070998257,1.236433701309239,2.9775685365661952,0.5640341993584367
1186,0.9518918918918926,0.8261222805982034,0.8520225564515295,0.8491124025162157,0.775292323438636,0.0540540540540561,0.1075657227551521,0.1074308673323951,0.1079967947197848,0.1083644654855127,0.0781340547114625,0.1066510721053737,0.2109987218203591,0.0918061996909118,0.1200948580242207,1.9768388383302955,1.236433701309239,2.9775685365661952,0.5683611695404388
1187,0.9529729729729736,0.8261337763700797,0.8513610558232544,0.8495532782217093,0.775167161966133,0.0540540540540561,0.1075017652894674,0.1073770880669374,0.107903973768489,0.1082949822432833,0.0793196314588112,0.1066519763133097,0.2109987218203591,0.0918300860698513,0.1201153409851863,1.9783124781120447,1.236433701309239,2.9775685365661952,0.543604918053192
1188,0.9540540540540547,0.8271044227708163,0.8506776675149542,0.8499451878767048,0.7754735812776561,0.0540540540540561,0.1074421833079264,0.107326902305033,0.1078172853358031,0.1082272582435105,0.0799833600687115,0.1066528136606702,0.2109987218203591,0.0911240349578206,0.1191744855752203,1.972921299592331,1.236433701309239,2.9775685365661952,0.5586351951205811
1189,0.953513513513514,0.8272049694052126,0.8514152245041237,0.8501494090745676,0.7758949970818556,0.0540540540540561,0.1073866985966032,0.1072800934557079,0.1077363667991697,0.1082050870532387,0.0801218992109368,0.1066535891130252,0.2109987218203591,0.0910800922456088,0.1191016812964863,1.9641017084933536,1.236433701309239,2.9775685365661952,0.5849252717566481
1190,0.9521621621621628,0.8283083076616969,0.8513948077967354,0.8491892858855747,0.7761650863861778,0.0540540540540561,0.1073350478178633,0.1072364548062241,0.1082609049335247,0.1082559624113055,0.0802934685808248,0.1066543072640906,0.2109987218203591,0.0902633477475144,0.1180241684293712,1.958099895235548,1.236433701309239,2.9775685365661952,0.5760464631033151
1191,0.9529729729729738,0.8289018034667426,0.8513312761847837,0.8501824953657722,0.7768066251501362,0.0540540540540561,0.1072869820947409,0.1071957895182516,0.1081517426851663,0.1082289156863724,0.0810612259466388,0.1066549723640106,0.2109987218203591,0.0898368593414992,0.1174547054858868,1.953551040347728,1.236433701309239,2.9775685365661952,0.5138323200077057
1192,0.9513513513513522,0.8279177942755861,0.8513094731108788,0.8499348004718325,0.7763468717799643,0.0540540540540561,0.1076330012034635,0.1071579105466931,0.1080495329726912,0.1083055781882006,0.0816382086543806,0.106655588345428,0.2109987218203591,0.0903378535003294,0.1182657051226818,1.9587258906765093,1.236433701309239,2.9775685365661952,0.5057133446765772
1193,0.9518918918918924,0.8272104538828974,0.8517601256630115,0.8507276632967345,0.7764747148424955,0.0540540540540561,0.107567405026422,0.1071226404934846,0.1079538968511404,0.1082866629323119,0.0814594560146732,0.106656158847523,0.2109987218203591,0.0909303330609644,0.1190058436038916,1.9576277497243235,1.236433701309239,2.9775685365661952,0.5134755000315114
1194,0.9516216216216222,0.8268278074827654,0.8521395021080309,0.8505520682397865,0.7763508637118356,0.0540540540540561,0.107505907190334,0.1070898114075704,0.1078644681336085,0.1082397039020382,0.0811993797322319,0.1066566872381867,0.2109987218203591,0.091255899129072,0.1194192389220674,1.9518452805479745,1.236433701309239,2.9775685365661952,0.489631900039374
1195,0.9527027027027032,0.8269332826541411,0.8527715547036123,0.850086229558497,0.7764300177040829,0.0540540540540561,0.1074482932818197,0.1070592645411424,0.1077808939647519,0.1081927729698296,0.080607198753968,0.1066571766344814,0.2109987218203591,0.0912067392664972,0.119342570704949,1.9381245631729425,1.236433701309239,2.9775685365661952,0.4987919206136235
1196,0.9518918918918924,0.8269567573110302,0.8524807114656039,0.849748437567116,0.77611387155442,0.0540540540540561,0.1073943551635683,0.1070308500711308,0.1077028352394804,0.1081248138120186,0.0803378456241589,0.1066576299215224,0.2110128548811629,0.0912170583614296,0.1193460651071854,1.9488840364209628,1.236433701309239,2.9775685365661952,0.4811642594533787
1197,0.9535135135135142,0.8260361796091858,0.853335273754006,0.8511054039732585,0.7766299399902641,0.0540540540540561,0.1073438913791966,0.1070044267939012,0.1076299668794005,0.1081514233795771,0.0802297436914123,0.1066580497699119,0.2110128548811629,0.0919511960518082,0.1202918747012159,1.9442284389517868,1.236433701309239,2.9775685365661952,0.5023221946777003
1198,0.9540540540540547,0.8259488671039759,0.8535427418867693,0.8505391082314187,0.776165521756624,0.0540540540540561,0.1078330913192563,0.1069798618001231,0.108162011363391,0.1084720536917403,0.0802170948438622,0.1066584386518374,0.2110128548811629,0.0917921041511874,0.1201345872363959,1.9388400472707987,1.236433701309239,2.9775685365661952,0.50368980447314
1199,0.9535135135135142,0.8238445648681335,0.8525718752477703,0.8508999762456051,0.7750506642940409,0.0540540540540561,0.10835489776525,0.1069570301358612,0.1080598455371397,0.1086290059181651,0.0803783829018705,0.10665879885594,0.2110128548811629,0.0930508056096561,0.1219779862492414,1.9453891449009248,1.236433701309239,2.9775685365661952,0.5188089497154635
1200,0.9540540540540547,0.8253160730551293,0.8515773180835632,0.8500905894158154,0.7751568611988026,0.0540540540540561,0.1082426667738341,0.1069358144550976,0.1085641878396408,0.1086414893510608,0.0802486869075698,0.1066591325010514,0.2110128548811629,0.0919959728929201,0.1205625935579535,1.9399465629581711,1.236433701309239,2.9775685365661952,0.5306656522961025
1201,0.9535135135135142,0.8270091499587544,0.8509486230314307,0.8504693507385882,0.775915937502134,0.0540540540540561,0.1081371370749508,0.1069161046681259,0.1084358632932345,0.1085564816174153,0.0806562817380097,0.1066594415488878,0.2110128548811629,0.0907587301585342,0.1189222815037698,1.9434531917643016,1.236433701309239,2.9775685365661952,0.5734589792305226
1202,0.9527027027027034,0.8252223479371963,0.8514933127966897,0.8511853395470113,0.7756705120290434,0.0540540540540561,0.1086380366362275,0.1068977975895625,0.108315502091605,0.1087648592619185,0.0799958366134304,0.1066597278157797,0.2110128548811629,0.0918199435484202,0.1204586337446901,1.9309779880220104,1.236433701309239,2.9775685365661952,0.5777421264622435
1203,0.9529729729729738,0.8257515744831103,0.850754133859783,0.8495856100049732,0.7748373673762252,0.0540540540540561,0.1085062353659664,0.1068807965891018,0.1082026986009873,0.1086132732840084,0.0802192129811134,0.1066599929835167,0.2110128548811629,0.0915011587807463,0.1199953078339069,1.931780663234744,1.236433701309239,2.9775685365661952,0.5869162892772244
1204,0.9524324324324333,0.8247373122484821,0.8518411537251959,0.8480190421865389,0.7742063755087544,0.0540540540540561,0.1083824008195952,0.1068650112475866,0.10869709013057,0.1086712213838894,0.0800682965401125,0.1066602386093726,0.2110128548811629,0.0923588506957949,0.1210714873417202,1.936600610217394,1.236433701309239,2.9775685365661952,0.5506211997337807
1205,0.9521621621621628,0.8245147676393064,0.851697878290027,0.8485584451281918,0.774187251006657,0.0540540540540561,0.1082661581201346,0.1068503570204824,0.1085594649764766,0.1086031212162491,0.0796207087705796,0.1066604661353743,0.2110128548811629,0.0926058566364862,0.1213521533006264,1.9391428626430736,1.236433701309239,2.9775685365661952,0.5430222095864309
1206,0.9524324324324328,0.8247987702845349,0.8512739413461804,0.8495586750317891,0.774482670021601,0.0540540540540561,0.1081571361840182,0.106836754910412,0.1084304173751093,0.1085481630551532,0.0793976302590125,0.1066606768968754,0.2110128548811629,0.0924630532103799,0.1211226616234558,1.944753053465432,1.236433701309239,2.9775685365661952,0.5283977550146166
1207,0.9527027027027032,0.8245674653773749,0.8528707239313159,0.851104594381142,0.7756959523427835,0.0540540540540561,0.1080549697474632,0.1068241311500421,0.1083095067020147,0.1085782909339521,0.07986278091951,0.1066608721304846,0.2110128548811629,0.0926963835883802,0.1214050497488937,1.9417379467338785,1.236433701309239,2.9775685365661952,0.5332682142132301
1208,0.9529729729729736,0.824786176246581,0.8523194893443515,0.8516973777133949,0.7758379313894557,0.0540540540540561,0.1079593010903478,0.1068124168962888,0.1081963030130114,0.1085152591695959,0.0799292856581707,0.1066610529813988,0.2110128548811629,0.0925847272395874,0.121234173208245,1.9476883242943968,1.236433701309239,2.9775685365661952,0.5228968664143052
1209,0.9545945945945952,0.8247033606461713,0.8521128220608953,0.850893187093112,0.7753172058354992,0.0540540540540561,0.1078697814760656,0.1068015479365368,0.1080903884264105,0.1084175053549974,0.0806492118380261,0.1066612205101889,0.2110128548811629,0.0926930370039524,0.121361748615796,1.9462517439107632,1.236433701309239,2.9775685365661952,0.5268237529010991
1210,0.9545945945945952,0.8240649900632943,0.8514923671726875,0.8509533171860802,0.7746758255229773,0.0540540540540561,0.1077860723281271,0.1067914644073323,0.1079913582454238,0.1083372072874994,0.08102297901908,0.1066613756990771,0.2110128548811629,0.0932312924156558,0.1220419737726418,1.9542674790536596,1.236433701309239,2.9775685365661952,0.5175785557540087
1211,0.9548648648648652,0.8243452488888576,0.8500337279473921,0.851739287172479,0.7745095070614003,0.0540540540540561,0.1083078795488307,0.1073821439089808,0.1078988218401311,0.1086702070264443,0.0800685654048904,0.1066615194577442,0.2110128548811629,0.0927285810922628,0.121500811336727,1.939238425263496,1.236433701309239,2.9775685365661952,0.5218067496626162
1212,0.9559459459459464,0.8252390176433072,0.8504776142487982,0.8518025381725295,0.7751805187966008,0.0540540540540561,0.1081960610138685,0.1073347080272302,0.10781240330968,0.1086101633352799,0.0800909495188983,0.1066616526287055,0.2110128548811629,0.092104961697559,0.1206629518497584,1.9517308435757077,1.236433701309239,2.9775685365661952,0.5393199427069925
1213,0.955675675675676,0.8246275902353863,0.8488105433491814,0.8515569502590178,0.7741520240011606,0.0540540540540561,0.1080912810075349,0.1078901093870718,0.1077317419459985,0.1086128626250325,0.0799464260058531,0.1066617759922841,0.2110128548811629,0.0926239172088623,0.1213267692608458,1.9548229418178305,1.236433701309239,2.9775685365661952,0.5517372822667249
1214,0.9551351351351351,0.823766806081486,0.8504455920046244,0.8515552451844122,0.7744268346027048,0.0540540540540561,0.1079931689424266,0.1078093965712126,0.1076564925203215,0.1085880742600136,0.080241648098031,0.1066618902712154,0.2110128548811629,0.0933390404348861,0.1222366094473002,1.9459218043782087,1.236433701309239,2.9775685365661952,0.5923536935130269
1215,0.9551351351351351,0.8239477201041138,0.8517018027320467,0.8525730983758567,0.7754779875671193,0.0540540540540561,0.1079013644654757,0.1077334127253505,0.1075863254133933,0.1085833706429357,0.0806610001770224,0.1066619961349072,0.2110128548811629,0.0932651986589101,0.1221015976631485,1.9449769050284809,1.236433701309239,2.9775685365661952,0.5564724620784098
1216,0.9554054054054056,0.8237573019118456,0.8515979332859303,0.8520033566422373,0.77506128059106,0.0540540540540561,0.1078155184520424,0.1076619546530749,0.1075209266093994,0.1084904187048487,0.0809780478160675,0.1066620942033848,0.2110128548811629,0.093459876869431,0.1223349388621328,1.95276091326944,1.236433701309239,2.9775685365661952,0.5347477983099355
1217,0.9540540540540544,0.8242060957878954,0.8518657034889924,0.8531341719589776,0.7758543184598495,0.0540540540540561,0.1077352937882334,0.1075948183618095,0.1074599975726138,0.1084707260150308,0.0806692668179927,0.1066621850509414,0.2110128548811629,0.0931655550469614,0.1219262573179878,1.9490262435647965,1.236433701309239,2.9775685365661952,0.5331280676101566
1218,0.954864864864865,0.8235813709399737,0.8519571534730097,0.8522362971040994,0.7753237005360064,0.0540540540540561,0.1076603659604326,0.1075318005425055,0.1080032884076487,0.1085261808688852,0.0805999832219032,0.1066622692095184,0.2110128548811629,0.0936892683953022,0.1225884460798098,1.946908502556292,1.236433701309239,2.9775685365661952,0.5236753520153061
1219,0.9532432432432434,0.82549637595091,0.8494084047192818,0.8528367252778881,0.7755398016057973,0.0540540540540561,0.1075904234712076,0.1080727332440563,0.1079117043307377,0.1085400034277036,0.080160034918744,0.1066623471718348,0.2110128548811629,0.0922678006086377,0.1207084123134861,1.9589752880682711,1.236433701309239,2.9775685365661952,0.5141867089217005
1220,0.9540540540540542,0.8239884632528088,0.84904996086019,0.8532785287105873,0.7746140010673463,0.0540540540540561,0.1081252014836855,0.1079785917980486,0.1078259592088593,0.1087583950307591,0.0804105801688393,0.1066624193942845,0.2110128548811629,0.0931172804488628,0.1219489360053483,1.9516231902248549,1.236433701309239,2.9775685365661952,0.5130907837914119
1221,0.9537837837837838,0.8240126594189771,0.8494438443329464,0.8542514911365029,0.7751927927566626,0.0540540540540561,0.1080255887238493,0.1078901496460242,0.1077457335017785,0.1087218157910415,0.0807595186880299,0.1066624862996179,0.2110128548811629,0.0931658243768832,0.121974546219098,1.9472992416028256,1.236433701309239,2.9775685365661952,0.5378556119924582
1222,0.9524324324324326,0.8224580209858172,0.8504482912718462,0.8548259929258769,0.7751499124392351,0.0540540540540561,0.1085323129565727,0.1078071375337064,0.1076707186994955,0.1089201706048193,0.0812271988346812,0.1066625482794269,0.2110128548811629,0.0940502510039661,0.1232758225358963,1.9526682590065851,1.236433701309239,2.9775685365661952,0.5713172488787365
1223,0.951891891891892,0.8222094079672841,0.8520307604278626,0.854793502283791,0.7757191468629064,0.0540540540540561,0.1084062134798241,0.1077292890636403,0.1076006177472594,0.1088841389303892,0.0821238542757148,0.1066626056964439,0.2110128548811629,0.0943048762048053,0.1235874852928039,1.951705877170224,1.236433701309239,2.9775685365661952,0.5845160159321539
1224,0.9513513513513516,0.8219001235951409,0.8531239529322735,0.8542256076279344,0.7757749679989656,0.0540540540540561,0.1082879283908223,0.1076563421409743,0.1075351453487904,0.1088182667888408,0.0821864942200482,0.1066626588866712,0.2110128548811629,0.0946015069480799,0.1239559122094481,1.94047993616826,1.236433701309239,2.9775685365661952,0.567426334137376
1225,0.951891891891892,0.8218491565811716,0.8538832764639038,0.85385976129618,0.7759132550948398,0.0540540540540561,0.1081770613619926,0.1075880401995584,0.1074740281574214,0.108752440627778,0.0828061440066677,0.1066627081613543,0.2110128548811629,0.0946980133673456,0.1240623127378314,1.9378228109829072,1.236433701309239,2.9775685365661952,0.5890502965724034
1226,0.9518918918918922,0.8206198171219927,0.8541697607048385,0.8543881719791081,0.7756349462168116,0.0540540540540561,0.1085872699927729,0.107524133222696,0.1074170048654384,0.1089196770217361,0.0825551981637778,0.1066627538088067,0.2110128548811629,0.0954102263278203,0.1250865478816213,1.9332054211344896,1.236433701309239,2.9775685365661952,0.5894673067006863
1227,0.951621621621622,0.8204403384133012,0.8522831011413957,0.8564362409075237,0.7756644913140582,0.0540540540540561,0.108457546040946,0.1080644119574512,0.1073638262021691,0.1089874806899849,0.0821628527458957,0.1066627960961024,0.2110128548811629,0.0956301951440678,0.1253308885662257,1.9249623592928449,1.236433701309239,2.9775685365661952,0.5759300261986035
1228,0.9516216216216222,0.8215939253534907,0.8526485359769399,0.8569897877009751,0.776618548743537,0.0540540540540561,0.1083358425604803,0.107969815350131,0.1073142548513699,0.1089309609429654,0.0818140817739275,0.1066628352706411,0.2110128548811629,0.0948223756702785,0.1242381533662691,1.918558878708036,1.236433701309239,2.9775685365661952,0.5601691791459243
1229,0.9524324324324328,0.8204182460393183,0.8538426767104176,0.8574531143991492,0.776782553136422,0.0540540540540561,0.1088217900918312,0.107881084961618,0.1072680652982503,0.109133963515743,0.0822891652122938,0.1066628715615993,0.2110128548811629,0.0954307200721535,0.1251708589147664,1.9235961579235856,1.236433701309239,2.9775685365661952,0.5550776518229094
1230,0.9500000000000004,0.8213229059846625,0.8534944761907961,0.8578306053203535,0.7772914606899245,0.0540540540540561,0.1086761676452876,0.1077979237008632,0.1072250436160823,0.1090565813908882,0.0817181737245673,0.1066629051812741,0.2110128548811629,0.0948159579356058,0.1243390101926936,1.9357521537071216,1.236433701309239,2.9775685365661952,0.5265911171629639
1231,0.9508108108108112,0.8212471184861365,0.8518819321915214,0.8560761622613553,0.7759594386617893,0.0540540540540561,0.1085395581212822,0.1083200743563284,0.1077674888214058,0.1091427482747652,0.0822528536501734,0.1066629363263265,0.2110128548811629,0.0949588947518698,0.1244831024532216,1.9199349228956104,1.236433701309239,2.9775685365661952,0.5280177260116183
1232,0.94972972972973,0.8228185134386016,0.8517744794976525,0.8573197406594675,0.7771041813529789,0.0540540540540561,0.1089793294469625,0.1082084274334436,0.1076927320538478,0.1092881239701761,0.0819284421755214,0.1066629651789345,0.2110128548811629,0.0935118118661793,0.1226918218379173,1.9216287361492697,1.236433701309239,2.9775685365661952,0.5337291745184188
1233,0.9508108108108112,0.8208218838949071,0.8520342666210163,0.8568766549823768,0.7761718719875681,0.0540540540540561,0.1094230232557349,0.1081036759358526,0.1076226486332523,0.109429124821703,0.0820524439372037,0.10666299190786,0.2110128548811629,0.0947506712643016,0.1244666044772257,1.9119464449842063,1.236433701309239,2.9775685365661952,0.5373004869623026
1234,0.9508108108108112,0.8180104071818964,0.8520807478681288,0.8571695875715478,0.7749628788696887,0.0540540540540561,0.1098376428084277,0.108005474427205,0.1075569948473541,0.1095741910910512,0.0821172405763389,0.1066630166694377,0.2110128548811629,0.0966683515048813,0.1270707714138896,1.9154787414577257,1.236433701309239,2.9775685365661952,0.5355781575954766
1235,0.9502702702702704,0.8170124189917773,0.8524111729569158,0.8570579571038293,0.7744752406068556,0.0540540540540561,0.1096248411877737,0.1079134844697184,0.1074955337714862,0.1094696959234415,0.0831852610997858,0.1066630396084909,0.2110128548811629,0.0975619337455104,0.1281751604143358,1.9242943035173437,1.236433701309239,2.9775685365661952,0.5678866547115159
1236,0.94972972972973,0.8173892223871323,0.8524127024614324,0.8569865282759233,0.7746103112088666,0.0540540540540561,0.1094250279774258,0.1078273759369615,0.107438035830831,0.1093577280820018,0.0832663013686369,0.1066630608591786,0.2110128548811629,0.0973845974874321,0.127898263624155,1.934225086618884,1.236433701309239,2.9775685365661952,0.5383820012504826
1237,0.9510810810810816,0.818417146756848,0.8519670346181728,0.8580162485691755,0.7753476449739745,0.0540540540540561,0.1092375746116362,0.1077468280979356,0.1073842792526773,0.1092753661719753,0.0829274270111465,0.1066630805457824,0.2110128548811629,0.0967094844672846,0.1269640659373342,1.943188819041612,1.236433701309239,2.9775685365661952,0.5397156270137191
1238,0.9505405405405408,0.818512452587882,0.8524595884628746,0.8589683292351538,0.7760381142873009,0.0540540540540561,0.1090618616833792,0.1076715304893616,0.1073340504149907,0.1092242208325077,0.0838714935512182,0.1066630987834334,0.2110128548811629,0.0967378157166826,0.1269566165704287,1.943483599322465,1.236433701309239,2.9775685365661952,0.5745866983108204
1239,0.9513513513513516,0.8198160433103826,0.8519254263182414,0.8594518702141893,0.7766121470059033,0.0540540540540561,0.1088972819213554,0.1076011835941012,0.1072871440986777,0.1091327325256143,0.0831798993160584,0.1066631156787859,0.2110128548811629,0.0958350020853018,0.1257353157289398,1.9320662313220631,1.236433701309239,2.9775685365661952,0.5859450505196547
1240,0.9521621621621624,0.8199413823496299,0.8522652300235842,0.8575412923118114,0.7761377714001919,0.0540540540540561,0.1087432426919349,0.1075354993441091,0.1078433970348025,0.1091379208343434,0.0830339135004742,0.1066631313306427,0.2110128548811629,0.0958342307008121,0.1256869963044022,1.926106589728111,1.236433701309239,2.9775685365661952,0.5699562149770954
1241,0.950810810810811,0.8201037369227988,0.8526206661093848,0.8579622729382435,0.776546480636624,0.0540540540540561,0.108599168058682,0.10747420146629,0.1077637947663368,0.1090690256036429,0.0822434576914784,0.1066631458305323,0.2110128548811629,0.0957935824344275,0.1255966790478603,1.9206347718766663,1.236433701309239,2.9775685365661952,0.5699799103395191
1242,0.9513513513513516,0.8211336537509445,0.852999499435527,0.858268181877417,0.7772760779254209,0.0540540540540561,0.1084645004347881,0.1074170256892544,0.1076891255749784,0.1090061750649308,0.0826208073859391,0.1066631592632455,0.2110128548811629,0.0950995770719197,0.1246340960316614,1.92239693711212,1.236433701309239,2.9775685365661952,0.564800638193835
1243,0.9502702702702704,0.820843493844658,0.8547539198160042,0.8580261553721725,0.7777472001640792,0.0540540540540561,0.1083387018651454,0.107363719828268,0.1076191388032132,0.1089726245671319,0.0831081819330232,0.1066631717073307,0.2110128548811629,0.0953987939444138,0.124987155222769,1.9246238441614856,1.236433701309239,2.9775685365661952,0.5738468533247317
1244,0.9502702702702704,0.8212545587332899,0.8557436072392791,0.8592901997370062,0.7788864421978873,0.0540540540540561,0.1082212549751404,0.1073140437647797,0.1075535896603901,0.1089635058408535,0.0829548484153519,0.1066631832355542,0.2110128548811629,0.0951572168179993,0.1246348137791396,1.928100677947494,1.236433701309239,2.9775685365661952,0.6135937008453848
1245,0.9491891891891894,0.8225255167854683,0.8560770143576435,0.8591219656052326,0.7795622307050399,0.0540540540540561,0.1081116636227286,0.107267769335848,0.1074922400022361,0.108894641407563,0.0823089864440852,0.1066631939153261,0.2110128548811629,0.094247042615169,0.1234186514031673,1.9361402680521052,1.236433701309239,2.9775685365661952,0.5683974872873385
1246,0.9470270270270272,0.8234882951926141,0.8567849283515657,0.8579757423909775,0.7797875779263163,0.0540540540540561,0.1080094532891581,0.1072246801476119,0.1074348589725587,0.1088118994225653,0.081503551367986,0.1066632038090938,0.2110128548811629,0.0935763040522443,0.1225069781628065,1.9483265474926328,1.236433701309239,2.9775685365661952,0.5808227907522884
1247,0.9459459459459464,0.8244392037517896,0.8570302805071236,0.8564641561313805,0.7799140166660529,0.0540540540540561,0.1079141712420109,0.1071845713257348,0.1084816484096923,0.1089650321992425,0.0815399652355267,0.1066632129747085,0.2110128548811629,0.0929006153212411,0.121603710627205,1.9437041519915164,1.236433701309239,2.9775685365661952,0.5887815181695949
1248,0.9470270270270272,0.823909395982292,0.8574560510462795,0.8557044091506026,0.7794577026426491,0.0540540540540561,0.1078253865021612,0.1071472492145173,0.1083612660790718,0.1088789212960545,0.0834732603250226,0.1066632214657626,0.2110128548811629,0.0933532497853235,0.1221779107666276,1.9516604499026096,1.236433701309239,2.9775685365661952,0.6030862696883721
1249,0.9472972972972976,0.824914237078551,0.8593405336808597,0.8548329410030826,0.7803715583951875,0.0540540540540561,0.1077426896439529,0.107112531035155,0.108834120470956,0.1089878262432379,0.0837666831284535,0.1066632293319039,0.2110128548811629,0.0926408960979532,0.1212144180994723,1.9527134490731937,1.236433701309239,2.9775685365661952,0.5603570317670086
1250,0.9470270270270272,0.8260526885276508,0.8588078682079126,0.8538272511389876,0.7802271162689292,0.0540540540540561,0.1076656924554591,0.1070802445124438,0.1086899875379278,0.1088594938015298,0.0842096467305751,0.1066632366191258,0.2110128548811629,0.091811958601034,0.1201144652446191,1.947157292046612,1.236433701309239,2.9775685365661952,0.5390682162822393
1251,0.9456756756756758,0.8257810498004368,0.8578297041285888,0.8541985287918389,0.7798047040969388,0.0540540540540561,0.1075940274832045,0.1070502274781129,0.1085544662873926,0.1087619778200377,0.0838190478071491,0.1066632433700363,0.2110128548811629,0.0920587455744087,0.1204219364579604,1.93669102101459,1.236433701309239,2.9775685365661952,0.5242410646884739
1252,0.9451351351351356,0.8258351025232131,0.85644582833944,0.8544538751077583,0.7794224050074706,0.0540540540540561,0.1075273474832635,0.1076223608410873,0.1084271652233634,0.1087987121499907,0.0843590166829696,0.1066632496241073,0.2110128548811629,0.0920583263276962,0.1204012237351552,1.941439279411325,1.236433701309239,2.9775685365661952,0.5423321659703092
1253,0.9445945945945948,0.8257070727991354,0.8565201525315433,0.8538810864006551,0.7790896129214672,0.0540540540540561,0.1074653247982552,0.1075576749419196,0.1083076946135195,0.1087119506064959,0.0838178944528692,0.1066632554179052,0.2110128548811629,0.0921926522485912,0.1205602648017369,1.935280021355031,1.236433701309239,2.9775685365661952,0.5535486398533181
1254,0.9464864864864868,0.8262733045807219,0.8554850924371745,0.8529085432080926,0.7784672159541465,0.0540540540540561,0.1074076506774646,0.1074970030385658,0.1081956689397915,0.1085831266604811,0.0840484447064601,0.1066632607853055,0.2110128548811629,0.0917902688930929,0.120022870080546,1.9191430936207152,1.236433701309239,2.9775685365661952,0.5449183874122688
1255,0.9462162162162164,0.8264836292175097,0.8534150369741909,0.853164080398258,0.7778443131526598,0.0540540540540561,0.1073540345551749,0.1079965491262737,0.1080907090047653,0.1085916573538198,0.0843357877433473,0.1066632657576897,0.2110128548811629,0.0916586534748138,0.1198393535049027,1.9234623091576888,1.236433701309239,2.9775685365661952,0.5330722446437367
1256,0.9467567567567572,0.8267783678954589,0.8541995412933382,0.8543486416746479,0.7788044814599405,0.0540540540540561,0.1073042033002894,0.1079077153431265,0.1079924437131636,0.1085813009769933,0.0840478755455788,0.1066632703641302,0.2110128548811629,0.0914624697608684,0.1195695304543966,1.9377734084232552,1.236433701309239,2.9775685365661952,0.5439825036163846
1257,0.947567567567568,0.82642414431521,0.852948060920356,0.8523038228251633,0.7771638811811884,0.0540540540540561,0.1072579004484896,0.1078242387976274,0.1079005115505817,0.1084148237838877,0.0839872181420591,0.1066632746315592,0.2110128548811629,0.0917598286961073,0.1199469054605448,1.9252284849236565,1.236433701309239,2.9775685365661952,0.5711345343082129
1258,0.9478378378378384,0.8274605522871537,0.8535328438414923,0.8511544094928105,0.7775394413722863,0.0540540540540561,0.107214885426503,0.10774586753558,0.1084145951666891,0.1084804876054637,0.0830495966452813,0.1066632785849269,0.2110128548811629,0.090991570007032,0.1189320049995948,1.919979567163561,1.236433701309239,2.9775685365661952,0.5809805833591478
1259,0.9489189189189196,0.8283786328843312,0.85434224852433,0.8497633405084446,0.7779030679925684,0.0540540540540561,0.1071749327765446,0.1076723524418875,0.1088955624821726,0.1085438587306974,0.0826659865402501,0.1066632822473472,0.2110128548811629,0.0903106118417997,0.1180339007273963,1.923729940185935,1.236433701309239,2.9775685365661952,0.557268575094684
1260,0.94945945945946,0.8274022013523621,0.8517281365526439,0.850436777040843,0.7766774535566061,0.0540540540540561,0.1071378313876486,0.1082022700767952,0.1087452280976423,0.1085581651410436,0.0835215850090569,0.1066632856402326,0.2110128548811629,0.0910771303007946,0.1190288829538133,1.9307516432634404,1.236433701309239,2.9775685365661952,0.5571646168707142
1261,0.9494594594594598,0.8264156176527848,0.8512595457338253,0.850105751521708,0.7756835623289562,0.0540540540540561,0.1076735604205885,0.1080990668952549,0.1086041660929337,0.1086904515411522,0.08347688511479,0.1066632887834198,0.2110128548811629,0.091520413369373,0.1197476021369208,1.9331547079019704,1.236433701309239,2.9775685365661952,0.5458764723757238
1262,0.94972972972973,0.8261273482047125,0.8505974575485173,0.8516225709399373,0.7758409243711343,0.0540540540540561,0.1076050061627593,0.1080021692215265,0.1084719136429399,0.1086328829040071,0.0830885902760865,0.1066632916952858,0.2110128548811629,0.0917771854909576,0.1200701487139075,1.9375635624614571,1.236433701309239,2.9775685365661952,0.5397020942566957
1263,0.9491891891891896,0.8262823981588204,0.8532611998422006,0.8505585478519927,0.7765309023543704,0.0540540540540561,0.1075407641228923,0.1079112706482098,0.1083480170348464,0.1086050048512827,0.0835317720956941,0.1066632943928546,0.2110128548811629,0.091702961192334,0.1199472197797333,1.940863538520555,1.236433701309239,2.9775685365661952,0.5728315330427479
1264,0.9483783783783788,0.8261867077883199,0.8521063233350109,0.8487862317013591,0.7751401877877582,0.0540540540540561,0.1074806046922656,0.1078260695064345,0.1086512719980287,0.1085709502538926,0.0828565723351264,0.1066632968918974,0.2110128548811629,0.0918063107233368,0.1200729898655473,1.9422770881135187,1.236433701309239,2.9775685365661952,0.5802055911894287
1265,0.9502702702702708,0.826824309053404,0.8522312926633863,0.8494643318079149,0.7757988024444649,0.0540540540540561,0.1074243055786994,0.1077462702587668,0.1085168298588165,0.1085216774764693,0.0824891706928914,0.1066632992070251,0.2110128548811629,0.0913472515343775,0.1194635381572461,1.927935424560838,1.236433701309239,2.9775685365661952,0.5769803805059964
1266,0.9508108108108112,0.8229928458672806,0.8521649642121772,0.8494055047492032,0.7739166881511337,0.0540540540540561,0.1079716855291409,0.1076715846698529,0.1083907514560809,0.1086844977087017,0.0834374157372386,0.1066633013517729,0.2110128548811629,0.0939589584741556,0.1230213113681488,1.926738522028391,1.236433701309239,2.9775685365661952,0.5732238105294796
1267,0.951621621621622,0.8240633234372768,0.8526931066711625,0.8503349242643786,0.7750247824900512,0.0540540540540561,0.1078837113718973,0.107601732769428,0.108272610152087,0.1086481780834817,0.0834904611122296,0.1066633033386796,0.2110128548811629,0.0931967397055137,0.1219948208767744,1.9214991504379968,1.236433701309239,2.9775685365661952,0.5273328515952901
1268,0.950540540540541,0.8237343762328299,0.8522526479303406,0.8498818953527854,0.7745577660320996,0.0540540540540561,0.1078011521226954,0.1081364770069455,0.1081619890091821,0.1086794501130525,0.0829409173713029,0.1066633051793619,0.2110128548811629,0.0934881402955746,0.1223650477058228,1.929150373260641,1.236433701309239,2.9775685365661952,0.5572772619988016
1269,0.9510810810810812,0.8233938883105218,0.8522987600968055,0.8494544368505056,0.7742185250121077,0.0540540540540561,0.1077237374798177,0.1080367296258237,0.1086585156525738,0.1087333287236567,0.0827029824158541,0.1066633068845808,0.2110128548811629,0.0938055336195311,0.1227442429495693,1.92646057316192,1.236433701309239,2.9775685365661952,0.5650324564164326
1270,0.9508108108108112,0.822841663374417,0.8529803477422014,0.8492483372470986,0.7741073008296614,0.0540540540540561,0.1076512027934278,0.1079432070164177,0.1085229702521214,0.1086647282555896,0.0829541886744848,0.1066633084643061,0.2110128548811629,0.094262036875454,0.1233327352288692,1.9334064933139063,1.236433701309239,2.9775685365661952,0.545203592746168
1271,0.9518918918918924,0.8240176464531815,0.8522002348291113,0.8507811945822347,0.7749964292106093,0.0540540540540561,0.107583289995947,0.1078555883864024,0.1083959403872574,0.108614142971942,0.0831615980809096,0.1066633099277731,0.2110128548811629,0.0934044361179799,0.1221907085488447,1.9279296080919528,1.236433701309239,2.9775685365661952,0.5283726875461908
1272,0.951621621621622,0.8230989467594894,0.8517036357500757,0.8508587857073868,0.7744946352558596,0.0540540540540561,0.1081197817637482,0.1077735608456183,0.108276980139702,0.1087614387659133,0.0827405177225168,0.106663311283538,0.2110128548811629,0.0937688430220687,0.1228411623586362,1.920207710085771,1.236433701309239,2.9775685365661952,0.5656402730352033
1273,0.9491891891891896,0.8238449039366177,0.8499712224508535,0.8504708851066816,0.7738820155881914,0.0540540540540561,0.1080216089288469,0.1076968204027361,0.1081656555176704,0.1086176373744376,0.082682293477389,0.1066633125395268,0.2110128548811629,0.0932558437105493,0.1221442915989587,1.926736022774992,1.236433701309239,2.9775685365661952,0.5526360892224741
1274,0.9489189189189196,0.8236897992567123,0.850109104040071,0.8518593530170909,0.7744244208114418,0.0540540540540561,0.1079295048918185,0.1076250727699682,0.1080615457159877,0.1085889767385823,0.0829627202177425,0.1066633137030827,0.2110128548811629,0.0934386004254989,0.1223454482973784,1.927737576252962,1.236433701309239,2.9775685365661952,0.5577485842317388
1275,0.9486486486486492,0.8232074657170702,0.8504328788873918,0.8504281018037,0.7736619971880152,0.0540540540540561,0.1084175502058084,0.1075580339912943,0.1085642774987437,0.1088629326315258,0.0828675908418654,0.1066633147810082,0.2110128548811629,0.0935954448434831,0.1225837591800258,1.9325715942748356,1.236433701309239,2.9775685365661952,0.561454385085017
1276,0.947567567567568,0.824102318403169,0.8507050315670037,0.84902823098128,0.7737441080447987,0.0540540540540561,0.1082997924218875,0.1074954309102456,0.1090346661214383,0.1088849844449494,0.0826929561441171,0.1066633157796051,0.2110128548811629,0.092969741021397,0.1217477853858872,1.9454715591175036,1.236433701309239,2.9775685365661952,0.5246665055054718
1277,0.9456756756756762,0.8252647372186779,0.8508196836770375,0.8507983003200748,0.7751037688393778,0.0540540540540561,0.1081892458660836,0.1074370014934435,0.1088744765687265,0.1088496946634288,0.0820757868216012,0.1066633167047114,0.2110128548811629,0.092126773207587,0.1206406398482802,1.9680109009758988,1.236433701309239,2.9775685365661952,0.512246450067333
1278,0.945405405405406,0.8257121932161258,0.8505560102209124,0.851363033054558,0.7753965807817101,0.0540540540540561,0.1080855577283635,0.1073824950258732,0.1087242361942803,0.1087678768759423,0.0830749904944472,0.106663317561736,0.2110128548811629,0.0918516736394466,0.1202450279196928,1.9547122506622376,1.236433701309239,2.9775685365661952,0.5191556503006953
1279,0.9445945945945954,0.826182641410906,0.851256780743511,0.8514512087188593,0.7758903269196922,0.0540540540540561,0.1079883810537074,0.1073316721933796,0.1085834381872748,0.1087079160919153,0.0828462423581734,0.1066633183556888,0.2110128548811629,0.0915532440549924,0.1198231680622402,1.9617909592259763,1.236433701309239,2.9775685365661952,0.4947501976720787
1280,0.945135135135136,0.8257685397399522,0.8499925534217404,0.8518035191614716,0.7752659865948327,0.0540540540540561,0.1084784909245023,0.1072843050671525,0.1084515874489794,0.1088332472715325,0.0821779256712183,0.1066633190912119,0.2110128548811629,0.0916230797470826,0.1199922147977964,1.9420332961637872,1.236433701309239,2.9775685365661952,0.5115606292119902
1281,0.9459459459459468,0.8244828924582127,0.8505813884681895,0.8524086719584861,0.7751269315407276,0.0540540540540561,0.1083559544594776,0.107240177004094,0.1083282022625978,0.1087875176156308,0.0823783069440821,0.1066633197726052,0.2110128548811629,0.0926652470354804,0.1213391303120483,1.9425390028279277,1.236433701309239,2.9775685365661952,0.5153046302171251
1282,0.9459459459459468,0.8241081565618786,0.8505232687361449,0.8530163825397193,0.775172658427303,0.0540540540540561,0.1082410111000577,0.1071990824759738,0.1082128156582295,0.1087190741044009,0.0818549250766788,0.1066633204038523,0.2110128548811629,0.0930118535733156,0.1217713378880918,1.9443672004848136,1.236433701309239,2.9775685365661952,0.511893180854414
1283,0.9454054054054064,0.8231392103703815,0.8505082330187369,0.852619616872419,0.7745747530909942,0.0540540540540561,0.1087333110829624,0.1071608268392279,0.1081049764953542,0.1088637142839778,0.0816191249598822,0.1066633209886437,0.2110128548811629,0.0934443399419833,0.122494134088137,1.9437953410816968,1.236433701309239,2.9775685365661952,0.5111237129474238
1284,0.9467567567567576,0.8234940284938354,0.849685350542132,0.8536247277934901,0.774850763493782,0.0540540540540561,0.1085936528608556,0.1077252594391071,0.1080042502867184,0.1089273006248862,0.0806198488142477,0.1066633215303984,0.2110128548811629,0.0932645901002278,0.1222091450757368,1.9373071183488015,1.236433701309239,2.9775685365661952,0.5109737890135467
1285,0.9470270270270278,0.8226671961676851,0.8496479819517211,0.8538126081045267,0.7744991904242259,0.0540540540540561,0.1084626384520876,0.1076533800704086,0.1079102197882126,0.1088445131846882,0.080526554638787,0.1066633220322832,0.2110128548811629,0.0939705794208942,0.123101484606271,1.92800169896524,1.236433701309239,2.9775685365661952,0.5691809165139479
1286,0.947297297297298,0.82268137618551,0.849173481332215,0.8548726201291116,0.7747353237588364,0.0540540540540561,0.1083398329901303,0.1075859925416789,0.107822485379388,0.1087742554789265,0.0805405756143137,0.1066633224972326,0.2110128548811629,0.0940299963058614,0.123148707319425,1.9341416894377184,1.236433701309239,2.9775685365661952,0.5727992009359827
1287,0.948108108108109,0.8227047987060065,0.8495685795220668,0.856693591064413,0.7757182316705873,0.0540540540540561,0.1088248439567297,0.1075228626771013,0.1077406652587908,0.1089843745356566,0.0796559974132258,0.1066633229279648,0.2110128548811629,0.0937178823590726,0.1228827793156288,1.9382716539329468,1.236433701309239,2.9775685365661952,0.5753428718772007
1288,0.9481081081081087,0.8228352298191184,0.8496056618132202,0.8551600794515744,0.7750559712570606,0.0540540540540561,0.1086784296126956,0.1074637628394661,0.1076643954774078,0.1088490900654903,0.0798248911956628,0.1066633233269979,0.2110128548811629,0.0937188533339332,0.1228255553745337,1.9412328009557112,1.236433701309239,2.9775685365661952,0.5855605827343542
1289,0.9478378378378386,0.8237521031137293,0.8515577755935432,0.8543404662283745,0.7760021657713058,0.0540540540540561,0.1085411542708794,0.1074084724630633,0.1075933298323234,0.1088034326440516,0.0792043478675626,0.1066633236966648,0.2110128548811629,0.0930974577014818,0.1219773197508309,1.954693054666638,1.236433701309239,2.9775685365661952,0.5535784448364732
1290,0.947297297297298,0.8239690266866541,0.8522306246899053,0.8557342849333172,0.7770440518918023,0.0540540540540561,0.1084125477560269,0.1073567784825355,0.1075271396412659,0.108789296048069,0.0794453613536187,0.1066633240391266,0.2110128548811629,0.0929889307503012,0.1218246994353322,1.9579657559420556,1.236433701309239,2.9775685365661952,0.5532059397135084
1291,0.946486486486487,0.8238661487543288,0.8524509991272751,0.8545931425631633,0.7766650551779102,0.0540540540540561,0.108892159967491,0.1073084756635306,0.1074655134171608,0.1089355339376453,0.0792167842290089,0.1066633243563855,0.2110128548811629,0.0928119165432182,0.1216877712619256,1.9475715839699923,1.236433701309239,2.9775685365661952,0.5752216471984591
1292,0.9462162162162168,0.8243218325592158,0.8511701756750577,0.8549668098871552,0.7765131755441452,0.0540540540540561,0.1087407692983707,0.1072633668420224,0.1078922230029406,0.1089304020446612,0.0790942628226227,0.1066633246502963,0.2110128548811629,0.0925640350141987,0.1213077827915986,1.952288707788335,1.236433701309239,2.9775685365661952,0.5550851791241358
1293,0.9451351351351356,0.8245459822870876,0.8512347128500722,0.8565560297129075,0.7773380578423195,0.0540540540540561,0.1085988848129411,0.107221263079867,0.1078084315313447,0.1089020134114581,0.0807111772252053,0.1066633249225771,0.2110128548811629,0.09248301836382,0.1211545753064414,1.9590153430879584,1.236433701309239,2.9775685365661952,0.579387208181608
1294,0.9443243243243248,0.8243342464120305,0.8510034389027916,0.8563697892882768,0.7770127921539453,0.0540540540540561,0.1084660095817384,0.1071819837445657,0.1077299572835689,0.1088079910867872,0.0808023136785779,0.1066633251748197,0.2110128548811629,0.0927093154513525,0.1214327487971,1.9606163831881924,1.236433701309239,2.9775685365661952,0.5587293034073741
1295,0.9432432432432436,0.8251356425681062,0.8527797006951817,0.8541460023779294,0.7774150624554901,0.0540540540540561,0.108341659798136,0.107145356521363,0.1082565456085389,0.108851649868701,0.0805380117112712,0.106663325408499,0.2110128548811629,0.092165926401452,0.1206935275328259,1.9589879950646143,1.236433701309239,2.9775685365661952,0.5890484232373702
1296,0.9429729729729732,0.8251454960214059,0.8521648423660596,0.8526544473712265,0.7765366844518811,0.0540540540540561,0.1082253662165237,0.1077112507489157,0.1081490916172195,0.1088601578003835,0.0805197036856852,0.1066633256249812,0.2110128548811629,0.0922192222690663,0.1207418208703323,1.9629443153794803,1.236433701309239,2.9775685365661952,0.5807477691688394
1297,0.942432432432433,0.8248371901060138,0.8520758614963192,0.8520235961651119,0.7760125508279517,0.0540540540540561,0.1081166752952169,0.1076406840974688,0.1080482945168277,0.1087516896674265,0.0815047364877012,0.1066633258255316,0.2110128548811629,0.0925092006106019,0.1211044722463777,1.9569049928773925,1.236433701309239,2.9775685365661952,0.5792977855410328
1298,0.9416216216216222,0.8240129331289192,0.8520154525874851,0.8502468932443205,0.7749255879153193,0.0540540540540561,0.1086151834530583,0.107574476338942,0.1085190982894639,0.1089554697545075,0.0811793631527338,0.1066633260113228,0.2110128548811629,0.0928503801249353,0.1216794751445511,1.9573856709422544,1.236433701309239,2.9775685365661952,0.5730225099714666
1299,0.941621621621622,0.8233062505471131,0.8512102593704283,0.8493780153973435,0.7737511484335938,0.0540540540540561,0.1084816444770526,0.1075124075376039,0.1083943886640584,0.1088056982820324,0.0813537259550078,0.1066633261834411,0.2110128548811629,0.0934587205957723,0.1224529272143606,1.95865989349934,1.236433701309239,2.9775685365661952,0.5617446192292127
1300,0.9410810810810816,0.8231567787661997,0.8514570462273674,0.8492644604431707,0.7738099193181587,0.0540540540540561,0.108356623849018,0.1074542627483506,0.1088773701950207,0.1088646367386544,0.0809142911895479,0.1066633263428926,0.2110128548811629,0.0936393739162865,0.122664909309291,1.9685128097953888,1.236433701309239,2.9775685365661952,0.5420550163918132
1301,0.941621621621622,0.8231942470463227,0.8511341974599405,0.8484105277419728,0.7732752412181911,0.0540540540540561,0.1082396573382901,0.1073998327101023,0.1087288383412767,0.1087384720667776,0.0815325325994621,0.1066633264906095,0.2110128548811629,0.0936756413224675,0.1226859242845318,1.9618805519195983,1.236433701309239,2.9775685365661952,0.5532099654624849
1302,0.9424324324324328,0.8226598540405083,0.8529674103168381,0.8478728454253485,0.7735345644237411,0.0540540540540561,0.1081302959652922,0.1073489144210661,0.1085893895671763,0.1086943147297986,0.0821987839808268,0.1066633266274555,0.2110128548811629,0.0941468539635619,0.1232749979768454,1.9577341038619,1.236433701309239,2.9775685365661952,0.5345503566559144
1303,0.9410810810810812,0.8231675914924604,0.85350562383091,0.8460257382834601,0.7731579519792039,0.0540540540540561,0.1080281068404856,0.1073013116023373,0.1084585812346656,0.1085668097446689,0.0818275726677364,0.1066633267542303,0.2110128548811629,0.0938219638404805,0.1228183550872966,1.9602812617344223,1.236433701309239,2.9775685365661952,0.4891011434547496
1304,0.9408108108108107,0.8224572834083115,0.8553669071640612,0.8479053371102624,0.7743644563558507,0.0540540540540561,0.1079326737814555,0.107256835057463,0.1083359777845148,0.1085987892034638,0.0836132246553664,0.1066633268716756,0.2110128548811629,0.0944255435708045,0.1235763797009607,1.9544960436090089,1.236433701309239,2.9775685365661952,0.5070460034585907
1305,0.9416216216216214,0.8225976008759396,0.8551497538815905,0.8494393949044091,0.7749400791850855,0.0540540540540561,0.1078435977295026,0.1072153029363681,0.1082211527038768,0.1085697043044401,0.0826456894993811,0.1066633269804775,0.2110128548811629,0.0943720980377473,0.1234806002593092,1.9435132449806825,1.236433701309239,2.9775685365661952,0.5419243781106666
1306,0.9413513513513512,0.8234817529811389,0.8565412176219875,0.8500241788552263,0.7762343749546251,0.0540540540540561,0.1077604969870808,0.1071765409124836,0.1081136901791176,0.1085647874388852,0.0828203760050347,0.1066633270812725,0.2110128548811629,0.0937339638064025,0.122637998525321,1.9351400730736392,1.236433701309239,2.9775685365661952,0.5637661960600864
1307,0.941081081081081,0.8235758718854868,0.855503270755959,0.8491495251526584,0.7754103583330212,0.0540540540540561,0.1076830072969725,0.10714038228208,0.108013186454268,0.1084410011694645,0.0828374878810439,0.1066633271746494,0.2110128548811629,0.093702714675402,0.122582624466027,1.9436770907111809,1.236433701309239,2.9775685365661952,0.560658395644411
1308,0.9440540540540542,0.8238579827427054,0.8551733906133238,0.8497738947126973,0.7756315807215916,0.0540540540540561,0.1076107817833231,0.1071066679947447,0.1079192509176383,0.1083878017281676,0.0837462572267605,0.1066633272611546,0.2110128548811629,0.0935291839385566,0.1223366263656327,1.9273398480553805,1.236433701309239,2.9775685365661952,0.5947489945334572
1309,0.9435135135135136,0.8246462150935538,0.8543397609485115,0.8492203333216136,0.7755835428531799,0.0540540540540561,0.1075434907736297,0.1070752466236895,0.1083768068339226,0.1084156276050818,0.0834058291583981,0.1066633273412935,0.2110128548811629,0.0929628544305055,0.1215820395196314,1.9206878330804973,1.236433701309239,2.9775685365661952,0.6096409274126838
1310,0.9424324324324328,0.8237579942685741,0.8533439750390786,0.8504449532778068,0.7752076406201981,0.0540540540540561,0.1074808215195676,0.1070459742841858,0.1082601161856533,0.1083590484619183,0.0839124187017307,0.1066633274155348,0.2110128548811629,0.0936766831330322,0.1225015949716421,1.9234635435433247,1.236433701309239,2.9775685365661952,0.5738871250378828
1311,0.9448648648648652,0.8239116875546523,0.8536787457343816,0.8512088546056252,0.7757324294648495,0.0540540540540561,0.1074224778332138,0.1070187145079355,0.108150795682239,0.1083360268298717,0.0841228304237699,0.1066633274843124,0.2110128548811629,0.0935928559779601,0.122377073528741,1.917536263669475,1.236433701309239,2.9775685365661952,0.5476237567351665
1312,0.9454054054054056,0.823722189956117,0.85352254622159,0.8512595646147545,0.7755542205789807,0.0540540540540561,0.1073681796538242,0.1069933380806229,0.1080484538633226,0.1082808324757615,0.0846549584207858,0.1066633275480284,0.2110128548811629,0.0937704543868897,0.1225937202169707,1.89789811751378,1.236433701309239,2.9775685365661952,0.5523793009691266
1313,0.9462162162162164,0.8249939821598027,0.8532695976728962,0.8510130130593261,0.7759998566546686,0.0540540540540561,0.1073176625589004,0.1069697228492935,0.1079527105930562,0.1082146259090374,0.0831272280158681,0.1066633276070553,0.2110128548811629,0.0928240271835974,0.1213471865607471,1.906586062552608,1.236433701309239,2.9775685365661952,0.5737689148374838
1314,0.9467567567567572,0.8245840284622008,0.8514512207583786,0.8522334627288657,0.7756554363253524,0.0540540540540561,0.1078707106150365,0.1075477868887434,0.1078631980269778,0.1085160056551627,0.0823594478742955,0.1066633276617382,0.2110128548811629,0.0928226453861753,0.1214806162302811,1.894453140104796,1.236433701309239,2.9775685365661952,0.5887942686911323
1315,0.9470270270270272,0.8243397490871829,0.8514603126138909,0.8530600999870817,0.7758318283610312,0.0540540540540561,0.1077882625905794,0.1074885950434593,0.1077795613634454,0.1084784888121519,0.081711193907195,0.1066633277123969,0.2110128548811629,0.0930645266855493,0.1217661196175278,1.8995173907216871,1.236433701309239,2.9775685365661952,0.580536482248723
1316,0.947567567567568,0.8236765935098103,0.8525839312767688,0.8532602530155249,0.7760637567246412,0.0540540540540561,0.107711065281643,0.1074330125916871,0.1077014593993703,0.1084615221435823,0.0823370959153853,0.1066633277593274,0.2110128548811629,0.093612522969722,0.1224678738493681,1.893246258474406,1.236433701309239,2.9775685365661952,0.574292452896023
1317,0.947837837837838,0.8232333995346192,0.8511503372840221,0.8533901072109822,0.7752093658035973,0.0540540540540561,0.1076388312814971,0.1073808633576422,0.1076285649100942,0.1083676309222331,0.081928040516847,0.1066633278028042,0.2110128548811629,0.0939875621369271,0.1229471848246322,1.8921105070756128,1.236433701309239,2.9775685365661952,0.5592148952217368
1318,0.9483783783783788,0.8241716932442299,0.850408411350117,0.8527998837074234,0.77506020490622,0.0540540540540561,0.1075712832810477,0.1073319743558757,0.1075605648729504,0.1082703252786632,0.0819706609854316,0.1066633278430812,0.2110128548811629,0.0933114580898684,0.122042665115247,1.898166130837697,1.236433701309239,2.9775685365661952,0.5434410046219726
1319,0.947567567567568,0.8241867007539965,0.8500109342966475,0.8536540827506464,0.7751858135833618,0.0540540540540561,0.1075081543881099,0.1072861764525281,0.1074971605534133,0.108229948984406,0.0820129714603063,0.1066633278803943,0.2110128548811629,0.0933407390029616,0.1220592220519486,1.9100106697703128,1.236433701309239,2.9775685365661952,0.5368133031597854
1320,0.9470270270270276,0.8234292722379019,0.8492808021618494,0.8526536229683355,0.7740238949517737,0.0540540540540561,0.107449188352009,0.1072433049274739,0.1074380674718529,0.108127536304528,0.0826660127252524,0.1066633279149613,0.2110128548811629,0.0939570454330771,0.1228461335860936,1.9225941001564155,1.236433701309239,2.9775685365661952,0.5406035598403561
1321,0.947567567567568,0.8239242169853711,0.8496249954103539,0.8523488168039218,0.7742677931100904,0.0540540540540561,0.1073941396994638,0.1072031999412328,0.1073830152678367,0.1080860206544557,0.0822849609562986,0.1066633279469843,0.2110128548811629,0.0936114155548598,0.1223787131648966,1.9219160237909048,1.236433701309239,2.9775685365661952,0.5223377380809623
1322,0.9472972972972978,0.8232481025757213,0.8485656333055915,0.8508670194000834,0.7729701580078785,0.0540540540540561,0.1073427737886317,0.1071657069118461,0.107931780860882,0.1081058079698202,0.082663840625251,0.1066633279766509,0.2110128548811629,0.094152538814473,0.1230805105299625,1.920044074660963,1.236433701309239,2.9775685365661952,0.5267589354463316
1323,0.946486486486487,0.823081064175725,0.8493240199827148,0.8513081062210642,0.7733824216371016,0.0540540540540561,0.1072948667888079,0.1071306768078792,0.1078452949332089,0.1080922623839655,0.0825120843796561,0.106663328004134,0.2110128548811629,0.0943025769367668,0.1232715024298706,1.91205605558164,1.236433701309239,2.9775685365661952,0.5246895863312904
1324,0.9462162162162164,0.8237453643774454,0.8498341332256242,0.8522023833589044,0.774300620866072,0.0540540540540561,0.1072502055936047,0.1070979663643511,0.1077642954895482,0.1080884453509602,0.0809440458825511,0.1066633280295945,0.2110128548811629,0.0938174009138714,0.122629532825752,1.8944998833474351,1.236433701309239,2.9775685365661952,0.5372533801682055
1325,0.9464864864864873,0.8231516274296462,0.8495022142551569,0.8514632034012587,0.7734832699874259,0.0540540540540561,0.1072085876755337,0.1070674382287543,0.1076884858274719,0.1080128959710026,0.0815219839926796,0.1066633280531814,0.2110128548811629,0.0942973962789285,0.1232440787325867,1.897791875638629,1.236433701309239,2.9775685365661952,0.5509155882980642
1326,0.948108108108109,0.8228951624567824,0.8495390091257251,0.8518528932951485,0.7735758753453241,0.0540540540540561,0.1071698208898161,0.10703896104446,0.1076175790092879,0.1079874709952969,0.0816615923111587,0.1066633280750326,0.2110128548811629,0.0945120214382584,0.1235199270983094,1.8997776101409785,1.236433701309239,2.9775685365661952,0.5616751709284836
1327,0.948108108108109,0.8233125445901756,0.8498633724052559,0.8514612513213167,0.7737346318922254,0.0540540540540561,0.1071337232349891,0.107012409478742,0.1075512983263538,0.1079465051776632,0.0826965200077401,0.1066633280952754,0.2110128548811629,0.0942100019733847,0.1231205937923296,1.894637096740975,1.236433701309239,2.9775685365661952,0.5788387309331386
1328,0.9478378378378384,0.8227196950743777,0.8500994863279675,0.853219699667881,0.7742772460528843,0.0540540540540561,0.1071001225775017,0.1069876642024459,0.1074893776453123,0.1079735891772473,0.0827361667567063,0.1066633281140286,0.2110128548811629,0.0946811904880351,0.1237302436368709,1.9036752007439808,1.236433701309239,2.9775685365661952,0.6108617232459975
1329,0.9483783783783788,0.8224651623013358,0.8493372737414013,0.8533675869267998,0.7740205076393173,0.0540540540540561,0.1070688563470313,0.107564644940939,0.1074315616449556,0.1080663993274312,0.0830988923604742,0.1066633281314017,0.2110128548811629,0.0948912929466396,0.1240004095251484,1.9142331874109824,1.236433701309239,2.9775685365661952,0.6028632113622302
1330,0.94945945945946,0.8233209203588983,0.8488661750372615,0.8545357589628155,0.7747400448742957,0.0540540540540561,0.1070397712087289,0.1075044182549827,0.1073776059531321,0.1080500247069622,0.0819514517827588,0.1066633281474964,0.2110128548811629,0.0942496014331727,0.1231591940367374,1.9111276230789795,1.236433701309239,2.9775685365661952,0.5862207033456965
1331,0.9497297297297302,0.8226417089325946,0.8480365650175758,0.8531363535480102,0.773519792721226,0.0540540540540561,0.1070127227180506,0.1074478496449331,0.1078636610324763,0.1080696713930669,0.0813684501116707,0.1066633281624063,0.2110128548811629,0.0947834313638723,0.1238519297083802,1.9201288851750555,1.236433701309239,2.9775685365661952,0.5400251010157271
1332,0.951621621621622,0.8201566844942534,0.8473447834198208,0.8521903639715656,0.7713398090499208,0.0540540540540561,0.1075874544682129,0.1073947629146425,0.1077826010562934,0.1082560590408176,0.0814955802574175,0.1066633281762191,0.2110128548811629,0.0963546054671211,0.12604958827164,1.923156730390449,1.236433701309239,2.9775685365661952,0.5576132849662152
1333,0.9518918918918924,0.820398643339294,0.8474871083712019,0.852165436546765,0.7714842117569879,0.0540540540540561,0.107525331339213,0.1073449846189533,0.1077065767318339,0.1082007808499388,0.0808184996309285,0.1066633281890154,0.2110128548811629,0.0962026256024339,0.1258386909910994,1.9298911754718988,1.236433701309239,2.9775685365661952,0.5140152383458825
1334,0.9518918918918924,0.8214982358514226,0.8483188911244025,0.8518530814382764,0.7722730638631736,0.0540540540540561,0.1074670349674871,0.107298344807636,0.1076353305076034,0.108164160678472,0.0801957072848932,0.1066633282008701,0.2110128548811629,0.0954029602937446,0.1247682466648339,1.9347753980754372,1.236433701309239,2.9775685365661952,0.5393787307298259
1335,0.9527027027027032,0.8222462945353848,0.8490076878169965,0.8536017686370287,0.7737131183690451,0.0540540540540561,0.1074123729607091,0.1072546776592335,0.1075686111158948,0.108192423061697,0.0810491056994578,0.1066633282118521,0.2110128548811629,0.0948568976304465,0.1240475189842605,1.9291876601639948,1.236433701309239,2.9775685365661952,0.5569304869811526
1336,0.9521621621621628,0.8234299582420251,0.8505399309791316,0.8538252379389628,0.7750789410107422,0.0540540540540561,0.10736115733898,0.1072138220097935,0.1075061743339558,0.1081992107475088,0.0814827727976066,0.1066633282220261,0.2110128548811629,0.0939879430990739,0.1228894630884848,1.9468166978829984,1.236433701309239,2.9775685365661952,0.5939578882510519
1337,0.9505405405405412,0.8229640325823792,0.8492253366284325,0.8548819214363248,0.7748787928333846,0.0540540540540561,0.1073132051025852,0.1077756551659024,0.1074477836070411,0.108287747290374,0.0826768020750727,0.1066633282314513,0.2110128548811629,0.0943678708829812,0.1233793648663284,1.9635857613642769,1.236433701309239,2.9775685365661952,0.5798022909781246
1338,0.9510810810810816,0.8225124249628779,0.8488605990335958,0.8539221181500691,0.7740323988594049,0.0540540540540561,0.1072683387079278,0.1077012000202453,0.1073932105420772,0.1081963352542412,0.0819761981400412,0.1066633282401828,0.2110128548811629,0.0947458007274239,0.1238534056831581,1.959701251702174,1.236433701309239,2.9775685365661952,0.5450980332325964
1339,0.9518918918918924,0.8226468501172459,0.8494454301710924,0.8522445184510977,0.7736047242278391,0.0540540540540561,0.1072263864549401,0.1076312792193071,0.1073422352817432,0.1081165040093826,0.0821058075447573,0.1066633282482719,0.2110128548811629,0.0946715755481415,0.123739956655284,1.967001167885494,1.236433701309239,2.9775685365661952,0.5311067985819797
1340,0.9527027027027034,0.8232942953368856,0.8486604370196852,0.8512013915896387,0.7732725388052754,0.0540540540540561,0.1071871827906413,0.1075656737128331,0.107894680152604,0.1081581787234042,0.0811668432117298,0.1066633282557654,0.2110128548811629,0.0941937438318523,0.1231121132677939,1.9637306734954227,1.236433701309239,2.9775685365661952,0.5251099588781777
1341,0.9535135135135144,0.8225717729865885,0.8481799886702501,0.849937453366016,0.7721218108053549,0.0540540540540561,0.1071505685345143,0.1075041677735737,0.1078115166091585,0.1080550314092674,0.0802966548682399,0.1066633282627076,0.2110128548811629,0.0947702044913459,0.1238529427461542,1.9664638108581216,1.236433701309239,2.9775685365661952,0.5604408059390685
1342,0.9529729729729736,0.8218479443030169,0.8481638524910053,0.8511871561717221,0.7723068360339098,0.0540540540540561,0.1077164244152153,0.1074465499767479,0.1077335192265058,0.1082792236667372,0.0798323259513786,0.106663328269139,0.2110128548811629,0.0949960843691806,0.1242938434893751,1.965346323044251,1.236433701309239,2.9775685365661952,0.5659039807510314
1343,0.9527027027027036,0.8200058554374848,0.8483418171012557,0.851394636813248,0.771531973842403,0.0540540540540561,0.1076457779364514,0.1073926140281846,0.1076604240738249,0.1082346971991914,0.080775577288856,0.1066633282750971,0.2110128548811629,0.0964403371029251,0.1261712555942893,1.9699941054594792,1.236433701309239,2.9775685365661952,0.571737708631338
1344,0.9527027027027036,0.820983274061868,0.8488621773556928,0.850757210219018,0.771898643894642,0.0540540540540561,0.1075794573208361,0.1073421594499977,0.1075919735593102,0.1081736097628357,0.0807831515565292,0.1066633282806166,0.2110128548811629,0.0957417670117798,0.1252269972777138,1.973290884894948,1.236433701309239,2.9775685365661952,0.5486855445413319
1345,0.9537837837837848,0.8207704395138669,0.8500067575244902,0.8512630022476789,0.7724979362164929,0.0540540540540561,0.1075172498602296,0.1072949921338966,0.1075279172377021,0.1081716354881702,0.0811680942564027,0.10666332828573,0.2110128548811629,0.0959357584998316,0.1254709355560183,1.963068702449234,1.236433701309239,2.9775685365661952,0.550902074440845
1346,0.9537837837837846,0.8190737239534799,0.8504071881432672,0.8511664610793604,0.7717241172768614,0.0540540540540561,0.1074589467597301,0.1072509247730159,0.1074680124707141,0.1081310737720001,0.081312739032728,0.1066633282904669,0.2110128548811629,0.0972776511803589,0.1271968026666555,1.964414571224805,1.236433701309239,2.9775685365661952,0.5765626061278366
1347,0.9540540540540546,0.815129977959119,0.8512944354931448,0.8511132695917386,0.7701795010460496,0.0540540540540561,0.1079992033694298,0.107209777183556,0.1074120249502451,0.1083523865009734,0.0816650529918197,0.1066633282948553,0.2110128548811629,0.0999821973536281,0.1308704203561662,1.9699448840386724,1.236433701309239,2.9775685365661952,0.5502753155467657
1348,0.9540540540540547,0.8166344581418347,0.8514874506614588,0.8502053890348366,0.770705308032067,0.0540540540540561,0.1079097229366687,0.1071713765275988,0.1079597624784035,0.1084102852763197,0.0805927005521772,0.1066633282989208,0.2110128548811629,0.0988923203237791,0.1294106803898312,1.9751736437246536,1.236433701309239,2.9775685365661952,0.5189811321016652
1349,0.9545945945945952,0.8162808488253939,0.8522771286639501,0.8510817523711361,0.7713545449210543,0.0540540540540561,0.1084257315574696,0.1071355574482837,0.1078721820268511,0.1086430336268107,0.0801377936848713,0.1066633283026871,0.2110128548811629,0.0988471600161009,0.1295062853958711,1.970872149927008,1.236433701309239,2.9775685365661952,0.5273392219538662
1350,0.9540540540540546,0.8162498082727414,0.8510461490143583,0.8516573347867599,0.771066326081296,0.0540540540540561,0.1083081387268072,0.1071021621281421,0.107790043829003,0.1085538154079952,0.0802539204231284,0.1066633283061762,0.2110128548811629,0.0989299492604256,0.1295961223638544,1.972848737581764,1.236433701309239,2.9775685365661952,0.5547918931194107
1351,0.9548648648648652,0.8164141801925743,0.8506940385626427,0.8507563384279498,0.7706683218434763,0.0540540540540561,0.1081976520270049,0.1070710402808486,0.1082854305283467,0.1085855550239225,0.0801895193404481,0.1066633283094085,0.2110128548811629,0.0988808645237248,0.1294869937939226,1.9771123268900892,1.236433701309239,2.9775685365661952,0.5431689794773104
1352,0.955405405405406,0.8166611283754007,0.8501450597051468,0.8511869004763755,0.7706970792762062,0.0540540540540561,0.1080939366915438,0.107042049086001,0.1081766147918443,0.1085110972199931,0.0805797212353879,0.1066633283124029,0.2110128548811629,0.098747614085203,0.1292919032788273,1.979278954893308,1.236433701309239,2.9775685365661952,0.5411733129999636
1353,0.9554054054054056,0.8167853322467448,0.8474136871221885,0.8500559649148666,0.7694154952207896,0.0540540540540561,0.1079966615207197,0.1082151198421529,0.1080744550553418,0.1085652645466823,0.0808552337014362,0.106663328315177,0.2110128548811629,0.0987199779797232,0.1292163369928953,1.965912474388613,1.236433701309239,2.9775685365661952,0.5383675317701424
1354,0.9543243243243248,0.816278612010591,0.8465260125188265,0.8513090907791403,0.7692717969745096,0.0540540540540561,0.1085055340252488,0.1081124713684035,0.1079786263073982,0.1087298321297383,0.0802800108851444,0.1066633283177468,0.2110128548811629,0.098815238763515,0.1294686209767842,1.968599345321928,1.236433701309239,2.9775685365661952,0.5691036474744078
1355,0.9551351351351356,0.817717217749926,0.8460235941355495,0.8522101423679084,0.7702746152105645,0.0540540540540561,0.1083814087030632,0.1084479746338002,0.107888808910979,0.1087618594016063,0.0800641408988154,0.1066633283201277,0.2110128548811629,0.0977760826538779,0.1280920778985426,1.9640368186189263,1.236433701309239,2.9775685365661952,0.5511890497515753
1356,0.9540540540540542,0.8176735010941535,0.8466586294813019,0.8510212852871846,0.7699241417280305,0.0540540540540561,0.1082649422065113,0.1083304234265825,0.1078046900081344,0.1086631620641409,0.0803791168923267,0.1066633283223332,0.2110128548811629,0.0978855136878438,0.1281940278025906,1.9680745542596776,1.236433701309239,2.9775685365661952,0.5737203149124223
1357,0.954864864864865,0.8185069289455749,0.8483011080013313,0.8510641483126862,0.7709449054338006,0.0540540540540561,0.1081557527390064,0.1082197729933631,0.1077259646996331,0.1086354140926709,0.0797863123847096,0.1066633283243765,0.2110128548811629,0.0973181817733486,0.1274151946849218,1.963933854246015,1.236433701309239,2.9775685365661952,0.6223635335964569
1358,0.9554054054054056,0.8187362161935791,0.8492171047422261,0.8507042442911273,0.7712924827973537,0.0540540540540561,0.1080534657803314,0.1081157258700997,0.1076523370139558,0.1085718256572293,0.079837831732919,0.1066633283262694,0.2110128548811629,0.0972008628613331,0.1272370509162549,1.9654665329144223,1.236433701309239,2.9775685365661952,0.6298724677416196
1359,0.9562162162162164,0.8190550500484961,0.8481961492906397,0.8516275301127529,0.7713562610585977,0.0540540540540561,0.1079577156415055,0.108017983402865,0.107583520681617,0.1084981314386911,0.0794927964941705,0.106663328328023,0.2110128548811629,0.0970133516963429,0.1269660921307509,1.9738008113398664,1.236433701309239,2.9775685365661952,0.5819263175895568
1360,0.9556756756756758,0.8191475788286795,0.848445439267943,0.8506577142641396,0.7710055163496363,0.0540540540540561,0.1078681467500188,0.1079262479565262,0.1075192397317038,0.1084048017730942,0.0792356042679285,0.1066633283296475,0.2110128548811629,0.0969842207965266,0.1269183477963109,1.963752440332826,1.236433701309239,2.9775685365661952,0.563802678935079
1361,0.9548648648648652,0.8192581563411571,0.8505528617698691,0.8519099864770032,0.7724694302062173,0.0540540540540561,0.1077844146861795,0.1078402248435291,0.107459228927906,0.1084459585664512,0.0793864919999459,0.1066633283311525,0.2110128548811629,0.0969506558919653,0.1268496363157531,1.962006553056286,1.236433701309239,2.9775685365661952,0.5774910086519691
1362,0.9545945945945948,0.8201511665036213,0.851202595889083,0.8523648396234598,0.7732989011560347,0.0540540540540561,0.1077061869923432,0.1077596239839471,0.1074032340612361,0.1084157639069788,0.0787988661085457,0.1066633283325467,0.2110128548811629,0.096308341182538,0.125995740000207,1.9641616125447965,1.236433701309239,2.9775685365661952,0.5938234548997149
1363,0.9554054054054056,0.819095004001848,0.8518714323719563,0.8524160522704876,0.7730099649379452,0.0540540540540561,0.107633143777148,0.1076841613114216,0.1073510121162238,0.1083791528353342,0.0797852943909583,0.1066633283338384,0.2110128548811629,0.0971593243683372,0.1270884241095781,1.9561466105032688,1.236433701309239,2.9775685365661952,0.5897375873397209
1364,0.955675675675676,0.8200774020980197,0.8492801630278131,0.8519070230739341,0.7722557205871518,0.0540540540540561,0.1075649781367025,0.1082135933252542,0.1073023313266651,0.1083778859041767,0.079705189114097,0.106663328335035,0.2110128548811629,0.0964484419220844,0.1261401088336289,1.9549046449942808,1.236433701309239,2.9775685365661952,0.5686053852081014
1365,0.9545945945945952,0.8190375898744163,0.8476399727943393,0.8514580033150247,0.7710200704974776,0.0540540540540561,0.1081007200709867,0.108708858201576,0.107256971136112,0.1086193723501655,0.0802990256062948,0.1066633283361434,0.2110128548811629,0.0969318341359337,0.1269120500900896,1.95321381914876,1.236433701309239,2.9775685365661952,0.5809972273820675
1366,0.9540540540540544,0.8180328177351557,0.8496877103003766,0.851024496921745,0.771186469780016,0.0540540540540561,0.1080027345080438,0.1085718372361014,0.1072147220772491,0.1085933655639428,0.0809953242675802,0.1066633283371703,0.2110128548811629,0.0977475899214514,0.1279658150108225,1.9426055558970736,1.236433701309239,2.9775685365661952,0.578359928232884
1367,0.953783783783784,0.8192778015125409,0.8506420718263941,0.8515268341904513,0.7723581624446055,0.0540540540540561,0.1079109563430704,0.1084431677017411,0.1071753855831867,0.108563948613322,0.0808874723864421,0.1066633283381218,0.2110128548811629,0.0968551866948406,0.1267667203159236,1.9321748042493772,1.236433701309239,2.9775685365661952,0.568494941979829
1368,0.9537837837837844,0.8209759497311446,0.851006849420923,0.8497472845640435,0.7727820671082632,0.0540540540540561,0.107825052244638,0.1083224465426608,0.1077388071257011,0.1085909620374287,0.0809484224098014,0.106663328339003,0.2110128548811629,0.095599406706303,0.1251115241465364,1.929894632801108,1.236433701309239,2.9775685365661952,0.5543499962778201
1369,0.9532432432432438,0.8214531918620496,0.8517571883274058,0.8501187895182025,0.773440233673469,0.0540540540540561,0.1077446992729885,0.1082092764856251,0.1076659827022079,0.10855790459154,0.0816748623894178,0.1072246020330628,0.2114157181119272,0.0952771531608499,0.1246744585014562,1.9344950453970944,1.236433701309239,2.9775685365661952,0.5508320056068162
1370,0.9527027027027034,0.8218241536162513,0.8517276682627627,0.8502402971677053,0.7736796131385659,0.0540540540540561,0.1076695855424,0.1086734446305777,0.1075977124229275,0.1086329055253179,0.0809767881238321,0.107187604147984,0.2113924804465078,0.0950418080269896,0.1243410536125488,1.938282095352032,1.236433701309239,2.9775685365661952,0.5310305807908284
1371,0.9521621621621628,0.8229920803652271,0.8533235912384931,0.850977868417683,0.7752225913534019,0.0540540540540561,0.1075994107253115,0.1085376416521151,0.1075337585283232,0.1086281451274501,0.0803764882274442,0.1071522506133312,0.2113698309018352,0.0941837749183266,0.1232082142721168,1.9233016441823247,1.236433701309239,2.9775685365661952,0.5514612469692323
1372,0.952162162162163,0.8222233778019756,0.8540990619542502,0.8506639814687024,0.7750848429734013,0.0540540540540561,0.1081339197950618,0.1084102659386861,0.1074738899246976,0.1087998724684344,0.0804245609260796,0.1071184341888596,0.2113477481846631,0.0944487810884186,0.1237096623004934,1.915370133830098,1.236433701309239,2.9775685365661952,0.5412951858885263
1373,0.9527027027027032,0.8219218303006599,0.8547175632854754,0.8506554519139377,0.7751833079958312,0.0540540540540561,0.1080340100323373,0.1082908910156476,0.1074178827259077,0.1087407161007589,0.0791048245404747,0.1070860567611539,0.211326211749967,0.0947337165194337,0.1240611646831712,1.914423934187614,1.236433701309239,2.9775685365661952,0.5453122456652397
1374,0.9527027027027032,0.8204497499779283,0.8561189886090035,0.8501789647022473,0.774848448955851,0.0540540540540561,0.1085395258105109,0.1086230982482377,0.1073655206880622,0.1090046412084274,0.0786644662501482,0.1070550283929166,0.211305201813628,0.0955537762028511,0.1252804871168161,1.922106186675601,1.236433701309239,2.9775685365661952,0.5311640354883973
1375,0.9516216216216224,0.8223357558712969,0.8556613964219595,0.8513063211994266,0.7760104675027213,0.0540540540540561,0.10841315992898,0.1084908443081977,0.1073165955435356,0.1089416828169721,0.0776266989306813,0.1070252664886708,0.2112846993538767,0.0942006100847101,0.1234576641642131,1.923234678442233,1.236433701309239,2.9775685365661952,0.538826760079854
1376,0.9508108108108116,0.8218280588955499,0.8547616431167161,0.8521086660952979,0.7756518530375789,0.0540540540540561,0.1082945947432639,0.1083667782922768,0.1072709072416007,0.1088507400870917,0.0784947968251381,0.1069966950605776,0.2112646861043038,0.0946510762358941,0.1240246437328184,1.924518167429328,1.236433701309239,2.9775685365661952,0.5529466244583997
1377,0.951621621621622,0.8223716160550536,0.856024325476137,0.8520315079677929,0.7764127703232623,0.0540540540540561,0.1081834388614304,0.1082504883166072,0.1072282641036187,0.1088109203191257,0.0792289529223863,0.1069692440806284,0.211245144540628,0.0943050391406377,0.1235366645142311,1.929715901398659,1.236433701309239,2.9775685365661952,0.5298320063161627
1378,0.9518918918918924,0.8225254614388265,0.8543392785207832,0.8511089210565501,0.7754235296367402,0.0540540540540561,0.1080793091454193,0.1087416042881838,0.1077885162299776,0.108979328031746,0.0799148396537754,0.1069428489075847,0.2112260578629214,0.0942557063930102,0.1234348839884637,1.933215585627529,1.236433701309239,2.9775685365661952,0.5618680370476747
1379,0.9521621621621624,0.8234750005916773,0.8538721800104192,0.8506106453929766,0.7754287680769959,0.0540540540540561,0.1079818320989561,0.1086009062773801,0.1077126625078808,0.1088562122192189,0.080173338908215,0.1069174497787921,0.211207409974617,0.093596745426917,0.1225340833588445,1.935871270815704,1.236433701309239,2.9775685365661952,0.5756068996967784
1380,0.9518918918918922,0.8229618035105287,0.8527510728905453,0.8485892869182247,0.7737959701023921,0.0540540540540561,0.107890645018045,0.1084689797414898,0.1076415041358685,0.1086683156450456,0.0804262384311403,0.1068929913584595,0.2111891854593268,0.0940488595519966,0.1230928739804484,1.9360266295818576,1.236433701309239,2.9775685365661952,0.5731246579227872
1381,0.9510810810810816,0.8231500587057816,0.8516205768300132,0.849152455362973,0.7736026918439077,0.0540540540540561,0.1078053969193241,0.1083453749438138,0.1075748031212977,0.1085669861822098,0.0805042199891091,0.1068694223352168,0.2111713695562643,0.0939477200988543,0.1229472428345559,1.929885153439306,1.236433701309239,2.9775685365661952,0.5628958399765436
1382,0.9516216216216224,0.8214067079072461,0.8522476779416864,0.8497203730543502,0.7732020857251772,0.0540540540540561,0.1083257826464462,0.1082296526724826,0.1075123269830822,0.1087565196530314,0.0811171714690237,0.1068466950627917,0.211153948134888,0.0950104159039088,0.1244304007695309,1.9216835095312812,1.236433701309239,2.9775685365661952,0.5500056258900522
1383,0.9513513513513516,0.821343928334417,0.8528818260015228,0.8499041826069806,0.7735192209697379,0.0540540540540561,0.108212650183593,0.1081213857644173,0.107453849495244,0.1086986158047236,0.0821649370076309,0.1068247652385104,0.2111369076692337,0.0951093530372661,0.1245497465737864,1.9191968789901792,1.236433701309239,2.9775685365661952,0.5458787812284196
1384,0.9513513513513518,0.8218327730049084,0.8536498377279641,0.8500166595518768,0.7741262033862405,0.0540540540540561,0.1081066549364885,0.1080201603392739,0.1073991513006731,0.1086491213068145,0.0814808986023552,0.1068035916150553,0.211120235212295,0.0947901296654477,0.1241138995268474,1.9254479424467372,1.236433701309239,2.9775685365661952,0.5429432001625623
1385,0.951621621621622,0.8215874549115572,0.8528998844007998,0.8501932861181055,0.7737175163507116,0.0540540540540561,0.1080074183209462,0.1079255767677302,0.1073480204027941,0.1085607735827624,0.0827597996173363,0.1067831357415376,0.2111039183707211,0.0950397113617224,0.1244088359279699,1.926937645010509,1.236433701309239,2.9775685365661952,0.5340060943811825
1386,0.9513513513513516,0.8218964544583386,0.8524700311426792,0.8493100248424164,0.7732708965104047,0.0540540540540561,0.107914572757396,0.1078372503990882,0.1073002525439682,0.1084498679621898,0.0826762297915188,0.1067633617304607,0.2110879452800329,0.0948618492649099,0.1241462591629632,1.9203233315876624,1.236433701309239,2.9775685365661952,0.592801661920936
1387,0.9510810810810814,0.8218053081354378,0.8526287760943834,0.8492740715211572,0.7732633937487496,0.0540540540540561,0.1078277625701433,0.1077548120731531,0.1072556514801768,0.1083916952839269,0.0824919301992709,0.1067442360476069,0.2110723045804996,0.0949767055603771,0.1242808105794903,1.9216435669270573,1.236433701309239,2.9775685365661952,0.6036167135084824
1388,0.950540540540541,0.8204735758588145,0.8508593732746077,0.8517438797551524,0.7730544237742224,0.0540540540540561,0.1077466446889536,0.1082308884053071,0.1076691485618935,0.1085741136341735,0.0831605762151865,0.1067257273222559,0.2110569853937823,0.0960475631464575,0.1256531017967087,1.9338945511297607,1.236433701309239,2.9775685365661952,0.5730913318537263
1389,0.9513513513513516,0.8198151826099327,0.8504158882700694,0.8523160061447866,0.7727996845700773,0.0540540540540561,0.1082709225529015,0.1081238523036494,0.107601917650277,0.1087429896077328,0.0824475264169391,0.1067078061754794,0.2110419773004093,0.0962474039821136,0.1260493561136169,1.9359364240776,1.236433701309239,2.9775685365661952,0.5511361116153652
1390,0.9500000000000004,0.8220666464319447,0.8508697181369608,0.8524045766908037,0.7741204204021013,0.0540540540540561,0.108161453244841,0.1080236188463936,0.1075387700923251,0.108674736570172,0.0825690132218438,0.1066904450645324,0.2110272703181293,0.0945790248046604,0.1238526269456345,1.9553510381094563,1.236433701309239,2.9775685365661952,0.5697095766867456
1391,0.9521621621621628,0.8225469934322175,0.8483487588173502,0.852322342790652,0.7733368063835586,0.0540540540540561,0.1080589016157256,0.1085298535088019,0.1074795098053068,0.1086701485881589,0.0819759715741308,0.1066736181416073,0.2110128548811629,0.0942594171773532,0.1234235557599199,1.9536559275234455,1.236433701309239,2.9775685365661952,0.5360563509685516
1392,0.9510810810810816,0.824061598037519,0.8470560408419395,0.8515895860455842,0.7731971847642484,0.0540540540540561,0.1079628987374112,0.1084033737085454,0.10742394356268,0.1085304696695727,0.0827495988145166,0.1066573011254309,0.2109987218203591,0.0931534071883853,0.1219569525937753,1.9538211122379072,1.236433701309239,2.9775685365661952,0.5156053213375608
1393,0.9508108108108114,0.8234060762168395,0.8477325378115984,0.8523070319309487,0.7733895802389524,0.0540540540540561,0.1078730867808181,0.108284803414343,0.1073718818751868,0.1085002712075987,0.0839355005720453,0.1072027448776016,0.2113877255750187,0.0937135188380053,0.1226573803927513,1.9617233160053145,1.236433701309239,2.9775685365661952,0.5117021624790754
1394,0.9497297297297302,0.8232876472304349,0.8476536063143219,0.8510354924204971,0.7726852998680355,0.0540540540540561,0.1077891198165448,0.1081737320377423,0.1073231397396562,0.1083929821440125,0.0842726388662455,0.1071503826371901,0.2113508935863618,0.0938581467704604,0.1228177928612927,1.960648197643266,1.236433701309239,2.9775685365661952,0.4902102319101843
1395,0.9502702702702708,0.824261016219328,0.846126274692635,0.8508778369170388,0.7725884455584435,0.0540540540540561,0.1077106644338479,0.1086696505335078,0.107277537262432,0.1084130796556674,0.08382577089553,0.1071001100908657,0.2113149067819304,0.0931498349924965,0.1218836515637484,1.977882646363448,1.236433701309239,2.9775685365661952,0.4641157875406873
1396,0.9508108108108114,0.823801362242145,0.844590960974131,0.8504623474481157,0.771456294793251,0.0540540540540561,0.1076374001930989,0.108533640033022,0.1072349001656434,0.1082810828988523,0.0843327094189952,0.1070518009122255,0.211279736105186,0.0935468278571965,0.1223799376613057,1.9660250985594807,1.236433701309239,2.9775685365661952,0.4669098108939337
1397,0.9513513513513516,0.8245038784719455,0.8433406545412031,0.8506077908687574,0.7712793290403368,0.0540540540540561,0.1075690199273919,0.1084061391118205,0.107195060185403,0.1081790191723267,0.083389256180801,0.1070053389769721,0.2112453535583716,0.0930431599567411,0.121711611564358,1.9657553340433005,1.236433701309239,2.9775685365661952,0.498220944690787
1398,0.9521621621621624,0.8253199720627329,0.844189345872088,0.8507280731852499,0.7720879793794926,0.0540540540540561,0.107505229909114,0.1082867061652584,0.1071578553715242,0.1081435337621047,0.0828580497563953,0.1069606173375312,0.2112117322004432,0.0924504141484481,0.1209274129827099,1.9623111499507693,1.236433701309239,2.9775685365661952,0.4980282347699837
1399,0.9518918918918922,0.8256177968748186,0.8439927009366613,0.8507968481477087,0.7721539840897165,0.0540540540540561,0.1074457498970723,0.1081749109645708,0.10712313029854,0.1080790063001204,0.0845208361186314,0.1069175373202186,0.2111788461345076,0.0922594606938667,0.1206593281766454,1.9468305779314068,1.236433701309239,2.9775685365661952,0.5331348005077848
1400,0.9527027027027029,0.8235398273795728,0.8445813434319015,0.8501766177815352,0.7710906670527272,0.0540540540540561,0.1079903464621903,0.1080703359391241,0.1070907361977495,0.1082485654335572,0.0844923605211388,0.1068760077280805,0.2111466704875456,0.0935394754482405,0.1224649993893322,1.9561818416889083,1.236433701309239,2.9775685365661952,0.5496243158315751
