rank,num_bins,short_window_size,discount,base_rate,eta,tau_ok,num_runs,nominal_consistent_rate_mean,nominal_consistent_rate_std,nominal_consistent_rate_median,nominal_undecided_rate_mean,nominal_undecided_rate_std,nominal_undecided_rate_median,nominal_false_inconsistent_rate_mean,nominal_false_inconsistent_rate_std,nominal_false_inconsistent_rate_median,fault_false_consistent_rate_mean,fault_false_consistent_rate_std,fault_false_consistent_rate_median,fault_undecided_rate_mean,fault_undecided_rate_std,fault_undecided_rate_median,fault_inconsistent_rate_mean,fault_inconsistent_rate_std,fault_inconsistent_rate_median,steady_nominal_consistent_rate_mean,steady_nominal_consistent_rate_std,steady_nominal_consistent_rate_median,steady_nominal_undecided_rate_mean,steady_nominal_undecided_rate_std,steady_nominal_undecided_rate_median,steady_nominal_false_inconsistent_rate_mean,steady_nominal_false_inconsistent_rate_std,steady_nominal_false_inconsistent_rate_median,steady_fault_false_consistent_rate_mean,steady_fault_false_consistent_rate_std,steady_fault_false_consistent_rate_median,steady_fault_undecided_rate_mean,steady_fault_undecided_rate_std,steady_fault_undecided_rate_median,steady_fault_inconsistent_rate_mean,steady_fault_inconsistent_rate_std,steady_fault_inconsistent_rate_median,steady_undecided_rate_mean,steady_undecided_rate_std,steady_undecided_rate_median,steady_balanced_undecided_rate_mean,steady_balanced_undecided_rate_std,steady_balanced_undecided_rate_median,steady_balanced_correct_rate_mean,steady_balanced_correct_rate_std,steady_balanced_correct_rate_median,steady_worst_class_correct_rate_mean,steady_worst_class_correct_rate_std,steady_worst_class_correct_rate_median,steady_confident_error_rate_mean,steady_confident_error_rate_std,steady_confident_error_rate_median,steady_decision_coverage_mean,steady_decision_coverage_std,steady_decision_coverage_median,steady_selective_accuracy_mean,steady_selective_accuracy_std,steady_selective_accuracy_median,undecided_localization_precision_mean,undecided_localization_precision_std,undecided_localization_precision_median,transition_undecided_sample_rate_mean,transition_undecided_sample_rate_std,transition_undecided_sample_rate_median,undecided_transition_f1_mean,undecided_transition_f1_std,undecided_transition_f1_median,mean_q_consistent_steady_nominal_mean,mean_q_consistent_steady_nominal_std,mean_q_consistent_steady_nominal_median,median_q_consistent_steady_nominal_mean,median_q_consistent_steady_nominal_std,median_q_consistent_steady_nominal_median,q05_consistent_steady_nominal_mean,q05_consistent_steady_nominal_std,q05_consistent_steady_nominal_median,q10_consistent_steady_nominal_mean,q10_consistent_steady_nominal_std,q10_consistent_steady_nominal_median,mean_q_inconsistent_steady_fault_mean,mean_q_inconsistent_steady_fault_std,mean_q_inconsistent_steady_fault_median,median_q_inconsistent_steady_fault_mean,median_q_inconsistent_steady_fault_std,median_q_inconsistent_steady_fault_median,q10_inconsistent_steady_fault_mean,q10_inconsistent_steady_fault_std,q10_inconsistent_steady_fault_median,q20_inconsistent_steady_fault_mean,q20_inconsistent_steady_fault_std,q20_inconsistent_steady_fault_median,eta_ceiling_90pct_nominal_consistent_mean,eta_ceiling_90pct_nominal_consistent_std,eta_ceiling_90pct_nominal_consistent_median,eta_ceiling_80pct_fault_inconsistent_mean,eta_ceiling_80pct_fault_inconsistent_std,eta_ceiling_80pct_fault_inconsistent_median,nominal_consistency_credibility_margin_q10_mean,nominal_consistency_credibility_margin_q10_std,nominal_consistency_credibility_margin_q10_median,fault_inconsistency_credibility_margin_q20_mean,fault_inconsistency_credibility_margin_q20_std,fault_inconsistency_credibility_margin_q20_median,transition_completion_rate_mean,transition_completion_rate_std,transition_completion_rate_median,mediated_transition_rate_mean,mediated_transition_rate_std,mediated_transition_rate_median,direct_transition_rate_mean,direct_transition_rate_std,direct_transition_rate_median,transition_undecided_presence_rate_mean,transition_undecided_presence_rate_std,transition_undecided_presence_rate_median,onset_mediated_transition_rate_mean,onset_mediated_transition_rate_std,onset_mediated_transition_rate_median,recovery_mediated_transition_rate_mean,recovery_mediated_transition_rate_std,recovery_mediated_transition_rate_median,mean_transition_settling_delay_steps_mean,mean_transition_settling_delay_steps_std,mean_transition_settling_delay_steps_median,median_transition_settling_delay_steps_mean,median_transition_settling_delay_steps_std,median_transition_settling_delay_steps_median,mean_undecided_steps_per_transition_mean,mean_undecided_steps_per_transition_std,mean_undecided_steps_per_transition_median,mean_transition_path_length_steps_mean,mean_transition_path_length_steps_std,mean_transition_path_length_steps_median,decision_coverage_mean,decision_coverage_std,decision_coverage_median,selective_accuracy_mean,selective_accuracy_std,selective_accuracy_median,selective_risk_mean,selective_risk_std,selective_risk_median,balanced_three_state_accuracy_mean,balanced_three_state_accuracy_std,balanced_three_state_accuracy_median,q_inconsistent_roc_auc_mean,q_inconsistent_roc_auc_std,q_inconsistent_roc_auc_median,q_inconsistent_average_precision_mean,q_inconsistent_average_precision_std,q_inconsistent_average_precision_median,q_inconsistent_mean_separation_mean,q_inconsistent_mean_separation_std,q_inconsistent_mean_separation_median,region_transitions_per_1000_steps_mean,region_transitions_per_1000_steps_std,region_transitions_per_1000_steps_median,mean_region_dwell_steps_mean,mean_region_dwell_steps_std,mean_region_dwell_steps_median,event_detection_rate_mean,event_detection_rate_std,event_detection_rate_median,mean_detection_delay_steps_mean,mean_detection_delay_steps_std,mean_detection_delay_steps_median,median_detection_delay_steps_mean,median_detection_delay_steps_std,median_detection_delay_steps_median,worst_detection_delay_steps_mean,worst_detection_delay_steps_std,worst_detection_delay_steps_median,mean_recovery_delay_steps_mean,mean_recovery_delay_steps_std,mean_recovery_delay_steps_median,undetected_event_count_mean,undetected_event_count_std,undetected_event_count_median,constraint_violation_count,weighted_normalized_constraint_deficit,normalized_constraint_violation,design_feasible,safety_feasible,pareto_optimal
1,3,15,0.95,0.5,0.9,0.5,20,0.7889212827988338,0.037046109070602906,0.7944606413994169,0.18075801749271136,0.03980644171798308,0.17565597667638483,0.030320699708454812,0.015668814203059482,0.03644314868804665,0.2862142857142857,0.05612490864642258,0.2857142857142857,0.5212142857142857,0.060494338444918104,0.5092857142857143,0.19257142857142856,0.06025295764030067,0.2042857142857143,0.8815022421524663,0.04951620787904939,0.8811659192825112,0.11849775784753362,0.04951620787904939,0.1188340807174888,0.0,0.0,0.0,0.21619565217391307,0.07535105054230547,0.20978260869565218,0.5490217391304347,0.07708071208483303,0.5315217391304348,0.2347826086956522,0.07022003027254733,0.24782608695652175,0.3370860927152318,0.03888429857907383,0.3360927152317881,0.3337597484889842,0.03852764713005586,0.33294014427763696,0.5581424254240593,0.042756332156298454,0.5641743029830376,0.2347826086956522,0.07022003027254733,0.24782608695652175,0.1097682119205298,0.038257707780861495,0.1065121412803532,0.6629139072847682,0.03888429857907381,0.6639072847682119,0.8351204667150853,0.05499893419371219,0.838658295448784,0.3754067759560171,0.03643867273823443,0.36124036643885415,0.3821875,0.05004326983715345,0.39166666666666666,0.3779515502006225,0.040067390163794486,0.3776044864512074,0.9534765199968879,0.011140325828445312,0.9524955845010437,0.9727273636608237,0.007787678661323307,0.9730821530338765,0.8410897627119407,0.04084392572910334,0.8326041456461761,0.889213478389309,0.03040661957820063,0.889475598427953,0.4969751696876122,0.06325155617910225,0.4829658767536623,0.47912885095838015,0.11658073314357187,0.4645254219614628,0.04263232840197882,0.03165555582776819,0.03555216501186004,0.1045572465196342,0.06148262894036756,0.09734915466656063,0.889213478389309,0.03040661957820063,0.889475598427953,0.1045572465196342,0.06148262894036756,0.09734915466656063,-0.01078652161069107,0.030406619578200615,-0.010524401572046982,-0.7954427534803659,0.06148262894036756,-0.8026508453334393,0.5791666666666667,0.07870943678236106,0.5833333333333334,0.4708333333333333,0.10566899106414625,0.5,0.10833333333333332,0.06677622576550266,0.08333333333333333,0.875,0.07404360971988655,0.9166666666666666,0.26666666666666666,0.1470966583596813,0.3333333333333333,0.675,0.15741887356472212,0.6666666666666666,13.319444444444446,3.2342271819485386,13.625,13.8,5.097470993180421,14.0,12.695833333333333,1.854005265989229,12.625,22.525,1.919448781742037,22.166666666666668,0.6472943722943723,0.033907928166715916,0.6511544011544012,0.753791454939423,0.03900000879747523,0.7559721701941686,0.24620854506057696,0.03900000879747523,0.24402782980583132,0.49074635568513114,0.03316613581440447,0.49785714285714283,0.7957423990004165,0.03565561289053601,0.7928102873802583,0.8015155046961185,0.034910917935224356,0.8048403334560832,0.3325029190457037,0.05282270006740545,0.32396702081352236,62.121212121212125,9.120035893282608,62.40981240981241,16.26709136619747,2.5995372059262722,15.84051724137931,0.5916666666666666,0.14784020138716952,0.5833333333333333,55.04083333333333,20.953558697176558,49.5,44.6,24.63395175255826,37.0,98.05,43.848393117050115,92.0,13.558333333333334,3.6169981253238834,13.583333333333332,2.45,0.8870412083230167,2.5,8,7.634345609233041,7.634345609233041,False,False,True
2,3,25,0.9,0.5,0.9,0.5,20,0.8574704142011834,0.033033591932415,0.8572485207100592,0.10473372781065089,0.029026161396270803,0.09985207100591716,0.03779585798816568,0.01741397070505777,0.04363905325443787,0.3887142857142857,0.07141187774849544,0.3907142857142857,0.42592857142857143,0.06181687901060876,0.4114285714285714,0.18535714285714286,0.05741453275459595,0.18785714285714286,0.9666284403669725,0.03022209573018683,0.9736238532110092,0.03337155963302753,0.030222095730186853,0.026376146788990827,0.0,0.0,0.0,0.2848913043478261,0.0856784653395647,0.2891304347826087,0.47989130434782606,0.08078153657290442,0.46195652173913043,0.23521739130434782,0.07126987501789353,0.24021739130434783,0.26261160714285714,0.035291605630812635,0.2606026785714286,0.2566314319904268,0.034183368114428195,0.25544974072596727,0.6009229158356602,0.03529915257369573,0.602572796170722,0.23521739130434782,0.07126987501789353,0.24021739130434783,0.14626116071428572,0.04398671211629438,0.1484375,0.7373883928571429,0.03529160563081262,0.7393973214285714,0.802869608511967,0.05426741479888792,0.7994371943277052,0.36190021577746107,0.057343881023239875,0.35376150909499215,0.2784375,0.054062294011371075,0.2791666666666667,0.31398937723167525,0.05428169033970295,0.3159280280159401,0.9819821855558519,0.006931847884169969,0.983608719688384,0.9935206136117382,0.0025567626651509393,0.9932531128188937,0.9244439532423654,0.03452314602013573,0.9355888219127418,0.9538743132112572,0.021598099682737848,0.9553081693093293,0.4637113858400319,0.06948689193195057,0.4533992074372249,0.4094516493531814,0.14106582110646312,0.3855172337944132,0.018336855094209858,0.017694205789007975,0.014825546019147626,0.05891524722478124,0.043057428645663656,0.04950254010284966,0.9538743132112572,0.021598099682737848,0.9553081693093293,0.05891524722478124,0.043057428645663656,0.04950254010284966,0.0538743132112572,0.02159809968273785,0.0553081693093293,-0.8410847527752188,0.04305742864566364,-0.8504974598971504,0.55,0.06282808624375431,0.5833333333333334,0.4125,0.09549425138082203,0.4166666666666667,0.1375,0.05590169943749474,0.16666666666666666,0.7875,0.08750522123102175,0.75,0.23333333333333334,0.14709665835968128,0.16666666666666666,0.5916666666666667,0.1375963245803161,0.6666666666666666,13.05404761904762,2.671948101948447,12.630952380952381,12.6,5.205260497045779,13.5,9.65,1.9208763838080123,10.041666666666668,23.004166666666666,1.4631124698447509,22.875,0.7318677325581395,0.027499749111592038,0.7332848837209303,0.7051999257304465,0.04146379348090133,0.7125486381322957,0.2948000742695535,0.041463793480901304,0.28745136186770426,0.5214137785291632,0.025877702692176693,0.5190828402366864,0.7850635038038885,0.03527072872789552,0.7854585798816568,0.7831755460607938,0.035826576904114324,0.785868847483423,0.29945770688487533,0.054885071618103805,0.29554184058035027,38.51744186046512,7.592925551525928,36.337209302325576,26.323194705977194,4.6678696705854925,27.02194840200231,0.5333333333333333,0.14907119849998599,0.5,56.70666666666666,21.219425476290816,51.16666666666667,48.125,24.02842341018127,41.0,93.7,44.03001368683818,86.0,13.441666666666666,2.936100668318939,13.5,2.8,0.8944271909999159,3.0,7,7.786029174420562,7.786029174420562,False,False,True
3,3,15,0.9,0.5,0.9,0.5,20,0.7010932944606414,0.05228271416228576,0.7011661807580174,0.27018950437317785,0.057750654215577804,0.27186588921282795,0.02871720116618076,0.014593362289048655,0.03279883381924198,0.23864285714285716,0.04659507448971909,0.24142857142857144,0.5567857142857143,0.05959021358677,0.555,0.20457142857142857,0.06156847157213928,0.2114285714285714,0.7802690582959642,0.0674335066918335,0.7713004484304933,0.2197309417040359,0.0674335066918335,0.22869955156950672,0.0,0.0,0.0,0.17739130434782607,0.06966311761060033,0.16956521739130434,0.5790217391304349,0.07792093411232964,0.5608695652173913,0.24358695652173915,0.06998754455186128,0.2532608695652174,0.40215231788079475,0.04700493983542808,0.39790286975717437,0.39937634041723535,0.046871561483930055,0.39536215636576333,0.5119280074088517,0.05122702361143957,0.5224580814973679,0.24358695652173915,0.06998754455186128,0.2532608695652174,0.09006622516556291,0.03536979481332909,0.08609271523178808,0.5978476821192052,0.04700493983542807,0.6020971302428255,0.8496634660235405,0.057331398817273435,0.8650213174803338,0.36635866927695876,0.03055237144862919,0.36349798669148325,0.4390625,0.0588319658096123,0.446875,0.39838166875175957,0.03914839874620009,0.40324939443103786,0.929999864354494,0.01353531680966165,0.929254628948005,0.954339737330453,0.011465661562992757,0.9549252080018894,0.7794723251647777,0.041254551279732585,0.765993697086242,0.8383471256859247,0.034088986526799404,0.8336540434257702,0.5205117080551875,0.06070173891580786,0.5045517847795193,0.5172465615631177,0.10986480257521643,0.5001465341408453,0.06017987179102104,0.03973627804084913,0.052062988146145,0.13295474469701057,0.06715579610310735,0.13126203218147106,0.8383471256859247,0.034088986526799404,0.8336540434257702,0.13295474469701057,0.06715579610310735,0.13126203218147106,-0.06165287431407531,0.034088986526799404,-0.06634595657422981,-0.7670452553029895,0.06715579610310737,-0.7687379678185289,0.5791666666666667,0.08750522123102174,0.5833333333333334,0.4875,0.10215156151752082,0.5,0.09166666666666666,0.06567241047103436,0.08333333333333333,0.9,0.06945906278887418,0.9166666666666666,0.2833333333333333,0.17184924714030625,0.3333333333333333,0.6916666666666667,0.14584899665257012,0.6666666666666666,13.30281746031746,3.2991919772356555,13.595238095238095,13.325,3.8568974441559685,14.0,13.9,2.1530611962087565,13.5,22.5125,2.1451827918679367,22.416666666666664,0.5850649350649351,0.04406654042121236,0.588023088023088,0.76948767904001,0.038032994128675376,0.769195846526355,0.2305123209599899,0.038032994128675376,0.23080415347364502,0.45283236151603495,0.04218876834899818,0.4639577259475219,0.79598198667222,0.034790831316640264,0.7960360266555602,0.8059752789458136,0.033451577496184534,0.8070636020823474,0.34335898606036863,0.051272757668104116,0.3366955776498014,78.28282828282828,10.98084227486982,78.64357864357865,12.919864351991421,2.014742735113123,12.609378876850549,0.6166666666666667,0.15389675281277315,0.6666666666666666,51.560833333333335,22.469459633646515,45.0,44.85,24.234110366653812,39.5,92.25,45.18718379084238,86.5,14.441666666666666,3.878368183409339,14.5,2.3,0.9233805168766387,2.0,8,7.915715226269918,7.915715226269918,False,False,True
4,3,25,0.95,0.5,0.9,0.5,20,0.869378698224852,0.03261896551861019,0.8698224852071006,0.09186390532544378,0.027682886679471153,0.08653846153846154,0.03875739644970415,0.018197449945303337,0.04511834319526627,0.41950000000000004,0.07439447648207419,0.4157142857142857,0.4027857142857143,0.066315450615471,0.395,0.1777142857142857,0.05897513539669982,0.18428571428571427,0.9797018348623853,0.021570610127617393,0.981651376146789,0.02029816513761468,0.0215706101276174,0.01834862385321101,0.0,0.0,0.0,0.3094565217391304,0.0883083565368836,0.3195652173913044,0.4608695652173913,0.08569450335745593,0.4423913043478261,0.22967391304347826,0.07449720363822679,0.23695652173913043,0.246484375,0.03758932443283326,0.23604910714285715,0.24058386517750302,0.03631780303432839,0.23013063422417232,0.6046878739529318,0.037692582679513,0.6047467092142003,0.22967391304347826,0.07449720363822679,0.23695652173913043,0.15887276785714285,0.04533687947206077,0.1640625,0.753515625,0.037589324432833256,0.7639508928571428,0.7903323860772659,0.054533154697622314,0.7835762260803447,0.35690798826739334,0.06062964065940833,0.33978586508495023,0.25666666666666665,0.05930272224356211,0.25104166666666666,0.2974794045310601,0.05897236300227482,0.2924240037309882,0.9872968160987694,0.00555283761769576,0.9887474317939671,0.9962221244452062,0.0018350838226616414,0.9963558042381879,0.9446415986001375,0.0290562020728803,0.9532614841559901,0.9683061476736728,0.017161216984583734,0.9718248733578159,0.4466905024090277,0.07054485385929223,0.4368637012384463,0.3683911329541941,0.14468440142662334,0.34047737162363717,0.013551629214391844,0.014788210170997521,0.009242032410055934,0.047563471297641734,0.03781068958619339,0.03878762694666435,0.9683061476736728,0.017161216984583734,0.9718248733578159,0.047563471297641734,0.03781068958619339,0.03878762694666435,0.0683061476736729,0.017161216984583727,0.07182487335781579,-0.8524365287023583,0.03781068958619336,-0.8612123730533356,0.5291666666666667,0.04892857905103333,0.5,0.38333333333333336,0.09520676176291323,0.4166666666666667,0.14583333333333331,0.0655331263047541,0.16666666666666666,0.7458333333333333,0.0992479027427301,0.75,0.19166666666666665,0.12419330339509912,0.16666666666666666,0.575,0.1478402013871695,0.5833333333333333,12.557380952380953,2.7485323471360807,12.845238095238095,11.575,5.624839178987581,12.25,8.966666666666667,2.060914462332834,9.208333333333332,23.166666666666664,1.4679818664526871,22.708333333333336,0.7499636627906977,0.0327017670905648,0.7518168604651163,0.6908203115821734,0.04140191951788833,0.69744795940776,0.30917968841782656,0.041401919517888304,0.3025520405922399,0.5235464919695689,0.028677250144632377,0.521506762468301,0.7819075443786982,0.03505909142232222,0.7831899830938293,0.7770278160110509,0.03656292782774335,0.7782195463108799,0.28227278223234353,0.05508153550314875,0.27806256607073737,33.28488372093023,7.231397764736437,34.5203488372093,31.143878621925506,9.383879207014184,28.374149659863946,0.5083333333333333,0.11438879019220995,0.5,60.2875,22.773941117115584,53.29166666666667,49.85,23.541732261979725,42.25,100.95,48.290213675672476,94.0,13.366666666666665,3.069182796924236,12.75,2.95,0.6863327411532597,3.0,7,7.969649959688838,7.969649959688838,False,False,True
5,3,15,0.98,0.5,0.9,0.5,20,0.8575072886297376,0.035784675711498085,0.857871720116618,0.11078717201166181,0.0325717163410324,0.09839650145772594,0.031705539358600585,0.0171952809546002,0.03644314868804665,0.3711428571428571,0.06524941818573403,0.37357142857142855,0.45785714285714285,0.06257026125872388,0.45571428571428574,0.17099999999999999,0.05909103828488201,0.18357142857142855,0.9595291479820627,0.03113177163571612,0.9663677130044843,0.04047085201793722,0.03113177163571618,0.033632286995515695,0.0,0.0,0.0,0.2773913043478261,0.07782870762497647,0.27826086956521734,0.5053260869565218,0.07517920420568774,0.4902173913043478,0.21728260869565216,0.07254582501215256,0.23043478260869565,0.2764900662251656,0.03198277806657487,0.2786975717439294,0.2728984694872295,0.03140323351012091,0.27532657438097097,0.5884058783388575,0.03716184242835601,0.5874805030220316,0.21728260869565216,0.07254582501215256,0.23043478260869565,0.14083885209713026,0.039515679368089605,0.141280353200883,0.7235099337748344,0.03198277806657489,0.7213024282560707,0.80605444782485,0.051325826757323695,0.7971739507959479,0.36690617769666184,0.051626068220512,0.3475725604333414,0.30416666666666664,0.05901079046931048,0.30208333333333337,0.3317969638322665,0.05467565116567384,0.33633999407446424,0.9784070392023253,0.007242859661907952,0.9800259847386872,0.9905985852697089,0.0036307024882134115,0.9908352768485499,0.9151979907851224,0.032853550420930654,0.9264171410503029,0.944762018056043,0.022956921346997866,0.9508590253858017,0.4535784006136332,0.06692538968300113,0.4461555742216954,0.39115198515844396,0.12629232269046672,0.3665236778879608,0.021963330311519872,0.019200084982767724,0.018269352509879967,0.06512692047324056,0.046802986279798266,0.05432252315024537,0.944762018056043,0.022956921346997866,0.9508590253858017,0.06512692047324056,0.046802986279798266,0.05432252315024537,0.04476201805604284,0.022956921346997897,0.05085902538580167,-0.8348730795267594,0.04680298627979826,-0.8456774768497546,0.5333333333333333,0.0628280862437543,0.5,0.39583333333333337,0.08916031293971985,0.4166666666666667,0.1375,0.05590169943749474,0.16666666666666666,0.8041666666666666,0.08666582320777147,0.8333333333333334,0.19166666666666665,0.1458489966525701,0.16666666666666666,0.6,0.13679711361135385,0.5833333333333333,12.100357142857144,3.0565211097434286,11.976190476190476,11.275,5.324904249200909,10.0,10.5375,2.036845363567819,10.75,22.879166666666666,1.5042520143935376,22.625,0.713924963924964,0.029574119146572143,0.7077922077922079,0.7159531947237868,0.03935229027661277,0.718491277484538,0.2840468052762132,0.03935229027661277,0.28150872251546194,0.5142536443148689,0.02920712478137441,0.5158309037900874,0.7907663473552686,0.03670426764330385,0.7919252394835485,0.7891374981530663,0.037578093462100406,0.7928770702476249,0.29827279204599505,0.05395237872365264,0.2949457029563468,42.496392496392495,6.486752096678134,42.20779220779221,23.61852415123883,3.3934668845839466,23.295762711864406,0.5,0.1324532357065044,0.5,56.46,21.508106998679978,56.16666666666667,51.275,24.55845604181775,48.25,87.2,39.58814282877613,90.5,12.941666666666666,3.1415322927194027,13.166666666666666,3.0,0.7947194142390263,3.0,7,8.065527324967263,8.065527324967263,False,False,True
6,3,35,0.9,0.5,0.9,0.5,20,0.868993993993994,0.03360594535869432,0.8851351351351351,0.08573573573573574,0.029159583180295538,0.07882882882882883,0.045270270270270266,0.022436879474419878,0.05105105105105105,0.4913571428571428,0.07775236102873294,0.47571428571428576,0.3364285714285714,0.07081162132224988,0.32571428571428573,0.1722142857142857,0.05760988659334029,0.1742857142857143,0.9869718309859156,0.013024857275917897,0.9870892018779343,0.013028169014084507,0.013024857275917867,0.012910798122065727,0.0,0.0,0.0,0.3640217391304348,0.09129201998065352,0.37282608695652175,0.4031521739130435,0.09054241032167755,0.38804347826086955,0.23282608695652174,0.07753252484419393,0.24347826086956523,0.21557562076749437,0.044685477932562175,0.2104966139954853,0.20809017146356398,0.04288703634092389,0.20341141049193712,0.6098989589712186,0.03665436150217564,0.6195881812614819,0.23282608695652174,0.07753252484419393,0.24347826086956523,0.18899548532731375,0.0473976627439059,0.1935665914221219,0.7844243792325056,0.044685477932562154,0.7895033860045146,0.760448667930511,0.05139453721747287,0.756159829921105,0.34535329214492266,0.06597353706155518,0.3466081043902055,0.21166666666666667,0.061048196614982175,0.21770833333333334,0.2602976905524497,0.06234039208059831,0.2703288716613167,0.9916911714005077,0.00516447598701621,0.9935350482927074,0.9991900597881995,0.0006041065589376253,0.9992881438922538,0.9737879972548594,0.01987808801116202,0.9772009223185667,0.9872394541024114,0.011354158335032897,0.9904089977461115,0.4183008906863745,0.07306462661937548,0.41026487215287566,0.3051395110548265,0.14614001143905148,0.30143471617009443,0.0063476850829544355,0.008338729638970754,0.0026784326220090707,0.027417300450977667,0.0277363617331541,0.01634210397016301,0.9872394541024114,0.011354158335032897,0.9904089977461115,0.027417300450977667,0.0277363617331541,0.01634210397016301,0.0872394541024114,0.011354158335032897,0.09040899774611144,-0.8725826995490223,0.027736361733154108,-0.883657896029837,0.4666666666666667,0.07354832917984065,0.5,0.30833333333333335,0.09785715810206662,0.29166666666666663,0.15833333333333333,0.06567241047103436,0.16666666666666666,0.6125,0.13043729868748774,0.5833333333333334,0.09166666666666666,0.11438879019220993,0.0,0.525,0.16468115569468073,0.5,10.9375,3.3497448548438444,10.416666666666668,9.2,6.000877128869535,8.5,7.291666666666667,2.0289390250205805,7.583333333333334,23.895833333333336,1.6578439725821297,23.416666666666664,0.7857979502196193,0.04185853543059098,0.7942898975109809,0.6524448983426725,0.039470634632775455,0.6574245978677464,0.3475551016573276,0.03947063463277544,0.3425754021322535,0.5206041398541399,0.029469025290950912,0.5210950235950236,0.7646342235092235,0.03393429044549561,0.7661229086229087,0.754841489155115,0.03807178184257903,0.7505830294984263,0.23995502709352926,0.055053509594153054,0.2355297408618141,27.562225475841878,5.833714380302077,27.086383601756957,36.802931725661026,7.733660964639788,35.97227997227998,0.4916666666666666,0.11438879019220993,0.5,61.55,23.060171101448276,56.75,53.75,25.315639019139304,43.0,97.3,44.972623251321046,89.5,14.191666666666666,3.3518237158630844,12.833333333333332,3.05,0.6863327411532597,3.0,7,8.176666702545246,8.176666702545246,False,False,True
7,3,25,0.98,0.5,0.9,0.5,20,0.8757396449704142,0.0336235665507162,0.8846153846153846,0.08439349112426035,0.028273915878795703,0.07840236686390532,0.03986686390532544,0.019878504026614435,0.04363905325443787,0.4772857142857143,0.07674346625817088,0.4764285714285714,0.36242857142857143,0.07142571422856914,0.35642857142857143,0.16028571428571428,0.05622495862224391,0.16857142857142857,0.9881880733944953,0.012612483896647488,0.9896788990825689,0.011811926605504588,0.01261248389664746,0.010321100917431193,0.0,0.0,0.0,0.358695652173913,0.08995682091366194,0.36630434782608695,0.4291304347826087,0.09101621748670675,0.4217391304347826,0.21217391304347824,0.07385042441011207,0.22499999999999998,0.22606026785714284,0.04441387911513895,0.22265625,0.22047118069405663,0.043151877245890695,0.21711707219784604,0.6001809932189868,0.03510334863520108,0.6006082967690467,0.21217391304347824,0.07385042441011207,0.22499999999999998,0.18415178571428573,0.04618318930835323,0.1880580357142857,0.7739397321428572,0.04441387911513896,0.77734375,0.763533000417771,0.05060153415370023,0.7556130333182571,0.3468494993125523,0.06271259219644482,0.3453372875770842,0.22541666666666668,0.06007579277207236,0.22291666666666665,0.2714103524445377,0.06063386424474941,0.2742669035132239,0.9919201696941162,0.0044966074395441456,0.993062606178092,0.9987470076739768,0.0007495839808651211,0.9989329180351705,0.9705657718451904,0.021116356079222045,0.9768897583609417,0.9843821226258329,0.012776095586756403,0.9886577075883105,0.4115718273204935,0.07166473338917118,0.4045989989462263,0.2949938060129552,0.13764629336872605,0.2889401948812861,0.007735900285008666,0.011291801648032123,0.004629167276336134,0.030623688762725042,0.029377208829503405,0.018149320041877103,0.9843821226258329,0.012776095586756403,0.9886577075883105,0.030623688762725042,0.029377208829503405,0.018149320041877103,0.08438212262583289,0.012776095586756412,0.08865770758831043,-0.869376311237275,0.02937720882950338,-0.8818506799581229,0.5041666666666667,0.06326288787635403,0.5,0.3458333333333333,0.09472567348071097,0.3333333333333333,0.15833333333333333,0.06567241047103436,0.16666666666666666,0.6541666666666667,0.10566899106414625,0.6666666666666666,0.15833333333333333,0.12652577575270804,0.16666666666666666,0.5333333333333333,0.16754156331667822,0.5,11.979404761904762,3.208161461213035,11.583333333333334,10.65,6.052620137288957,8.75,7.791666666666666,2.0600452785576353,8.166666666666666,23.470833333333335,1.7012368651498915,22.875,0.7741642441860466,0.0400940957360437,0.78125,0.66202904168135,0.039192250815167785,0.6685079897061463,0.33797095831865,0.03919225081516778,0.3314920102938536,0.5180126796280643,0.02820258928888049,0.520361369399831,0.7721433326289096,0.03563682523404624,0.7748985629754861,0.7621869785429448,0.03846260887494269,0.7621216772491954,0.24645553898894276,0.05353707293105027,0.24266649648101984,27.325581395348838,4.419983438169445,27.61627906976744,36.48606870626849,5.697835668588881,35.282051282051285,0.4666666666666667,0.10259783520851541,0.5,60.329166666666666,20.582462780794895,58.0,53.8,26.34208160259729,41.75,91.9,37.94719322537849,90.5,13.608333333333334,3.4455985144539136,13.166666666666668,3.2,0.6155870112510926,3.0,7,8.382293958566247,8.382293958566247,False,False,True
8,3,35,0.95,0.5,0.9,0.5,20,0.8689189189189189,0.033447476991868605,0.8828828828828829,0.08513513513513513,0.029286269241372644,0.07882882882882883,0.04594594594594595,0.023166085885299233,0.05105105105105105,0.5172857142857142,0.07777781017168098,0.5042857142857142,0.3204285714285714,0.07135951549112296,0.31357142857142856,0.16228571428571428,0.05525140277002797,0.16999999999999998,0.9866197183098592,0.012020304295398703,0.9859154929577465,0.013028169014084507,0.011637207824495708,0.014084507042253521,0.00035211267605633805,0.0008599707712031062,0.0,0.3877173913043478,0.09210252351767863,0.3967391304347826,0.3908695652173913,0.09179231054828861,0.37282608695652175,0.22141304347826085,0.0761254397612774,0.22934782608695653,0.20919864559819415,0.04547857573494682,0.20033860045146729,0.2019488671157379,0.043654697185578885,0.19362880179628497,0.6040163808940601,0.03544642531140387,0.6112191263523168,0.22141304347826085,0.0761254397612774,0.22934782608695653,0.20146726862302483,0.04783280040150106,0.20654627539503384,0.7908013544018059,0.04547857573494682,0.7996613995485327,0.7466822840478939,0.050468818136956355,0.7460316250714422,0.3381995066300537,0.06073962574520158,0.3348582188746123,0.19927083333333334,0.058224659893698315,0.20416666666666666,0.24844063824390403,0.05936382066697725,0.2538611752174685,0.9917448647861644,0.005893835991777716,0.9938240579938162,0.9995441894093956,0.00039278885456892504,0.9996134217530832,0.9810106635510035,0.015444575786360186,0.984135265627316,0.9907570195096971,0.009413867073247036,0.9939048988569966,0.40301065639139155,0.07363205468129541,0.39625664692832285,0.2706139130059371,0.14038914088567905,0.27169140896505445,0.004644984329834607,0.006253610940731342,0.0020254520556283098,0.021631767167369125,0.02392458862472053,0.01183995551917332,0.9907570195096971,0.009413867073247036,0.9939048988569966,0.021631767167369125,0.02392458862472053,0.01183995551917332,0.09075701950969703,0.009413867073247024,0.0939048988569966,-0.8783682328326309,0.0239245886247205,-0.8881600444808266,0.4541666666666667,0.06326288787635403,0.5,0.29166666666666663,0.0876095805063078,0.29166666666666663,0.1625,0.06879816229015805,0.16666666666666666,0.5833333333333333,0.13245323570650436,0.5416666666666667,0.075,0.08506963092234006,0.0,0.5083333333333333,0.1664472239557425,0.5,10.765,2.995527367681076,10.5,8.85,6.0916249668575375,8.75,6.895833333333333,1.966806975369615,7.125,24.054166666666667,1.7048852665003082,23.375,0.7942898975109809,0.04330039649697724,0.7994143484626647,0.6390562067864143,0.03849751505772292,0.6421629104420745,0.3609437932135857,0.038497515057722906,0.3578370895579254,0.5156023166023166,0.02891200386961396,0.512472114972115,0.7591539575289575,0.034427214582361726,0.7600997425997426,0.7473073042539158,0.038665787453052824,0.7419413313565018,0.22443805005013254,0.054226883908706,0.2215254556550812,24.048316251830162,4.564176719272421,23.792093704245975,42.05838931316734,10.429844619262166,40.78520499108734,0.4833333333333333,0.11969747440993463,0.5,64.02916666666667,23.46161907125006,58.875,57.875,25.242964105708847,47.0,98.65,45.29119235859393,91.5,14.4,3.4587798274444763,12.916666666666668,3.1,0.7181848464596079,3.0,7,8.384965175103929,8.384965175103929,False,False,True
9,3,15,0.99,0.5,0.9,0.5,20,0.8767492711370263,0.036507462048214645,0.8841107871720116,0.08928571428571427,0.031120872267004916,0.07871720116618075,0.03396501457725947,0.01837270454850804,0.04008746355685131,0.4522142857142857,0.07669386883349129,0.46214285714285713,0.39771428571428574,0.0708433166234055,0.3985714285714286,0.15007142857142858,0.055282644510760474,0.16428571428571428,0.9804932735426009,0.01802697628201071,0.984304932735426,0.019506726457399103,0.01802697628201071,0.01569506726457399,0.0,0.0,0.0,0.3422826086956522,0.0892224088721592,0.3467391304347826,0.4607608695652174,0.0891498974118112,0.45108695652173914,0.19695652173913042,0.07207086464993959,0.20978260869565218,0.2435430463576159,0.04220210885335127,0.24944812362030905,0.24013379801130824,0.041491518439527336,0.24604455059465782,0.5887248976408657,0.03427827476539663,0.5915919282511211,0.19695652173913042,0.07207086464993959,0.20978260869565218,0.17378587196467993,0.04530056079601901,0.17604856512141281,0.7564569536423841,0.0422021088533513,0.750551876379691,0.7717740810234183,0.05180435818819567,0.7661298675976871,0.3486164337913763,0.062070173394819426,0.3392294894886637,0.24791666666666665,0.06467346568526146,0.23645833333333333,0.28814154264596287,0.06270690637091644,0.2740775662877807,0.9885430199730285,0.004902657214844932,0.9901539927097279,0.997237399217288,0.0013335342241195256,0.9974823240188512,0.9510895701864553,0.028216186227711076,0.954190087164429,0.9736180952605624,0.016678933230480395,0.978455237397376,0.40689021649727647,0.06882951076521748,0.40295131264306183,0.2955960421111749,0.12840022375022872,0.2926328035792214,0.010817092934040174,0.012669514597290987,0.008074115151870925,0.038264318211458606,0.03303961869538691,0.02747477957607284,0.9736180952605624,0.016678933230480395,0.978455237397376,0.038264318211458606,0.03303961869538691,0.02747477957607284,0.07361809526056232,0.01667893323048041,0.07845523739737609,-0.8617356817885413,0.033039618695386894,-0.8725252204239271,0.5,0.06045635417583432,0.5,0.3458333333333333,0.08234057784734036,0.3333333333333333,0.15416666666666665,0.062096651697549556,0.16666666666666666,0.6958333333333333,0.10215156151752082,0.6666666666666666,0.15,0.11969747440993464,0.16666666666666666,0.5416666666666667,0.151744244666721,0.5,11.112738095238095,2.937600876730516,10.5,9.25,5.422904640212854,7.5,8.508333333333333,2.1979688922871476,8.375,23.120833333333334,1.6274947112318745,22.541666666666664,0.75494227994228,0.03895701283524601,0.7647907647907648,0.6761870954956859,0.039797612395603116,0.6797091538470849,0.32381290450431416,0.03979761239560313,0.32029084615291514,0.5134103498542274,0.027778402930332936,0.5201020408163266,0.7783225739275302,0.03763710579792652,0.7854414827155352,0.7695979886463107,0.04089829281539901,0.7736185314671185,0.25359826497212146,0.052109890315174434,0.2517664668207602,31.673881673881674,4.391213980897251,32.467532467532465,31.4609699774839,4.664489226167702,30.130434782608695,0.4416666666666667,0.1118033988749895,0.5,57.75,22.198236324231544,54.25,54.075,26.465605783236555,43.75,83.75,36.876572223396366,84.5,12.9,3.1928282206820366,12.666666666666666,3.35,0.6708203932499369,3.0,7,8.581867205086033,8.581867205086033,False,False,True
10,3,35,0.98,0.5,0.9,0.5,20,0.8671921921921921,0.033102915433801686,0.8806306306306306,0.08506006006006006,0.02810857331305695,0.07957957957957958,0.047747747747747746,0.023982499279660483,0.05105105105105105,0.5644285714285714,0.0760729199613769,0.5585714285714286,0.29100000000000004,0.07220346594237961,0.2814285714285714,0.14457142857142857,0.05369604553523889,0.15785714285714286,0.9838028169014084,0.013034317152570954,0.9847417840375587,0.014553990610328638,0.010973426847541627,0.015258215962441316,0.001643192488262911,0.0026492398762762194,0.0,0.4357608695652174,0.09543212414785289,0.42500000000000004,0.3666304347826087,0.0957490538091252,0.3456521739130435,0.19760869565217393,0.07564895177125157,0.20978260869565218,0.19734762979683973,0.04786751476814479,0.18905191873589167,0.19059221269646867,0.045977995036367736,0.182802612778118,0.5907057562767912,0.03440433719354261,0.5980021432945499,0.19760869565217393,0.07564895177125157,0.20978260869565218,0.2270316027088036,0.04944257550624933,0.22234762979683975,0.8026523702031604,0.04786751476814479,0.8109480812641083,0.7187074359968029,0.05067241891887103,0.7213882737368594,0.32734050668974246,0.052233809423275906,0.3231340039741679,0.178125,0.052341465593426374,0.171875,0.22805355048615278,0.05264684066841132,0.22638488632724943,0.9904987841566568,0.007758217914914518,0.9912730502496254,0.9998464042899347,0.00013714092340021505,0.9998819530355333,0.987872537000835,0.01203633316205088,0.9920319736611573,0.9953311244808161,0.005477764006811962,0.9973807072237735,0.3700896145438958,0.07413921505881105,0.36480358878418007,0.21119700649474052,0.12892236969239532,0.20005473825295192,0.0021956984479170566,0.0033381754180330445,0.0009474148719133839,0.01450832248428693,0.022057016412776995,0.006018438184939542,0.9953311244808161,0.005477764006811962,0.9973807072237735,0.01450832248428693,0.022057016412776995,0.006018438184939542,0.0953311244808161,0.005477764006811966,0.09738070722377346,-0.8854916775157131,0.02205701641277699,-0.8939815618150605,0.4375,0.059695866617614904,0.4166666666666667,0.275,0.08156008082159882,0.25,0.1625,0.07392010069358475,0.16666666666666666,0.5125,0.13592599895892785,0.5,0.041666666666666664,0.07404360971988655,0.0,0.5083333333333333,0.1664472239557425,0.5,10.138333333333332,3.2441675060048216,10.016666666666666,7.775,6.260727635532135,6.25,6.095833333333333,1.7342176809478906,6.083333333333334,24.170833333333334,1.6907200704803698,23.5,0.809407027818448,0.04465073422556123,0.8202781844802343,0.6147936012455657,0.03568097267754905,0.6132615797755885,0.38520639875443424,0.03568097267754904,0.38673842022441157,0.5058818103818103,0.027858184895278314,0.5075160875160876,0.74557722007722,0.035398709649079214,0.7481295581295582,0.7302085199110039,0.03934682595378964,0.726050590248702,0.19369862544903826,0.051610788440711326,0.19016301492864582,21.742313323572475,5.995029169522201,21.2298682284041,47.15561176890943,11.3441652583168,45.58398220244716,0.4166666666666667,0.11470786693528089,0.3333333333333333,62.18333333333334,22.416896561789912,61.5,59.275,23.31843352597389,51.5,86.35,38.16484328747983,81.5,14.683333333333334,3.5647313982291107,13.25,3.5,0.6882472016116853,4.0,7,8.911455127251042,8.911455127251042,False,False,True
11,3,25,0.99,0.5,0.9,0.5,20,0.87551775147929,0.03216088352334828,0.8846153846153846,0.08254437869822485,0.026255230609724886,0.07840236686390532,0.04193786982248521,0.021406167223005923,0.04585798816568047,0.5423571428571429,0.08147179304044122,0.5357142857142858,0.31707142857142856,0.07524606965766309,0.3157142857142857,0.14057142857142857,0.05406842146563165,0.15428571428571428,0.986697247706422,0.012420591088042386,0.9873853211009174,0.013302752293577982,0.012420591088042375,0.01261467889908257,0.0,0.0,0.0,0.42184782608695653,0.09903894720450525,0.4206521739130435,0.3883695652173913,0.09767029292873042,0.3793478260869565,0.18978260869565217,0.07491945065972859,0.21195652173913043,0.205859375,0.048395056885036807,0.19921875,0.20083615875548463,0.04705845323356039,0.19441065017949744,0.5882399282010371,0.034609973554601735,0.5916134822497009,0.18978260869565217,0.07491945065972859,0.21195652173913043,0.21657366071428572,0.05084588807374154,0.21595982142857145,0.794140625,0.04839505688503679,0.80078125,0.7290659036641018,0.05295360414381293,0.7251770290249786,0.33593077457093196,0.05488865164454907,0.33581198436821535,0.19437500000000002,0.05176481551914384,0.19479166666666667,0.24387087911192187,0.05239771925616508,0.2546727614621394,0.9923546070431775,0.005660477789187423,0.9937205946719693,0.9996173446204637,0.00027899268296116927,0.9996769713975187,0.9807367666324482,0.015838387266143374,0.9869492594303901,0.9926234167996251,0.007247644459319189,0.9952124308755377,0.3705119207254878,0.07197908913248242,0.3680213578998064,0.21779881427357348,0.12186184413313406,0.21766190526258433,0.0037668825396920736,0.00664061192858938,0.0019824781329543543,0.017896803320618646,0.022385588399420935,0.01013617140864952,0.9926234167996251,0.007247644459319189,0.9952124308755377,0.017896803320618646,0.022385588399420935,0.01013617140864952,0.092623416799625,0.0072476444593191965,0.09521243087553766,-0.8821031966793814,0.022385588399420932,-0.8898638285913505,0.4625,0.057194395096104966,0.5,0.3,0.08289357652580667,0.25,0.1625,0.07392010069358475,0.16666666666666666,0.575,0.13217700342313002,0.5,0.075,0.08506963092234006,0.0,0.525,0.17333164641554297,0.5,10.616666666666667,2.901768970454874,10.166666666666668,8.5,5.407110328563969,8.0,6.633333333333333,1.6691647944739048,7.041666666666666,23.770833333333336,1.6318456794799647,23.25,0.7981468023255813,0.043267306742516214,0.8066860465116279,0.629575681707549,0.03738671711923752,0.6300430130121026,0.37042431829245104,0.03738671711923753,0.36995698698789736,0.5080445900253593,0.026182408081808224,0.5139792899408284,0.75629739010989,0.03646440083598424,0.7587130177514793,0.7408627860568373,0.0411750573386118,0.7406314153306077,0.20712470887070272,0.05027810181702155,0.2041090620026928,25.181686046511626,5.815268172961408,24.709302325581394,41.13513562588609,13.32820259861542,39.31428571428572,0.4083333333333333,0.11438879019220996,0.3333333333333333,61.583333333333336,24.190913426277664,61.0,60.25,24.75325603250058,53.25,82.65,38.557237016101,77.0,13.858333333333334,3.396452828005344,12.916666666666668,3.55,0.6863327411532597,4.0,7,8.937217181717891,8.937217181717891,False,False,True
12,5,25,0.999,0.5,0.9,0.5,20,0.7830621301775148,0.047035286614707746,0.7899408284023669,0.18957100591715975,0.04694459861630722,0.1760355029585799,0.027366863905325445,0.01710719619353939,0.03550295857988166,0.34557142857142853,0.07574180234841285,0.33571428571428574,0.5315,0.08688359683217678,0.5378571428571428,0.12292857142857143,0.058728882440014646,0.12714285714285714,0.9144495412844037,0.053022422601778724,0.9162844036697249,0.08555045871559633,0.0530224226017787,0.08371559633027523,0.0,0.0,0.0,0.2441304347826087,0.09254657836596143,0.2358695652173913,0.5954347826086956,0.10533453206526536,0.6065217391304347,0.16043478260869565,0.07540096116616561,0.16304347826086957,0.34732142857142856,0.055199503065044155,0.3431919642857143,0.34049262066214603,0.05415860495342299,0.33609393697646595,0.5374421619465497,0.042565958436179704,0.542710410849621,0.16043478260869565,0.07540096116616561,0.16304347826086957,0.1253348214285714,0.04751275228609628,0.12109375,0.6526785714285714,0.05519950306504414,0.6568080357142857,0.81046280651505,0.06249629369557393,0.8124095859785039,0.378520537615367,0.03981058603267598,0.38326836758799904,0.39375,0.06397027932897356,0.38125,0.3842429393416625,0.04525891529203739,0.38533631443310246,0.967161292331752,0.008647861604723707,0.9670273878246558,0.9845615995258598,0.005724519008126975,0.9826700268272597,0.8751229684558595,0.03364867009687732,0.87147514348202,0.9125365545938975,0.025117035124754196,0.9157535193062072,0.4610285897943747,0.07265821454874243,0.45888178760047293,0.4493274436841178,0.15335875168104768,0.453679319170073,0.03676402289876296,0.02895754033891183,0.026844772681586537,0.0873376268486967,0.049649598593198285,0.08109147275599918,0.9125365545938975,0.025117035124754196,0.9157535193062072,0.0873376268486967,0.049649598593198285,0.08109147275599918,0.012536554593897437,0.02511703512475422,0.01575351930620711,-0.8126623731513034,0.04964959859319832,-0.8189085272440009,0.5041666666666667,0.05719439509610498,0.5,0.39583333333333337,0.09316949906249125,0.4166666666666667,0.10833333333333332,0.06677622576550266,0.08333333333333333,0.8375,0.08322361197787126,0.8333333333333334,0.15,0.11969747440993464,0.16666666666666666,0.6416666666666667,0.1458489966525701,0.6666666666666666,15.205714285714285,3.2512847259226287,15.607142857142858,16.875,6.22785550655491,18.0,13.025,2.326603703968864,12.833333333333334,25.008333333333333,1.9721933940731404,24.791666666666664,0.6364825581395348,0.05001941017597636,0.6289970930232558,0.704057598767201,0.04392829343175792,0.7077761836441894,0.295942401232799,0.043928293431757894,0.29222381635581063,0.4529953508030431,0.03416982926013827,0.4575845308537616,0.761450866441251,0.0498815534041713,0.7643903212172443,0.7678976282224227,0.04073967135633723,0.7700488346783272,0.28072613663997775,0.05394114420343831,0.26945564731972804,44.76744186046512,7.803800021937128,44.331395348837205,22.693949530837607,4.598235045228236,22.199323445225083,0.39166666666666666,0.1458489966525701,0.41666666666666663,66.42083333333333,28.60797586154492,55.83333333333333,59.4,32.44249974144539,47.75,101.55,43.59922138368021,90.5,16.966666666666665,4.090568241456399,17.916666666666664,3.65,0.8750939799154205,3.5,7,8.948257410031879,8.948257410031879,False,False,True
13,3,50,0.9,0.5,0.9,0.5,20,0.853763440860215,0.036814445891494386,0.8540706605222734,0.09055299539170507,0.02902361595790962,0.08832565284178187,0.05568356374807988,0.026290815560201092,0.06144393241167435,0.6122142857142857,0.07335371832025346,0.6042857142857143,0.25057142857142856,0.07207586407806262,0.255,0.1372142857142857,0.05084986642209599,0.15,0.9748175182481752,0.017443298783847802,0.9732360097323601,0.018491484184914843,0.011639280789214928,0.021897810218978103,0.006690997566909976,0.007889051145443629,0.0024330900243309003,0.4821739130434783,0.09853569230711248,0.466304347826087,0.33032608695652177,0.10224199250960973,0.32065217391304346,0.1875,0.07207595500043655,0.20652173913043478,0.18318025258323764,0.05248008800336486,0.1791044776119403,0.1744087855707183,0.04954738689319009,0.17092589654078072,0.5811587591240877,0.031400680262450346,0.585142282873162,0.1875,0.07207595500043655,0.20652173913043478,0.25780711825487945,0.05192323600616052,0.2502870264064294,0.8168197474167623,0.052480088003364865,0.8208955223880597,0.6862679344278002,0.04991483667385457,0.6867807433723833,0.32137140799710845,0.07633795122422528,0.32361045504644936,0.15583333333333332,0.049723283990100994,0.15520833333333334,0.20730984794991825,0.056672779003010126,0.1986652290041368,0.9839233329128968,0.012372539894198148,0.9824942157370117,0.9999674262861312,2.8575006970529968e-05,0.9999713257567155,0.9759832075835577,0.02332826971058132,0.983651037689578,0.9974668272904756,0.003172700002707795,0.9981395312135384,0.34496764607077174,0.07586997450242192,0.3373587823242383,0.14507819991220622,0.10281949554992235,0.14018602644496717,0.0006779268682399528,0.0009059632339705813,0.00026817200378193896,0.006235842243767589,0.010902379873052495,0.0027149634054535513,0.9974668272904756,0.003172700002707795,0.9981395312135384,0.006235842243767589,0.010902379873052495,0.0027149634054535513,0.09746682729047558,0.0031727000027078046,0.0981395312135383,-0.8937641577562324,0.010902379873052509,-0.8972850365945464,0.4083333333333333,0.06567241047103435,0.4166666666666667,0.22916666666666666,0.08496215187636191,0.20833333333333331,0.17916666666666664,0.07292449832628504,0.16666666666666666,0.425,0.12061004778098294,0.4166666666666667,0.016666666666666666,0.051298917604257706,0.0,0.4416666666666667,0.17333164641554297,0.41666666666666663,9.100833333333334,3.711632082965424,9.5,5.3,5.97450724680331,3.5,5.275,1.7155336066529143,5.25,24.5125,1.7493263114295297,24.25,0.8265358993338268,0.04285739853598296,0.8353071798667654,0.584525012691649,0.03259537497179103,0.5810181970663595,0.4154749873083509,0.032595374971791026,0.41898180293364046,0.4954888632872504,0.02601932950503673,0.4969738863287251,0.7159538073293834,0.03678292556666911,0.7226398946675444,0.7024737263122282,0.03854974789049732,0.6925945696300417,0.157939246596566,0.05058910658589277,0.152868759344449,18.134715025906736,3.986058332445969,18.504811250925243,56.08060502196533,16.0799118929027,52.038518518518515,0.4083333333333333,0.12652577575270804,0.3333333333333333,65.1,23.783711070409122,61.833333333333336,60.275,22.89764122533608,52.25,91.15,47.51096826274073,78.5,15.75,3.9616214413349042,15.75,3.55,0.7591546545162482,4.0,7,9.194085936872524,9.194085936872524,False,False,True
14,3,50,0.95,0.5,0.9,0.5,20,0.8534562211981568,0.03673609995027947,0.8540706605222734,0.08986175115207373,0.030078556417935585,0.08755760368663595,0.05668202764976958,0.02641346322424519,0.06374807987711213,0.6275714285714286,0.0735695670981386,0.6235714285714286,0.24092857142857144,0.07146656884074509,0.24428571428571427,0.1315,0.04938825553891562,0.1457142857142857,0.9726277372262773,0.018594904596416426,0.9695863746958637,0.01922141119221411,0.01202117030260852,0.024330900243309004,0.008150851581508516,0.00883544812109663,0.004866180048661801,0.5003260869565217,0.09866100612672324,0.4880434782608696,0.3197826086956522,0.10112514964614948,0.3065217391304348,0.17989130434782608,0.07032223612657243,0.20108695652173914,0.17795637198622274,0.05236564746693435,0.17393800229621126,0.16950200994393314,0.049496637657347964,0.16603459219295463,0.5762595207870518,0.03015014201037878,0.5783216968158256,0.17989130434782608,0.07032223612657243,0.20108695652173914,0.2680826636050516,0.051872471697875344,0.2617680826636051,0.8220436280137772,0.052365647466934354,0.8260619977037887,0.6757955060685548,0.04950440135781308,0.6743185078909613,0.31999071954839897,0.07749442327145213,0.3159500881595009,0.15031250000000002,0.0485831555998675,0.14583333333333334,0.20196936592231168,0.05596858982567466,0.19714325947603972,0.9823986607730063,0.01342504983838021,0.9808600026547472,0.9999809565476451,1.6508023094106206e-05,0.9999832707900647,0.969564501446189,0.029895575443668308,0.9733040424944039,0.9974994551288967,0.0036252943977553975,0.9987290325608273,0.3301035046220032,0.07548491222924625,0.32349532925894486,0.12447080775709578,0.09513587683138909,0.11041009372654736,0.0004509678218653731,0.0006349992801716757,0.0001662123394148551,0.004814878888233103,0.009885606575258441,0.0018355830049589855,0.9974994551288967,0.0036252943977553975,0.9987290325608273,0.004814878888233103,0.009885606575258441,0.0018355830049589855,0.09749945512889677,0.0036252943977553697,0.09872903256082727,-0.8951851211117668,0.009885606575258433,-0.898164416995041,0.4083333333333333,0.053393606293098965,0.4166666666666667,0.22916666666666666,0.08054547224652175,0.25,0.17916666666666664,0.07292449832628504,0.16666666666666666,0.4166666666666667,0.12389865694583804,0.4166666666666667,0.0,0.0,0.0,0.4583333333333333,0.1610909444930435,0.5,8.89,3.492185930488154,9.2,4.95,6.14924043234096,3.0,4.9625,1.5273996076349856,5.0,24.408333333333335,1.5422651754302923,24.25,0.8318652849740932,0.04262193155600539,0.8386380458919319,0.5770147440412554,0.0320360181213511,0.5723795002409873,0.4229852559587446,0.032036018121351095,0.4276204997590128,0.49247811059907837,0.025808734277594548,0.496463133640553,0.7078400811937678,0.03708397146137312,0.7158130348913758,0.693186908115915,0.03872421832349147,0.6854584105582329,0.14554097639668506,0.048974890865055645,0.14088293623788176,18.43079200592154,4.51775972717015,19.24500370096225,56.04543314912962,18.248659851699095,50.03703703703704,0.39166666666666666,0.1241933033950991,0.3333333333333333,64.8375,24.554130365021194,58.83333333333333,60.925,23.11087406395526,53.5,88.45,48.77820371738525,73.5,15.683333333333334,3.5639110522436006,15.583333333333332,3.65,0.7451598203705946,4.0,7,9.344210821704158,9.344210821704158,False,False,True
15,3,15,0.995,0.5,0.9,0.5,20,0.8790087463556852,0.03607455147584303,0.8841107871720116,0.08462099125364432,0.030373750375822548,0.07288629737609328,0.03637026239067055,0.02061250968084213,0.04227405247813411,0.5539285714285714,0.08310421420664782,0.5514285714285714,0.32457142857142857,0.07896293437664642,0.33,0.12150000000000001,0.05015438035663595,0.13071428571428573,0.979932735426009,0.016754666951854055,0.9798206278026906,0.02006726457399103,0.016754666951854062,0.020179372197309416,0.0,0.0,0.0,0.4409782608695652,0.09969926673094387,0.4423913043478261,0.3959782608695652,0.10197842684771176,0.4032608695652174,0.16304347826086957,0.0698079289948655,0.16956521739130437,0.21092715231788078,0.050094864547745616,0.21578366445916114,0.20802276272177816,0.049301313513096454,0.21284119711444727,0.5714881068434392,0.031748084293783375,0.5765938779489179,0.16304347826086957,0.0698079289948655,0.16956521739130437,0.22389624724061807,0.050619936750810356,0.22461368653421632,0.7890728476821192,0.050094864547745616,0.7842163355408389,0.7182279913738746,0.05130332899566878,0.7146861429135413,0.3299265448688405,0.058864237547861784,0.3196476964769648,0.19614583333333332,0.056021200528244046,0.2,0.24341329275641624,0.0563873424444648,0.233096018735363,0.9908095903190176,0.0057001024848502115,0.9912632753076459,0.9994677954606445,0.000298626616196543,0.9995198518483834,0.9649378036130555,0.029735404108677466,0.9782368015515757,0.9878673021865009,0.00884161811128125,0.9906796914951208,0.3438977153481737,0.06910081613575543,0.336904152338264,0.17800118744706364,0.100089347598357,0.17724973495601376,0.004003271528248984,0.007200638470489814,0.002280428121187907,0.01631975320705991,0.019464252908283335,0.009227021294348303,0.9878673021865009,0.00884161811128125,0.9906796914951208,0.01631975320705991,0.019464252908283335,0.009227021294348303,0.08786730218650074,0.008841618111281264,0.09067969149512078,-0.8836802467929401,0.01946425290828333,-0.8907729787056518,0.4583333333333333,0.057353933467640436,0.5,0.2833333333333333,0.08289357652580664,0.25,0.175,0.0710201355188992,0.16666666666666666,0.5666666666666667,0.13134482094206873,0.5,0.06666666666666667,0.0837707816583391,0.0,0.5,0.16222142113076254,0.5,9.595,3.260310231713777,9.166666666666668,6.6,5.540758070878027,5.25,6.629166666666667,1.9542417129195202,6.625,23.416666666666664,1.6791201399674927,23.0,0.7941919191919192,0.04499008351613569,0.7997835497835497,0.6262175350754835,0.03490882020801524,0.6264373269233472,0.3737824649245165,0.03490882020801526,0.37356267307665275,0.5002543731778426,0.02399246654157212,0.508972303206997,0.7519541336942941,0.03937042083521255,0.7588286130778843,0.7363744646400706,0.04388254906211983,0.7381806377849569,0.19437022216204997,0.04680656964333693,0.19402937086481287,25.721500721500725,6.88178249888009,24.891774891774894,40.81664855907344,12.986546892164592,39.05,0.3583333333333333,0.11180339887498948,0.3333333333333333,60.641666666666666,25.116469923209923,54.0,60.5,25.295620590383457,54.0,77.25,37.29805272185272,64.0,13.033333333333335,3.546928495809573,12.25,3.85,0.6708203932499369,4.0,7,9.405876058207852,9.405876058207852,False,False,True
16,5,25,0.9,0.5,0.9,0.5,20,0.7428994082840237,0.04871761249064951,0.7374260355029585,0.23254437869822486,0.04686928032116295,0.22928994082840237,0.02455621301775148,0.015428571945329237,0.03180473372781065,0.26285714285714284,0.05734925132277223,0.2528571428571429,0.6367142857142858,0.054099601821947195,0.6321428571428571,0.10042857142857142,0.04917384055632707,0.10714285714285714,0.8691513761467891,0.057690739459872235,0.8876146788990826,0.130848623853211,0.057690739459872235,0.11238532110091744,0.0,0.0,0.0,0.16054347826086957,0.06550005487279738,0.14565217391304347,0.7039130434782609,0.0675722822761431,0.6967391304347826,0.13554347826086957,0.06517265819026043,0.14130434782608697,0.4250558035714286,0.037374187207029355,0.4246651785714286,0.4173808336657359,0.03712693519029246,0.41589050658157156,0.5023474272038293,0.035013884334916145,0.5168228958915038,0.13554347826086957,0.06517265819026043,0.14130434782608697,0.082421875,0.033627260314159364,0.07477678571428571,0.5749441964285714,0.03737418720702935,0.5753348214285714,0.8578359584048718,0.05303860938954045,0.8628971474953617,0.36820843267861025,0.026732699410450072,0.37068792229922654,0.46260416666666665,0.05098838070683616,0.46875,0.409429607489876,0.03369206434119775,0.397120005239331,0.9446088235717655,0.009757399772407903,0.9463377748463324,0.956679630542087,0.007651689550127923,0.9589274410541597,0.8587405008225255,0.03223823925103312,0.8685517419788,0.8892188189493193,0.022396665858924573,0.8944550607775772,0.4694287871291257,0.060819412016836695,0.47153526886936803,0.4500663143341801,0.11099355677859173,0.46118440958487894,0.07745708976804778,0.035096511556759184,0.07521156435124948,0.13614159681620447,0.05181312830681779,0.1326312258028128,0.8892188189493193,0.022396665858924573,0.8944550607775772,0.13614159681620447,0.05181312830681779,0.1326312258028128,-0.010781181050680728,0.022396665858924563,-0.005544939222422773,-0.7638584031837956,0.05181312830681781,-0.7673687741971873,0.4625,0.06326288787635403,0.5,0.4041666666666667,0.0777751670405608,0.4166666666666667,0.05833333333333333,0.05474555711098219,0.08333333333333333,0.925,0.07599245884408261,0.9166666666666666,0.1,0.09970717360268647,0.16666666666666666,0.7083333333333333,0.14178271820390015,0.6666666666666666,16.132261904761904,2.4232250447484485,17.0,17.325,2.7638407677494166,17.0,15.9125,1.9003837331795213,16.083333333333332,26.26666666666667,1.6384898909688208,26.0,0.5618459302325581,0.034778295276047276,0.5585029069767442,0.7411546868823683,0.042588697639783964,0.7399166326012363,0.2588453131176317,0.04258869763978397,0.26008336739876375,0.4216639898562976,0.030158028024513225,0.418279797125951,0.7958882079459002,0.034678631663829576,0.7879532967032967,0.7914638787037189,0.032507236875259846,0.7879501820460355,0.2756781988321831,0.04383687560364371,0.2669096382407449,46.875,10.276362422946507,45.05813953488372,21.815888320171478,4.111391608196282,21.841269841269842,0.33333333333333337,0.14306584587982538,0.3333333333333333,69.97368421052632,30.29827355010445,59.0,65.23684210526316,30.157626832036218,57.0,101.63157894736842,51.325984892120665,97.0,18.841666666666665,3.5616849123981593,17.75,4.0,0.8583950752789519,4.0,8,9.412700992427062,9.412700992427062,False,False,True
17,3,35,0.99,0.5,0.9,0.5,20,0.8668168168168169,0.032420649505388394,0.8723723723723724,0.08378378378378379,0.026840230443858543,0.07582582582582582,0.0493993993993994,0.02511973018111681,0.054804804804804805,0.6121428571428572,0.07612316889164074,0.6107142857142858,0.26021428571428573,0.07149361700005677,0.265,0.12764285714285714,0.04893994434533173,0.13714285714285712,0.9807511737089202,0.014858090189981906,0.9800469483568075,0.01584507042253521,0.011344432710777709,0.01995305164319249,0.003403755868544601,0.004724087276408007,0.0,0.48880434782608695,0.09954946514345131,0.4771739130434783,0.3375,0.09813927745467378,0.32717391304347826,0.17369565217391306,0.06948257390747897,0.18695652173913044,0.18284424379232506,0.04971402484574152,0.18340857787810383,0.1766725352112676,0.04780515755241426,0.17767146356399266,0.5772234129414167,0.030627574013509913,0.5804143702796489,0.17369565217391306,0.06948257390747897,0.18695652173913044,0.2554176072234763,0.05150917278029503,0.24943566591422123,0.817155756207675,0.04971402484574155,0.8165914221218962,0.6892973763597952,0.05071073226743912,0.6864648033126294,0.3206482689060898,0.06198229714604536,0.32830511823990516,0.15822916666666667,0.047768530550613676,0.15416666666666667,0.20927685273968363,0.0515196550483986,0.2076178771723326,0.9883055342849211,0.009907951440895884,0.9891960423962322,0.9999541900784885,4.160404429089366e-05,0.9999651342460512,0.9870003801430706,0.013398062824089781,0.9914134798130415,0.9970072312955602,0.0034216642527807426,0.9983401700488759,0.3310247795911996,0.07360769982260923,0.32192409151086376,0.14323443040884148,0.10415649839501509,0.12323460462741961,0.000893850881151343,0.001454970766383252,0.0003486303357232403,0.008361181551634133,0.01619016805796358,0.002679597161967115,0.9970072312955602,0.0034216642527807426,0.9983401700488759,0.008361181551634133,0.01619016805796358,0.002679597161967115,0.09700723129556033,0.00342166425278072,0.09834017004887585,-0.8916388184483658,0.01619016805796358,-0.8973204028380329,0.4208333333333333,0.06879816229015805,0.4166666666666667,0.24583333333333335,0.09158688713313082,0.25,0.175,0.0710201355188992,0.16666666666666666,0.4583333333333333,0.10295346135355704,0.4166666666666667,0.016666666666666666,0.051298917604257706,0.0,0.475,0.17333164641554294,0.5,9.146666666666667,3.5323012395297804,8.733333333333334,5.425,6.511679789747844,3.25,5.3625,1.6249775077165824,5.083333333333334,24.225,1.7108400521996574,23.625,0.8258052708638359,0.04257747080721013,0.83199121522694,0.5917666511472975,0.03228765386533231,0.5835041531063292,0.40823334885270246,0.0322876538653323,0.41649584689367075,0.497229836979837,0.02508520218460637,0.5055888030888032,0.7259743672243673,0.036380500980101795,0.7323766623766623,0.7074069280008983,0.04103251422005541,0.7040296016801859,0.1606093337355567,0.04780035750137414,0.1575486749300798,19.98535871156662,5.9761797936088215,19.765739385065885,52.66767692035618,16.95781931250531,48.84802043422734,0.36666666666666664,0.11597539565640988,0.3333333333333333,64.0125,24.96345684458743,59.0,62.625,24.908186669404394,54.5,82.4,40.93949322186534,77.0,14.841666666666665,3.63441759131641,14.166666666666668,3.8,0.6958523739384593,4.0,7,9.416082364852173,9.416082364852173,False,False,True
18,5,25,0.95,0.5,0.9,0.5,20,0.80103550295858,0.037977877898447976,0.8099112426035503,0.17374260355029586,0.03631276615722575,0.15902366863905326,0.025221893491124258,0.015834367881912552,0.03180473372781065,0.317,0.06676489362238335,0.3164285714285714,0.588,0.06327509712532348,0.5700000000000001,0.095,0.04766852066629955,0.10071428571428571,0.939105504587156,0.03505716856506725,0.9472477064220184,0.060894495412844044,0.035057168565067236,0.052752293577981654,0.0,0.0,0.0,0.1991304347826087,0.08104751465577106,0.19021739130434784,0.6711956521739131,0.08164521541327825,0.6532608695652173,0.12967391304347825,0.06422306462361316,0.13043478260869565,0.37421875,0.04006108161257154,0.37890625,0.36604507379337853,0.03911955929759039,0.37120562425209414,0.5343897088153171,0.029842862108572194,0.5399880335061826,0.12967391304347825,0.06422306462361316,0.13043478260869565,0.10223214285714285,0.04160921511345389,0.09765625,0.62578125,0.04006108161257161,0.62109375,0.8388025226930911,0.05825953821382175,0.8401547642716707,0.3666090309762654,0.028700619321847965,0.3693755924409576,0.4036458333333333,0.04554271398933774,0.40520833333333334,0.38341933770241104,0.03187446850120213,0.3870408250650138,0.9607912312227451,0.008136666233578607,0.9619684563916916,0.9712662394444195,0.005733830828347187,0.972489359911079,0.893382795853455,0.02531746234046226,0.8977327743494172,0.919136241588598,0.018489027325549766,0.921997471559624,0.44681460356245273,0.06330975639789353,0.44436601520504004,0.4090073610212756,0.11773169505907638,0.4301178567062106,0.05902732421843462,0.03129694650283454,0.05670422500367478,0.11297704253217103,0.049760373292615456,0.1071583003569235,0.919136241588598,0.018489027325549766,0.921997471559624,0.11297704253217103,0.049760373292615456,0.1071583003569235,0.019136241588598023,0.018489027325549783,0.021997471559624004,-0.787022957467829,0.04976037329261544,-0.7928416996430765,0.4458333333333333,0.062096651697549556,0.45833333333333337,0.37083333333333335,0.07392010069358476,0.375,0.075,0.053393606293098944,0.08333333333333333,0.8708333333333333,0.08322361197787125,0.875,0.06666666666666667,0.08377078165833911,0.0,0.675,0.14784020138716952,0.6666666666666666,14.98,2.64472662998814,15.041666666666668,16.575,3.2938339522907283,16.0,14.045833333333334,1.6570942210115702,14.416666666666666,26.12083333333333,1.4361342991329884,26.0,0.6155159883720931,0.03559639191227331,0.610828488372093,0.7188939827635773,0.04390847219888406,0.7174721020682636,0.2811060172364227,0.04390847219888405,0.2825278979317364,0.4480177514792899,0.027685483535464826,0.4506825866441251,0.7903365384615384,0.033732593110086785,0.7845097210481826,0.7831455094659314,0.0334253537286105,0.7789156972353519,0.26052399165970574,0.04406590074408907,0.2503985578912641,35.792151162790695,8.102550148121324,33.793604651162795,28.663382102683965,6.260303476223056,28.97163120567376,0.29166666666666663,0.151744244666721,0.3333333333333333,67.36842105263158,32.05904944118157,58.5,64.15789473684211,31.536157656982912,57.0,93.3157894736842,53.06814553171647,90.0,18.308333333333334,3.1996321974299504,17.833333333333336,4.25,0.910465468000326,4.0,7,9.467698217435018,9.467698217435018,False,False,True
19,5,35,0.999,0.5,0.9,0.5,20,0.8338588588588589,0.03671220057316911,0.8273273273273274,0.13205705705705706,0.03461338501398341,0.12987987987987987,0.03408408408408408,0.02026280529174313,0.04204204204204204,0.4622857142857143,0.08915572492436143,0.4614285714285714,0.43292857142857144,0.1016549152993168,0.4464285714285714,0.10478571428571429,0.0539149885797569,0.10428571428571429,0.9762910798122066,0.024899873273734805,0.9835680751173709,0.023708920187793428,0.024899873273734777,0.01643192488262911,0.0,0.0,0.0,0.33119565217391306,0.11588849712887545,0.3195652173913044,0.525,0.13338296675108652,0.5630434782608695,0.14380434782608695,0.07413909100765433,0.14130434782608697,0.28397291196388263,0.06762735720378203,0.3064334085778781,0.2743544600938967,0.06508975242413843,0.2961931006327822,0.5600477138191468,0.032460217525577394,0.5600887936313533,0.14380434782608695,0.07413909100765433,0.14130434782608697,0.1719525959367946,0.06016784275314075,0.16591422121896163,0.7160270880361174,0.06762735720378202,0.6935665914221218,0.7642043143636108,0.06441424300696613,0.7627373216684212,0.35971749635808814,0.058999604305030436,0.35350379427593503,0.29041666666666666,0.06363515914596399,0.309375,0.31805904434453075,0.05353226758952088,0.3299731182795699,0.9845887736903514,0.006842830473789895,0.9864877581191625,0.9957244036949655,0.0018190372671774548,0.9955182084663012,0.9389198513524237,0.02862699199656473,0.9435471703356618,0.9624235130527511,0.01969155090281551,0.966573841745006,0.41488038313112907,0.07370276973165307,0.40567694139856747,0.3474848034268274,0.16192866986762713,0.3421247160201957,0.015479495764806759,0.018587270912593292,0.010227965591227538,0.04659866290549808,0.04179584101120175,0.030443538456144694,0.9624235130527511,0.01969155090281551,0.966573841745006,0.04659866290549808,0.04179584101120175,0.030443538456144694,0.06242351305275116,0.019691550902815495,0.06657384174500597,-0.853401337094502,0.04179584101120175,-0.8695564615438554,0.4416666666666667,0.06105792475542054,0.4166666666666667,0.3,0.08289357652580667,0.3333333333333333,0.14166666666666666,0.08156008082159882,0.125,0.7083333333333333,0.11310348208971605,0.75,0.05,0.07836039099693788,0.0,0.55,0.1801558779248604,0.5,13.658333333333335,3.893060627916239,13.7,13.95,7.945372701668629,15.25,10.05,2.388355033507765,10.75,25.64166666666667,1.8800079320474696,25.916666666666664,0.7137628111273793,0.05775719940131518,0.7130307467057101,0.6469049313301314,0.041943467997100345,0.6468184381004982,0.3530950686698687,0.041943467997100324,0.3531815618995018,0.46932228657228653,0.028406066719575098,0.469060489060489,0.7249306091806091,0.042402335482539626,0.7211658086658086,0.7299003189800393,0.04496930582215483,0.7231482673927585,0.2265054949208903,0.05138055553381047,0.21767913075267203,26.610541727672036,4.601106807233871,26.35431918008785,37.64938402859228,6.8720935190231796,36.91891891891892,0.31666666666666665,0.1420402710377984,0.3333333333333333,68.02631578947368,31.915845321502843,60.0,64.34210526315789,32.694313399350825,51.0,92.84210526315789,50.703126309369324,84.0,17.25,3.909240814108293,18.0,4.1,0.8522416262267903,4.0,7,9.508821033531726,9.508821033531726,False,False,True
20,3,25,0.995,0.5,0.9,0.5,20,0.8778846153846154,0.03106499606991848,0.882396449704142,0.07943786982248521,0.02488828536998877,0.0695266272189349,0.042677514792899406,0.02345490442953902,0.04807692307692307,0.6213571428571429,0.0760525498124507,0.6071428571428572,0.263,0.07044419445746025,0.2621428571428571,0.11564285714285713,0.04877550009213007,0.12214285714285714,0.9827981651376148,0.01455349924969347,0.9805045871559633,0.016169724770642203,0.013383572899903814,0.0194954128440367,0.0010321100917431193,0.0021663147738264507,0.0,0.5063043478260869,0.09702545496698838,0.4923913043478261,0.33695652173913043,0.09635171699468617,0.33043478260869563,0.1567391304347826,0.06903365273134472,0.15760869565217392,0.180859375,0.04801425470593185,0.1796875,0.17656312325488632,0.046707638948705256,0.17553849222177903,0.5697686477861986,0.030746239665736492,0.5653121260470682,0.1567391304347826,0.06903365273134472,0.15760869565217392,0.2604352678571428,0.04967032635736112,0.25279017857142855,0.819140625,0.04801425470593186,0.8203125,0.683695364632969,0.047997027310523646,0.6816353278160046,0.32083992817080337,0.061968331970310715,0.3270565647614828,0.1578125,0.04506875737228476,0.15833333333333333,0.20908085066818768,0.04915776451320428,0.20355340469268984,0.9902108497664839,0.008363841290442563,0.9905813592364713,0.9999194319298483,7.267335168870431e-05,0.9999395014966779,0.9800983008753255,0.01860879379162007,0.9881785000635064,0.995185637345563,0.00499577184142674,0.997332026298474,0.3130126834769181,0.07100181780809917,0.3074896531185748,0.12415162920908498,0.09167311927177545,0.1149473518303536,0.0012716882892715485,0.0028359289021098067,0.00037797137140877207,0.007794952487805399,0.014489004856473689,0.002811947424259748,0.995185637345563,0.00499577184142674,0.997332026298474,0.007794952487805399,0.014489004856473689,0.002811947424259748,0.09518563734556296,0.004995771841426733,0.09733202629847398,-0.8922050475121945,0.014489004856473683,-0.8971880525757403,0.4291666666666667,0.062096651697549556,0.4166666666666667,0.24583333333333335,0.095494251380822,0.25,0.18333333333333332,0.06945906278887422,0.16666666666666666,0.4708333333333333,0.10566899106414626,0.45833333333333337,0.016666666666666666,0.051298917604257706,0.0,0.475,0.18945134696142193,0.41666666666666663,8.574166666666667,3.5358170474421398,8.333333333333332,5.475,5.634655455772177,4.25,5.35,1.5603362210776939,5.416666666666667,23.758333333333333,1.5995019327117217,23.5,0.8271802325581395,0.04049746390987597,0.8248546511627907,0.5932940768773532,0.030491539592164756,0.5899122807017544,0.40670592312264675,0.030491539592164767,0.4100877192982456,0.49676373626373627,0.022648130321817235,0.5035439560439561,0.7265901838546069,0.037941059100392485,0.7305938292476755,0.7081432849472409,0.042528480982344165,0.7068008544524274,0.1573990556496011,0.044523230729262835,0.15292425212950794,20.421511627906973,5.673114359663095,20.348837209302324,51.01703841429855,15.663547701067174,47.44827586206897,0.35,0.11969747440993464,0.3333333333333333,68.32083333333334,26.288495513152313,59.25,66.1,24.69530106592836,58.5,91.4,45.82736484264672,82.5,13.816666666666666,3.481320244285902,13.083333333333332,3.9,0.7181848464596079,4.0,7,9.654491726373626,9.654491726373626,False,False,True
21,3,50,0.98,0.5,0.9,0.5,20,0.8526881720430108,0.03871936504776103,0.8556067588325653,0.0890937019969278,0.030515109239068604,0.08141321044546851,0.05821812596006144,0.027210148521778593,0.065284178187404,0.6594285714285715,0.07591390906605,0.6514285714285715,0.21992857142857142,0.06955818064104591,0.21928571428571428,0.12064285714285714,0.04709036722393063,0.13357142857142856,0.9675182481751825,0.021463442805422752,0.9598540145985401,0.02238442822384428,0.014244216750194388,0.0267639902676399,0.010097323600973237,0.01065761257972822,0.00608272506082725,0.5379347826086956,0.10324906592780242,0.5271739130434783,0.2980434782608695,0.09767697764058278,0.29565217391304344,0.16402173913043477,0.06740597389611615,0.1826086956521739,0.1679678530424799,0.05158089353045439,0.16819747416762343,0.16021395324235693,0.04888836581326326,0.16059980958425896,0.5657699936528087,0.02764390822501172,0.5685390881201735,0.16402173913043477,0.06740597389611615,0.1826086956521739,0.2888633754305396,0.054285137266221986,0.2818599311136625,0.8320321469575201,0.05158089353045442,0.8318025258323766,0.6549270173573051,0.05112044726734033,0.6539865857046474,0.3114631825004275,0.07433390925977429,0.31965344277245783,0.13677083333333334,0.04588949410115183,0.13958333333333334,0.18746584267886332,0.05406083288778753,0.18536651706786345,0.979484998399325,0.015468025236619642,0.9776606307227047,0.9999926137343207,7.237187523985785e-06,0.9999945572793899,0.9394815388166128,0.06256058328551665,0.9543764060821636,0.9969687756327031,0.00470872101675313,0.9988533387511319,0.2991544074762941,0.07395708047051763,0.29418322291309146,0.08726586519777076,0.0803029162808411,0.06559284950605146,0.00019626304721009764,0.0003092194189942456,6.633999863552569e-05,0.0031139877170195188,0.008577642791082352,0.0006785839256931395,0.9969687756327031,0.00470872101675313,0.9988533387511319,0.0031139877170195188,0.008577642791082352,0.0006785839256931395,0.09696877563270309,0.004708721016753139,0.09885333875113189,-0.8968860122829805,0.00857764279108235,-0.8993214160743068,0.3916666666666667,0.06105792475542055,0.4166666666666667,0.20833333333333331,0.09168660070336347,0.16666666666666666,0.18333333333333332,0.0792877651822924,0.16666666666666666,0.3625,0.12470725955130006,0.3333333333333333,0.0,0.0,0.0,0.41666666666666663,0.18337320140672694,0.3333333333333333,7.186666666666666,4.137394015532735,6.725,3.825,5.758917570077503,0.75,4.445833333333334,1.5423540430627614,4.375,24.229166666666664,1.7080123789216832,24.125,0.8431162102146559,0.04247975335267502,0.8497409326424871,0.5622339813016538,0.03113866756333123,0.5577423565210256,0.4377660186983462,0.031138667563331224,0.4422576434789745,0.48666551459293395,0.024328426868842734,0.4889400921658986,0.689249177090191,0.037294736376251095,0.6965969936361641,0.6724278844434548,0.04032189005522386,0.6698484095329561,0.12116118893288844,0.0454992849794137,0.11660668540078231,15.766099185788306,4.3300342649810055,14.803849000740193,64.55857005103573,16.67807115578801,64.33333333333333,0.36666666666666664,0.13891812557774844,0.3333333333333333,66.02083333333334,24.27507257232845,56.25,64.3,23.84787312595358,56.25,84.7,42.06023249929483,72.0,15.641666666666666,4.137008482138578,15.916666666666668,3.8,0.8335087534664907,4.0,8,9.673179470150037,9.673179470150037,False,False,True
22,5,35,0.9,0.5,0.9,0.5,20,0.8297297297297297,0.02958978706580356,0.837087087087087,0.14106606606606606,0.028440945142006496,0.14264264264264265,0.029204204204204203,0.018418414839324097,0.03753753753753754,0.40507142857142864,0.07413732286992893,0.4114285714285714,0.5056428571428572,0.0721504499838212,0.4978571428571429,0.08928571428571427,0.04690301257504034,0.09428571428571428,0.9758215962441315,0.023830992146454854,0.9835680751173709,0.024178403755868542,0.023830992146454847,0.01643192488262911,0.0,0.0,0.0,0.2623913043478261,0.0957434035505862,0.26304347826086955,0.6128260869565217,0.09776860757320471,0.6119565217391304,0.12478260869565216,0.0662406378838022,0.1315217391304348,0.32979683972911966,0.048527343310604064,0.32900677200902934,0.3185022453561951,0.04667059989196139,0.31771535007144314,0.5503021024698918,0.02844740844172602,0.5545238824249847,0.12478260869565216,0.0662406378838022,0.1315217391304348,0.13623024830699776,0.04970876482310344,0.136568848758465,0.6702031602708803,0.04852734331060412,0.6709932279909707,0.7998566360591612,0.06263394458803564,0.7957509992681416,0.34888670930028864,0.041760637601733486,0.33734356749541133,0.32437499999999997,0.04627034482194313,0.3260416666666667,0.3350472239059089,0.03948139134832167,0.34088300083770284,0.9772666726565973,0.007214169097805123,0.9791028403634832,0.987009254763936,0.00342728195926474,0.9874426523090872,0.930750086798227,0.024753840342726298,0.9349733796844366,0.9529707882411556,0.015540453585420356,0.9538947159951627,0.42137881885432354,0.06611668240234941,0.4138394379289537,0.35803885484520415,0.12270312753396155,0.3545474833723943,0.03770456638705476,0.02406132089204635,0.03337288901409563,0.07873324067087423,0.04408747351856484,0.07012245659990647,0.9529707882411556,0.015540453585420356,0.9538947159951627,0.07873324067087423,0.04408747351856484,0.07012245659990647,0.05297078824115555,0.01554045358542037,0.053894715995162656,-0.8212667593291257,0.044087473518564825,-0.8298775434000936,0.4291666666666667,0.062096651697549556,0.4166666666666667,0.33333333333333337,0.07647191129018725,0.3333333333333333,0.09583333333333333,0.055901699437494734,0.08333333333333333,0.775,0.08156008082159884,0.75,0.016666666666666666,0.051298917604257706,0.0,0.65,0.15198491768816522,0.6666666666666666,13.8,3.1093097332919184,13.716666666666667,15.4,4.008543507638601,15.75,11.1125,1.6643130311023446,11.333333333333332,25.975,1.4327263096497433,25.833333333333336,0.672108345534407,0.03869123496412738,0.6709370424597365,0.6712647450289357,0.040853970675422735,0.6663195504017903,0.32873525497106426,0.04085397067542274,0.33368044959820975,0.45950772200772205,0.024154341868710662,0.46232625482625483,0.7720579150579151,0.031354353560242625,0.7750782925782926,0.7607268245184912,0.03478219633599361,0.7568154791048645,0.23163837792336434,0.04395799051994854,0.22137757122622373,25.62225475841874,6.8426849416630455,24.158125915080525,40.132324561865985,9.242307850214878,40.21125541125541,0.275,0.1646811556946807,0.3333333333333333,60.14351851851851,28.962504009939824,54.25,58.19444444444444,28.303054755568912,50.75,76.83333333333333,42.91475819095612,66.5,17.875,2.983323532278323,18.25,4.35,0.9880869341680844,4.0,7,9.68275096092263,9.68275096092263,False,False,True
23,5,25,0.995,0.5,0.9,0.5,20,0.8490384615384615,0.03230096036652908,0.8528106508875739,0.12211538461538463,0.029591540240168756,0.121301775147929,0.028846153846153848,0.018063412132291453,0.038461538461538464,0.49542857142857144,0.08853334131369694,0.5014285714285714,0.40499999999999997,0.09145382639917525,0.4085714285714286,0.09957142857142856,0.05344642056402222,0.10357142857142856,0.9855504587155963,0.015593134560544753,0.9908256880733946,0.014449541284403672,0.015593134560544725,0.009174311926605505,0.0,0.0,0.0,0.3695652173913043,0.11300826770768374,0.36086956521739133,0.4985869565217391,0.11781488754225575,0.5043478260869565,0.13184782608695653,0.07033072447298575,0.1315217391304348,0.2630022321428572,0.0617245069477818,0.2700892857142857,0.2565182489030714,0.06020637628390535,0.2637913841244515,0.5586991424012765,0.033403282013661,0.5599670921420024,0.13184782608695653,0.07033072447298575,0.1315217391304348,0.18973214285714285,0.05801763743921263,0.18526785714285715,0.7369977678571429,0.06172450694778183,0.7299107142857142,0.7461631548799985,0.06254415806391837,0.75,0.35863086817035816,0.044375152791176646,0.3551749530242243,0.27166666666666667,0.05698793090651605,0.2739583333333333,0.3060547127888962,0.04445960534273249,0.3077279383199355,0.9883492354299289,0.005060647861647918,0.9893507136541587,0.9970587779861365,0.0012098333491559878,0.9972538133749932,0.947594117059628,0.023017176108023667,0.9482448276455921,0.9691278536466148,0.015974458996203204,0.9736322317655827,0.3778158544553501,0.07596960988082241,0.3780113238887901,0.2872797062248388,0.1462523558220876,0.2971673369235497,0.011240886834319628,0.010862566980774467,0.008082772061332262,0.03970980258736168,0.03692731639330906,0.02565558684340781,0.9691278536466148,0.015974458996203204,0.9736322317655827,0.03970980258736168,0.03692731639330906,0.02565558684340781,0.06912785364661483,0.01597445899620322,0.07363223176558265,-0.8602901974126385,0.036927316393309075,-0.8743444131565923,0.4791666666666667,0.07089135910195007,0.5,0.35,0.09208437524218041,0.3333333333333333,0.12916666666666665,0.057194395096104966,0.16666666666666666,0.6458333333333333,0.08916031293971985,0.6666666666666666,0.1,0.09970717360268647,0.16666666666666666,0.6,0.18257418583505539,0.6666666666666666,13.895,3.2677075418505117,14.55,15.95,6.13209846455089,16.25,9.145833333333332,2.04372434798001,9.625,24.983333333333334,1.7560671769111118,24.833333333333332,0.7339752906976744,0.055174889267345165,0.7401889534883721,0.6390653181513557,0.039943804690051654,0.6309429660863074,0.36093468184864425,0.039943804690051654,0.3690570339136926,0.474304945054945,0.028761862765436262,0.47713229078613695,0.7270623415046492,0.03475917078214521,0.712129120879121,0.7329542022161495,0.039292414857064875,0.7300413262612355,0.21671972687335644,0.054292229279038276,0.21630648947987385,23.292151162790695,6.350837332225298,23.25581395348837,45.01555041126373,14.104251497016245,41.696969696969695,0.275,0.1555503340811216,0.3333333333333333,62.73148148148149,37.31000404178048,48.75,60.80555555555556,37.61145745681951,45.5,84.11111111111111,56.296367962344014,73.5,16.225,3.7821816007191815,16.5,4.35,0.9333020044867296,4.0,7,9.698995801954517,9.698995801954517,False,False,True
24,5,25,0.98,0.5,0.9,0.5,20,0.8403846153846153,0.03160320513263707,0.8424556213017751,0.13247041420118344,0.028282061692714116,0.13165680473372782,0.027144970414201185,0.017714295895205956,0.03624260355029586,0.4077857142857143,0.07407499755759628,0.4035714285714286,0.5033571428571428,0.06723841384547544,0.4942857142857143,0.08885714285714286,0.04577204997090698,0.09857142857142857,0.9794724770642201,0.019425699767442673,0.9827981651376146,0.020527522935779818,0.01942569976744266,0.017201834862385322,0.0,0.0,0.0,0.26869565217391306,0.09568701258621184,0.2630434782608696,0.61,0.08982787905731016,0.5978260869565217,0.12130434782608697,0.06198150766806731,0.13043478260869565,0.32315848214285714,0.04376407599967349,0.33035714285714285,0.3152637614678899,0.04255055375694181,0.32185879537295575,0.5503884124451536,0.02655644810244905,0.55456222576785,0.12130434782608697,0.06198150766806731,0.13043478260869565,0.13794642857142858,0.04912502878309983,0.13504464285714285,0.6768415178571429,0.04376407599967349,0.6696428571428572,0.7990803711915624,0.0622497649374467,0.7961281640718154,0.3456755345209413,0.03919905356614263,0.3371101902940829,0.3173958333333333,0.04395199297419298,0.31666666666666665,0.3299615884348455,0.03765991494931955,0.3342247524671255,0.9784563295604076,0.006598706494008634,0.9794820119883041,0.9871849843927715,0.003195135592981781,0.988218037904224,0.9363952142982672,0.021222170878084794,0.9389339251451829,0.953905167033912,0.015032160380172082,0.9596442101998123,0.4083656884886371,0.06754809095211518,0.39444846053514004,0.3401250688471508,0.11952497458861933,0.3483166993426011,0.03501663738435012,0.024091311147506383,0.030817051711292863,0.07654332011470752,0.0414474354633825,0.0656673572787896,0.953905167033912,0.015032160380172082,0.9596442101998123,0.07654332011470752,0.0414474354633825,0.0656673572787896,0.053905167033911884,0.015032160380172079,0.05964421019981225,-0.8234566798852925,0.04144743546338249,-0.8343326427212104,0.45,0.049853586801343226,0.4166666666666667,0.35416666666666663,0.07089135910195007,0.3333333333333333,0.09583333333333333,0.05590169943749474,0.08333333333333333,0.7541666666666667,0.1028646700810205,0.75,0.05,0.07836039099693788,0.0,0.6583333333333333,0.1574188735647221,0.6666666666666666,14.200833333333332,2.7943263057352445,14.0,16.125,3.549925870241592,16.0,10.9375,1.5375121831875973,10.958333333333332,25.67083333333333,1.402659076675482,25.583333333333336,0.6788517441860465,0.03543235376467471,0.6798691860465116,0.6759976106444465,0.03991427084598378,0.6655879180151025,0.3240023893555535,0.039914270845983764,0.3344120819848975,0.4646208791208791,0.022010826614225928,0.4632924767540152,0.7768898985629755,0.032806075301040634,0.7762975486052408,0.7652887646607673,0.03603861685536007,0.7677981412457717,0.23202324520199932,0.0449530145492336,0.22244889607057253,26.162790697674417,6.572495128119915,25.799418604651162,39.44882572291761,9.976673290942813,37.7624060150376,0.26666666666666666,0.1470966583596813,0.16666666666666666,62.79824561403509,34.234151012060586,55.0,60.28947368421053,32.81146301619539,54.0,80.57894736842105,51.54535843903103,62.0,17.475,3.1973467618932854,17.583333333333336,4.4,0.8825799501580878,5.0,7,9.706625172843028,9.706625172843028,False,False,True
25,5,35,0.95,0.5,0.9,0.5,20,0.8384384384384385,0.03063403942269062,0.8400900900900901,0.1313063063063063,0.026344376517798307,0.13663663663663664,0.030255255255255253,0.019566726299199325,0.03903903903903904,0.4428571428571429,0.07981450029645303,0.435,0.47071428571428575,0.07583902336588531,0.47071428571428575,0.08642857142857144,0.0457741619151383,0.09357142857142858,0.9820422535211268,0.016915044742003626,0.9847417840375587,0.01795774647887324,0.016915044742003643,0.015258215962441316,0.0,0.0,0.0,0.29684782608695653,0.10514444915704516,0.29782608695652174,0.5820652173913043,0.1033944697577194,0.591304347826087,0.12108695652173913,0.06487745119273984,0.13043478260869565,0.3108352144469526,0.05225264671337886,0.3148984198645598,0.3000114819350888,0.05026277264631036,0.30386813635435805,0.5515646050214329,0.026795236529911812,0.553023576240049,0.12108695652173913,0.06487745119273984,0.13043478260869565,0.1541196388261851,0.05458966886257423,0.154627539503386,0.6891647855530474,0.05225264671337889,0.6851015801354402,0.7800103578438156,0.06487015858085093,0.7803986710963455,0.34106953178842836,0.046586728071281815,0.33259283911584436,0.29489583333333336,0.049117183506826555,0.2885416666666667,0.3148230707058416,0.04274996157850226,0.31801703215883337,0.9819047378139419,0.0070813788859814195,0.9841036376262611,0.9914239242849223,0.0025424625124235815,0.9921016487926931,0.9464369346511774,0.021187321097839978,0.9502078991796171,0.964791460070777,0.013475056921271003,0.9675468668575657,0.3997819234209864,0.06736898149169884,0.3892035877501465,0.32108431202909066,0.12054323602306721,0.33573212661412843,0.028258598464455977,0.01969066596480513,0.02462913346688493,0.0631815746756587,0.03866740589429262,0.05196787523434106,0.964791460070777,0.013475056921271003,0.9675468668575657,0.0631815746756587,0.03866740589429262,0.05196787523434106,0.06479146007077694,0.013475056921271001,0.06754686685756572,-0.8368184253243414,0.03866740589429262,-0.848032124765659,0.425,0.05984873720496732,0.4166666666666667,0.32083333333333336,0.06772730840727074,0.3333333333333333,0.10416666666666666,0.05322219780487542,0.08333333333333333,0.7083333333333333,0.10295346135355704,0.6666666666666666,0.008333333333333333,0.037267799624996496,0.0,0.6333333333333333,0.12796198265831904,0.6666666666666666,13.215,3.085472941844378,13.2,14.45,4.397666845522808,15.25,10.058333333333334,1.8048221632437011,10.041666666666668,25.7875,1.5756913919207338,25.833333333333332,0.6947657393850658,0.04226162685540095,0.6910688140556369,0.6536192681052649,0.03926391274539751,0.6476307530756655,0.34638073189473506,0.03926391274539752,0.35236924692433447,0.46243350493350494,0.022405109158818486,0.46397361647361646,0.7635286357786357,0.03128680649885493,0.7691344916344915,0.7504141143112599,0.035566290771565964,0.7510466531870463,0.21397043815887148,0.04312961652688417,0.20472368714276626,22.18155197657394,3.9250785108081327,21.961932650073205,45.02348174116385,8.766316473857074,44.064516129032256,0.275,0.1646811556946807,0.3333333333333333,63.24074074074073,29.594493737006985,53.75,60.77777777777778,28.369527055618622,50.5,83.0,47.17052918432666,66.5,17.575,3.424402880462418,17.75,4.35,0.9880869341680844,4.0,7,9.78971710778969,9.78971710778969,False,False,True
26,5,25,0.99,0.5,0.9,0.5,20,0.8487426035502958,0.03442539366216014,0.8528106508875739,0.12278106508875739,0.03218137919543944,0.11982248520710059,0.028476331360946745,0.01824974815931519,0.03698224852071006,0.46692857142857147,0.07255395414506215,0.4807142857142857,0.44021428571428567,0.07075057927899701,0.445,0.09285714285714286,0.047464159127899676,0.09928571428571428,0.9853211009174313,0.013749391127696202,0.9862385321100917,0.014678899082568808,0.013749391127696194,0.013761467889908258,0.0,0.0,0.0,0.3316304347826087,0.09551549158864,0.34239130434782605,0.5447826086956522,0.09448107727365186,0.55,0.12358695652173912,0.06351819611487555,0.13043478260869565,0.28683035714285715,0.04758017729420535,0.2974330357142857,0.2797307538891105,0.046315444357032456,0.2897636617471081,0.5544540287195852,0.028835806684258856,0.5572197846031113,0.12358695652173912,0.06351819611487555,0.13043478260869565,0.17025669642857144,0.049036971128096435,0.17578125,0.7131696428571429,0.04758017729420532,0.7025669642857143,0.7638033213356399,0.056745164533524364,0.7638523761375127,0.3434635140967871,0.04295664642148884,0.3493426818580193,0.27947916666666667,0.05137578612394949,0.28020833333333334,0.30664139733447476,0.044150040517462935,0.3042464374756971,0.9868244784716232,0.005067741505409587,0.9880823850871019,0.9943670353777291,0.001996596395629132,0.9947099592817212,0.9524293167920488,0.024120712749353374,0.9565481716742938,0.9694773224209134,0.01403582249813777,0.9716611048385979,0.3861539461415825,0.06994210711106814,0.380465233278236,0.30272108954290144,0.12460935359680496,0.2720550550046795,0.021298197293719186,0.017960994562792525,0.017679080980859498,0.051379789054764834,0.033549224427064685,0.040364498588485946,0.9694773224209134,0.01403582249813777,0.9716611048385979,0.051379789054764834,0.033549224427064685,0.040364498588485946,0.06947732242091346,0.014035822498137777,0.07166110483859794,-0.8486202109452352,0.033549224427064685,-0.859635501411514,0.4666666666666667,0.06282808624375431,0.5,0.3625,0.06772730840727076,0.375,0.10416666666666666,0.053222197804875415,0.08333333333333333,0.6958333333333333,0.09078523593805042,0.6666666666666666,0.09166666666666666,0.08506963092234006,0.16666666666666666,0.6333333333333333,0.149071198499986,0.6666666666666666,13.763333333333332,2.968684509896302,13.583333333333332,15.1,5.1314304971779965,16.0,9.433333333333334,1.7716084474928617,9.541666666666668,25.145833333333336,1.6646643674147505,25.166666666666668,0.715734011627907,0.041546888229925284,0.7132994186046512,0.6495685408087577,0.0356037859442768,0.6408668145384886,0.35043145919124224,0.0356037859442768,0.35913318546151135,0.47079987320371935,0.02565593972768002,0.47173499577345734,0.7597458791208791,0.03507675123473062,0.7591251056635672,0.7510677180153323,0.040162410597280956,0.7506772807463726,0.22006578545883954,0.04909053644945519,0.21251115758086658,23.800872093023255,4.97881884419841,22.892441860465116,42.32162009082967,8.404402392821094,42.348484848484844,0.25,0.13786169864475187,0.16666666666666666,60.0,35.71548234326881,50.333333333333336,58.94736842105263,35.765787010323656,41.0,76.47368421052632,52.93220865834235,69.0,16.525,3.4294369817356176,16.166666666666668,4.5,0.8271701918685113,5.0,7,9.79722194945964,9.79722194945964,False,False,True
27,3,35,0.995,0.5,0.9,0.5,20,0.8696696696696696,0.03397719603667046,0.8708708708708708,0.08153153153153153,0.025528314540032297,0.07282282282282282,0.048798798798798795,0.026267807797909607,0.057057057057057055,0.6736428571428571,0.073183663135609,0.6592857142857143,0.22028571428571428,0.06662107284439944,0.2257142857142857,0.10607142857142857,0.045995084498961364,0.11285714285714285,0.9758215962441315,0.018579052989443783,0.9741784037558685,0.019014084507042252,0.013536407229236356,0.023474178403755867,0.005164319248826292,0.006837480789508085,0.0,0.5599999999999999,0.09718298658870425,0.5478260869565217,0.29641304347826086,0.09306164144023835,0.29782608695652174,0.14358695652173914,0.06524208152009346,0.15,0.16303611738148985,0.04725741359467284,0.16309255079006774,0.15771356399265155,0.04546580912896937,0.15758573178199634,0.5597042763829353,0.027327407945673305,0.5572846499285569,0.14358695652173914,0.06524208152009346,0.15,0.29322799097065466,0.050124478605721924,0.2866817155756208,0.8369638826185101,0.047257413594672844,0.8369074492099322,0.6512842949950648,0.04590469110135662,0.6526545765161968,0.30885619631096395,0.06291366060938715,0.30600150037509377,0.13343750000000001,0.042708868203753816,0.128125,0.18378162581690344,0.04961905272471055,0.18804065421025912,0.9851207440385126,0.0125991256658373,0.9858310761031892,0.9999887073587599,9.41267906688337e-06,0.9999921786674215,0.9739410067540464,0.02453696155270155,0.9794053132894787,0.9969546969106828,0.00443498895788297,0.9986687814720652,0.2772548050872221,0.07115345952899564,0.27449130799231936,0.07445322569222515,0.07139133700507486,0.058932185496897514,0.0002538404727895691,0.0005058163337180233,6.972377536001791e-05,0.0038206641385260818,0.010763233706088688,0.0007294833486730543,0.9969546969106828,0.00443498895788297,0.9986687814720652,0.0038206641385260818,0.010763233706088688,0.0007294833486730543,0.09695469691068272,0.0044349889578829725,0.09866878147206509,-0.896179335861474,0.01076323370608869,-0.899270516651327,0.4208333333333333,0.05719439509610499,0.4166666666666667,0.22916666666666666,0.08916031293971984,0.20833333333333331,0.19166666666666665,0.07694837640638656,0.20833333333333331,0.37083333333333335,0.116211518185868,0.3333333333333333,0.0,0.0,0.0,0.4583333333333333,0.17832062587943967,0.41666666666666663,8.141666666666667,3.649411151732011,8.3,3.875,5.661213836737061,2.0,4.4,1.4404860290887933,4.416666666666667,23.795833333333334,1.5936815574112502,23.875,0.8473645680819912,0.04007535867038261,0.8480966325036603,0.5651939812372784,0.028063491787032845,0.5600204074118877,0.4348060187627216,0.028063491787032848,0.4399795925881122,0.48787054912054906,0.022147222848071545,0.4948487773487773,0.6933777885027885,0.0380554574361696,0.7007271557271557,0.6747760952192323,0.04214160825311274,0.6713837876724236,0.11911059433619495,0.041642237053418234,0.11340231251962377,16.544655929721817,4.607998249007226,16.105417276720353,61.66002094191301,15.703351944578262,59.391304347826086,0.3333333333333333,0.10814761408717502,0.3333333333333333,69.17916666666666,24.937762808417457,61.5,68.475,25.02602592670699,61.5,87.6,40.17907284565987,77.0,14.316666666666666,3.572515289970922,14.5,4.0,0.6488856845230501,4.0,7,9.962323414194511,9.962323414194511,False,False,True
28,5,35,0.98,0.5,0.9,0.5,20,0.8427927927927928,0.0346120994514692,0.8393393393393394,0.12484984984984986,0.028977422977099696,0.12537537537537535,0.032357357357357355,0.020642089151551617,0.042042042042042045,0.5095714285714286,0.07678712186155225,0.5,0.40750000000000003,0.07306674111630872,0.4164285714285714,0.08292857142857143,0.04522880131413656,0.09142857142857143,0.9827464788732394,0.014375444180069868,0.9812206572769953,0.016784037558685447,0.013945342460335379,0.018779342723004695,0.00046948356807511736,0.0014450399325143016,0.0,0.35967391304347823,0.10292091456675936,0.3445652173913043,0.524891304347826,0.1030078798979116,0.5347826086956522,0.11543478260869564,0.0642525889327329,0.1282608695652174,0.2805869074492099,0.05126296290424512,0.2889390519187359,0.2708376709532557,0.04923054088234418,0.27930189834660135,0.5490906307409675,0.026723608821319075,0.5503495611349255,0.11543478260869564,0.0642525889327329,0.1282608695652174,0.18696388261851016,0.05327917210584128,0.1788939051918736,0.7194130925507901,0.05126296290424513,0.7110609480812642,0.7431095075921379,0.058565665239075554,0.7560045116772824,0.32632393700895385,0.051855921464348635,0.3254417034321341,0.24958333333333332,0.051225835838080186,0.253125,0.2811288699718216,0.0475573083226993,0.27908388675614837,0.9860912280081822,0.007837340385364676,0.9880010107032948,0.9961428114376008,0.0014919489922717588,0.9963807911543855,0.965259391257152,0.015839652501368214,0.968639391276265,0.9777578511421996,0.011359998272450987,0.9803213829272399,0.3631252172156686,0.06889691462596163,0.34286061734835815,0.24885634883034102,0.11220601509320526,0.2665148840165654,0.016413215746213267,0.013459847992421147,0.013984692311304205,0.04156398350422425,0.029019162940761855,0.031101562159069767,0.9777578511421996,0.011359998272450987,0.9803213829272399,0.04156398350422425,0.029019162940761855,0.031101562159069767,0.07775785114219967,0.011359998272450992,0.08032138292723995,-0.8584360164957758,0.02901916294076184,-0.8688984378409302,0.425,0.05984873720496732,0.4166666666666667,0.30833333333333335,0.07694837640638658,0.29166666666666663,0.11666666666666665,0.05671308728156004,0.08333333333333333,0.6208333333333333,0.11621151818586797,0.5833333333333334,0.008333333333333333,0.037267799624996496,0.0,0.6083333333333333,0.1458489966525701,0.5833333333333333,12.875,3.707328367670039,13.725,13.25,6.701335295061881,15.25,8.3875,1.8790696575108061,8.708333333333332,25.65416666666667,1.7682372611433983,25.75,0.730307467057101,0.04252571713629315,0.7291361639824305,0.6219921070734927,0.03439831716050793,0.6204825531871998,0.37800789292650727,0.03439831716050793,0.3795174468128002,0.4628606821106821,0.02236782976361778,0.46181252681252677,0.74425429000429,0.03108155360184351,0.7499538824538825,0.7289173421248991,0.035209196168869104,0.7260495148778725,0.18482270235914017,0.041920709666255156,0.17487999682086383,20.20497803806735,4.811618367541723,19.03367496339678,50.48919262116249,13.32242551509132,50.592592592592595,0.24166666666666664,0.11438879019220995,0.16666666666666666,65.27192982456141,35.339063586980885,47.5,64.65789473684211,34.82418246291686,47.5,78.0,48.634692692905276,60.0,17.541666666666664,3.896645355846457,18.0,4.55,0.6863327411532597,5.0,7,10.058999720462456,10.058999720462456,False,False,True
29,3,50,0.99,0.5,0.9,0.5,20,0.8513824884792627,0.041601346190027574,0.8548387096774194,0.09055299539170507,0.03202226434513439,0.08294930875576037,0.05806451612903226,0.028640803460425864,0.065284178187404,0.696,0.07782985656916502,0.6914285714285714,0.1972857142857143,0.06479398070463929,0.21214285714285713,0.10671428571428572,0.04396830222364341,0.11714285714285715,0.9628953771289538,0.023548371489788736,0.9549878345498783,0.024939172749391728,0.015120126853135551,0.029197080291970802,0.012165450121654502,0.012506426531950153,0.0072992700729927005,0.5866304347826087,0.10645814895468467,0.5815217391304348,0.27010869565217394,0.09030695011614374,0.29565217391304344,0.14326086956521739,0.06236277343812122,0.15652173913043477,0.15442020665901263,0.04828729082708787,0.1653272101033295,0.14752393420078283,0.04584845202985736,0.15755844705384534,0.5530781233470856,0.024628139224991723,0.5527134243097429,0.14326086956521739,0.06236277343812122,0.15652173913043477,0.315556831228473,0.05535811327727039,0.3140068886337543,0.8455797933409874,0.04828729082708787,0.8346727898966705,0.6288900009556889,0.05009132659788512,0.6273064482625597,0.3180819443099583,0.07561569855851469,0.33466666666666667,0.1303125,0.04766320741803124,0.12708333333333333,0.18211319784164468,0.05732153687601504,0.1726990568699609,0.9765490051415208,0.017585922808539645,0.9742887986025393,0.9999970929096499,3.310190769825208e-06,0.9999981747034694,0.8934210195621881,0.11637446092769646,0.9330915243939502,0.9952723593229477,0.008506035817233524,0.9979752414020154,0.26438855364012226,0.07150714079027796,0.2587911337155959,0.05229550233475634,0.06187556226842057,0.03387687187046343,8.287221208510228e-05,0.00016644387230585426,1.3727322460038557e-05,0.0014233325568388734,0.004415128657178013,0.0002122837054268412,0.9952723593229477,0.008506035817233524,0.9979752414020154,0.0014233325568388734,0.004415128657178013,0.0002122837054268412,0.09527235932294771,0.008506035817233531,0.09797524140201541,-0.8985766674431611,0.00441512865717801,-0.8997877162945731,0.3875,0.06209665169754958,0.4166666666666667,0.1875,0.10071019739653539,0.16666666666666666,0.2,0.08719139396343283,0.16666666666666666,0.30833333333333335,0.12121461321202306,0.3333333333333333,0.0,0.0,0.0,0.375,0.20142039479307078,0.3333333333333333,6.744166666666667,4.246661141173524,6.0,3.55,5.4673673064060635,0.75,4.241666666666666,1.6602728233495896,4.0,24.170833333333334,1.806517400126294,24.125,0.8541450777202073,0.04100205900405707,0.8552923760177646,0.5457641780335482,0.0300339626690274,0.5425739814391197,0.45423582196645185,0.030033962669027445,0.45742601856088033,0.47904838709677416,0.023077102901712894,0.4818010752688172,0.6659287908711872,0.03725543809526655,0.6715097651964012,0.6494948631700723,0.04035466904565101,0.6486267090063117,0.0953325896703836,0.04142178819872888,0.09419178740943449,15.5440414507772,4.173364522448738,14.803849000740193,65.38075402703899,16.562424375783383,64.92219679633868,0.3333333333333333,0.1209127083516686,0.3333333333333333,66.57916666666667,19.4304403935909,59.25,64.575,18.49699477724621,59.25,81.75,34.42134435736671,71.0,15.858333333333334,4.4482978543673966,15.916666666666668,4.0,0.7254762501100118,4.0,8,10.071271898731295,10.071271898731295,False,False,True
30,5,35,0.99,0.5,0.9,0.5,20,0.847072072072072,0.035868621574851094,0.8430930930930931,0.11966966966966967,0.031597693763005266,0.12087087087087087,0.03325825825825826,0.021841964859974358,0.04129129129129129,0.5548571428571428,0.07773015096791698,0.5464285714285715,0.3603571428571429,0.0774178820687907,0.3628571428571429,0.08478571428571428,0.04696200214580323,0.09071428571428572,0.9862676056338028,0.012953408132696142,0.9894366197183099,0.013145539906103287,0.012266300056363857,0.01056338028169014,0.0005868544600938967,0.0018460035578803972,0.0,0.4126086956521739,0.10688794288922879,0.4076086956521739,0.47010869565217395,0.1109690741126193,0.46304347826086956,0.11728260869565217,0.06610560302401784,0.12717391304347825,0.25039503386004514,0.05548480988628855,0.24492099322799096,0.24162711777913862,0.05329333977688717,0.23643345580730762,0.5517751071647276,0.02818800081852373,0.5531741171667688,0.11728260869565217,0.06610560302401784,0.12717391304347825,0.21450338600451468,0.05530107302240526,0.2116252821670429,0.7496049661399549,0.055484809886288525,0.755079006772009,0.7168757505466765,0.05741899982384473,0.7163741485387827,0.3336793639244835,0.057420380818089777,0.34573884946050426,0.22937500000000002,0.049862292090462716,0.234375,0.26968126249796553,0.04829959517957244,0.2817029124459467,0.989475335887047,0.006419472033036947,0.9911254358193223,0.9981712698059668,0.0007381164991998235,0.9982902750377628,0.9713970775809907,0.01392223078837004,0.9745704645741609,0.9833978287947629,0.009546788685907083,0.9852070969995748,0.3452997402968833,0.07353452041317292,0.3246480602500146,0.2110913303127835,0.11920194838263193,0.2188305775836446,0.008972396155839444,0.008088343964586586,0.006281599948334479,0.0269875255468646,0.024602211064519947,0.01880978736527069,0.9833978287947629,0.009546788685907083,0.9852070969995748,0.0269875255468646,0.024602211064519947,0.01880978736527069,0.0833978287947628,0.009546788685907073,0.0852070969995748,-0.8730124744531353,0.024602211064519958,-0.8811902126347293,0.4333333333333333,0.057987697828204954,0.4166666666666667,0.3,0.08719139396343281,0.29166666666666663,0.13333333333333333,0.06839855680567694,0.125,0.5791666666666667,0.11931517552730295,0.5833333333333334,0.016666666666666666,0.051298917604257706,0.0,0.5833333333333333,0.16666666666666669,0.5,12.879166666666666,3.8705322291439592,13.7,12.85,7.462361697563525,15.75,7.6708333333333325,1.701709451839394,7.916666666666666,25.475,1.8021875920555719,25.875,0.7569912152269399,0.0459527778449931,0.7540263543191801,0.6040246725471089,0.03242007266094988,0.599615427114844,0.3959753274528911,0.03242007266094988,0.4003845728851561,0.46592889317889313,0.02431013693485535,0.46216966966966966,0.7214342020592021,0.0342214632304341,0.7258118833118833,0.7125103254770417,0.03880949522013954,0.7161060140881522,0.17232871261486182,0.04765399740022083,0.16854662410108004,17.276720351390924,4.858288891228291,19.03367496339678,60.21439371865713,18.83998078119816,50.592592592592595,0.24166666666666664,0.12652577575270804,0.16666666666666666,65.48245614035088,35.083053783387086,45.0,64.86842105263158,34.597222955857454,45.0,78.89473684210526,49.51979933638453,50.0,16.975,3.9916854374535764,17.5,4.55,0.7591546545162484,5.0,7,10.110751144135207,10.110751144135207,False,False,False
31,5,35,0.995,0.5,0.9,0.5,20,0.850975975975976,0.030890451368530015,0.8438438438438438,0.11501501501501502,0.02728656794241434,0.11486486486486486,0.03400900900900901,0.020652433615492207,0.04504504504504504,0.5702857142857143,0.08049471098302426,0.5707142857142857,0.3401428571428572,0.08510926823959462,0.34571428571428575,0.08957142857142857,0.046610343997462216,0.09142857142857143,0.9868544600938968,0.012888877768136337,0.9870892018779343,0.013145539906103287,0.012888877768136332,0.012910798122065727,0.0,0.0,0.0,0.44000000000000006,0.10552444935652971,0.43804347826086953,0.43619565217391304,0.1134328687807413,0.4369565217391304,0.12380434782608696,0.06441719234169668,0.12826086956521737,0.23278781038374716,0.0578587668708491,0.22968397291196388,0.22467059604000816,0.055667830979452985,0.22171616656460502,0.5553294039599919,0.02852869576675243,0.5561747295366402,0.12380434782608696,0.06441719234169668,0.12826086956521737,0.22844243792325059,0.054786960162532365,0.22742663656884876,0.7672121896162528,0.057858766870849114,0.770316027088036,0.7050258549733576,0.05370513064283415,0.7003666762557803,0.34772860557387053,0.05350193531612644,0.3650479954827781,0.22593749999999999,0.05100629816488725,0.2375,0.2707798209266913,0.04576467817570497,0.28381466899318447,0.991152409288617,0.005525718313422928,0.9922721467819842,0.9989490973780091,0.0005423331423240938,0.9990954647441594,0.9708440918283742,0.014231790576155865,0.9765113454572832,0.9836731418410372,0.009826599685397326,0.9876481811635461,0.3397273642484394,0.07639789130706513,0.3234970994229371,0.2006796468982563,0.12996044619727656,0.17624409274690098,0.004741191299032352,0.005590363239475769,0.0030821332002334305,0.022302041708719585,0.02319615940535856,0.01201297387770976,0.9836731418410372,0.009826599685397326,0.9876481811635461,0.022302041708719585,0.02319615940535856,0.01201297387770976,0.08367314184103705,0.009826599685397338,0.08764818116354611,-0.8776979582912805,0.023196159405358564,-0.8879870261222902,0.4208333333333333,0.06879816229015805,0.4166666666666667,0.25833333333333336,0.09710728377111322,0.25,0.1625,0.07870943678236106,0.16666666666666666,0.5666666666666667,0.11015671983123232,0.5833333333333334,0.016666666666666666,0.051298917604257706,0.0,0.5,0.18731716231633877,0.5,11.501666666666667,3.979497529185729,12.8,10.3,8.555392266991927,13.5,7.616666666666667,1.7748651213065203,8.0,25.245833333333334,1.7166783767272218,25.416666666666668,0.7696193265007321,0.05036850745963775,0.7657393850658858,0.599996795712956,0.03281355488997028,0.593330938697318,0.40000320428704395,0.03281355488997029,0.406669061302682,0.4702737022737023,0.024130592822813587,0.4721224796224796,0.6922212569712569,0.03536813847692058,0.6929257829257829,0.6981288839878153,0.03934031971107626,0.7048883865852943,0.17079727902172867,0.05088032700319692,0.15997300157935296,18.814055636896047,5.84253166019258,17.569546120058565,57.46704488742154,25.858938838611998,54.64,0.24166666666666664,0.13759632458031607,0.16666666666666666,63.0,35.00312777807672,46.25,62.05555555555556,34.39685728158422,46.25,79.33333333333333,53.599824407087276,52.5,16.366666666666667,3.6296375860198435,17.25,4.55,0.8255779474818964,5.0,7,10.120947501968551,10.120947501968551,False,False,True
32,3,70,0.9,0.5,0.9,0.5,20,0.8268621236133121,0.047364957635113974,0.8256735340729002,0.10515055467511887,0.03719950030514129,0.0919175911251981,0.06798732171156893,0.03214256709146005,0.07844690966719493,0.7243571428571428,0.06972783518026274,0.725,0.172,0.05758736882628971,0.16785714285714287,0.10364285714285715,0.045114664747678015,0.11571428571428571,0.9407928388746803,0.030581254259599584,0.9271099744245523,0.03887468030690537,0.02280906141543167,0.03580562659846547,0.020332480818414322,0.01841422877288907,0.01918158567774936,0.6234782608695653,0.09775512300246236,0.6228260869565218,0.23782608695652172,0.07910302037252757,0.23478260869565218,0.13869565217391305,0.06479113177849724,0.15434782608695652,0.1464159811985899,0.042680132717844925,0.14336075205640425,0.13835038363171356,0.03971273190267892,0.13529411764705881,0.5397442455242967,0.02669398670409226,0.5397058823529411,0.13869565217391305,0.06479113177849724,0.15434782608695652,0.34635722679200937,0.05157422360872601,0.3490011750881316,0.8535840188014101,0.04268013271784494,0.8566392479435958,0.5957003762454119,0.046065385451945044,0.5985051464708743,0.33079884886079514,0.072737463131541,0.339773404889684,0.12947916666666665,0.04812965155616783,0.11458333333333333,0.18353521081869412,0.05757488199395041,0.16866018030884583,0.9637580745085138,0.023838056584669604,0.9586699968145758,0.9999987870301961,2.1037072891898387e-06,0.9999995771499981,0.6816343315539413,0.2882628400675748,0.7337295855369006,0.9784219790462713,0.027765550649443544,0.9891584394676614,0.24422096943749624,0.0696514054295646,0.23421395501031333,0.03193459069375014,0.04555455663272631,0.01478105358634638,2.6594349836498664e-05,8.113831729267302e-05,1.1258232834838944e-06,0.00040741221406508457,0.0012905495194782779,5.406866864256669e-05,0.9784219790462713,0.027765550649443544,0.9891584394676614,0.00040741221406508457,0.0012905495194782779,5.406866864256669e-05,0.0784219790462712,0.027765550649443523,0.08915843946766133,-0.899592587785935,0.0012905495194782727,-0.8999459313313575,0.37916666666666665,0.06326288787635403,0.375,0.1875,0.08496215187636191,0.16666666666666666,0.19166666666666665,0.07694837640638656,0.16666666666666666,0.29583333333333334,0.1028646700810205,0.25,0.0,0.0,0.0,0.375,0.16992430375272383,0.3333333333333333,7.2683333333333335,3.817242735963114,6.8,3.25,4.578266737073046,0.75,4.208333333333334,1.7334218938239774,3.3333333333333335,24.5375,1.9339372544355125,24.125,0.8596919609316304,0.03870998440873791,0.8640120210368144,0.5197789263795897,0.02652843594783032,0.5171265790184488,0.48022107362041033,0.0265284359478303,0.48287342098155117,0.4652524903780847,0.024464913293509364,0.4719045732397555,0.6278448607652253,0.0359076626753962,0.6336450079239303,0.6210315538088012,0.03784552507731103,0.6208579168063737,0.06583839136094247,0.040801281766127996,0.06719652362372572,14.199849737039818,3.9145857690500776,13.5236664162284,71.52025968959116,19.267535078000627,70.05263157894737,0.3583333333333333,0.09785715810206663,0.3333333333333333,70.61666666666666,17.1692724985264,67.5,68.0,16.032040287794743,65.5,87.1,32.729995899464264,76.0,17.783333333333335,4.825644216606022,17.333333333333336,3.85,0.5871429486123998,4.0,8,10.13673040084599,10.13673040084599,False,False,True
33,7,35,0.95,0.5,0.9,0.5,20,0.7538288288288288,0.04555445323601315,0.7582582582582582,0.21936936936936938,0.03964197444163484,0.20795795795795796,0.0268018018018018,0.018787093946330834,0.036036036036036036,0.31585714285714284,0.055945922946245126,0.3164285714285714,0.6122142857142857,0.05854753776464812,0.6028571428571429,0.07192857142857143,0.04225459889549951,0.08857142857142856,0.919131455399061,0.044300648547073475,0.9307511737089202,0.08086854460093897,0.044300648547073475,0.06924882629107981,0.0,0.0,0.0,0.1757608695652174,0.0663002212018166,0.17282608695652174,0.7247826086956521,0.08011532827303454,0.7195652173913043,0.09945652173913043,0.05913209632205889,0.12391304347826088,0.4151805869074492,0.0383594707950081,0.4142212189616253,0.4028255766482956,0.03717277986626034,0.4019927536231884,0.5092939885690957,0.0245270282540411,0.511247193304756,0.09945652173913043,0.05913209632205889,0.12391304347826088,0.09125282167042889,0.03442223674134948,0.08972911963882618,0.5848194130925508,0.03835947079500812,0.5857787810383748,0.8460482778711554,0.05156457689444219,0.8457308971470542,0.3595004210984622,0.03356933967819615,0.36244242499688784,0.43083333333333335,0.06007579277207238,0.4239583333333333,0.39119216138294105,0.04144297485407975,0.39501151556624947,0.9503055874405003,0.007730348212679532,0.9532676327012367,0.962387480833479,0.006909716363190799,0.9629188486665579,0.8793195611493717,0.03146621421485577,0.8927643649342465,0.909465822318759,0.019944824254926056,0.9179384817007656,0.4294698393902368,0.061779286762982645,0.4340794248660052,0.3858643514261202,0.10688405622459482,0.41020777059837055,0.06623045947113881,0.028072083987067554,0.06490666836535934,0.12468132960847775,0.046461582974204066,0.11686368544876288,0.909465822318759,0.019944824254926056,0.9179384817007656,0.12468132960847775,0.046461582974204066,0.11686368544876288,0.009465822318758954,0.019944824254926056,0.01793848170076562,-0.7753186703915222,0.04646158297420409,-0.7831363145512371,0.37916666666666665,0.07392010069358476,0.375,0.3125,0.07089135910195006,0.3333333333333333,0.06666666666666667,0.05798769782820494,0.08333333333333333,0.8541666666666666,0.08916031293971982,0.8333333333333334,0.016666666666666666,0.051298917604257706,0.0,0.6083333333333333,0.1354546168145415,0.6666666666666666,15.750833333333333,3.6682391962860867,16.75,17.075,5.021729100409016,18.25,14.754166666666666,2.3110583067235715,14.708333333333332,27.76666666666667,1.5888868441486867,27.916666666666668,0.5793191800878478,0.036665797631054396,0.5746705710102489,0.6990421687200852,0.0356448309722346,0.6989858133875457,0.3009578312799148,0.03564483097223459,0.3010141866124543,0.41287870012870015,0.0239905179460965,0.4186808236808237,0.763558344058344,0.030406560442332697,0.768970398970399,0.757860221249927,0.03509639134919819,0.7505746431500506,0.22047247502628337,0.038384604817319715,0.21932452490264487,30.01464128843338,6.390822876355193,29.282576866764277,33.88211012170321,6.9873726534108735,33.31707317073171,0.16666666666666666,0.09365858115816939,0.16666666666666666,60.705882352941174,46.55207394128959,38.0,60.705882352941174,46.55207394128959,38.0,63.64705882352941,47.00391097620307,38.0,22.8,3.9439049132696242,23.083333333333336,5.0,0.5619514869490163,5.0,7,10.200829711005563,10.200829711005563,False,False,True
34,7,35,0.999,0.5,0.9,0.5,20,0.7526276276276276,0.05113668799785039,0.7567567567567568,0.21929429429429428,0.050448933403098264,0.2057057057057057,0.028078078078078078,0.01918597468520435,0.03678678678678679,0.3562142857142857,0.07570119762038144,0.34714285714285714,0.5692857142857143,0.07707251039259701,0.5664285714285715,0.0745,0.042965464611730037,0.08714285714285715,0.910680751173709,0.0426869772091007,0.9213615023474178,0.08931924882629108,0.04268697720910071,0.07863849765258216,0.0,0.0,0.0,0.22565217391304349,0.08465665701618806,0.23152173913043478,0.6716304347826088,0.09005761816522283,0.6706521739130435,0.10271739130434783,0.059530360276478254,0.12173913043478261,0.39164785553047404,0.0454590008100504,0.3972911963882618,0.3804748418044499,0.04406146159880817,0.38707644417228004,0.5066990712390285,0.027452053369145125,0.5110736885078587,0.10271739130434783,0.059530360276478254,0.12173913043478261,0.11715575620767496,0.043952666170932846,0.12020316027088035,0.6083521444695259,0.04545900081005041,0.6027088036117381,0.8104152518410173,0.059925502634174656,0.8037941796597863,0.3617316808746495,0.03525132763978211,0.35385861524601414,0.41156249999999994,0.07184034888096787,0.40208333333333335,0.38368798613413857,0.0472806656222594,0.38262104866366076,0.9563090389242888,0.008475522607959795,0.9577826343765174,0.9706757246726931,0.006982319489564159,0.972998656963843,0.8662627824864334,0.033488618411730155,0.8677288080289312,0.9062957534596233,0.02183542067477529,0.9108035471348619,0.41364875310054805,0.061038727664317914,0.41817705794284743,0.3729884765368086,0.10546991362256225,0.38127592723156334,0.04830937874955056,0.026524276041672363,0.041552044274949476,0.09940841351159199,0.047843935795263984,0.08878708780002414,0.9062957534596233,0.02183542067477529,0.9108035471348619,0.09940841351159199,0.047843935795263984,0.08878708780002414,0.006295753459623204,0.021835420674775282,0.010803547134861813,-0.8005915864884081,0.047843935795264,-0.8112129121999758,0.375,0.06893084932237593,0.4166666666666667,0.29166666666666663,0.09933992677987828,0.3333333333333333,0.08333333333333333,0.06045635417583431,0.08333333333333333,0.8166666666666667,0.0959714869937393,0.8333333333333334,0.016666666666666666,0.051298917604257706,0.0,0.5666666666666667,0.19041352352582644,0.6666666666666666,13.998333333333331,5.271508156648724,15.6,14.1,8.11528771744059,17.0,13.8875,2.3973479194275553,13.583333333333334,27.325,1.6049767264348913,27.458333333333336,0.6013543191800879,0.048091835110698186,0.6134699853587116,0.6753077309306046,0.044232323266057846,0.676295518207283,0.3246922690693954,0.044232323266057846,0.32370448179271705,0.41356381381381385,0.030576340388840887,0.4161765336765337,0.7271123981123981,0.04420249194490477,0.7351319176319175,0.7350621511915573,0.04234155589753692,0.7388801105767475,0.2114901081864257,0.039878117295553794,0.21239309193904807,35.50512445095168,6.844745681038678,35.87115666178624,28.663913187186864,6.124257082704669,27.330932372949178,0.18333333333333332,0.07453559924999299,0.16666666666666666,61.3421052631579,39.984737585309745,39.0,61.3421052631579,39.984737585309745,39.0,65.73684210526316,45.73819471885998,41.0,21.7,4.308158994063317,22.083333333333336,4.9,0.44721359549995804,5.0,7,10.236313875930101,10.236313875930101,False,False,True
35,5,50,0.999,0.5,0.9,0.5,20,0.83678955453149,0.04082997731669879,0.8302611367127496,0.1215821812596006,0.03641992270040414,0.1251920122887865,0.041628264208909374,0.025269683410306127,0.05222734254992319,0.6002857142857143,0.07536035876685691,0.5871428571428572,0.3145714285714286,0.07775115224623758,0.3214285714285714,0.08514285714285715,0.048355113183601646,0.08571428571428572,0.9748175182481752,0.01870183515973758,0.9732360097323601,0.022506082725060828,0.015883889458218503,0.0267639902676399,0.0026763990267639906,0.005576306649975008,0.0,0.45771739130434785,0.10399318788294314,0.4326086956521739,0.42445652173913045,0.1113472345687349,0.43804347826086953,0.11782608695652175,0.06793205944198842,0.11956521739130435,0.23478760045924224,0.05663450148934104,0.2365097588978186,0.2234813022320956,0.053430666136075715,0.2244961916851793,0.5463218026023485,0.027477010121618132,0.5452237384957157,0.11782608695652175,0.06793205944198842,0.11956521739130435,0.24299655568312284,0.05439094797909234,0.22847301951779564,0.7652123995407577,0.05663450148934106,0.7634902411021813,0.6850071031199126,0.05108602391816044,0.6889011463749557,0.3166160054952708,0.06432478530613514,0.3302757966772478,0.19760416666666666,0.0617398029734371,0.209375,0.24028710650552618,0.06085847832077961,0.2483285180797184,0.9835470293499442,0.01109100497129874,0.9856018694938116,0.9992068503494739,0.00043786886148660287,0.9992761785742754,0.9547732425083332,0.030357430284114598,0.9635558208779157,0.9846041006334698,0.00938444816544407,0.9850662730018316,0.33405736592331725,0.07487853768578916,0.3200177022810027,0.17891460302318296,0.12175264617628292,0.1541113920637327,0.002021350817001402,0.003083231611750113,0.0011625774359265168,0.010808631160522313,0.014135018680193531,0.005178169696552369,0.9846041006334698,0.00938444816544407,0.9850662730018316,0.010808631160522313,0.014135018680193531,0.005178169696552369,0.08460410063346971,0.009384448165444093,0.08506627300183156,-0.8891913688394777,0.014135018680193531,-0.8948218303034476,0.4,0.05798769782820495,0.4166666666666667,0.2125,0.08750522123102174,0.16666666666666666,0.1875,0.0758721223333605,0.16666666666666666,0.4458333333333333,0.08666582320777148,0.45833333333333337,0.0,0.0,0.0,0.425,0.17501044246204348,0.3333333333333333,10.925833333333333,4.318860700293309,9.125,8.25,9.515223259819527,4.25,6.5791666666666675,2.168938586185251,6.666666666666666,25.429166666666667,1.9352219677151998,25.541666666666664,0.7784233900814211,0.05049854157317402,0.7801628423390081,0.5754993486149168,0.028487214325781007,0.5709618849095934,0.4245006513850832,0.028487214325781007,0.4290381150904066,0.4609662058371736,0.026576139347016293,0.4617396313364055,0.64651267281106,0.051434926940944405,0.6621845512398508,0.665330908882276,0.04548951516217238,0.6745840299966931,0.1468616162595935,0.03986170593232414,0.1444210461500239,19.615099925980754,6.495162388891283,19.24500370096225,53.166068126227096,14.248619498120584,50.03703703703704,0.26666666666666666,0.1470966583596813,0.3333333333333333,61.67592592592593,25.989720958437744,55.25,61.47222222222222,26.46111032207689,53.0,70.5,28.421719118432275,66.5,17.525,4.366028813732129,16.916666666666664,4.4,0.882579950158088,4.0,7,10.283295670263183,10.283295670263183,False,False,False
36,7,35,0.98,0.5,0.9,0.5,20,0.7913663663663664,0.04015521177608738,0.7935435435435436,0.17965465465465463,0.03551622818627177,0.17642642642642642,0.02897897897897898,0.020274513836168562,0.038288288288288286,0.39792857142857146,0.07294550884742437,0.38142857142857145,0.5314285714285714,0.0700667167102027,0.5457142857142857,0.07064285714285715,0.042283059762239804,0.08714285714285715,0.9536384976525822,0.03233786967953685,0.9636150234741785,0.046361502347417836,0.03233786967953685,0.036384976525821594,0.0,0.0,0.0,0.23945652173913046,0.08888388907300698,0.23369565217391303,0.6630434782608695,0.08810172664249727,0.6717391304347826,0.0975,0.059373051026037765,0.12173913043478261,0.3665349887133183,0.04468378992933223,0.3707674943566591,0.3547024903041437,0.04317447452860315,0.35762910798122066,0.5255692488262911,0.02429986544424402,0.5284190651153297,0.0975,0.059373051026037765,0.12173913043478261,0.12432279909706545,0.04614739161803975,0.12133182844243792,0.6334650112866818,0.04468378992933222,0.6292325056433409,0.8068228942095825,0.06028069235609188,0.8131647403602358,0.33970625475499294,0.028901701535462964,0.34031993680260686,0.34770833333333334,0.04921672667102645,0.3354166666666667,0.3425198383131719,0.033716273555033816,0.34029219048813364,0.966564852527724,0.007070019660581983,0.9682593878200686,0.9789958555458631,0.003865937477474626,0.9790919976470351,0.9065929494481386,0.03214961154104941,0.9224410779367755,0.9322321947686406,0.019058270778531304,0.9374726840856533,0.39241625330785523,0.06341142317497787,0.3925441978604848,0.32636879597942087,0.11346111594304123,0.35403769585072226,0.04458571614839227,0.024351729942186706,0.04032977398432616,0.0913773974651217,0.041161229623152336,0.08646379573594234,0.9322321947686406,0.019058270778531304,0.9374726840856533,0.0913773974651217,0.041161229623152336,0.08646379573594234,0.03223219476864063,0.01905827077853131,0.037472684085653296,-0.8086226025348783,0.041161229623152315,-0.8135362042640577,0.39166666666666666,0.07204206048921814,0.4166666666666667,0.30416666666666664,0.0777751670405608,0.3333333333333333,0.0875,0.05040044323577495,0.08333333333333333,0.7666666666666667,0.09970717360268647,0.75,0.008333333333333333,0.037267799624996496,0.0,0.6,0.14709665835968136,0.6666666666666666,15.125,3.410422192656467,16.083333333333332,16.5,5.482028053462274,18.5,11.925,1.6536553520585278,11.75,27.320833333333333,1.403128032238613,27.541666666666668,0.6400805270863836,0.04105423748716576,0.6423865300146412,0.6607291269166568,0.037664083177449154,0.673713666434822,0.33927087308334325,0.03766408317744916,0.326286333565178,0.43100461175461174,0.022951573809805087,0.433495280995281,0.7429440154440154,0.031275458832862486,0.7461368511368511,0.7388699502465833,0.0365836712583519,0.7305896411873559,0.1974613407618915,0.03791500670639801,0.19455049861324078,23.901903367496338,6.668472654818578,23.792093704245975,43.441023795951764,11.677343403617868,40.78520499108734,0.15833333333333333,0.08506963092234006,0.16666666666666666,57.705882352941174,43.16757276284241,39.0,57.705882352941174,43.16757276284241,39.0,62.1764705882353,47.96774345083064,39.0,21.65,3.800930941676238,21.416666666666664,5.05,0.5104177855340404,5.0,7,10.317956922731005,10.317956922731005,False,False,True
37,3,70,0.95,0.5,0.9,0.5,20,0.8263866877971473,0.049211639624264995,0.8256735340729002,0.10570522979397781,0.037411481642523704,0.09429477020602219,0.0679080824088748,0.03361160562113448,0.07923930269413629,0.7367857142857143,0.06767248321059521,0.7328571428571429,0.16535714285714284,0.05336954441136529,0.1692857142857143,0.09785714285714285,0.04327490621660379,0.10714285714285715,0.937084398976982,0.03278827187088958,0.9245524296675192,0.041304347826086954,0.023750693287517905,0.03964194373401535,0.021611253196930948,0.019468399071959096,0.020460358056265986,0.6410869565217391,0.09505717793992569,0.6402173913043478,0.2291304347826087,0.07328240861079705,0.2358695652173913,0.12978260869565217,0.06229573126241519,0.14130434782608697,0.1428319623971798,0.03935455848996051,0.14336075205640422,0.13521739130434782,0.036650492998138905,0.13430306905370845,0.5334335038363172,0.025013460580784522,0.5307225063938619,0.12978260869565217,0.06229573126241519,0.14130434782608697,0.3564629847238543,0.04960673497408344,0.35546415981198587,0.8571680376028203,0.039354558489960494,0.8566392479435958,0.5854582686774011,0.04378016107852416,0.5864028430755562,0.33051914914614644,0.07769340893464731,0.33069828722002637,0.12687500000000002,0.04931873228096166,0.109375,0.18096147913578375,0.06029242707952989,0.1662377533974446,0.9618568305748804,0.02504727873976396,0.9560712869893797,0.9999990817478264,1.88760366871228e-06,0.9999997092277535,0.6393197786417928,0.31064619181772,0.6864233113478074,0.9742769230033212,0.03018663609252136,0.9868720851703168,0.23112868933825664,0.06856186140708617,0.22189143902566189,0.025558136644538043,0.03805462148089673,0.010378612558186444,1.8576281822904975e-05,6.230787904805016e-05,6.322238796186135e-07,0.00031779590455503754,0.0010100998376157693,3.0806713434613066e-05,0.9742769230033212,0.03018663609252136,0.9868720851703168,0.00031779590455503754,0.0010100998376157693,3.0806713434613066e-05,0.07427692300332124,0.030186636092521382,0.0868720851703168,-0.8996822040954451,0.0010100998376157701,-0.8999691932865654,0.37916666666666665,0.06326288787635403,0.375,0.17916666666666664,0.08666582320777148,0.16666666666666666,0.2,0.07354832917984065,0.20833333333333331,0.2791666666666667,0.08666582320777147,0.25,0.0,0.0,0.0,0.3583333333333333,0.17333164641554297,0.3333333333333333,6.943333333333333,3.538147994088175,6.8,2.6,3.636800213027062,0.5,4.095833333333333,1.6068828110416304,3.375,24.420833333333334,1.8485166726023567,24.125,0.8629226145755071,0.036484478467859946,0.8670172802404208,0.5139980291289294,0.02480884862045293,0.5124902934161628,0.48600197087107055,0.024808848620452947,0.4875097065838372,0.46212191532714514,0.02308767904836168,0.4703978944985284,0.6168102218700475,0.03617643428115234,0.6229658139008376,0.6105948129772207,0.0376804371834259,0.6091666968706435,0.05604252491004286,0.039297748059152204,0.05755592866702881,13.974455296769346,3.31009608227404,13.5236664162284,71.56863455291561,17.912744941024968,70.05263157894737,0.3333333333333333,0.07647191129018727,0.3333333333333333,68.55,16.2685881091239,65.25,68.65,16.286982208920232,65.25,79.0,24.021919814597403,71.5,17.808333333333334,4.920798145216374,17.5,4.0,0.4588314677411235,4.0,8,10.335766920733539,10.335766920733539,False,False,True
38,7,35,0.9,0.5,0.9,0.5,20,0.6814564564564565,0.0598369393589662,0.6936936936936937,0.29204204204204204,0.05672856785705829,0.28303303303303307,0.0265015015015015,0.017491890457021705,0.03303303303303303,0.24435714285714286,0.05090686721816397,0.24857142857142858,0.6807142857142857,0.05465348316751246,0.6742857142857143,0.07492857142857143,0.04295596376256985,0.09142857142857143,0.8334507042253522,0.07178678158767672,0.8497652582159625,0.1665492957746479,0.07178678158767672,0.15023474178403756,0.0,0.0,0.0,0.13130434782608696,0.05417776596852958,0.12717391304347828,0.765,0.07209674405569574,0.7673913043478261,0.10369565217391304,0.060018154650679396,0.1282608695652174,0.4772573363431151,0.03801358317361016,0.4802483069977427,0.4657746478873239,0.03792985168735643,0.4670545009185548,0.4685731781996326,0.03352993293066788,0.46309961216574813,0.10369565217391304,0.060018154650679396,0.1282608695652174,0.06817155756207674,0.028128411225195948,0.06602708803611738,0.5227426636568848,0.03801358317361016,0.5197516930022573,0.8708591216671682,0.04855232018974217,0.8768443059550441,0.36942000257923635,0.032594065479070886,0.36899627775638555,0.5169791666666667,0.06397483214821131,0.5104166666666666,0.4303985659410852,0.042119793999206546,0.4295248821590957,0.9330282840385922,0.00900307454508216,0.934791394176459,0.9453191052885416,0.009289777184041162,0.9450435361013029,0.8497863555530356,0.030044738540338428,0.8603082594423361,0.8776339056073512,0.024198384192666594,0.885730676939023,0.45675021765232415,0.059896959081084944,0.46391738458861964,0.42768044605192435,0.1007618660024071,0.45103004736909597,0.08954810402830607,0.032257485478268816,0.08799164935116753,0.15604930315525084,0.0525506265973568,0.1488318510878081,0.8776339056073512,0.024198384192666594,0.885730676939023,0.15604930315525084,0.0525506265973568,0.1488318510878081,-0.022366094392648833,0.024198384192666608,-0.014269323060977113,-0.7439506968447491,0.052550626597356806,-0.751168148912192,0.375,0.08333333333333334,0.3333333333333333,0.32916666666666666,0.09158688713313079,0.3333333333333333,0.04583333333333333,0.05040044323577495,0.041666666666666664,0.9166666666666666,0.06622661785325218,0.9166666666666666,0.016666666666666666,0.051298917604257706,0.0,0.6416666666666666,0.18157047187610084,0.6666666666666666,16.830000000000002,4.215616331289125,17.125,18.675,5.722244222974796,20.25,17.691666666666666,2.5166260017627837,17.666666666666664,28.2875,1.7171041428599778,28.75,0.5087847730600293,0.0352320826545648,0.5102489019033675,0.7292435451939793,0.040835452364136694,0.7316095158971324,0.27075645480602073,0.04083545236413669,0.2683904841028676,0.37819251394251396,0.0284470904237786,0.3761690261690262,0.7752414199914199,0.03159952192298366,0.7798455598455598,0.7692290883360112,0.03489035546788083,0.7621881301933005,0.2349397072072962,0.0385310730323554,0.24066893716307194,43.04538799414348,8.647563220159151,41.72767203513909,23.72117370414651,4.763842810139999,23.558727326791555,0.18333333333333332,0.09208437524218041,0.16666666666666666,60.861111111111114,45.15945785753996,40.25,60.861111111111114,45.15945785753996,40.25,63.611111111111114,45.36795823030752,42.5,24.35,4.8028074148697115,24.916666666666668,4.9,0.5525062514530827,5.0,8,10.372454766554274,10.372454766554274,False,False,True
39,5,50,0.9,0.5,0.9,0.5,20,0.8304915514592934,0.039306285243882945,0.8218125960061444,0.13218125960061444,0.03107356010713487,0.13671274961597543,0.03732718894009217,0.024155051136039607,0.04915514592933948,0.5540714285714285,0.06897792264996233,0.5457142857142857,0.37064285714285716,0.06670948767985803,0.37642857142857145,0.07528571428571429,0.04558982116405086,0.07714285714285715,0.9732360097323601,0.01878038932290298,0.9708029197080292,0.025060827250608275,0.017314663428777258,0.029197080291970802,0.0017031630170316302,0.0038752961489904886,0.0,0.40054347826086956,0.09567264967029934,0.39021739130434785,0.49554347826086953,0.09665192891838945,0.5184782608695653,0.10391304347826087,0.06406145691182417,0.10652173913043478,0.2735361653272101,0.04832229859915169,0.2743972445464983,0.2603021527557389,0.04551936193538991,0.26075452237384955,0.5385745266053105,0.024661255403603248,0.5356606368348673,0.10391304347826087,0.06406145691182417,0.10652173913043478,0.21234213547646386,0.0500384906729228,0.20838117106773824,0.7264638346727899,0.048322298599151686,0.7256027554535017,0.7101807511009215,0.053490970560145935,0.7128816726835452,0.3103463713374444,0.05902003407480846,0.3000836775114769,0.2234375,0.05396756169814676,0.22916666666666666,0.2582983963818615,0.054015662715482325,0.26610066079110206,0.9829243512621286,0.010961089421777261,0.9840263058288499,0.9979549936976863,0.0008210222068634769,0.9981564702747661,0.956314621171874,0.025842493723973087,0.9662951367274256,0.9826684965788315,0.00962770304375115,0.9854021849182547,0.33829108201882413,0.06849770406640075,0.32579974868257805,0.2041702939638988,0.10149268585853165,0.19638803195032337,0.009602905654473224,0.007989668498844648,0.007420450429426304,0.02857311052130212,0.02213384663563189,0.021838802381568736,0.9826684965788315,0.00962770304375115,0.9854021849182547,0.02857311052130212,0.02213384663563189,0.021838802381568736,0.08266849657883157,0.009627703043751136,0.08540218491825469,-0.871426889478698,0.02213384663563188,-0.8781611976184313,0.4,0.05798769782820497,0.4166666666666667,0.275,0.06677622576550266,0.25,0.125,0.06893084932237593,0.08333333333333333,0.525,0.1299460076811931,0.5,0.0,0.0,0.0,0.55,0.1335524515310053,0.5,11.653333333333332,3.6251622266583667,11.5,10.5,7.84387122468706,9.5,7.345833333333333,1.8790696575108061,7.458333333333334,25.708333333333332,1.7610345510689103,26.166666666666668,0.7442635085122131,0.04013777549763686,0.7398223538119911,0.5908384683594096,0.02805485892365196,0.5875874574944345,0.40916153164059044,0.028054858923651955,0.41241254250556547,0.4528886328725038,0.021964504006686435,0.44657450076804917,0.720732938336625,0.028862890457522692,0.7252062760588106,0.7050202981777363,0.03619668719428135,0.7006031889794841,0.1551112029591563,0.03816528482404496,0.14996552609425745,20.355292376017765,7.9775404890809165,18.504811250925243,54.048113023469625,20.33949873464633,52.038518518518515,0.225,0.12419330339509911,0.16666666666666666,60.81481481481482,26.699299205564635,53.0,61.05555555555556,26.803143411399084,53.0,66.11111111111111,28.56342558317807,55.5,18.258333333333333,4.2272697975786295,19.416666666666664,4.65,0.7451598203705945,5.0,7,10.37748505711294,10.37748505711294,False,False,False
40,7,35,0.99,0.5,0.9,0.5,20,0.8066816816816816,0.03652620571275026,0.8108108108108109,0.16373873873873873,0.0312820820718321,0.1614114114114114,0.02957957957957958,0.020760310628039,0.03903903903903904,0.4625714285714285,0.08363852457268735,0.4514285714285714,0.4673571428571429,0.08246507577031935,0.475,0.07007142857142858,0.042985959289351436,0.08642857142857144,0.9647887323943662,0.026536151721990375,0.9683098591549295,0.0352112676056338,0.026536151721990395,0.03169014084507042,0.0,0.0,0.0,0.3031521739130435,0.10719206032740533,0.2967391304347826,0.6005434782608695,0.10330060658998341,0.6141304347826086,0.09630434782608696,0.06027867826048082,0.12065217391304348,0.32872460496614,0.05216464612704394,0.34480812641083525,0.3178773729332517,0.05025192435198647,0.33401714635639923,0.5305465401102266,0.02380039391900119,0.5365916513574198,0.09630434782608696,0.06027867826048082,0.12065217391304348,0.15739277652370204,0.05565276269820143,0.1540632054176072,0.67127539503386,0.052164646127043954,0.6551918735891648,0.7695282739664416,0.06547340861137167,0.773884988433911,0.3327223131754828,0.04029887497295443,0.33334604627510805,0.30197916666666663,0.05616455091933666,0.290625,0.3149021857503741,0.04341480345265815,0.32212367332702174,0.9746154950643687,0.007043571460129136,0.975571599380276,0.9877419186465917,0.002572010753032793,0.9879674995811096,0.9178651157028972,0.03257975874237726,0.9322902436441498,0.9464055799428209,0.01658180814753305,0.950474024244196,0.36158888971590614,0.06710529849984996,0.3654406169311911,0.2791055265390284,0.11880736255875679,0.2804242860247582,0.027930561845467872,0.018838131844520326,0.02548912969029292,0.06520600543776937,0.03369815285751669,0.06577624808872859,0.9464055799428209,0.01658180814753305,0.950474024244196,0.06520600543776937,0.03369815285751669,0.06577624808872859,0.04640557994282095,0.01658180814753303,0.050474024244196,-0.8347939945622306,0.0336981528575167,-0.8342237519112714,0.39583333333333337,0.07089135910195005,0.4166666666666667,0.29166666666666663,0.07404360971988655,0.3333333333333333,0.10416666666666666,0.05322219780487543,0.08333333333333333,0.6916666666666667,0.1050619421860572,0.7083333333333333,0.016666666666666666,0.051298917604257706,0.0,0.5666666666666667,0.14709665835968133,0.6666666666666666,14.040833333333333,3.6561710830189686,14.625,14.525,7.177220910631078,15.75,10.266666666666667,1.9163043135739743,10.166666666666668,26.804166666666667,1.5809712297318272,26.916666666666664,0.6806734992679356,0.04675847445060192,0.6767935578330893,0.6323587534985998,0.03919172030702993,0.6377815343728448,0.3676412465014002,0.039191720307029956,0.36221846562715515,0.4383765551265551,0.021944722791577064,0.4387870012870013,0.7143028743028743,0.03332216018844878,0.7208086658086658,0.717334713908767,0.03830676248159527,0.7141094659713791,0.17738137539919624,0.040164631834897505,0.1752732549345878,22.510980966325036,5.554328135677928,22.693997071742313,45.797414737160196,12.71605344163108,42.729227761485824,0.15833333333333333,0.08506963092234006,0.16666666666666666,62.38235294117647,47.19425594410453,40.0,62.38235294117647,47.19425594410453,40.0,66.11764705882354,48.387604756979314,40.0,20.275,3.6854681437500574,20.916666666666664,5.05,0.5104177855340405,5.0,7,10.431362633778319,10.431362633778319,False,False,True
41,7,35,0.995,0.5,0.9,0.5,20,0.8094594594594595,0.03885593709312141,0.8093093093093093,0.1614864864864865,0.03217588075679581,0.15990990990990991,0.029054054054054056,0.020181684212807405,0.03753753753753754,0.47685714285714287,0.09418495413489382,0.46785714285714286,0.45321428571428574,0.08954578664280068,0.47285714285714286,0.06992857142857142,0.04279312260915673,0.08785714285714286,0.9639671361502348,0.028171845257608834,0.9730046948356808,0.03591549295774647,0.027880284545576447,0.02699530516431925,0.00011737089201877934,0.0005248985862675563,0.0,0.32999999999999996,0.1180412552310578,0.31956521739130433,0.5735869565217391,0.11195185611570924,0.6021739130434782,0.09641304347826088,0.060538799740353186,0.12282608695652175,0.31506772009029343,0.05823116665582956,0.3244920993227991,0.3047512247397428,0.056215273602406884,0.3134109001837109,0.5301900898142478,0.023799106205660326,0.5324836701367626,0.09641304347826088,0.060538799740353186,0.12282608695652175,0.1713882618510158,0.06128298392211705,0.16591422121896163,0.6849322799097066,0.058231166655829565,0.6755079006772009,0.7544412077033864,0.06796426314413674,0.7536039704199313,0.3440470232257366,0.0379799907105162,0.3398510242085661,0.30343749999999997,0.05545974697342861,0.29583333333333334,0.32013999553932504,0.04115553380533375,0.3191347775383775,0.9754281536307021,0.007089856500310997,0.9754573166152867,0.9896429886412406,0.0025125444246752965,0.989622068835632,0.9154062048916577,0.03265920895439737,0.9242721070831661,0.944767613853491,0.01796335903019588,0.9480226677285141,0.35722379893021894,0.0667363552968871,0.36406235031773204,0.2667893420854644,0.12177300977042954,0.27095038875150823,0.019639722130868863,0.015014168756591936,0.017228148135430364,0.05344992474449195,0.03459504995237687,0.048322229411572486,0.944767613853491,0.01796335903019588,0.9480226677285141,0.05344992474449195,0.03459504995237687,0.048322229411572486,0.044767613853490915,0.01796335903019588,0.048022667728514046,-0.846550075255508,0.034595049952376854,-0.8516777705884275,0.39166666666666666,0.06677622576550267,0.4166666666666667,0.2625,0.07292449832628507,0.25,0.12916666666666665,0.05719439509610497,0.16666666666666666,0.6541666666666667,0.09850861570655152,0.6666666666666666,0.016666666666666666,0.051298917604257706,0.0,0.5083333333333333,0.12652577575270804,0.5,13.4425,4.31115944500246,15.083333333333332,13.925,8.192221920822213,17.75,10.4,1.9454550423069215,10.208333333333334,26.65833333333333,1.7519621414372049,26.666666666666668,0.6890190336749634,0.05229420608829354,0.6815519765739385,0.6269765738859454,0.04116831729378631,0.6225567199127753,0.3730234261140546,0.0411683172937863,0.3774432800872248,0.4396940154440155,0.02224350636573653,0.4389328614328615,0.6899032604032603,0.03771510725435559,0.6947286572286573,0.7053834644632212,0.040050438932519083,0.7126771808591517,0.1759540803998907,0.04019246057318258,0.17338530005488006,20.461200585651536,6.131679263750289,17.569546120058565,50.751266534442834,13.531667638010392,54.64,0.15,0.07453559924999298,0.16666666666666666,60.294117647058826,47.726780618802415,38.0,60.294117647058826,47.726780618802415,38.0,62.05882352941177,48.421935355057954,38.0,19.908333333333335,4.004191882462545,20.75,5.1,0.4472135954999579,5.0,7,10.515993048716648,10.515993048716648,False,False,True
42,7,50,0.9,0.5,0.9,0.5,20,0.7854070660522273,0.03869754842722898,0.7788018433179723,0.18156682027649768,0.034150947366777686,0.1804915514592934,0.03302611367127496,0.0231704692222719,0.042242703533026116,0.4382142857142857,0.06978080611640741,0.41928571428571426,0.4997142857142857,0.06631403335952474,0.5021428571428572,0.062071428571428576,0.04385180345151828,0.07357142857142857,0.9575425790754257,0.02764558125705447,0.9562043795620438,0.041240875912408756,0.02604387515370532,0.043795620437956206,0.0012165450121654502,0.0032065524460363464,0.0,0.26869565217391306,0.0931981861428023,0.25217391304347825,0.6456521739130434,0.09227984931712363,0.6467391304347826,0.08565217391304349,0.062072936516779496,0.1,0.3604477611940299,0.04757367044314924,0.3668197474167623,0.34344652491272615,0.04510757323029569,0.34903205331640746,0.5215973764942345,0.023709704416546493,0.5202594414471596,0.08565217391304349,0.062072936516779496,0.1,0.14247990815154993,0.049091488410904285,0.134902411021814,0.6395522388059701,0.04757367044314926,0.6331802525832376,0.780494220407435,0.05972863347953513,0.7907036060874741,0.329694209428335,0.04504178272802315,0.33241236524594847,0.3209375,0.05314262693464279,0.3354166666666667,0.3241418231451025,0.04437322254282506,0.335404108502538,0.966532214811512,0.011128913057274153,0.9659228230704011,0.9844529838558073,0.0038754445517156753,0.9848236044243038,0.9086968137769664,0.038139036042019306,0.9171483774505813,0.9448065693809321,0.018658724849538524,0.9533300095138413,0.36752082110495604,0.06432649094787497,0.3775153280252375,0.28299694542880915,0.10714732148337419,0.27951594544601494,0.03451043186014145,0.01943053640919186,0.02812415835228878,0.0706086729144103,0.032868179742909204,0.06847734793914417,0.9448065693809321,0.018658724849538524,0.9533300095138413,0.0706086729144103,0.032868179742909204,0.06847734793914417,0.044806569380932124,0.018658724849538524,0.053330009513841314,-0.8293913270855897,0.03286817974290919,-0.8315226520608558,0.35,0.05798769782820495,0.3333333333333333,0.275,0.06105792475542053,0.25,0.075,0.05339360629309895,0.08333333333333333,0.7083333333333333,0.10295346135355704,0.6666666666666666,0.0,0.0,0.0,0.55,0.12211584951084106,0.5,14.049166666666668,3.388471489490168,14.25,15.075,5.41264358020328,16.0,10.945833333333333,2.0864494239809432,11.583333333333332,27.67083333333333,1.802669195407237,28.375,0.6535899333826796,0.03962986724776318,0.654700222057735,0.629327734032264,0.035123305316445384,0.6394820536119945,0.370672265967736,0.035123305316445384,0.36051794638800544,0.42373924731182794,0.023476622065265358,0.41973886328725035,0.7255911235461927,0.03331405215860511,0.7326278253236779,0.7158848357030336,0.03794678831007315,0.7104045907895358,0.16727228858418255,0.035202568736526274,0.16657229242687754,21.687638786084385,6.17470803051476,22.20577350111029,48.1766059055067,14.66714445639139,43.58064516129032,0.16666666666666666,0.0936585811581694,0.16666666666666666,61.0,29.42628501866996,49.5,61.0,29.42628501866996,49.5,64.0,30.639027399707057,51.0,22.883333333333333,4.458745267081889,24.166666666666664,5.0,0.5619514869490163,5.0,7,10.528804993932647,10.528804993932647,False,False,False
43,5,50,0.95,0.5,0.9,0.5,20,0.8299539170506913,0.03798495665043218,0.815668202764977,0.1314132104454685,0.029892077603792113,0.13594470046082952,0.038632872503840246,0.02520263357946044,0.04992319508448541,0.5849285714285715,0.07464268626091172,0.5728571428571428,0.3427142857142857,0.07340118268640974,0.35285714285714287,0.07235714285714286,0.045133231580630796,0.07714285714285715,0.9698296836982969,0.020801815090279223,0.9635036496350365,0.02737226277372263,0.018544568646837022,0.0364963503649635,0.002798053527980535,0.005311602968831255,0.0,0.43728260869565216,0.10300498223647128,0.4184782608695652,0.46369565217391306,0.10491858586890253,0.49130434782608695,0.09902173913043479,0.06279828829225023,0.10652173913043478,0.25780711825487945,0.052813482749770824,0.26521239954075776,0.24553395747381784,0.04979139732325853,0.2517348989738707,0.5344257114143658,0.022738678228355864,0.5328136570400931,0.09902173913043479,0.06279828829225023,0.10652173913043478,0.2322617680826636,0.053640652652855746,0.22158438576349024,0.7421928817451205,0.05281348274977082,0.7347876004592423,0.6898984056383843,0.0537025112621771,0.694339532208589,0.31107865414034447,0.056607719136388415,0.31072271509558536,0.21020833333333333,0.049999543126567646,0.221875,0.24887075661328617,0.049673493298605646,0.2608704130366957,0.9820607335236277,0.012166575464603377,0.9833268499437543,0.9986081140564732,0.0006506682550567557,0.9987628699857429,0.9488919629319152,0.037880673038367015,0.9630584536021081,0.9848875636450009,0.009283323727792213,0.9871678255329209,0.31773981459347456,0.06838808413154042,0.3055823316617497,0.17302328156673102,0.09378308303037246,0.160064516057627,0.007011322186212076,0.005827166641901574,0.005036098605716894,0.021753713839595873,0.017902853808958726,0.014063424478344261,0.9848875636450009,0.009283323727792213,0.9871678255329209,0.021753713839595873,0.017902853808958726,0.014063424478344261,0.08488756364500089,0.009283323727792234,0.0871678255329209,-0.8782462861604042,0.01790285380895873,-0.8859365755216557,0.4,0.05798769782820497,0.4166666666666667,0.2625,0.07292449832628504,0.25,0.1375,0.07292449832628506,0.125,0.4916666666666667,0.10436384846055204,0.5,0.0,0.0,0.0,0.525,0.1458489966525701,0.5,11.473333333333333,3.3220220362539328,11.25,9.6,7.729982637687317,9.25,6.8875,1.8494655067934396,7.166666666666666,25.62083333333333,1.7374182213915548,26.083333333333336,0.7591043671354553,0.043920877598848974,0.7542561065877128,0.57712452659753,0.028002325598737218,0.5748542471596249,0.42287547340247,0.028002325598737197,0.42514575284037515,0.45115552995391706,0.021209786488978328,0.4451497695852535,0.7095561773096335,0.029573710587058388,0.7134869431643625,0.6933007260138557,0.03623707222067135,0.6904472602400789,0.13926993150954314,0.03620412048926841,0.13438134905358023,17.394522575869726,4.89517657995188,17.024426350851222,59.09623021543054,15.865438181449818,56.38956521739131,0.20833333333333331,0.10644439560975084,0.16666666666666666,62.55555555555556,26.865070745184923,54.25,62.55555555555556,26.865070745184923,54.25,67.5,28.485806579252557,57.5,18.3,4.110889831250451,19.25,4.75,0.6386663736585053,5.0,7,10.542349811118758,10.542349811118758,False,False,False
44,7,50,0.95,0.5,0.9,0.5,20,0.7944700460829492,0.04309613506420799,0.7841781874039939,0.17150537634408602,0.038813468733867325,0.17127496159754224,0.03402457757296467,0.02385590062881435,0.04454685099846391,0.4795,0.0743872570887368,0.46499999999999997,0.4594285714285714,0.06987237098962748,0.47071428571428575,0.061071428571428575,0.04327087266340525,0.07214285714285715,0.961800486618005,0.025617171859453988,0.9586374695863747,0.03661800486618005,0.024001808209955736,0.040145985401459854,0.0015815085158150852,0.0040463899917704315,0.0,0.31021739130434783,0.10157965360868763,0.29021739130434787,0.6055434782608696,0.09855052132388055,0.6184782608695653,0.08423913043478262,0.06116662963932771,0.09891304347826088,0.3370838117106774,0.05131835452538779,0.346727898966705,0.3210807415635248,0.04866005167533186,0.3296863429599069,0.5230198085263937,0.02331080021415934,0.5206482069184386,0.08423913043478262,0.06116662963932771,0.09891304347826088,0.1645809414466131,0.05346599239469379,0.15729047072330654,0.6629161882893226,0.05131835452538778,0.6532721010332951,0.7553935213159213,0.061258275502771985,0.7644591158978389,0.32301096888398184,0.05201688320735535,0.32854624663191556,0.29093749999999996,0.05549268875371746,0.3052083333333333,0.3048153984675363,0.04938646466015764,0.3181018660140716,0.9702690274325446,0.01201753349166765,0.9698433629411811,0.9891535417377127,0.003044849860208793,0.9900272687031498,0.9111603005359592,0.04383047362340627,0.9267212330094522,0.9536393970465324,0.015116055346750937,0.9555685118069328,0.34456713386752724,0.0648148358539314,0.3508306917395204,0.2441299977876285,0.09909689495573464,0.24989304016743705,0.025149122924204303,0.014375534951404445,0.02122027808400714,0.05280346776465513,0.027914874698983454,0.045719469257638035,0.9536393970465324,0.015116055346750937,0.9555685118069328,0.05280346776465513,0.027914874698983454,0.045719469257638035,0.0536393970465324,0.015116055346750938,0.05556851180693284,-0.847196532235345,0.02791487469898346,-0.854280530742362,0.35416666666666663,0.05969586661761492,0.3333333333333333,0.2583333333333333,0.05984873720496732,0.25,0.09583333333333333,0.055901699437494734,0.08333333333333333,0.6166666666666667,0.09897131724609357,0.5833333333333334,0.0,0.0,0.0,0.5166666666666666,0.11969747440993464,0.5,13.4625,3.9522584963818126,13.4,14.2,6.489667901648297,12.5,9.816666666666666,2.069091672903159,10.333333333333334,27.383333333333333,1.958151353993403,28.25,0.6793116210214656,0.04187909676535233,0.6743153219837157,0.6112117168075866,0.03508820020417354,0.6237669764547421,0.38878828319241343,0.03508820020417355,0.3762330235452579,0.42777073732718895,0.024606900865644165,0.4230568356374808,0.7127678297125302,0.033595261682681975,0.7234452490673688,0.7036348571668404,0.03880961159579425,0.6948461261311847,0.15186945731772067,0.034895474391982644,0.14966912163306137,20.207253886010363,5.6478698152588995,19.985196150999258,51.01186355488403,13.137431104548623,48.31162196679438,0.16666666666666666,0.0936585811581694,0.16666666666666666,61.794117647058826,29.186929236137434,50.5,61.794117647058826,29.186929236137434,50.5,64.94117647058823,30.404503342916357,52.0,22.333333333333336,4.713424897991463,23.333333333333332,5.0,0.5619514869490163,5.0,7,10.627767584522244,10.627767584522244,False,False,False
45,3,50,0.995,0.5,0.9,0.5,20,0.8540706605222734,0.04376071384674225,0.8548387096774194,0.09055299539170507,0.030881126246753068,0.07987711213517665,0.05537634408602151,0.03261784968860237,0.06451612903225806,0.7395,0.07121362395149575,0.7357142857142858,0.17442857142857143,0.05887396649841688,0.17928571428571427,0.08607142857142858,0.04371294656162969,0.085,0.9576642335766422,0.027086843044461704,0.9452554744525548,0.028588807785888078,0.017111478850762883,0.03527980535279805,0.013746958637469586,0.014016550389827048,0.010948905109489052,0.6444565217391304,0.10085811059004549,0.6434782608695653,0.24065217391304347,0.08353419893553664,0.24891304347826088,0.11489130434782609,0.06106651286208352,0.1141304347826087,0.14058553386911596,0.04501867952038372,0.1423650975889782,0.13462049084946578,0.0428127654551284,0.13672643605204698,0.5362777689622342,0.022311417871654887,0.5387377023167248,0.11489130434782609,0.06106651286208352,0.1141304347826087,0.34684270952927665,0.05209055039376253,0.3484500574052813,0.859414466130884,0.04501867952038373,0.8576349024110218,0.5981241845350039,0.044353265292916846,0.5947519856190333,0.32417904130548664,0.08425768433519136,0.34004518872939926,0.12208333333333335,0.047638878232996264,0.125,0.17469400658212975,0.05900440942233125,0.17059434882745822,0.973196371600644,0.02022906144744476,0.9707228008377773,0.9999987615856603,2.3024922781391287e-06,0.9999995554818673,0.8244935128962492,0.19580245058590073,0.8893481256885261,0.9918544840227781,0.011705451098103826,0.998123846006546,0.21856495694297232,0.0675651222816928,0.21799218739472928,0.024370790766867562,0.036524570391828645,0.010965976936958163,2.5758508001054013e-05,7.992557847088715e-05,1.428281435194639e-06,0.0005075448024469245,0.0017747040551593274,4.470994357545144e-05,0.9918544840227781,0.011705451098103826,0.998123846006546,0.0005075448024469245,0.0017747040551593274,4.470994357545144e-05,0.09185448402277818,0.011705451098103807,0.098123846006546,-0.8994924551975532,0.0017747040551593465,-0.8999552900564245,0.38333333333333336,0.06282808624375436,0.4166666666666667,0.15833333333333333,0.07599245884408262,0.16666666666666666,0.225,0.07694837640638655,0.25,0.25416666666666665,0.08750522123102175,0.25,0.0,0.0,0.0,0.31666666666666665,0.15198491768816524,0.3333333333333333,5.576666666666666,3.5430988848185336,5.45,1.65,3.6349907695531827,0.0,3.8875,1.6640934082391616,3.333333333333333,23.808333333333334,1.8253614558340066,23.75,0.8659881569207993,0.038419876203643503,0.8734270910436713,0.527228023837269,0.02422620890466261,0.5258641649842779,0.47277197616273103,0.024226208904662608,0.47413583501572204,0.470071044546851,0.02091034827254404,0.4701958525345622,0.6314323019530393,0.037788012913913815,0.6373271889400922,0.6175494000731323,0.03994764943948132,0.6146446223571462,0.06366569237912988,0.03568776104236917,0.06402334911081345,13.989637305699484,4.5432192678592545,13.323464100666174,73.79763753204863,21.96748247195757,71.10526315789474,0.275,0.09785715810206662,0.3333333333333333,67.65833333333333,17.973703582396038,63.25,68.275,18.607776387985297,63.25,76.0,24.770525779006405,71.5,15.458333333333334,4.672576145581504,15.25,4.35,0.5871429486123998,4.0,8,10.637983542202896,10.637983542202896,False,False,True
46,3,70,0.98,0.5,0.9,0.5,20,0.8288431061806657,0.04951563853173734,0.8264659270998416,0.10332805071315372,0.034897883599521846,0.09270998415213946,0.06782884310618068,0.03630145185094648,0.08003169572107766,0.7633571428571428,0.0637197728511483,0.7642857142857142,0.1494285714285714,0.04676287969418942,0.14857142857142858,0.08721428571428572,0.04166377361957767,0.09071428571428572,0.9340153452685422,0.03466840062436479,0.9207161125319694,0.04258312020460358,0.02401018475536604,0.043478260869565216,0.02340153452685422,0.021078216439335228,0.023017902813299233,0.678695652173913,0.09107413496649054,0.683695652173913,0.20695652173913043,0.06525018245047227,0.2043478260869565,0.11434782608695652,0.05966193354057192,0.11630434782608695,0.13143360752056404,0.035856203756177284,0.12690951821386603,0.124769820971867,0.033585102156428195,0.11921355498721228,0.5241815856777493,0.022830131425186046,0.5257033248081842,0.11434782608695652,0.05966193354057192,0.11630434782608695,0.3776145710928319,0.046643863314810886,0.37602820211515864,0.868566392479436,0.0358562037561773,0.873090481786134,0.5663474282946807,0.03993245578124737,0.5625507026404626,0.33874092522826993,0.08194545983968761,0.3394974590626765,0.12072916666666667,0.046704612353155005,0.10520833333333333,0.1758445184202424,0.05884094042114279,0.15893457601434166,0.9585089103068505,0.027363386724235605,0.9518138251377086,0.9999993831233978,1.8190572255235615e-06,0.9999998451680763,0.5787260951397453,0.3393463331260678,0.5976117025205497,0.9652728404126927,0.03482584125139793,0.9784805513579469,0.20545421190808782,0.06643710295339984,0.20181836135447115,0.01592386963297923,0.024792135655398086,0.005118232631308484,1.1478461496324165e-05,4.4714443219836896e-05,3.148982548814579e-07,0.00017523422275833153,0.0005821979451092537,1.0884735385440757e-05,0.9652728404126927,0.03482584125139793,0.9784805513579469,0.00017523422275833153,0.0005821979451092537,1.0884735385440757e-05,0.06527284041269274,0.034825841251397927,0.07848055135794685,-0.8998247657772417,0.0005821979451092445,-0.8999891152646146,0.375,0.06340715918772352,0.3333333333333333,0.15416666666666665,0.0777751670405608,0.16666666666666666,0.22083333333333335,0.07777516704056081,0.25,0.2458333333333333,0.07870943678236104,0.25,0.0,0.0,0.0,0.3083333333333333,0.1555503340811216,0.3333333333333333,6.134166666666667,2.91878106317292,6.9,1.425,2.4402059878538727,0.0,3.9083333333333337,1.5896457731867581,3.2916666666666665,24.220833333333335,1.84412196416437,23.958333333333336,0.872426746806912,0.032916091609389894,0.8824192336589031,0.503206902236413,0.022786866864262057,0.503920685085965,0.496793097763587,0.02278686686426203,0.49607931491403506,0.45802869594747564,0.022069405999947188,0.46324937740547883,0.5936252546977586,0.03659038981606244,0.6023681231605162,0.5896420104093546,0.03698994180347211,0.588809412060097,0.03749800631062811,0.035804761468197104,0.03930216220546645,13.82419233658903,3.7951281879055587,13.5236664162284,74.50501518052899,25.202071580426658,70.05263157894737,0.3,0.08719139396343283,0.3333333333333333,67.66666666666666,10.729665931153312,67.25,67.65,10.714107767945867,67.25,74.8,12.322849977945332,73.0,17.658333333333335,5.141982631253915,17.416666666666664,4.2,0.523148363780597,4.0,8,10.662510008967764,10.662510008967764,False,False,True
47,5,50,0.995,0.5,0.9,0.5,20,0.8331797235023041,0.04088628454407365,0.8179723502304148,0.12465437788018432,0.03048772777452693,0.12826420890937018,0.04216589861751152,0.025855466851160965,0.052995391705069124,0.6702857142857143,0.07434295076655781,0.6657142857142857,0.25492857142857145,0.06729462131554162,0.2671428571428571,0.07478571428571429,0.04653463881987987,0.07500000000000001,0.9701946472019465,0.02055280890062348,0.9708029197080292,0.024574209245742093,0.015466976708726682,0.029197080291970802,0.005231143552311435,0.007458668491738195,0.0,0.5465217391304348,0.10402648844156394,0.5369565217391303,0.35043478260869565,0.09338801454986617,0.3630434782608696,0.10304347826086957,0.06601118744556361,0.10326086956521739,0.19667049368541906,0.047933418919607514,0.20091848450057403,0.18750449592721888,0.04529167752341009,0.19196683592510316,0.536619062731408,0.026481255032620502,0.5349227758383581,0.10304347826086957,0.06601118744556361,0.10326086956521739,0.2911021814006889,0.054586006166677,0.28358208955223885,0.8033295063145809,0.04793341891960752,0.799081515499426,0.639702296909231,0.05065544998145271,0.6384726185806835,0.3409127805376956,0.05790215156644584,0.36041705687706815,0.18395833333333333,0.04889168195437221,0.1875,0.2364843384017962,0.05151943530455516,0.24536443148688047,0.9822033367489251,0.012399029581762332,0.9825096419307465,0.9997024260912599,0.00024260825915608077,0.9997631636401876,0.9490471653459993,0.04066737364974861,0.9705309116343128,0.9885899679525407,0.01030021693569584,0.9906827380490187,0.27495493105470703,0.07749028316971668,0.26320942524136604,0.09267871798868088,0.08372055994816,0.07472572430372854,0.0007210650223457885,0.0009170808304948483,0.00035246827135649737,0.004306581493604974,0.0047314165246805165,0.0019694628522638636,0.9885899679525407,0.01030021693569584,0.9906827380490187,0.004306581493604974,0.0047314165246805165,0.0019694628522638636,0.08858996795254057,0.010300216935695813,0.09068273804901872,-0.8956934185063951,0.0047314165246805,-0.8980305371477362,0.37916666666666665,0.06326288787635406,0.375,0.1875,0.08916031293971984,0.16666666666666666,0.19166666666666665,0.07694837640638656,0.20833333333333331,0.32916666666666666,0.08750522123102175,0.3333333333333333,0.0,0.0,0.0,0.375,0.17832062587943967,0.3333333333333333,9.395833333333332,4.134383267187502,8.675,6.0,7.650249393939632,1.0,5.975,1.6940944897941428,6.125,25.3625,1.9005375893822705,25.541666666666664,0.8078460399703923,0.042023804715997724,0.7975573649148778,0.5456281174473103,0.027437664319165514,0.541096020026926,0.4543718825526897,0.0274376643191655,0.45890397997307397,0.4539827188940092,0.022298022731928293,0.44596774193548383,0.6257503291639236,0.03896757715596307,0.634092604783849,0.6381198603695349,0.04051880896859491,0.640578208228261,0.10640455948475307,0.04282201936426382,0.09733753229769196,13.84159881569208,4.928054124873151,12.583271650629165,76.41349585668178,26.86175882409811,75.28792569659443,0.21666666666666665,0.12211584951084108,0.16666666666666666,62.166666666666664,33.34754598961387,49.5,62.22222222222222,33.36395652154045,49.5,68.22222222222223,42.24655301714053,51.5,17.708333333333336,4.524098889307562,18.583333333333336,4.7,0.7326950970650465,5.0,7,10.692025863461675,10.692025863461675,False,False,True
48,7,50,0.999,0.5,0.9,0.5,20,0.804531490015361,0.045513158915820986,0.7949308755760369,0.16044546850998465,0.04042218850980563,0.16897081413210446,0.035023041474654376,0.024188446770867306,0.04377880184331798,0.5099285714285714,0.07760025219487958,0.49642857142857144,0.429,0.07425114869621054,0.4278571428571428,0.061071428571428575,0.04334775573152845,0.07142857142857142,0.9594890510948906,0.02884574330308107,0.9610705596107056,0.03880778588807786,0.0268798641824349,0.038929440389294405,0.0017031630170316302,0.003954879323052307,0.0,0.3531521739130435,0.10581415152623769,0.33804347826086956,0.5626086956521739,0.10446360853383183,0.567391304347826,0.08423913043478261,0.061191023517087446,0.09782608695652174,0.31544202066590127,0.05478568860487406,0.31859931113662454,0.30070824077012587,0.052009490132647426,0.303275415212102,0.5218640907648366,0.024262945484039726,0.5230812969427695,0.08423913043478261,0.061191023517087446,0.09782608695652174,0.1873134328358209,0.05569545598576206,0.17853042479908152,0.6845579793340988,0.05478568860487407,0.6814006888633755,0.7300126084746167,0.05963848529774414,0.7419393057690931,0.3219526209590079,0.0620896801387697,0.3167671038638781,0.27083333333333337,0.05881691784309515,0.2885416666666667,0.2925949145059207,0.05588103080372855,0.30763910535013794,0.9716511880868481,0.01167773855299795,0.9728891961281046,0.9909448532675057,0.0026952601794187443,0.9908503848030514,0.9150241348746979,0.039767089847213534,0.9209898584619723,0.950661432459281,0.01945875871687773,0.9555663117330968,0.33514276807033017,0.06539802004613848,0.3405675544257737,0.23395236718235518,0.1081894252801071,0.23729368892118718,0.014857960980004022,0.013650027026601438,0.011544301151966412,0.03723230618002864,0.027115306454212874,0.029865634270791905,0.950661432459281,0.01945875871687773,0.9555663117330968,0.03723230618002864,0.027115306454212874,0.029865634270791905,0.050661432459280974,0.019458758716877765,0.055566311733096785,-0.8627676938199714,0.02711530645421288,-0.8701343657292081,0.3625,0.06772730840727074,0.3333333333333333,0.2458333333333333,0.08322361197787125,0.25,0.11666666666666665,0.06839855680567694,0.08333333333333333,0.5916666666666667,0.10780912307195463,0.5833333333333334,0.0,0.0,0.0,0.4916666666666666,0.1664472239557425,0.5,11.441666666666666,4.149119190681263,10.85,9.575,8.028362551800827,8.25,8.9125,2.24071753205966,9.5,26.50416666666667,2.0500811209167282,26.75,0.7004071058475203,0.04434453825175497,0.7013323464100666,0.599832045362175,0.035141368448198616,0.6108876480238347,0.40016795463782495,0.03514136844819864,0.38911235197616534,0.43280145929339475,0.02478899470547609,0.42701228878648234,0.666900153609831,0.047988848523037225,0.6685856923414527,0.6771463665550026,0.04151367928022007,0.6794147757312075,0.14314684638463687,0.03585191509338724,0.1447363850343305,20.429311621021466,5.119198968885966,20.72538860103627,50.402067820598674,14.543529145337759,46.58620689655172,0.16666666666666666,0.0936585811581694,0.16666666666666666,61.8235294117647,29.22645482717166,51.0,61.8235294117647,29.22645482717166,51.0,65.29411764705883,30.67116868062406,51.0,20.408333333333335,4.842391693155514,21.333333333333332,5.0,0.5619514869490163,5.0,7,10.710580873531365,10.710580873531365,False,False,True
49,5,50,0.98,0.5,0.9,0.5,20,0.831490015360983,0.03835262349856867,0.8202764976958525,0.12834101382488478,0.029486328455822632,0.1336405529953917,0.04016897081413211,0.02638229577489053,0.05145929339477727,0.6321428571428571,0.0762232855422898,0.6178571428571429,0.29792857142857143,0.06910425039117889,0.30714285714285716,0.06992857142857142,0.044940526398750354,0.07571428571428572,0.9661800486618006,0.021875032617994908,0.9598540145985401,0.029075425790754256,0.018453617941276704,0.0340632603406326,0.004744525547445256,0.00799107743304953,0.0,0.4932608695652174,0.10704443745887254,0.475,0.41141304347826085,0.09844041786313057,0.4326086956521739,0.09532608695652174,0.06271822909703806,0.10434782608695652,0.23099885189437427,0.049553830369205354,0.2336394948335247,0.22024423463450757,0.04672919594846833,0.2212604464191262,0.5307530678091611,0.022662383085362534,0.5298225431080079,0.09532608695652174,0.06271822909703806,0.10434782608695652,0.262743972445465,0.055398201939537796,0.2508610792192882,0.7690011481056257,0.049553830369205354,0.7663605051664752,0.6609895509897472,0.05429551890303275,0.661084529505582,0.31157593766322506,0.06428894411266538,0.3243785310734463,0.18937500000000002,0.05098580455461963,0.19791666666666666,0.23364556370854617,0.05436001318038201,0.24724759111855887,0.9802982107368441,0.013932571437184252,0.9821278964473039,0.9993031543256503,0.0004106334580677346,0.9993997718724048,0.9315106410647015,0.05872510335915795,0.9527072618768639,0.9876425872630042,0.00957606762992973,0.989827051595533,0.2868976338210814,0.07016100484295296,0.27260876852353744,0.12146816112524494,0.07816581227083551,0.10968364524017823,0.0035340635204327855,0.0029871262376467683,0.002292722500016845,0.011986773238061018,0.01155134463524013,0.007150958375814477,0.9876425872630042,0.00957606762992973,0.989827051595533,0.011986773238061018,0.01155134463524013,0.007150958375814477,0.08764258726300429,0.009576067629929743,0.08982705159553289,-0.888013226761939,0.01155134463524012,-0.8928490416241855,0.4083333333333333,0.053393606293098965,0.4166666666666667,0.2375,0.0777751670405608,0.25,0.17083333333333334,0.07870943678236104,0.16666666666666666,0.375,0.10982442127674485,0.4166666666666667,0.0,0.0,0.0,0.475,0.1555503340811216,0.5,11.038333333333334,3.3386102967328015,10.383333333333333,7.6,7.682173486304784,5.0,6.0125,1.8480816274597787,6.25,25.220833333333335,1.8559756107870213,25.375,0.7837897853441895,0.041102102015733194,0.7797927461139896,0.5582379192859991,0.02846169178121501,0.5527722579996324,0.4417620807140009,0.028461691781214996,0.4472277420003676,0.4507092933947773,0.020438243409739407,0.4436943164362519,0.6857915295150318,0.03125032248022537,0.6869969278033794,0.6706491143489435,0.035033643091641656,0.6710096309079074,0.11499675228450498,0.03542353123795021,0.11124980480851063,15.988156920799408,5.795534980661351,15.544041450777202,67.20098132278183,23.983087733396975,61.53623188405797,0.2,0.10259783520851541,0.16666666666666666,63.52777777777778,26.822659550452432,54.5,63.52777777777778,26.822659550452432,54.5,69.05555555555556,28.735041576080675,60.0,17.691666666666666,4.382406012242631,18.083333333333336,4.8,0.6155870112510927,5.0,7,10.717936549164655,10.717936549164655,False,False,False
50,7,50,0.98,0.5,0.9,0.5,20,0.8046850998463901,0.04497626877789773,0.7918586789554531,0.15998463901689708,0.038896570573309745,0.16436251920122888,0.03533026113671275,0.024633092760771854,0.04608294930875576,0.5469999999999999,0.0822258815467076,0.5421428571428571,0.3931428571428571,0.07944571676259622,0.3807142857142857,0.059857142857142866,0.04274144784778117,0.07142857142857142,0.9645985401459853,0.023007618977917678,0.9610705596107056,0.03357664233576642,0.02123467676706973,0.03771289537712895,0.0018248175182481751,0.004314697295129067,0.0,0.3868478260869565,0.1129961065150188,0.3760869565217391,0.5307608695652174,0.11225804190941505,0.5173913043478261,0.08239130434782609,0.060347961276301196,0.09782608695652174,0.29615384615384616,0.058514244635230486,0.2944890929965557,0.2821687559504919,0.055418339282298355,0.2811369406537607,0.5234949222469057,0.022315739481941953,0.5246720617793292,0.08239130434782609,0.060347961276301196,0.09782608695652174,0.20516647531572904,0.05948040984940682,0.1997703788748565,0.7038461538461538,0.05851424463523048,0.7055109070034443,0.7126395488530708,0.06169909236257526,0.7200468412100076,0.32129276016914343,0.05619636712882115,0.32675579159417634,0.2529166666666667,0.055768324290335694,0.2677083333333333,0.2809425425468498,0.05039477228045019,0.2983641811365125,0.9735647523371889,0.012282003797075766,0.9730807561551852,0.9935250789737724,0.0021487974356631905,0.9940428297573702,0.9188208103370498,0.03801897288866771,0.9295197743935615,0.9605159686428418,0.015496154081096072,0.9645669604839519,0.311286978065722,0.06567414088186474,0.3180642040558639,0.1952260675706669,0.09127125991410955,0.19291729275674663,0.014883873825379331,0.009644542649932968,0.011643650507312763,0.03505509680223215,0.0233566929001319,0.029653428141727348,0.9605159686428418,0.015496154081096072,0.9645669604839519,0.03505509680223215,0.0233566929001319,0.029653428141727348,0.06051596864284192,0.015496154081096093,0.06456696048395183,-0.8649449031977678,0.023356692900131888,-0.8703465718582727,0.35833333333333334,0.06677622576550267,0.3333333333333333,0.24166666666666664,0.06567241047103436,0.25,0.11666666666666665,0.06839855680567693,0.08333333333333333,0.5291666666666667,0.11237403604306549,0.5,0.0,0.0,0.0,0.4833333333333333,0.13134482094206873,0.5,12.546666666666667,3.8771394772842247,12.475,11.7,7.186244169464178,10.25,8.4875,1.9818760310219152,9.041666666666666,26.991666666666667,1.9580580246944106,27.541666666666664,0.7192079940784604,0.04907077538686321,0.7227979274611398,0.5836344429884687,0.0336809015721294,0.5889787664307381,0.41636555701153133,0.033680901572129385,0.4110212335692619,0.4322711213517665,0.02350063840990219,0.4266781874039939,0.6843325652841782,0.035673529494187006,0.695707702435813,0.680355195371267,0.040221534769337625,0.6759018476113865,0.12845380832854136,0.03511076525364717,0.12675962759592668,18.35677276091784,5.270187753222006,18.504811250925243,56.726234162329106,17.401666367513904,52.038518518518515,0.15833333333333333,0.1008008864715499,0.16666666666666666,60.28125,29.017218307986266,51.0,60.28125,29.017218307986266,51.0,63.6875,30.61746505945041,51.0,21.275,4.830239481670904,22.833333333333332,5.05,0.6048053188292994,5.0,7,10.796591131963462,10.796591131963462,False,False,False
51,5,50,0.99,0.5,0.9,0.5,20,0.8354070660522274,0.04147398064507887,0.8225806451612903,0.12403993855606758,0.03136949977128497,0.1251920122887865,0.04055299539170507,0.026807816825128766,0.05145929339477727,0.66,0.06947400969881115,0.6578571428571429,0.27185714285714285,0.06569646701864983,0.28285714285714286,0.06814285714285714,0.0450470573862732,0.07714285714285714,0.968978102189781,0.020853799607171614,0.9671532846715329,0.025547445255474456,0.016847697886749006,0.029197080291970802,0.005474452554744526,0.008497501483132794,0.0,0.53,0.09787972086820684,0.5315217391304348,0.37728260869565217,0.09301940224015157,0.3847826086956522,0.09271739130434783,0.06306231471142264,0.10652173913043478,0.21130884041331804,0.0467899472281199,0.21756601607347875,0.20141502697556332,0.04411252487757115,0.20759811699989422,0.5308477467470645,0.02335448969523462,0.5304453612609754,0.09271739130434783,0.06306231471142264,0.10652173913043478,0.2824913892078071,0.05052553907433417,0.2818599311136625,0.7886911595866819,0.046789947228119876,0.7824339839265213,0.6437927023988246,0.04727766151477299,0.6378445538631448,0.32127174946999554,0.06418536284341458,0.322969218395847,0.18125,0.04943023318998581,0.19166666666666668,0.2298189140460669,0.05372036677999644,0.2413081751730622,0.9808270512652568,0.013284323327979752,0.9820435034978754,0.9996079659331427,0.0002990522028762363,0.9996891154306792,0.9478375256782259,0.041182335597900244,0.9647968032862384,0.9887220996730306,0.009245586588242472,0.990683935315565,0.27088431158789145,0.07122471519397428,0.2591087109458897,0.09710036215444391,0.06941388046199204,0.07343446240567965,0.0017841271924446786,0.0018096875580492593,0.0009625482824976367,0.00629416418817255,0.006713654945356223,0.0034593951244142247,0.9887220996730306,0.009245586588242472,0.990683935315565,0.00629416418817255,0.006713654945356223,0.0034593951244142247,0.08872209967303062,0.009245586588242465,0.09068393531556496,-0.8937058358118275,0.006713654945356223,-0.8965406048755857,0.4,0.06398099132915953,0.4166666666666667,0.20833333333333331,0.08333333333333331,0.16666666666666666,0.19166666666666665,0.07694837640638656,0.20833333333333331,0.32916666666666666,0.08750522123102175,0.3333333333333333,0.0,0.0,0.0,0.41666666666666663,0.16666666666666663,0.3333333333333333,10.113333333333333,4.259322764167647,9.0,7.75,8.16201084614763,7.0,5.779166666666667,1.7289407482939114,6.0,25.120833333333334,1.9335592351385253,25.333333333333332,0.7993708364174685,0.03929994894721223,0.7990377498149519,0.548341828367496,0.025212309138585673,0.5470633371908129,0.451658171632504,0.02521230913858568,0.4529366628091871,0.4517749615975422,0.020767562824960364,0.446463133640553,0.658179778362958,0.03213499719464654,0.6554652183454026,0.6516381601873735,0.03404022779098815,0.653064729858968,0.10419849375529866,0.03608758849064565,0.09880892824748207,12.065136935603258,3.0857190733485136,11.843079200592154,82.43981467128216,19.838683537483732,79.47058823529412,0.19166666666666665,0.09785715810206663,0.16666666666666666,63.02777777777778,27.814232614755213,53.5,63.02777777777778,27.814232614755213,53.5,67.77777777777777,29.784629979345652,56.0,17.275,4.647289029276899,17.833333333333332,4.85,0.5871429486124,5.0,7,10.839796411429854,10.839796411429854,False,False,False
52,7,50,0.99,0.5,0.9,0.5,20,0.8096774193548388,0.04679403940298539,0.804915514592934,0.15391705069124423,0.04055140291402334,0.15360983102918585,0.03640552995391705,0.0262256661630002,0.046850998463901686,0.5911428571428571,0.08163553700598558,0.5835714285714286,0.3487142857142857,0.07887215178078136,0.34285714285714286,0.060142857142857144,0.04364661330328393,0.07,0.9615571776155718,0.02542795048180539,0.9610705596107056,0.035523114355231145,0.023074218206785534,0.03771289537712895,0.00291970802919708,0.005388766105215475,0.0,0.4405434782608696,0.11279076443413993,0.4391304347826087,0.4766304347826087,0.11093320513889346,0.4673913043478261,0.08282608695652174,0.061713260445180246,0.09565217391304348,0.2684845005740528,0.05786422979494534,0.2692307692307692,0.2560767745689199,0.05482962899986316,0.25787183962763144,0.5221916322860467,0.02246050449940706,0.5208029197080292,0.08282608695652174,0.061713260445180246,0.09565217391304348,0.23404133180252584,0.05894282099939836,0.2330654420206659,0.7315154994259472,0.05786422979494533,0.7307692307692307,0.6837015739782352,0.05793353510063052,0.6791460079271057,0.3210098124038646,0.05991318257279457,0.3253961827646038,0.2301041666666667,0.05978180889457596,0.228125,0.2655646222207336,0.055219326396467316,0.26930037059021705,0.9750030675734184,0.012976623521026158,0.9770765303550091,0.995693653856673,0.0013319116784164995,0.9957681630119462,0.9117241320537444,0.05107971417548563,0.9220281807378466,0.9632446108447643,0.017578332234383123,0.96552181496139,0.28637732400584526,0.06619519982079562,0.29136654249231886,0.1581637697875345,0.07974131062414895,0.15951013161496594,0.008043881715243813,0.00591517269656011,0.006699879022935948,0.022008733071263935,0.015990221094778313,0.018813244014457935,0.9632446108447643,0.017578332234383123,0.96552181496139,0.022008733071263935,0.015990221094778313,0.018813244014457935,0.06324461084476427,0.017578332234383126,0.06552181496138992,-0.8779912669287361,0.01599022109477831,-0.8811867559855421,0.37083333333333335,0.06326288787635405,0.375,0.2208333333333333,0.07292449832628504,0.20833333333333331,0.15,0.0837707816583391,0.16666666666666666,0.4416666666666667,0.12121461321202305,0.4166666666666667,0.0,0.0,0.0,0.4416666666666666,0.1458489966525701,0.41666666666666663,11.591666666666665,4.2248550963074845,10.85,9.1,8.321816603299268,8.0,7.4875,2.2460613675201904,7.666666666666666,26.320833333333333,2.1932037169081333,26.75,0.7451517394522575,0.05104538012290574,0.7468541820873427,0.5666411992067535,0.030581327291548034,0.5661717925495685,0.4333588007932465,0.030581327291548017,0.4338282074504315,0.43491013824884794,0.023788586516099545,0.4309600614439324,0.6504619267061663,0.03635424238517418,0.6563780996269476,0.6572762875479266,0.039633856280352604,0.6527949586790015,0.11192901530583735,0.03479236159503296,0.10909339906166612,16.87638786084382,2.897767490330676,17.024426350851222,58.503683790715584,11.357388170246223,56.38956521739131,0.15833333333333333,0.1008008864715499,0.16666666666666666,60.875,28.84238778834605,51.0,60.875,28.84238778834605,51.0,64.1875,30.41977153102896,51.5,20.225,5.367019439206338,20.5,5.05,0.6048053188292994,5.0,7,10.900286965451194,10.900286965451194,False,False,True
53,3,70,0.99,0.5,0.9,0.5,20,0.8317749603803486,0.048417674540720115,0.8375594294770206,0.10015847860538826,0.03288534066262253,0.08954041204437402,0.06806656101426307,0.03930133197696544,0.08003169572107766,0.7922142857142858,0.05940173446964447,0.7957142857142857,0.13185714285714284,0.04354115797999008,0.12857142857142856,0.07592857142857143,0.03994968640188584,0.07642857142857143,0.9306905370843989,0.03679104735018579,0.9194373401534527,0.043606138107416884,0.02441117609894449,0.04603580562659847,0.02570332480818414,0.023151747382142363,0.02557544757033248,0.7184782608695652,0.08571626962090458,0.7271739130434782,0.18336956521739128,0.061767144029685576,0.17282608695652174,0.09815217391304347,0.05613436610494661,0.0967391304347826,0.1191539365452409,0.03480115777280157,0.11045828437132785,0.11348785166240409,0.03275919778515321,0.10418797953964194,0.5144213554987213,0.02055695785198527,0.5165601023017903,0.09815217391304347,0.05613436610494661,0.0967391304347826,0.4001762632197415,0.043749830932094336,0.40481786133960046,0.8808460634547591,0.03480115777280158,0.8895417156286722,0.5466337368421914,0.03573953439695202,0.5409353557240881,0.3454919252346214,0.09111529850226938,0.34563492063492063,0.11270833333333334,0.04763648059655259,0.09375,0.16770061962848176,0.06155245132761705,0.14669856459330144,0.9555750048911198,0.02977485147799258,0.9481079931697426,0.9999996335432074,1.0337162893935504e-06,0.9999998999558195,0.5375410069530622,0.3569466297202729,0.5074626270353335,0.9516609881817709,0.050291110222577935,0.9692017008453844,0.17841946266205205,0.0640437265144034,0.1804462851665174,0.008210736557838199,0.01374806195690077,0.0023043940288479544,4.955628189029657e-06,2.0453454907618057e-05,1.081058475257145e-07,7.442059028872686e-05,0.0002648341090903372,5.14503009301489e-06,0.9516609881817709,0.050291110222577935,0.9692017008453844,7.442059028872686e-05,0.0002648341090903372,5.14503009301489e-06,0.051660988181770964,0.05029111022257793,0.0692017008453843,-0.8999255794097113,0.00026483410909033944,-0.899994854969907,0.37916666666666665,0.05719439509610499,0.3333333333333333,0.14166666666666666,0.06105792475542054,0.16666666666666666,0.2375,0.07292449832628507,0.25,0.2125,0.06879816229015805,0.16666666666666666,0.0,0.0,0.0,0.2833333333333333,0.12211584951084108,0.3333333333333333,5.854166666666666,2.935788819747096,6.9,1.075,2.255257016511935,0.0,3.6958333333333337,1.6136920998079083,3.1666666666666665,23.991666666666667,1.6729923815642218,23.833333333333336,0.8831705484598047,0.031833151604316275,0.8850488354620587,0.4919029851026047,0.02050471603282404,0.49101765824504207,0.5080970148973953,0.02050471603282404,0.5089823417549579,0.4538517659044601,0.020618229183479664,0.4578537468870274,0.5671399705682589,0.037250727293659615,0.5754629839257415,0.5674788078225844,0.035562240514562325,0.566682739410771,0.0192249631834281,0.031720165487955296,0.021494158063183645,11.720510894064613,3.501990699484173,12.021036814425244,86.31995347846741,24.720978329046137,78.29411764705883,0.2833333333333333,0.09520676176291323,0.3333333333333333,71.0,11.168564908047193,69.25,71.3,11.58083716635737,69.25,77.95,12.692621146908438,76.5,17.35,4.848855896886597,17.0,4.3,0.5712405705774795,4.0,8,10.943448624699817,10.943448624699817,False,False,True
54,7,50,0.995,0.5,0.9,0.5,20,0.8096774193548388,0.04631386348231834,0.8033794162826421,0.15376344086021504,0.043726361541255906,0.15207373271889402,0.03655913978494624,0.02591364039072459,0.046850998463901686,0.5986428571428571,0.08476602662389326,0.5857142857142856,0.34335714285714286,0.08088696678914355,0.3492857142857143,0.05800000000000001,0.04141794004112551,0.07071428571428572,0.9616788321167883,0.023693468555994118,0.9598540145985401,0.035523114355231145,0.021953231612560686,0.03527980535279805,0.002798053527980535,0.005541274850483564,0.0,0.4553260869565217,0.11311710988705062,0.4315217391304348,0.4648913043478261,0.10976878722157185,0.4706521739130435,0.07978260869565218,0.058148992620267854,0.0967391304347826,0.26228473019517795,0.056578093692697236,0.25947187141216993,0.2502072093515286,0.05352520886456724,0.2475960012694383,0.5207307204062201,0.02303131387332244,0.5238442822384428,0.07978260869565218,0.058148992620267854,0.0967391304347826,0.2417910447761194,0.05929618810254047,0.230195177956372,0.737715269804822,0.05657809369269724,0.74052812858783,0.675786381649693,0.05853809406323911,0.678672773819438,0.3284128860032857,0.0601591503698372,0.3328298086606244,0.23333333333333334,0.06300961822058672,0.24062499999999998,0.27025334989848765,0.058188768801448784,0.2763913210166928,0.9752877082190855,0.01221308470079826,0.978474321209764,0.995842010718075,0.0017169160538509773,0.9960504059325103,0.9177175851265519,0.039999185215175245,0.9271778516609617,0.9583727406645807,0.01854725756128255,0.9650058475247012,0.29050198387259146,0.06624539292818431,0.29807243190918864,0.15378059254474294,0.08629515836123258,0.15067106707435,0.005279745584672213,0.00484338356299972,0.0035187528548922464,0.018084511793049998,0.01436354879324722,0.014014187337796332,0.9583727406645807,0.01854725756128255,0.9650058475247012,0.018084511793049998,0.01436354879324722,0.014014187337796332,0.0583727406645807,0.01854725756128255,0.06500584752470123,-0.8819154882069501,0.014363548793247227,-0.8859858126622038,0.36666666666666664,0.07354832917984068,0.375,0.20833333333333331,0.09558988911273406,0.16666666666666666,0.15833333333333333,0.08926273722729962,0.16666666666666666,0.4458333333333333,0.13592599895892787,0.45833333333333337,0.0,0.0,0.0,0.41666666666666663,0.1911797782254681,0.3333333333333333,11.049166666666666,5.242447854096785,10.0,8.85,9.699565915409227,3.75,7.716666666666667,2.242009854379437,8.208333333333334,26.3875,2.1242946885911596,26.083333333333336,0.7480014803849,0.0513210883687449,0.7494448556624722,0.5630228356493618,0.03290074011624141,0.5649165450085035,0.43697716435063816,0.032900740116241424,0.4350834549914965,0.4338387096774194,0.02511553058724252,0.43274193548387097,0.6275905200789993,0.035556013650596775,0.624212201009436,0.6489105749053204,0.04195737012269131,0.6432441168224869,0.11472397861105843,0.036036482294764124,0.11115399340818831,16.06217616580311,3.8804874592499954,15.544041450777202,62.66547942440591,15.024104582840565,61.53623188405797,0.15833333333333333,0.1008008864715499,0.16666666666666666,61.5625,28.586637321191407,51.5,61.5625,28.586637321191407,51.5,65.8125,30.777088339650756,51.5,20.266666666666666,5.082765283187548,21.0,5.05,0.6048053188292994,5.0,7,10.960214744597081,10.960214744597081,False,False,True
55,10,50,0.95,0.5,0.9,0.5,20,0.6998463901689708,0.0465238829168089,0.7073732718894009,0.2711213517665131,0.042439585584959194,0.25960061443932414,0.02903225806451613,0.02191098501400144,0.03840245775729647,0.39042857142857146,0.06455848562811135,0.37642857142857145,0.5644285714285714,0.06086010794428753,0.5707142857142857,0.04514285714285714,0.03418971522669488,0.056428571428571425,0.9027980535279806,0.04864563055712361,0.9124087591240876,0.09635036496350366,0.04783781829100359,0.08759124087591241,0.0008515815085158151,0.002650663823008772,0.0,0.2157608695652174,0.08898904619811042,0.18913043478260871,0.7231521739130435,0.08588375748082389,0.7369565217391305,0.061086956521739136,0.047554355998691684,0.07500000000000001,0.427382319173364,0.04485100901498453,0.43628013777267505,0.40975126943827356,0.043117252287495876,0.4178382524066434,0.4819425050248599,0.020197603755073044,0.4826549772558976,0.061086956521739136,0.047554355998691684,0.07500000000000001,0.11435132032146958,0.04681651734142356,0.09988518943742825,0.572617680826636,0.04485100901498452,0.563719862227325,0.8043230698508725,0.0648577328474346,0.8247694334650857,0.348793924126757,0.03908154754579699,0.35290627996164914,0.41531250000000003,0.05902346690484926,0.43333333333333335,0.3783421593123614,0.04430810506554822,0.3902358484142871,0.9385422382434856,0.01430786516318649,0.9373621283847838,0.9582975894013497,0.008259342808468257,0.959250199231445,0.8398086748605713,0.06394366747107495,0.850601989815545,0.9021933435746845,0.020010993652083437,0.9070413349181272,0.32791667528282425,0.05901590741739029,0.326184949003157,0.24743794975691152,0.06775911074966029,0.23548693983111074,0.06116040193913371,0.02344942159926046,0.06018117875579003,0.10259316880536726,0.035090446484093624,0.10217918077493304,0.9021933435746845,0.020010993652083437,0.9070413349181272,0.10259316880536726,0.035090446484093624,0.10217918077493304,0.0021933435746844866,0.02001099365208342,0.007041334918127196,-0.7974068311946327,0.03509044648409362,-0.797820819225067,0.2625,0.07292449832628504,0.25,0.2125,0.07870943678236104,0.25,0.049999999999999996,0.04985358680134323,0.08333333333333333,0.725,0.10506194218605722,0.7083333333333333,0.0,0.0,0.0,0.425,0.1574188735647221,0.5,17.2125,4.581496841000066,17.0,18.375,7.068974093660415,20.25,14.375,2.1686057449875453,14.791666666666666,30.3125,1.6465618529750143,30.375,0.5769059955588454,0.038213615495044366,0.57920059215396,0.6262699724943109,0.03588323685307636,0.6303545057556228,0.373730027505689,0.03588323685307635,0.36964549424437726,0.372494623655914,0.0220581832133174,0.3794393241167434,0.6909570989686197,0.04489599358011476,0.6999067368883036,0.6788174229276358,0.044617859854164485,0.6804983719579563,0.11819835053241161,0.03143807821252794,0.1153843793019651,23.76017764618801,6.389528395270358,23.3160621761658,43.87656216691441,13.011468759090329,41.57907196969697,0.125,0.09168660070336346,0.16666666666666666,59.25,10.009130447131374,58.0,59.25,10.009130447131374,58.0,61.285714285714285,15.715884034600503,58.0,31.275,5.139935091860401,30.5,5.25,0.5501196042201808,5.0,7,10.965870442215476,10.965870442215476,False,False,False
56,5,70,0.999,0.5,0.9,0.5,20,0.8073692551505547,0.0507404500523315,0.805863708399366,0.1415213946117274,0.04045364608266079,0.13549920760697307,0.05110935023771791,0.03277370713444218,0.06497622820919176,0.7237857142857143,0.05667908606348979,0.7307142857142856,0.21400000000000002,0.04920113697567617,0.22428571428571428,0.06221428571428571,0.04119189590031653,0.06642857142857142,0.9438618925831201,0.032567825865777146,0.9347826086956521,0.04296675191815857,0.024469280840753633,0.05115089514066496,0.013171355498721227,0.014826679397003358,0.0076726342710997444,0.6202173913043478,0.0832657836526554,0.6347826086956522,0.29717391304347823,0.06899472885438843,0.3076086956521739,0.08260869565217391,0.057077883524035165,0.0891304347826087,0.18037602820211515,0.03639779393380818,0.18272620446533488,0.17007033248081843,0.033852730985205214,0.17173913043478262,0.5132352941176471,0.01934589962524078,0.5086317135549872,0.08260869565217391,0.057077883524035165,0.0891304347826087,0.341304347826087,0.042074883430194276,0.3490011750881316,0.8196239717978848,0.036397793933808216,0.8172737955346652,0.5846574012492037,0.03651455159623825,0.5744928035994319,0.35324626386620356,0.06433847524503676,0.352046042466015,0.17833333333333334,0.06045408702004275,0.17604166666666665,0.2346221890610654,0.06520563524396951,0.2347130299248263,0.9659008883449,0.02202757271815694,0.9625958519510773,0.9998521368598003,0.00012780826317260985,0.9998756515860421,0.728899320987579,0.23057684157443908,0.8120993550740996,0.9647255458734533,0.02796026109204833,0.9740104185346861,0.2228472470964135,0.06713007919714123,0.2201318157642248,0.039233426222770436,0.03717903779938188,0.027656139111054624,0.00010016093038084149,0.0002116311660746255,2.2237456166324262e-05,0.0008760444739646463,0.001374347092708628,0.00014833987871127116,0.9647255458734533,0.02796026109204833,0.9740104185346861,0.0008760444739646463,0.001374347092708628,0.00014833987871127116,0.06472554587345329,0.027960261092048317,0.0740104185346861,-0.8991239555260353,0.0013743470927086335,-0.8998516601212887,0.35416666666666663,0.05322219780487544,0.3333333333333333,0.15833333333333333,0.09326752065621087,0.16666666666666666,0.19583333333333333,0.08234057784734035,0.25,0.2625,0.08234057784734036,0.25,0.0,0.0,0.0,0.31666666666666665,0.18653504131242174,0.3333333333333333,8.549166666666668,5.572576637437745,7.875,5.75,8.685287014619368,0.0,5.941666666666666,2.072357050001292,5.375,25.7125,2.0443680660472285,25.5,0.8203606311044327,0.03862395018429174,0.8204357625845229,0.5066151862490371,0.019274974996084892,0.506329665351072,0.4933848137509629,0.01927497499608489,0.49367033464892796,0.43479177043242023,0.023022379191501356,0.43610086031242923,0.5507354539280055,0.038348071737657204,0.5510595426760245,0.5814125732080136,0.03537375599596267,0.5841459826354083,0.05140861222183871,0.02849008468299428,0.05137079925189621,13.82419233658903,4.816316809532874,13.5236664162284,74.24666048922866,19.122974011512103,70.05263157894737,0.21666666666666665,0.1335524515310053,0.16666666666666666,66.12745098039215,11.227528391896842,63.5,66.20588235294117,11.324832812686203,63.5,72.11764705882354,17.08757718688191,69.0,19.983333333333334,5.311330710672105,19.333333333333332,4.7,0.801314709186032,5.0,8,11.079692622025656,11.079692622025656,False,False,True
57,10,50,0.9,0.5,0.9,0.5,20,0.6490783410138249,0.05493333485181965,0.6620583717357911,0.3225038402457757,0.05239228399971895,0.3164362519201229,0.028417818740399385,0.02129355272690523,0.03609831029185868,0.32521428571428573,0.06288665575093004,0.31714285714285717,0.6255,0.06298052654553421,0.6414285714285715,0.04928571428571428,0.036399442872945116,0.062142857142857146,0.8490267639902676,0.07081515231069091,0.8819951338199514,0.15036496350364964,0.07068799285773564,0.11800486618004866,0.000608272506082725,0.0019133759505037692,0.0,0.16499999999999998,0.08259634979406506,0.14565217391304347,0.7676086956521739,0.0827888556956808,0.7706521739130434,0.06739130434782609,0.05078725567277939,0.08369565217391303,0.47634902411021807,0.04717597346925051,0.4931113662456946,0.45898682957791176,0.04649106911379759,0.4720961599492225,0.4582090341690469,0.03215596905102568,0.45742092457420924,0.06739130434782609,0.05078725567277939,0.08369565217391303,0.08742824339839264,0.04347871927748859,0.07692307692307693,0.5236509758897818,0.04717597346925051,0.5068886337543054,0.8365845570162987,0.06756612976670058,0.8423902848398084,0.3595543750743718,0.03987575246703771,0.3601952379044643,0.4852083333333333,0.06675877682841205,0.49479166666666663,0.4122973756766045,0.04765540259859671,0.4188271604938272,0.9287785962951751,0.013736373793745036,0.930343571969848,0.9462852643085737,0.009989563884308895,0.9469491016065755,0.8449511026029952,0.04120316728443451,0.8535442862104033,0.8865117983105394,0.018964008123448613,0.8905523240867774,0.3606145008994814,0.05912366170059037,0.3631078439470148,0.28918738654620724,0.0736715868519636,0.2762134625277237,0.07801913518270845,0.027992289342545485,0.07303727727567286,0.12767876808411463,0.03932160163800715,0.13435663411103776,0.8865117983105394,0.018964008123448613,0.8905523240867774,0.12767876808411463,0.03932160163800715,0.13435663411103776,-0.01348820168946061,0.01896400812344861,-0.009447675913222542,-0.7723212319158854,0.039321601638007145,-0.7656433658889622,0.22916666666666666,0.07587212233336049,0.25,0.1875,0.07587212233336049,0.16666666666666666,0.041666666666666664,0.04274909800354809,0.041666666666666664,0.825,0.09326752065621093,0.8333333333333334,0.0,0.0,0.0,0.375,0.15174424466672098,0.3333333333333333,17.175,4.524858241454991,15.75,17.7,5.410516076172986,17.0,16.8625,2.4896386160638837,17.541666666666664,30.9125,1.5805550416755767,31.208333333333332,0.5205033308660252,0.03868176997388775,0.5129533678756477,0.6509031306881904,0.0449981254527047,0.6488666045628071,0.3490968693118096,0.04499812545270467,0.3511333954371929,0.3491820276497696,0.02794427150965691,0.3530568356374808,0.7065501426377002,0.0452058373027815,0.7161334211103796,0.6961200479289179,0.04553390951810813,0.6951074650560664,0.13629392988808461,0.033576027282838955,0.1317569573622488,25.129533678756477,7.523544069701359,22.9459659511473,42.079465409206186,12.739938595940538,42.26001955034213,0.125,0.09168660070336346,0.16666666666666666,55.357142857142854,8.289076619792533,55.0,55.357142857142854,8.289076619792533,55.0,57.42857142857143,14.862002586432315,55.0,33.33333333333333,4.874746956995497,32.75,5.25,0.5501196042201808,5.0,8,11.103885265320287,11.103885265320287,False,False,True
58,5,70,0.9,0.5,0.9,0.5,20,0.8145007923930269,0.04890987281901261,0.8011093502377179,0.13795562599049127,0.03535650975288144,0.14183835182250396,0.04754358161648177,0.03183720195893353,0.061014263074484945,0.7032857142857143,0.06615916751106568,0.7007142857142856,0.24085714285714283,0.061321641501462944,0.24642857142857144,0.05585714285714285,0.0388610679132153,0.06,0.9452685421994884,0.03349463857989893,0.9347826086956521,0.043606138107416884,0.026272307306181627,0.052429667519181586,0.011125319693094628,0.013309453810701328,0.0076726342710997444,0.5904347826086956,0.09465466980960055,0.5880434782608697,0.33467391304347827,0.08435311915733162,0.34347826086956523,0.0748913043478261,0.05328001337174236,0.08043478260869566,0.2009400705052879,0.04440527292054332,0.1991774383078731,0.18914002557544757,0.04119276698221978,0.18596547314578005,0.5100799232736573,0.016390136069477663,0.5038682864450128,0.0748913043478261,0.05328001337174236,0.08043478260869566,0.3242655699177438,0.04851978745886054,0.31786133960047,0.7990599294947122,0.04440527292054334,0.800822561692127,0.596008541554999,0.04153829709338818,0.5953101361573374,0.32875923604128104,0.06392559357060408,0.3356562137049942,0.17635416666666665,0.0562856246838625,0.171875,0.22730261124447976,0.060262439092554056,0.22251562224529375,0.9682275950440727,0.02163721096509566,0.9663873989886684,0.9997402934225613,0.00022312714679266789,0.999791772413289,0.7577753117041981,0.221598940988182,0.8129565953402169,0.9688379307677131,0.023834889364214323,0.9712810888211287,0.2259586333624076,0.06248644755363574,0.21829036569844854,0.058308478030511667,0.042615521843882224,0.04453930044238209,0.0010980265108668048,0.0013113987639936141,0.0005352559366629961,0.003809591043500816,0.004132675472856755,0.002125901019373832,0.9688379307677131,0.023834889364214323,0.9712810888211287,0.003809591043500816,0.004132675472856755,0.002125901019373832,0.06883793076771301,0.023834889364214323,0.07128108882112866,-0.8961904089564993,0.004132675472856764,-0.8978740989806262,0.39583333333333337,0.05969586661761493,0.4166666666666667,0.20833333333333331,0.09168660070336346,0.16666666666666666,0.1875,0.08054547224652174,0.25,0.29166666666666663,0.07882544191057643,0.29166666666666663,0.0,0.0,0.0,0.41666666666666663,0.18337320140672692,0.3333333333333333,10.309166666666666,4.686641071403243,9.600000000000001,6.85,8.628441342444184,1.25,5.6708333333333325,1.878135779396142,5.583333333333334,25.3125,1.8908201985889115,25.083333333333332,0.8079263711495116,0.041132630042060934,0.8215627347858753,0.5147586963888923,0.020683516869724757,0.517355675146771,0.48524130361110773,0.02068351686972474,0.48264432485322895,0.4351789676250849,0.02044070266931062,0.43526941362916005,0.6278657459814354,0.03084352154208267,0.6295630518451438,0.620676999462497,0.034134655201818194,0.6222392049122782,0.06084948446821411,0.025087308732149826,0.0640229925453831,14.50037565740045,5.1886834118246075,13.5236664162284,72.75669666438107,23.60125606826274,70.05263157894737,0.2,0.1159753956564099,0.16666666666666666,66.73529411764706,9.99236841147224,66.0,66.73529411764706,9.99236841147224,66.0,71.47058823529412,14.70594117635294,71.0,19.066666666666666,5.11887917190943,18.583333333333332,4.8,0.6958523739384593,5.0,8,11.122802418257994,11.122802418257994,False,False,False
59,10,50,0.98,0.5,0.9,0.5,20,0.7334869431643625,0.05285254474713072,0.7357910906298003,0.23732718894009217,0.04530976126395198,0.23118279569892475,0.029185867895545316,0.023215982926860994,0.03686635944700461,0.5059285714285714,0.07729207928982906,0.49357142857142855,0.45742857142857146,0.06919298499799187,0.46071428571428574,0.036642857142857144,0.03115835649351573,0.045714285714285714,0.9210462287104623,0.044888090287017166,0.9245742092457421,0.07725060827250609,0.04269234700138696,0.07420924574209245,0.0017031630170316302,0.004609709580618082,0.0,0.33173913043478265,0.10567284219304647,0.3228260869565217,0.6197826086956522,0.09581300188500463,0.6304347826086957,0.04847826086956522,0.04308229301864172,0.058695652173913045,0.3637772675086108,0.05366156850976534,0.3731343283582089,0.3485166084840791,0.0516103367898127,0.35604702210938327,0.4847622447900138,0.018377372382557634,0.48781603723685607,0.04847826086956522,0.04308229301864172,0.058695652173913045,0.17600459242250288,0.055347867220371355,0.17336394948335246,0.6362227324913892,0.05366156850976537,0.6268656716417911,0.7280204064906558,0.0641913924734728,0.7317334290470503,0.33305406714694574,0.03783452563079134,0.3339524580386811,0.32885416666666667,0.05255390490079341,0.346875,0.3295507584591687,0.04015126644590736,0.33754612839694176,0.9491844762008756,0.016496048186698496,0.9512208732960616,0.9732637041246329,0.005645015817853163,0.973768278476671,0.8133309408101477,0.10950648688299727,0.8509831629448219,0.9143645946595835,0.026394971276402508,0.9192110836538734,0.2644651231906554,0.05785015165561215,0.25834646200120415,0.17418324893368595,0.05526572770376327,0.16255458149094631,0.03694302730174658,0.015312845614996582,0.03849216390157035,0.06534391372790668,0.024429889942854045,0.06778104236371432,0.9143645946595835,0.026394971276402508,0.9192110836538734,0.06534391372790668,0.024429889942854045,0.06778104236371432,0.014364594659583601,0.026394971276402526,0.019211083653873418,-0.8346560862720933,0.024429889942854038,-0.8322189576362857,0.30416666666666664,0.07292449832628506,0.3333333333333333,0.24166666666666664,0.0892627372272996,0.25,0.0625,0.05969586661761491,0.08333333333333333,0.575,0.08926273722729963,0.5833333333333334,0.0,0.0,0.0,0.4833333333333333,0.1785254744545992,0.5,16.388333333333332,4.433336960821626,15.5,16.95,7.5670685417663215,17.5,11.266666666666667,1.8744589862752588,11.833333333333332,29.4,1.7081675144171138,29.416666666666668,0.6486306439674315,0.04641183427233407,0.6498889711324944,0.5754610798664708,0.032333095971704834,0.5824359596865827,0.4245389201335293,0.032333095971704806,0.4175640403134174,0.38506490015360983,0.02328689460461404,0.3865399385560676,0.6512366688610929,0.04428982736666621,0.6502249286811499,0.6393952098881084,0.04212264330876411,0.6457211280398512,0.08070969525018944,0.027132212400204313,0.08071275285365676,17.949666913397486,5.172295539106755,17.024426350851222,57.7126838372561,16.933611036622796,56.38956521739131,0.11666666666666665,0.09520676176291322,0.16666666666666666,65.07692307692308,11.161403275436431,65.0,65.07692307692308,11.161403275436431,65.0,67.3076923076923,16.89864203313694,65.0,29.025,5.7354634455876825,28.75,5.3,0.5712405705774795,5.0,7,11.232079006515415,11.232079006515415,False,False,False
60,7,70,0.9,0.5,0.9,0.5,20,0.7837559429477021,0.054401478572628136,0.7678288431061806,0.17377179080824087,0.04557400300443899,0.17274167987321712,0.04247226624405705,0.029891071874055892,0.05309033280507132,0.6227142857142857,0.07254451576044389,0.6035714285714285,0.3303571428571429,0.06669241804833788,0.32999999999999996,0.046928571428571424,0.037030701112987875,0.05071428571428571,0.9351662404092072,0.036124143346299896,0.9258312020460358,0.05703324808184144,0.0311702536140578,0.06265984654731457,0.007800511508951407,0.01223675062945113,0.0,0.4816304347826087,0.10224929056551994,0.45652173913043476,0.45576086956521744,0.09298409908323124,0.4608695652173913,0.06260869565217392,0.05186598682177097,0.06630434782608696,0.2725616921269095,0.050711088489610874,0.27320799059929496,0.2563970588235294,0.04736690722466752,0.2548273657289003,0.4988874680306905,0.019009530316995413,0.498113810741688,0.06260869565217392,0.05186598682177097,0.06630434782608696,0.26392479435957694,0.053440711633156335,0.25440658049353704,0.7274383078730905,0.050711088489610874,0.726792009400705,0.6400326626957874,0.050558779865554945,0.6456583233327619,0.31810801141935363,0.057418821188777586,0.3149150070987299,0.22697916666666668,0.05969768425254834,0.23125,0.2630766438545372,0.057238995033787064,0.27775915840431964,0.9635418150645985,0.020938560754108746,0.9629523620359841,0.9964679245233331,0.001822498654962487,0.9972875727715479,0.7440180951419777,0.20590393928511458,0.8066476558877724,0.9463697966963865,0.030665880591703176,0.9448305370555592,0.24753539351566536,0.06152524568582249,0.25172245595765386,0.11742294270874917,0.05144181673177257,0.12412592982074738,0.007485633716591153,0.005367470511778869,0.00624495072015595,0.018339985655950714,0.011191597227786152,0.015363310997027233,0.9463697966963865,0.030665880591703176,0.9448305370555592,0.018339985655950714,0.011191597227786152,0.015363310997027233,0.0463697966963865,0.03066588059170316,0.044830537055559116,-0.8816600143440493,0.011191597227786147,-0.8846366890029729,0.3625,0.07292449832628507,0.3333333333333333,0.2208333333333333,0.07777516704056078,0.16666666666666666,0.14166666666666666,0.06677622576550266,0.16666666666666666,0.3875,0.1021515615175208,0.375,0.0,0.0,0.0,0.4416666666666666,0.15555033408112157,0.3333333333333333,11.810833333333333,4.492584126591613,11.1,10.7,9.090770333869287,9.0,7.470833333333333,2.143478310831684,7.833333333333333,26.68333333333333,2.088957321263046,26.416666666666664,0.7438767843726521,0.04552215925084415,0.7392937640871524,0.5333351705458427,0.02781843981877182,0.5393815907455174,0.4666648294541574,0.027818439818771804,0.4606184092544826,0.4153422571881367,0.025476769974625123,0.41481774960380347,0.6378324654743038,0.038945881218043155,0.6403350690513924,0.6331707798541296,0.03923835446237292,0.6331151694969797,0.07261028279421337,0.028321907923375807,0.07360735891562616,15.326821938392186,4.741717822547896,14.274981217129977,67.25191316148592,18.675042847839276,66.71679197994987,0.15,0.10678721258619792,0.16666666666666666,65.4,10.569835787344504,64.0,65.4,10.569835787344504,64.0,69.13333333333334,16.048438583001804,65.0,22.466666666666665,5.794885827553978,22.916666666666668,5.1,0.6407232755171876,5.0,7,11.245506824937827,11.245506824937827,False,False,False
61,5,70,0.95,0.5,0.9,0.5,20,0.8149762282091917,0.049847889438161326,0.8161648177496038,0.1364500792393027,0.03559284565339881,0.13074484944532488,0.04857369255150555,0.032503978435616095,0.06180665610142631,0.722,0.06386310547257708,0.7250000000000001,0.22585714285714284,0.05683734116965035,0.23285714285714287,0.052142857142857144,0.03751261871471599,0.053571428571428575,0.9436061381074168,0.03516997251332517,0.9309462915601023,0.04398976982097187,0.026534709303678405,0.054987212276214836,0.012404092071611254,0.014402669252345544,0.00895140664961637,0.6174999999999999,0.09166723950098839,0.625,0.3133695652173913,0.07762670534390212,0.3282608695652174,0.06913043478260869,0.05159191023283098,0.07065217391304349,0.18960047003525266,0.04224691492204989,0.19271445358401879,0.17867966751918157,0.03946096358415454,0.17835677749360612,0.5063682864450127,0.01563289632623852,0.5004475703324809,0.06913043478260869,0.05159191023283098,0.07065217391304349,0.33948296122209165,0.04624896852482981,0.34077555816686256,0.8103995299647474,0.0422469149220499,0.8072855464159812,0.5826608399739085,0.03838623846506929,0.5751073422069558,0.3360630233881917,0.06609012624054016,0.34214791356184804,0.17260416666666667,0.05824819523218738,0.16666666666666669,0.22569510022428255,0.06309377431894994,0.2163630523562612,0.9663989206095369,0.02308575582712319,0.9633150106193825,0.9998030376086252,0.00017504667513839635,0.999840082210609,0.7267512930912519,0.24823621781274016,0.777960533730462,0.9657136301845884,0.026507852111733357,0.9707441484733421,0.20875280410458424,0.061927702448168816,0.20131103206661757,0.046219995476587776,0.037135372872367935,0.0325260479403348,0.0007813468478083598,0.0010507668770392154,0.0003519003074918918,0.002690399730554125,0.00331725744876241,0.0013865677962074374,0.9657136301845884,0.026507852111733357,0.9707441484733421,0.002690399730554125,0.00331725744876241,0.0013865677962074374,0.0657136301845884,0.026507852111733333,0.07074414847334204,-0.897309600269446,0.003317257448762422,-0.8986134322037926,0.39583333333333337,0.05969586661761493,0.4166666666666667,0.2,0.09128709291752769,0.16666666666666666,0.19583333333333333,0.0777751670405608,0.25,0.2708333333333333,0.08054547224652175,0.25,0.0,0.0,0.0,0.4,0.18257418583505539,0.3333333333333333,10.244166666666667,4.576552480015844,9.8,6.05,8.468051413214383,0.25,5.595833333333333,1.9219558979550522,5.333333333333334,25.275,1.932921159935478,24.958333333333336,0.8165289256198347,0.040479067728396434,0.8275732531930879,0.5071366384077178,0.018585390781389204,0.5096330404938507,0.49286336159228217,0.018585390781389214,0.4903669595061492,0.4335595426760245,0.020120450526330547,0.43854539280054333,0.6131060674666063,0.031930515500471136,0.6113074484944532,0.6064870976428921,0.033161595990229026,0.607868947725248,0.04830147796005342,0.02394012155288497,0.05122152507440709,12.47182569496619,4.653174356360866,10.518407212622089,84.54709030516703,28.982661561998423,88.73333333333333,0.18333333333333332,0.11969747440993464,0.16666666666666666,67.8125,10.527543239838375,65.75,67.8125,10.527543239838375,65.75,72.5625,15.513300744844727,71.5,19.183333333333334,5.3461742346624295,18.916666666666664,4.9,0.7181848464596078,5.0,8,11.26660129146141,11.26660129146141,False,False,True
62,7,70,0.95,0.5,0.9,0.5,20,0.788351822503962,0.05508722994156027,0.7820919175911252,0.16806656101426307,0.04593570826079904,0.1648177496038035,0.04358161648177496,0.030559758886178585,0.05546751188589541,0.6552857142857142,0.07112129395108084,0.6421428571428571,0.29892857142857143,0.062338728559462236,0.29928571428571427,0.045785714285714284,0.036233741122102536,0.05071428571428571,0.9347826086956521,0.03638267392979771,0.9296675191815856,0.05639386189258312,0.030515891564524236,0.06265984654731457,0.008823529411764706,0.013288744738449834,0.0012787723785166241,0.5264130434782609,0.1015090471733627,0.5054347826086956,0.41282608695652173,0.08768544599339613,0.41304347826086957,0.06076086956521739,0.05068663445080034,0.06630434782608696,0.2490599294947121,0.04938237094669328,0.2502937720329025,0.23460997442455245,0.0463731410303401,0.2358375959079284,0.4977717391304348,0.01803504894631217,0.4982416879795396,0.06076086956521739,0.05068663445080034,0.06630434782608696,0.28860164512338427,0.05278666499939317,0.2796709753231492,0.750940070505288,0.049382370946693295,0.7497062279670975,0.6182040505662659,0.047379845834535826,0.6228567408390118,0.32637607636079935,0.06071865092172926,0.32542432055000536,0.21531250000000002,0.059819244511184595,0.215625,0.2573886563799535,0.05864588030229284,0.26575279464307167,0.9628420633055695,0.021983577725231927,0.9624212220651069,0.9972753458100231,0.00142751010821278,0.9978338215258014,0.720077667447979,0.22879173713241965,0.776135816124905,0.943966438412869,0.0336706737407881,0.9454357472946399,0.23084949178389672,0.06152264234653558,0.23434195566927213,0.0961866195754914,0.04620428894466984,0.09566820395741006,0.0050761639780885996,0.004026366104234222,0.0038914098387344944,0.01334566866204048,0.009554365857874569,0.011239245994517841,0.943966438412869,0.0336706737407881,0.9454357472946399,0.01334566866204048,0.009554365857874569,0.011239245994517841,0.04396643841286897,0.03367067374078813,0.04543574729463984,-0.8866543313379596,0.009554365857874572,-0.8887607540054822,0.3625,0.07292449832628507,0.3333333333333333,0.21666666666666665,0.07354832917984064,0.16666666666666666,0.14583333333333331,0.0655331263047541,0.16666666666666666,0.35416666666666663,0.0849621518763619,0.3333333333333333,0.0,0.0,0.0,0.4333333333333333,0.14709665835968128,0.3333333333333333,11.004166666666666,4.375519601558851,9.5,8.775,8.7786748190685,6.5,6.9833333333333325,2.1360180475396753,6.791666666666667,26.366666666666667,2.1837049369047077,26.125,0.7631104432757325,0.044792014290130425,0.7644628099173554,0.5218469673213575,0.025613849726803382,0.5269746135056462,0.47815303267864256,0.025613849726803372,0.4730253864943538,0.41706876839483814,0.025140072245607374,0.42078899705682593,0.6199590219606067,0.039071051072811,0.6173601992302468,0.6200369113629824,0.038983254629187225,0.6214105696698916,0.061326069117374496,0.02791499943268194,0.062302996881393714,16.15326821938392,3.9267099506752636,16.52892561983471,62.927686261671624,17.653527144552353,57.869565217391305,0.15,0.10678721258619792,0.16666666666666666,66.43333333333334,10.985163154173428,65.0,66.43333333333334,10.985163154173428,65.0,70.4,16.435153960772187,65.0,21.975,6.108970252330556,22.25,5.1,0.6407232755171876,5.0,7,11.318895718334222,11.318895718334222,False,False,True
63,5,70,0.995,0.5,0.9,0.5,20,0.8171949286846276,0.04845588132361397,0.8225039619651348,0.1314580031695721,0.031681016690905395,0.1275752773375594,0.05134706814580031,0.03416210944337996,0.06418383518225039,0.7776428571428571,0.053412596622713124,0.7892857142857143,0.16735714285714284,0.04032434291565018,0.1757142857142857,0.05500000000000001,0.039110683226293776,0.054285714285714284,0.9404092071611252,0.03655824969336855,0.928388746803069,0.043094629156010235,0.026098765007840197,0.047314578005115085,0.01649616368286445,0.01620669581215536,0.014066496163682864,0.6980434782608695,0.07907943386250263,0.7260869565217392,0.2285869565217391,0.05674693301427588,0.2456521739130435,0.07336956521739131,0.054381568472721326,0.07065217391304349,0.14336075205640425,0.027079411543243177,0.13748531139835488,0.13584079283887468,0.024932346236045944,0.1291240409207161,0.5068893861892583,0.016400157356798364,0.5019820971867008,0.07336956521739131,0.054381568472721326,0.07065217391304349,0.38490011750881314,0.03852402095527022,0.4012925969447708,0.8566392479435958,0.02707941154324316,0.862514688601645,0.5514905341113804,0.033513882248864056,0.5403819481489385,0.3860522330751259,0.07022719998784603,0.40113134657836647,0.16270833333333332,0.05024565021469098,0.159375,0.22735621163648947,0.060135268735393446,0.2263982338099243,0.9626286844353243,0.02430370287100724,0.9572539189726852,0.9999017297565544,0.0001225282722064288,0.9999413421968009,0.6943604372728757,0.26531882405317286,0.7399371314738288,0.9605632141556951,0.029769289872504566,0.9682465145359738,0.18108871606125107,0.06326869474413813,0.17894671673075996,0.01801373042837396,0.022776482582663335,0.005309754746006317,4.5632947049388164e-05,0.00010977220921763786,1.7879299532816467e-05,0.00023452818076777102,0.0004587181543522226,5.7900030151165796e-05,0.9605632141556951,0.029769289872504566,0.9682465145359738,0.00023452818076777102,0.0004587181543522226,5.7900030151165796e-05,0.0605632141556951,0.029769289872504587,0.06824651453597375,-0.8997654718192323,0.00045871815435221265,-0.8999420999698489,0.35833333333333334,0.061057924755420566,0.3333333333333333,0.1375,0.07292449832628504,0.16666666666666666,0.2208333333333333,0.06772730840727074,0.25,0.22916666666666666,0.07089135910195005,0.20833333333333331,0.0,0.0,0.0,0.275,0.1458489966525701,0.3333333333333333,7.1925,4.34133362362062,7.5,3.1,6.307055364305997,0.0,5.3625,1.8984209735942277,5.208333333333334,25.1,1.9962684487057967,24.916666666666668,0.8496619083395943,0.028152706340120962,0.8493613824192336,0.49020027503559865,0.018695740637688325,0.49114776067126564,0.5097997249644014,0.018695740637688342,0.5088522393287344,0.4360974643423138,0.01764963901831449,0.43639121575730133,0.5216058410685986,0.03683164756043264,0.5201822503961966,0.5544916483414981,0.030346940375245008,0.5532932582766003,0.02817075935049305,0.02544973906941877,0.028690743306386844,11.044327573253193,3.1320860015731333,11.269722013523666,91.2833773626801,26.826273163013187,83.51372549019608,0.18333333333333332,0.11969747440993464,0.16666666666666666,65.6875,9.9362551631219,64.5,65.6875,9.9362551631219,64.5,70.0,15.024424559141469,68.0,19.033333333333335,5.432628304273877,18.916666666666664,4.9,0.718184846459608,5.0,8,11.355863701907149,11.355863701907149,False,False,True
64,3,70,0.995,0.5,0.9,0.5,20,0.8361331220285262,0.04620520057779741,0.8415213946117274,0.0973851030110935,0.028542247151333213,0.08716323296354993,0.06648177496038035,0.040806236573831985,0.07686212361331221,0.8280714285714286,0.05709636266375224,0.8392857142857143,0.11314285714285714,0.037857781240184234,0.11285714285714285,0.05878571428571429,0.03804083678309265,0.054285714285714284,0.9276214833759591,0.0414647839910554,0.9207161125319694,0.04565217391304348,0.02475845437450835,0.05115089514066496,0.02672634271099744,0.024789026383810944,0.02557544757033248,0.7694565217391305,0.08287466217658146,0.7891304347826087,0.1557608695652174,0.053984022627393394,0.16086956521739132,0.07478260869565218,0.05148476982784759,0.07173913043478261,0.10517038777908343,0.03044386723199156,0.09635722679200939,0.10070652173913044,0.028764184793731846,0.09194373401534527,0.5012020460358056,0.015665594829258687,0.5008951406649617,0.07478260869565218,0.05148476982784759,0.07173913043478261,0.4282021151586369,0.040956144662833746,0.43713278495887187,0.8948296122209166,0.030443867231991543,0.9036427732079906,0.5223306911010881,0.03180087654250412,0.5137627858866797,0.36084696311520387,0.10854116590211879,0.33066666666666666,0.1065625,0.04530837221569825,0.09583333333333333,0.16285678300815948,0.06264485721081141,0.14635009645261687,0.9530471989957862,0.032624555925611025,0.9451533983368605,0.9999994899166931,1.8098005979362892e-06,0.9999999309723233,0.5176539706731447,0.36954113421018076,0.45176809837657644,0.9251324502214331,0.09241903216158881,0.9759365782052276,0.14446528543127712,0.06042335051136811,0.1429135719651521,0.0027584936445660432,0.00514453562834801,0.0005516590468878882,1.949443992379609e-06,8.451040304969932e-06,1.438857376591383e-08,2.5897441450324036e-05,0.00010366582293775369,7.879420261248165e-07,0.9251324502214331,0.09241903216158881,0.9759365782052276,2.5897441450324036e-05,0.00010366582293775369,7.879420261248165e-07,0.025132450221433077,0.09241903216158884,0.07593657820522759,-0.8999741025585497,0.00010366582293772508,-0.8999992120579738,0.375,0.05058141488890701,0.3333333333333333,0.11666666666666665,0.06282808624375433,0.08333333333333333,0.25833333333333336,0.07599245884408261,0.25,0.1875,0.07587212233336049,0.16666666666666666,0.0,0.0,0.0,0.2333333333333333,0.12565617248750865,0.16666666666666666,4.628333333333333,2.772262888051535,5.1,0.425,1.1840496966810667,0.0,3.4916666666666663,1.5935496806799976,3.0,23.65,1.5295816039168817,23.541666666666664,0.894327573253193,0.026274288712282472,0.8978211870773855,0.4780285593839073,0.018905767378073562,0.47645507122576003,0.5219714406160927,0.018905767378073562,0.52354492877424,0.4474594181571202,0.016509584485262782,0.44913176364048,0.5328853860086031,0.03833904757390953,0.5429035544487208,0.5410713344039279,0.03285841343926515,0.539016729320532,-0.0011880858012117666,0.026835471381184264,-0.003112602318846164,10.894064613072878,4.190239866653675,9.767092411720512,98.07675262850549,37.68107271866155,95.55897435897435,0.25,0.12681431837544704,0.3333333333333333,74.52777777777777,9.741470208857864,72.25,75.02777777777777,10.661188850799814,72.25,81.61111111111111,12.175862761501877,82.0,16.966666666666665,4.808496379004625,16.666666666666668,4.5,0.760885910252682,4.0,8,11.361483026305583,11.361483026305583,False,False,True
65,7,70,0.999,0.5,0.9,0.5,20,0.791283676703645,0.054635757027332026,0.7995245641838352,0.1635499207606973,0.04577174957406213,0.15451664025356576,0.045166402535657686,0.031155204364613335,0.0554675118858954,0.6762857142857144,0.07266656483928786,0.6671428571428571,0.2782857142857143,0.06911998627521047,0.2835714285714286,0.04542857142857143,0.03553065574000451,0.05,0.9342710997442456,0.03904451710466937,0.9322250639386189,0.055498721227621485,0.032041646523174795,0.058823529411764705,0.010230179028132993,0.013198412590394702,0.0025575447570332483,0.5571739130434782,0.10287166202543746,0.5423913043478261,0.3826086956521739,0.09814719736706622,0.38913043478260867,0.06021739130434782,0.049573346316427506,0.06521739130434782,0.23231492361927147,0.054326434604468954,0.23325499412455936,0.21905370843989772,0.05083712147353536,0.21978900255754474,0.4972442455242967,0.018434792963843198,0.49648337595907927,0.06021739130434782,0.049573346316427506,0.06521739130434782,0.3058754406580494,0.05453072676441799,0.3019976498237368,0.7676850763807286,0.054326434604468975,0.7667450058754407,0.6042009736434416,0.045951798789293216,0.5983723638814213,0.3359384834663333,0.05658252513664571,0.34183473389355745,0.2089583333333333,0.06083340843542589,0.20208333333333334,0.2548714317656011,0.05780784228186237,0.2622372620226697,0.9633935259790223,0.022050515632574912,0.9626549579543707,0.997639183676028,0.001502355990171935,0.9982053412696956,0.7359841652403202,0.2123936885823272,0.7909888855975473,0.9439444208055006,0.04058427128123045,0.9518087976107327,0.22177102526766101,0.06186469304473219,0.22704693239206633,0.07779072964895073,0.04512697660387787,0.06571846860657242,0.002625034992299027,0.002667543866826019,0.0015260497295476075,0.008595101163624339,0.007903006078467322,0.00478971828961438,0.9439444208055006,0.04058427128123045,0.9518087976107327,0.008595101163624339,0.007903006078467322,0.00478971828961438,0.043944420805500664,0.040584271281230454,0.05180879761073265,-0.8914048988363756,0.00790300607846733,-0.8952102817103856,0.35833333333333334,0.06677622576550268,0.3333333333333333,0.20833333333333331,0.06893084932237593,0.16666666666666666,0.15,0.06398099132915955,0.16666666666666666,0.35,0.08377078165833914,0.3333333333333333,0.0,0.0,0.0,0.41666666666666663,0.13786169864475187,0.3333333333333333,10.616666666666667,4.710840428613524,10.100000000000001,7.925,9.340453894076477,3.25,6.883333333333333,2.12500429996125,6.5,26.29583333333333,2.122607872709078,25.833333333333336,0.7761081893313297,0.04938265094594631,0.7783621337340345,0.5148080514390957,0.025285865903715073,0.5136919528223876,0.4851919485609043,0.02528586590371509,0.48630804717761245,0.4183561240661082,0.025023754085450836,0.4256995698437854,0.5787055693909894,0.04162111992701844,0.5825526375367897,0.598015508611671,0.037793077916642465,0.597270380338828,0.0534279367454936,0.028293793074853472,0.0550841219917914,14.650638617580764,3.8657088055515016,15.026296018031555,69.00362725225978,17.918377405455715,63.38095238095238,0.15,0.10678721258619792,0.16666666666666666,66.4,10.889378835754197,65.0,66.4,10.889378835754197,65.0,70.4,16.847212571478153,65.0,21.825,5.855340692042014,21.25,5.1,0.6407232755171876,5.0,8,11.36368324342912,11.36368324342912,False,False,True
66,10,70,0.9,0.5,0.9,0.5,20,0.7201267828843106,0.06075813404320763,0.7210776545166403,0.2445324881141046,0.05535682389114627,0.24722662440570525,0.03534072900158479,0.027483469609349,0.044374009508716325,0.5589999999999999,0.07800148722039159,0.5514285714285714,0.4070714285714286,0.06517838860825118,0.41928571428571426,0.03392857142857143,0.027235201048545103,0.039285714285714285,0.9021739130434783,0.05367237217494289,0.8976982097186701,0.09335038363171355,0.04948491703508496,0.0959079283887468,0.004475703324808184,0.009778527825962668,0.0,0.40108695652173915,0.10887742238482533,0.4,0.5548913043478261,0.09162761504493067,0.5793478260869566,0.044021739130434785,0.03727400978953658,0.04891304347826087,0.3428319623971798,0.05283548352750002,0.33607520564042304,0.3241208439897698,0.050313968845161816,0.3163363171355499,0.47309782608695655,0.02080507698134877,0.48110613810741687,0.044021739130434785,0.03727400978953658,0.04891304347826087,0.21886016451233842,0.0570382998491032,0.2191539365452409,0.6571680376028202,0.05283548352750004,0.663924794359577,0.6711460290101526,0.06165664687043212,0.6721638274737223,0.3360789898523466,0.04691662442141023,0.3411861934856587,0.30729166666666663,0.05593233890235343,0.30833333333333335,0.31968069397730475,0.04762228589718063,0.3296691448440965,0.9450334989257326,0.021131531748222687,0.9451167020920449,0.98007760325284,0.0045618693346938495,0.980063184036186,0.7104308430449329,0.18553743848926185,0.7318452399614523,0.8965956854083705,0.03939357590610541,0.8979091299123552,0.24179172639839597,0.05609817559765541,0.2357758932284038,0.1436827501837245,0.049444853110592865,0.1340739153738978,0.025888160546185,0.01072209893181794,0.02767695162063135,0.045129069517115934,0.015783988800936732,0.04610949346351785,0.8965956854083705,0.03939357590610541,0.8979091299123552,0.045129069517115934,0.015783988800936732,0.04610949346351785,-0.0034043145916295703,0.03939357590610543,-0.0020908700876449138,-0.854870930482884,0.01578398880093676,-0.8538905065364821,0.31666666666666665,0.06945906278887423,0.3333333333333333,0.25,0.0936585811581694,0.25,0.06666666666666667,0.06398099132915955,0.08333333333333333,0.525,0.08592462357015312,0.5,0.0,0.0,0.0,0.5,0.1873171623163388,0.5,15.502500000000001,4.737461984294077,16.0,14.775,7.990907662034263,14.5,10.2,2.0301816241165684,9.875,28.9,1.8037080066073394,29.041666666666668,0.669984973703982,0.044610424531126784,0.6735537190082644,0.537007396616607,0.032821439851614884,0.5437915742793791,0.462992603383393,0.03282143985161485,0.45620842572062087,0.37702767715644103,0.02696118863467447,0.38114104595879555,0.6156027846954947,0.04410382406829431,0.6180416572334164,0.6119602861269804,0.04144322666818532,0.617731808631381,0.0550225685588163,0.026359382154322743,0.053657083667381575,15.55221637866266,4.367976515025885,15.026296018031555,65.73031047133551,18.607305538940416,63.96109839816934,0.125,0.09168660070336346,0.16666666666666666,70.21428571428571,10.221986645902595,69.5,70.21428571428571,10.221986645902595,69.5,72.35714285714286,16.269873730573057,69.5,28.991666666666667,6.125270014337165,28.5,5.25,0.5501196042201808,5.0,7,11.383189609650806,11.383189609650806,False,False,False
67,5,70,0.98,0.5,0.9,0.5,20,0.812757527733756,0.050549393094318336,0.8137876386687797,0.13724247226624406,0.03536370597953073,0.13312202852614896,0.05,0.03356122842708644,0.061014263074484945,0.7532857142857143,0.05426810161454332,0.7621428571428572,0.19642857142857145,0.04382246185765134,0.20500000000000002,0.05028571428571429,0.03655286182833064,0.05285714285714285,0.9397698209718669,0.03720581124956197,0.9271099744245523,0.04526854219948849,0.027919255630374357,0.05370843989769821,0.0149616368286445,0.017331717578198656,0.008951406649616368,0.663804347826087,0.07777076066751887,0.6771739130434783,0.2697826086956522,0.058680394660742895,0.27391304347826084,0.06641304347826087,0.050267788514446514,0.06847826086956521,0.16662749706227967,0.03059887883255943,0.1645123384253819,0.15752557544757034,0.028632217953367706,0.15380434782608696,0.5030914322250639,0.0156728956395519,0.5,0.06641304347826087,0.050267788514446514,0.06847826086956521,0.36568742655699177,0.038005757522830565,0.3719153936545241,0.8333725029377204,0.030598878832559417,0.8354876615746181,0.5620725963169493,0.03254178783410056,0.5532934501539946,0.3616629167208172,0.06733687173979058,0.3578032544378698,0.17145833333333332,0.057334413877006565,0.16770833333333335,0.2307550840078409,0.06493867098817117,0.2226179687259992,0.9633337321739533,0.02511869552001751,0.9585951356377614,0.9998666264731065,0.0001323174135916578,0.9998840571959926,0.6749075694191953,0.29297422255643124,0.7315546980511334,0.9591852335374611,0.032691367271097935,0.9655267972894794,0.18664493877936775,0.06217232525726633,0.18026979662749015,0.028916467235936733,0.025805629606082143,0.01870950525662511,0.00036290101958714555,0.0005955213906781445,0.00015513785753631574,0.0013387878253578907,0.001916236777605815,0.0006055515456629451,0.9591852335374611,0.032691367271097935,0.9655267972894794,0.0013387878253578907,0.001916236777605815,0.0006055515456629451,0.05918523353746104,0.03269136727109797,0.06552679728947947,-0.8986612121746422,0.001916236777605812,-0.899394448454337,0.375,0.05058141488890701,0.3333333333333333,0.17083333333333334,0.08322361197787125,0.16666666666666666,0.20416666666666666,0.08322361197787125,0.25,0.25,0.08549819600709618,0.25,0.0,0.0,0.0,0.3416666666666667,0.1664472239557425,0.3333333333333333,9.130833333333333,4.374073920365168,8.475,4.775,8.004069688536411,0.0,5.633333333333334,1.8970968895096354,5.333333333333334,25.333333333333336,1.9047109955602677,24.875,0.8316303531179564,0.033279001020683735,0.8350864012021038,0.49530442407036246,0.01793227848822022,0.49292502855278186,0.5046955759296375,0.017932278488220234,0.5070749714472181,0.4315216210097351,0.01957768844328275,0.43538148064297033,0.5831561014263075,0.03371790433161465,0.5865406384423817,0.5842401108119004,0.03098170379995883,0.5894180602256205,0.03193893822489637,0.023878972811912758,0.03499044896062294,10.969196093163035,3.34580473243625,11.269722013523666,92.4508421380248,27.793153518989087,83.51372549019608,0.16666666666666666,0.10814761408717503,0.16666666666666666,67.0,10.750193796702767,65.5,67.0,10.750193796702767,65.5,70.9375,15.863874053962986,65.5,19.533333333333335,5.3205988318820445,19.083333333333332,5.0,0.6488856845230502,5.0,8,11.411954959319567,11.411954959319567,False,False,True
68,5,70,0.99,0.5,0.9,0.5,20,0.8144215530903327,0.04807691517114241,0.8114104595879557,0.1347068145800317,0.03235611952672206,0.13232963549920762,0.0508716323296355,0.0341175823891795,0.06259904912836767,0.7708571428571428,0.05200470936288718,0.7878571428571428,0.17814285714285713,0.040155711959913236,0.18714285714285714,0.051000000000000004,0.036948886225981074,0.053571428571428575,0.9395140664961638,0.037027727642480274,0.9271099744245523,0.043861892583120204,0.0272727293591818,0.05370843989769821,0.016624040920716114,0.017709472714715704,0.011508951406649617,0.6884782608695652,0.0772728762454424,0.7152173913043478,0.24391304347826087,0.05717628398212824,0.2597826086956522,0.06760869565217391,0.050967653675853763,0.07065217391304349,0.15199764982373679,0.02840310950075302,0.14218566392479437,0.14388746803069052,0.026376915718399757,0.13593350383631714,0.5035613810741688,0.015884883135271574,0.5,0.06760869565217391,0.050967653675853763,0.07065217391304349,0.3797884841363102,0.03773131918915445,0.3965922444183314,0.8480023501762632,0.028403109500753036,0.8578143360752057,0.5529551640251856,0.032459513941243634,0.5408165022297984,0.3790846394059056,0.06946619403428299,0.3680733310273262,0.16739583333333335,0.05137133956311409,0.16666666666666669,0.2307295451854759,0.0605196852286092,0.2230736807596389,0.9626971482615412,0.02516990899178948,0.9563938587237375,0.9998936008268888,0.00012162171945954974,0.9999262683930232,0.6416399321116593,0.3107927895391446,0.7186476730975104,0.9597984571054891,0.031523127028076484,0.9606440913165234,0.18063452988944823,0.06222968917569415,0.17602694328269913,0.02085507989765823,0.022953925382296063,0.0102691608785233,0.000148320658794414,0.00030445969124325337,5.701395677758244e-05,0.0006776595443870062,0.0011030236329905509,0.0002258231323212361,0.9597984571054891,0.031523127028076484,0.9606440913165234,0.0006776595443870062,0.0011030236329905509,0.0002258231323212361,0.05979845710548899,0.03152312702807648,0.060644091316523374,-0.899322340455613,0.0011030236329905572,-0.8997741768676788,0.37083333333333335,0.050400443235774965,0.3333333333333333,0.15833333333333333,0.07599245884408262,0.16666666666666666,0.2125,0.05719439509610498,0.25,0.23333333333333334,0.06398099132915955,0.25,0.0,0.0,0.0,0.31666666666666665,0.15198491768816524,0.3333333333333333,8.398333333333333,3.883620951625742,8.375,3.8,6.932759760350624,0.0,5.525,1.6068430055373937,5.375,25.191666666666666,1.6477212689399146,24.916666666666668,0.8424492862509391,0.02872538930898259,0.8489857250187829,0.49033942939887876,0.018386625162058093,0.4887347552164615,0.5096605706011212,0.018386625162058086,0.5112652447835385,0.43271077654516643,0.01773960659781522,0.4344215530903328,0.554573352954494,0.033682037563992406,0.5541442155309033,0.5694074660981598,0.03057087662915558,0.5727153605024657,0.028200765947932853,0.02548842260622336,0.03202912578661682,10.969196093163035,3.872619403827655,9.767092411720512,94.22676214176336,29.584598173947118,95.55897435897435,0.16666666666666666,0.10814761408717503,0.16666666666666666,66.09375,10.909046322509896,65.25,66.09375,10.909046322509896,65.25,70.25,16.49040124840306,66.5,19.325,5.0377159379370555,19.416666666666664,5.0,0.6488856845230502,5.0,8,11.426971825171245,11.426971825171245,False,False,True
69,7,70,0.98,0.5,0.9,0.5,20,0.7986529318541997,0.05866181992411474,0.8050713153724247,0.156973058637084,0.04803173367763702,0.1489698890649762,0.044374009508716325,0.03159128678689737,0.05546751188589541,0.697,0.06624159148552297,0.6942857142857143,0.2582857142857143,0.05915553240368546,0.25642857142857145,0.04471428571428571,0.036214838126616786,0.04642857142857143,0.9356777493606139,0.035353519357379785,0.9309462915601023,0.05421994884910486,0.02885906983007431,0.06010230179028133,0.010102301790281331,0.014383534251947461,0.0012787723785166241,0.5836956521739131,0.09560405488220368,0.5836956521739131,0.35717391304347823,0.08375722125421568,0.358695652173913,0.059130434782608696,0.050603757023103026,0.059782608695652176,0.217978848413631,0.046072005224482626,0.21974148061104581,0.20569693094629157,0.04310929020498676,0.20748081841432225,0.4974040920716113,0.01855728333146473,0.4973145780051151,0.059130434782608696,0.050603757023103026,0.059782608695652176,0.32015276145710925,0.049417678803204974,0.31551116333725027,0.782021151586369,0.04607200522448267,0.7802585193889542,0.5925231763429535,0.042240421418957085,0.5922718571988653,0.3343966739458547,0.058693857930819715,0.3359786083107942,0.1965625,0.061858088834361565,0.18125,0.24512625033591803,0.0612049923332627,0.23209250355654965,0.962030343763478,0.02322288707808191,0.962336296298232,0.997971510470094,0.0011531536003407477,0.9983315146791782,0.6854377451247313,0.25223791866913836,0.7638010762948815,0.9460569850597812,0.0354015164490713,0.9505477807981119,0.20775434159930758,0.06268852532305651,0.21031953862644243,0.06864740792827584,0.036890203661879804,0.0674073271812531,0.0027318960975383833,0.002606868540232307,0.001839499198564814,0.0078470563609578,0.006337008604994373,0.006407096121500402,0.9460569850597812,0.0354015164490713,0.9505477807981119,0.0078470563609578,0.006337008604994373,0.006407096121500402,0.046056985059781244,0.035401516449071274,0.05054778079811184,-0.8921529436390422,0.006337008604994373,-0.8935929038784995,0.3625,0.06772730840727076,0.3333333333333333,0.19166666666666665,0.07204206048921813,0.16666666666666666,0.17083333333333334,0.06879816229015805,0.16666666666666666,0.30833333333333335,0.06677622576550268,0.3333333333333333,0.0,0.0,0.0,0.3833333333333333,0.14408412097843626,0.3333333333333333,9.701666666666666,4.8982957413360255,9.175,6.925,8.187402068518374,4.75,6.375,2.150666291425991,5.875,25.8875,2.2622756423281722,25.458333333333336,0.7897445529676934,0.04474036560326637,0.7930127723516154,0.5094941934150137,0.02286924408387948,0.5175349007818063,0.49050580658498627,0.022869244083879522,0.4824650992181937,0.4216836087842427,0.026356234956512375,0.4289863029205343,0.5863444645687118,0.04187638729331526,0.5867930722209644,0.5964013167531007,0.039592587082466046,0.5995498161244157,0.04600331476856928,0.02827521610687763,0.047919178327995166,14.350112697220135,4.263339131212955,15.026296018031555,71.95786300810413,22.597457422260902,63.38095238095238,0.15,0.10678721258619792,0.16666666666666666,67.36666666666666,10.83227101018504,67.0,67.36666666666666,10.83227101018504,67.0,71.33333333333333,16.272969114747433,68.0,20.958333333333336,6.239816264726379,19.833333333333332,5.1,0.6407232755171876,5.0,8,11.434913827038635,11.434913827038635,False,False,True
70,7,70,0.99,0.5,0.9,0.5,20,0.8039619651347069,0.05642349096533448,0.8082408874801902,0.15166402535657686,0.04393422668700981,0.14421553090332806,0.044374009508716325,0.03255162655975949,0.05705229793977813,0.7239285714285714,0.061817921546061166,0.73,0.23242857142857143,0.05076239378699587,0.24071428571428571,0.04364285714285714,0.036387563532155595,0.04785714285714286,0.9351662404092072,0.03673837481114988,0.9309462915601023,0.0540920716112532,0.02917554540577431,0.06010230179028133,0.010741687979539642,0.014647387277009056,0.0025575447570332483,0.6219565217391304,0.08910922335089888,0.6369565217391304,0.32,0.07176374309082359,0.33369565217391306,0.058043478260869565,0.05041909722159188,0.06195652173913044,0.19782608695652176,0.04061737281580768,0.19800235017626322,0.1870460358056266,0.03828056458209944,0.18718030690537085,0.4966048593350384,0.017882790035188237,0.49744245524296676,0.058043478260869565,0.05041909722159188,0.06195652173913044,0.34112808460634547,0.04617851639072208,0.34430082256169214,0.8021739130434783,0.04061737281580765,0.8019976498237368,0.576218498860837,0.03875935503441618,0.5712250107240997,0.34616923725912474,0.06778631106015005,0.3470360905067631,0.18760416666666666,0.05893515910558967,0.18125,0.24119724281602078,0.06228086694009735,0.23490282508515326,0.962020256424713,0.023559682233642184,0.9616673771264963,0.9983718126206366,0.0010260410460673096,0.9987137619845228,0.6950280108489221,0.24991915693725622,0.7534043013751368,0.9465656134808726,0.03845109643199077,0.9534074537669319,0.19164496895578548,0.06424440100318851,0.19047681885250844,0.05078637739550455,0.03236406821105846,0.04492350390979647,0.00132914661052059,0.0017014389138516285,0.0007791913781363701,0.004044809844989772,0.0042914265345537364,0.002426143732066465,0.9465656134808726,0.03845109643199077,0.9534074537669319,0.004044809844989772,0.0042914265345537364,0.002426143732066465,0.04656561348087259,0.03845109643199076,0.053407453766931845,-0.8959551901550104,0.00429142653455375,-0.8975738562679336,0.36666666666666664,0.05671308728156007,0.3333333333333333,0.1875,0.07587212233336049,0.16666666666666666,0.17916666666666664,0.07292449832628504,0.16666666666666666,0.29166666666666663,0.06893084932237593,0.29166666666666663,0.0,0.0,0.0,0.375,0.15174424466672098,0.3333333333333333,9.488333333333333,4.838122551626964,9.125,5.975,7.848021876143125,2.5,6.166666666666667,2.022533874834684,5.833333333333334,25.6625,2.144705673723222,25.333333333333336,0.8058602554470322,0.038659700971172696,0.804282494365139,0.501631530665507,0.021540872646362737,0.5026052545629933,0.498368469334493,0.021540872646362723,0.49739474543700674,0.42380241113878203,0.024173896749439382,0.4282946570070183,0.550391442155309,0.04013881141789489,0.5540185646366311,0.5767679116923939,0.037349416544213636,0.5859069387014574,0.036822781579228143,0.02833331214691002,0.036436209309649706,12.17129977460556,4.945359011076469,12.021036814425244,90.7249916164105,39.50129834792502,78.29411764705883,0.14166666666666666,0.11180339887498948,0.16666666666666666,66.03571428571429,8.122770192760326,66.25,66.03571428571429,8.122770192760326,66.25,70.42857142857143,15.814862949450117,66.5,20.55,5.994905244362824,19.833333333333336,5.15,0.670820393249937,5.0,8,11.509332079673714,11.509332079673714,False,False,True
71,7,70,0.995,0.5,0.9,0.5,20,0.8024564183835181,0.054427714476002816,0.8090332805071315,0.1523771790808241,0.04345069393838235,0.14263074484944532,0.04516640253565769,0.03126955131567668,0.0554675118858954,0.719,0.0622183881143579,0.7178571428571429,0.238,0.052348497578355226,0.24785714285714286,0.043,0.03486016257103594,0.047142857142857146,0.9323529411764706,0.038246108468035986,0.9296675191815857,0.05703324808184144,0.03205238902071843,0.058823529411764705,0.01061381074168798,0.013514799328674165,0.0,0.6154347826086957,0.09067259920583291,0.6141304347826086,0.3279347826086957,0.07425977027466249,0.34130434782608693,0.05663043478260869,0.04881174356463738,0.06086956521739131,0.2034665099882491,0.04157060293353075,0.20211515863689777,0.19248401534526854,0.03917639034797861,0.19124040920716112,0.4944916879795397,0.01837587775952214,0.49715473145780054,0.05663043478260869,0.04881174356463738,0.06086956521739131,0.3375440658049354,0.04700178579253979,0.33313748531139836,0.7965334900117509,0.04157060293353075,0.7978848413631022,0.5777768615690245,0.039285857554893666,0.5769815323657157,0.33935466770489475,0.06741133895388257,0.3310147299509002,0.18666666666666668,0.05762968467340036,0.17604166666666665,0.2387752023948484,0.06096600581980587,0.2264634111331209,0.9621142737500167,0.022996323123530383,0.9620463552057288,0.9984562362419318,0.0010006413402401041,0.9988289877136958,0.7111843469149972,0.2387656788466047,0.7474939121383359,0.9399817546610387,0.044172237429390686,0.9502545466471959,0.19260692371057525,0.06317998898951073,0.19582890432779243,0.05152961798986185,0.03855855455197606,0.047552405598824295,0.0007195031732315987,0.0008583903819705997,0.00037376502069137296,0.0028286186132798095,0.003473514675322012,0.0017221424441005023,0.9399817546610387,0.044172237429390686,0.9502545466471959,0.0028286186132798095,0.003473514675322012,0.0017221424441005023,0.0399817546610388,0.044172237429390686,0.05025454664719592,-0.8971713813867203,0.0034735146753220314,-0.8982778575558996,0.3625,0.05590169943749476,0.3333333333333333,0.17916666666666664,0.08666582320777148,0.16666666666666666,0.18333333333333332,0.0792877651822924,0.16666666666666666,0.2875,0.07392010069358476,0.29166666666666663,0.0,0.0,0.0,0.3583333333333333,0.17333164641554297,0.3333333333333333,9.245833333333334,4.728372972271993,8.325,5.95,8.181976340842429,2.25,6.158333333333333,1.9617877334490377,5.916666666666666,25.695833333333333,2.0568092233570296,25.458333333333336,0.8025920360631105,0.03826846770520936,0.7986476333583772,0.5024343354212467,0.022022373391455047,0.5054971915762185,0.4975656645787533,0.022022373391455057,0.49450280842378147,0.42272820919175913,0.023187185387903507,0.426508942721304,0.5320103011093502,0.03900733829460829,0.5366957210776545,0.5706688494650847,0.04002168538206483,0.5790295900516329,0.03734902287535235,0.02786094086359562,0.04005237363022243,13.298271975957926,4.63205690518653,12.772351615326823,79.73582951990514,28.93045647510687,74.17337461300309,0.14166666666666666,0.09785715810206663,0.16666666666666666,67.4,10.953146971141608,67.0,67.4,10.953146971141608,67.0,70.8,16.6870351727664,67.0,20.808333333333334,5.876973352795949,20.0,5.15,0.5871429486123999,5.0,8,11.541284177952901,11.541284177952901,False,False,True
72,10,70,0.95,0.5,0.9,0.5,20,0.7279714738510301,0.06554494381705965,0.7250396196513471,0.23668779714738514,0.05891993870948284,0.22424722662440572,0.03534072900158479,0.028284628300970005,0.044374009508716325,0.6075714285714285,0.08080701972038212,0.6121428571428571,0.36257142857142854,0.06879912071978284,0.35642857142857143,0.029857142857142853,0.02443738573778095,0.03571428571428571,0.9014066496163682,0.05554844794102504,0.8976982097186701,0.09386189258312021,0.050691842394753765,0.09207161125319693,0.004731457800511509,0.010472135352387885,0.0,0.46445652173913043,0.11632124174229573,0.47934782608695653,0.49760869565217386,0.09988277877378356,0.48043478260869565,0.03793478260869565,0.033032900571207016,0.043478260869565216,0.31210340775558165,0.06034870761940759,0.3031727379553466,0.2957352941176471,0.05763928648624,0.2841751918158568,0.4696707161125319,0.021223964818029576,0.47285805626598465,0.03793478260869565,0.033032900571207016,0.043478260869565216,0.2532314923619271,0.0608047229340754,0.2591069330199765,0.6878965922444183,0.060348707619407596,0.6968272620446534,0.63626674654772,0.059448835700493946,0.6262324695546531,0.3421485644079004,0.056058988105353515,0.35558206999812836,0.2865625,0.06132475075224163,0.28020833333333334,0.3099234093746075,0.05416435893176806,0.3153155127081507,0.9465624603285032,0.02263619025017985,0.9456763204680856,0.9833983776419599,0.004059247869179519,0.9839471305009686,0.6923364249724904,0.205429489602818,0.7103912433965771,0.8968146312719613,0.042240254460521716,0.899020603640287,0.21573489365010629,0.05497553395426144,0.20943752338163973,0.11869027139929629,0.04624792730896587,0.10900472550648109,0.019653777603149403,0.008833630177067673,0.019701375627756673,0.03481430296496367,0.013350882587627911,0.036022714029245964,0.8968146312719613,0.042240254460521716,0.899020603640287,0.03481430296496367,0.013350882587627911,0.036022714029245964,-0.0031853687280387734,0.04224025446052171,-0.0009793963597130584,-0.8651856970350364,0.013350882587627916,-0.8639772859707541,0.3125,0.07089135910195007,0.3333333333333333,0.2375,0.09078523593805045,0.25,0.075,0.05984873720496731,0.08333333333333333,0.4625,0.06326288787635402,0.45833333333333337,0.0,0.0,0.0,0.475,0.1815704718761009,0.5,13.982499999999998,5.0698122593474055,12.75,12.9,8.572600170555637,11.5,9.483333333333333,2.17820812671215,9.333333333333332,28.5,2.0021917814796275,28.583333333333336,0.697107438016529,0.05015762672636999,0.6998497370398198,0.5183645879286358,0.030792575061933794,0.524643237486688,0.4816354120713641,0.03079257506193379,0.47535676251331205,0.37891430835408646,0.02879587172199836,0.38075107539053654,0.595008942721304,0.04490392297366453,0.603901969662667,0.592224555269989,0.039851459264706,0.5940590138210238,0.03908611116463655,0.024807482947504778,0.036422121288251064,16.22839969947408,4.322165680461438,16.52892561983471,62.981026206249375,17.882060215439367,57.869565217391305,0.125,0.09168660070336346,0.16666666666666666,73.42857142857143,11.195564270757385,72.0,73.42857142857143,11.195564270757385,72.0,75.64285714285714,17.50431657909268,72.0,28.39166666666667,6.735668129161268,28.75,5.25,0.5501196042201808,5.0,7,11.543322702283499,11.543322702283499,False,False,False
73,10,50,0.99,0.5,0.9,0.5,20,0.7637480798771121,0.059800148245414096,0.7572964669738863,0.2074500768049155,0.051015981862136364,0.20276497695852536,0.028801843317972347,0.023936973558443164,0.03533026113671275,0.6218571428571429,0.08486939482700993,0.635,0.349,0.07583420776713615,0.3464285714285714,0.029142857142857144,0.02553151419267958,0.035,0.9240875912408759,0.04508288754597836,0.9184914841849148,0.07372262773722628,0.04191327687294331,0.08150851581508516,0.0021897810218978104,0.005631904302461259,0.0,0.4816304347826087,0.12125491106494378,0.5010869565217391,0.48108695652173916,0.10845992746211873,0.47282608695652173,0.03728260869565218,0.03438904198051291,0.042391304347826085,0.28886337543053964,0.0647523858823199,0.28071182548794493,0.2774047921294827,0.06246878307844031,0.2688061990902359,0.48068509996826403,0.014956476632732241,0.4857360097323601,0.03728260869565218,0.03438904198051291,0.042391304347826085,0.2553960964408726,0.06304462363533973,0.264638346727899,0.7111366245694604,0.06475238588231988,0.7192881745120552,0.6457043882139265,0.05936396368375165,0.6308252272871766,0.3384804063774576,0.057777765237175364,0.33999619790516844,0.26614583333333336,0.06111728894544436,0.2677083333333333,0.29549833518034324,0.054780723186199476,0.3061088235676153,0.9549052252003907,0.01889611441597579,0.9557206039404886,0.982516687410451,0.0038322626135358293,0.9834987006776466,0.7910089371182363,0.1457678542355092,0.8343463628410526,0.9170159500137585,0.03378745135741436,0.9198488112134138,0.2010236675661389,0.05462029998347119,0.19585060843523877,0.11157683983728342,0.04483015835961014,0.09920019484761204,0.020066781860395837,0.009185756603025196,0.020315079079053867,0.03649817204391364,0.01497261699993441,0.03770169348650265,0.9170159500137585,0.03378745135741436,0.9198488112134138,0.03649817204391364,0.01497261699993441,0.03770169348650265,0.017015950013758406,0.03378745135741436,0.019848811213413753,-0.8635018279560864,0.014972616999934404,-0.8622983065134974,0.3458333333333333,0.07777516704056082,0.3333333333333333,0.22916666666666666,0.08496215187636193,0.25,0.11666666666666665,0.08289357652580667,0.08333333333333333,0.4291666666666667,0.11237403604306555,0.45833333333333337,0.0,0.0,0.0,0.4583333333333333,0.16992430375272385,0.5,13.044999999999998,4.2109752867354935,12.816666666666666,11.6,7.856609687993523,10.5,8.65,2.013042270119172,8.791666666666668,27.5,1.9921263141332142,27.875,0.7192079940784604,0.05374175748513111,0.7194670614359733,0.5338296003810142,0.02910228460832335,0.5362410785091197,0.46617039961898576,0.02910228460832337,0.46375892149088027,0.39644546850998463,0.02583026718325004,0.39843317972350234,0.603770682466535,0.04512072770145129,0.6086800526662278,0.5963147815136424,0.03949687150354901,0.5947636959716924,0.04444389582547882,0.022380718249831108,0.04140114362863884,15.803108808290157,4.455901601022205,17.39452257586973,65.63995196698303,21.350497758770725,55.16583333333333,0.11666666666666665,0.09520676176291322,0.16666666666666666,71.92307692307692,11.877580691240242,72.0,71.92307692307692,11.877580691240242,72.0,74.07692307692308,17.313104566876202,72.0,25.116666666666667,6.430714856627643,26.333333333333332,5.3,0.5712405705774795,5.0,7,11.563774180212677,11.563774180212677,False,False,False
74,3,100,0.9,0.5,0.9,0.5,20,0.8101497504159733,0.049872707263179016,0.802828618968386,0.10133111480865224,0.030191879909742547,0.09484193011647254,0.08851913477537438,0.050978578275994516,0.10232945091514142,0.8585714285714285,0.05721799571199194,0.8692857142857142,0.09428571428571428,0.03344842286986343,0.08357142857142857,0.04714285714285714,0.031105654816234358,0.04785714285714286,0.8986338797814207,0.05320138488999807,0.8920765027322404,0.056557377049180325,0.030205910030048265,0.056010928961748634,0.04480874316939891,0.03837852237137803,0.050546448087431695,0.8146739130434784,0.0841121616399655,0.8315217391304348,0.13,0.0508538182906929,0.1141304347826087,0.05532608695652173,0.04222728345882092,0.05434782608695653,0.09745762711864406,0.03368027792843468,0.08958837772397094,0.09327868852459018,0.03209062498730481,0.08679021145165122,0.4769799833689713,0.017560559920144856,0.4757305773342837,0.05532608695652173,0.04222728345882092,0.05434782608695653,0.4735472154963681,0.03872354292000277,0.4854721549636804,0.9025423728813559,0.03368027792843468,0.910411622276029,0.47602443702664743,0.027244942717061987,0.4727899660220647,0.3683280065740974,0.13871016225659605,0.3461726583516752,0.09768421052631579,0.04399843600183944,0.09894736842105263,0.15303336266384665,0.06485424890866962,0.1552938808373591,0.9287120154471997,0.045693671101715565,0.9162976116607928,0.9999944459234842,1.9299391246218724e-05,0.9999998251209054,0.34580509082993055,0.4152977865148453,0.09517426251207121,0.6951523861905847,0.3264567431640532,0.814470180173462,0.11358676590942621,0.0599663297701691,0.10526705722761995,0.0010473463994581436,0.0026243830890214704,0.00011746926239434053,3.394635329193938e-07,1.501423016371835e-06,8.040170438726262e-10,4.4988360255354635e-06,1.91045988821362e-05,3.527313121839798e-08,0.6951523861905847,0.3264567431640532,0.814470180173462,4.4988360255354635e-06,1.91045988821362e-05,3.527313121839798e-08,-0.20484761380941535,0.32645674316405315,-0.08552981982653807,-0.8999955011639745,1.910459888215559e-05,-0.8999999647268688,0.37083333333333335,0.05040044323577498,0.3333333333333333,0.1125,0.05590169943749474,0.08333333333333333,0.25833333333333336,0.05339360629309896,0.25,0.18333333333333332,0.051298917604257706,0.16666666666666666,0.0,0.0,0.0,0.225,0.11180339887498948,0.16666666666666666,4.944166666666667,2.7735871752503924,4.85,0.075,0.24468024246479644,0.0,3.325,1.4867593000799653,3.25,23.925,1.2669609538101523,24.041666666666668,0.9024596464258263,0.02327381003472604,0.9023827824750192,0.4429311702069799,0.01601216734344134,0.44175949043789187,0.5570688297930201,0.01601216734344136,0.5582405095621081,0.4286463037794152,0.016517939318330826,0.4234769431899216,0.4509876990729736,0.04014078510991614,0.4554017114333254,0.49395142810627746,0.025227300813675708,0.4948736232557855,-0.047833051278762265,0.029138976181563553,-0.053508278427426184,9.915449654112221,3.3262039490278945,9.223674096848578,101.15164780317721,26.889465856045152,100.07692307692308,0.26666666666666666,0.11342617456312008,0.3333333333333333,81.12280701754385,8.812841728820054,80.0,81.15789473684211,8.856969370656568,80.0,87.89473684210526,10.487530886417797,89.0,18.841666666666665,5.135439019025409,19.75,4.4,0.6805570473787205,4.0,8,11.65196707294896,11.65196707294896,False,False,True
75,3,15,0.999,0.5,0.9,0.5,20,0.8956997084548105,0.03909909104499303,0.8986880466472303,0.0717930029154519,0.027467188301913963,0.06997084548104957,0.032507288629737605,0.024236489288691185,0.039358600583090375,0.8098571428571428,0.06004813679495519,0.8128571428571428,0.14357142857142857,0.045133767049010794,0.13714285714285712,0.046571428571428576,0.03355870819639749,0.04785714285714286,0.9649103139013453,0.030224444608544166,0.9630044843049328,0.034192825112107625,0.029332353837547287,0.03699551569506726,0.0008968609865470852,0.0031204142329078893,0.0,0.7415217391304347,0.08642831564884239,0.7456521739130435,0.19706521739130434,0.06506953108968298,0.19130434782608696,0.06141304347826086,0.04701239895132656,0.06195652173913044,0.11688741721854305,0.036631676058037375,0.11313465783664459,0.11562902125170597,0.03627009516975481,0.11180542015987521,0.513161678689803,0.013464486698004126,0.5133286215636577,0.06141304347826086,0.04701239895132656,0.06195652173913044,0.3769315673289183,0.043799438071878055,0.37969094922737306,0.8831125827814569,0.03663167605803739,0.8868653421633554,0.5743817933144573,0.03376424944263194,0.5672817533162003,0.29175610040709915,0.10487215885079403,0.2773822904958162,0.09135416666666667,0.042846641688087626,0.08020833333333333,0.13719998453949914,0.05811635376004939,0.1214100796012678,0.9848590086922945,0.012984109214622317,0.9847803843758135,0.9999933935075722,9.502468548850895e-06,0.9999966742519507,0.9287516534925875,0.07063958132004645,0.9595223610380013,0.9830639020954812,0.023880448046507782,0.9933789740947306,0.14567090836068394,0.060617261840243575,0.1478290650875111,0.00979505403830912,0.016140374445652708,0.005620407469599466,3.096498068728279e-05,0.00011199042648047756,1.8282534488901135e-06,0.0003218793694700015,0.0011181963165955932,5.1257512033902935e-05,0.9830639020954812,0.023880448046507782,0.9933789740947306,0.0003218793694700015,0.0011181963165955932,5.1257512033902935e-05,0.08306390209548124,0.02388044804650778,0.09337897409473062,-0.89967812063053,0.0011181963165956144,-0.8999487424879662,0.4375,0.05322219780487542,0.4166666666666667,0.1625,0.06879816229015805,0.16666666666666666,0.275,0.06105792475542055,0.25,0.2208333333333333,0.07777516704056082,0.25,0.0,0.0,0.0,0.325,0.1375963245803161,0.3333333333333333,5.503333333333333,3.767169660562421,4.35,1.6,4.15679532433593,0.0,2.8875,1.4824201308820804,2.5,22.2125,1.5206846238277676,22.125,0.8919552669552668,0.03081485663820062,0.9018759018759018,0.5237767787382375,0.015680715174062262,0.5198362467349809,0.4762232212617625,0.015680715174062266,0.4801637532650191,0.47113556851311955,0.011232069703195235,0.47288629737609333,0.617375260308205,0.045321710553481706,0.6251416076634735,0.6022150058678436,0.04464774092556824,0.5935954772893458,0.046232058254486216,0.024318591274985982,0.043610436279321665,10.822510822510823,4.502729204156342,9.74025974025974,104.11029247187687,56.42300049903866,95.7,0.15,0.09208437524218041,0.16666666666666666,65.46875,12.112622548399665,66.5,65.46875,12.112622548399665,66.5,68.6875,16.426477609842795,66.5,11.45,4.1018110391837395,10.916666666666666,5.1,0.5525062514530825,5.0,7,11.678742834409737,11.678742834409737,False,False,True
76,3,25,0.999,0.5,0.9,0.5,20,0.8948224852071005,0.03841929261217654,0.8971893491124261,0.06960059171597634,0.025579201733066794,0.06730769230769232,0.035576923076923075,0.02645135093949073,0.04215976331360947,0.831857142857143,0.055382858446156646,0.8400000000000001,0.12407142857142857,0.041251306004127755,0.11428571428571428,0.044071428571428574,0.032189273086324785,0.045714285714285714,0.967545871559633,0.02940298422340172,0.9655963302752293,0.029816513761467888,0.026298618029404804,0.034403669724770644,0.0026376146788990827,0.005532431988059681,0.0,0.7725,0.0804619132919293,0.7880434782608696,0.16967391304347826,0.05992846778966366,0.15543478260869564,0.057826086956521736,0.0448934444112873,0.058695652173913045,0.10161830357142858,0.0338394837113804,0.09654017857142858,0.09974521340247308,0.03324952183937588,0.09515855604307938,0.5126859792580774,0.011017070926572559,0.5135670123653769,0.057826086956521736,0.0448934444112873,0.058695652173913045,0.3978794642857143,0.04063852099830793,0.4051339285714286,0.8983816964285714,0.033839483711380416,0.9034598214285714,0.5581081465791041,0.030037087370461183,0.5497693516182942,0.319025587741787,0.12370731211993143,0.30451766304347827,0.08927083333333333,0.04341336128273756,0.07604166666666667,0.13778118906754988,0.061994614957596526,0.11981853762675682,0.9837218423417247,0.015176076345422937,0.9863351141171737,0.9999979079966643,4.2686999938483016e-06,0.9999992574668763,0.9203625623538324,0.096155930038935,0.953764506475137,0.988520584154316,0.022013690595950618,0.9970955709152521,0.13007296891375084,0.058512760205930416,0.13155675077154266,0.005660088160056349,0.01108231693756081,0.001946311795842234,1.0780518584187953e-05,4.371434496194374e-05,2.2688158942774129e-07,0.00012138666109678046,0.000463479560127688,9.200126899774045e-06,0.988520584154316,0.022013690595950618,0.9970955709152521,0.00012138666109678046,0.000463479560127688,9.200126899774045e-06,0.08852058415431596,0.022013690595950614,0.09709557091525212,-0.8998786133389032,0.0004634795601276942,-0.8999907998731003,0.4333333333333334,0.051298917604257706,0.4166666666666667,0.15,0.057987697828204954,0.16666666666666666,0.2833333333333333,0.056713087281560035,0.25,0.19583333333333333,0.06772730840727076,0.16666666666666666,0.0,0.0,0.0,0.3,0.11597539565640991,0.3333333333333333,5.399166666666667,3.402701347751269,4.55,0.775,2.2388613177238113,0.0,2.841666666666667,1.5303699434263243,2.4166666666666665,22.258333333333333,1.503139988344866,22.25,0.902688953488372,0.027507253546657683,0.9109738372093024,0.5121389050713807,0.01419207033216664,0.5093149299031652,0.4878610949286193,0.014192070332166639,0.4906850700968348,0.4694469568892646,0.01001068571898763,0.470676246830093,0.59689539306847,0.04415749279659232,0.6065701606086222,0.5853786499827803,0.04194862414915197,0.578002295989956,0.03251159589246637,0.021978144385486127,0.031280999297935125,9.375,4.27613788021937,9.084302325581396,119.17154613807244,56.261420850661736,103.2,0.15,0.09208437524218041,0.16666666666666666,67.375,11.763644559970915,67.5,67.375,11.763644559970915,67.5,70.4375,15.840743879839312,68.0,11.733333333333333,4.11792544147177,11.583333333333334,5.1,0.5525062514530825,5.0,7,11.735958477820112,11.735958477820112,False,False,True
77,3,100,0.95,0.5,0.9,0.5,20,0.8093178036605657,0.050995153794789354,0.8044925124792013,0.10224625623960067,0.02907857645713758,0.0956738768718802,0.0884359400998336,0.05224529403955498,0.10066555740432612,0.867,0.056131845712705096,0.875,0.09085714285714286,0.032213039503761386,0.08714285714285713,0.04214285714285714,0.02962530053507931,0.04071428571428572,0.8956284153005465,0.05515721790952438,0.8907103825136612,0.057650273224043716,0.030384882683041656,0.056010928961748634,0.04672131147540984,0.03968214453342824,0.054644808743169404,0.8264130434782608,0.08280800657929435,0.8391304347826087,0.12456521739130436,0.05034010287649557,0.11304347826086956,0.04902173913043478,0.03928570136459686,0.04782608695652174,0.09491525423728814,0.03296003452975425,0.08958837772397094,0.09110774530767403,0.03138587307058995,0.08490140175813732,0.47232507721549066,0.0171997577332022,0.4692533856022808,0.04902173913043478,0.03928570136459686,0.04782608695652174,0.48093220338983056,0.03781157801971316,0.4963680387409201,0.9050847457627119,0.03296003452975426,0.910411622276029,0.46931108083434153,0.026020980146066186,0.46678336836118217,0.3756783889105281,0.1484967030017467,0.36043513295729246,0.09821052631578948,0.04425680205750189,0.0968421052631579,0.1544742851080656,0.0662016485455229,0.15644998900602933,0.9270844148949449,0.04725118841361392,0.9140605024744313,0.9999933416196368,2.3004069709657848e-05,0.9999998016176546,0.3464907844142408,0.41908873777810496,0.08848341299751426,0.6772013077058483,0.3347642013868367,0.8125039760043511,0.10586297049807517,0.05873185001301209,0.09725923811565967,0.000752427814592567,0.0019634300628151606,6.8187600743871e-05,2.4694667654223014e-07,1.0952092871730736e-06,3.516274478048141e-10,3.6865219232933895e-06,1.58886837140897e-05,1.709378261136846e-08,0.6772013077058483,0.3347642013868367,0.8125039760043511,3.6865219232933895e-06,1.58886837140897e-05,1.709378261136846e-08,-0.22279869229415175,0.3347642013868367,-0.08749602399564893,-0.8999963134780767,1.5888683714122557e-05,-0.8999999829062174,0.37083333333333335,0.05040044323577498,0.3333333333333333,0.10416666666666666,0.05322219780487542,0.08333333333333333,0.26666666666666666,0.051298917604257706,0.25,0.175,0.05339360629309895,0.16666666666666666,0.0,0.0,0.0,0.20833333333333331,0.10644439560975084,0.16666666666666666,4.839166666666666,2.922804444144947,4.95,0.025,0.11180339887498947,0.0,3.3541666666666665,1.5217417978800494,3.208333333333333,23.8875,1.2910723024131834,23.916666666666668,0.9038816295157572,0.021890748359628686,0.9062259800153728,0.4388239920935934,0.01584940258925981,0.4391229392187981,0.5611760079064065,0.015849402589259785,0.5608770607812019,0.4257303304017114,0.016449982494857292,0.4207838126931305,0.4398102567149988,0.04080328345044659,0.4429248870929403,0.48713457234746116,0.02456232284828363,0.4881706718443781,-0.05337291666052374,0.029290234244322134,-0.05924508163242919,9.76172175249808,4.090889508023137,9.223674096848578,109.79381277041958,47.6538775832034,100.07692307692308,0.24166666666666664,0.12652577575270804,0.25,81.44444444444444,8.791521465207408,80.0,81.44444444444444,8.791521465207408,80.0,87.77777777777777,11.164837426995605,88.0,18.983333333333334,5.22698240184906,19.583333333333332,4.55,0.7591546545162481,4.5,8,11.82198725964401,11.82198725964401,False,False,True
78,10,70,0.98,0.5,0.9,0.5,20,0.751188589540412,0.06564112185336594,0.7448494453248811,0.21331220285261487,0.05632336629337889,0.19175911251980982,0.03549920760697306,0.028914603332834993,0.044374009508716325,0.6886428571428571,0.07565180426613635,0.7071428571428571,0.28885714285714287,0.06837157593089324,0.27714285714285714,0.0225,0.01948242756661223,0.027142857142857142,0.9035805626598465,0.054658948097688176,0.8951406649616368,0.0907928388746803,0.048287751145321786,0.09846547314578005,0.005626598465473146,0.012127242561366821,0.0,0.5765217391304348,0.10858254985183,0.5989130434782609,0.3963043478260869,0.0983348074426882,0.3760869565217392,0.02717391304347826,0.02515992030773454,0.03043478260869565,0.25593419506462983,0.06107317565614474,0.23971797884841362,0.24354859335038365,0.05844184498440952,0.2284526854219949,0.4653772378516624,0.020836871073152272,0.46592071611253194,0.02717391304347826,0.02515992030773454,0.03043478260869565,0.3142185663924794,0.055773735065362595,0.3237367802585194,0.7440658049353701,0.06107317565614478,0.7602820211515864,0.5806708528000739,0.04448328668029063,0.5745903663494474,0.3548673613642752,0.06545012095110736,0.350383631713555,0.24791666666666665,0.0631472335056351,0.24479166666666669,0.28920759439993016,0.06002468145114257,0.283580763862454,0.9477859645545257,0.025453669498425584,0.9466141837935746,0.9876431577649658,0.003128744915867057,0.9879091118391948,0.6645439001295192,0.230001059882512,0.6904266173010174,0.891987486113767,0.05540549972039961,0.8930287465867353,0.1678176241972745,0.051550826591667084,0.16587899595103586,0.07819510550051109,0.037177450929848116,0.06759149672389528,0.011460052622493656,0.006092909889891035,0.010385683738014566,0.02032701130921464,0.00922764542903284,0.020170400106579642,0.891987486113767,0.05540549972039961,0.8930287465867353,0.02032701130921464,0.00922764542903284,0.020170400106579642,-0.008012513886233119,0.05540549972039962,-0.006971253413264766,-0.8796729886907855,0.009227645429032844,-0.8798295998934205,0.3208333333333333,0.06209665169754956,0.3333333333333333,0.19166666666666665,0.08156008082159881,0.16666666666666666,0.12916666666666665,0.07392010069358475,0.125,0.3625,0.06772730840727076,0.3333333333333333,0.0,0.0,0.0,0.3833333333333333,0.16312016164319762,0.3333333333333333,10.529166666666667,5.08988181884654,9.125,8.275,9.082190496269407,6.25,8.033333333333333,2.0810338186550377,7.625,27.2125,2.045440479306588,26.5,0.7469571750563486,0.05124130445307862,0.7531930879038318,0.4930216662493204,0.025452539414245683,0.4925738651256637,0.5069783337506796,0.025452539414245693,0.5074261348743363,0.38684429477020604,0.029214972827550638,0.39416006339144216,0.5499529092143989,0.046395979559960956,0.5643411817976002,0.55538557298255,0.03648441617051051,0.5547160265487716,0.011004098962351817,0.022088183067100847,0.008916637585625782,13.673929376408713,5.1570955829611025,13.5236664162284,77.56659332857906,25.9224360165064,70.05263157894737,0.10833333333333332,0.08156008082159882,0.16666666666666666,75.76923076923077,8.4769672854727,77.0,75.76923076923077,8.4769672854727,77.0,75.76923076923077,8.4769672854727,77.0,25.616666666666667,6.692515676624997,24.5,5.35,0.4893604849295928,5.0,7,11.893112909397557,11.893112909397557,False,False,True
79,3,35,0.999,0.5,0.9,0.5,20,0.8888138138138139,0.040169984009047956,0.8896396396396397,0.07274774774774775,0.026077279393287137,0.07132132132132132,0.03843843843843844,0.029210404781694337,0.046546546546546545,0.8533571428571429,0.05021388196502887,0.8607142857142858,0.10714285714285714,0.03476482289396208,0.09857142857142857,0.0395,0.030291370588271575,0.04214285714285714,0.962206572769953,0.03308285949761361,0.9553990610328639,0.0323943661971831,0.027455758717771728,0.04225352112676056,0.00539906103286385,0.00872027024460409,0.0,0.8033695652173913,0.07262121529795616,0.8097826086956521,0.14532608695652174,0.05051360427148186,0.13695652173913042,0.05130434782608696,0.041501996096957046,0.05326086956521739,0.09102708803611738,0.031053276041074405,0.09142212189616253,0.08886022657685241,0.03047531248374872,0.0887808736476832,0.50675546029802,0.008879950232793574,0.504373341498265,0.05130434782608696,0.041501996096957046,0.05326086956521739,0.4196952595936795,0.03620318273148928,0.4232505643340858,0.9089729119638827,0.031053276041074416,0.9085778781038375,0.5390323158810357,0.025253277974208902,0.5306661111041492,0.34407659618319625,0.1417616329820317,0.30635788012837195,0.08916666666666666,0.04484887717240792,0.07395833333333333,0.1400455793624606,0.06598241480148193,0.12045924330797975,0.9799175735769422,0.018409322159038944,0.9827867753195039,0.9999992277958276,1.9851584955749634e-06,0.9999998334333915,0.877987814974772,0.1495764383567003,0.9287753078522731,0.9880147539098724,0.02472825031289559,0.9977207079341437,0.11188139913257955,0.05529105638888082,0.1124317797873929,0.00264201797186564,0.006047577977146063,0.0005166867011420488,2.8747475344287033e-06,1.2117251654749564e-05,3.100770433850066e-08,4.40386949882379e-05,0.00017958446203038335,1.5015947902536388e-06,0.9880147539098724,0.02472825031289559,0.9977207079341437,4.40386949882379e-05,0.00017958446203038335,1.5015947902536388e-06,0.08801475390987237,0.02472825031289559,0.09772070793414367,-0.8999559613050117,0.00017958446203037427,-0.8999984984052097,0.4291666666666667,0.05590169943749475,0.4166666666666667,0.13333333333333333,0.06282808624375433,0.16666666666666666,0.2958333333333333,0.057194395096104966,0.3333333333333333,0.17083333333333334,0.07392010069358475,0.16666666666666666,0.0,0.0,0.0,0.26666666666666666,0.12565617248750865,0.3333333333333333,5.331666666666666,3.50427433236772,4.633333333333333,0.75,2.2448772091610105,0.0,2.879166666666667,1.593910882259355,2.416666666666667,22.375,1.4996344583837526,22.333333333333332,0.9096266471449488,0.025123083738596046,0.9198389458272328,0.49885769461173224,0.01291050792982828,0.49920503720779746,0.5011423053882678,0.012910507929828303,0.5007949627922026,0.4641569069069069,0.011207087838007673,0.4640143715143715,0.5695984555984557,0.04289352198515364,0.5791302016302016,0.5635453612660286,0.03898146918183658,0.5574476682392142,0.01623952016077832,0.019612412133346673,0.014829471982248547,8.857979502196192,3.3748591907927667,8.784773060029282,120.46879885852022,52.9832487035306,105.07692307692308,0.14166666666666666,0.09785715810206663,0.16666666666666666,69.26666666666667,9.207657268868797,70.0,69.26666666666667,9.207657268868797,70.0,72.46666666666667,14.579176278253207,70.0,12.35,4.332287323146099,12.25,5.15,0.5871429486123999,5.0,6,11.893967889728485,11.893967889728485,False,False,True
80,10,50,0.995,0.5,0.9,0.5,20,0.8069124423963133,0.0583421552121205,0.8072196620583717,0.16797235023041474,0.04426936359966081,0.16973886328725038,0.025115207373271893,0.024073551915799823,0.02457757296466974,0.745642857142857,0.07012107834564871,0.7628571428571429,0.23864285714285716,0.06091757210167378,0.2292857142857143,0.015714285714285715,0.01689037122658523,0.010714285714285714,0.9278588807785889,0.04302240709633201,0.927007299270073,0.0694647201946472,0.03967837504011991,0.072992700729927,0.0026763990267639906,0.006740003772822182,0.0,0.6544565217391305,0.10134523241730731,0.6815217391304348,0.3279347826086957,0.08965014247044255,0.3054347826086956,0.017608695652173913,0.02150792381859229,0.005434782608695652,0.20597014925373136,0.05771792318970921,0.19460390355912743,0.19869975140167143,0.05607416218145581,0.18883952184491692,0.47273378821538137,0.015538197464618481,0.4677615571776156,0.017608695652173913,0.02150792381859229,0.005434782608695652,0.34690011481056254,0.05205241259258248,0.35993111366245695,0.7940298507462686,0.05771792318970923,0.8053960964408726,0.5654158453014884,0.037218158185467164,0.5576575637551247,0.35608225109631153,0.07265793598588555,0.3640044166359956,0.20208333333333334,0.05159198054097508,0.18958333333333333,0.2550679031800093,0.05530182449105204,0.23823784055260505,0.9597797111514405,0.02127791408705086,0.9600456346302468,0.9890591062746937,0.002956339754347302,0.9897073610922462,0.7712914283682368,0.17717765122672785,0.8100178765802424,0.9212920384490078,0.04036507473003313,0.9298384713634775,0.13178340382065984,0.04716213248570994,0.12965736018999674,0.05642114450129878,0.029085793300006185,0.04904561310636814,0.008921368484003381,0.004980560502267444,0.008538769585295126,0.015676220056335097,0.007785363490042388,0.016155165981629766,0.9212920384490078,0.04036507473003313,0.9298384713634775,0.015676220056335097,0.007785363490042388,0.016155165981629766,0.021292038449007754,0.040365074730033146,0.029838471363477448,-0.8843237799436648,0.00778536349004238,-0.8838448340183702,0.375,0.07404360971988655,0.375,0.19583333333333333,0.0777751670405608,0.16666666666666666,0.17916666666666667,0.07777516704056078,0.16666666666666666,0.3125,0.07587212233336052,0.29166666666666663,0.0,0.0,0.0,0.39166666666666666,0.1555503340811216,0.3333333333333333,9.054166666666667,3.9876999299087372,8.375,5.75,6.528278567327805,2.75,6.6125,1.6726373316636376,6.333333333333334,25.383333333333333,1.9960487284422157,25.25,0.7954108068097705,0.04475202895685087,0.8023686158401184,0.4993589045430757,0.019400053066015843,0.49773797669348985,0.5006410954569243,0.01940005306601583,0.5022620233065102,0.4113133640552995,0.024486257114285724,0.4087058371735791,0.5476776387974545,0.04920827424293176,0.5563265306122449,0.5498072393080778,0.03743694627351803,0.5450980114352595,0.009617490095458987,0.01708836454197626,0.009517446921155893,12.472242783123612,6.617323989459466,9.992598075499629,90.16269898738072,33.52055249819262,93.28333333333333,0.1,0.08377078165833911,0.16666666666666666,81.83333333333333,9.684414220172474,83.0,81.83333333333333,9.684414220172474,83.0,81.83333333333333,9.684414220172474,83.0,20.541666666666664,6.2175179324040615,20.583333333333332,5.4,0.5026246899500346,5.0,7,12.06951697763964,12.06951697763964,False,False,True
81,3,100,0.98,0.5,0.9,0.5,20,0.8105657237936772,0.05241792752615773,0.8053244592346089,0.1035773710482529,0.027778735012880924,0.09484193011647254,0.08585690515806989,0.054546116430415,0.10316139767054908,0.8822857142857142,0.05501567006534584,0.8885714285714286,0.08335714285714285,0.033516672671056943,0.08,0.03435714285714286,0.02640458167449242,0.03357142857142857,0.8916666666666666,0.05856163132274269,0.8866120218579234,0.060109289617486336,0.030886340528874068,0.0587431693989071,0.048224043715846994,0.04093348483401254,0.056010928961748634,0.8470652173913044,0.08094271869095869,0.8597826086956522,0.1133695652173913,0.05290428429895219,0.10978260869565218,0.03956521739130435,0.0335864103545086,0.04021739130434783,0.08976997578692494,0.03478397287302029,0.08414043583535108,0.08673942741743881,0.033088164146707864,0.08069315751960085,0.4656159420289855,0.01860686390842255,0.46271679733903537,0.03956521739130435,0.0335864103545086,0.04021739130434783,0.49309927360774813,0.036716954836126234,0.5018159806295399,0.9102300242130751,0.034783972873020305,0.915859564164649,0.4588758502566626,0.023869885511325743,0.4568427978540338,0.3904880304483592,0.1670749657248497,0.397,0.09778947368421052,0.047216005944791924,0.09052631578947368,0.1631875028340975,0.0626482333272891,0.15873015873015875,0.9246182074366152,0.050011770732574574,0.912106627243316,0.9999925857795393,2.3965558612445612e-05,0.9999998132280903,0.35128258725064077,0.4237436471425613,0.08744855483909814,0.6520625890475846,0.3437449692610573,0.7785035354378781,0.09150371039887001,0.05547545841034768,0.08336635389838533,0.0003689323913615183,0.0010546695434918288,2.1310982160029427e-05,1.746967129228918e-07,7.787649263726032e-07,6.36787405700275e-11,2.3071375326354667e-06,1.0096386707549793e-05,6.461200413771823e-09,0.6520625890475846,0.3437449692610573,0.7785035354378781,2.3071375326354667e-06,1.0096386707549793e-05,6.461200413771823e-09,-0.24793741095241542,0.34374496926105735,-0.12149646456212193,-0.8999976928624674,1.0096386707541461e-05,-0.8999999935387997,0.3625,0.04892857905103333,0.3333333333333333,0.075,0.05984873720496732,0.08333333333333333,0.2875,0.05040044323577494,0.25,0.15416666666666665,0.06772730840727074,0.16666666666666666,0.0,0.0,0.0,0.15,0.11969747440993464,0.16666666666666666,3.4933333333333336,3.3504141316859877,3.375,0.0,0.0,0.0,3.3041666666666663,1.6164077835766002,2.958333333333333,23.6625,1.2786125864384523,23.416666666666668,0.9073020753266718,0.02207593968174081,0.9100691775557264,0.4331782469414339,0.015965810552966322,0.43137819673562017,0.5668217530585661,0.015965810552966267,0.5686218032643798,0.4224614333254101,0.017223982806399238,0.4197082243879249,0.41960910387449485,0.041922671655335975,0.42607321131447584,0.4755592304605307,0.02341270872552258,0.47894148629261724,-0.0618500076892287,0.030118244571485108,-0.06869338462901889,8.455034588777863,3.0947192845835634,7.686395080707149,124.2377927816937,54.594755344361246,118.27272727272727,0.20833333333333331,0.14178271820390012,0.16666666666666666,82.14583333333333,7.865978077207634,81.25,82.1875,7.947483878561818,81.25,88.5,11.701851705321399,88.5,18.148333333333333,5.120563691100803,19.0,4.75,0.8506963092234008,5.0,8,12.090034236884971,12.090034236884971,False,False,True
82,5,100,0.999,0.5,0.9,0.5,20,0.7817803660565723,0.06370155315039934,0.7745424292845258,0.15357737104825292,0.03919724513708457,0.1572379367720466,0.0646422628951747,0.04291383756249907,0.07903494176372712,0.8688571428571429,0.05455335684709777,0.87,0.1062142857142857,0.0407061065521345,0.10285714285714286,0.02492857142857143,0.020147016048018072,0.029285714285714283,0.8920765027322405,0.06065262839001777,0.8770491803278688,0.07540983606557376,0.03852158142035609,0.0819672131147541,0.032513661202185795,0.030732032199516163,0.030054644808743168,0.832391304347826,0.08108279999898901,0.8391304347826087,0.1391304347826087,0.06353669609032736,0.13369565217391305,0.02847826086956522,0.025546460218366616,0.03260869565217391,0.11089588377723972,0.04470610167219502,0.11138014527845036,0.10727013542409122,0.04291231703598495,0.11029935851746257,0.46027738180090283,0.01997887394580259,0.4545646234259919,0.02847826086956522,0.025546460218366616,0.03260869565217391,0.4779661016949152,0.03681871083234942,0.4830508474576271,0.8891041162227603,0.044706101672195006,0.8886198547215496,0.46304119885193773,0.01957385286937573,0.46009547035911186,0.4634422054394222,0.1272083766952843,0.4328485885372113,0.158,0.04857484909319123,0.15368421052631578,0.2323840224490313,0.06409583290169633,0.2218503816793893,0.933997712798614,0.04199078630533426,0.9224922317084747,0.9998779990860323,0.00021997693663578833,0.9999592015986339,0.3904694244864422,0.388957366613948,0.19663052651009488,0.7550532252470681,0.2335634133950195,0.8195154881358497,0.09034576762036975,0.05105395324665156,0.09020509814862995,0.0016226775968558535,0.002417531907361159,0.0006831376651004245,2.8239847743537256e-06,1.1632578198890042e-05,5.7865386103773096e-08,2.281292806283621e-05,8.801265039489605e-05,5.163788303266671e-07,0.7550532252470681,0.2335634133950195,0.8195154881358497,2.281292806283621e-05,8.801265039489605e-05,5.163788303266671e-07,-0.14494677475293188,0.2335634133950195,-0.08048451186415034,-0.8999771870719371,8.801265039491032e-05,-0.8999994836211697,0.3458333333333333,0.07292449832628506,0.3333333333333333,0.10833333333333332,0.09007793896243019,0.08333333333333333,0.2375,0.048928579051033316,0.25,0.20833333333333331,0.057353933467640436,0.16666666666666666,0.0,0.0,0.0,0.21666666666666665,0.18015587792486037,0.16666666666666666,5.8575,4.471529413120042,5.875,1.85,4.392277912787156,0.0,5.295833333333333,1.7680718923093226,5.083333333333334,25.108333333333334,1.7289037529991373,25.375,0.8719062259800154,0.03373293336969419,0.8712528823981553,0.42947364708878444,0.014923568766528677,0.4264548752419711,0.5705263529112156,0.01492356876652864,0.5735451247580289,0.4033544687425719,0.024485442888780656,0.3983468029474685,0.4020811742334205,0.05128188677358474,0.39293439505585925,0.4696500709319168,0.023660530234248286,0.470887150039187,-0.05686758429164175,0.027747916127663013,-0.06697566882702383,10.222905457340508,3.24289363716049,10.760953112990007,99.43975249380821,31.00953186343731,86.73333333333333,0.15,0.10678721258619789,0.16666666666666666,80.1,10.01463215214903,80.0,80.1,10.01463215214903,80.0,82.2,11.693710153020604,80.0,21.75,6.228002223498835,23.083333333333332,5.1,0.6407232755171876,5.0,9,12.137915815288338,12.137915815288338,False,False,True
83,3,50,0.999,0.5,0.9,0.5,20,0.8807987711213517,0.04417985379354236,0.8732718894009217,0.07688172043010752,0.025512159368320422,0.07757296466973887,0.0423195084485407,0.0333966842253238,0.05069124423963134,0.8876428571428571,0.046776372252175714,0.8878571428571429,0.08185714285714286,0.02762764536473513,0.07928571428571429,0.0305,0.0250553629737958,0.03428571428571429,0.9498783454987834,0.040532372660454674,0.937956204379562,0.04075425790754258,0.03110746524615818,0.05474452554744526,0.009367396593673966,0.013610546679508869,0.0,0.8529347826086957,0.06713902362030068,0.8532608695652174,0.10891304347826088,0.04097423181547607,0.10978260869565218,0.03815217391304348,0.033325269312770446,0.041304347826086954,0.07675086107921929,0.03179820623607772,0.07520091848450057,0.07483365069290172,0.03146531284087373,0.07420131175288268,0.4940152597059135,0.00787009884014582,0.49405744208187874,0.03815217391304348,0.033325269312770446,0.041304347826086954,0.45487944890929966,0.0323032551349912,0.4580941446613088,0.9232491389207806,0.031798206236077736,0.9247990815154994,0.5078771563652343,0.01918759599707764,0.5040214580264644,0.3821368005465989,0.17138770764919728,0.31414141414141417,0.084375,0.041948062951465546,0.06979166666666667,0.13662109084481697,0.06486219595681941,0.1172094046070113,0.9718697944896618,0.024709531971408256,0.974110202909457,0.9999997024987168,9.234873829731356e-07,0.9999999673223805,0.7640063639650158,0.2567727909049457,0.8288459097083685,0.9745879218582939,0.046942867955944226,0.9970825156895081,0.08328812128301061,0.048791730980837014,0.0830301547446688,0.000679663565121345,0.0020255137249679672,4.318457210545883e-05,5.601079787245915e-07,2.4639568464741953e-06,1.0841218369360621e-09,5.610889195840986e-06,2.3882407065268164e-05,7.657261487329835e-08,0.9745879218582939,0.046942867955944226,0.9970825156895081,5.610889195840986e-06,2.3882407065268164e-05,7.657261487329835e-08,0.07458792185829392,0.04694286795594422,0.0970825156895081,-0.8999943891108042,2.388240706525517e-05,-0.8999999234273852,0.4208333333333333,0.050400443235774965,0.4166666666666667,0.10833333333333332,0.05474555711098219,0.08333333333333333,0.3125,0.05322219780487542,0.3333333333333333,0.15416666666666665,0.062096651697549556,0.16666666666666666,0.0,0.0,0.0,0.21666666666666665,0.10949111422196438,0.16666666666666666,4.531666666666666,2.601090077379727,4.9,0.375,1.6770509831248424,0.0,2.7,1.369146231601567,2.25,22.25,1.3145608298738396,22.625,0.9205403404885271,0.023078509892128098,0.924500370096225,0.47829727758478124,0.009791184723816166,0.4766692124475742,0.5217027224152188,0.009791184723816196,0.5233307875524258,0.45564938556067586,0.013049442313591097,0.4526804915514593,0.5207417160412552,0.042029303522955454,0.5264175992977836,0.5272430952535926,0.033458282433942874,0.5267591915698064,-0.008497546446541828,0.018193674650056654,-0.014183847246696996,7.772020725388602,3.3578108585089392,7.401924500370097,132.89178946657208,44.150543951859184,122.81818181818181,0.13333333333333333,0.1025978352085154,0.16666666666666666,75.0,7.411010519698169,75.0,75.0,7.411010519698169,75.0,78.0,13.161716044299437,75.5,12.916666666666666,4.788967584596474,12.916666666666666,5.2,0.6155870112510925,5.0,6,12.167747049126522,12.167747049126522,False,False,True
84,10,70,0.99,0.5,0.9,0.5,20,0.7782091917591125,0.06437939580644744,0.7797147385103012,0.18835182250396196,0.04859208888707209,0.17908082408874804,0.03343898573692551,0.028935168324647407,0.03645007923930269,0.7675714285714286,0.06635208629373825,0.7757142857142857,0.217,0.058126681165990526,0.2042857142857143,0.015428571428571427,0.015087286315904794,0.015,0.9051150895140665,0.05426577226889488,0.8951406649616368,0.08874680306905372,0.047363484417666475,0.10230179028132992,0.006138107416879796,0.013104174404993106,0.0,0.6878260869565217,0.09620807881054004,0.7,0.2952173913043478,0.08570204962147905,0.2673913043478261,0.016956521739130433,0.018494742952092996,0.011956521739130435,0.20035252643948298,0.05477593303268605,0.19682726204465334,0.19198209718670076,0.05272897749005919,0.18817135549872122,0.46103580562659846,0.02164708964458088,0.4538043478260869,0.016956521739130433,0.018494742952092996,0.011956521739130435,0.3746180963572268,0.04889300186312398,0.38542890716803757,0.799647473560517,0.054775933032686054,0.8031727379553466,0.5332316186124906,0.034336460191830225,0.5274191835521006,0.37501785399732945,0.07643252633890062,0.38085173501577285,0.20885416666666665,0.052820982527547126,0.19583333333333333,0.26556841224174876,0.05703151738616165,0.24980064384654005,0.9495082882515857,0.02775921583984847,0.9476830803457796,0.9905146523477792,0.0027885081799315665,0.9905596377748591,0.6535402416727452,0.24722277554986127,0.6801715427124841,0.8800652575817886,0.07843715422624034,0.8956477660287598,0.12315686103066248,0.045877819358106364,0.12135393446371548,0.04668541311271109,0.024768333812171868,0.038599629956837,0.006081968507981715,0.0036484827464648532,0.005713205806730249,0.011096961565657747,0.006159677793401545,0.010418785405917248,0.8800652575817886,0.07843715422624034,0.8956477660287598,0.011096961565657747,0.006159677793401545,0.010418785405917248,-0.019934742418211405,0.07843715422624031,-0.004352233971240127,-0.8889030384343423,0.006159677793401559,-0.8895812145940827,0.3416666666666667,0.07102013551889921,0.3333333333333333,0.1625,0.07870943678236106,0.16666666666666666,0.17916666666666664,0.07292449832628506,0.16666666666666666,0.30416666666666664,0.07292449832628506,0.3333333333333333,0.0,0.0,0.0,0.325,0.15741887356472212,0.3333333333333333,8.508333333333333,4.76408499587835,7.5,5.075,6.942006004637352,2.25,6.9541666666666675,1.746231322136147,6.5,26.0625,2.0489041073060674,25.75,0.7965815176558978,0.042929829316954146,0.7982719759579264,0.4733839520659272,0.021977839078253302,0.4712404782664531,0.5266160479340727,0.02197783907825328,0.5287595217335469,0.39681888159384193,0.027878492063216163,0.39499717002490375,0.5066034638895178,0.048779124104295433,0.5152354539280054,0.5234285523981689,0.034066205170197525,0.5194783550027133,-0.010994039583630807,0.020255171626559595,-0.014356697726527222,10.969196093163035,5.1617021900278495,9.015777610818933,100.97866079038235,40.60680354267351,102.38461538461539,0.1,0.08377078165833911,0.16666666666666666,82.0,7.160497697278258,82.0,82.0,7.160497697278258,82.0,82.0,7.160497697278258,82.0,23.233333333333334,6.826247931236709,23.0,5.4,0.5026246899500346,5.0,7,12.182443850700533,12.182443850700533,False,False,True
85,5,100,0.9,0.5,0.9,0.5,20,0.7898502495840266,0.060264192444553756,0.7778702163061564,0.1495008319467554,0.031562196891973905,0.1480865224625624,0.06064891846921797,0.04199121691375809,0.07737104825291181,0.8580714285714286,0.054617653531950625,0.8742857142857143,0.12021428571428572,0.04131115068337001,0.11499999999999999,0.021714285714285714,0.018652800332866575,0.025,0.9049180327868852,0.05730921665180454,0.889344262295082,0.0662568306010929,0.03666622947130064,0.08060109289617487,0.028825136612021858,0.028456130374749953,0.031420765027322405,0.8169565217391304,0.08129939166724519,0.8434782608695652,0.15804347826086956,0.06495791248943868,0.14021739130434782,0.025,0.02367260021197377,0.02717391304347826,0.1173728813559322,0.04527547729795607,0.11803874092009686,0.11215015443098122,0.043295731325037404,0.11587372297457829,0.4649590163934426,0.019175197158506418,0.45810465668804945,0.025,0.02367260021197377,0.02717391304347826,0.46773607748184015,0.03711227747899192,0.47760290556900725,0.8826271186440678,0.0452754772979561,0.8819612590799031,0.4707336311738672,0.01932906904808,0.4645432122648353,0.4558427751776673,0.11661738931043299,0.4257516339869281,0.16221052631578947,0.0444366988763484,0.1536842105263158,0.23660055745308398,0.059393005036058946,0.22634157456989862,0.939229105550275,0.04131771560198398,0.9276444238680368,0.9998295826829026,0.00018493300196112533,0.9998912531321257,0.45357978764166046,0.384802830584605,0.27667685626986527,0.7824795188609401,0.225565032982657,0.8566629970159099,0.09112205059606045,0.049357836870703435,0.08405521214034739,0.004411911218031556,0.0053431586186408414,0.002004610178186355,2.1457464167498133e-05,5.752191932229222e-05,7.454846545198788e-06,0.00012389235360916843,0.0003194803725899048,3.4001050104815874e-05,0.7824795188609401,0.225565032982657,0.8566629970159099,0.00012389235360916843,0.0003194803725899048,3.4001050104815874e-05,-0.11752048113905993,0.22556503298265704,-0.04333700298409021,-0.8998761076463909,0.0003194803725898872,-0.8999659989498952,0.3458333333333333,0.06209665169754957,0.3333333333333333,0.1125,0.08666582320777148,0.08333333333333333,0.23333333333333334,0.051298917604257706,0.25,0.2125,0.05719439509610498,0.16666666666666666,0.0,0.0,0.0,0.225,0.17333164641554297,0.16666666666666666,5.925,4.342249598876989,5.125,1.15,3.328900561351814,0.0,5.3625,1.5640036624446736,5.041666666666666,25.0875,1.6277192722456066,25.041666666666664,0.8662567255956957,0.031614211276616386,0.8616448885472713,0.4346285329941254,0.014755396715043983,0.42960587349479296,0.5653714670058747,0.014755396715043983,0.570394126505207,0.40578226764915615,0.022871484723075985,0.40225873544093177,0.4429998811504635,0.04217233754078781,0.4437556453529831,0.4868425500521642,0.021309213001134236,0.48284092367055365,-0.05204521668730555,0.02660721907703057,-0.06069296049424573,8.993082244427363,2.962268413050885,8.455034588777863,111.439057791194,32.675541771135514,109.17482517482517,0.11666666666666665,0.09520676176291322,0.16666666666666666,78.03846153846153,8.757048443162653,79.0,78.03846153846153,8.757048443162653,79.0,78.61538461538461,9.570253057769348,79.0,20.891666666666666,5.915406339698287,22.25,5.3,0.5712405705774792,5.0,8,12.195573230000209,12.195573230000209,False,False,True
86,7,100,0.95,0.5,0.9,0.5,20,0.7765391014975042,0.0658781958894834,0.7695507487520798,0.17021630615640598,0.042807852859735505,0.1605657237936772,0.053244592346089845,0.040774772793553855,0.06905158069883527,0.8377857142857144,0.05432027985418675,0.8457142857142856,0.1437142857142857,0.04342085408280615,0.13857142857142857,0.0185,0.017026390080803196,0.019285714285714288,0.8919398907103826,0.05967286727294281,0.8879781420765027,0.08442622950819671,0.04195381191219158,0.09289617486338797,0.023633879781420765,0.026479298440866942,0.017759562841530054,0.7902173913043479,0.08002244486654767,0.8043478260869565,0.1884782608695652,0.06563216692438646,0.1782608695652174,0.021304347826086957,0.02152757473527123,0.01847826086956522,0.1423728813559322,0.04512345446106178,0.1440677966101695,0.13645224518888097,0.04331490675632814,0.13981646471846043,0.4566221192682347,0.022172852938087736,0.4514433357091946,0.021304347826086957,0.02152757473527123,0.01847826086956522,0.45054479418886195,0.03784705993296151,0.4570217917675545,0.8576271186440678,0.0451234544610618,0.8559322033898304,0.47535868422482164,0.023000253806309122,0.4700844988108477,0.42709561023900144,0.09858823697765119,0.41373909151935556,0.17957894736842106,0.048317847378306945,0.16210526315789475,0.25055051325474587,0.06071936336175312,0.2297414541037654,0.9369129426413745,0.04081027307564635,0.929279820713915,0.9982747666089562,0.001514320149013289,0.99873777132901,0.4766861291707398,0.35613951003641614,0.37290537791809075,0.7730055465503416,0.21367784402000115,0.8612403051667241,0.09486457812304551,0.04825370723897583,0.09370043622762234,0.01171441903176932,0.010579218423376795,0.008650372715888179,0.0003384928334883566,0.0006400634056636881,0.00014094767452603972,0.0009381871693946393,0.001220786073894201,0.0006283616656586208,0.7730055465503416,0.21367784402000115,0.8612403051667241,0.0009381871693946393,0.001220786073894201,0.0006283616656586208,-0.12699445344965837,0.21367784402000115,-0.03875969483327585,-0.8990618128306054,0.0012207860738942323,-0.8993716383343413,0.3583333333333333,0.0547455571109822,0.3333333333333333,0.14166666666666666,0.06677622576550266,0.125,0.21666666666666665,0.056713087281560055,0.25,0.2333333333333333,0.06398099132915956,0.25,0.0,0.0,0.0,0.2833333333333333,0.1335524515310053,0.25,8.084999999999999,4.0871496666577825,7.375,3.125,5.741985260939121,0.0,5.895833333333334,1.694261686050509,5.375,25.391666666666666,1.8803967168833016,25.458333333333332,0.8440430438124519,0.03281299036982447,0.8382013835511145,0.43660782887222693,0.020123871155043917,0.4326262995266146,0.5633921711277731,0.020123871155043917,0.5673737004733854,0.39751955074875206,0.02778699677412373,0.3932962918944616,0.43356001901592583,0.045877157479037034,0.42351675778464465,0.48591763314807485,0.027081129023235354,0.48220657760027175,-0.04685541598634463,0.02831399062200475,-0.05539362109017756,10.222905457340508,3.9359336124825877,9.223674096848578,101.57926693648055,32.63294170953945,100.07692307692308,0.10833333333333332,0.08156008082159882,0.16666666666666666,80.07692307692308,8.626137977696416,81.0,80.07692307692308,8.626137977696416,81.0,80.07692307692308,8.626137977696416,81.0,22.241666666666667,6.589126919953164,23.333333333333332,5.35,0.4893604849295928,5.0,9,12.263417849166848,12.263417849166848,False,False,True
87,5,100,0.995,0.5,0.9,0.5,20,0.80108153078203,0.06450667223016629,0.7878535773710482,0.13585690515806986,0.034828046097122686,0.14143094841930115,0.06306156405990017,0.043065093919516684,0.07986688851913477,0.8934285714285715,0.055309693465000025,0.8957142857142857,0.08478571428571428,0.041763682257991916,0.07928571428571429,0.021785714285714287,0.017962097581202725,0.026428571428571426,0.8971311475409836,0.06022862497223816,0.8797814207650273,0.0680327868852459,0.036975942775684716,0.08060109289617487,0.03483606557377049,0.033484982506018786,0.03551912568306011,0.8670652173913043,0.07833480806773865,0.8717391304347826,0.10804347826086955,0.06073497706479183,0.09782608695652174,0.024891304347826087,0.023237546852518935,0.029347826086956522,0.09031476997578693,0.04363730876927384,0.09503631961259079,0.08803813257305773,0.041978581414801895,0.09483250178189594,0.46101122594440486,0.020951598371748766,0.45091470658113564,0.024891304347826087,0.023237546852518935,0.029347826086956522,0.49830508474576274,0.03274871696651088,0.5006053268765134,0.909685230024213,0.043637308769273846,0.9049636803874093,0.4526069607357778,0.01521079240340862,0.4496924766405931,0.49024611399583706,0.15299491663168685,0.45396184886280266,0.13978947368421052,0.044199444594518564,0.13894736842105265,0.2143052582362966,0.06408917708151417,0.2100436614867192,0.9327811285345502,0.04401633498097096,0.9186182215571685,0.9998850551029463,0.0001905156728055556,0.9999502536612437,0.39321719045779885,0.4052152175538515,0.15707576318784225,0.7547288156926772,0.23567371222230707,0.7902871638988318,0.07245694664733225,0.046621172363601346,0.06980281803593447,0.0004744572589671322,0.0006895696722465922,0.00015159854053488673,1.0852727454812968e-06,3.6870171009055653e-06,1.489701431812925e-07,7.059529244942954e-06,2.3444873259795822e-05,6.880376338426685e-07,0.7547288156926772,0.23567371222230707,0.7902871638988318,7.059529244942954e-06,2.3444873259795822e-05,6.880376338426685e-07,-0.14527118430732283,0.235673712222307,-0.10971283610116828,-0.8999929404707551,2.344487325980243e-05,-0.8999993119623662,0.3458333333333333,0.06209665169754956,0.3333333333333333,0.0875,0.05719439509610497,0.08333333333333333,0.25833333333333336,0.05984873720496733,0.25,0.1875,0.05969586661761491,0.16666666666666666,0.0,0.0,0.0,0.175,0.11438879019220995,0.16666666666666666,4.111666666666666,2.9662236018446673,4.625,0.075,0.24468024246479642,0.0,4.720833333333333,1.6109718381020488,4.625,24.370833333333334,1.8256367550538395,24.583333333333332,0.8916218293620292,0.03130483714780428,0.8877786318216756,0.42803500618627693,0.01609699780047905,0.4256268348245041,0.571964993813723,0.016096997800479036,0.574373165175496,0.41143362253387206,0.025272612323154624,0.40625445685761824,0.37237271214642265,0.04455564460187499,0.3688031851675778,0.45333064262874795,0.019026076532097376,0.45084941909456167,-0.06220062818439259,0.03068414003422731,-0.07093197553703914,8.224442736356648,2.833505251798357,7.686395080707149,124.95896325896324,51.62159827239705,118.27272727272727,0.13333333333333333,0.08719139396343281,0.16666666666666666,80.6,10.452614163793806,81.0,80.6,10.452614163793806,81.0,81.06666666666666,10.996536251193351,81.0,20.041666666666664,6.446558309290912,21.25,5.2,0.5231483637805969,5.0,8,12.26345882323337,12.26345882323337,False,False,True
88,5,100,0.95,0.5,0.9,0.5,20,0.7905158069883528,0.06271402158870941,0.781198003327787,0.1502495840266223,0.03201519000541811,0.15224625623960067,0.05923460898502496,0.042870098575676224,0.07820299500831947,0.8715714285714287,0.05523293122521492,0.8828571428571429,0.10914285714285714,0.042381825340901,0.09857142857142857,0.019285714285714288,0.017227235948688743,0.022142857142857145,0.9015027322404372,0.05973867364087109,0.8879781420765027,0.06789617486338798,0.037726742546852536,0.0819672131147541,0.030601092896174863,0.03054866292006003,0.03278688524590164,0.8358695652173914,0.08016840051138092,0.8543478260869565,0.14239130434782607,0.06437480107488876,0.12391304347826088,0.021739130434782608,0.021716235083054092,0.02282608695652174,0.10938256658595642,0.04675212033227971,0.10714285714285715,0.10514373960560704,0.04495628981216517,0.10457056307911618,0.4616209313376099,0.021371720055140753,0.4530143739605607,0.021739130434782608,0.021716235083054092,0.02282608695652174,0.47905569007263926,0.035840904511845524,0.49031476997578693,0.8906174334140436,0.04675212033227967,0.8928571428571428,0.46264166448218297,0.017319370794789495,0.45695083181579677,0.4761373819829016,0.12891338513736803,0.4254946215904725,0.16073684210526315,0.04305995237420921,0.15473684210526314,0.23713173602043094,0.05885360157355926,0.22383791229010924,0.9372757142473386,0.04284339052277742,0.9256791325807854,0.9998236797127127,0.00021132276142504268,0.9998866347985084,0.44454660221818665,0.3889450144314032,0.25827590300531245,0.7673207531693012,0.24191087933718858,0.8380437414154482,0.08186089082680371,0.04720992223784507,0.07465825347835534,0.0031479101003736415,0.003861876157654702,0.0013921898106316125,1.5534783236241178e-05,4.391135285006955e-05,4.122122675218165e-06,8.231575648948717e-05,0.00021567055984583034,2.250113290511202e-05,0.7673207531693012,0.24191087933718858,0.8380437414154482,8.231575648948717e-05,0.00021567055984583034,2.250113290511202e-05,-0.1326792468306989,0.2419108793371886,-0.06195625858455184,-0.8999176842435105,0.00021567055984583557,-0.899977498867095,0.3458333333333333,0.05590169943749477,0.3333333333333333,0.10416666666666666,0.07587212233336049,0.08333333333333333,0.24166666666666664,0.05339360629309895,0.25,0.20416666666666666,0.05719439509610497,0.16666666666666666,0.0,0.0,0.0,0.20833333333333331,0.15174424466672098,0.16666666666666666,5.735,3.637925232876564,5.375,0.45,1.4680814547887788,0.0,5.341666666666667,1.5741655173530489,4.791666666666666,24.954166666666666,1.6486914446105922,25.041666666666664,0.8718677940046119,0.03271257581040399,0.8724058416602614,0.43061365160396486,0.015003366275509378,0.42689185257913775,0.5693863483960351,0.01500336627550936,0.5731081474208621,0.4049007606370335,0.02461739139466711,0.40089315426669836,0.42848217256952703,0.04269544024399939,0.4284763489422391,0.4783973350561711,0.02091817898813736,0.4740331529601114,-0.057550143851338956,0.028079938392415727,-0.0668502922831077,8.147578785549577,2.9125144314128084,7.686395080707149,124.12973926658137,43.597140301658975,118.27272727272727,0.10833333333333332,0.08156008082159882,0.16666666666666666,79.76923076923077,8.584422385478693,81.0,79.76923076923077,8.584422385478693,81.0,79.76923076923077,8.584422385478693,81.0,20.883333333333333,6.054600493385416,21.916666666666664,5.35,0.4893604849295929,5.0,8,12.264530446862024,12.264530446862024,False,False,True
89,7,100,0.9,0.5,0.9,0.5,20,0.7733777038269551,0.06694343688120842,0.7737104825291181,0.1732945091514143,0.04465437219243468,0.16638935108153077,0.053327787021630615,0.04029478273174887,0.06738768718801996,0.8240714285714287,0.05439102369551998,0.8228571428571428,0.15678571428571428,0.04435448214024271,0.15357142857142858,0.019142857142857142,0.0177305285706377,0.02,0.8930327868852459,0.059921235626479726,0.889344262295082,0.08442622950819671,0.04266883218925408,0.0942622950819672,0.022540983606557378,0.02564409689283747,0.015027322404371584,0.7701086956521739,0.0804977643210697,0.7717391304347826,0.20750000000000002,0.06703966352780867,0.2076086956521739,0.022391304347826088,0.022482706516990376,0.01956521739130435,0.15296610169491526,0.04584068388972971,0.15738498789346245,0.14596311475409834,0.043970224187461854,0.1505167498218104,0.45771204561653606,0.022239162547237356,0.45150273224043713,0.022391304347826088,0.022482706516990376,0.01956521739130435,0.438861985472155,0.0390592013518767,0.44128329297820823,0.8470338983050848,0.045840683889729714,0.8426150121065376,0.4826721362082636,0.024405318661194286,0.48022595235184745,0.41442620469736696,0.09391963485021808,0.41120689655172415,0.1843157894736842,0.05105665803581041,0.16947368421052633,0.2527480300538395,0.06192632163870923,0.22935280386699372,0.9381857933998416,0.03952376977053173,0.9314357881980306,0.9981471298203257,0.0015593709216506562,0.9985532281894307,0.4833820354719257,0.3511273361904551,0.414905917361036,0.7845927347455957,0.19813075211428577,0.8714198067412121,0.10243500149628655,0.04905549575761218,0.1006943118374397,0.015643146277778387,0.013070417094512201,0.012025125987219781,0.0004887357080787734,0.0008019887585715838,0.000208753423892472,0.0013692841064337998,0.0015675308515194987,0.0010091366044561061,0.7845927347455957,0.19813075211428577,0.8714198067412121,0.0013692841064337998,0.0015675308515194987,0.0010091366044561061,-0.1154072652544044,0.19813075211428577,-0.02858019325878791,-0.8986307158935662,0.0015675308515194675,-0.8989908633955439,0.35416666666666663,0.059695866617614925,0.3333333333333333,0.1375,0.062096651697549556,0.125,0.21666666666666665,0.05671308728156005,0.25,0.2333333333333333,0.06945906278887423,0.25,0.0,0.0,0.0,0.275,0.12419330339509911,0.25,8.225,3.686435940243702,7.5,3.125,5.529526009952104,0.0,5.995833333333334,1.7533332916416509,5.291666666666666,25.541666666666664,1.881834522371891,25.5,0.8355880092236742,0.0348586814695115,0.8316679477325135,0.4396878776610369,0.020284007900255807,0.4377310793353824,0.5603121223389631,0.020284007900255842,0.5622689206646176,0.39626028048490614,0.028300229377251133,0.3961492750178274,0.4512095317328263,0.046750542951126815,0.44265628714048016,0.4951378314869162,0.027948940413148996,0.49170772271363505,-0.0427800262181103,0.02751201450534475,-0.050081000419003145,10.684089162182936,3.1336606621561947,9.223674096848578,93.63431718608189,25.282375464543854,100.07692307692308,0.1,0.08377078165833911,0.16666666666666666,77.83333333333333,7.493431467059343,80.0,77.83333333333333,7.493431467059343,80.0,77.83333333333333,7.493431467059343,80.0,22.483333333333334,6.734935539791469,22.666666666666668,5.4,0.5026246899500346,5.0,9,12.26475057664975,12.26475057664975,False,False,True
90,3,100,0.99,0.5,0.9,0.5,20,0.8139767054908486,0.05675393151939969,0.8086522462562395,0.10490848585690515,0.027059178022651155,0.09484193011647254,0.08111480865224625,0.057084873353496476,0.09983361064891846,0.8983571428571429,0.05292370326561567,0.9021428571428571,0.07442857142857143,0.036220176442491855,0.06714285714285714,0.02721428571428571,0.021181406636732927,0.030714285714285715,0.8905737704918033,0.06323404071562841,0.8838797814207651,0.06079234972677596,0.033343881082934484,0.06420765027322405,0.048633879781420766,0.043441763747217026,0.04918032786885246,0.869891304347826,0.07672104207247771,0.8826086956521739,0.09989130434782609,0.056121957928915375,0.09239130434782608,0.030217391304347828,0.025213248298507924,0.034782608695652174,0.08256658595641646,0.03846234428178044,0.07627118644067796,0.08034182703730101,0.03678760781013864,0.07448028035162746,0.46039558089807553,0.022549233119931227,0.45602577809455924,0.030217391304347828,0.025213248298507924,0.034782608695652174,0.5059927360774819,0.03247687733825855,0.513317191283293,0.9174334140435836,0.03846234428178044,0.923728813559322,0.4488117506941129,0.019078366912968825,0.44829557547964705,0.42174001806411254,0.18520578468044635,0.42758411179463807,0.09884210526315788,0.04766347013983057,0.08421052631578947,0.16669152636461454,0.06373190994865055,0.14093959731543623,0.9233703313507394,0.052403259997217386,0.9113102379322133,0.9999933516822607,2.0942552230738145e-05,0.9999998580274376,0.3566955018760606,0.4230041037174288,0.10315150256921762,0.6371853127091524,0.3505255695578461,0.7552059033089051,0.07672233364877723,0.050632677295897606,0.07010325160989991,0.0001711904552657487,0.0005739588844659679,5.403107328876879e-06,1.2081587199067483e-07,5.396597767465684e-07,1.839840072785406e-11,1.0595034094525663e-06,4.677437532812236e-06,1.3256330627053257e-09,0.6371853127091524,0.3505255695578461,0.7552059033089051,1.0595034094525663e-06,4.677437532812236e-06,1.3256330627053257e-09,-0.2628146872908476,0.3505255695578461,-0.14479409669109494,-0.8999989404965906,4.677437532790327e-06,-0.899999998674367,0.3625,0.04892857905103333,0.3333333333333333,0.05416666666666666,0.062096651697549556,0.041666666666666664,0.3083333333333333,0.05474555711098218,0.3333333333333333,0.13333333333333333,0.06282808624375433,0.16666666666666666,0.0,0.0,0.0,0.10833333333333332,0.12419330339509911,0.08333333333333333,3.0016666666666665,3.421970209829283,0.875,0.0,0.0,0.0,3.3541666666666665,1.6398890545128693,2.9166666666666665,23.47083333333333,1.4525323219119186,23.333333333333332,0.9114911606456572,0.02363623221901883,0.9146810146041506,0.4285661225649021,0.015189430869420125,0.4283253353020795,0.5714338774350979,0.015189430869420078,0.5716746646979205,0.42059549560256715,0.020496614120665335,0.4167672926075588,0.4005347040646542,0.04282799513049171,0.40617066793439505,0.4650922897621558,0.022326976703100705,0.4709468041062348,-0.06799041216503429,0.03199886148509135,-0.07727281955474996,7.916986933128362,3.1652547631972014,7.686395080707149,132.52135015311484,55.268965904602126,118.27272727272727,0.18333333333333332,0.1313448209420687,0.16666666666666666,83.93333333333334,8.355636819935789,83.0,83.93333333333334,8.355636819935789,83.0,90.26666666666667,14.1090987191481,92.0,17.921666666666667,5.574632130626457,18.916666666666668,4.9,0.7880689256524124,5.0,8,12.29599724207368,12.29599724207368,False,False,True
91,5,100,0.98,0.5,0.9,0.5,20,0.7961730449251248,0.0653438576641058,0.7828618968386023,0.1430116472545757,0.0346316919117428,0.1480865224625624,0.0608153078202995,0.04471698026720709,0.07986688851913477,0.8869999999999999,0.05222421297686192,0.8992857142857142,0.09371428571428572,0.03954466943563142,0.08714285714285715,0.019285714285714285,0.017700819523831443,0.022142857142857145,0.8978142076502733,0.062193580933319954,0.8866120218579234,0.06898907103825136,0.038229532780381985,0.08333333333333333,0.033196721311475406,0.03323056856974418,0.03551912568306011,0.8579347826086957,0.07443373935302607,0.8793478260869565,0.11989130434782609,0.058380265479636935,0.10543478260869565,0.02217391304347826,0.022221199635986396,0.02282608695652174,0.0973365617433414,0.043357099790608686,0.09382566585956417,0.09444018769303872,0.04195628980748888,0.09331195058208601,0.4599940603468758,0.02238564652601452,0.45228082679971493,0.02217391304347826,0.022221199635986396,0.02282608695652174,0.4924939467312349,0.03192136176965947,0.5,0.9026634382566586,0.0433570997906087,0.9061743341404358,0.4547340217824412,0.015440224478944551,0.45085057471264367,0.4851931454632207,0.1348824365809498,0.4475256769374416,0.14978947368421053,0.043683843405325835,0.14105263157894737,0.22606269958893105,0.06217086012795814,0.21348401459402638,0.9342988415520782,0.044965076772564054,0.9240548621899095,0.999826672701509,0.00022641605067702509,0.9998866825850281,0.4198280408577945,0.39811952565259634,0.1758400570759069,0.7464002073468426,0.26756005497497815,0.8211360891362178,0.0729196690280786,0.045480437716745974,0.06656762551001787,0.001698514891230078,0.0022040437603466443,0.0006802564789621776,8.956379342481754e-06,2.8616390695987723e-05,1.6243594497165215e-06,3.88261679881565e-05,0.00010949456160060867,9.591268381722896e-06,0.7464002073468426,0.26756005497497815,0.8211360891362178,3.88261679881565e-05,0.00010949456160060867,9.591268381722896e-06,-0.15359979265315732,0.2675600549749781,-0.0788639108637822,-0.8999611738320118,0.00010949456160058909,-0.8999904087316183,0.35,0.057987697828204975,0.3333333333333333,0.08333333333333333,0.05407380704358751,0.08333333333333333,0.26666666666666666,0.051298917604257706,0.25,0.17916666666666664,0.0407800404107994,0.16666666666666666,0.0,0.0,0.0,0.16666666666666666,0.10814761408717502,0.16666666666666666,4.870833333333334,3.3830972824059056,5.125,0.0,0.0,0.0,4.925,1.4441098352875619,4.708333333333334,24.508333333333333,1.836301425141474,24.875,0.8835126825518831,0.030554317305956574,0.8816295157571099,0.42783128090137634,0.016699029881618623,0.426562725931924,0.5721687190986237,0.01669902988161861,0.573437274068076,0.4077293796054195,0.026085579829110136,0.40184276206322794,0.40342928452579035,0.043513323609160506,0.40062990254338005,0.46586857053093844,0.020041222966798163,0.4627443095583962,-0.06188709742195243,0.030065494821691963,-0.06844703432972415,7.609531129900077,2.707807603131744,7.686395080707149,140.6314800232447,80.68491460867932,118.27272727272727,0.10833333333333332,0.09785715810206663,0.16666666666666666,78.54166666666667,7.987087116468719,80.0,78.54166666666667,7.987087116468719,80.0,79.08333333333333,8.959082068780903,80.0,20.208333333333336,6.822707827927497,21.75,5.35,0.5871429486123997,5.0,8,12.32848527900742,12.32848527900742,False,False,True
92,7,100,0.98,0.5,0.9,0.5,20,0.782279534109817,0.06520271743887132,0.7703826955074875,0.16472545757071547,0.04066384029991458,0.16472545757071547,0.05299500831946755,0.041750397098965775,0.06905158069883527,0.8577857142857143,0.05135432192363466,0.8692857142857142,0.12521428571428572,0.04058189793968095,0.12,0.017,0.01640583585355241,0.015714285714285715,0.8901639344262294,0.06246589662551279,0.8797814207650273,0.08469945355191258,0.04288101342463909,0.09562841530054644,0.025136612021857924,0.028124549523347104,0.017759562841530054,0.8196739130434783,0.07592652258701174,0.8347826086956521,0.16108695652173913,0.0620829534185002,0.1565217391304348,0.01923913043478261,0.02056648488360651,0.013043478260869566,0.12723970944309929,0.04557000399910617,0.13075060532687652,0.12289320503682585,0.04416259351328011,0.12830838679021145,0.45470153243050604,0.024057820816613056,0.4518769303872654,0.01923913043478261,0.02056648488360651,0.013043478260869566,0.46761501210653755,0.03556819005999837,0.4727602905569007,0.8727602905569007,0.04557000399910618,0.8692493946731235,0.46470267260493936,0.020376360600779263,0.4627909404028807,0.44789043615949664,0.11148536158681349,0.4286611155167856,0.1716842105263158,0.04558207559972456,0.16210526315789475,0.24572818166588412,0.0600197887617058,0.22305436888051583,0.9353277127874644,0.04176323386101453,0.9260747800146091,0.9984007110498988,0.001541861860979329,0.9989860341854612,0.4654532872851528,0.3639264841143684,0.3732139401099911,0.7530049533286792,0.23398508899778664,0.8487234886774674,0.08407290571433154,0.04683549745891084,0.08531606375177836,0.0069143932224848435,0.006077151498172121,0.005744391498293684,0.00017557001829207475,0.00036238172455768533,7.558127497119167e-05,0.0004750612942764169,0.0006948854155911753,0.00028319653944262766,0.7530049533286792,0.23398508899778664,0.8487234886774674,0.0004750612942764169,0.0006948854155911753,0.00028319653944262766,-0.14699504667132074,0.23398508899778664,-0.051276511322532636,-0.8995249387057236,0.0006948854155911495,-0.8997168034605574,0.3625,0.05590169943749476,0.3333333333333333,0.1375,0.07292449832628504,0.08333333333333333,0.225,0.0547455571109822,0.25,0.225,0.061057924755420545,0.25,0.0,0.0,0.0,0.275,0.1458489966525701,0.16666666666666666,7.424166666666667,4.176544344409468,7.5,2.8,5.9036117401932335,0.0,5.654166666666667,1.653075062948652,5.375,25.075,1.821512930704898,25.208333333333336,0.8565334358186011,0.03147055275836726,0.8485780169100692,0.43237434019896065,0.01900952798734227,0.42892273134576475,0.5676256598010394,0.019009527987342213,0.5710772686542352,0.39963976705490845,0.02735686379886928,0.39395174708818637,0.409446280009508,0.0448921714503004,0.40509745661991914,0.4726103795192361,0.024490495924109845,0.47124444422991985,-0.052598810662690454,0.028310743073493183,-0.06101406737488835,9.531129900076865,3.1780001490979353,9.223674096848578,105.40793638153175,29.42237740921654,100.07692307692308,0.1,0.08377078165833911,0.16666666666666666,80.25,7.723929758166558,82.0,80.25,7.723929758166558,82.0,80.25,7.723929758166558,82.0,21.833333333333336,6.632147474005614,23.0,5.4,0.5026246899500346,5.0,9,12.330099687032366,12.330099687032366,False,False,True
93,7,100,0.999,0.5,0.9,0.5,20,0.7767054908485858,0.06954199086641245,0.7695507487520798,0.16838602329450916,0.04544784813716213,0.16638935108153077,0.05490848585690515,0.04112349436537283,0.07154742096505823,0.8459285714285715,0.05441076811035433,0.8607142857142858,0.1357857142857143,0.04398875698560441,0.12928571428571428,0.018285714285714287,0.01715287927592187,0.019285714285714288,0.8896174863387978,0.06382112775556166,0.8838797814207651,0.08483606557377049,0.045334872489193795,0.09153005464480873,0.025546448087431693,0.02646445619960616,0.02185792349726776,0.8022826086956523,0.07858588435450177,0.825,0.1766304347826087,0.06522835529502549,0.16847826086956522,0.02108695652173913,0.021682993881365582,0.01847826086956522,0.13595641646489104,0.046437270655745475,0.137409200968523,0.1307332501781896,0.044905718834828356,0.1321632216678546,0.4553522214302685,0.023853546211521616,0.4515977666904253,0.02108695652173913,0.021682993881365582,0.01847826086956522,0.4581113801452784,0.037010546995027226,0.46307506053268765,0.864043583535109,0.04643727065574548,0.862590799031477,0.4703977489034479,0.021634285156436797,0.4674832411031628,0.4365050370899068,0.0971054357489204,0.4304885590599876,0.17673684210526316,0.048348614972534176,0.1705263157894737,0.2487003800526712,0.060107185667338366,0.22763124285063802,0.9360205986251732,0.0406162278440113,0.9292102280187358,0.998875115545631,0.0011503500032164651,0.9992814637777765,0.4555506201732487,0.3544633757931424,0.36091028079585763,0.7889287573865514,0.18228118669598056,0.8507769454968207,0.08979490705586322,0.048019895489338035,0.09140857841946713,0.0072276675939883794,0.008169820927051825,0.004942025099820746,7.242009733813387e-05,0.00013182866646077818,2.2373486146587244e-05,0.00037156778972065123,0.0005333484841322324,0.00010750282362353292,0.7889287573865514,0.18228118669598056,0.8507769454968207,0.00037156778972065123,0.0005333484841322324,0.00010750282362353292,-0.11107124261344851,0.1822811866959806,-0.04922305450317932,-0.8996284322102793,0.0005333484841322126,-0.8998924971763764,0.3458333333333333,0.06209665169754956,0.3333333333333333,0.12083333333333332,0.08322361197787125,0.08333333333333333,0.225,0.0547455571109822,0.25,0.225,0.06105792475542055,0.25,0.0,0.0,0.0,0.24166666666666664,0.1664472239557425,0.16666666666666666,6.714166666666666,5.006105263803458,7.125,3.1,7.144375778411849,0.0,5.808333333333334,1.6986191502346426,5.5,25.35,1.9514576947766327,25.708333333333336,0.8491544965411222,0.03510045366547539,0.8443504996156803,0.43387613440418055,0.02009932635153599,0.429131410754542,0.5661238655958194,0.02009932635153602,0.5708685892454581,0.39749560256715,0.02933085034401911,0.39275433800808174,0.4196504635131923,0.05372539527495183,0.4220620394580461,0.47838957081147615,0.026076631446228325,0.4755152612687979,-0.05046062286722107,0.029499189373766735,-0.06084466948665375,9.30053804765565,3.212063288843889,9.223674096848578,112.24300312690404,47.01174167736598,100.07692307692308,0.1,0.08377078165833911,0.16666666666666666,78.83333333333333,7.601833909516753,80.5,78.83333333333333,7.601833909516753,80.5,78.83333333333333,7.601833909516753,80.5,22.383333333333333,7.015250721824451,23.166666666666668,5.4,0.5026246899500346,5.0,9,12.330790815272938,12.330790815272938,False,False,True
94,5,100,0.99,0.5,0.9,0.5,20,0.8024958402662229,0.06576529477285345,0.7861896838602329,0.1348585690515807,0.03287023741817416,0.14226289517470883,0.06264559068219634,0.04320486131901308,0.08402662229617304,0.893142857142857,0.0525455150255645,0.8921428571428571,0.08642857142857144,0.039547657147063674,0.07785714285714285,0.020428571428571428,0.018153776833458427,0.024285714285714285,0.8975409836065573,0.061591141503003016,0.8797814207650273,0.06734972677595628,0.037054225784658494,0.0778688524590164,0.03510928961748634,0.034025069552948976,0.04234972677595628,0.8658695652173913,0.07364705133494015,0.8684782608695653,0.11043478260869566,0.05700637153322025,0.1,0.023695652173913045,0.022645850476996552,0.02608695652173913,0.09134382566585957,0.04189866446151582,0.09745762711864406,0.08889225469232596,0.040497127444497245,0.0955808980755524,0.4606183178902352,0.021986178266070387,0.4521857923497268,0.023695652173913045,0.022645850476996552,0.02608695652173913,0.49776029055690074,0.030532220748447234,0.5048426150121066,0.9086561743341404,0.04189866446151583,0.902542372881356,0.4524857328437454,0.014613174628423401,0.44859088120746965,0.4857459437768211,0.13831754003909016,0.45262413576367067,0.1391578947368421,0.03946810671583963,0.1431578947368421,0.21328881340681188,0.057658663795533124,0.2121890048154093,0.9332159357428077,0.04494867749238986,0.920342307628949,0.9998433597340541,0.00022325440895605924,0.99991570570461,0.41495442534071686,0.40069178427436625,0.22817789241603703,0.7313803965217816,0.26764772972207324,0.7901698312175414,0.07086432444615556,0.04589936531605229,0.06905807243250078,0.0009230394320786482,0.0013155070781441318,0.0003158859957772286,4.515736837186927e-06,1.60673815189271e-05,6.331343744526541e-07,1.777702522575022e-05,5.6015633761482955e-05,3.144622661105355e-06,0.7313803965217816,0.26764772972207324,0.7901698312175414,1.777702522575022e-05,5.6015633761482955e-05,3.144622661105355e-06,-0.16861960347821844,0.26764772972207324,-0.10983016878245866,-0.8999822229747743,5.6015633761481125e-05,-0.899996855377339,0.3458333333333333,0.05590169943749477,0.3333333333333333,0.07083333333333333,0.05590169943749474,0.08333333333333333,0.275,0.0476033808814566,0.25,0.17083333333333334,0.042534815461170036,0.16666666666666666,0.0,0.0,0.0,0.14166666666666666,0.11180339887498948,0.16666666666666666,3.56,3.1071056086264424,4.5,0.0,0.0,0.0,4.583333333333334,1.3225993368544964,4.666666666666667,24.208333333333336,1.6480317872935046,24.833333333333332,0.8911990776325902,0.03032857195187419,0.8885472713297463,0.4280994724445118,0.01639445929255993,0.4253551088634894,0.5719005275554883,0.016394459292559914,0.5746448911365106,0.41146220584739723,0.02613462007452287,0.4045400522937961,0.3836854052769194,0.04434361973501351,0.38138340860470643,0.45710082075000613,0.019562440424909552,0.45325536921343,-0.062276391157248236,0.029460732478617795,-0.0692911949330306,7.763259031514219,3.0532454404374,7.686395080707149,138.4075483993131,77.93245392857027,118.27272727272727,0.10833333333333332,0.09785715810206663,0.16666666666666666,77.5,7.204796382208933,79.5,77.5,7.204796382208933,79.5,78.16666666666667,8.4297453141009,79.5,18.85333333333333,6.935023410746521,21.333333333333332,5.35,0.5871429486123997,5.0,8,12.362069222002637,12.362069222002637,False,False,True
95,7,100,0.995,0.5,0.9,0.5,20,0.7888519134775375,0.06910331399981348,0.7745424292845258,0.15707154742096505,0.04518675862598778,0.15474209650582363,0.0540765391014975,0.042460610481343274,0.07154742096505823,0.8751428571428571,0.057162402672295054,0.8764285714285713,0.10742857142857143,0.046024791339345464,0.1,0.01742857142857143,0.01652131390368784,0.019285714285714288,0.8896174863387978,0.06312785678504891,0.8797814207650273,0.08360655737704918,0.04227567351634547,0.09153005464480873,0.026775956284153003,0.028923466540328336,0.02185792349726776,0.8422826086956523,0.08110296711280082,0.8456521739130435,0.13771739130434785,0.0665735242116385,0.12934782608695652,0.02,0.020473452869770294,0.01847826086956522,0.1137409200968523,0.048468305533399744,0.11622276029055689,0.11066197434069851,0.04676251965047542,0.11328106438583987,0.4548087431693989,0.02431331512335292,0.45103943929674506,0.02,0.020473452869770294,0.01847826086956522,0.48093220338983056,0.03736624356516882,0.48305084745762716,0.8862590799031477,0.04846830553339975,0.8837772397094431,0.45787153102802847,0.020174422094091364,0.4551408503520605,0.46297760649314357,0.12460165549168033,0.4285402097902098,0.15926315789473683,0.04824622177070429,0.14947368421052631,0.23311280177745256,0.06322293807336404,0.22130182622017736,0.93484943324315,0.04176728070808154,0.9261440493364756,0.9988059986547911,0.0012613985807065542,0.999348742528656,0.43838874068644695,0.37073629336518016,0.29571690639406,0.7702867807125144,0.20801356073609287,0.8585161265548802,0.07643292459453147,0.04628525102100668,0.08037788764713234,0.003988110144635906,0.005102457053835024,0.0023564807468845653,4.6532799491123215e-05,0.0001200363011562812,1.7419555010908577e-05,0.00013682352004848404,0.0002395549519110553,4.810979735525522e-05,0.7702867807125144,0.20801356073609287,0.8585161265548802,0.00013682352004848404,0.0002395549519110553,4.810979735525522e-05,-0.12971321928748558,0.20801356073609287,-0.041483873445119834,-0.8998631764799516,0.00023955495191102958,-0.8999518902026448,0.35416666666666663,0.059695866617614925,0.3333333333333333,0.1125,0.0777751670405608,0.08333333333333333,0.24166666666666664,0.06567241047103438,0.25,0.20833333333333331,0.06340715918772351,0.16666666666666666,0.0,0.0,0.0,0.225,0.1555503340811216,0.16666666666666666,5.754166666666666,3.8548400312680506,6.5,1.875,3.413884190062383,0.0,5.2625,1.713225771420582,5.0,24.704166666666666,1.901345130189037,24.958333333333332,0.8696387394312067,0.036386695107113676,0.8643351268255188,0.4295836543970264,0.018847571283468322,0.42700654828441137,0.5704163456029736,0.01884757128346825,0.5729934517155886,0.4031402424530544,0.02912466977706761,0.3988679581649631,0.38581934870454004,0.04357486838341232,0.3873793677204659,0.46200211864340035,0.022683653160970374,0.45853715236474585,-0.0552625019223585,0.029048289588152868,-0.06548481355965333,8.608762490392007,4.033478725614523,7.686395080707149,133.7462624695566,84.68812795138932,118.27272727272727,0.1,0.08377078165833911,0.16666666666666666,79.66666666666667,7.113793685935842,80.5,79.66666666666667,7.113793685935842,80.5,79.66666666666667,7.113793685935842,80.5,21.133333333333333,6.9245305116677445,22.75,5.4,0.5026246899500346,5.0,9,12.369136480309006,12.369136480309006,False,False,False
96,7,100,0.99,0.5,0.9,0.5,20,0.791846921797005,0.06557847188739192,0.7753743760399334,0.15374376039933443,0.040413669689682054,0.14891846921797006,0.05440931780366056,0.04233895348391746,0.07154742096505823,0.8762857142857143,0.055356281826920026,0.8778571428571429,0.10742857142857143,0.04441915380204576,0.10285714285714286,0.016285714285714285,0.015465564117399267,0.015,0.89275956284153,0.06264976179310489,0.8811475409836065,0.0807377049180328,0.042434068555969776,0.08879781420765027,0.02650273224043716,0.03017988390938771,0.02185792349726776,0.8442391304347826,0.0798069847223075,0.85,0.13771739130434785,0.06602578690831336,0.13043478260869568,0.018043478260869564,0.01921372548570671,0.011956521739130435,0.11246973365617434,0.04857232303791798,0.11682808716707022,0.10922754811119031,0.04692875927533751,0.11661617961511048,0.4554015205511998,0.024767949406541683,0.4504959610358755,0.018043478260869564,0.01921372548570671,0.011956521739130435,0.48190072639225184,0.036763933963253205,0.4860774818401937,0.8875302663438257,0.04857232303791801,0.8831719128329298,0.4575161459628602,0.019625243727037472,0.4567330917874396,0.46384183146667635,0.13096908751659803,0.4255530741852188,0.15726315789473683,0.04622554794684274,0.14842105263157895,0.23137073542008552,0.06204159333760827,0.2200668268779724,0.9349154884160857,0.041897048658118476,0.9231983007987985,0.9985915253931381,0.0013270053234014315,0.999146444608638,0.4527506966389511,0.3703830345828322,0.33444316695118537,0.7706799377176441,0.20308369365130124,0.8399348020599858,0.07633946540645062,0.04523549107576864,0.07875744874479239,0.0042605310801827005,0.004100802704311494,0.003353434842753222,8.405703215877605e-05,0.00018691714142867846,3.947099401466026e-05,0.00022534800269912743,0.0003771515269917027,0.00012634576247025874,0.7706799377176441,0.20308369365130124,0.8399348020599858,0.00022534800269912743,0.0003771515269917027,0.00012634576247025874,-0.1293200622823559,0.20308369365130124,-0.06006519794001419,-0.899774651997301,0.000377151526991711,-0.8998736542375297,0.35833333333333334,0.06105792475542055,0.3333333333333333,0.11666666666666665,0.07836039099693787,0.08333333333333333,0.24166666666666664,0.05339360629309896,0.25,0.20833333333333331,0.05735393346764046,0.16666666666666666,0.0,0.0,0.0,0.2333333333333333,0.15672078199387574,0.16666666666666666,5.939166666666667,4.128988502361271,5.875,2.15,5.196405640339038,0.0,5.195833333333334,1.6308150565094781,4.875,24.7,1.781852968120546,25.041666666666664,0.8711760184473482,0.03467040007371431,0.8662567255956957,0.4297318178405205,0.017448001103192473,0.42516121882282554,0.5702681821594795,0.017448001103192487,0.5748387811771745,0.4040663180413596,0.02763569310686088,0.39811148086522463,0.3879531732826242,0.04311342549739423,0.38780960304254813,0.4625495258994404,0.02382410524039693,0.45888438273054566,-0.05550512201211166,0.029690219090413014,-0.06599062776572026,9.37740199846272,2.438315205345981,9.223674096848578,104.01951721481132,24.85508308947811,100.07692307692308,0.1,0.08377078165833911,0.16666666666666666,81.16666666666667,7.171069824248151,81.5,81.16666666666667,7.171069824248151,81.5,81.16666666666667,7.171069824248151,81.5,20.933333333333334,6.567330093835965,22.5,5.4,0.5026246899500346,5.0,9,12.36998470292837,12.36998470292837,False,False,False
97,10,70,0.995,0.5,0.9,0.5,20,0.815213946117274,0.06611146641615344,0.8074484944532487,0.1606973058637084,0.04909041500845484,0.16798732171156894,0.024088748019017434,0.03046488284549398,0.0,0.8468571428571428,0.05501801286909994,0.86,0.14692857142857144,0.04821914484007868,0.14,0.006214285714285715,0.010083166518816739,0.0,0.9127877237851661,0.05510307189729768,0.9053708439897699,0.08145780051150894,0.04904309027266893,0.09462915601023017,0.005754475703324808,0.013169035600015396,0.0,0.8017391304347827,0.07979864721350084,0.8195652173913044,0.19282608695652176,0.07293777084664708,0.18043478260869567,0.005434782608695652,0.01142733658777928,0.0,0.14165687426556992,0.05642416592673187,0.14277320799059928,0.13714194373401534,0.05531951425539208,0.13858695652173914,0.4591112531969309,0.02480778951078895,0.45322890025575446,0.005434782608695652,0.01142733658777928,0.0,0.43601645123384253,0.04003381572969618,0.44300822561692127,0.8583431257344302,0.05642416592673186,0.8572267920094008,0.4927622549577405,0.019661436798689823,0.4864126421503471,0.42587123578391617,0.1012970820642734,0.44815175509167127,0.174375,0.046883405679090495,0.16041666666666668,0.2431642207203843,0.05638966264101661,0.2246533566549699,0.9540657929041094,0.029604351263374035,0.953401885930512,0.9935926949585513,0.002240543063651561,0.9936566518503767,0.6634080223275249,0.2622117940568533,0.6883131543921532,0.87800671703536,0.10090592994476193,0.9153234835615082,0.07721935214241006,0.036433126687272374,0.07418296767390506,0.021797768268948903,0.013008470567614734,0.018223243912761457,0.00272990852170496,0.0019026263428503687,0.00253639432058446,0.004926883036511662,0.003197037787002438,0.004364756375098988,0.87800671703536,0.10090592994476193,0.9153234835615082,0.004926883036511662,0.003197037787002438,0.004364756375098988,-0.02199328296464001,0.10090592994476191,0.015323483561508144,-0.8950731169634883,0.0031970377870024474,-0.8956352436249011,0.37916666666666665,0.07392010069358476,0.4166666666666667,0.14166666666666666,0.07204206048921813,0.16666666666666666,0.2375,0.05590169943749474,0.25,0.24583333333333335,0.05719439509610499,0.25,0.0,0.0,0.0,0.2833333333333333,0.14408412097843626,0.3333333333333333,6.341666666666667,3.901073851259734,6.275,2.45,4.409618673094678,0.0,5.666666666666666,1.6686391836302414,5.375,24.2875,1.9687758166876868,24.625,0.8465439519158527,0.04267370255055636,0.8422238918106686,0.46006411304997136,0.016162011853395157,0.4614909859379792,0.5399358869500286,0.016162011853395167,0.5385090140620208,0.41071411591577994,0.030280598419355848,0.40491283676703643,0.4638668779714738,0.050500635559826895,0.47534978492189267,0.4935904610053833,0.03131762623743637,0.4923002090397387,-0.027341333541425622,0.020790534739910854,-0.030665952208770414,8.564988730277985,3.273997990252758,9.015777610818933,120.94889894419308,43.16087161683714,102.38461538461539,0.06666666666666667,0.08377078165833911,0.0,89.125,7.356969484781081,90.0,89.125,7.356969484781081,90.0,89.125,7.356969484781081,90.0,19.241666666666667,6.742436741740649,20.083333333333336,5.6,0.5026246899500345,6.0,7,12.487779844465146,12.487779844465146,False,False,True
98,10,100,0.9,0.5,0.9,0.5,20,0.7341098169717137,0.07099767001645658,0.737936772046589,0.22188019966722128,0.052172729351803546,0.2129783693843594,0.04400998336106489,0.03583109627538396,0.0524126455906822,0.8055,0.057827245593883296,0.8064285714285715,0.18457142857142855,0.05074440490764198,0.17928571428571427,0.009928571428571429,0.011517277918640736,0.007142857142857143,0.864344262295082,0.06792401092748226,0.8620218579234973,0.12267759562841529,0.054723124782448986,0.13387978142076504,0.012978142076502733,0.02093753555540081,0.0,0.7452173913043478,0.08383884745778916,0.7521739130434782,0.2458695652173913,0.0761862705878622,0.23804347826086958,0.008913043478260869,0.013801397007090571,0.0,0.19128329297820823,0.05393795176500927,0.1906779661016949,0.1842735804229033,0.05222812667286761,0.18571216440959848,0.43662865288667146,0.030229004345722295,0.43101092896174864,0.008913043478260869,0.013801397007090571,0.0,0.4207627118644067,0.042214152262044155,0.42433414043583534,0.8087167070217918,0.05393795176500925,0.8093220338983051,0.4804879454254743,0.028216555494961985,0.4797321358459142,0.40372138258413015,0.08767039236516172,0.41016806722689075,0.22010526315789472,0.0550872017431328,0.2189473684210526,0.28207056191141333,0.060914493254960525,0.2794725759113177,0.9298735011880014,0.03783391915496928,0.925096395679456,0.9891279620156006,0.004621330909315809,0.9899713140228572,0.5151663452295505,0.30048979734381176,0.4875068989262442,0.7655306903033772,0.17362549616829193,0.7916892840220846,0.10208328224914423,0.04376988291448498,0.09889975913693137,0.03382980085136443,0.019526610230994088,0.02854924007611164,0.00391595261970753,0.0025799283428127443,0.003688441974223463,0.007108129254542581,0.004537011761535306,0.006372494290084744,0.7655306903033772,0.17362549616829193,0.7916892840220846,0.007108129254542581,0.004537011761535306,0.006372494290084744,-0.13446930969662282,0.1736254961682919,-0.10831071597791547,-0.8928918707454574,0.004537011761535334,-0.8936275057099152,0.3125,0.06553312630475408,0.3333333333333333,0.14583333333333331,0.05969586661761492,0.16666666666666666,0.16666666666666666,0.06622661785325219,0.16666666666666666,0.3,0.07354832917984065,0.3333333333333333,0.0,0.0,0.0,0.29166666666666663,0.11939173323522984,0.3333333333333333,8.409166666666668,4.0388771346467,8.625,4.625,6.866921090500305,1.0,7.345833333333333,1.9234766509891887,7.166666666666666,26.7,2.04059674794392,26.375,0.7981936971560338,0.041786878024528656,0.7959262106072251,0.43118780675781465,0.022957533404533142,0.43096535986349893,0.5688121932421853,0.022957533404533128,0.5690346401365011,0.3720191942001426,0.032244252019000934,0.37378773472783455,0.4328281435702401,0.05170732701202591,0.44171143332541,0.4827077560697002,0.028883870088782918,0.4808649394408675,-0.04918860152623242,0.02629196270707448,-0.058949263094472654,11.375864719446579,3.5055355114500784,11.529592621060722,90.09689869263863,29.430255435547753,81.6313725490196,0.09166666666666666,0.08506963092234006,0.16666666666666666,87.54545454545455,7.0051928790524585,90.0,87.54545454545455,7.0051928790524585,90.0,87.54545454545455,7.0051928790524585,90.0,26.541666666666668,7.428779779065196,26.25,5.45,0.5104177855340404,5.0,9,12.53233592917976,12.53233592917976,False,False,True
99,3,100,0.995,0.5,0.9,0.5,20,0.8252079866888519,0.06143842964949721,0.8136439267886856,0.10232945091514142,0.03059745420999011,0.0973377703826955,0.07246256239600665,0.05822119580142865,0.08485856905158069,0.9154285714285715,0.05035129012007715,0.925,0.06621428571428571,0.0388759214906966,0.06214285714285714,0.018357142857142857,0.015943475612549118,0.02142857142857143,0.8908469945355192,0.06758303031438247,0.8838797814207651,0.06284153005464481,0.037336527153123744,0.06420765027322405,0.046311475409836066,0.04309556892240536,0.04371584699453552,0.8942391304347825,0.07227032723729136,0.9119565217391304,0.08576086956521739,0.057983539360172406,0.06847826086956521,0.02,0.0186554300977524,0.021739130434782608,0.0756053268765133,0.04116686568221796,0.07324455205811138,0.07430119980993109,0.039652121094878756,0.07232121644095985,0.45542349726775955,0.027370355500159392,0.4493644571157044,0.02,0.0186554300977524,0.021739130434782608,0.5185230024213074,0.029771927057085274,0.521186440677966,0.9243946731234868,0.04116686568221794,0.9267554479418887,0.4391742616275849,0.017813947270495272,0.4391910927107703,0.44985132273755146,0.18869166510189925,0.4207482993197279,0.09557894736842105,0.04289236606129581,0.08421052631578947,0.15506335329946264,0.06393262679652859,0.1432875931430433,0.9242912929991798,0.054432858982999655,0.9130982686399791,0.9999947965387415,1.5663433266491985e-05,0.9999999148919294,0.3773155641378704,0.42309747495328615,0.14858029789111163,0.6399722497097442,0.35298627849239667,0.7430282630432025,0.058008187740139536,0.04231312418608698,0.05406227447567312,7.128083582632545e-05,0.00028239783420562644,9.678520707061386e-07,3.669364573434397e-08,1.6387613126613622e-07,2.6773030532631415e-12,5.043148952290831e-07,2.242566688264495e-06,1.6359839402400382e-10,0.6399722497097442,0.35298627849239667,0.7430282630432025,5.043148952290831e-07,2.242566688264495e-06,1.6359839402400382e-10,-0.2600277502902558,0.35298627849239667,-0.15697173695679756,-0.8999994956851047,2.2425666882827665e-06,-0.8999999998364017,0.375,0.05058141488890701,0.3333333333333333,0.05,0.06839855680567693,0.0,0.325,0.05339360629309896,0.3333333333333333,0.12083333333333332,0.06326288787635402,0.08333333333333333,0.0,0.0,0.0,0.1,0.13679711361135385,0.0,2.529166666666667,3.572162821348184,0.0,0.0,0.0,0.0,3.1708333333333334,1.4957236801914249,2.9166666666666665,22.929166666666667,1.3567771733949574,23.333333333333332,0.9171022290545734,0.02688940524860974,0.9181398923904689,0.42627938034452695,0.01720654920984861,0.4239966974746768,0.573720619655473,0.017206549209848623,0.5760033025253233,0.4217825647729974,0.025238102105599767,0.4151622296173045,0.3807541003090088,0.0437321451557013,0.3845745186593772,0.4543554432446501,0.021132699215670157,0.4615159202084428,-0.07229933282218995,0.036140611259332024,-0.07749118170922531,5.764796310530361,2.5370619718071366,6.149116064565718,186.23550005550004,99.83040009748628,144.55555555555554,0.11666666666666665,0.09520676176291323,0.16666666666666666,81.88461538461539,5.075077364573889,82.0,81.88461538461539,5.075077364573889,82.0,82.76923076923077,5.9323104851573385,83.0,16.798333333333332,6.081026719634793,18.5,5.3,0.5712405705774795,5.0,8,12.589144855967389,12.589144855967389,False,False,True
100,3,70,0.999,0.5,0.9,0.5,20,0.8833597464342313,0.0552667266623818,0.8851030110935024,0.07274167987321711,0.02729912159303741,0.06576862123613311,0.043898573692551505,0.03640871352228129,0.05150554675118859,0.9289999999999999,0.04020650240521525,0.9364285714285714,0.05764285714285714,0.030776820409904294,0.05785714285714286,0.013357142857142856,0.013594361312908658,0.013571428571428571,0.9343989769820972,0.05227776767158251,0.921994884910486,0.05230179028132992,0.03907426396942454,0.06905370843989769,0.01329923273657289,0.019505939831658117,0.0,0.9121739130434783,0.05668608390291164,0.925,0.07391304347826086,0.045839758445945684,0.07173913043478261,0.01391304347826087,0.015410671856991577,0.010869565217391304,0.06398354876615746,0.040017474247343504,0.06874265569917744,0.0631074168797954,0.03970575500655976,0.06847826086956521,0.474156010230179,0.020401451833363834,0.46751918158567773,0.01391304347826087,0.015410671856991577,0.010869565217391304,0.4991774383078731,0.02657718007301517,0.500587544065805,0.9360164512338425,0.0400174742473435,0.9312573443008225,0.4668639567747733,0.011033020977056673,0.4664292461443128,0.4135134243317591,0.22137004729381138,0.306,0.06625,0.031287258490632394,0.065625,0.11169547036104925,0.051607349643970825,0.10471929984264666,0.9606128389048225,0.034446673552888434,0.9593186162026088,0.999999815491868,6.381489493179439e-07,0.9999999913586343,0.6316314590769081,0.3392182510553007,0.6606182798899769,0.9101201487942554,0.14493133158624913,0.9900188882394224,0.04716880343942968,0.03553705191884193,0.04546965736955996,6.683994379260927e-05,0.0002583906617294011,8.720295084907666e-07,5.143969093677933e-08,2.2884061106020646e-07,1.1910411170468417e-11,5.174404450709456e-07,2.2859539906315977e-06,5.039709040590196e-10,0.9101201487942554,0.14493133158624913,0.9900188882394224,5.174404450709456e-07,2.2859539906315977e-06,5.039709040590196e-10,0.010120148794255341,0.14493133158624913,0.09001888823942239,-0.899999482559555,2.28595399062289e-06,-0.8999999994960292,0.4166666666666667,0.046829290579084706,0.4166666666666667,0.07083333333333333,0.03052896237771027,0.08333333333333333,0.3458333333333333,0.04078004041079942,0.3333333333333333,0.11666666666666665,0.04188539082916954,0.08333333333333333,0.0,0.0,0.0,0.14166666666666666,0.06105792475542054,0.16666666666666666,2.5100000000000002,1.9857121220305192,2.6666666666666665,0.0,0.0,0.0,2.066666666666667,1.1817941558920424,1.9583333333333335,21.5,1.412662038524331,21.666666666666668,0.9351990984222389,0.026866450891012042,0.9361382419233659,0.45516049549541854,0.012681087104956513,0.45386737199588756,0.5448395045045815,0.012681087104956489,0.5461326280041123,0.4483584446456871,0.02224332817535763,0.44532488114104596,0.45014059316278016,0.042616499897195056,0.4527156441023319,0.48302094100579973,0.02651576643788522,0.4852006978932597,-0.037136871139576796,0.026462506808240242,-0.03937106344046873,6.611570247933884,2.504909852641595,6.010518407212622,152.6638827838828,54.834922942333975,147.88888888888889,0.10833333333333332,0.09785715810206663,0.16666666666666666,85.33333333333333,4.942088872556059,86.5,85.33333333333333,4.942088872556059,86.5,86.33333333333333,5.974694109071168,87.0,12.275,5.762673549035078,12.25,5.35,0.5871429486123998,5.0,7,12.644823175592427,12.644823175592427,False,False,True
101,10,100,0.95,0.5,0.9,0.5,20,0.7430948419301165,0.07099110216343628,0.740432612312812,0.21356073211314475,0.048291473972165495,0.2071547420965058,0.04334442595673877,0.036319828437262544,0.05324459234608985,0.8305,0.05750500842148723,0.8421428571428571,0.16199999999999998,0.050546742201190355,0.1557142857142857,0.0075,0.01058823090639674,0.0014285714285714286,0.8647540983606558,0.0714711044377845,0.8565573770491803,0.12172131147540984,0.057308359667207494,0.13387978142076504,0.013524590163934428,0.022116585003510186,0.0,0.7796739130434782,0.08291906947367333,0.7934782608695652,0.21369565217391306,0.07598423926352144,0.2043478260869565,0.006630434782608696,0.012123855076018032,0.0,0.1729418886198547,0.05639383750907213,0.1791767554479419,0.16770848182466144,0.054946017545907826,0.17440900451413638,0.4356922665716322,0.03229270909565016,0.42936564504632924,0.006630434782608696,0.012123855076018032,0.0,0.4401937046004843,0.04093747439508091,0.44612590799031476,0.8270581113801454,0.05639383750907213,0.8208232445520581,0.4682974371454132,0.025567724545264108,0.46697705129301514,0.4198589096910433,0.09968614356447171,0.41263935300890175,0.20821052631578948,0.04897384087402992,0.20105263157894737,0.2751632593922996,0.0571598352513726,0.25877003637526486,0.9293869395067935,0.03929394203304732,0.9234732138702166,0.9900871927985578,0.004547147283151918,0.9908147660438008,0.5072169691970049,0.30710905315724013,0.47127082671274495,0.7577875706227245,0.18416673519168394,0.7879544794903194,0.08836736626443305,0.04083269302606711,0.08370572801068138,0.026584991900349818,0.016100167536599708,0.02276087657116185,0.0029905128685460166,0.0022774662156098188,0.00265239705945409,0.005348557214059068,0.0036607570101742427,0.004610778940156686,0.7577875706227245,0.18416673519168394,0.7879544794903194,0.005348557214059068,0.0036607570101742427,0.004610778940156686,-0.14221242937727552,0.1841667351916839,-0.11204552050968064,-0.8946514427859409,0.0036607570101742956,-0.8953892210598433,0.31666666666666665,0.06398099132915952,0.3333333333333333,0.11666666666666665,0.04985358680134323,0.08333333333333333,0.2,0.05671308728156004,0.20833333333333331,0.27083333333333337,0.05969586661761491,0.25,0.0,0.0,0.0,0.2333333333333333,0.09970717360268647,0.16666666666666666,6.8916666666666675,3.862121118266974,7.25,2.425,5.499461696145215,0.0,6.833333333333333,1.8235384277993207,6.083333333333334,26.14166666666667,1.9479896669874968,25.958333333333336,0.8141813989239047,0.040940712138402786,0.8143735588009224,0.4261519271192755,0.022050917043528313,0.4253342408268017,0.5738480728807245,0.022050917043528337,0.5746657591731983,0.37529742096505825,0.03249257364635813,0.3711112431661516,0.41409971476111246,0.051431226672886785,0.420666745899691,0.4720689297376156,0.027921550111167336,0.47116556011059907,-0.055067214268562856,0.027490692433007006,-0.0662273286837317,9.223674096848578,3.193616951493272,9.223674096848578,111.32003260585304,38.34480987268714,100.07692307692308,0.06666666666666667,0.08377078165833911,0.0,87.375,6.674846172652329,89.0,87.375,6.674846172652329,89.0,87.375,6.674846172652329,89.0,24.753333333333334,7.670894333977031,26.083333333333336,5.6,0.5026246899500345,6.0,9,12.680831681214277,12.680831681214277,False,False,True
102,10,100,0.98,0.5,0.9,0.5,20,0.76630615640599,0.0778518667804127,0.757071547420965,0.19816971713810316,0.05660817008919,0.20465890183028285,0.03552412645590682,0.03821535015833481,0.021630615640599003,0.8699285714285715,0.05988437659930537,0.8778571428571429,0.12614285714285714,0.05492128925006556,0.12214285714285714,0.003928571428571429,0.007945504508238629,0.0,0.8683060109289616,0.07673656691384463,0.8497267759562841,0.11898907103825136,0.06294757280597062,0.13797814207650272,0.012704918032786885,0.023889532965351932,0.0,0.8361956521739131,0.08487577759365242,0.8467391304347827,0.16043478260869565,0.08040416264231547,0.1532608695652174,0.0033695652173913043,0.008269747126759272,0.0,0.14207021791767555,0.06460648303837686,0.14588377723970944,0.1397119268234735,0.06337269673516065,0.14454739843193157,0.4358377880731766,0.03629915842260389,0.42486338797814205,0.0033695652173913043,0.008269747126759272,0.0,0.4713075060532687,0.041274705954579265,0.47699757869249393,0.8579297820823244,0.06460648303837684,0.8541162227602905,0.4508888376788214,0.020944412136639626,0.450647489594858,0.4593843417595104,0.13304068883587783,0.4453349372227652,0.18957894736842104,0.05099722841223528,0.1768421052631579,0.2627743232098889,0.06346610993560663,0.24606050058538748,0.9302711043829472,0.041537700357637056,0.9227826938212889,0.9915033823446896,0.00438107837664457,0.9919947556318226,0.5066867474717285,0.31871983896041306,0.47057998453223415,0.750335383295889,0.2002624453915699,0.7864537082005059,0.06515963416484652,0.03449520754937722,0.05811182659584305,0.01597705280912525,0.010035864211429067,0.013923874166283136,0.001719196014098437,0.0015519258623973118,0.0014576407193607854,0.0030524499470395974,0.002388466139014834,0.0025004119992312044,0.750335383295889,0.2002624453915699,0.7864537082005059,0.0030524499470395974,0.002388466139014834,0.0025004119992312044,-0.149664616704111,0.2002624453915699,-0.11354629179949416,-0.8969475500529605,0.002388466139014847,-0.8974995880007688,0.32916666666666666,0.06326288787635403,0.3333333333333333,0.1,0.051298917604257706,0.08333333333333333,0.22916666666666666,0.05322219780487543,0.25,0.24166666666666664,0.04604218762109022,0.25,0.0,0.0,0.0,0.2,0.10259783520851541,0.16666666666666666,5.024166666666667,3.1739458120049657,5.75,0.65,1.5985190514644287,0.0,6.2375,1.917577014929814,5.916666666666666,25.1875,2.0147255773545902,25.25,0.8405841660261337,0.04669089187858791,0.8366641045349732,0.4229782378183168,0.021364044586525948,0.4236234716792814,0.5770217621816832,0.02136404458652593,0.5763765283207186,0.38511736391728074,0.03683374079227159,0.3785357737104825,0.38382933206560493,0.050734772194861597,0.38219277394818163,0.4556639781508788,0.026222733881996634,0.45510445333703725,-0.06112929259921114,0.030208373817025715,-0.07211716297372572,8.762490392006148,2.291037111054864,9.223674096848578,110.72362799223481,26.01797292537329,100.07692307692308,0.03333333333333333,0.06839855680567693,0.0,87.25,5.251983752196243,88.5,87.25,5.251983752196243,88.5,87.25,5.251983752196243,88.5,22.046666666666667,7.944768406268351,22.916666666666664,5.8,0.41039134083406176,6.0,9,12.822130765751462,12.822130765751462,False,False,True
103,10,100,0.99,0.5,0.9,0.5,20,0.799251247920133,0.08185856783135327,0.7820299500831946,0.1750415973377704,0.06268311212414111,0.19217970049916805,0.025707154742096505,0.03825041309201138,0.0,0.9087857142857143,0.053484942719838065,0.9157142857142857,0.08885714285714286,0.050553541715902386,0.08428571428571428,0.002357142857142857,0.006030267373608512,0.0,0.8766393442622951,0.075083778846892,0.8633879781420765,0.11161202185792349,0.06312707879172132,0.1325136612021858,0.01174863387978142,0.02422961314545367,0.0,0.8879347826086956,0.07403904658934177,0.8999999999999999,0.11032608695652173,0.07159466419156123,0.1,0.0017391304347826088,0.005926287496753738,0.0,0.11089588377723972,0.06088010409074267,0.12046004842615013,0.11096905440722263,0.06024520799853735,0.12308743169398909,0.4391892373485389,0.03648953285633928,0.43169398907103823,0.0017391304347826088,0.005926287496753738,0.0,0.49969733656174337,0.03575422251869485,0.5072639225181599,0.8891041162227603,0.06088010409074267,0.8795399515738498,0.4378947140426119,0.01762334950176031,0.43673995313044306,0.4970936222453336,0.1661905436515729,0.4902445460942998,0.15957894736842107,0.052369875674058514,0.16526315789473683,0.2333611617909447,0.06538170395553458,0.2346959519815023,0.9346807588328092,0.04269780090849902,0.9298276361722672,0.9935088886176233,0.0035602089546501454,0.9934584877159354,0.5332904775986711,0.3222361815225536,0.5023278644627202,0.7507399290567335,0.2151218789840632,0.8021077233890284,0.045283505154423795,0.027447053783880522,0.03793062549594703,0.00883631966793693,0.005830604191822491,0.007353113485142477,0.000944120814730851,0.0008170423836380226,0.0008344255457861335,0.0018209481486981226,0.0016659823248024266,0.001481939820925229,0.7507399290567335,0.2151218789840632,0.8021077233890284,0.0018209481486981226,0.0016659823248024266,0.001481939820925229,-0.14926007094326652,0.21512187898406318,-0.09789227661097166,-0.898179051851302,0.0016659823248024227,-0.8985180601790748,0.37083333333333335,0.07392010069358475,0.4166666666666667,0.08333333333333333,0.06622661785325219,0.08333333333333333,0.2875,0.06879816229015806,0.25,0.20416666666666666,0.06326288787635403,0.25,0.0,0.0,0.0,0.16666666666666666,0.13245323570650439,0.16666666666666666,4.1066666666666665,3.730800362526684,5.0,0.0,0.0,0.0,5.229166666666666,1.8313136802092749,5.291666666666666,23.679166666666667,2.1253267722608884,23.583333333333332,0.8713297463489622,0.04769895551413284,0.8581860107609531,0.42440179873084827,0.021839644387683353,0.42343553486378205,0.5755982012691517,0.021839644387683363,0.5765644651362178,0.400804195388638,0.039421965838087124,0.3910149750415973,0.36332731162348464,0.050257137879338,0.3539576895650107,0.44445029407791975,0.02473418508643958,0.4391419481084555,-0.06133666865965879,0.03310362933462233,-0.06901756614561677,7.148347425057648,3.085663022747161,6.917755572636434,159.02470274823216,102.78351812341118,131.4141414141414,0.025,0.06105792475542053,0.0,89.66666666666667,5.859465277082315,92.0,89.66666666666667,5.859465277082315,92.0,89.66666666666667,5.859465277082315,92.0,17.918333333333333,7.247265868801792,20.75,5.85,0.3663475485325234,6.0,9,12.856932142146547,12.856932142146547,False,False,True
104,10,100,0.995,0.5,0.9,0.5,20,0.8450915141430949,0.07485457675692296,0.8361064891846922,0.13826955074875208,0.06250689274212035,0.14725457570715475,0.016638935108153077,0.034881244008502385,0.0,0.9467857142857143,0.04310174558657799,0.9507142857142857,0.05235714285714286,0.04196125009017209,0.04928571428571429,0.0008571428571428572,0.003511527739840478,0.0,0.8952185792349727,0.06843688928248724,0.8715846994535519,0.0953551912568306,0.06138282741864492,0.11748633879781421,0.00942622950819672,0.021430883812659614,0.0,0.9384782608695652,0.05625310214862066,0.95,0.06086956521739131,0.05534778024844363,0.05,0.0006521739130434782,0.0029166104054345085,0.0,0.0761501210653753,0.05138305907648242,0.08656174334140436,0.07811237823711095,0.05167839106298366,0.08986101211689237,0.44793537657400806,0.033882667731598336,0.43579234972677594,0.0006521739130434782,0.0029166104054345085,0.0,0.5268159806295399,0.027588355444255398,0.5296610169491525,0.9238498789346247,0.05138305907648241,0.9134382566585957,0.42951531523667513,0.015228553506338754,0.4241475276755454,0.5540539568829904,0.21612782474646194,0.46742066672603677,0.1196842105263158,0.05103289449133067,0.10631578947368421,0.1865111233293204,0.06890111046705909,0.1775002806151083,0.9445906852862868,0.04199672520976666,0.9456636279275232,0.9961701709637948,0.002517925116413171,0.9963333085911188,0.5957465610245325,0.3143553026509041,0.5935375505190881,0.7720102401234883,0.220977643058849,0.8426526688895011,0.026383426813121773,0.019050600359294453,0.019922828286982216,0.004165150088853904,0.0031501838775535537,0.0033314813710204525,0.00045353076810232177,0.0003662935768878083,0.00040335311983327895,0.0009679667758977058,0.0009438806268735387,0.0008009192624107298,0.7720102401234883,0.220977643058849,0.8426526688895011,0.0009679667758977058,0.0009438806268735387,0.0008009192624107298,-0.12798975987651168,0.220977643058849,-0.057347331110498945,-0.8990320332241023,0.0009438806268735322,-0.8991990807375894,0.4083333333333333,0.059848737204967334,0.4166666666666667,0.0625,0.0655331263047541,0.08333333333333333,0.3458333333333333,0.07292449832628507,0.3333333333333333,0.15833333333333333,0.08506963092234006,0.16666666666666666,0.0,0.0,0.0,0.125,0.1310662526095082,0.16666666666666666,2.6233333333333335,2.8501533764002676,2.1,0.0,0.0,0.0,3.7958333333333334,1.7327839463355963,3.25,21.829166666666666,1.9286382418266677,21.833333333333332,0.9079554189085319,0.04553405954751961,0.9050730207532667,0.4298830151461302,0.018880769939228374,0.43291572030655995,0.5701169848538699,0.018880769939228402,0.5670842796934401,0.4229743285001188,0.036721597421320494,0.4180532445923461,0.3555653672450677,0.05056160548219412,0.3577394818160209,0.43904377186131194,0.023617265968923953,0.4352635939308709,-0.054985146096275736,0.03540526677479612,-0.06064064211167653,5.073020753266718,2.3971592500758145,4.611837048424289,209.2690775890776,108.42989561060075,185.85714285714286,0.008333333333333333,0.037267799624996496,0.0,89.0,,89.0,89.0,,89.0,89.0,,89.0,12.785,7.050938098591948,13.4,5.95,0.22360679774997902,6.0,7,12.91432767096722,12.91432767096722,False,False,True
105,10,70,0.999,0.5,0.9,0.5,20,0.9390649762282092,0.05232061979625336,0.9350237717908083,0.06045958795562599,0.05154633723576542,0.06497622820919176,0.00047543581616481777,0.0021262136077652522,0.0,0.9834285714285714,0.024271999665799765,0.9935714285714285,0.01657142857142857,0.024271999665799775,0.0064285714285714285,0.0,0.0,0.0,0.9592071611253197,0.049990023926123534,0.9846547314578005,0.040792838874680305,0.04999002392612355,0.015345268542199489,0.0,0.0,0.0,0.981195652173913,0.03408390771169021,1.0,0.018804347826086955,0.0340839077116902,0.0,0.0,0.0,0.0,0.02890716803760282,0.038964685489674675,0.011163337250293772,0.02979859335038363,0.03963274524845452,0.0114769820971867,0.47960358056265984,0.024995011963061767,0.49232736572890023,0.0,0.0,0.0,0.5303760282021152,0.018423733898210944,0.5405405405405406,0.9710928319623973,0.03896468548967468,0.9888366627497063,0.45367185715654346,0.008672954416311121,0.459120410733314,0.6322432846287127,0.26298349065795423,0.5687777329568374,0.05239583333333333,0.03893029528634314,0.078125,0.12960246323459293,0.034455140804459265,0.14205560327783912,0.9839634195182319,0.0187772782298145,0.9919792515920862,0.9992525567433477,0.0006265534144848201,0.9993955778860604,0.8736170002323339,0.1626737161484434,0.9394310133284552,0.9495828284389145,0.07074038408376929,0.97670855235514,0.00817844611764144,0.008432426863491948,0.00483330424331366,0.0014467548327606764,0.00152703798535975,0.0008593974323288801,0.00013586227149982422,0.0001143794372411847,0.00010222660350903031,0.0003289080419866826,0.00035837528100494964,0.0002332418736685833,0.9495828284389145,0.07074038408376929,0.97670855235514,0.0003289080419866826,0.00035837528100494964,0.0002332418736685833,0.0495828284389144,0.07074038408376927,0.07670855235513996,-0.8996710919580133,0.00035837528100497935,-0.8997667581263314,0.45,0.04188539082916954,0.4166666666666667,0.0,0.0,0.0,0.45,0.04188539082916954,0.4166666666666667,0.05,0.041885390829169554,0.08333333333333333,0.0,0.0,0.0,0.0,0.0,0.0,0.0,0.0,0.0,0.0,0.0,0.0,1.725,1.4492133377269247,2.9166666666666665,19.25,1.4659886790209349,20.416666666666668,0.9626220886551465,0.034953566779107506,0.9639368895567242,0.4621980212954586,0.010377835252357609,0.4610904085064994,0.5378019787045414,0.010377835252357607,0.5389095914935006,0.4695324881141046,0.02616030989812668,0.46751188589540416,0.4233551052750736,0.05409558205098644,0.4370081503282771,0.4622057484820606,0.026829078932802796,0.4606143404563675,-0.018711938064394366,0.02040820465541464,-0.0119495825979078,1.4274981217129976,1.3328943776454047,1.5026296018031555,675.6409523809524,447.68200319930526,443.6666666666667,0.0,0.0,0.0,,,,,,,,,,6.166666666666666,5.694719006360499,6.833333333333334,6.0,0.0,6.0,6,13.03741315664352,13.03741315664352,False,False,True
106,3,100,0.999,0.5,0.9,0.5,20,0.8937603993344426,0.07757774656989153,0.8768718801996672,0.08577371048252912,0.060458218714969564,0.09983361064891846,0.020465890183028287,0.03785071428810822,0.0,0.9762142857142857,0.022132668041368854,0.9785714285714285,0.022857142857142857,0.021143466766256922,0.02142857142857143,0.0009285714285714286,0.00294142603351397,0.0,0.9181693989071038,0.06822529023912753,0.9043715846994536,0.06830601092896174,0.053694644064809664,0.08879781420765027,0.013524590163934428,0.027329234119065845,0.0,0.9748913043478261,0.026926563037920775,0.9782608695652174,0.024782608695652176,0.026535053116137367,0.021739130434782608,0.0003260869565217391,0.0014583052027172542,0.0,0.04406779661016949,0.03522499862336379,0.053268765133171914,0.046544309812306964,0.03686680166499134,0.057596816345925395,0.45924774293181275,0.03387181210334645,0.4521857923497268,0.0003260869565217391,0.0014583052027172542,0.0,0.548910411622276,0.0132410907645896,0.5520581113801453,0.9559322033898304,0.035224998623363785,0.9467312348668281,0.42531865803002444,0.017698043827103917,0.4238497186362132,0.5452299962265826,0.2545283840911827,0.49382716049382713,0.06557894736842104,0.04876082165562693,0.07578947368421052,0.1286168172860859,0.06630799710494907,0.13970588235294118,0.9522351007360392,0.04658414980860256,0.9556642558964258,0.9999994694253409,1.8592965550090906e-06,0.9999999984791791,0.5999896049453181,0.35919276199578287,0.5761958178775335,0.7962644116579075,0.27593898004032164,0.9259690910888496,0.009507344823894728,0.010841363329427237,0.0060884191073932465,2.005798250390743e-06,8.740260841719905e-06,2.4440073703994345e-09,3.413543774152335e-11,1.5160705156668667e-10,2.8033991551279852e-14,3.352900479125734e-09,1.4892690817021897e-08,6.952644258371598e-13,0.7962644116579075,0.27593898004032164,0.9259690910888496,3.352900479125734e-09,1.4892690817021897e-08,6.952644258371598e-13,-0.10373558834209247,0.27593898004032164,0.025969091088849594,-0.8999999966470995,1.489269079945103e-08,-0.8999999999993047,0.4333333333333334,0.05798769782820495,0.4166666666666667,0.020833333333333332,0.037021804859943275,0.0,0.4125,0.05719439509610498,0.4166666666666667,0.08333333333333333,0.05407380704358751,0.08333333333333333,0.0,0.0,0.0,0.041666666666666664,0.07404360971988655,0.0,0.95,1.9011384708590053,0.0,0.0,0.0,0.0,2.158333333333333,1.715917056570404,2.6666666666666665,20.270833333333336,1.969778054704469,20.416666666666668,0.9480784012298231,0.036302914588404574,0.9423520368946964,0.43539146647583216,0.02236538306480974,0.43451792772444947,0.5646085335241678,0.02236538306480972,0.5654820722755506,0.447344485381507,0.03801073468593089,0.4384359400998336,0.36498443071072023,0.04592498919415789,0.3583372949845496,0.44256295501546206,0.01979099039830225,0.44526765800025936,-0.055544410912082856,0.04605740947660342,-0.06227417201983461,3.4588777863182165,3.1097544465354767,2.3059185242121445,431.3542195059842,396.14830575750824,346.93333333333334,0.016666666666666666,0.051298917604257706,0.0,93.5,2.1213203435596424,93.5,93.5,2.1213203435596424,93.5,93.5,2.1213203435596424,93.5,9.018333333333334,7.3474543071271725,10.75,5.9,0.3077935056255463,6.0,7,13.074647939413055,13.074647939413055,False,False,True
107,20,100,0.995,0.5,0.9,0.5,20,0.7619800332778702,0.09789767731190076,0.7462562396006656,0.2356073211314476,0.09575155715926696,0.25374376039933444,0.0024126455906821965,0.010789679092761049,0.0,0.8945000000000001,0.07047830298940502,0.9157142857142857,0.1055,0.07047830298940505,0.08428571428571428,0.0,0.0,0.0,0.8404371584699455,0.08683376938783784,0.8278688524590164,0.15915300546448088,0.08651861351418387,0.1721311475409836,0.0004098360655737705,0.0018328426045080247,0.0,0.8793478260869565,0.08481487386991268,0.9054347826086957,0.12065217391304348,0.0848148738699127,0.09456521739130436,0.0,0.0,0.0,0.13771186440677965,0.0738220620856142,0.1343825665859564,0.13990258968876218,0.07376807434649345,0.13935614160133047,0.42021857923497274,0.04341688469391892,0.4139344262295082,0.0,0.0,0.0,0.4898910411622276,0.04692833865687622,0.5042372881355932,0.8622881355932204,0.0738220620856142,0.8656174334140436,0.43193495797271275,0.026079207588341726,0.42595733785665135,0.5072827534569215,0.11704235133192424,0.4782075471698113,0.21410526315789474,0.0807664119321819,0.1957894736842105,0.28565728089615344,0.07036945220273383,0.28258219984259975,0.9221566349889789,0.03420645015036199,0.9248928094336688,0.9608606381794891,0.009385111667027343,0.9618698726625143,0.663107512448696,0.21875425249086278,0.6814571229461817,0.7595981027692187,0.1660028797135026,0.789287523827059,0.056387633866965124,0.02013137594256624,0.05312705277997809,0.04000320884349422,0.013175171063417472,0.0365067119449963,0.017914302391793546,0.006663782751496681,0.01746658080533228,0.02304358439507956,0.008543321905352765,0.022493508203817528,0.7595981027692187,0.1660028797135026,0.789287523827059,0.02304358439507956,0.008543321905352765,0.022493508203817528,-0.14040189723078134,0.1660028797135026,-0.110712476172941,-0.8769564156049204,0.008543321905352784,-0.8775064917961826,0.3458333333333333,0.07292449832628507,0.3333333333333333,0.08333333333333333,0.07153292293991267,0.08333333333333333,0.2625,0.09078523593805045,0.25,0.26666666666666666,0.1101567198312323,0.25,0.0,0.0,0.0,0.16666666666666666,0.14306584587982535,0.16666666666666666,3.525,3.858765748191409,2.7666666666666666,0.925,2.576589953693386,0.0,6.879166666666667,2.956491890441374,5.875,24.1125,2.6803752628517525,23.375,0.8343966179861646,0.07504895218222381,0.8424289008455035,0.4207305293938887,0.02380145371771443,0.42010688354990494,0.5792694706061112,0.023801453717714416,0.5798931164500951,0.3809900166389351,0.04894883865595038,0.3731281198003328,0.3805128357499406,0.05222344920810263,0.3782279534109817,0.44926169706585845,0.024730624130971345,0.4455887828595174,-0.044613753191730846,0.0250109222526524,-0.04419285663622871,9.607993850883934,4.513012671886239,8.455034588777863,121.7420469470355,81.77689183266104,109.17482517482517,0.0,0.0,0.0,,,,,,,,,,17.336666666666666,8.684057450360953,17.833333333333336,6.0,0.0,6.0,8,13.099504887957668,13.099504887957668,False,False,True
108,20,100,0.999,0.5,0.9,0.5,20,0.9722129783693843,0.054670726951180186,1.0,0.027787021630615638,0.0546707269511802,0.0,0.0,0.0,0.0,0.9989285714285714,0.004791574237499555,1.0,0.0010714285714285715,0.004791574237499549,0.0,0.0,0.0,0.0,0.9756830601092897,0.05164242564453747,1.0,0.024316939890710383,0.05164242564453742,0.0,0.0,0.0,0.0,0.9993478260869566,0.0029166104054345345,1.0,0.0006521739130434782,0.0029166104054345085,0.0,0.0,0.0,0.0,0.011138014527845037,0.02394911557124415,0.0,0.01248455690187693,0.02677284646783481,0.0,0.48784153005464487,0.025821212822268735,0.5,0.0,0.0,0.0,0.5565375302663439,0.0016242624533896975,0.5569007263922519,0.9888619854721549,0.02394911557124417,1.0,0.43689299605999327,0.013121924928730492,0.4430992736077482,0.561392203334423,0.2494641332646236,0.42857142857142855,0.017368421052631578,0.03274931846231793,0.0,0.11941692163703929,0.03452111616703632,0.11956521739130435,0.98793588382559,0.010143501232314368,0.9916056398648978,0.9950462237642516,0.0019472465091128622,0.995343022911752,0.9425624427703377,0.06643847915436134,0.9677772909752871,0.957371561326793,0.0491938702949911,0.9765201329649102,0.010780805416375957,0.005863150743795402,0.008946049376971837,0.00665228444977769,0.005063447318541676,0.0050117939070709085,0.0018653487434005013,0.0010246054611360287,0.0016638945712892325,0.002633012766778368,0.0014689884646173048,0.002332030610060331,0.957371561326793,0.0491938702949911,0.9765201329649102,0.002633012766778368,0.0014689884646173048,0.002332030610060331,0.057371561326793,0.04919387029499108,0.07652013296491023,-0.8973669872332216,0.0014689884646173108,-0.8976679693899396,0.4875,0.030528962377710276,0.5,0.0,0.0,0.0,0.4875,0.030528962377710276,0.5,0.016666666666666666,0.043595696981716406,0.0,0.0,0.0,0.0,0.0,0.0,0.0,0.0,0.0,0.0,0.0,0.0,0.0,0.4416666666666667,1.0821856268654433,0.0,17.9375,1.0685136832198594,17.5,0.986587240584166,0.026873442097433697,1.0,0.4548666476903664,0.013848121349119674,0.4619523443504996,0.5451333523096336,0.01384812134911966,0.5380476556495004,0.4861064891846921,0.027335363475590093,0.5,0.43743689089612553,0.056012204340543485,0.44450320893748513,0.532152542285792,0.030243124185154967,0.5287887151479593,-0.003023780730666001,0.006994383987106511,3.873879086198134e-05,0.6917755572636433,1.3636298360077126,0.0,1054.4295238095237,441.21048202243935,1301.0,0.0,0.0,0.0,,,,,,,,,,1.2083333333333333,3.7357428784381246,0.0,6.0,0.0,6.0,6,13.195951641526175,13.195951641526175,False,False,True
109,10,50,0.999,0.5,0.9,0.5,20,0.9385560675883257,0.048424618463035474,0.9308755760368663,0.05952380952380952,0.045711916197325834,0.06912442396313365,0.0019201228878648236,0.008587050604837903,0.0,0.9696428571428571,0.033212769793201494,0.9714285714285714,0.030357142857142853,0.033212769793201494,0.02857142857142857,0.0,0.0,0.0,0.9598540145985401,0.04175985971895698,0.975669099756691,0.040145985401459854,0.041759859718956974,0.024330900243309,0.0,0.0,0.0,0.9625,0.046571195295169024,0.967391304347826,0.0375,0.04657119529516903,0.03260869565217391,0.0,0.0,0.0,0.03874856486796785,0.042251264021470974,0.030998851894374284,0.03882299270072993,0.04210265307160651,0.030254945519940762,0.47992700729927007,0.02087992985947849,0.4878345498783455,0.0,0.0,0.0,0.5083237657864523,0.02459557960479649,0.5109070034443168,0.9612514351320322,0.04225126402147098,0.9690011481056258,0.47125910176843105,0.0075759705649283676,0.47099518156612563,0.4390051371950073,0.23704335232048634,0.4624431970061481,0.0546875,0.0398500650740185,0.08333333333333333,0.13252820164720877,0.03221887507933394,0.14121811530527667,0.9828902789272085,0.01609297143808198,0.9889779613767066,0.998662822623757,0.0009261739251236427,0.9988120624447567,0.881104394599968,0.1344752457754275,0.9361684917907359,0.955257770302036,0.04198020515962608,0.9672230076511882,0.016155050872045006,0.013659333330953163,0.011854426445328643,0.0034061822021471968,0.00290207120286673,0.002468606295473654,0.00042929199498309797,0.0003749017265740918,0.0002870117218293838,0.0008578003783134034,0.0007629544961318121,0.0007698194710525489,0.955257770302036,0.04198020515962608,0.9672230076511882,0.0008578003783134034,0.0007629544961318121,0.0007698194710525489,0.05525777030203588,0.04198020515962608,0.06722300765118816,-0.8991421996216866,0.0007629544961317833,-0.8992301805289474,0.4458333333333334,0.0407800404107994,0.4166666666666667,0.0125,0.03052896237771027,0.0,0.4333333333333333,0.051298917604257706,0.4166666666666667,0.06666666666666667,0.0512989176042577,0.08333333333333333,0.0,0.0,0.0,0.025,0.06105792475542054,0.0,0.14333333333333334,0.37230120485233853,0.0,0.0,0.0,0.0,1.85,1.4006055499078776,2.9166666666666665,19.458333333333336,1.4472953197913894,20.416666666666668,0.9555884529977794,0.037182966987444964,0.9492968171724648,0.47309855527513617,0.008681897947934163,0.47074388054105787,0.5269014447248639,0.008681897947934163,0.5292561194589421,0.46927803379416283,0.024212309231517737,0.46543778801843316,0.4529553434276936,0.05268908158689701,0.46638907175773536,0.47230783158941597,0.0279152191940896,0.4729338287524355,-0.017322856144054592,0.016759650311916924,-0.01378770986363817,2.0355292376017764,1.8426731530300782,1.4803849000740192,566.9667424242424,426.0720799248047,450.3333333333333,0.0,0.0,0.0,,,,,,,,,,6.533333333333333,5.3329495475949305,7.25,6.0,0.0,6.0,6,13.23657160851841,13.23657160851841,False,False,True
110,10,100,0.999,0.5,0.9,0.5,20,0.9529118136439267,0.063149780445826,1.0,0.04708818635607322,0.06314978044582602,0.0,0.0,0.0,0.0,0.9977142857142857,0.006138396701981011,1.0,0.002285714285714286,0.006138396701981024,0.0,0.0,0.0,0.0,0.9592896174863388,0.059596605671045445,1.0,0.0407103825136612,0.059596605671045445,0.0,0.0,0.0,0.0,0.9983695652173914,0.005937818269567314,1.0,0.0016304347826086956,0.0059378182695673425,0.0,0.0,0.0,0.0,0.01894673123486683,0.028360472837434866,0.0,0.02117040864813495,0.031528624611662524,0.0,0.4796448087431694,0.029798302835522723,0.5,0.0,0.0,0.0,0.5559927360774819,0.00330677530750724,0.5569007263922519,0.9810532687651332,0.028360472837434873,1.0,0.4328644325842707,0.01497352482083352,0.4430992736077482,0.5069607221891073,0.10948454765147139,0.49944506104328523,0.03,0.03857726374093009,0.0,0.12900878218870912,0.01823531796240955,0.13026672659361777,0.9863472198628205,0.019640975561298558,0.994943787439079,0.9996870688453041,0.00031195234427833826,0.9997664611779095,0.8931241359321614,0.15556456786013162,0.9574686769678316,0.939219602540579,0.09847921348522458,0.9823236606903649,0.0024144124004512454,0.0031872782939136994,0.0010510295901706647,0.0004361386369595334,0.0006136194827720799,0.00023513309050979226,2.3209849643594668e-05,2.008126786340649e-05,1.8062340163618577e-05,6.615195747808756e-05,6.326673054749419e-05,4.130208167606869e-05,0.939219602540579,0.09847921348522458,0.9823236606903649,6.615195747808756e-05,6.326673054749419e-05,4.130208167606869e-05,0.03921960254057887,0.09847921348522459,0.08232366069036484,-0.899933848042522,6.326673054751807e-05,-0.899958697918324,0.475,0.03918019549846892,0.5,0.0,0.0,0.0,0.475,0.03918019549846892,0.5,0.029166666666666664,0.048928579051033316,0.0,0.0,0.0,0.0,0.0,0.0,0.0,0.0,0.0,0.0,0.0,0.0,0.0,0.875,1.371573348491577,0.0,18.375,1.371306842446413,17.5,0.9770176787086857,0.031392026782586825,1.0,0.45007569801695346,0.01585577670284794,0.4619523443504996,0.5499243019830465,0.01585577670284793,0.5380476556495004,0.47645590682196337,0.031574890222913,0.5,0.403756833848348,0.05627376438464902,0.40310316139767055,0.4676902387180949,0.025761387210421892,0.45643568180475125,-0.014452865680930526,0.020177840573298644,-0.00586576421891085,0.6149116064565718,0.7726743888547802,0.0,954.0666666666666,435.9431477499966,1301.0,0.0,0.0,0.0,,,,,,,,,,3.1083333333333334,5.678850421103125,0.0,6.0,0.0,6.0,6,13.27062165545394,13.27062165545394,False,False,True
111,20,100,0.99,0.5,0.9,0.5,20,0.61630615640599,0.0944846647090086,0.6189683860232945,0.3768718801996672,0.09011662906518488,0.37603993344425957,0.006821963394342762,0.0218210910656183,0.0,0.7963571428571429,0.07633308630238156,0.8042857142857143,0.2032857142857143,0.075583089624362,0.19571428571428573,0.00035714285714285714,0.0015971914124998496,0.0,0.7377049180327868,0.08815222943589283,0.7308743169398908,0.25956284153005466,0.08605473086351706,0.2691256830601093,0.0027322404371584704,0.01045116037423447,0.0,0.7427173913043478,0.102027196379761,0.75,0.25728260869565217,0.10202719637976101,0.25,0.0,0.0,0.0,0.25829297820823244,0.07788725951134437,0.25786924939467315,0.2584227251128534,0.0765242996281896,0.2639047279638869,0.3688524590163934,0.04407611471794642,0.3654371584699454,0.0,0.0,0.0,0.4148305084745763,0.05488679234036237,0.4176755447941889,0.7417070217917676,0.07788725951134436,0.7421307506053268,0.4415003652144791,0.03794783330860375,0.43711107248392145,0.42702428211802224,0.05518036259062344,0.4267007819175998,0.3272631578947368,0.0778017712813858,0.3168421052631579,0.3645444106709918,0.05691995291307411,0.3668099522786055,0.8931224014364311,0.03665461984863648,0.8925306453684321,0.9411811714743645,0.01138262058981342,0.9410531258692575,0.5710644325709132,0.2339610021660762,0.5681231171195089,0.6980217924437568,0.17249514920399495,0.718910830668757,0.089284116749691,0.0265101338109822,0.08556858296294167,0.06260809476819919,0.017046260689584054,0.061977392718843206,0.02927572867326452,0.008956875402511543,0.029179145973308084,0.03629251301746561,0.01049366201346505,0.03649369778630361,0.6980217924437568,0.17249514920399495,0.718910830668757,0.03629251301746561,0.01049366201346505,0.03649369778630361,-0.20197820755624313,0.17249514920399497,-0.18108916933124297,-0.8637074869825344,0.010493662013465077,-0.8635063022136964,0.24583333333333335,0.07392010069358473,0.25,0.075,0.06567241047103436,0.08333333333333333,0.17083333333333334,0.07392010069358475,0.16666666666666666,0.35833333333333334,0.09007793896243019,0.3333333333333333,0.0,0.0,0.0,0.15,0.13134482094206873,0.16666666666666666,5.548333333333334,5.200238692227535,5.625,2.425,5.055676850932289,0.0,10.425,2.341136700970616,9.958333333333332,27.833333333333332,2.322027748649244,27.875,0.7165257494235203,0.07211926574515612,0.7113758647194466,0.39620543234938443,0.030755661156183865,0.406966513794602,0.6037945676506156,0.0307556611561839,0.593033486205398,0.30833164963156645,0.04716825553383631,0.30948419301164726,0.36797587354409317,0.0505567311991912,0.3694081293082957,0.44414034666039737,0.024095990939646875,0.44146019672753994,-0.05811721372075447,0.026234056522863175,-0.05901991818468863,14.681014604150652,5.51968915105482,15.372790161414297,76.43575535450027,38.669650426424525,61.95238095238095,0.008333333333333333,0.037267799624996496,0.0,95.0,,95.0,95.0,,95.0,95.0,,95.0,30.410000000000004,9.266244468483853,30.583333333333336,5.95,0.22360679774997902,6.0,8,13.518144592154256,13.518144592154256,False,False,True
112,20,100,0.98,0.5,0.9,0.5,20,0.49675540765391013,0.0779715614113215,0.48169717138103163,0.4888519134775374,0.06978462469566327,0.5183028286189684,0.014392678868552413,0.0301647201946679,0.0,0.6683571428571429,0.0967975674566306,0.655,0.3307857142857143,0.09536010668143312,0.345,0.0008571428571428572,0.00383325938999964,0.0,0.6490437158469946,0.0807282209634651,0.6571038251366119,0.3459016393442623,0.07765677086538735,0.337431693989071,0.005054644808743169,0.013712156913663627,0.0,0.5598913043478261,0.1338483063676965,0.5434782608695652,0.4393478260869565,0.13272193836772864,0.4565217391304348,0.0007608695652173913,0.003402712139673593,0.0,0.39794188861985474,0.08833721408524396,0.3916464891041162,0.39262473271560944,0.08416001966746794,0.384316345925398,0.32490229270610593,0.040419581146626214,0.33128415300546443,0.0007608695652173913,0.003402712139673593,0.0,0.31404358353510897,0.07264177388162803,0.30871670702179177,0.6020581113801453,0.08833721408524393,0.6083535108958837,0.483339392556082,0.06058566821869589,0.48100798702200265,0.3790776461922524,0.042938895208711275,0.372592714867393,0.414,0.05417256557574565,0.4157894736842105,0.39273704384849856,0.03259000316152075,0.3976112920738328,0.8731420874559758,0.035648656687202886,0.8722890372783028,0.9244787129329828,0.013272521136636678,0.9246384991346688,0.5212322194665668,0.23144331529287898,0.5058804822945745,0.6715799795061417,0.15908522800789474,0.6877190354408433,0.12507355727293826,0.032125559552512443,0.12056272755068581,0.09041546239773082,0.02244657227402713,0.09127614891022484,0.042373691689533796,0.011677512344335108,0.042701841623210446,0.051194832807312574,0.01405335051120201,0.05127186535074822,0.6715799795061417,0.15908522800789474,0.6877190354408433,0.051194832807312574,0.01405335051120201,0.05127186535074822,-0.22842002049385837,0.15908522800789476,-0.21228096455915668,-0.8488051671926874,0.014053350511202035,-0.8487281346492518,0.13333333333333333,0.06839855680567694,0.125,0.07083333333333333,0.05590169943749474,0.08333333333333333,0.0625,0.0655331263047541,0.08333333333333333,0.4708333333333334,0.09078523593805045,0.5,0.0,0.0,0.0,0.14166666666666666,0.11180339887498948,0.16666666666666666,10.403508771929824,10.045009170069015,8.666666666666666,9.631578947368421,10.486555023329155,4.5,13.8375,2.023523033680679,14.166666666666668,31.625,2.2251716538031143,32.083333333333336,0.59619523443505,0.07034726964352707,0.5776325903151422,0.38549266518544784,0.036192585082376494,0.3833626473845352,0.6145073348145521,0.03619258508237651,0.6166373526154648,0.2488062752555265,0.03896983383272668,0.24084858569051582,0.38101295459947704,0.05125063313634697,0.3851640123603518,0.452189969108258,0.025805018664142698,0.44991396868867634,-0.06121629257732793,0.02535257567741758,-0.06358669047990992,14.91160645657187,4.115896567587198,14.604150653343583,68.32202637071066,19.201247335347837,65.21303258145363,0.008333333333333333,0.037267799624996496,0.0,88.0,,88.0,88.0,,88.0,88.0,,88.0,46.28,8.284865367164803,49.733333333333334,5.95,0.22360679774997902,6.0,8,13.769622729491266,13.769622729491266,False,False,True
113,20,100,0.95,0.5,0.9,0.5,20,0.40732113144758736,0.06835427858012794,0.3910149750415973,0.5760399334442596,0.06711734333332761,0.5690515806988353,0.016638935108153077,0.03117537200577696,0.0,0.5368571428571428,0.09612313084562975,0.5335714285714286,0.46085714285714285,0.09402264507726558,0.4664285714285714,0.002285714285714286,0.005814903626806212,0.0,0.5561475409836065,0.08792227820335462,0.5573770491803278,0.4378415300546449,0.08570187612919407,0.43442622950819676,0.0060109289617486334,0.013948658191930757,0.0,0.3768478260869565,0.13125272713456537,0.3706521739130435,0.6217391304347826,0.13005666016107564,0.6293478260869565,0.0014130434782608696,0.005827888310612944,0.0,0.5402542372881356,0.09559112202375455,0.5351089588377724,0.5297903302447138,0.0924484925353138,0.5313821572820148,0.2787802922309337,0.0440945780742094,0.2827868852459016,0.0014130434782608696,0.005827888310612944,0.0,0.21253026634382569,0.0713972182269969,0.20702179176755447,0.45974576271186435,0.09559112202375458,0.46489104116222757,0.5483292049811881,0.07950219494361152,0.5433465959328028,0.3363098025967618,0.03806294578568303,0.33836121466525215,0.46852631578947374,0.04370626550017084,0.4631578947368421,0.3898155893702103,0.03006417190334381,0.3934078108320692,0.8571094517139303,0.03342749949788761,0.8583701068398008,0.9068974584294521,0.014547823940252426,0.9058618946325305,0.5000048602702888,0.21862674878082097,0.4786773445791379,0.6659746616014264,0.13770942124562283,0.6891553161394428,0.1680586564316218,0.03716569034190923,0.16151359068514592,0.12815958736047245,0.028485131052844052,0.12841104897571765,0.06031196985512986,0.015301381477834754,0.06289636786699258,0.07283497356480714,0.018968997687423564,0.07342184629838922,0.6659746616014264,0.13770942124562283,0.6891553161394428,0.07283497356480714,0.018968997687423564,0.07342184629838922,-0.23402533839857367,0.13770942124562285,-0.2108446838605572,-0.827165026435193,0.01896899768742355,-0.8265781537016108,0.07083333333333333,0.055901699437494734,0.08333333333333333,0.041666666666666664,0.04274909800354808,0.041666666666666664,0.029166666666666664,0.04078004041079941,0.0,0.5833333333333333,0.09365858115816937,0.5833333333333334,0.0,0.0,0.0,0.08333333333333333,0.08549819600709616,0.08333333333333333,13.071428571428571,11.157710584815575,12.25,13.071428571428571,11.157710584815575,12.25,16.020833333333336,1.6178994666574698,15.833333333333332,33.42916666666667,1.501528217618334,33.875,0.48593389700230594,0.0692011952183642,0.47847809377402,0.39023523751791844,0.03669168433952305,0.3935748442963382,0.6097647624820814,0.03669168433952302,0.6064251557036617,0.20480342286665082,0.03381885780968676,0.19717138103161397,0.41063917280722606,0.05393520586116722,0.4177596862372237,0.4687620385171785,0.0283611040789306,0.46821545940645515,-0.0546931787797702,0.02445109726115678,-0.059572914526272,18.447348193697156,6.387233902986545,16.910069177555727,56.524846408564464,14.908929722182812,56.56521739130435,0.03333333333333333,0.06839855680567693,0.0,92.0,6.055300708194982,94.5,92.0,6.055300708194982,94.5,92.0,6.055300708194982,94.5,54.87166666666667,7.647300291892948,55.61666666666667,5.8,0.41039134083406176,6.0,8,14.01017616899989,14.01017616899989,False,False,True
114,20,100,0.9,0.5,0.9,0.5,20,0.36930116472545754,0.06727753584964975,0.35108153078202997,0.6095673876871881,0.07046549987572705,0.6064891846921797,0.021131447587354406,0.030298832602943627,0.0,0.462,0.08917740799479566,0.4707142857142857,0.5348571428571429,0.08707491496594487,0.5292857142857142,0.003142857142857143,0.007129310462392063,0.0,0.505464480874317,0.09178136336744638,0.4931693989071038,0.489207650273224,0.08880710555137798,0.5,0.005327868852459016,0.012519914090593092,0.0,0.28597826086956524,0.11545025257581261,0.2891304347826087,0.7114130434782608,0.11407484752881554,0.7076086956521739,0.0026086956521739132,0.00707423293824221,0.0,0.612953995157385,0.088935986318923,0.6186440677966102,0.6003103468757425,0.08706754923157466,0.6055446661914945,0.25403658826324543,0.04516289739471925,0.24875861249703016,0.0026086956521739132,0.00707423293824221,0.0,0.1616222760290557,0.06341974637460258,0.16888619854721548,0.38704600484261503,0.08893598631892302,0.3813559322033898,0.5956717415971697,0.09566665588013899,0.5838235294117647,0.3184747691118133,0.028847704542617036,0.3152013092957975,0.49357894736842106,0.045294584207243485,0.5,0.38588413872345806,0.026961391002103638,0.38756957939461806,0.8509155974007682,0.031953917136903445,0.8533492168055361,0.8980207725007171,0.014440644314548029,0.8985611927526325,0.5028533147536682,0.20940546126785575,0.4865006959514289,0.6685586529968474,0.1277609872970748,0.6944200793261117,0.1921336513285557,0.03916688324582553,0.1841629160458107,0.1499643690138015,0.031155200030994777,0.1504929141345428,0.07165911620464256,0.017526157132372253,0.0749305471698756,0.08612768817106158,0.020821080307545564,0.08688837755383738,0.6685586529968474,0.1277609872970748,0.6944200793261117,0.08612768817106158,0.020821080307545564,0.08688837755383738,-0.23144134700315272,0.1277609872970748,-0.20557992067388825,-0.8138723118289384,0.02082108030754557,-0.8131116224461626,0.0625,0.05969586661761491,0.08333333333333333,0.0375,0.04253481546117003,0.0,0.025,0.039180195498468934,0.0,0.65,0.10330786330131428,0.6666666666666666,0.0,0.0,0.0,0.075,0.08506963092234006,0.0,13.375,9.202581159652981,14.75,13.375,9.202581159652981,14.75,16.879166666666666,1.7472775398229068,17.083333333333332,33.65,1.415660117136687,33.916666666666664,0.430630284396618,0.06656046983264659,0.4181398923904689,0.400840186827382,0.040540135024679125,0.4009725994567822,0.599159813172618,0.04054013502467911,0.5990274005432178,0.18622201093415736,0.032802115444113406,0.17839790824815785,0.43255348229141904,0.055453724905922035,0.43855360114095554,0.4813763758414538,0.029741285530708945,0.48203417556954997,-0.04665123605967355,0.02414743674001518,-0.05047980785546857,20.637970791698695,5.238603908190234,19.984627209838585,49.59412301119283,13.155612646021785,48.18518518518518,0.03333333333333333,0.06839855680567693,0.0,89.0,5.354126134736337,91.5,89.0,5.354126134736337,91.5,89.0,5.354126134736337,91.5,58.8125,7.9491455184619815,60.95,5.8,0.41039134083406176,6.0,8,14.155464750884077,14.155464750884077,False,False,False
